[2026-10-08 00:57:19] This is codeql execute queries -J-Xmx1065M --verbosity=progress --logdir=/Users/dave/.codex/worktrees/844d/dataflowbench/execution-state/v090-resume-20261007-05/execution/matrix/reports/raw/swift-common-v2/current108-v090-01/dfb-taint-swift-native-summary-negative/database/log --evaluator-log-level=5 --threads=2 --warnings=show --additional-packs=/Users/dave/.codex/worktrees/844d/dataflowbench/execution-state/v090-resume-20261007-01/extractor-build/repaired-packs --qlconfig-file=/Users/dave/.codex/worktrees/844d/dataflowbench/execution-state/v090-resume-20261007-05/execution/matrix/qlconfig.yml --dynamic-join-order-mode=none --output=/Users/dave/.codex/worktrees/844d/dataflowbench/execution-state/v090-resume-20261007-05/execution/matrix/reports/raw/swift-common-v2/current108-v090-01/dfb-taint-swift-native-summary-negative/flow.bqrs -- /Users/dave/.codex/worktrees/844d/dataflowbench/execution-state/v090-resume-20261007-05/execution/matrix/reports/raw/swift-common-v2/current108-v090-01/dfb-taint-swift-native-summary-negative/database/db-swift path:/Users/dave/.codex/worktrees/844d/dataflowbench/execution-state/v090-resume-20261007-05/execution/matrix/adapters/codeql/swift-normal-v1/queries/native/flow.ql
[2026-10-08 00:57:19] Calling plumbing command: codeql resolve queries --additional-packs=/Users/dave/.codex/worktrees/844d/dataflowbench/execution-state/v090-resume-20261007-01/extractor-build/repaired-packs --qlconfig-file=/Users/dave/.codex/worktrees/844d/dataflowbench/execution-state/v090-resume-20261007-05/execution/matrix/qlconfig.yml --format=json -- path:/Users/dave/.codex/worktrees/844d/dataflowbench/execution-state/v090-resume-20261007-05/execution/matrix/adapters/codeql/swift-normal-v1/queries/native/flow.ql
[2026-10-08 00:57:19] [PROGRESS] resolve queries> Recording pack reference dfb/swift-normal-native at /Users/dave/.codex/worktrees/844d/dataflowbench/execution-state/v090-resume-20261007-05/execution/matrix/adapters/codeql/swift-normal-v1/queries/native.
[2026-10-08 00:57:19] Plumbing command codeql resolve queries completed:
                      [
                        "/Users/dave/.codex/worktrees/844d/dataflowbench/execution-state/v090-resume-20261007-05/execution/matrix/adapters/codeql/swift-normal-v1/queries/native/flow.ql"
                      ]
[2026-10-08 00:57:19] Refusing fancy output: The terminal is not an xterm: 
[2026-10-08 00:57:20] Creating executor with 2 threads.
[2026-10-08 00:57:20] [PROGRESS] execute queries> Resolving data extensions.
[2026-10-08 00:57:20] Calling plumbing command: codeql resolve extensions --additional-packs=/Users/dave/.codex/worktrees/844d/dataflowbench/execution-state/v090-resume-20261007-01/extractor-build/repaired-packs --qlconfig-file=/Users/dave/.codex/worktrees/844d/dataflowbench/execution-state/v090-resume-20261007-05/execution/matrix/qlconfig.yml --include-extension-row-locations path:/Users/dave/.codex/worktrees/844d/dataflowbench/execution-state/v090-resume-20261007-05/execution/matrix/adapters/codeql/swift-normal-v1/queries/native/flow.ql
[2026-10-08 00:57:20] Calling plumbing command: codeql resolve queries --additional-packs=/Users/dave/.codex/worktrees/844d/dataflowbench/execution-state/v090-resume-20261007-01/extractor-build/repaired-packs --qlconfig-file=/Users/dave/.codex/worktrees/844d/dataflowbench/execution-state/v090-resume-20261007-05/execution/matrix/qlconfig.yml --allow-library-packs --format startingpacks -- path:/Users/dave/.codex/worktrees/844d/dataflowbench/execution-state/v090-resume-20261007-05/execution/matrix/adapters/codeql/swift-normal-v1/queries/native/flow.ql
[2026-10-08 00:57:20] [PROGRESS] resolve queries> Recording pack reference dfb/swift-normal-native at /Users/dave/.codex/worktrees/844d/dataflowbench/execution-state/v090-resume-20261007-05/execution/matrix/adapters/codeql/swift-normal-v1/queries/native.
[2026-10-08 00:57:20] Plumbing command codeql resolve queries completed:
                      [
                        "/Users/dave/.codex/worktrees/844d/dataflowbench/execution-state/v090-resume-20261007-05/execution/matrix/adapters/codeql/swift-normal-v1/queries/native"
                      ]
[2026-10-08 00:57:20] Calling plumbing command: codeql resolve extensions-by-pack --additional-packs=/Users/dave/.codex/worktrees/844d/dataflowbench/execution-state/v090-resume-20261007-01/extractor-build/repaired-packs --qlconfig-file=/Users/dave/.codex/worktrees/844d/dataflowbench/execution-state/v090-resume-20261007-05/execution/matrix/qlconfig.yml --include-extension-row-locations -- /Users/dave/.codex/worktrees/844d/dataflowbench/execution-state/v090-resume-20261007-05/execution/matrix/adapters/codeql/swift-normal-v1/queries/native
[2026-10-08 00:57:20] [SPAMMY] resolve extensions-by-pack> [INCOMPATIBILITY] dfb/swift-normal-native: not 0.0.1 {root: dfb/swift-normal-native@0.0.1}
[2026-10-08 00:57:20] [SPAMMY] resolve extensions-by-pack> [DERIVATION] dfb/swift-normal-native: 0.0.1 {dfb/swift-normal-native: not 0.0.1 {root: dfb/swift-normal-native@0.0.1}}
[2026-10-08 00:57:20] [SPAMMY] resolve extensions-by-pack> [INCOMPATIBILITY] dfb/swift-normal-native: * [*], codeql/swift-all: not * [*] {dependency: dfb/swift-normal-native@* [*] requires codeql/swift-all@6.8.4-dfb.entry1}
[2026-10-08 00:57:20] [SPAMMY] resolve extensions-by-pack> [DECISION 1] dfb/swift-normal-native: 0.0.1
[2026-10-08 00:57:20] [SPAMMY] resolve extensions-by-pack> [DERIVATION] codeql/swift-all: * [*] {dfb/swift-normal-native: * [*], codeql/swift-all: not * [*] {dependency: dfb/swift-normal-native@* [*] requires codeql/swift-all@6.8.4-dfb.entry1}}
[2026-10-08 00:57:20] [SPAMMY] resolve extensions-by-pack> [INCOMPATIBILITY] codeql/swift-all: * [*], codeql/concepts: not * [*] {dependency: codeql/swift-all@* [*] requires codeql/concepts@0.0.32}
[2026-10-08 00:57:20] [SPAMMY] resolve extensions-by-pack> [INCOMPATIBILITY] codeql/swift-all: * [*], codeql/controlflow: not * [*] {dependency: codeql/swift-all@* [*] requires codeql/controlflow@2.0.42}
[2026-10-08 00:57:20] [SPAMMY] resolve extensions-by-pack> [INCOMPATIBILITY] codeql/swift-all: * [*], codeql/dataflow: not * [*] {dependency: codeql/swift-all@* [*] requires codeql/dataflow@2.1.14}
[2026-10-08 00:57:20] [SPAMMY] resolve extensions-by-pack> [INCOMPATIBILITY] codeql/swift-all: * [*], codeql/mad: not * [*] {dependency: codeql/swift-all@* [*] requires codeql/mad@1.0.58}
[2026-10-08 00:57:20] [SPAMMY] resolve extensions-by-pack> [INCOMPATIBILITY] codeql/swift-all: * [*], codeql/regex: not * [*] {dependency: codeql/swift-all@* [*] requires codeql/regex@1.0.58}
[2026-10-08 00:57:20] [SPAMMY] resolve extensions-by-pack> [INCOMPATIBILITY] codeql/swift-all: * [*], codeql/ssa: not * [*] {dependency: codeql/swift-all@* [*] requires codeql/ssa@2.0.34}
[2026-10-08 00:57:20] [SPAMMY] resolve extensions-by-pack> [INCOMPATIBILITY] codeql/swift-all: * [*], codeql/tutorial: not * [*] {dependency: codeql/swift-all@* [*] requires codeql/tutorial@1.0.58}
[2026-10-08 00:57:20] [SPAMMY] resolve extensions-by-pack> [INCOMPATIBILITY] codeql/swift-all: * [*], codeql/util: not * [*] {dependency: codeql/swift-all@* [*] requires codeql/util@2.0.45}
[2026-10-08 00:57:20] [SPAMMY] resolve extensions-by-pack> [DECISION 2] codeql/swift-all: 6.8.4-dfb.entry1
[2026-10-08 00:57:20] [SPAMMY] resolve extensions-by-pack> [DERIVATION] codeql/util: * [*] {codeql/swift-all: * [*], codeql/util: not * [*] {dependency: codeql/swift-all@* [*] requires codeql/util@2.0.45}}
[2026-10-08 00:57:20] [SPAMMY] resolve extensions-by-pack> [DERIVATION] codeql/tutorial: * [*] {codeql/swift-all: * [*], codeql/tutorial: not * [*] {dependency: codeql/swift-all@* [*] requires codeql/tutorial@1.0.58}}
[2026-10-08 00:57:20] [SPAMMY] resolve extensions-by-pack> [DERIVATION] codeql/ssa: * [*] {codeql/swift-all: * [*], codeql/ssa: not * [*] {dependency: codeql/swift-all@* [*] requires codeql/ssa@2.0.34}}
[2026-10-08 00:57:20] [SPAMMY] resolve extensions-by-pack> [DERIVATION] codeql/regex: * [*] {codeql/swift-all: * [*], codeql/regex: not * [*] {dependency: codeql/swift-all@* [*] requires codeql/regex@1.0.58}}
[2026-10-08 00:57:20] [SPAMMY] resolve extensions-by-pack> [DERIVATION] codeql/mad: * [*] {codeql/swift-all: * [*], codeql/mad: not * [*] {dependency: codeql/swift-all@* [*] requires codeql/mad@1.0.58}}
[2026-10-08 00:57:20] [SPAMMY] resolve extensions-by-pack> [DERIVATION] codeql/dataflow: * [*] {codeql/swift-all: * [*], codeql/dataflow: not * [*] {dependency: codeql/swift-all@* [*] requires codeql/dataflow@2.1.14}}
[2026-10-08 00:57:20] [SPAMMY] resolve extensions-by-pack> [DERIVATION] codeql/controlflow: * [*] {codeql/swift-all: * [*], codeql/controlflow: not * [*] {dependency: codeql/swift-all@* [*] requires codeql/controlflow@2.0.42}}
[2026-10-08 00:57:20] [SPAMMY] resolve extensions-by-pack> [DERIVATION] codeql/concepts: * [*] {codeql/swift-all: * [*], codeql/concepts: not * [*] {dependency: codeql/swift-all@* [*] requires codeql/concepts@0.0.32}}
[2026-10-08 00:57:20] [SPAMMY] resolve extensions-by-pack> [INCOMPATIBILITY] codeql/concepts: * [*], codeql/dataflow: not * [*] {dependency: codeql/concepts@* [*] requires codeql/dataflow@2.1.14}
[2026-10-08 00:57:20] [SPAMMY] resolve extensions-by-pack> [INCOMPATIBILITY] codeql/concepts: * [*], codeql/util: not * [*] {dependency: codeql/concepts@* [*] requires codeql/util@2.0.45}
[2026-10-08 00:57:20] [SPAMMY] resolve extensions-by-pack> [DECISION 3] codeql/concepts: 0.0.32
[2026-10-08 00:57:20] [SPAMMY] resolve extensions-by-pack> [INCOMPATIBILITY] codeql/controlflow: * [*], codeql/util: not * [*] {dependency: codeql/controlflow@* [*] requires codeql/util@2.0.45}
[2026-10-08 00:57:20] [SPAMMY] resolve extensions-by-pack> [DECISION 4] codeql/controlflow: 2.0.42
[2026-10-08 00:57:20] [SPAMMY] resolve extensions-by-pack> [INCOMPATIBILITY] codeql/dataflow: * [*], codeql/controlflow: not * [*] {dependency: codeql/dataflow@* [*] requires codeql/controlflow@2.0.42}
[2026-10-08 00:57:20] [SPAMMY] resolve extensions-by-pack> [INCOMPATIBILITY] codeql/dataflow: * [*], codeql/ssa: not * [*] {dependency: codeql/dataflow@* [*] requires codeql/ssa@2.0.34}
[2026-10-08 00:57:20] [SPAMMY] resolve extensions-by-pack> [INCOMPATIBILITY] codeql/dataflow: * [*], codeql/typetracking: not * [*] {dependency: codeql/dataflow@* [*] requires codeql/typetracking@2.0.42}
[2026-10-08 00:57:20] [SPAMMY] resolve extensions-by-pack> [INCOMPATIBILITY] codeql/dataflow: * [*], codeql/util: not * [*] {dependency: codeql/dataflow@* [*] requires codeql/util@2.0.45}
[2026-10-08 00:57:20] [SPAMMY] resolve extensions-by-pack> [DECISION 5] codeql/dataflow: 2.1.14
[2026-10-08 00:57:20] [SPAMMY] resolve extensions-by-pack> [DERIVATION] codeql/typetracking: * [*] {codeql/dataflow: * [*], codeql/typetracking: not * [*] {dependency: codeql/dataflow@* [*] requires codeql/typetracking@2.0.42}}
[2026-10-08 00:57:20] [SPAMMY] resolve extensions-by-pack> [INCOMPATIBILITY] codeql/mad: * [*], codeql/dataflow: not * [*] {dependency: codeql/mad@* [*] requires codeql/dataflow@2.1.14}
[2026-10-08 00:57:20] [SPAMMY] resolve extensions-by-pack> [INCOMPATIBILITY] codeql/mad: * [*], codeql/util: not * [*] {dependency: codeql/mad@* [*] requires codeql/util@2.0.45}
[2026-10-08 00:57:20] [SPAMMY] resolve extensions-by-pack> [DECISION 6] codeql/mad: 1.0.58
[2026-10-08 00:57:20] [SPAMMY] resolve extensions-by-pack> [INCOMPATIBILITY] codeql/regex: * [*], codeql/util: not * [*] {dependency: codeql/regex@* [*] requires codeql/util@2.0.45}
[2026-10-08 00:57:20] [SPAMMY] resolve extensions-by-pack> [DECISION 7] codeql/regex: 1.0.58
[2026-10-08 00:57:20] [SPAMMY] resolve extensions-by-pack> [INCOMPATIBILITY] codeql/ssa: * [*], codeql/controlflow: not * [*] {dependency: codeql/ssa@* [*] requires codeql/controlflow@2.0.42}
[2026-10-08 00:57:20] [SPAMMY] resolve extensions-by-pack> [INCOMPATIBILITY] codeql/ssa: * [*], codeql/util: not * [*] {dependency: codeql/ssa@* [*] requires codeql/util@2.0.45}
[2026-10-08 00:57:20] [SPAMMY] resolve extensions-by-pack> [DECISION 8] codeql/ssa: 2.0.34
[2026-10-08 00:57:20] [SPAMMY] resolve extensions-by-pack> [DECISION 9] codeql/tutorial: 1.0.58
[2026-10-08 00:57:20] [SPAMMY] resolve extensions-by-pack> [INCOMPATIBILITY] codeql/typetracking: * [*], codeql/util: not * [*] {dependency: codeql/typetracking@* [*] requires codeql/util@2.0.45}
[2026-10-08 00:57:20] [SPAMMY] resolve extensions-by-pack> [DECISION 10] codeql/typetracking: 2.0.42
[2026-10-08 00:57:20] [SPAMMY] resolve extensions-by-pack> [DECISION 11] codeql/util: 2.0.45
[2026-10-08 00:57:20] [PROGRESS] resolve extensions-by-pack> Loading data extensions in /Users/dave/.codex/worktrees/844d/dataflowbench/execution-state/v090-resume-20261007-01/extractor-build/repaired-packs/codeql/util/2.0.45/ext/default-alert-filter.yml.
[2026-10-08 00:57:20] [DETAILS] resolve extensions-by-pack>   Found extension targeting codeql/util:restrictAlertsTo: 0 tuples.
[2026-10-08 00:57:20] [DETAILS] resolve extensions-by-pack>   Found extension targeting codeql/util:restrictAlertsToExactLocation: 0 tuples.
[2026-10-08 00:57:20] Plumbing command codeql resolve extensions-by-pack completed:
                      {
                        "models" : [ ],
                        "data" : {
                          "/Users/dave/.codex/worktrees/844d/dataflowbench/execution-state/v090-resume-20261007-05/execution/matrix/adapters/codeql/swift-normal-v1/queries/native" : [
                            {
                              "predicate" : "restrictAlertsTo",
                              "file" : "/Users/dave/.codex/worktrees/844d/dataflowbench/execution-state/v090-resume-20261007-01/extractor-build/repaired-packs/codeql/util/2.0.45/ext/default-alert-filter.yml",
                              "index" : 0,
                              "firstRowId" : 0,
                              "rowCount" : 0,
                              "predicateHasOrigin" : false,
                              "locations" : {
                                "lineNumbers" : "A",
                                "columnNumbers" : "A"
                              }
                            },
                            {
                              "predicate" : "restrictAlertsToExactLocation",
                              "file" : "/Users/dave/.codex/worktrees/844d/dataflowbench/execution-state/v090-resume-20261007-01/extractor-build/repaired-packs/codeql/util/2.0.45/ext/default-alert-filter.yml",
                              "index" : 1,
                              "firstRowId" : 0,
                              "rowCount" : 0,
                              "predicateHasOrigin" : false,
                              "locations" : {
                                "lineNumbers" : "A",
                                "columnNumbers" : "A"
                              }
                            }
                          ]
                        },
                        "threatModels" : { },
                        "extensionPacks" : [ ]
                      }
[2026-10-08 00:57:20] Plumbing command codeql resolve extensions completed:
                      {
                        "models" : [ ],
                        "data" : {
                          "/Users/dave/.codex/worktrees/844d/dataflowbench/execution-state/v090-resume-20261007-05/execution/matrix/adapters/codeql/swift-normal-v1/queries/native" : [
                            {
                              "predicate" : "restrictAlertsTo",
                              "file" : "/Users/dave/.codex/worktrees/844d/dataflowbench/execution-state/v090-resume-20261007-01/extractor-build/repaired-packs/codeql/util/2.0.45/ext/default-alert-filter.yml",
                              "index" : 0,
                              "firstRowId" : 0,
                              "rowCount" : 0,
                              "predicateHasOrigin" : false,
                              "locations" : {
                                "lineNumbers" : "A",
                                "columnNumbers" : "A"
                              }
                            },
                            {
                              "predicate" : "restrictAlertsToExactLocation",
                              "file" : "/Users/dave/.codex/worktrees/844d/dataflowbench/execution-state/v090-resume-20261007-01/extractor-build/repaired-packs/codeql/util/2.0.45/ext/default-alert-filter.yml",
                              "index" : 1,
                              "firstRowId" : 0,
                              "rowCount" : 0,
                              "predicateHasOrigin" : false,
                              "locations" : {
                                "lineNumbers" : "A",
                                "columnNumbers" : "A"
                              }
                            }
                          ]
                        },
                        "threatModels" : { },
                        "extensionPacks" : [ ]
                      }
[2026-10-08 00:57:20] [PROGRESS] execute queries> Finished resolving data extensions.
[2026-10-08 00:57:20] [SPAMMY] execute queries> Selected JGit Git client for /Users/dave/.codex/worktrees/844d/dataflowbench/execution-state/v090-resume-20261007-05/execution/matrix/adapters/codeql/swift-normal-v1/queries/native because the repository uses SHA-1 object format.
[2026-10-08 00:57:20] [PROGRESS] execute queries> Loading data extensions.
[2026-10-08 00:57:20] [PROGRESS] execute queries> Finished loading data extensions.
[2026-10-08 00:57:20] Calling plumbing command: codeql resolve library-paths --additional-packs=/Users/dave/.codex/worktrees/844d/dataflowbench/execution-state/v090-resume-20261007-01/extractor-build/repaired-packs --qlconfig-file=/Users/dave/.codex/worktrees/844d/dataflowbench/execution-state/v090-resume-20261007-05/execution/matrix/qlconfig.yml -- /Users/dave/.codex/worktrees/844d/dataflowbench/execution-state/v090-resume-20261007-05/execution/matrix/adapters/codeql/swift-normal-v1/queries/native/flow.ql
[2026-10-08 00:57:20] [DETAILS] resolve library-paths> Resolving query at normalized path /Users/dave/.codex/worktrees/844d/dataflowbench/execution-state/v090-resume-20261007-05/execution/matrix/adapters/codeql/swift-normal-v1/queries/native/flow.ql.
[2026-10-08 00:57:20] [DETAILS] resolve library-paths> Found enclosing pack 'dfb/swift-normal-native' at /Users/dave/.codex/worktrees/844d/dataflowbench/execution-state/v090-resume-20261007-05/execution/matrix/adapters/codeql/swift-normal-v1/queries/native.
[2026-10-08 00:57:20] [DETAILS] resolve library-paths> Adding compilation cache at /Users/dave/.codeql/compile-cache.
[2026-10-08 00:57:20] [DETAILS] resolve library-paths> Resolving library dependencies from /Users/dave/.codex/worktrees/844d/dataflowbench/execution-state/v090-resume-20261007-05/execution/matrix/adapters/codeql/swift-normal-v1/queries/native/qlpack.yml.
[2026-10-08 00:57:20] [SPAMMY] resolve library-paths> [INCOMPATIBILITY] dfb/swift-normal-native: not 0.0.1 {root: dfb/swift-normal-native@0.0.1}
[2026-10-08 00:57:20] [SPAMMY] resolve library-paths> [DERIVATION] dfb/swift-normal-native: 0.0.1 {dfb/swift-normal-native: not 0.0.1 {root: dfb/swift-normal-native@0.0.1}}
[2026-10-08 00:57:20] [SPAMMY] resolve library-paths> [INCOMPATIBILITY] dfb/swift-normal-native: * [*], codeql/swift-all: not * [*] {dependency: dfb/swift-normal-native@* [*] requires codeql/swift-all@6.8.4-dfb.entry1}
[2026-10-08 00:57:20] [SPAMMY] resolve library-paths> [DECISION 1] dfb/swift-normal-native: 0.0.1
[2026-10-08 00:57:20] [SPAMMY] resolve library-paths> [DERIVATION] codeql/swift-all: * [*] {dfb/swift-normal-native: * [*], codeql/swift-all: not * [*] {dependency: dfb/swift-normal-native@* [*] requires codeql/swift-all@6.8.4-dfb.entry1}}
[2026-10-08 00:57:20] [SPAMMY] resolve library-paths> [INCOMPATIBILITY] codeql/swift-all: * [*], codeql/concepts: not * [*] {dependency: codeql/swift-all@* [*] requires codeql/concepts@0.0.32}
[2026-10-08 00:57:20] [SPAMMY] resolve library-paths> [INCOMPATIBILITY] codeql/swift-all: * [*], codeql/controlflow: not * [*] {dependency: codeql/swift-all@* [*] requires codeql/controlflow@2.0.42}
[2026-10-08 00:57:20] [SPAMMY] resolve library-paths> [INCOMPATIBILITY] codeql/swift-all: * [*], codeql/dataflow: not * [*] {dependency: codeql/swift-all@* [*] requires codeql/dataflow@2.1.14}
[2026-10-08 00:57:20] [SPAMMY] resolve library-paths> [INCOMPATIBILITY] codeql/swift-all: * [*], codeql/mad: not * [*] {dependency: codeql/swift-all@* [*] requires codeql/mad@1.0.58}
[2026-10-08 00:57:20] [SPAMMY] resolve library-paths> [INCOMPATIBILITY] codeql/swift-all: * [*], codeql/regex: not * [*] {dependency: codeql/swift-all@* [*] requires codeql/regex@1.0.58}
[2026-10-08 00:57:20] [SPAMMY] resolve library-paths> [INCOMPATIBILITY] codeql/swift-all: * [*], codeql/ssa: not * [*] {dependency: codeql/swift-all@* [*] requires codeql/ssa@2.0.34}
[2026-10-08 00:57:20] [SPAMMY] resolve library-paths> [INCOMPATIBILITY] codeql/swift-all: * [*], codeql/tutorial: not * [*] {dependency: codeql/swift-all@* [*] requires codeql/tutorial@1.0.58}
[2026-10-08 00:57:20] [SPAMMY] resolve library-paths> [INCOMPATIBILITY] codeql/swift-all: * [*], codeql/util: not * [*] {dependency: codeql/swift-all@* [*] requires codeql/util@2.0.45}
[2026-10-08 00:57:20] [SPAMMY] resolve library-paths> [DECISION 2] codeql/swift-all: 6.8.4-dfb.entry1
[2026-10-08 00:57:20] [SPAMMY] resolve library-paths> [DERIVATION] codeql/util: * [*] {codeql/swift-all: * [*], codeql/util: not * [*] {dependency: codeql/swift-all@* [*] requires codeql/util@2.0.45}}
[2026-10-08 00:57:20] [SPAMMY] resolve library-paths> [DERIVATION] codeql/tutorial: * [*] {codeql/swift-all: * [*], codeql/tutorial: not * [*] {dependency: codeql/swift-all@* [*] requires codeql/tutorial@1.0.58}}
[2026-10-08 00:57:20] [SPAMMY] resolve library-paths> [DERIVATION] codeql/ssa: * [*] {codeql/swift-all: * [*], codeql/ssa: not * [*] {dependency: codeql/swift-all@* [*] requires codeql/ssa@2.0.34}}
[2026-10-08 00:57:20] [SPAMMY] resolve library-paths> [DERIVATION] codeql/regex: * [*] {codeql/swift-all: * [*], codeql/regex: not * [*] {dependency: codeql/swift-all@* [*] requires codeql/regex@1.0.58}}
[2026-10-08 00:57:20] [SPAMMY] resolve library-paths> [DERIVATION] codeql/mad: * [*] {codeql/swift-all: * [*], codeql/mad: not * [*] {dependency: codeql/swift-all@* [*] requires codeql/mad@1.0.58}}
[2026-10-08 00:57:20] [SPAMMY] resolve library-paths> [DERIVATION] codeql/dataflow: * [*] {codeql/swift-all: * [*], codeql/dataflow: not * [*] {dependency: codeql/swift-all@* [*] requires codeql/dataflow@2.1.14}}
[2026-10-08 00:57:20] [SPAMMY] resolve library-paths> [DERIVATION] codeql/controlflow: * [*] {codeql/swift-all: * [*], codeql/controlflow: not * [*] {dependency: codeql/swift-all@* [*] requires codeql/controlflow@2.0.42}}
[2026-10-08 00:57:20] [SPAMMY] resolve library-paths> [DERIVATION] codeql/concepts: * [*] {codeql/swift-all: * [*], codeql/concepts: not * [*] {dependency: codeql/swift-all@* [*] requires codeql/concepts@0.0.32}}
[2026-10-08 00:57:20] [SPAMMY] resolve library-paths> [INCOMPATIBILITY] codeql/concepts: * [*], codeql/dataflow: not * [*] {dependency: codeql/concepts@* [*] requires codeql/dataflow@2.1.14}
[2026-10-08 00:57:20] [SPAMMY] resolve library-paths> [INCOMPATIBILITY] codeql/concepts: * [*], codeql/util: not * [*] {dependency: codeql/concepts@* [*] requires codeql/util@2.0.45}
[2026-10-08 00:57:20] [SPAMMY] resolve library-paths> [DECISION 3] codeql/concepts: 0.0.32
[2026-10-08 00:57:20] [SPAMMY] resolve library-paths> [INCOMPATIBILITY] codeql/controlflow: * [*], codeql/util: not * [*] {dependency: codeql/controlflow@* [*] requires codeql/util@2.0.45}
[2026-10-08 00:57:20] [SPAMMY] resolve library-paths> [DECISION 4] codeql/controlflow: 2.0.42
[2026-10-08 00:57:20] [SPAMMY] resolve library-paths> [INCOMPATIBILITY] codeql/dataflow: * [*], codeql/controlflow: not * [*] {dependency: codeql/dataflow@* [*] requires codeql/controlflow@2.0.42}
[2026-10-08 00:57:20] [SPAMMY] resolve library-paths> [INCOMPATIBILITY] codeql/dataflow: * [*], codeql/ssa: not * [*] {dependency: codeql/dataflow@* [*] requires codeql/ssa@2.0.34}
[2026-10-08 00:57:20] [SPAMMY] resolve library-paths> [INCOMPATIBILITY] codeql/dataflow: * [*], codeql/typetracking: not * [*] {dependency: codeql/dataflow@* [*] requires codeql/typetracking@2.0.42}
[2026-10-08 00:57:20] [SPAMMY] resolve library-paths> [INCOMPATIBILITY] codeql/dataflow: * [*], codeql/util: not * [*] {dependency: codeql/dataflow@* [*] requires codeql/util@2.0.45}
[2026-10-08 00:57:20] [SPAMMY] resolve library-paths> [DECISION 5] codeql/dataflow: 2.1.14
[2026-10-08 00:57:20] [SPAMMY] resolve library-paths> [DERIVATION] codeql/typetracking: * [*] {codeql/dataflow: * [*], codeql/typetracking: not * [*] {dependency: codeql/dataflow@* [*] requires codeql/typetracking@2.0.42}}
[2026-10-08 00:57:20] [SPAMMY] resolve library-paths> [INCOMPATIBILITY] codeql/mad: * [*], codeql/dataflow: not * [*] {dependency: codeql/mad@* [*] requires codeql/dataflow@2.1.14}
[2026-10-08 00:57:20] [SPAMMY] resolve library-paths> [INCOMPATIBILITY] codeql/mad: * [*], codeql/util: not * [*] {dependency: codeql/mad@* [*] requires codeql/util@2.0.45}
[2026-10-08 00:57:20] [SPAMMY] resolve library-paths> [DECISION 6] codeql/mad: 1.0.58
[2026-10-08 00:57:20] [SPAMMY] resolve library-paths> [INCOMPATIBILITY] codeql/regex: * [*], codeql/util: not * [*] {dependency: codeql/regex@* [*] requires codeql/util@2.0.45}
[2026-10-08 00:57:20] [SPAMMY] resolve library-paths> [DECISION 7] codeql/regex: 1.0.58
[2026-10-08 00:57:20] [SPAMMY] resolve library-paths> [INCOMPATIBILITY] codeql/ssa: * [*], codeql/controlflow: not * [*] {dependency: codeql/ssa@* [*] requires codeql/controlflow@2.0.42}
[2026-10-08 00:57:20] [SPAMMY] resolve library-paths> [INCOMPATIBILITY] codeql/ssa: * [*], codeql/util: not * [*] {dependency: codeql/ssa@* [*] requires codeql/util@2.0.45}
[2026-10-08 00:57:20] [SPAMMY] resolve library-paths> [DECISION 8] codeql/ssa: 2.0.34
[2026-10-08 00:57:20] [SPAMMY] resolve library-paths> [DECISION 9] codeql/tutorial: 1.0.58
[2026-10-08 00:57:20] [SPAMMY] resolve library-paths> [INCOMPATIBILITY] codeql/typetracking: * [*], codeql/util: not * [*] {dependency: codeql/typetracking@* [*] requires codeql/util@2.0.45}
[2026-10-08 00:57:20] [SPAMMY] resolve library-paths> [DECISION 10] codeql/typetracking: 2.0.42
[2026-10-08 00:57:20] [SPAMMY] resolve library-paths> [DECISION 11] codeql/util: 2.0.45
[2026-10-08 00:57:20] [DETAILS] resolve library-paths> QL pack dependencies for /Users/dave/.codex/worktrees/844d/dataflowbench/execution-state/v090-resume-20261007-05/execution/matrix/adapters/codeql/swift-normal-v1/queries/native resolved OK.
[2026-10-08 00:57:20] [DETAILS] resolve library-paths> Found dbscheme through QL packs: /Users/dave/.codex/worktrees/844d/dataflowbench/execution-state/v090-resume-20261007-01/extractor-build/repaired-packs/codeql/swift-all/6.8.4-dfb.entry1/swift.dbscheme.
[2026-10-08 00:57:20] Plumbing command codeql resolve library-paths completed:
                      {
                        "/Users/dave/.codex/worktrees/844d/dataflowbench/execution-state/v090-resume-20261007-05/execution/matrix/adapters/codeql/swift-normal-v1/queries/native/flow.ql" : {
                          "libraryPath" : [
                            "/Users/dave/.codex/worktrees/844d/dataflowbench/execution-state/v090-resume-20261007-05/execution/matrix/adapters/codeql/swift-normal-v1/queries/native",
                            "/Users/dave/.codex/worktrees/844d/dataflowbench/execution-state/v090-resume-20261007-01/extractor-build/repaired-packs/codeql/swift-all/6.8.4-dfb.entry1",
                            "/Users/dave/.codex/worktrees/844d/dataflowbench/execution-state/v090-resume-20261007-01/extractor-build/repaired-packs/codeql/concepts/0.0.32",
                            "/Users/dave/.codex/worktrees/844d/dataflowbench/execution-state/v090-resume-20261007-01/extractor-build/repaired-packs/codeql/controlflow/2.0.42",
                            "/Users/dave/.codex/worktrees/844d/dataflowbench/execution-state/v090-resume-20261007-01/extractor-build/repaired-packs/codeql/dataflow/2.1.14",
                            "/Users/dave/.codex/worktrees/844d/dataflowbench/execution-state/v090-resume-20261007-01/extractor-build/repaired-packs/codeql/mad/1.0.58",
                            "/Users/dave/.codex/worktrees/844d/dataflowbench/execution-state/v090-resume-20261007-01/extractor-build/repaired-packs/codeql/regex/1.0.58",
                            "/Users/dave/.codex/worktrees/844d/dataflowbench/execution-state/v090-resume-20261007-01/extractor-build/repaired-packs/codeql/ssa/2.0.34",
                            "/Users/dave/.codex/worktrees/844d/dataflowbench/execution-state/v090-resume-20261007-01/extractor-build/repaired-packs/codeql/tutorial/1.0.58",
                            "/Users/dave/.codex/worktrees/844d/dataflowbench/execution-state/v090-resume-20261007-01/extractor-build/repaired-packs/codeql/typetracking/2.0.42",
                            "/Users/dave/.codex/worktrees/844d/dataflowbench/execution-state/v090-resume-20261007-01/extractor-build/repaired-packs/codeql/util/2.0.45"
                          ],
                          "dbscheme" : "/Users/dave/.codex/worktrees/844d/dataflowbench/execution-state/v090-resume-20261007-01/extractor-build/repaired-packs/codeql/swift-all/6.8.4-dfb.entry1/swift.dbscheme",
                          "compilationCache" : [
                            "/Users/dave/.codeql/compile-cache"
                          ],
                          "relativeName" : "dfb/swift-normal-native/flow.ql",
                          "qlPackName" : "dfb/swift-normal-native"
                        }
                      }
[2026-10-08 00:57:20] [WARN] execute queries> Not caching stages during query-loading, since max heap size is only 1072 MB.
[2026-10-08 00:57:20] [PROGRESS] execute queries> Compiling query plan for /Users/dave/.codex/worktrees/844d/dataflowbench/execution-state/v090-resume-20261007-05/execution/matrix/adapters/codeql/swift-normal-v1/queries/native/flow.ql.
[2026-10-08 00:57:20] [DETAILS] execute queries> Resolving imports for /Users/dave/.codex/worktrees/844d/dataflowbench/execution-state/v090-resume-20261007-05/execution/matrix/adapters/codeql/swift-normal-v1/queries/native/flow.ql.
[2026-10-08 00:57:20] Resolved file set for /Users/dave/.codex/worktrees/844d/dataflowbench/execution-state/v090-resume-20261007-05/execution/matrix/adapters/codeql/swift-normal-v1/queries/native/flow.ql hashes to f5290121b139ecd6698f445332c237a0.
[2026-10-08 00:57:21] [DETAILS] execute queries> Compilation cache hit for /Users/dave/.codex/worktrees/844d/dataflowbench/execution-state/v090-resume-20261007-05/execution/matrix/adapters/codeql/swift-normal-v1/queries/native/flow.ql.
[2026-10-08 00:57:21] [SPAMMY] execute queries> No database upgrade/downgrade needed for /Users/dave/.codex/worktrees/844d/dataflowbench/execution-state/v090-resume-20261007-05/execution/matrix/adapters/codeql/swift-normal-v1/queries/native/flow.ql
[2026-10-08 00:57:21] Inferred that cached_Synth::Synth::TDotSyntaxCallExpr#91e4431b/2@c2abb08j is empty, due to Synth::Synth::TDotSyntaxCallExpr#91e4431b/2@3dd06euq.
[2026-10-08 00:57:21] Inferred that cached_Synth::Synth::TInitializerRefCallExpr#e9f980ca/2@a82699ne is empty, due to Synth::Synth::TInitializerRefCallExpr#e9f980ca/2@235405e1.
[2026-10-08 00:57:21] Inferred that cached_DataFlowPrivate::CaptureFlow::SsaFlow::TSsaInputNode#c7689f01/3@f3fd132t is empty, due to DataFlowPrivate::CaptureFlow::SsaFlow::TSsaInputNode#c7689f01/3@f8d7786g.
[2026-10-08 00:57:21] Inferred that cached_DataFlowPrivate::CaptureFlow::Cached::TMallocNode#1d610aab/2@6f6ad5nu is empty, due to DataFlowPrivate::CaptureFlow::Cached::TMallocNode#1d610aab/2@8b751dlt.
[2026-10-08 00:57:21] Inferred that cached_DataFlowImplCommon::Cached::TSpecificLocalCall#e5af2727/2@10f86atr is empty, due to DataFlowImplCommon::Cached::TSpecificLocalCall#e5af2727/2@e373e3np.
[2026-10-08 00:57:21] Inferred that cached_DataFlowImplCommon::Cached::UnreachableSet#3a6cd458/1@9b0aabah is empty, due to DataFlowImplCommon::Cached::UnreachableSet#3a6cd458/1@065717fb.
[2026-10-08 00:57:21] Inferred that cached_DataFlowImplCommon::Cached::UnreachableSet.toString/0#dispred#4a57c743/2@d7ab430f is empty, due to DataFlowImplCommon::Cached::UnreachableSet.toString/0#dispred#4a57c743/2@39df17f9.
[2026-10-08 00:57:21] [PROGRESS] execute queries> [1/1] Found in cache: /Users/dave/.codex/worktrees/844d/dataflowbench/execution-state/v090-resume-20261007-05/execution/matrix/adapters/codeql/swift-normal-v1/queries/native/flow.ql.
[2026-10-08 00:57:21] [PROGRESS] execute queries> Starting evaluation of dfb/swift-normal-native/flow.ql.
[2026-10-08 00:57:21] Starting evaluation of /Users/dave/.codex/worktrees/844d/dataflowbench/execution-state/v090-resume-20261007-05/execution/matrix/adapters/codeql/swift-normal-v1/queries/native/flow.ql
[2026-10-08 00:57:21] (0s) Start query execution
[2026-10-08 00:57:21] (0s) Beginning execution of /Users/dave/.codex/worktrees/844d/dataflowbench/execution-state/v090-resume-20261007-05/execution/matrix/adapters/codeql/swift-normal-v1/queries/native/flow.ql
[2026-10-08 00:57:21] (0s)  >>> Full cache hit cached_Synth::Synth::TDbLocation#1ddf3b70/2@388479pj with 37873 rows and digest 3cc498a2gq7f2egioili2bq0hpe.
[2026-10-08 00:57:21] (0s)  >>> Full cache hit cached_Synth::Synth::TUnknownLocation#bf999122/1@767bfcas with 1 rows and digest 242c28ou0p6a25shb98arjgm545.
[2026-10-08 00:57:21] (0s)  >>> Full cache hit cached_Synth::Synth::TDynamicSelfType#374f9a25/2@ea8504rn with 174 rows and digest 163995ecdvo47luvseegu7ste7f.
[2026-10-08 00:57:21] (0s)  >>> Full cache hit cached_Synth::Synth::TElement#5aa52b4d/1@b66ecaki with 486592 rows and digest 2638fcqrkjcp25jq1sroqst1h91.
[2026-10-08 00:57:21] (0s)  >>> First-level cache hit cached_Synth::Synth::TBuiltinDefaultActorStorageType#2f47b651/2@b9014fat with empty relation.
[2026-10-08 00:57:21] (0s)  >>> Full cache hit cached_Synth::Synth::TBuiltinRawUnsafeContinuationType#bab7bc55/2@f67feakg with 1 rows and digest 57badd03nu1bfg8jn8bc7lq4h30.
[2026-10-08 00:57:21] (0s)  >>> Full cache hit cached_Synth::Synth::TBuiltinUnsafeValueBufferType#b46f4a04/2@6b4282mk with 1 rows and digest 7a0b78slq34n9da87psd740d8ha.
[2026-10-08 00:57:21] (0s)  >>> Full cache hit cached_Synth::Synth::TParameterizedProtocolType#982ddc6e/2@b1c006og with 26 rows and digest 217cb5dlsn1obn4reaeprk1ln2d.
[2026-10-08 00:57:21] (0s)  >>> Full cache hit cached_Synth::Synth::TBuiltinIntegerLiteralType#b02aed30/2@8dca5eos with 1 rows and digest f974ae1bm43q04hl7c5jk9fkub6.
[2026-10-08 00:57:21] (0s)  >>> First-level cache hit cached_Synth::Synth::TExistentialArchetypeType#781535e4/2@ff803e40 with empty relation.
[2026-10-08 00:57:21] (0s)  >>> Full cache hit cached_Synth::Synth::TProtocolCompositionType#addc769c/2@534d379k with 160 rows and digest 9a3a52hl4va52rc6pctvdnt5n38.
[2026-10-08 00:57:21] (0s)  >>> Full cache hit cached_Synth::Synth::TOpaqueTypeArchetypeType#5be8fd26/2@ce26c6ff with 17 rows and digest 6cf817d1jjamvcr4o6kmmprl28f.
[2026-10-08 00:57:21] (0s)  >>> Full cache hit cached_Synth::Synth::TExistentialMetatypeType#3f3e2a69/2@5e4fa9p0 with 7 rows and digest 7f57798vq4upksthlsm0qt2hvu2.
[2026-10-08 00:57:21] (0s)  >>> Full cache hit cached_Synth::Synth::TBuiltinBridgeObjectType#292b7138/2@8de822m4 with 1 rows and digest 006fced5qhi9rc89b7it3dpval1.
[2026-10-08 00:57:21] (0s)  >>> Full cache hit cached_Synth::Synth::TBuiltinNativeObjectType#d3de4dfd/2@d64dadl7 with 1 rows and digest 226bf27ilm5e7ks89us9brkdml2.
[2026-10-08 00:57:21] (0s)  >>> Full cache hit cached_Synth::Synth::TBoundGenericStructType#1e4ab342/2@505b883s with 5416 rows and digest d9c9069pnjn5qkufqdgtksfp9k8.
[2026-10-08 00:57:21] (0s)  >>> Full cache hit cached_Synth::Synth::TBuiltinRawPointerType#12c242b1/2@91cb14si with 1 rows and digest e4ddca6q6ep3vb2a006mb69889c.
[2026-10-08 00:57:21] (0s)  >>> Full cache hit cached_Synth::Synth::TBuiltinFixedArrayType#39558fdf/2@f3ba6dbs with 3 rows and digest 98f66ebi14egs2gpaoqism1r3h4.
[2026-10-08 00:57:21] (0s)  >>> Full cache hit cached_Synth::Synth::TBoundGenericClassType#edd79b18/2@27f5d5u0 with 744 rows and digest fac9a9ksuoahqekl0ooc6gnprv6.
[2026-10-08 00:57:21] (0s)  >>> Full cache hit cached_Synth::Synth::TVariadicSequenceType#9d2e74de/2@9794ac9u with 51 rows and digest 16c31empsg6m1l2o82ql95mmd4d.
[2026-10-08 00:57:21] (0s)  >>> Full cache hit cached_Synth::Synth::TUnmanagedStorageType#446e1fcd/2@e8d2eekq with 34 rows and digest 594806sh17h2ongmcqq5b3ussqf.
[2026-10-08 00:57:21] (0s)  >>> Full cache hit cached_Synth::Synth::TPrimaryArchetypeType#dbba9ea9/2@f4e8a82f with 4351 rows and digest f1e87dg1rboor240vqnheid5j17.
[2026-10-08 00:57:21] (0s)  >>> Full cache hit cached_Synth::Synth::TGenericTypeParamType#cae336bb/2@576540sm with 6523 rows and digest c789e2ur09kb1rggepmra6clk70.
[2026-10-08 00:57:21] (0s)  >>> First-level cache hit cached_Synth::Synth::TElementArchetypeType#b3949d06/2@983f6fdq with empty relation.
[2026-10-08 00:57:21] (0s)  >>> Full cache hit cached_Synth::Synth::TBoundGenericEnumType#5531539b/2@1fcb36ta with 2349 rows and digest 919cac94ct1h7aupfhoni6j9d2a.
[2026-10-08 00:57:21] (0s)  >>> Full cache hit cached_Synth::Synth::TGenericFunctionType#161b4bb7/2@959003ht with 18572 rows and digest 963b7avg14j5jdi9s1hg8ijhovd.
[2026-10-08 00:57:21] (0s)  >>> Full cache hit cached_Synth::Synth::TBuiltinExecutorType#4dae5d7c/2@a3de2cfg with 1 rows and digest fa74f76e9jiq81a19c9gdtilrt5.
[2026-10-08 00:57:21] (0s)  >>> First-level cache hit cached_Synth::Synth::TUnownedStorageType#05dc6da5/2@480c8bkt with empty relation.
[2026-10-08 00:57:21] (0s)  >>> Full cache hit cached_Synth::Synth::TDependentMemberType#e65a0d0d/2@80ebb6mb with 2439 rows and digest 6ab0cd18hb9ic6u85ac6h8aqrkb.
[2026-10-08 00:57:21] (0s)  >>> Full cache hit cached_Synth::Synth::TUnboundGenericType#c849487c/2@2e2120f8 with 355 rows and digest 54203fipfi32umrh5qlalsmteo8.
[2026-10-08 00:57:21] (0s)  >>> Full cache hit cached_Synth::Synth::TPackExpansionType#6cca1837/2@53f1d00a with 80 rows and digest 02c72855qeqrk9igb329bcig2a0.
[2026-10-08 00:57:21] (0s)  >>> Full cache hit cached_Synth::Synth::TBuiltinIntegerType#047b23ce/2@46db4566 with 7 rows and digest 61abbeg9nthdggl9j5gfn0q9drf.
[2026-10-08 00:57:21] (0s)  >>> Full cache hit cached_Synth::Synth::TPackArchetypeType#f5859719/2@548de6t5 with 28 rows and digest 193df6ruckl9kmvhfmc5gqr5bl6.
[2026-10-08 00:57:21] (0s)  >>> Full cache hit cached_Synth::Synth::TBuiltinVectorType#bcf13a08/2@d05504d2 with 42 rows and digest 7393a70gcvq4d2pg8dghurntka0.
[2026-10-08 00:57:21] (0s)  >>> Full cache hit cached_Synth::Synth::TWeakStorageType#80cad9d5/2@56a04e1k with 4 rows and digest ce6fc0tp5gilbmh0s8koga6ngq0.
[2026-10-08 00:57:21] (0s)  >>> Full cache hit cached_Synth::Synth::TBuiltinFloatType#0f0178c1/2@2b4fd8gn with 3 rows and digest 517538v0ifmh14p7asu711hfll3.
[2026-10-08 00:57:21] (0s)  >>> First-level cache hit cached_Synth::Synth::TPackElementType#f174a347/2@712514l9 with empty relation.
[2026-10-08 00:57:21] (0s)  >>> First-level cache hit cached_Synth::Synth::TInlineArrayType#f9d546ec/2@ef7d1diq with empty relation.
[2026-10-08 00:57:21] (0s)  >>> Full cache hit cached_Synth::Synth::TExistentialType#4647efdd/2@ced7d0e1 with 250 rows and digest 2ed0f347toe8bik7k9if8sqdpm3.
[2026-10-08 00:57:21] (0s)  >>> First-level cache hit cached_Synth::Synth::TUnresolvedType#a38a5b5d/2@fc337f6g with empty relation.
[2026-10-08 00:57:21] (0s)  >>> Full cache hit cached_Synth::Synth::TDictionaryType#38b533b7/2@d6ea32m6 with 50 rows and digest 319607jb599b35e6j1m3h9jnqvf.
[2026-10-08 00:57:21] (0s)  >>> Full cache hit cached_Synth::Synth::TBuiltinJobType#d7a19c63/2@2045baq5 with 1 rows and digest 340084op2tqt095pvjtvo51sca6.
[2026-10-08 00:57:21] (0s)  >>> Full cache hit cached_Synth::Synth::TTypeAliasType#474ad5be/2@70ef2fvk with 4483 rows and digest 893a9b7m0u1gpo7nif341e62n58.
[2026-10-08 00:57:21] (0s)  >>> Full cache hit cached_Synth::Synth::TArraySliceType#214c3226/2@f48267vh with 207 rows and digest 4a393cvt1rgs26tt9fdr72cjhfc.
[2026-10-08 00:57:21] (0s)  >>> Full cache hit cached_Synth::Synth::TProtocolType#54399279/2@9ca1e0na with 268 rows and digest cff702lh0ufh6s6fjuekuoqkel6.
[2026-10-08 00:57:21] (0s)  >>> Full cache hit cached_Synth::Synth::TOptionalType#309683f7/2@901ab7j3 with 2908 rows and digest f7b9a99cs0g211lu51gn57s69pc.
[2026-10-08 00:57:21] (0s)  >>> Full cache hit cached_Synth::Synth::TMetatypeType#bfd87215/2@a941e1l8 with 16968 rows and digest 2bdbe31o16d41c1p92drjlj0he9.
[2026-10-08 00:57:21] (0s)  >>> Full cache hit cached_Synth::Synth::TFunctionType#daaca57a/2@4b4e62jb with 64191 rows and digest e6e85aalvesri96blm3sha1a7ra.
[2026-10-08 00:57:21] (0s)  >>> Full cache hit cached_Synth::Synth::TStructType#ce6862f1/2@7afc2efe with 3143 rows and digest bf8c91rapjpqfsdba5fsjn0na2c.
[2026-10-08 00:57:21] (0s)  >>> Full cache hit cached_Synth::Synth::TIntegerType#239a7d67/2@5da0ddgi with 6 rows and digest f2f021vqa51g6gar6huhg90f5o5.
[2026-10-08 00:57:21] (0s)  >>> Full cache hit cached_Synth::Synth::TModuleType#2491189a/2@a836a0oj with 965 rows and digest 05dd16bip6j0og3of764hqfoogd.
[2026-10-08 00:57:21] (0s)  >>> Full cache hit cached_Synth::Synth::TTupleType#bee7f153/2@d295d4ir with 771 rows and digest 007edbpgh49i93gat08gdbe1498.
[2026-10-08 00:57:21] (0s)  >>> Full cache hit cached_Synth::Synth::TLValueType#2056c587/2@6b55a8qj with 2103 rows and digest 6a2250mguvc1025jqiqkfgh4os5.
[2026-10-08 00:57:21] (0s)  >>> First-level cache hit cached_Synth::Synth::TParenType#da175b47/2@93fa29r4 with empty relation.
[2026-10-08 00:57:21] (0s)  >>> Full cache hit cached_Synth::Synth::TErrorType#ae5662fa/2@8f13e17r with 5 rows and digest fc48da9o3s59iait5u9mqpe95q9.
[2026-10-08 00:57:21] (0s)  >>> Full cache hit cached_Synth::Synth::TInOutType#a1735351/2@733eba04 with 74 rows and digest 76f4489e3iecqpl6akckf89gce2.
[2026-10-08 00:57:21] (0s)  >>> Full cache hit cached_Synth::Synth::TClassType#c42a08fb/2@52500bld with 502 rows and digest 7283da8c5k6rhn5s5u98aiklsh7.
[2026-10-08 00:57:21] (0s)  >>> Full cache hit cached_Synth::Synth::TPackType#24187f72/2@a702bf7j with 31 rows and digest f08e47ftf0pjb4196iqjhn4t3m3.
[2026-10-08 00:57:21] (0s)  >>> Full cache hit cached_Synth::Synth::TBindingPattern#a1286971/2@fc44978c with 2 rows and digest bd74f7fjqlnnfhevmvtvbjkqjk8.
[2026-10-08 00:57:21] (0s)  >>> Full cache hit cached_Synth::Synth::TEnumType#d1923378/2@e20522nn with 511 rows and digest a55d2131gu9t97ln5lm1stf70kb.
[2026-10-08 00:57:21] (0s)  >>> Full cache hit cached_Synth::Synth::TOptionalSomePattern#dfc4b284/2@52cc7b3r with 2 rows and digest 6826d7v1dhhn1b86vvu0gn9k910.
[2026-10-08 00:57:21] (0s)  >>> First-level cache hit cached_Synth::Synth::TEnumElementPattern#7a6a0f73/2@fe594cld with empty relation.
[2026-10-08 00:57:21] (0s) Inferred that ControlFlowGraphImpl::Patterns::EnumElementTree#cc3c1b21/2@df46acrp is empty, due to cached_Synth::Synth::TEnumElementPattern#7a6a0f73/2@fe594cld.
[2026-10-08 00:57:21] (0s)  >>> Full cache hit cached_Synth::Synth::TTypedPattern#5cfad51a/2@bd9a59ud with 7953 rows and digest b47598r2f3ib28eaiadcupqqnf4.
[2026-10-08 00:57:21] (0s) Inferred that EnumElementPattern::Generated::EnumElementPattern.getSubPattern/0#dispred#5c5267ee/2@f706885t is empty, due to cached_Synth::Synth::TEnumElementPattern#7a6a0f73/2@fe594cld.
[2026-10-08 00:57:21] (0s) Inferred that EnumElementPattern::Generated::EnumElementPattern.getElement/0#dispred#9e559ded/2@852dec9j is empty, due to cached_Synth::Synth::TEnumElementPattern#7a6a0f73/2@fe594cld.
[2026-10-08 00:57:21] (0s) Inferred that Synth::Synth::TEnumElementPattern#7a6a0f73_1#antijoin_rhs/1@1f084c6j is empty, due to cached_Synth::Synth::TEnumElementPattern#7a6a0f73/2@fe594cld.
[2026-10-08 00:57:21] (0s) Inferred that EnumElementPattern::Generated::EnumElementPattern.hasSubPattern/0#dispred#3a1b29d4/1@cd71e7pd is empty, due to cached_Synth::Synth::TEnumElementPattern#7a6a0f73/2@fe594cld.
[2026-10-08 00:57:21] (0s) Inferred that EnumElementPattern::Generated::EnumElementPattern.getImmediateSubPattern/0#dispred#18b0377b/2@944fd5a2 is empty, due to cached_Synth::Synth::TEnumElementPattern#7a6a0f73/2@fe594cld.
[2026-10-08 00:57:21] (0s) Inferred that EnumElementPattern::Generated::EnumElementPattern.getSubPattern/0#dispred#5c5267ee/2@63b433ct is empty, due to cached_Synth::Synth::TEnumElementPattern#7a6a0f73/2@fe594cld.
[2026-10-08 00:57:21] (0s) Inferred that EnumElementPattern::Generated::EnumElementPattern.getSubPattern/0#dispred#5c5267ee/2@8672020s is empty, due to cached_Synth::Synth::TEnumElementPattern#7a6a0f73/2@fe594cld.
[2026-10-08 00:57:21] (0s) Inferred that _ControlFlowGraphImpl::Patterns::EnumElementTree#cc3c1b21_Element::Element.getFullyUnresolved/0#97fc__#join_rhs/2@8ad98avp is empty, due to ControlFlowGraphImpl::Patterns::EnumElementTree#cc3c1b21/2@df46acrp.
[2026-10-08 00:57:21] (0s) Inferred that EnumElementPattern::Generated::EnumElementPattern.getSubPattern/0#dispred#5c5267ee_0#antijoin_rhs/1@2658483u is empty, due to EnumElementPattern::Generated::EnumElementPattern.getSubPattern/0#dispred#5c5267ee/2@f706885t.
[2026-10-08 00:57:21] (0s) Inferred that EnumElementPattern::Generated::EnumElementPattern.getElement/0#dispred#9e559ded_10#join_rhs/2@31eec3ei is empty, due to EnumElementPattern::Generated::EnumElementPattern.getElement/0#dispred#9e559ded/2@852dec9j.
[2026-10-08 00:57:21] (0s) Inferred that _Element::Generated::Element.getResolveStep/0#dispred#f0bb72ef_0#antijoin_rhs_EnumElementPattern::Ge__#shared/2@e7d8berj is empty, due to EnumElementPattern::Generated::EnumElementPattern.getImmediateSubPattern/0#dispred#18b0377b/2@944fd5a2.
[2026-10-08 00:57:21] (0s) Inferred that _Element::Generated::Element.getResolveStep/0#dispred#f0bb72ef_0#antijoin_rhs_EnumElementPattern::Ge__#shared/2@74b6b5c1 is empty, due to EnumElementPattern::Generated::EnumElementPattern.getImmediateSubPattern/0#dispred#18b0377b/2@944fd5a2.
[2026-10-08 00:57:21] (0s) Inferred that EnumElementPattern::Generated::EnumElementPattern.getSubPattern/0#dispred#5c5267ee_10#join_rhs/2@3e18620v is empty, due to EnumElementPattern::Generated::EnumElementPattern.getSubPattern/0#dispred#5c5267ee/2@63b433ct.
[2026-10-08 00:57:21] (0s) Inferred that _EnumElementPattern::Generated::EnumElementPattern.getSubPattern/0#dispred#5c5267ee_Synth::Synth::TT__#antijoin_rhs/3@f82cc0i0 is empty, due to EnumElementPattern::Generated::EnumElementPattern.getSubPattern/0#dispred#5c5267ee/2@63b433ct.
[2026-10-08 00:57:21] (0s) Inferred that EnumElementPattern::EnumElementPattern.getSubPattern/1#dispred#6af6392b#fbf/3@c3a543fm is empty, due to EnumElementPattern::Generated::EnumElementPattern.getSubPattern/0#dispred#5c5267ee/2@63b433ct.
[2026-10-08 00:57:21] (0s) Inferred that EnumElementPattern::Generated::EnumElementPattern.getSubPattern/0#dispred#5c5267ee_10#join_rhs/2@08b212ot is empty, due to EnumElementPattern::Generated::EnumElementPattern.getSubPattern/0#dispred#5c5267ee/2@8672020s.
[2026-10-08 00:57:21] (0s) Inferred that _EnumElementPattern::Generated::EnumElementPattern.getSubPattern/0#dispred#5c5267ee_Synth::Synth::TT__#antijoin_rhs/3@ea2f8769 is empty, due to EnumElementPattern::Generated::EnumElementPattern.getSubPattern/0#dispred#5c5267ee/2@8672020s.
[2026-10-08 00:57:21] (0s) Inferred that EnumElementPattern::EnumElementPattern.getSubPattern/1#dispred#6af6392b#fbf/3@0a269853 is empty, due to EnumElementPattern::Generated::EnumElementPattern.getSubPattern/0#dispred#5c5267ee/2@8672020s.
[2026-10-08 00:57:21] (0s) Inferred that _EnumElementExpr::EnumElementExpr#9b9fa622#bf_EnumElementExpr::EnumElementExpr.getArgument/1#dispred__#join_rhs/4@a81fee74 is empty, due to EnumElementPattern::Generated::EnumElementPattern.getElement/0#dispred#9e559ded_10#join_rhs/2@31eec3ei.
[2026-10-08 00:57:21] (0s) Inferred that _EnumElementExpr::EnumElementExpr#9b9fa622#bf_EnumElementExpr::EnumElementExpr.getArgument/1#dispred__#join_rhs/4@69a9a9k0 is empty, due to EnumElementPattern::Generated::EnumElementPattern.getElement/0#dispred#9e559ded_10#join_rhs/2@31eec3ei.
[2026-10-08 00:57:21] (0s) Inferred that _EnumElementExpr::EnumElementExpr#9b9fa622#bf_EnumElementExpr::EnumElementExpr.getArgument/1#dispred__#join_rhs/4@c21b3a8d is empty, due to EnumElementPattern::Generated::EnumElementPattern.getElement/0#dispred#9e559ded_10#join_rhs/2@31eec3ei.
[2026-10-08 00:57:21] (0s) Inferred that _EnumElementExpr::EnumElementExpr#9b9fa622#bf_EnumElementExpr::EnumElementExpr.getArgument/1#dispred__#join_rhs/4@f91644jo is empty, due to EnumElementPattern::Generated::EnumElementPattern.getElement/0#dispred#9e559ded_10#join_rhs/2@31eec3ei.
[2026-10-08 00:57:21] (0s) Inferred that EnumElementPattern::Generated::EnumElementPattern.getSubPattern/0#dispred#5c5267ee/2@3d7720dl is empty, due to _Element::Generated::Element.getResolveStep/0#dispred#f0bb72ef_0#antijoin_rhs_EnumElementPattern::Ge__#shared/2@e7d8berj.
[2026-10-08 00:57:21] (0s) Inferred that EnumElementPattern::Generated::EnumElementPattern.getSubPattern/0#dispred#5c5267ee/2@f4fc62q3 is empty, due to _Element::Generated::Element.getResolveStep/0#dispred#f0bb72ef_0#antijoin_rhs_EnumElementPattern::Ge__#shared/2@74b6b5c1.
[2026-10-08 00:57:21] (0s) Inferred that EnumElementPattern::Generated::EnumElementPattern.getSubPattern/0#dispred#5c5267ee_10#join_rhs/2@a89f7d28 is empty, due to EnumElementPattern::Generated::EnumElementPattern.getSubPattern/0#dispred#5c5267ee/2@3d7720dl.
[2026-10-08 00:57:21] (0s) Inferred that _EnumElementPattern::Generated::EnumElementPattern.getSubPattern/0#dispred#5c5267ee_Synth::Synth::TT__#antijoin_rhs/3@49add3m2 is empty, due to EnumElementPattern::Generated::EnumElementPattern.getSubPattern/0#dispred#5c5267ee/2@3d7720dl.
[2026-10-08 00:57:21] (0s) Inferred that EnumElementPattern::EnumElementPattern.getSubPattern/1#dispred#6af6392b#fbf/3@f7887b0l is empty, due to EnumElementPattern::Generated::EnumElementPattern.getSubPattern/0#dispred#5c5267ee/2@3d7720dl.
[2026-10-08 00:57:21] (0s) Inferred that EnumElementPattern::Generated::EnumElementPattern.getSubPattern/0#dispred#5c5267ee_10#join_rhs/2@3d1edan3 is empty, due to EnumElementPattern::Generated::EnumElementPattern.getSubPattern/0#dispred#5c5267ee/2@f4fc62q3.
[2026-10-08 00:57:21] (0s) Inferred that _EnumElementPattern::Generated::EnumElementPattern.getSubPattern/0#dispred#5c5267ee_Synth::Synth::TT__#antijoin_rhs/3@5a63a6vb is empty, due to EnumElementPattern::Generated::EnumElementPattern.getSubPattern/0#dispred#5c5267ee/2@f4fc62q3.
[2026-10-08 00:57:21] (0s) Inferred that EnumElementPattern::EnumElementPattern.getSubPattern/1#dispred#6af6392b#fbf/3@892d25ng is empty, due to EnumElementPattern::Generated::EnumElementPattern.getSubPattern/0#dispred#5c5267ee/2@f4fc62q3.
[2026-10-08 00:57:21] (0s)  >>> First-level cache hit cached_Synth::Synth::TTuplePattern#ec85277c/2@46a5399n with empty relation.
[2026-10-08 00:57:21] (0s) Inferred that TuplePattern::Generated::TuplePattern.getImmediateElement/1#dispred#56e1358f/3@17691cbi is empty, due to cached_Synth::Synth::TTuplePattern#ec85277c/2@46a5399n.
[2026-10-08 00:57:21] (0s) Inferred that ControlFlowGraphImpl::Patterns::TupleTree#19c50843/2@d4ec22vo is empty, due to cached_Synth::Synth::TTuplePattern#ec85277c/2@46a5399n.
[2026-10-08 00:57:21] (0s) Inferred that TuplePattern::Generated::TuplePattern.getElement/1#dispred#6d8fa592/3@c1323f22 is empty, due to cached_Synth::Synth::TTuplePattern#ec85277c/2@46a5399n.
[2026-10-08 00:57:21] (0s) Inferred that Synth::Synth::TTuplePattern#ec85277c_1#antijoin_rhs/1@1ee33crj is empty, due to cached_Synth::Synth::TTuplePattern#ec85277c/2@46a5399n.
[2026-10-08 00:57:21] (0s) Inferred that TuplePattern::Generated::TuplePattern.getElement/1#dispred#6d8fa592/3@82820ftk is empty, due to cached_Synth::Synth::TTuplePattern#ec85277c/2@46a5399n.
[2026-10-08 00:57:21] (0s) Inferred that TuplePattern::Generated::TuplePattern.getElement/1#dispred#6d8fa592/3@61a12fqi is empty, due to cached_Synth::Synth::TTuplePattern#ec85277c/2@46a5399n.
[2026-10-08 00:57:21] (0s) Inferred that _TuplePattern::Generated::TuplePattern.getImmediateElement/1#dispred#56e1358f#max_range/2@22932cd6 is empty, due to TuplePattern::Generated::TuplePattern.getImmediateElement/1#dispred#56e1358f/3@17691cbi.
[2026-10-08 00:57:21] (0s) Inferred that _TuplePattern::Generated::TuplePattern.getImmediateElement/1#dispred#56e1358f#max_term/3@9913e0id is empty, due to TuplePattern::Generated::TuplePattern.getImmediateElement/1#dispred#56e1358f/3@17691cbi.
[2026-10-08 00:57:21] (0s) Inferred that TuplePattern::Generated::TuplePattern.getElement/1#dispred#6d8fa592/3@cce260t3 is empty, due to TuplePattern::Generated::TuplePattern.getImmediateElement/1#dispred#56e1358f/3@17691cbi.
[2026-10-08 00:57:21] (0s)  >>> First-level cache hit cached_Synth::Synth::TParenPattern#14396679/2@f10e7e4h with empty relation.
[2026-10-08 00:57:21] (0s) Inferred that TuplePattern::Generated::TuplePattern.getElement/1#dispred#6d8fa592/3@8f97e4b8 is empty, due to TuplePattern::Generated::TuplePattern.getImmediateElement/1#dispred#56e1358f/3@17691cbi.
[2026-10-08 00:57:21] (0s) Inferred that _ControlFlowGraphImpl::Patterns::TupleTree#19c50843_Element::Element.getFullyUnresolved/0#97fc9caa_T__#join_rhs/2@b7f045jn is empty, due to ControlFlowGraphImpl::Patterns::TupleTree#19c50843/2@d4ec22vo.
[2026-10-08 00:57:21] (0s) Inferred that _ControlFlowGraphImpl::Patterns::TupleTree#19c50843_Element::Element.getFullyUnresolved/0#97fc9caa_T__#join_rhs#1/2@af950fcr is empty, due to ControlFlowGraphImpl::Patterns::TupleTree#19c50843/2@d4ec22vo.
[2026-10-08 00:57:21] (0s) Inferred that TuplePattern::Generated::TuplePattern.getElement/1#dispred#6d8fa592_0_expr_#antijoin_rhs/2@2ccccet3 is empty, due to TuplePattern::Generated::TuplePattern.getElement/1#dispred#6d8fa592/3@c1323f22.
[2026-10-08 00:57:21] (0s) Inferred that TuplePattern::TuplePattern.getLastElement/0#dispred#05039a83/2@7dec591l is empty, due to TuplePattern::Generated::TuplePattern.getElement/1#dispred#6d8fa592/3@c1323f22.
[2026-10-08 00:57:21] (0s) Inferred that TuplePattern::Generated::TuplePattern.getElement/1#dispred#6d8fa592_102#join_rhs/3@22cc08ih is empty, due to TuplePattern::Generated::TuplePattern.getElement/1#dispred#6d8fa592/3@82820ftk.
[2026-10-08 00:57:21] (0s) Inferred that TuplePattern::Generated::TuplePattern.getElement/1#dispred#6d8fa592_102#join_rhs/3@0f1355o4 is empty, due to TuplePattern::Generated::TuplePattern.getElement/1#dispred#6d8fa592/3@61a12fqi.
[2026-10-08 00:57:21] (0s) Inferred that __TuplePattern::Generated::TuplePattern.getImmediateElement/1#dispred#56e1358f#max_range__TuplePatte__#join_rhs/1@f59402gs is empty, due to _TuplePattern::Generated::TuplePattern.getImmediateElement/1#dispred#56e1358f#max_range/2@22932cd6.
[2026-10-08 00:57:21] (0s) Inferred that _TupleExpr::Generated::TupleExpr.getImmediateElement/1#dispred#96eaeafe_102#join_rhs_TuplePattern::G__#join_rhs/4@11dfb4rm is empty, due to TuplePattern::Generated::TuplePattern.getElement/1#dispred#6d8fa592/3@cce260t3.
[2026-10-08 00:57:21] (0s) Inferred that _TupleExpr::Generated::TupleExpr.getImmediateElement/1#dispred#96eaeafe_102#join_rhs_TuplePattern::G__#join_rhs/4@6919479h is empty, due to TuplePattern::Generated::TuplePattern.getElement/1#dispred#6d8fa592/3@8f97e4b8.
[2026-10-08 00:57:21] (0s) Inferred that _TupleExpr::Generated::TupleExpr.getElement/1#dispred#37228a9a_102#join_rhs_TuplePattern::Generated:__#join_rhs/4@9193d496 is empty, due to TuplePattern::Generated::TuplePattern.getElement/1#dispred#6d8fa592_102#join_rhs/3@22cc08ih.
[2026-10-08 00:57:21] (0s) Inferred that _TupleExpr::Generated::TupleExpr.getImmediateElement/1#dispred#96eaeafe_102#join_rhs_TuplePattern::G__#join_rhs/4@505484ck is empty, due to TuplePattern::Generated::TuplePattern.getElement/1#dispred#6d8fa592_102#join_rhs/3@0f1355o4.
[2026-10-08 00:57:21] (0s) Inferred that ParenPattern::Generated::ParenPattern.getImmediateSubPattern/0#dispred#b428ea01/2@5a400a8b is empty, due to cached_Synth::Synth::TParenPattern#14396679/2@f10e7e4h.
[2026-10-08 00:57:21] (0s) Inferred that ControlFlowGraphImpl::Patterns::ParenTree#2b421cd4/2@4b381fbv is empty, due to cached_Synth::Synth::TParenPattern#14396679/2@f10e7e4h.
[2026-10-08 00:57:21] (0s) Inferred that Synth::Synth::TParenPattern#14396679_1#antijoin_rhs/1@4c9caerk is empty, due to cached_Synth::Synth::TParenPattern#14396679/2@f10e7e4h.
[2026-10-08 00:57:21] (0s)  >>> Full cache hit cached_Synth::Synth::TNamedPattern#df5d0b46/2@4d9d5e09 with 8080 rows and digest e0a5255kb3ve913s2ek9148ru45.
[2026-10-08 00:57:21] (0s)  >>> First-level cache hit cached_Synth::Synth::TExprPattern#64b09386/2@4bebbf2p with empty relation.
[2026-10-08 00:57:21] (0s) Inferred that ExprPattern::Generated::ExprPattern.getImmediateSubExpr/0#dispred#b9adf80c/2@11bfb197 is empty, due to cached_Synth::Synth::TExprPattern#64b09386/2@4bebbf2p.
[2026-10-08 00:57:21] (0s)  >>> First-level cache hit cached_Synth::Synth::TBoolPattern#65decc27/2@d890688k with empty relation.
[2026-10-08 00:57:21] (0s) Inferred that ControlFlowGraphImpl::Patterns::ExprTree#cfb31f0c/2@15b48fm7 is empty, due to cached_Synth::Synth::TExprPattern#64b09386/2@4bebbf2p.
[2026-10-08 00:57:21] (0s) Inferred that ExprPattern::Generated::ExprPattern.getSubExpr/0#dispred#a4d96483/2@4efe11jl is empty, due to cached_Synth::Synth::TExprPattern#64b09386/2@4bebbf2p.
[2026-10-08 00:57:21] (0s) Inferred that Synth::Synth::TExprPattern#64b09386_1#antijoin_rhs/1@44ddaa2r is empty, due to cached_Synth::Synth::TExprPattern#64b09386/2@4bebbf2p.
[2026-10-08 00:57:21] (0s) Inferred that Synth::Synth::TBoolPattern#65decc27_1#antijoin_rhs/1@52b62ct9 is empty, due to cached_Synth::Synth::TBoolPattern#65decc27/2@d890688k.
[2026-10-08 00:57:21] (0s)  >>> First-level cache hit cached_Synth::Synth::TAnyPattern#871f9d50/2@bec908sv with empty relation.
[2026-10-08 00:57:21] (0s) Inferred that Synth::Synth::TAnyPattern#871f9d50_1#antijoin_rhs/1@e9b9b0r4 is empty, due to cached_Synth::Synth::TAnyPattern#871f9d50/2@bec908sv.
[2026-10-08 00:57:21] (0s)  >>> First-level cache hit cached_Synth::Synth::TIsPattern#95458e89/2@cb6c99o1 with empty relation.
[2026-10-08 00:57:21] (0s)  >>> First-level cache hit cached_Synth::Synth::TExplicitClosureExpr#5e87f25d/2@a8e9ddim with empty relation.
[2026-10-08 00:57:21] (0s) Inferred that IsPattern::Generated::IsPattern.getCastTypeRepr/0#dispred#f3589dfa/2@2d8bf455 is empty, due to cached_Synth::Synth::TIsPattern#95458e89/2@cb6c99o1.
[2026-10-08 00:57:21] (0s) Inferred that IsPattern::Generated::IsPattern.getImmediateSubPattern/0#dispred#960cd98c/2@d15b0dho is empty, due to cached_Synth::Synth::TIsPattern#95458e89/2@cb6c99o1.
[2026-10-08 00:57:21] (0s) Inferred that ControlFlowGraphImpl::Patterns::IsTree#383265a1/2@238319bk is empty, due to cached_Synth::Synth::TIsPattern#95458e89/2@cb6c99o1.
[2026-10-08 00:57:21] (0s) Inferred that IsPattern::Generated::IsPattern.getSubPattern/0#dispred#32df06b5/2@b05c5bnd is empty, due to cached_Synth::Synth::TIsPattern#95458e89/2@cb6c99o1.
[2026-10-08 00:57:21] (0s) Inferred that Synth::Synth::TIsPattern#95458e89_1#antijoin_rhs/1@c7ee59u1 is empty, due to cached_Synth::Synth::TIsPattern#95458e89/2@cb6c99o1.
[2026-10-08 00:57:21] (0s) Inferred that IsPattern::Generated::IsPattern.getSubPattern/0#dispred#32df06b5/2@87a70610 is empty, due to cached_Synth::Synth::TIsPattern#95458e89/2@cb6c99o1.
[2026-10-08 00:57:21] (0s) Inferred that Synth::Synth::TExplicitClosureExpr#5e87f25d_1#join_rhs/1@af884dbm is empty, due to cached_Synth::Synth::TExplicitClosureExpr#5e87f25d/2@a8e9ddim.
[2026-10-08 00:57:21] (0s) Inferred that _Element::Generated::Element.getResolveStep/0#dispred#f0bb72ef_0#antijoin_rhs_IsPattern::Generated::__#shared/2@ba4ba43n is empty, due to IsPattern::Generated::IsPattern.getImmediateSubPattern/0#dispred#960cd98c/2@d15b0dho.
[2026-10-08 00:57:21] (0s) Inferred that _Element::Generated::Element.getResolveStep/0#dispred#f0bb72ef_0#antijoin_rhs_IsPattern::Generated::__#shared/2@0560908p is empty, due to IsPattern::Generated::IsPattern.getImmediateSubPattern/0#dispred#960cd98c/2@d15b0dho.
[2026-10-08 00:57:21] (0s) Inferred that IsPattern::Generated::IsPattern.getSubPattern/0#dispred#32df06b5_10#join_rhs/2@8a476e48 is empty, due to IsPattern::Generated::IsPattern.getSubPattern/0#dispred#32df06b5/2@87a70610.
[2026-10-08 00:57:21] (0s)  >>> First-level cache hit cached_Synth::Synth::TDifferentiableFunctionExtractOriginalExpr#0bfec5d3/2@ea10f180 with empty relation.
[2026-10-08 00:57:21] (0s)  >>> Full cache hit cached_Synth::Synth::TAutoClosureExpr#00bd9cae/2@1d9b09ub with 1 rows and digest 3642bcbej32sokoa6iu5m633110.
[2026-10-08 00:57:21] (0s) Inferred that Synth::Synth::TDifferentiableFunctionExtractOriginalExpr#0bfec5d3_1#join_rhs/1@3b0c1986 is empty, due to cached_Synth::Synth::TDifferentiableFunctionExtractOriginalExpr#0bfec5d3/2@ea10f180.
[2026-10-08 00:57:21] (0s)  >>> First-level cache hit cached_Synth::Synth::TPropertyWrapperValuePlaceholderExpr#8e089f89/2@de1d5b44 with empty relation.
[2026-10-08 00:57:21] (0s)  >>> First-level cache hit cached_Synth::Synth::TLinearToDifferentiableFunctionExpr#14ac48e5/2@333011oo with empty relation.
[2026-10-08 00:57:21] (0s) Inferred that Synth::Synth::TLinearToDifferentiableFunctionExpr#14ac48e5_1#join_rhs/1@cc5135pr is empty, due to cached_Synth::Synth::TLinearToDifferentiableFunctionExpr#14ac48e5/2@333011oo.
[2026-10-08 00:57:21] (0s)  >>> First-level cache hit cached_Synth::Synth::TLinearFunctionExtractOriginalExpr#a0a54307/2@247547tf with empty relation.
[2026-10-08 00:57:21] (0s)  >>> First-level cache hit cached_Synth::Synth::TUnresolvedMemberChainResultExpr#9e61fe98/2@975c06ts with empty relation.
[2026-10-08 00:57:21] (0s) Inferred that Synth::Synth::TLinearFunctionExtractOriginalExpr#a0a54307_1#join_rhs/1@2bf4c04e is empty, due to cached_Synth::Synth::TLinearFunctionExtractOriginalExpr#a0a54307/2@247547tf.
[2026-10-08 00:57:21] (0s)  >>> First-level cache hit cached_Synth::Synth::TExistentialMetatypeToObjectExpr#a1c04933/2@a7f5e9hm with empty relation.
[2026-10-08 00:57:21] (0s) Inferred that Synth::Synth::TExistentialMetatypeToObjectExpr#a1c04933_1#join_rhs/1@4f8b9e9c is empty, due to cached_Synth::Synth::TExistentialMetatypeToObjectExpr#a1c04933/2@a7f5e9hm.
[2026-10-08 00:57:21] (0s)  >>> First-level cache hit cached_Synth::Synth::TCovariantFunctionConversionExpr#e0dd248d/2@72ec97au with empty relation.
[2026-10-08 00:57:21] (0s)  >>> First-level cache hit cached_Synth::Synth::TCollectionUpcastConversionExpr#1fef3f7e/2@a7402ctr with empty relation.
[2026-10-08 00:57:21] (0s) Inferred that Synth::Synth::TCovariantFunctionConversionExpr#e0dd248d_1#join_rhs/1@fb512bt3 is empty, due to cached_Synth::Synth::TCovariantFunctionConversionExpr#e0dd248d/2@72ec97au.
[2026-10-08 00:57:21] (0s) Inferred that Synth::Synth::TCollectionUpcastConversionExpr#1fef3f7e_1#join_rhs/1@a7a0c1gq is empty, due to cached_Synth::Synth::TCollectionUpcastConversionExpr#1fef3f7e/2@a7402ctr.
[2026-10-08 00:57:21] (0s)  >>> First-level cache hit cached_Synth::Synth::TInterpolatedStringLiteralExpr#9d3a89a5/2@731191jt with empty relation.
[2026-10-08 00:57:21] (0s) Inferred that Synth::Synth::TInterpolatedStringLiteralExpr#9d3a89a5_1#antijoin_rhs/1@bb3796f8 is empty, due to cached_Synth::Synth::TInterpolatedStringLiteralExpr#9d3a89a5/2@731191jt.
[2026-10-08 00:57:21] (0s) Inferred that InterpolatedStringLiteralExpr::Generated::InterpolatedStringLiteralExpr.getAppendingExpr/0#dispred#50a864d0/2@5e3828oe is empty, due to cached_Synth::Synth::TInterpolatedStringLiteralExpr#9d3a89a5/2@731191jt.
[2026-10-08 00:57:21] (0s)  >>> First-level cache hit cached_Synth::Synth::TCovariantReturnConversionExpr#5c3f45a1/2@c6eb2bh3 with empty relation.
[2026-10-08 00:57:21] (0s) Inferred that InterpolatedStringLiteralExpr::Generated::InterpolatedStringLiteralExpr.getAppendingExpr/0#dispred#50a864d0/2@f9837ajt is empty, due to cached_Synth::Synth::TInterpolatedStringLiteralExpr#9d3a89a5/2@731191jt.
[2026-10-08 00:57:21] (0s) Inferred that ControlFlowGraphImpl::Exprs::InterpolatedStringLiteralExprTree#643303fa/2@b28035sl is empty, due to Synth::Synth::TInterpolatedStringLiteralExpr#9d3a89a5_1#antijoin_rhs/1@bb3796f8.
[2026-10-08 00:57:21] (0s) Inferred that Synth::Synth::TCovariantReturnConversionExpr#5c3f45a1_1#join_rhs/1@4669c84i is empty, due to cached_Synth::Synth::TCovariantReturnConversionExpr#5c3f45a1/2@c6eb2bh3.
[2026-10-08 00:57:21] (0s)  >>> First-level cache hit cached_Synth::Synth::TConditionalBridgeFromObjCExpr#f87ddf23/2@c1ce5ed4 with empty relation.
[2026-10-08 00:57:21] (0s) Inferred that Synth::Synth::TConditionalBridgeFromObjCExpr#f87ddf23_1#join_rhs/1@766d2aeh is empty, due to cached_Synth::Synth::TConditionalBridgeFromObjCExpr#f87ddf23/2@c1ce5ed4.
[2026-10-08 00:57:21] (0s)  >>> First-level cache hit cached_Synth::Synth::TUnresolvedTypeConversionExpr#3415bbc8/2@ffac3dvt with empty relation.
[2026-10-08 00:57:21] (0s)  >>> First-level cache hit cached_Synth::Synth::TProtocolMetatypeToObjectExpr#7be9d010/2@866160hq with empty relation.
[2026-10-08 00:57:21] (0s) Inferred that Synth::Synth::TProtocolMetatypeToObjectExpr#7be9d010_1#join_rhs/1@1e408a31 is empty, due to cached_Synth::Synth::TProtocolMetatypeToObjectExpr#7be9d010/2@866160hq.
[2026-10-08 00:57:21] (0s)  >>> First-level cache hit cached_Synth::Synth::TMakeTemporarilyEscapableExpr#abd7b139/2@f25a31vp with empty relation.
[2026-10-08 00:57:21] (0s) Inferred that MakeTemporarilyEscapableExpr::Generated::MakeTemporarilyEscapableExpr.getImmediateEscapingClosure/0#dispred#bdcc689c/2@431705ck is empty, due to cached_Synth::Synth::TMakeTemporarilyEscapableExpr#abd7b139/2@f25a31vp.
[2026-10-08 00:57:21] (0s) Inferred that MakeTemporarilyEscapableExpr::Generated::MakeTemporarilyEscapableExpr.getImmediateNonescapingClosure/0#dispred#392d2192/2@a8dd158f is empty, due to cached_Synth::Synth::TMakeTemporarilyEscapableExpr#abd7b139/2@f25a31vp.
[2026-10-08 00:57:21] (0s) Inferred that MakeTemporarilyEscapableExpr::Generated::MakeTemporarilyEscapableExpr.getImmediateSubExpr/0#dispred#29c2e8d2/2@1093591q is empty, due to cached_Synth::Synth::TMakeTemporarilyEscapableExpr#abd7b139/2@f25a31vp.
[2026-10-08 00:57:21] (0s)  >>> First-level cache hit cached_Synth::Synth::TExtractFunctionIsolationExpr#f24411e5/2@352fa51r with empty relation.
[2026-10-08 00:57:21] (0s) Inferred that Synth::Synth::TMakeTemporarilyEscapableExpr#abd7b139_1#antijoin_rhs/1@b6e5231e is empty, due to cached_Synth::Synth::TMakeTemporarilyEscapableExpr#abd7b139/2@f25a31vp.
[2026-10-08 00:57:21] (0s) Inferred that MakeTemporarilyEscapableExpr::Generated::MakeTemporarilyEscapableExpr.getImmediateSubExpr/0#dispred#29c2e8d2/2@4f6d31vj is empty, due to cached_Synth::Synth::TMakeTemporarilyEscapableExpr#abd7b139/2@f25a31vp.
[2026-10-08 00:57:21] (0s) Inferred that _Element::Generated::Element.resolve/0#6937ae00_Expr::Expr.getResolveStep/0#dispred#318c6ca3_0#antij__#join_rhs#1/2@4754ee9t is empty, due to MakeTemporarilyEscapableExpr::Generated::MakeTemporarilyEscapableExpr.getImmediateSubExpr/0#dispred#29c2e8d2/2@4f6d31vj.
[2026-10-08 00:57:21] (0s) Inferred that ExtractFunctionIsolationExpr::Generated::ExtractFunctionIsolationExpr.getImmediateFunctionExpr/0#dispred#e5804c2d/2@e29b3ai5 is empty, due to cached_Synth::Synth::TExtractFunctionIsolationExpr#f24411e5/2@352fa51r.
[2026-10-08 00:57:21] (0s) Inferred that ControlFlowGraphImpl::Exprs::ExtractFunctionIsolationTree#e2dffcca/2@5559755u is empty, due to cached_Synth::Synth::TExtractFunctionIsolationExpr#f24411e5/2@352fa51r.
[2026-10-08 00:57:21] (0s) Inferred that ExtractFunctionIsolationExpr::Generated::ExtractFunctionIsolationExpr.getFunctionExpr/0#dispred#bd1de19d/2@253236fp is empty, due to cached_Synth::Synth::TExtractFunctionIsolationExpr#f24411e5/2@352fa51r.
[2026-10-08 00:57:21] (0s)  >>> First-level cache hit cached_Synth::Synth::TRebindSelfInInitializerExpr#3360a566/2@f266acnd with empty relation.
[2026-10-08 00:57:21] (0s) Inferred that RebindSelfInInitializerExpr::Generated::RebindSelfInInitializerExpr.getImmediateSubExpr/0#dispred#245da8a3/2@6849e5g4 is empty, due to cached_Synth::Synth::TRebindSelfInInitializerExpr#3360a566/2@f266acnd.
[2026-10-08 00:57:21] (0s) Inferred that ControlFlowGraphImpl::Exprs::RebindSelfInInitializerTree#70ad429e/2@5d0bffdb is empty, due to cached_Synth::Synth::TRebindSelfInInitializerExpr#3360a566/2@f266acnd.
[2026-10-08 00:57:21] (0s) Inferred that RebindSelfInInitializerExpr::Generated::RebindSelfInInitializerExpr.getSubExpr/0#dispred#5edf26c2/2@95fd8cjn is empty, due to cached_Synth::Synth::TRebindSelfInInitializerExpr#3360a566/2@f266acnd.
[2026-10-08 00:57:21] (0s) Inferred that Synth::Synth::TRebindSelfInInitializerExpr#3360a566_1#antijoin_rhs/1@f3067dtd is empty, due to cached_Synth::Synth::TRebindSelfInInitializerExpr#3360a566/2@f266acnd.
[2026-10-08 00:57:21] (0s)  >>> First-level cache hit cached_Synth::Synth::TForeignObjectConversionExpr#077500b5/2@9d10a3os with empty relation.
[2026-10-08 00:57:21] (0s) Inferred that Synth::Synth::TForeignObjectConversionExpr#077500b5_1#join_rhs/1@2b58aaps is empty, due to cached_Synth::Synth::TForeignObjectConversionExpr#077500b5/2@9d10a3os.
[2026-10-08 00:57:21] (0s)  >>> First-level cache hit cached_Synth::Synth::TCurrentContextIsolationExpr#ebdd1812/2@4233a058 with empty relation.
[2026-10-08 00:57:21] (0s) Inferred that ControlFlowGraphImpl::Exprs::CurrentContextIsolationTree#1f355fdc/2@1f748f57 is empty, due to cached_Synth::Synth::TCurrentContextIsolationExpr#ebdd1812/2@4233a058.
[2026-10-08 00:57:21] (0s)  >>> First-level cache hit cached_Synth::Synth::TMagicIdentifierLiteralExpr#95c0fc2d/2@a22e9a39 with empty relation.
[2026-10-08 00:57:21] (0s) Inferred that CurrentContextIsolationExpr::Generated::CurrentContextIsolationExpr.getActor/0#dispred#3432a030/2@4781ack5 is empty, due to cached_Synth::Synth::TCurrentContextIsolationExpr#ebdd1812/2@4233a058.
[2026-10-08 00:57:21] (0s) Inferred that Synth::Synth::TMagicIdentifierLiteralExpr#95c0fc2d_1#antijoin_rhs/1@9dc907s1 is empty, due to cached_Synth::Synth::TMagicIdentifierLiteralExpr#95c0fc2d/2@a22e9a39.
[2026-10-08 00:57:21] (0s)  >>> First-level cache hit cached_Synth::Synth::TDifferentiableFunctionExpr#c86fe24b/2@c3de03rp with empty relation.
[2026-10-08 00:57:21] (0s)  >>> First-level cache hit cached_Synth::Synth::TConditionalCheckedCastExpr#f5e920c9/2@1f4fb6nv with empty relation.
[2026-10-08 00:57:21] (0s) Inferred that Synth::Synth::TDifferentiableFunctionExpr#c86fe24b_1#join_rhs/1@7420c6lm is empty, due to cached_Synth::Synth::TDifferentiableFunctionExpr#c86fe24b/2@c3de03rp.
[2026-10-08 00:57:21] (0s)  >>> First-level cache hit cached_Synth::Synth::TAppliedPropertyWrapperExpr#8df015f0/2@7a0db0vp with empty relation.
[2026-10-08 00:57:21] (0s) Inferred that Synth::Synth::TConditionalCheckedCastExpr#f5e920c9_1#join_rhs/1@6d27c4u6 is empty, due to cached_Synth::Synth::TConditionalCheckedCastExpr#f5e920c9/2@1f4fb6nv.
[2026-10-08 00:57:21] (0s) Inferred that AppliedPropertyWrapperExpr::Generated::AppliedPropertyWrapperExpr.getImmediateValue/0#dispred#4f3ae5bf/2@0defe6cv is empty, due to cached_Synth::Synth::TAppliedPropertyWrapperExpr#8df015f0/2@7a0db0vp.
[2026-10-08 00:57:21] (0s)  >>> First-level cache hit cached_Synth::Synth::TClassMetatypeToObjectExpr#c160980e/2@b632dfug with empty relation.
[2026-10-08 00:57:21] (0s) Inferred that Synth::Synth::TClassMetatypeToObjectExpr#c160980e_1#join_rhs/1@0e078683 is empty, due to cached_Synth::Synth::TClassMetatypeToObjectExpr#c160980e/2@b632dfug.
[2026-10-08 00:57:21] (0s)  >>> First-level cache hit cached_Synth::Synth::TActorIsolationErasureExpr#dd3bba94/2@9693f67j with empty relation.
[2026-10-08 00:57:21] (0s) Inferred that Synth::Synth::TActorIsolationErasureExpr#dd3bba94_1#join_rhs/1@a3e8faol is empty, due to cached_Synth::Synth::TActorIsolationErasureExpr#dd3bba94/2@9693f67j.
[2026-10-08 00:57:21] (0s)  >>> First-level cache hit cached_Synth::Synth::TUnresolvedSpecializeExpr#79e399e8/2@cc5502jv with empty relation.
[2026-10-08 00:57:21] (0s) Inferred that UnresolvedSpecializeExpr::Generated::UnresolvedSpecializeExpr.getImmediateSubExpr/0#dispred#423272ec/2@2baea24d is empty, due to cached_Synth::Synth::TUnresolvedSpecializeExpr#79e399e8/2@cc5502jv.
[2026-10-08 00:57:21] (0s)  >>> First-level cache hit cached_Synth::Synth::TDotSyntaxBaseIgnoredExpr#c6ec664f/2@675e2696 with empty relation.
[2026-10-08 00:57:21] (0s)  >>> First-level cache hit cached_Synth::Synth::TUnevaluatedInstanceExpr#b05f665d/2@4668dfc1 with empty relation.
[2026-10-08 00:57:21] (0s) Inferred that DotSyntaxBaseIgnoredExpr::Generated::DotSyntaxBaseIgnoredExpr.getImmediateQualifier/0#dispred#0f74fa6d/2@1f77f5n4 is empty, due to cached_Synth::Synth::TDotSyntaxBaseIgnoredExpr#c6ec664f/2@675e2696.
[2026-10-08 00:57:21] (0s) Inferred that DotSyntaxBaseIgnoredExpr::Generated::DotSyntaxBaseIgnoredExpr.getImmediateSubExpr/0#dispred#866a36f1/2@c55bcfrr is empty, due to cached_Synth::Synth::TDotSyntaxBaseIgnoredExpr#c6ec664f/2@675e2696.
[2026-10-08 00:57:21] (0s) Inferred that ControlFlowGraphImpl::Exprs::DotSyntaxBaseIgnoredTree#3053ee79/2@9392aahc is empty, due to cached_Synth::Synth::TDotSyntaxBaseIgnoredExpr#c6ec664f/2@675e2696.
[2026-10-08 00:57:21] (0s) Inferred that _Expr::Expr.getResolveStep/0#dispred#318c6ca3_0#antijoin_rhs_Synth::Synth::TDotSyntaxBaseIgnoredExpr__#shared/2@88f240h4 is empty, due to cached_Synth::Synth::TDotSyntaxBaseIgnoredExpr#c6ec664f/2@675e2696.
[2026-10-08 00:57:21] (0s) Inferred that Synth::Synth::TDotSyntaxBaseIgnoredExpr#c6ec664f_1#antijoin_rhs/1@9b8004os is empty, due to cached_Synth::Synth::TDotSyntaxBaseIgnoredExpr#c6ec664f/2@675e2696.
[2026-10-08 00:57:21] (0s) Inferred that DotSyntaxBaseIgnoredExpr::Generated::DotSyntaxBaseIgnoredExpr.getImmediateQualifier/0#dispred#0f74fa6d/2@559fd82u is empty, due to cached_Synth::Synth::TDotSyntaxBaseIgnoredExpr#c6ec664f/2@675e2696.
[2026-10-08 00:57:21] (0s) Inferred that DotSyntaxBaseIgnoredExpr::Generated::DotSyntaxBaseIgnoredExpr.getImmediateSubExpr/0#dispred#866a36f1/2@2e4ea6bk is empty, due to cached_Synth::Synth::TDotSyntaxBaseIgnoredExpr#c6ec664f/2@675e2696.
[2026-10-08 00:57:21] (0s) Inferred that DotSyntaxBaseIgnoredExpr::Generated::DotSyntaxBaseIgnoredExpr.getImmediateQualifier/0#dispred#0f74fa6d/2@e6b11bvc is empty, due to cached_Synth::Synth::TDotSyntaxBaseIgnoredExpr#c6ec664f/2@675e2696.
[2026-10-08 00:57:21] (0s) Inferred that DotSyntaxBaseIgnoredExpr::Generated::DotSyntaxBaseIgnoredExpr.getImmediateSubExpr/0#dispred#866a36f1/2@1a19f0br is empty, due to cached_Synth::Synth::TDotSyntaxBaseIgnoredExpr#c6ec664f/2@675e2696.
[2026-10-08 00:57:21] (0s) Inferred that Synth::Synth::TUnevaluatedInstanceExpr#b05f665d_1#join_rhs/1@fff8120n is empty, due to cached_Synth::Synth::TUnevaluatedInstanceExpr#b05f665d/2@4668dfc1.
[2026-10-08 00:57:21] (0s) Inferred that DotSyntaxBaseIgnoredExpr::Generated::DotSyntaxBaseIgnoredExpr.getImmediateSubExpr/0#dispred#866a36f1/2@5ba3949j is empty, due to cached_Synth::Synth::TDotSyntaxBaseIgnoredExpr#c6ec664f/2@675e2696.
[2026-10-08 00:57:21] (0s) Inferred that Synth::Synth::TDotSyntaxBaseIgnoredExpr#c6ec664f_10#join_rhs/2@2754caej is empty, due to cached_Synth::Synth::TDotSyntaxBaseIgnoredExpr#c6ec664f/2@675e2696.
[2026-10-08 00:57:21] (0s) Inferred that DotSyntaxBaseIgnoredExpr::Generated::DotSyntaxBaseIgnoredExpr.getImmediateQualifier/0#dispred#0f74fa6d/2@ece3d7dv is empty, due to cached_Synth::Synth::TDotSyntaxBaseIgnoredExpr#c6ec664f/2@675e2696.
[2026-10-08 00:57:21] (0s) Inferred that DotSyntaxBaseIgnoredExpr::Generated::DotSyntaxBaseIgnoredExpr.getQualifier/0#dispred#1de3c9ad/2@df1849q2 is empty, due to _Expr::Expr.getResolveStep/0#dispred#318c6ca3_0#antijoin_rhs_Synth::Synth::TDotSyntaxBaseIgnoredExpr__#shared/2@88f240h4.
[2026-10-08 00:57:21] (0s) Inferred that DotSyntaxBaseIgnoredExpr::Generated::DotSyntaxBaseIgnoredExpr.getSubExpr/0#dispred#f07e4ff8/2@d288637l is empty, due to _Expr::Expr.getResolveStep/0#dispred#318c6ca3_0#antijoin_rhs_Synth::Synth::TDotSyntaxBaseIgnoredExpr__#shared/2@88f240h4.
[2026-10-08 00:57:21] (0s) Inferred that ApplyExprImpl::Impl::PartialDotSyntaxBaseIgnoredApplyExpr#72bc4626/2@1f01aep4 is empty, due to Synth::Synth::TDotSyntaxBaseIgnoredExpr#c6ec664f_1#antijoin_rhs/1@9b8004os.
[2026-10-08 00:57:21] (0s) Inferred that ApplyExprImpl::Impl::PartialDotSyntaxBaseIgnoredApplyExpr#72bc4626/2@872d39i1 is empty, due to Synth::Synth::TDotSyntaxBaseIgnoredExpr#c6ec664f_1#join_rhs/1@9b8004os.
[2026-10-08 00:57:21] (0s) Inferred that ApplyExprImpl::Impl::PartialDotSyntaxBaseIgnoredApplyExpr#72bc4626/2@c1eb6cvu is empty, due to Synth::Synth::TDotSyntaxBaseIgnoredExpr#c6ec664f_1#join_rhs/1@9b8004os.
[2026-10-08 00:57:21] (0s) Inferred that ApplyExprImpl::Impl::PartialDotSyntaxBaseIgnoredApplyExpr#72bc4626/2@28742ed5 is empty, due to Synth::Synth::TDotSyntaxBaseIgnoredExpr#c6ec664f_1#join_rhs/1@9b8004os.
[2026-10-08 00:57:21] (0s) Inferred that DotSyntaxBaseIgnoredExpr::Generated::DotSyntaxBaseIgnoredExpr.getQualifier/0#dispred#1de3c9ad/2@6885206v is empty, due to DotSyntaxBaseIgnoredExpr::Generated::DotSyntaxBaseIgnoredExpr.getImmediateQualifier/0#dispred#0f74fa6d/2@559fd82u.
[2026-10-08 00:57:21] (0s) Inferred that DotSyntaxBaseIgnoredExpr::Generated::DotSyntaxBaseIgnoredExpr.getSubExpr/0#dispred#f07e4ff8/2@1f36be3k is empty, due to DotSyntaxBaseIgnoredExpr::Generated::DotSyntaxBaseIgnoredExpr.getImmediateSubExpr/0#dispred#866a36f1/2@2e4ea6bk.
[2026-10-08 00:57:21] (0s) Inferred that ApplyExprImpl::Impl::FullDotSyntaxBaseIgnoredApplyExpr#15ef37f6/2@de870dmo is empty, due to ApplyExprImpl::Impl::PartialDotSyntaxBaseIgnoredApplyExpr#72bc4626/2@1f01aep4.
[2026-10-08 00:57:21] (0s) Inferred that ApplyExprImpl::Impl::PartialDotSyntaxBaseIgnoredApplyExpr#72bc4626_0#antijoin_rhs/1@e0fcfa7i is empty, due to ApplyExprImpl::Impl::PartialDotSyntaxBaseIgnoredApplyExpr#72bc4626/2@1f01aep4.
[2026-10-08 00:57:21] (0s) Inferred that ApplyExprImpl::Impl::FullDotSyntaxBaseIgnoredApplyExpr#15ef37f6/2@9af625fa is empty, due to ApplyExprImpl::Impl::PartialDotSyntaxBaseIgnoredApplyExpr#72bc4626/2@872d39i1.
[2026-10-08 00:57:21] (0s) Inferred that ApplyExprImpl::Impl::PartialDotSyntaxBaseIgnoredApplyExpr#72bc4626_0#antijoin_rhs/1@9bdd794f is empty, due to ApplyExprImpl::Impl::PartialDotSyntaxBaseIgnoredApplyExpr#72bc4626/2@872d39i1.
[2026-10-08 00:57:21] (0s) Inferred that _ApplyExprImpl::Impl::PartialDotSyntaxBaseIgnoredApplyExpr#72bc4626_Expr::Expr.getResolveStep/0#disp__#shared/2@60f5bevl is empty, due to ApplyExprImpl::Impl::PartialDotSyntaxBaseIgnoredApplyExpr#72bc4626/2@872d39i1.
[2026-10-08 00:57:21] (0s) Inferred that ApplyExprImpl::Impl::FullDotSyntaxBaseIgnoredApplyExpr#15ef37f6/2@66167e4t is empty, due to ApplyExprImpl::Impl::PartialDotSyntaxBaseIgnoredApplyExpr#72bc4626/2@c1eb6cvu.
[2026-10-08 00:57:21] (0s) Inferred that _ApplyExprImpl::Impl::PartialDotSyntaxBaseIgnoredApplyExpr#72bc4626_Expr::Expr.getResolveStep/0#disp__#shared/2@de7d458s is empty, due to ApplyExprImpl::Impl::PartialDotSyntaxBaseIgnoredApplyExpr#72bc4626/2@c1eb6cvu.
[2026-10-08 00:57:21] (0s) Inferred that ApplyExprImpl::Impl::PartialDotSyntaxBaseIgnoredApplyExpr#72bc4626_0#antijoin_rhs/1@9a0c20er is empty, due to ApplyExprImpl::Impl::PartialDotSyntaxBaseIgnoredApplyExpr#72bc4626/2@c1eb6cvu.
[2026-10-08 00:57:21] (0s) Inferred that _ApplyExpr::Generated::ApplyExpr.getFunction/0#dispred#12f7b5a0_ApplyExprImpl::Impl::PartialDotSynta__#antijoin_rhs/1@7871dagq is empty, due to ApplyExprImpl::Impl::PartialDotSyntaxBaseIgnoredApplyExpr#72bc4626/2@28742ed5.
[2026-10-08 00:57:21] (0s) Inferred that ApplyExprImpl::Impl::PartialDotSyntaxBaseIgnoredApplyExpr#72bc4626_0#antijoin_rhs/1@1187bdje is empty, due to ApplyExprImpl::Impl::PartialDotSyntaxBaseIgnoredApplyExpr#72bc4626/2@28742ed5.
[2026-10-08 00:57:21] (0s) Inferred that _DotSyntaxBaseIgnoredExpr::Generated::DotSyntaxBaseIgnoredExpr.getQualifier/0#dispred#1de3c9ad_TypeE__#shared/3@0d01b9mh is empty, due to DotSyntaxBaseIgnoredExpr::Generated::DotSyntaxBaseIgnoredExpr.getQualifier/0#dispred#1de3c9ad/2@6885206v.
[2026-10-08 00:57:21] (0s) Inferred that DotSyntaxBaseIgnoredExpr::Generated::DotSyntaxBaseIgnoredExpr.getSubExpr/0#dispred#f07e4ff8_10#join_rhs/2@882e50ms is empty, due to DotSyntaxBaseIgnoredExpr::Generated::DotSyntaxBaseIgnoredExpr.getSubExpr/0#dispred#f07e4ff8/2@1f36be3k.
[2026-10-08 00:57:21] (0s) Inferred that ApplyExprImpl::Impl::FullDotSyntaxBaseIgnoredApplyExpr#15ef37f6_0#antijoin_rhs/1@c9575f4k is empty, due to ApplyExprImpl::Impl::FullDotSyntaxBaseIgnoredApplyExpr#15ef37f6/2@de870dmo.
[2026-10-08 00:57:21] (0s) Inferred that ApplyExprImpl::Impl::FullDotSyntaxBaseIgnoredApplyExpr#15ef37f6_10#join_rhs/2@e86c57sj is empty, due to ApplyExprImpl::Impl::FullDotSyntaxBaseIgnoredApplyExpr#15ef37f6/2@de870dmo.
[2026-10-08 00:57:21] (0s) Inferred that ApplyExprImpl::Impl::FullDotSyntaxBaseIgnoredApplyExpr#15ef37f6_0#antijoin_rhs/1@4de4fdl7 is empty, due to ApplyExprImpl::Impl::FullDotSyntaxBaseIgnoredApplyExpr#15ef37f6/2@9af625fa.
[2026-10-08 00:57:21] (0s) Inferred that ApplyExprImpl::Impl::FullDotSyntaxBaseIgnoredApplyExpr#15ef37f6_10#join_rhs/2@09600drb is empty, due to ApplyExprImpl::Impl::FullDotSyntaxBaseIgnoredApplyExpr#15ef37f6/2@9af625fa.
[2026-10-08 00:57:21] (0s) Inferred that ApplyExprImpl::Impl::FullDotSyntaxBaseIgnoredApplyExpr#15ef37f6_0#antijoin_rhs/1@7db606d1 is empty, due to ApplyExprImpl::Impl::FullDotSyntaxBaseIgnoredApplyExpr#15ef37f6/2@66167e4t.
[2026-10-08 00:57:21] (0s) Inferred that ApplyExprImpl::Impl::FullDotSyntaxBaseIgnoredApplyExpr#15ef37f6_10#join_rhs/2@8c828ah1 is empty, due to ApplyExprImpl::Impl::FullDotSyntaxBaseIgnoredApplyExpr#15ef37f6/2@66167e4t.
[2026-10-08 00:57:21] (0s) Inferred that _TypeRepr::TypeRepr.toStringImpl/0#dispred#c1f65b32__DotSyntaxBaseIgnoredExpr::Generated::DotSyntaxB__#antijoin_rhs/2@178afcbo is empty, due to _DotSyntaxBaseIgnoredExpr::Generated::DotSyntaxBaseIgnoredExpr.getQualifier/0#dispred#1de3c9ad_TypeE__#shared/3@0d01b9mh.
[2026-10-08 00:57:21] (0s) Inferred that DotSyntaxBaseIgnoredExpr::DotSyntaxBaseIgnoredExpr.getMethod/0#dispred#aa0bcb41/2@dc96f3lt is empty, due to DotSyntaxBaseIgnoredExpr::Generated::DotSyntaxBaseIgnoredExpr.getSubExpr/0#dispred#f07e4ff8_10#join_rhs/2@882e50ms.
[2026-10-08 00:57:21] (0s) Inferred that _DotSyntaxBaseIgnoredExpr::DotSyntaxBaseIgnoredExpr.getMethod/0#dispred#aa0bcb41_Function::Function.__#shared/2@01c442hi is empty, due to DotSyntaxBaseIgnoredExpr::DotSyntaxBaseIgnoredExpr.getMethod/0#dispred#aa0bcb41/2@dc96f3lt.
[2026-10-08 00:57:21] (0s) Inferred that DotSyntaxBaseIgnoredExpr::DotSyntaxBaseIgnoredExpr.toStringImpl/0#dispred#dac22908/2@a8a1e547 is empty, due to _DotSyntaxBaseIgnoredExpr::DotSyntaxBaseIgnoredExpr.getMethod/0#dispred#aa0bcb41_Function::Function.__#shared/2@01c442hi.
[2026-10-08 00:57:21] (0s)  >>> First-level cache hit cached_Synth::Synth::TOtherInitializerRefExpr#c196dce5/2@72e079iu with empty relation.
[2026-10-08 00:57:21] (0s)  >>> First-level cache hit cached_Synth::Synth::TUnderlyingToOpaqueExpr#067cbe2b/2@f12a895j with empty relation.
[2026-10-08 00:57:21] (0s) Inferred that Synth::Synth::TUnderlyingToOpaqueExpr#067cbe2b_1#join_rhs/1@d14c83g2 is empty, due to cached_Synth::Synth::TUnderlyingToOpaqueExpr#067cbe2b/2@f12a895j.
[2026-10-08 00:57:21] (0s) Inferred that OtherInitializerRefExpr::Generated::OtherInitializerRefExpr.getInitializer/0#dispred#953a4b9a#fb/2@643d7eb8 is empty, due to cached_Synth::Synth::TOtherInitializerRefExpr#c196dce5/2@72e079iu.
[2026-10-08 00:57:21] (0s) Inferred that OtherInitializerRefExpr::Generated::OtherInitializerRefExpr.getInitializer/0#dispred#953a4b9a/2@e6983dbv is empty, due to cached_Synth::Synth::TOtherInitializerRefExpr#c196dce5/2@72e079iu.
[2026-10-08 00:57:21] (0s) Inferred that Synth::Synth::TOtherInitializerRefExpr#c196dce5_1#antijoin_rhs/1@1437440k is empty, due to cached_Synth::Synth::TOtherInitializerRefExpr#c196dce5/2@72e079iu.
[2026-10-08 00:57:21] (0s) Inferred that OtherInitializerRefExpr::Generated::OtherInitializerRefExpr.getInitializer/0#dispred#953a4b9a/2@14df1bb9 is empty, due to cached_Synth::Synth::TOtherInitializerRefExpr#c196dce5/2@72e079iu.
[2026-10-08 00:57:21] (0s) Inferred that OtherInitializerRefExpr::Generated::OtherInitializerRefExpr.getInitializer/0#dispred#953a4b9a/2@b45004en is empty, due to cached_Synth::Synth::TOtherInitializerRefExpr#c196dce5/2@72e079iu.
[2026-10-08 00:57:21] (0s) Inferred that OtherInitializerRefExpr::Generated::OtherInitializerRefExpr.getInitializer/0#dispred#953a4b9a/2@9f1a0cp5 is empty, due to cached_Synth::Synth::TOtherInitializerRefExpr#c196dce5/2@72e079iu.
[2026-10-08 00:57:21] (0s) Inferred that OtherInitializerRefExpr::Generated::OtherInitializerRefExpr.getInitializer/0#dispred#953a4b9a/2@11f2d828 is empty, due to cached_Synth::Synth::TOtherInitializerRefExpr#c196dce5/2@72e079iu.
[2026-10-08 00:57:21] (0s) Inferred that OtherInitializerRefExpr::Generated::OtherInitializerRefExpr.getInitializer/0#dispred#953a4b9a/2@f155745a is empty, due to cached_Synth::Synth::TOtherInitializerRefExpr#c196dce5/2@72e079iu.
[2026-10-08 00:57:21] (0s) Inferred that OtherInitializerRefExpr::Generated::OtherInitializerRefExpr.getInitializer/0#dispred#953a4b9a#fb/2@2f322cml is empty, due to cached_Synth::Synth::TOtherInitializerRefExpr#c196dce5/2@72e079iu.
[2026-10-08 00:57:21] (0s)  >>> First-level cache hit cached_Synth::Synth::TOptionalEvaluationExpr#f7ab09c0/2@df17e6o6 with empty relation.
[2026-10-08 00:57:21] (0s) Inferred that OptionalEvaluationExpr::Generated::OptionalEvaluationExpr.getImmediateSubExpr/0#dispred#f731ca9d/2@6e3b4dnb is empty, due to cached_Synth::Synth::TOptionalEvaluationExpr#f7ab09c0/2@df17e6o6.
[2026-10-08 00:57:21] (0s) Inferred that ControlFlowGraphImpl::Exprs::OptionalEvaluationTree#36d78899/2@a04e89o6 is empty, due to cached_Synth::Synth::TOptionalEvaluationExpr#f7ab09c0/2@df17e6o6.
[2026-10-08 00:57:21] (0s) Inferred that OptionalEvaluationExpr::Generated::OptionalEvaluationExpr.getSubExpr/0#dispred#88e39415/2@4a0135k8 is empty, due to cached_Synth::Synth::TOptionalEvaluationExpr#f7ab09c0/2@df17e6o6.
[2026-10-08 00:57:21] (0s) Inferred that OptionalEvaluationExpr::Generated::OptionalEvaluationExpr.getImmediateSubExpr/0#dispred#f731ca9d/2@a77b1175 is empty, due to cached_Synth::Synth::TOptionalEvaluationExpr#f7ab09c0/2@df17e6o6.
[2026-10-08 00:57:21] (0s) Inferred that OptionalEvaluationExpr::Generated::OptionalEvaluationExpr.getSubExpr/0#dispred#88e39415/2@9cba09vv is empty, due to OptionalEvaluationExpr::Generated::OptionalEvaluationExpr.getImmediateSubExpr/0#dispred#f731ca9d/2@a77b1175.
[2026-10-08 00:57:21] (0s)  >>> First-level cache hit cached_Synth::Synth::TMetatypeConversionExpr#69e49b49/2@8b01f3h6 with empty relation.
[2026-10-08 00:57:21] (0s)  >>> First-level cache hit cached_Synth::Synth::TLazyInitializationExpr#03f4fc3e/2@33bf7a7g with empty relation.
[2026-10-08 00:57:21] (0s) Inferred that Synth::Synth::TMetatypeConversionExpr#69e49b49_1#join_rhs/1@9095a6q2 is empty, due to cached_Synth::Synth::TMetatypeConversionExpr#69e49b49/2@8b01f3h6.
[2026-10-08 00:57:21] (0s)  >>> First-level cache hit cached_Synth::Synth::TKeyPathApplicationExpr#e5b19e99/2@95c73dpk with empty relation.
[2026-10-08 00:57:21] (0s) Inferred that LazyInitializationExpr::Generated::LazyInitializationExpr.getImmediateSubExpr/0#dispred#eef3374c/2@f609c80b is empty, due to cached_Synth::Synth::TLazyInitializationExpr#03f4fc3e/2@33bf7a7g.
[2026-10-08 00:57:21] (0s) Inferred that ControlFlowGraphImpl::Exprs::LazyInitializationTree#4efcb312/2@a2fcac5f is empty, due to cached_Synth::Synth::TLazyInitializationExpr#03f4fc3e/2@33bf7a7g.
[2026-10-08 00:57:21] (0s) Inferred that LazyInitializationExpr::Generated::LazyInitializationExpr.getSubExpr/0#dispred#a630b744/2@e5c076ni is empty, due to cached_Synth::Synth::TLazyInitializationExpr#03f4fc3e/2@33bf7a7g.
[2026-10-08 00:57:21] (0s) Inferred that Synth::Synth::TLazyInitializationExpr#03f4fc3e_1#antijoin_rhs/1@0f776e46 is empty, due to cached_Synth::Synth::TLazyInitializationExpr#03f4fc3e/2@33bf7a7g.
[2026-10-08 00:57:21] (0s) Inferred that LazyInitializationExpr::Generated::LazyInitializationExpr.getImmediateSubExpr/0#dispred#eef3374c/2@af1f6bdh is empty, due to cached_Synth::Synth::TLazyInitializationExpr#03f4fc3e/2@33bf7a7g.
[2026-10-08 00:57:21] (0s) Inferred that KeyPathApplicationExpr::Generated::KeyPathApplicationExpr.getImmediateBase/0#dispred#38ae9d7c/2@1ac26954 is empty, due to cached_Synth::Synth::TKeyPathApplicationExpr#e5b19e99/2@95c73dpk.
[2026-10-08 00:57:21] (0s) Inferred that KeyPathApplicationExpr::Generated::KeyPathApplicationExpr.getImmediateKeyPath/0#dispred#88cd6151/2@90551a8o is empty, due to cached_Synth::Synth::TKeyPathApplicationExpr#e5b19e99/2@95c73dpk.
[2026-10-08 00:57:21] (0s) Inferred that _Element::Generated::Element.resolve/0#6937ae00_Expr::Expr.getResolveStep/0#dispred#318c6ca3_0#antij__#join_rhs/2@61bdddht is empty, due to LazyInitializationExpr::Generated::LazyInitializationExpr.getImmediateSubExpr/0#dispred#eef3374c/2@af1f6bdh.
[2026-10-08 00:57:21] (0s) Inferred that ControlFlowGraphImpl::Exprs::KeyPathApplicationTree#efbd159e/2@874608lj is empty, due to cached_Synth::Synth::TKeyPathApplicationExpr#e5b19e99/2@95c73dpk.
[2026-10-08 00:57:21] (0s) Inferred that _Expr::Expr.getResolveStep/0#dispred#318c6ca3_0#antijoin_rhs_Synth::Synth::TKeyPathApplicationExpr#e__#shared/2@7ed751um is empty, due to cached_Synth::Synth::TKeyPathApplicationExpr#e5b19e99/2@95c73dpk.
[2026-10-08 00:57:21] (0s)  >>> First-level cache hit cached_Synth::Synth::TInjectIntoOptionalExpr#73575229/2@218195l6 with empty relation.
[2026-10-08 00:57:21] (0s) Inferred that Synth::Synth::TKeyPathApplicationExpr#e5b19e99_1#antijoin_rhs/1@6f5f73fk is empty, due to cached_Synth::Synth::TKeyPathApplicationExpr#e5b19e99/2@95c73dpk.
[2026-10-08 00:57:21] (0s) Inferred that KeyPathApplicationExpr::Generated::KeyPathApplicationExpr.getImmediateBase/0#dispred#38ae9d7c/2@a7a0c6m0 is empty, due to cached_Synth::Synth::TKeyPathApplicationExpr#e5b19e99/2@95c73dpk.
[2026-10-08 00:57:21] (0s) Inferred that KeyPathApplicationExpr::Generated::KeyPathApplicationExpr.getImmediateKeyPath/0#dispred#88cd6151/2@2e15895s is empty, due to cached_Synth::Synth::TKeyPathApplicationExpr#e5b19e99/2@95c73dpk.
[2026-10-08 00:57:21] (0s) Inferred that KeyPathApplicationExpr::Generated::KeyPathApplicationExpr.getBase/0#dispred#7746678a/2@04c2f5d0 is empty, due to _Expr::Expr.getResolveStep/0#dispred#318c6ca3_0#antijoin_rhs_Synth::Synth::TKeyPathApplicationExpr#e__#shared/2@7ed751um.
[2026-10-08 00:57:21] (0s) Inferred that KeyPathApplicationExpr::Generated::KeyPathApplicationExpr.getKeyPath/0#dispred#6938ad13/2@76aa3e2t is empty, due to _Expr::Expr.getResolveStep/0#dispred#318c6ca3_0#antijoin_rhs_Synth::Synth::TKeyPathApplicationExpr#e__#shared/2@7ed751um.
[2026-10-08 00:57:21] (0s) Inferred that CfgNodes::KeyPathApplicationExprCfgNode#dcd4d0ef/2@51b86f00 is empty, due to Synth::Synth::TKeyPathApplicationExpr#e5b19e99_1#join_rhs/1@6f5f73fk.
[2026-10-08 00:57:21] (0s) Inferred that _Expr::Expr.getResolveStep/0#dispred#318c6ca3_0#antijoin_rhs_KeyPathApplicationExpr::Generated::KeyP__#shared/2@9681b6qr is empty, due to KeyPathApplicationExpr::Generated::KeyPathApplicationExpr.getImmediateBase/0#dispred#38ae9d7c/2@a7a0c6m0.
[2026-10-08 00:57:21] (0s) Inferred that KeyPathApplicationExpr::Generated::KeyPathApplicationExpr.getKeyPath/0#dispred#6938ad13/2@3b5e6bh9 is empty, due to KeyPathApplicationExpr::Generated::KeyPathApplicationExpr.getImmediateKeyPath/0#dispred#88cd6151/2@2e15895s.
[2026-10-08 00:57:21] (0s) Inferred that DataFlowDispatch::TKeyPathCall#dom#eece413d/1@795865ta is empty, due to CfgNodes::KeyPathApplicationExprCfgNode#dcd4d0ef/2@51b86f00.
[2026-10-08 00:57:21] (0s) Inferred that CfgNodes::KeyPathApplicationExprCfgNode#dcd4d0ef_10#join_rhs/2@64c9e12l is empty, due to CfgNodes::KeyPathApplicationExprCfgNode#dcd4d0ef/2@51b86f00.
[2026-10-08 00:57:21] (0s) Inferred that DataFlowPrivate::KeyPathOutNode#f49d92ce/4@6d11c3ip is empty, due to CfgNodes::KeyPathApplicationExprCfgNode#dcd4d0ef/2@51b86f00.
[2026-10-08 00:57:21] (0s) Inferred that DataFlowPrivate::KeyPathAssignmentArgumentNode#62229d5e/2@7e157fr7 is empty, due to CfgNodes::KeyPathApplicationExprCfgNode#dcd4d0ef/2@51b86f00.
[2026-10-08 00:57:21] (0s) Inferred that CfgNodes::KeyPathApplicationExprCfgNode.getBase/0#dispred#e6fe1e2c/2@44f70ff7 is empty, due to _Expr::Expr.getResolveStep/0#dispred#318c6ca3_0#antijoin_rhs_KeyPathApplicationExpr::Generated::KeyP__#shared/2@9681b6qr.
[2026-10-08 00:57:21] (0s) Inferred that DataFlowDispatch::TKeyPathCall#27774dab/2@d9436b09 is empty, due to DataFlowDispatch::TKeyPathCall#dom#eece413d/1@795865ta.
[2026-10-08 00:57:21] (0s) Inferred that DataFlowPrivate::KeyPathOutNode#f49d92ce_120#join_rhs/3@03789bet is empty, due to DataFlowPrivate::KeyPathOutNode#f49d92ce/4@6d11c3ip.
[2026-10-08 00:57:21] (0s) Inferred that DataFlowPrivate::KeyPathAssignmentArgumentNode#62229d5e_10#join_rhs/2@4832d008 is empty, due to DataFlowPrivate::KeyPathAssignmentArgumentNode#62229d5e/2@7e157fr7.
[2026-10-08 00:57:21] (0s) Inferred that project#CfgNodes::KeyPathApplicationExprCfgNode.getBase/0#dispred#e6fe1e2c/1@858e42km is empty, due to CfgNodes::KeyPathApplicationExprCfgNode.getBase/0#dispred#e6fe1e2c/2@44f70ff7.
[2026-10-08 00:57:21] (0s) Inferred that cached_DataFlowDispatch::TKeyPathCall#27774dab/2@db4f6f86 is empty, due to DataFlowDispatch::TKeyPathCall#27774dab/2@d9436b09.
[2026-10-08 00:57:21] (0s) Inferred that Synth::Synth::TInjectIntoOptionalExpr#73575229_1#join_rhs/1@861e92p8 is empty, due to cached_Synth::Synth::TInjectIntoOptionalExpr#73575229/2@218195l6.
[2026-10-08 00:57:21] (0s)  >>> First-level cache hit cached_Synth::Synth::TAnyHashableErasureExpr#0ca15a55/2@2c3e7f0k with empty relation.
[2026-10-08 00:57:21] (0s) Inferred that Synth::Synth::TAnyHashableErasureExpr#0ca15a55_1#join_rhs/1@28c741pe is empty, due to cached_Synth::Synth::TAnyHashableErasureExpr#0ca15a55/2@2c3e7f0k.
[2026-10-08 00:57:21] (0s)  >>> Full cache hit cached_Synth::Synth::TFunctionConversionExpr#e4bc0d30/2@22c5edlb with 1 rows and digest 2d6675q986v63q44om46hl3t4cb.
[2026-10-08 00:57:21] (0s)  >>> First-level cache hit cached_Synth::Synth::TUnresolvedPatternExpr#a7c8b151/2@fbb7e2qa with empty relation.
[2026-10-08 00:57:21] (0s)  >>> First-level cache hit cached_Synth::Synth::TUnresolvedDeclRefExpr#9eff000e/2@ee9af8hf with empty relation.
[2026-10-08 00:57:21] (0s) Inferred that Synth::Synth::TUnresolvedDeclRefExpr#9eff000e_1#antijoin_rhs/1@201ee5s6 is empty, due to cached_Synth::Synth::TUnresolvedDeclRefExpr#9eff000e/2@ee9af8hf.
[2026-10-08 00:57:21] (0s) Inferred that UnresolvedDeclRefExpr::Generated::UnresolvedDeclRefExpr.getName/0#dispred#f5acde9c/2@7270d76l is empty, due to cached_Synth::Synth::TUnresolvedDeclRefExpr#9eff000e/2@ee9af8hf.
[2026-10-08 00:57:21] (0s)  >>> First-level cache hit cached_Synth::Synth::TOverloadedDeclRefExpr#72e16e49/2@018471es with empty relation.
[2026-10-08 00:57:21] (0s) Inferred that UnresolvedDeclRefExpr::Generated::UnresolvedDeclRefExpr.getName/0#dispred#f5acde9c_0#antijoin_rhs/1@c7ea40vl is empty, due to UnresolvedDeclRefExpr::Generated::UnresolvedDeclRefExpr.getName/0#dispred#f5acde9c/2@7270d76l.
[2026-10-08 00:57:21] (0s)  >>> First-level cache hit cached_Synth::Synth::TForcedCheckedCastExpr#7723bc31/2@c087f8un with empty relation.
[2026-10-08 00:57:21] (0s) Inferred that Synth::Synth::TForcedCheckedCastExpr#7723bc31_1#join_rhs/1@92c8b4j0 is empty, due to cached_Synth::Synth::TForcedCheckedCastExpr#7723bc31/2@c087f8un.
[2026-10-08 00:57:21] (0s)  >>> Full cache hit cached_Synth::Synth::TDiscardAssignmentExpr#e64fd2dc/2@0128328i with 1 rows and digest 20c159e35uuusncsg07k7rfqf3a.
[2026-10-08 00:57:21] (0s)  >>> First-level cache hit cached_Synth::Synth::TAbiSafeConversionExpr#9c7313bf/2@5f7e2dlu with empty relation.
[2026-10-08 00:57:21] (0s) Inferred that Synth::Synth::TAbiSafeConversionExpr#9c7313bf_1#join_rhs/1@53adfbl3 is empty, due to cached_Synth::Synth::TAbiSafeConversionExpr#9c7313bf/2@5f7e2dlu.
[2026-10-08 00:57:21] (0s)  >>> First-level cache hit cached_Synth::Synth::TUnresolvedMemberExpr#398da227/2@89c3430s with empty relation.
[2026-10-08 00:57:21] (0s)  >>> First-level cache hit cached_Synth::Synth::TPointerToPointerExpr#e35729e3/2@b3d055hf with empty relation.
[2026-10-08 00:57:21] (0s)  >>> First-level cache hit cached_Synth::Synth::TDynamicSubscriptExpr#2a005669/2@53cfd8re with empty relation.
[2026-10-08 00:57:21] (0s) Inferred that Synth::Synth::TPointerToPointerExpr#e35729e3_1#join_rhs/1@e9574dlb is empty, due to cached_Synth::Synth::TPointerToPointerExpr#e35729e3/2@b3d055hf.
[2026-10-08 00:57:21] (0s) Inferred that Synth::Synth::TDynamicSubscriptExpr#2a005669_1#join_rhs/1@77b764ci is empty, due to cached_Synth::Synth::TDynamicSubscriptExpr#2a005669/2@53cfd8re.
[2026-10-08 00:57:21] (0s)  >>> First-level cache hit cached_Synth::Synth::TDynamicMemberRefExpr#6da7b8cc/2@fea8698m with empty relation.
[2026-10-08 00:57:21] (0s)  >>> First-level cache hit cached_Synth::Synth::TDestructureTupleExpr#860e5a59/2@ad1baaae with empty relation.
[2026-10-08 00:57:21] (0s) Inferred that Synth::Synth::TDestructureTupleExpr#860e5a59_1#join_rhs/1@89bb22e1 is empty, due to cached_Synth::Synth::TDestructureTupleExpr#860e5a59/2@ad1baaae.
[2026-10-08 00:57:21] (0s) Inferred that Synth::Synth::TDynamicMemberRefExpr#6da7b8cc_1#join_rhs/1@85ede8dk is empty, due to cached_Synth::Synth::TDynamicMemberRefExpr#6da7b8cc/2@fea8698m.
[2026-10-08 00:57:21] (0s)  >>> First-level cache hit cached_Synth::Synth::TArchetypeToSuperExpr#a2acdb61/2@909d69po with empty relation.
[2026-10-08 00:57:21] (0s) Inferred that Synth::Synth::TArchetypeToSuperExpr#a2acdb61_1#join_rhs/1@ae66d49f is empty, due to cached_Synth::Synth::TArchetypeToSuperExpr#a2acdb61/2@909d69po.
[2026-10-08 00:57:21] (0s)  >>> First-level cache hit cached_Synth::Synth::TVarargExpansionExpr#368405ed/2@22e4d77o with empty relation.
[2026-10-08 00:57:21] (0s)  >>> First-level cache hit cached_Synth::Synth::TStringToPointerExpr#aa0ce277/2@805f4a9p with empty relation.
[2026-10-08 00:57:21] (0s) Inferred that VarargExpansionExpr::Generated::VarargExpansionExpr.getImmediateSubExpr/0#dispred#95039a85/2@f40ffa5j is empty, due to cached_Synth::Synth::TVarargExpansionExpr#368405ed/2@22e4d77o.
[2026-10-08 00:57:21] (0s) Inferred that ControlFlowGraphImpl::Exprs::VarargExpansionTree#1b8fa5b9/2@64018fq1 is empty, due to cached_Synth::Synth::TVarargExpansionExpr#368405ed/2@22e4d77o.
[2026-10-08 00:57:21] (0s) Inferred that Synth::Synth::TStringToPointerExpr#aa0ce277_1#join_rhs/1@0f03b21e is empty, due to cached_Synth::Synth::TStringToPointerExpr#aa0ce277/2@805f4a9p.
[2026-10-08 00:57:21] (0s) Inferred that VarargExpansionExpr::Generated::VarargExpansionExpr.getSubExpr/0#dispred#db583825/2@646cf00p is empty, due to cached_Synth::Synth::TVarargExpansionExpr#368405ed/2@22e4d77o.
[2026-10-08 00:57:21] (0s) Inferred that Synth::Synth::TVarargExpansionExpr#368405ed_1#antijoin_rhs/1@1d4192ep is empty, due to cached_Synth::Synth::TVarargExpansionExpr#368405ed/2@22e4d77o.
[2026-10-08 00:57:21] (0s) Inferred that VarargExpansionExpr::Generated::VarargExpansionExpr.getImmediateSubExpr/0#dispred#95039a85/2@65276ee6 is empty, due to cached_Synth::Synth::TVarargExpansionExpr#368405ed/2@22e4d77o.
[2026-10-08 00:57:21] (0s) Inferred that _Element::Generated::Element.resolve/0#6937ae00_Expr::Expr.getResolveStep/0#dispred#318c6ca3_0#antij__#join_rhs#2/2@1a71dc31 is empty, due to VarargExpansionExpr::Generated::VarargExpansionExpr.getImmediateSubExpr/0#dispred#95039a85/2@65276ee6.
[2026-10-08 00:57:21] (0s)  >>> First-level cache hit cached_Synth::Synth::TSingleValueStmtExpr#ee9fcec0/2@c0956aid with empty relation.
[2026-10-08 00:57:21] (0s) Inferred that VarargExpansionExpr::Generated::VarargExpansionExpr.getImmediateSubExpr/0#dispred#95039a85/2@ab6f14k7 is empty, due to cached_Synth::Synth::TVarargExpansionExpr#368405ed/2@22e4d77o.
[2026-10-08 00:57:21] (0s) Inferred that SingleValueStmtExpr::Generated::SingleValueStmtExpr.getStmt/0#dispred#3fc1ccef/2@7eed000g is empty, due to cached_Synth::Synth::TSingleValueStmtExpr#ee9fcec0/2@c0956aid.
[2026-10-08 00:57:21] (0s) Inferred that ControlFlowGraphImpl::Exprs::SingleValueStmtExprTree#55a24ede/2@8a7a58qk is empty, due to cached_Synth::Synth::TSingleValueStmtExpr#ee9fcec0/2@c0956aid.
[2026-10-08 00:57:21] (0s) Inferred that Synth::Synth::TSingleValueStmtExpr#ee9fcec0_10#join_rhs/2@1c1c82k6 is empty, due to cached_Synth::Synth::TSingleValueStmtExpr#ee9fcec0/2@c0956aid.
[2026-10-08 00:57:21] (0s) Inferred that VarargExpansionExpr::Generated::VarargExpansionExpr.getSubExpr/0#dispred#db583825/2@ee4f197o is empty, due to VarargExpansionExpr::Generated::VarargExpansionExpr.getImmediateSubExpr/0#dispred#95039a85/2@ab6f14k7.
[2026-10-08 00:57:21] (0s)  >>> First-level cache hit cached_Synth::Synth::TOpenExistentialExpr#69c081f6/2@4d6d8dra with empty relation.
[2026-10-08 00:57:21] (0s) Inferred that OpenExistentialExpr::Generated::OpenExistentialExpr.getImmediateExistential/0#dispred#85ee8816/2@da95fdpm is empty, due to cached_Synth::Synth::TOpenExistentialExpr#69c081f6/2@4d6d8dra.
[2026-10-08 00:57:21] (0s) Inferred that OpenExistentialExpr::Generated::OpenExistentialExpr.getImmediateSubExpr/0#dispred#c7275d80/2@7b24bcav is empty, due to cached_Synth::Synth::TOpenExistentialExpr#69c081f6/2@4d6d8dra.
[2026-10-08 00:57:21] (0s) Inferred that ControlFlowGraphImpl::Exprs::OpenExistentialTree#aab2d9fd/2@9b723cct is empty, due to cached_Synth::Synth::TOpenExistentialExpr#69c081f6/2@4d6d8dra.
[2026-10-08 00:57:21] (0s) Inferred that _Expr::Expr.getResolveStep/0#dispred#318c6ca3_0#antijoin_rhs_Synth::Synth::TOpenExistentialExpr#69c0__#shared/2@8354781d is empty, due to cached_Synth::Synth::TOpenExistentialExpr#69c081f6/2@4d6d8dra.
[2026-10-08 00:57:21] (0s) Inferred that OpenExistentialExpr::Generated::OpenExistentialExpr.getImmediateSubExpr/0#dispred#c7275d80/2@052694r3 is empty, due to cached_Synth::Synth::TOpenExistentialExpr#69c081f6/2@4d6d8dra.
[2026-10-08 00:57:21] (0s) Inferred that OpenExistentialExpr::Generated::OpenExistentialExpr.getExistential/0#dispred#b46fd36a/2@d2306443 is empty, due to _Expr::Expr.getResolveStep/0#dispred#318c6ca3_0#antijoin_rhs_Synth::Synth::TOpenExistentialExpr#69c0__#shared/2@8354781d.
[2026-10-08 00:57:21] (0s) Inferred that OpenExistentialExpr::Generated::OpenExistentialExpr.getSubExpr/0#dispred#49552a5f/2@5b1b720p is empty, due to _Expr::Expr.getResolveStep/0#dispred#318c6ca3_0#antijoin_rhs_Synth::Synth::TOpenExistentialExpr#69c0__#shared/2@8354781d.
[2026-10-08 00:57:21] (0s) Inferred that OpenExistentialExpr::Generated::OpenExistentialExpr.getSubExpr/0#dispred#49552a5f/2@aa1b16kt is empty, due to OpenExistentialExpr::Generated::OpenExistentialExpr.getImmediateSubExpr/0#dispred#c7275d80/2@052694r3.
[2026-10-08 00:57:21] (0s)  >>> First-level cache hit cached_Synth::Synth::TMaterializePackExpr#95302548/2@ce52d057 with empty relation.
[2026-10-08 00:57:21] (0s) Inferred that MaterializePackExpr::Generated::MaterializePackExpr.getImmediateSubExpr/0#dispred#af2bc32b/2@9381667i is empty, due to cached_Synth::Synth::TMaterializePackExpr#95302548/2@ce52d057.
[2026-10-08 00:57:21] (0s)  >>> First-level cache hit cached_Synth::Synth::TDefaultArgumentExpr#f8106b5f/2@9c15e378 with empty relation.
[2026-10-08 00:57:21] (0s) Inferred that ControlFlowGraphImpl::Exprs::MaterializePackExprTree#ce302072/2@05c291al is empty, due to cached_Synth::Synth::TMaterializePackExpr#95302548/2@ce52d057.
[2026-10-08 00:57:21] (0s) Inferred that MaterializePackExpr::Generated::MaterializePackExpr.getSubExpr/0#dispred#1a2fe936/2@ab39e8ub is empty, due to cached_Synth::Synth::TMaterializePackExpr#95302548/2@ce52d057.
[2026-10-08 00:57:21] (0s) Inferred that Synth::Synth::TDefaultArgumentExpr#f8106b5f_1#antijoin_rhs/1@422538jb is empty, due to cached_Synth::Synth::TDefaultArgumentExpr#f8106b5f/2@9c15e378.
[2026-10-08 00:57:21] (0s)  >>> First-level cache hit cached_Synth::Synth::TLinearFunctionExpr#fe6da37b/2@7f7ed756 with empty relation.
[2026-10-08 00:57:21] (0s)  >>> Full cache hit cached_Synth::Synth::TIntegerLiteralExpr#9ed0a0f2/2@c26a55dk with 14843 rows and digest 456507s290mo2pkkkki7fgvnff2.
[2026-10-08 00:57:21] (0s) Inferred that Synth::Synth::TLinearFunctionExpr#fe6da37b_1#join_rhs/1@917effpl is empty, due to cached_Synth::Synth::TLinearFunctionExpr#fe6da37b/2@7f7ed756.
[2026-10-08 00:57:21] (0s)  >>> First-level cache hit cached_Synth::Synth::TInOutToPointerExpr#5326128c/2@c688f9o0 with empty relation.
[2026-10-08 00:57:21] (0s) Inferred that Synth::Synth::TInOutToPointerExpr#5326128c_1#join_rhs/1@f59e43bf is empty, due to cached_Synth::Synth::TInOutToPointerExpr#5326128c/2@c688f9o0.
[2026-10-08 00:57:21] (0s)  >>> Full cache hit cached_Synth::Synth::TBridgeFromObjCExpr#867030ca/2@d3c5427b with 38 rows and digest ce38fdics16qq1m49dq978rhnt8.
[2026-10-08 00:57:21] (0s)  >>> First-level cache hit cached_Synth::Synth::TArrayToPointerExpr#b95316dd/2@eec4660b with empty relation.
[2026-10-08 00:57:21] (0s) Inferred that Synth::Synth::TArrayToPointerExpr#b95316dd_1#join_rhs/1@d7d94ao4 is empty, due to cached_Synth::Synth::TArrayToPointerExpr#b95316dd/2@eec4660b.
[2026-10-08 00:57:21] (0s)  >>> First-level cache hit cached_Synth::Synth::TUnresolvedDotExpr#fdff6bbb/2@20f1ebuq with empty relation.
[2026-10-08 00:57:21] (0s) Inferred that UnresolvedDotExpr::Generated::UnresolvedDotExpr.getImmediateBase/0#dispred#912b5e08/2@a7c7a5bq is empty, due to cached_Synth::Synth::TUnresolvedDotExpr#fdff6bbb/2@20f1ebuq.
[2026-10-08 00:57:21] (0s) Inferred that Synth::Synth::TUnresolvedDotExpr#fdff6bbb_1#antijoin_rhs/1@61c384g5 is empty, due to cached_Synth::Synth::TUnresolvedDotExpr#fdff6bbb/2@20f1ebuq.
[2026-10-08 00:57:21] (0s)  >>> Full cache hit cached_Synth::Synth::TBooleanLiteralExpr#99b3fb7f/2@de856829 with 1 rows and digest fb01fdigvmndnn1gjdk9o3juov0.
[2026-10-08 00:57:21] (0s)  >>> Full cache hit cached_Synth::Synth::TStringLiteralExpr#2798413b/2@9ac4d4ii with 474 rows and digest c0e8106tlf19vjfni2jc80pef84.
[2026-10-08 00:57:21] (0s)  >>> First-level cache hit cached_Synth::Synth::TObjectLiteralExpr#8e8a0dd9/2@64dd82pm with empty relation.
[2026-10-08 00:57:21] (0s)  >>> First-level cache hit cached_Synth::Synth::TPackExpansionExpr#75eece85/2@923cfd19 with empty relation.
[2026-10-08 00:57:21] (0s) Inferred that ObjectLiteralExpr::Generated::ObjectLiteralExpr.getArgument/1#dispred#11e79e1f/3@473828q4 is empty, due to cached_Synth::Synth::TObjectLiteralExpr#8e8a0dd9/2@64dd82pm.
[2026-10-08 00:57:21] (0s) Inferred that ObjectLiteralExpr::Generated::ObjectLiteralExpr.getNumberOfArguments/0#dispred#26ccdd9b/2@27c0f27p is empty, due to cached_Synth::Synth::TObjectLiteralExpr#8e8a0dd9/2@64dd82pm.
[2026-10-08 00:57:21] (0s) Inferred that ObjectLiteralExpr::Generated::ObjectLiteralExpr.getKind/0#dispred#15a98561/2@b16827vd is empty, due to cached_Synth::Synth::TObjectLiteralExpr#8e8a0dd9/2@64dd82pm.
[2026-10-08 00:57:21] (0s) Inferred that ObjectLiteralExpr::Generated::ObjectLiteralExpr.getArgument/1#dispred#11e79e1f_01#count_range/2@e7c74ce9 is empty, due to ObjectLiteralExpr::Generated::ObjectLiteralExpr.getArgument/1#dispred#11e79e1f/3@473828q4.
[2026-10-08 00:57:21] (0s) Inferred that ObjectLiteralExpr::Generated::ObjectLiteralExpr.getArgument/1#dispred#11e79e1f_0#antijoin_rhs/1@4e8c9drp is empty, due to ObjectLiteralExpr::Generated::ObjectLiteralExpr.getArgument/1#dispred#11e79e1f/3@473828q4.
[2026-10-08 00:57:21] (0s) Inferred that ObjectLiteralExpr::Generated::ObjectLiteralExpr.getKind/0#dispred#15a98561_10#join_rhs/2@ad7e225l is empty, due to ObjectLiteralExpr::Generated::ObjectLiteralExpr.getKind/0#dispred#15a98561/2@b16827vd.
[2026-10-08 00:57:21] (0s) Inferred that _ObjectLiteralExpr::Generated::ObjectLiteralExpr.getArgument/1#dispred#11e79e1f_01#count_range#join_rhs/2@9f18bbc5 is empty, due to ObjectLiteralExpr::Generated::ObjectLiteralExpr.getArgument/1#dispred#11e79e1f_01#count_range/2@e7c74ce9.
[2026-10-08 00:57:21] (0s) Inferred that PackExpansionExpr::Generated::PackExpansionExpr.getImmediatePatternExpr/0#dispred#002f8cb0/2@0acd4cak is empty, due to cached_Synth::Synth::TPackExpansionExpr#75eece85/2@923cfd19.
[2026-10-08 00:57:21] (0s)  >>> First-level cache hit cached_Synth::Synth::TDerivedToBaseExpr#6070e7e4/2@7ac69cve with empty relation.
[2026-10-08 00:57:21] (0s) Inferred that ControlFlowGraphImpl::Exprs::PackExpansionExprTree#62e87809/2@a7c5360d is empty, due to cached_Synth::Synth::TPackExpansionExpr#75eece85/2@923cfd19.
[2026-10-08 00:57:21] (0s) Inferred that PackExpansionExpr::Generated::PackExpansionExpr.getPatternExpr/0#dispred#7348f030/2@8f3bc2e6 is empty, due to cached_Synth::Synth::TPackExpansionExpr#75eece85/2@923cfd19.
[2026-10-08 00:57:21] (0s) Inferred that Synth::Synth::TDerivedToBaseExpr#6070e7e4_1#join_rhs/1@027b63e0 is empty, due to cached_Synth::Synth::TDerivedToBaseExpr#6070e7e4/2@7ac69cve.
[2026-10-08 00:57:21] (0s)  >>> First-level cache hit cached_Synth::Synth::TTupleElementExpr#a3b34463/2@5480d92j with empty relation.
[2026-10-08 00:57:21] (0s) Inferred that TupleElementExpr::Generated::TupleElementExpr.getImmediateSubExpr/0#dispred#3a4437e0/2@afc98apo is empty, due to cached_Synth::Synth::TTupleElementExpr#a3b34463/2@5480d92j.
[2026-10-08 00:57:21] (0s) Inferred that ControlFlowGraphImpl::Exprs::TupleElementTree#26241f4c/2@1118f3n3 is empty, due to cached_Synth::Synth::TTupleElementExpr#a3b34463/2@5480d92j.
[2026-10-08 00:57:21] (0s) Inferred that TupleElementExpr::Generated::TupleElementExpr.getSubExpr/0#dispred#ebc956b0/2@2105ablj is empty, due to cached_Synth::Synth::TTupleElementExpr#a3b34463/2@5480d92j.
[2026-10-08 00:57:21] (0s) Inferred that Synth::Synth::TTupleElementExpr#a3b34463_1#antijoin_rhs/1@be2cd9fc is empty, due to cached_Synth::Synth::TTupleElementExpr#a3b34463/2@5480d92j.
[2026-10-08 00:57:21] (0s) Inferred that TupleElementExpr::Generated::TupleElementExpr.getIndex/0#dispred#626d3b84/2@f2f3c46u is empty, due to cached_Synth::Synth::TTupleElementExpr#a3b34463/2@5480d92j.
[2026-10-08 00:57:21] (0s) Inferred that TupleElementExpr::Generated::TupleElementExpr.getImmediateSubExpr/0#dispred#3a4437e0/2@01234271 is empty, due to cached_Synth::Synth::TTupleElementExpr#a3b34463/2@5480d92j.
[2026-10-08 00:57:21] (0s) Inferred that TupleElementExpr::Generated::TupleElementExpr.getSubExpr/0#dispred#ebc956b0/2@c31f82m0 is empty, due to cached_Synth::Synth::TTupleElementExpr#a3b34463/2@5480d92j.
[2026-10-08 00:57:21] (0s) Inferred that TupleElementExpr::Generated::TupleElementExpr.getIndex/0#dispred#626d3b84_10#join_rhs/2@632cc0l5 is empty, due to TupleElementExpr::Generated::TupleElementExpr.getIndex/0#dispred#626d3b84/2@f2f3c46u.
[2026-10-08 00:57:21] (0s) Inferred that TupleElementExpr::Generated::TupleElementExpr.getSubExpr/0#dispred#ebc956b0/2@9cd8bc49 is empty, due to TupleElementExpr::Generated::TupleElementExpr.getImmediateSubExpr/0#dispred#3a4437e0/2@01234271.
[2026-10-08 00:57:21] (0s)  >>> First-level cache hit cached_Synth::Synth::TRegexLiteralExpr#c000cb56/2@6cae3cod with empty relation.
[2026-10-08 00:57:21] (0s) Inferred that _TupleElementExpr::Generated::TupleElementExpr.getIndex/0#dispred#626d3b84_10#join_rhs_TupleElementE__#shared/3@6742490j is empty, due to TupleElementExpr::Generated::TupleElementExpr.getIndex/0#dispred#626d3b84_10#join_rhs/2@632cc0l5.
[2026-10-08 00:57:21] (0s) Inferred that Synth::Synth::TRegexLiteralExpr#c000cb56_1#antijoin_rhs/1@c8299b1q is empty, due to cached_Synth::Synth::TRegexLiteralExpr#c000cb56/2@6cae3cod.
[2026-10-08 00:57:21] (0s)  >>> First-level cache hit cached_Synth::Synth::TObjCSelectorExpr#444c9092/2@9a4123kj with empty relation.
[2026-10-08 00:57:21] (0s) Inferred that ObjCSelectorExpr::Generated::ObjCSelectorExpr.getImmediateSubExpr/0#dispred#34fbcedf/2@ee32b9d5 is empty, due to cached_Synth::Synth::TObjCSelectorExpr#444c9092/2@9a4123kj.
[2026-10-08 00:57:21] (0s) Inferred that ControlFlowGraphImpl::Exprs::ObjCSelectorTree#b81ef913/2@cd1ed0aj is empty, due to cached_Synth::Synth::TObjCSelectorExpr#444c9092/2@9a4123kj.
[2026-10-08 00:57:21] (0s) Inferred that ObjCSelectorExpr::Generated::ObjCSelectorExpr.getSubExpr/0#dispred#4c0fc582/2@60ccf2t9 is empty, due to cached_Synth::Synth::TObjCSelectorExpr#444c9092/2@9a4123kj.
[2026-10-08 00:57:21] (0s)  >>> First-level cache hit cached_Synth::Synth::TPostfixUnaryExpr#e8902ee8/2@b8160b96 with empty relation.
[2026-10-08 00:57:21] (0s) Inferred that Synth::Synth::TObjCSelectorExpr#444c9092_1#antijoin_rhs/1@859b19oo is empty, due to cached_Synth::Synth::TObjCSelectorExpr#444c9092/2@9a4123kj.
[2026-10-08 00:57:21] (0s) Inferred that Synth::Synth::TPostfixUnaryExpr#e8902ee8_1#join_rhs/1@ea163a3a is empty, due to cached_Synth::Synth::TPostfixUnaryExpr#e8902ee8/2@b8160b96.
[2026-10-08 00:57:21] (0s)  >>> Full cache hit cached_Synth::Synth::TMethodLookupExpr#0ca19609/2@dfa173kt with 951 rows and digest 48a4c68c5l23b90miq6qm2embl9.
[2026-10-08 00:57:21] (0s)  >>> Full cache hit cached_Synth::Synth::TFloatLiteralExpr#f476fd54/2@b62da2e7 with 177 rows and digest ee36537c3jlvh2s0kaq85keah35.
[2026-10-08 00:57:21] (0s)  >>> Full cache hit cached_Synth::Synth::TBridgeToObjCExpr#aca5fee7/2@72b3401i with 60 rows and digest 2e01c65hqds1a2gfdpepnk0d6d4.
[2026-10-08 00:57:21] (0s)  >>> First-level cache hit cached_Synth::Synth::TBindOptionalExpr#e5116af4/2@7026b4ku with empty relation.
[2026-10-08 00:57:21] (0s)  >>> First-level cache hit cached_Synth::Synth::TUnreachableExpr#fe41eeea/2@52b214a4 with empty relation.
[2026-10-08 00:57:21] (0s) Inferred that BindOptionalExpr::Generated::BindOptionalExpr.getImmediateSubExpr/0#dispred#1c98fca6/2@7ac5d35p is empty, due to cached_Synth::Synth::TBindOptionalExpr#e5116af4/2@7026b4ku.
[2026-10-08 00:57:21] (0s) Inferred that ControlFlowGraphImpl::Exprs::BindOptionalTree#b8f025f4/2@53f30fnt is empty, due to cached_Synth::Synth::TBindOptionalExpr#e5116af4/2@7026b4ku.
[2026-10-08 00:57:21] (0s) Inferred that BindOptionalExpr::Generated::BindOptionalExpr.getSubExpr/0#dispred#54b0d4dc/2@201b2d95 is empty, due to cached_Synth::Synth::TBindOptionalExpr#e5116af4/2@7026b4ku.
[2026-10-08 00:57:21] (0s) Inferred that Synth::Synth::TBindOptionalExpr#e5116af4_1#antijoin_rhs/1@294f61qp is empty, due to cached_Synth::Synth::TBindOptionalExpr#e5116af4/2@7026b4ku.
[2026-10-08 00:57:21] (0s) Inferred that BindOptionalExpr::Generated::BindOptionalExpr.getImmediateSubExpr/0#dispred#1c98fca6/2@d424e1mj is empty, due to cached_Synth::Synth::TBindOptionalExpr#e5116af4/2@7026b4ku.
[2026-10-08 00:57:21] (0s) Inferred that BindOptionalExpr::Generated::BindOptionalExpr.getSubExpr/0#dispred#54b0d4dc/2@369188gp is empty, due to BindOptionalExpr::Generated::BindOptionalExpr.getImmediateSubExpr/0#dispred#1c98fca6/2@d424e1mj.
[2026-10-08 00:57:21] (0s) Inferred that Synth::Synth::TUnreachableExpr#fe41eeea_1#join_rhs/1@19e957kn is empty, due to cached_Synth::Synth::TUnreachableExpr#fe41eeea/2@52b214a4.
[2026-10-08 00:57:21] (0s)  >>> First-level cache hit cached_Synth::Synth::TPrefixUnaryExpr#16ae17d6/2@59dec7r4 with empty relation.
[2026-10-08 00:57:21] (0s) Inferred that Synth::Synth::TPrefixUnaryExpr#16ae17d6_1#join_rhs/1@e424927h is empty, due to cached_Synth::Synth::TPrefixUnaryExpr#16ae17d6/2@59dec7r4.
[2026-10-08 00:57:21] (0s)  >>> First-level cache hit cached_Synth::Synth::TPackElementExpr#a2e17bdb/2@125b910s with empty relation.
[2026-10-08 00:57:21] (0s) Inferred that LogicalOperation::unaryHasName/2#4dd50c32/2@acc07f87 is empty, due to Synth::Synth::TPrefixUnaryExpr#16ae17d6_1#join_rhs/1@e424927h.
[2026-10-08 00:57:21] (0s) Inferred that PrefixUnaryExpr::PrefixUnaryExpr.getOperand/0#dispred#16cb7189/2@f3f20dlt is empty, due to Synth::Synth::TPrefixUnaryExpr#16ae17d6_1#join_rhs/1@e424927h.
[2026-10-08 00:57:21] (0s) Inferred that PrefixUnaryExpr::PrefixUnaryExpr.getOperand/0#dispred#16cb7189/2@d22d2172 is empty, due to Synth::Synth::TPrefixUnaryExpr#16ae17d6_1#antijoin_rhs/1@e424927h.
[2026-10-08 00:57:21] (0s) Inferred that ArithmeticOperation::UnaryPlusExpr#68fe5c2d/1@0f6ff653 is empty, due to Synth::Synth::TPrefixUnaryExpr#16ae17d6_1#antijoin_rhs/1@e424927h.
[2026-10-08 00:57:21] (0s) Inferred that PrefixUnaryExpr::PrefixUnaryExpr.getOperand/0#dispred#16cb7189/2@54130c5u is empty, due to Synth::Synth::TPrefixUnaryExpr#16ae17d6_1#join_rhs/1@e424927h.
[2026-10-08 00:57:21] (0s) Inferred that ArithmeticOperation::UnaryArithmeticOperation#4f59bf0a/1@9afda0u9 is empty, due to Synth::Synth::TPrefixUnaryExpr#16ae17d6_1#join_rhs/1@e424927h.
[2026-10-08 00:57:21] (0s) Inferred that BitwiseOperation::UnaryBitwiseOperation#3a9b1727/1@294bcc3t is empty, due to Synth::Synth::TPrefixUnaryExpr#16ae17d6_1#join_rhs/1@e424927h.
[2026-10-08 00:57:21] (0s) Inferred that LogicalOperation::unaryHasName/2#4dd50c32_10#join_rhs/2@8ce330nl is empty, due to LogicalOperation::unaryHasName/2#4dd50c32/2@acc07f87.
[2026-10-08 00:57:21] (0s) Inferred that _ControlFlowGraphImpl::Exprs::LogicalNotTree#64a8279a_Expr::Expr.getFullyConverted/0#dispred#e3fb566__#join_rhs/2@b4bb08vn is empty, due to PrefixUnaryExpr::PrefixUnaryExpr.getOperand/0#dispred#16cb7189/2@f3f20dlt.
[2026-10-08 00:57:21] (0s) Inferred that ControlFlowGraphImpl::Exprs::LogicalNotTree#64a8279a/2@8f3c3ai7 is empty, due to LogicalOperation::unaryHasName/2#4dd50c32_10#join_rhs/2@8ce330nl.
[2026-10-08 00:57:21] (0s) Inferred that PackElementExpr::Generated::PackElementExpr.getImmediateSubExpr/0#dispred#e5eb7983/2@6354a07o is empty, due to cached_Synth::Synth::TPackElementExpr#a2e17bdb/2@125b910s.
[2026-10-08 00:57:21] (0s) Inferred that ControlFlowGraphImpl::Exprs::PackElementExprTree#6ec74e54/2@ecba984p is empty, due to cached_Synth::Synth::TPackElementExpr#a2e17bdb/2@125b910s.
[2026-10-08 00:57:21] (0s) Inferred that PackElementExpr::Generated::PackElementExpr.getSubExpr/0#dispred#0c347ba0/2@5438ad70 is empty, due to cached_Synth::Synth::TPackElementExpr#a2e17bdb/2@125b910s.
[2026-10-08 00:57:21] (0s)  >>> First-level cache hit cached_Synth::Synth::TOptionalTryExpr#0f092936/2@c7fb6aj5 with empty relation.
[2026-10-08 00:57:21] (0s) Inferred that Synth::Synth::TOptionalTryExpr#0f092936_1#join_rhs/1@50fe552j is empty, due to cached_Synth::Synth::TOptionalTryExpr#0f092936/2@c7fb6aj5.
[2026-10-08 00:57:21] (0s)  >>> First-level cache hit cached_Synth::Synth::TOpaqueValueExpr#b4fc1e55/2@da0cea53 with empty relation.
[2026-10-08 00:57:21] (0s)  >>> First-level cache hit cached_Synth::Synth::TDynamicTypeExpr#16d385bf/2@1c8b16f1 with empty relation.
[2026-10-08 00:57:21] (0s) Inferred that DynamicTypeExpr::Generated::DynamicTypeExpr.getImmediateBase/0#dispred#4c25a2d9/2@485f550q is empty, due to cached_Synth::Synth::TDynamicTypeExpr#16d385bf/2@1c8b16f1.
[2026-10-08 00:57:21] (0s) Inferred that ControlFlowGraphImpl::Exprs::DynamicTypeTree#8de22b18/2@6018a9hk is empty, due to cached_Synth::Synth::TDynamicTypeExpr#16d385bf/2@1c8b16f1.
[2026-10-08 00:57:21] (0s) Inferred that DynamicTypeExpr::Generated::DynamicTypeExpr.getBase/0#dispred#9b1d95f2/2@bbd57d4h is empty, due to cached_Synth::Synth::TDynamicTypeExpr#16d385bf/2@1c8b16f1.
[2026-10-08 00:57:21] (0s) Inferred that Synth::Synth::TDynamicTypeExpr#16d385bf_1#antijoin_rhs/1@81fa8cv8 is empty, due to cached_Synth::Synth::TDynamicTypeExpr#16d385bf/2@1c8b16f1.
[2026-10-08 00:57:21] (0s)  >>> First-level cache hit cached_Synth::Synth::TUnsafeCastExpr#e98b616b/2@1da95c0l with empty relation.
[2026-10-08 00:57:21] (0s) Inferred that Synth::Synth::TUnsafeCastExpr#e98b616b_1#join_rhs/1@0e8f632i is empty, due to cached_Synth::Synth::TUnsafeCastExpr#e98b616b/2@1da95c0l.
[2026-10-08 00:57:21] (0s)  >>> First-level cache hit cached_Synth::Synth::TCaptureListExpr#4e5ecb1c/2@e4f6e7b0 with empty relation.
[2026-10-08 00:57:21] (0s) Inferred that CaptureListExpr::Generated::CaptureListExpr.getBindingDecl/1#dispred#8f91690a/3@365bdcld is empty, due to cached_Synth::Synth::TCaptureListExpr#4e5ecb1c/2@e4f6e7b0.
[2026-10-08 00:57:21] (0s) Inferred that CaptureListExpr::Generated::CaptureListExpr.getNumberOfBindingDecls/0#dispred#46e7e62f/2@5b1424kd is empty, due to cached_Synth::Synth::TCaptureListExpr#4e5ecb1c/2@e4f6e7b0.
[2026-10-08 00:57:21] (0s) Inferred that CaptureListExpr::Generated::CaptureListExpr.getImmediateClosureBody/0#dispred#a264ebaf/2@9aadda6v is empty, due to cached_Synth::Synth::TCaptureListExpr#4e5ecb1c/2@e4f6e7b0.
[2026-10-08 00:57:21] (0s) Inferred that CaptureListExpr::Generated::CaptureListExpr.getNumberOfVariables/0#dispred#6a207b20/2@f3b513fv is empty, due to cached_Synth::Synth::TCaptureListExpr#4e5ecb1c/2@e4f6e7b0.
[2026-10-08 00:57:21] (0s) Inferred that ControlFlowGraphImpl::Exprs::CaptureListTree#03f4b23a/2@a75444rg is empty, due to cached_Synth::Synth::TCaptureListExpr#4e5ecb1c/2@e4f6e7b0.
[2026-10-08 00:57:21] (0s) Inferred that CaptureListExpr::Generated::CaptureListExpr.getClosureBody/0#dispred#f4fccc06/2@34cb11ni is empty, due to cached_Synth::Synth::TCaptureListExpr#4e5ecb1c/2@e4f6e7b0.
[2026-10-08 00:57:21] (0s) Inferred that Synth::Synth::TCaptureListExpr#4e5ecb1c_1#antijoin_rhs/1@a104f53k is empty, due to cached_Synth::Synth::TCaptureListExpr#4e5ecb1c/2@e4f6e7b0.
[2026-10-08 00:57:21] (0s) Inferred that CaptureListExpr::Generated::CaptureListExpr.getBindingDecl/1#dispred#8f91690a_01#count_range/2@7a9149pj is empty, due to CaptureListExpr::Generated::CaptureListExpr.getBindingDecl/1#dispred#8f91690a/3@365bdcld.
[2026-10-08 00:57:21] (0s) Inferred that CaptureListExpr::Generated::CaptureListExpr.getBindingDecl/1#dispred#8f91690a_0#antijoin_rhs/1@ef8aa0r3 is empty, due to CaptureListExpr::Generated::CaptureListExpr.getBindingDecl/1#dispred#8f91690a/3@365bdcld.
[2026-10-08 00:57:21] (0s) Inferred that CaptureListExpr::CaptureListExpr.getVariable/1#dispred#96e296a1/3@c5ae0061 is empty, due to CaptureListExpr::Generated::CaptureListExpr.getBindingDecl/1#dispred#8f91690a/3@365bdcld.
[2026-10-08 00:57:21] (0s)  >>> Full cache hit cached_Synth::Synth::TNilLiteralExpr#d121107c/2@e4a19605 with 1 rows and digest 5a18e7993vkj32ehq07a4dd4pb9.
[2026-10-08 00:57:21] (0s) Inferred that _CaptureListExpr::Generated::CaptureListExpr.getBindingDecl/1#dispred#8f91690a_01#count_range#join_rhs/2@fd29d14s is empty, due to CaptureListExpr::Generated::CaptureListExpr.getBindingDecl/1#dispred#8f91690a_01#count_range/2@7a9149pj.
[2026-10-08 00:57:21] (0s) Inferred that CaptureListExpr::CaptureListExpr.getVariable/1#dispred#96e296a1_01#count_range/2@e0bba24r is empty, due to CaptureListExpr::CaptureListExpr.getVariable/1#dispred#96e296a1/3@c5ae0061.
[2026-10-08 00:57:21] (0s) Inferred that CaptureListExpr::CaptureListExpr.getVariable/1#dispred#96e296a1_0#antijoin_rhs/1@7ac73c3t is empty, due to CaptureListExpr::CaptureListExpr.getVariable/1#dispred#96e296a1/3@c5ae0061.
[2026-10-08 00:57:21] (0s) Inferred that _CaptureListExpr::CaptureListExpr.getVariable/1#dispred#96e296a1_01#count_range#join_rhs/2@cd3b3cfc is empty, due to CaptureListExpr::CaptureListExpr.getVariable/1#dispred#96e296a1_01#count_range/2@e0bba24r.
[2026-10-08 00:57:21] (0s)  >>> First-level cache hit cached_Synth::Synth::TKeyPathDotExpr#ffba864a/2@fa0ae5ae with empty relation.
[2026-10-08 00:57:21] (0s)  >>> First-level cache hit cached_Synth::Synth::TForceValueExpr#46e88c3b/2@d6a553f4 with empty relation.
[2026-10-08 00:57:21] (0s) Inferred that ForceValueExpr::Generated::ForceValueExpr.getImmediateSubExpr/0#dispred#c624875c/2@1a28edfp is empty, due to cached_Synth::Synth::TForceValueExpr#46e88c3b/2@d6a553f4.
[2026-10-08 00:57:21] (0s) Inferred that ControlFlowGraphImpl::Exprs::ForceValueTree#5d68f4a1/2@e93e76gk is empty, due to cached_Synth::Synth::TForceValueExpr#46e88c3b/2@d6a553f4.
[2026-10-08 00:57:21] (0s) Inferred that Synth::Synth::TKeyPathDotExpr#ffba864a_1#antijoin_rhs/1@68d3c2aq is empty, due to cached_Synth::Synth::TKeyPathDotExpr#ffba864a/2@fa0ae5ae.
[2026-10-08 00:57:21] (0s) Inferred that ForceValueExpr::Generated::ForceValueExpr.getSubExpr/0#dispred#6e2865d4/2@46a6a04o is empty, due to cached_Synth::Synth::TForceValueExpr#46e88c3b/2@d6a553f4.
[2026-10-08 00:57:21] (0s) Inferred that Synth::Synth::TForceValueExpr#46e88c3b_1#antijoin_rhs/1@575a80pk is empty, due to cached_Synth::Synth::TForceValueExpr#46e88c3b/2@d6a553f4.
[2026-10-08 00:57:21] (0s) Inferred that ForceValueExpr::Generated::ForceValueExpr.getImmediateSubExpr/0#dispred#c624875c/2@69a899q1 is empty, due to cached_Synth::Synth::TForceValueExpr#46e88c3b/2@d6a553f4.
[2026-10-08 00:57:21] (0s) Inferred that ForceValueExpr::Generated::ForceValueExpr.getImmediateSubExpr/0#dispred#c624875c/2@378e14ga is empty, due to cached_Synth::Synth::TForceValueExpr#46e88c3b/2@d6a553f4.
[2026-10-08 00:57:21] (0s) Inferred that ForceValueExpr::Generated::ForceValueExpr.getSubExpr/0#dispred#6e2865d4/2@26617f1o is empty, due to ForceValueExpr::Generated::ForceValueExpr.getImmediateSubExpr/0#dispred#c624875c/2@69a899q1.
[2026-10-08 00:57:21] (0s) Inferred that ForceValueExpr::Generated::ForceValueExpr.getSubExpr/0#dispred#6e2865d4_10#join_rhs/2@bafcc9as is empty, due to ForceValueExpr::Generated::ForceValueExpr.getSubExpr/0#dispred#6e2865d4/2@26617f1o.
[2026-10-08 00:57:21] (0s) Inferred that _CfgNodes::ExprCfgNode#e4dc5a6d_10#join_rhs_ForceValueExpr::Generated::ForceValueExpr.getSubExpr/0#d__#join_rhs/2@40a758iq is empty, due to ForceValueExpr::Generated::ForceValueExpr.getSubExpr/0#dispred#6e2865d4_10#join_rhs/2@bafcc9as.
[2026-10-08 00:57:21] (0s)  >>> First-level cache hit cached_Synth::Synth::TEnumIsCaseExpr#3123b215/2@0c79f2ji with empty relation.
[2026-10-08 00:57:21] (0s) Inferred that EnumIsCaseExpr::Generated::EnumIsCaseExpr.getImmediateSubExpr/0#dispred#3086005c/2@3b7285j0 is empty, due to cached_Synth::Synth::TEnumIsCaseExpr#3123b215/2@0c79f2ji.
[2026-10-08 00:57:21] (0s) Inferred that ControlFlowGraphImpl::Exprs::EnumIsCaseTree#f798c0ff/2@81d3ffkh is empty, due to cached_Synth::Synth::TEnumIsCaseExpr#3123b215/2@0c79f2ji.
[2026-10-08 00:57:21] (0s) Inferred that EnumIsCaseExpr::Generated::EnumIsCaseExpr.getSubExpr/0#dispred#58ad6568/2@1e22071m is empty, due to cached_Synth::Synth::TEnumIsCaseExpr#3123b215/2@0c79f2ji.
[2026-10-08 00:57:21] (0s) Inferred that Synth::Synth::TEnumIsCaseExpr#3123b215_1#antijoin_rhs/1@8864b565 is empty, due to cached_Synth::Synth::TEnumIsCaseExpr#3123b215/2@0c79f2ji.
[2026-10-08 00:57:21] (0s)  >>> First-level cache hit cached_Synth::Synth::TDictionaryExpr#0a7110a3/2@d5b85285 with empty relation.
[2026-10-08 00:57:21] (0s) Inferred that DictionaryExpr::Generated::DictionaryExpr.getImmediateElement/1#dispred#01f48f9a/3@48daf5cn is empty, due to cached_Synth::Synth::TDictionaryExpr#0a7110a3/2@d5b85285.
[2026-10-08 00:57:21] (0s) Inferred that ControlFlowGraphImpl::Exprs::DictionaryLiteralTree#a17d8237/2@74d269mo is empty, due to cached_Synth::Synth::TDictionaryExpr#0a7110a3/2@d5b85285.
[2026-10-08 00:57:21] (0s) Inferred that DictionaryExpr::Generated::DictionaryExpr.getImmediateElement/1#dispred#01f48f9a/3@38293002 is empty, due to cached_Synth::Synth::TDictionaryExpr#0a7110a3/2@d5b85285.
[2026-10-08 00:57:21] (0s) Inferred that Synth::Synth::TDictionaryExpr#0a7110a3_1#antijoin_rhs/1@9860b746 is empty, due to cached_Synth::Synth::TDictionaryExpr#0a7110a3/2@d5b85285.
[2026-10-08 00:57:21] (0s)  >>> First-level cache hit cached_Synth::Synth::TTypeValueExpr#c5cf603d/2@1bf76bc7 with empty relation.
[2026-10-08 00:57:21] (0s) Inferred that DictionaryExpr::Generated::DictionaryExpr.getImmediateElement/1#dispred#01f48f9a/3@520a440o is empty, due to cached_Synth::Synth::TDictionaryExpr#0a7110a3/2@d5b85285.
[2026-10-08 00:57:21] (0s) Inferred that _DictionaryExpr::Generated::DictionaryExpr.getImmediateElement/1#dispred#01f48f9a#max_range/2@2d3c28m4 is empty, due to DictionaryExpr::Generated::DictionaryExpr.getImmediateElement/1#dispred#01f48f9a/3@48daf5cn.
[2026-10-08 00:57:21] (0s) Inferred that _DictionaryExpr::Generated::DictionaryExpr.getImmediateElement/1#dispred#01f48f9a#max_term/3@ae88c6l5 is empty, due to DictionaryExpr::Generated::DictionaryExpr.getImmediateElement/1#dispred#01f48f9a/3@48daf5cn.
[2026-10-08 00:57:21] (0s) Inferred that ControlFlowGraphImpl::Exprs::DictionaryLiteralTree#a17d8237_10#join_rhs/2@3fa862io is empty, due to ControlFlowGraphImpl::Exprs::DictionaryLiteralTree#a17d8237/2@74d269mo.
[2026-10-08 00:57:21] (0s) Inferred that DictionaryExpr::Generated::DictionaryExpr.getAnElement/0#dispred#c2b975dc/2@07915f2m is empty, due to DictionaryExpr::Generated::DictionaryExpr.getImmediateElement/1#dispred#01f48f9a/3@520a440o.
[2026-10-08 00:57:21] (0s) Inferred that __DictionaryExpr::Generated::DictionaryExpr.getImmediateElement/1#dispred#01f48f9a#max_range__Dictio__#join_rhs/1@7250bbof is empty, due to _DictionaryExpr::Generated::DictionaryExpr.getImmediateElement/1#dispred#01f48f9a#max_range/2@2d3c28m4.
[2026-10-08 00:57:21] (0s)  >>> Full cache hit cached_Synth::Synth::TSubscriptExpr#aa4a4343/2@bd2104f7 with 1 rows and digest 8c397d0mmrhfaacc1mbbkopjso1.
[2026-10-08 00:57:21] (0s)  >>> First-level cache hit cached_Synth::Synth::TSuperRefExpr#4d1b7b74/2@e9fc8ce6 with empty relation.
[2026-10-08 00:57:21] (0s) Inferred that Synth::Synth::TSuperRefExpr#4d1b7b74_1#antijoin_rhs/1@cd0e4a5a is empty, due to cached_Synth::Synth::TSuperRefExpr#4d1b7b74/2@e9fc8ce6.
[2026-10-08 00:57:21] (0s)  >>> Full cache hit cached_Synth::Synth::TMemberRefExpr#87b2de3a/2@1bf4c2n4 with 1401 rows and digest 9fd3fbd9f5fmft9669c48qdp46f.
[2026-10-08 00:57:21] (0s)  >>> First-level cache hit cached_Synth::Synth::TSequenceExpr#32ecc61a/2@ae6a6dlo with empty relation.
[2026-10-08 00:57:21] (0s) Inferred that SequenceExpr::Generated::SequenceExpr.getImmediateElement/1#dispred#0126392c/3@511a16vd is empty, due to cached_Synth::Synth::TSequenceExpr#32ecc61a/2@ae6a6dlo.
[2026-10-08 00:57:21] (0s)  >>> First-level cache hit cached_Synth::Synth::TForceTryExpr#aca35586/2@18221b0p with empty relation.
[2026-10-08 00:57:21] (0s) Inferred that _SequenceExpr::Generated::SequenceExpr.getImmediateElement/1#dispred#0126392c#max_range/2@9c5fc99d is empty, due to SequenceExpr::Generated::SequenceExpr.getImmediateElement/1#dispred#0126392c/3@511a16vd.
[2026-10-08 00:57:21] (0s) Inferred that _SequenceExpr::Generated::SequenceExpr.getImmediateElement/1#dispred#0126392c#max_term/3@478377on is empty, due to SequenceExpr::Generated::SequenceExpr.getImmediateElement/1#dispred#0126392c/3@511a16vd.
[2026-10-08 00:57:21] (0s) Inferred that __SequenceExpr::Generated::SequenceExpr.getImmediateElement/1#dispred#0126392c#max_range__SequenceEx__#join_rhs/1@54ce6192 is empty, due to _SequenceExpr::Generated::SequenceExpr.getImmediateElement/1#dispred#0126392c#max_range/2@9c5fc99d.
[2026-10-08 00:57:21] (0s) Inferred that Synth::Synth::TForceTryExpr#aca35586_1#join_rhs/1@0f4139gi is empty, due to cached_Synth::Synth::TForceTryExpr#aca35586/2@18221b0p.
[2026-10-08 00:57:21] (0s)  >>> First-level cache hit cached_Synth::Synth::TKeyPathExpr#d2a0a362/2@31c31efq with empty relation.
[2026-10-08 00:57:21] (0s)  >>> First-level cache hit cached_Synth::Synth::TErasureExpr#b856878f/2@381a3but with empty relation.
[2026-10-08 00:57:21] (0s) Inferred that KeyPathExpr::Generated::KeyPathExpr.getComponent/1#dispred#432613d1/3@ffb6a703 is empty, due to cached_Synth::Synth::TKeyPathExpr#d2a0a362/2@31c31efq.
[2026-10-08 00:57:21] (0s) Inferred that KeyPathExpr::Generated::KeyPathExpr.getNumberOfComponents/0#dispred#f667fa97/2@56a62bos is empty, due to cached_Synth::Synth::TKeyPathExpr#d2a0a362/2@31c31efq.
[2026-10-08 00:57:21] (0s) Inferred that KeyPathExpr::Generated::KeyPathExpr.getRoot/0#dispred#33c7a14c/2@308bd35t is empty, due to cached_Synth::Synth::TKeyPathExpr#d2a0a362/2@31c31efq.
[2026-10-08 00:57:21] (0s) Inferred that ControlFlowElements::TKeyPathElement#dom#f10df078/1@775d5761 is empty, due to cached_Synth::Synth::TKeyPathExpr#d2a0a362/2@31c31efq.
[2026-10-08 00:57:21] (0s) Inferred that Synth::Synth::TErasureExpr#b856878f_1#join_rhs/1@f6dec16o is empty, due to cached_Synth::Synth::TErasureExpr#b856878f/2@381a3but.
[2026-10-08 00:57:21] (0s) Inferred that KeyPathExpr::Generated::KeyPathExpr.getComponent/1#dispred#432613d1_01#count_range/2@2e9469sc is empty, due to KeyPathExpr::Generated::KeyPathExpr.getComponent/1#dispred#432613d1/3@ffb6a703.
[2026-10-08 00:57:21] (0s) Inferred that KeyPathExpr::Generated::KeyPathExpr.getComponent/1#dispred#432613d1_0#antijoin_rhs/1@6a02c4e3 is empty, due to KeyPathExpr::Generated::KeyPathExpr.getComponent/1#dispred#432613d1/3@ffb6a703.
[2026-10-08 00:57:21] (0s) Inferred that KeyPathComponent::KeyPathComponent.getNextComponent/0#dispred#0ffbfee6/2@6f7cc88f is empty, due to KeyPathExpr::Generated::KeyPathExpr.getComponent/1#dispred#432613d1/3@ffb6a703.
[2026-10-08 00:57:21] (0s) Inferred that KeyPathExpr::Generated::KeyPathExpr.getComponent/1#dispred#432613d1_120#join_rhs/3@42aee78f is empty, due to KeyPathExpr::Generated::KeyPathExpr.getComponent/1#dispred#432613d1/3@ffb6a703.
[2026-10-08 00:57:21] (0s) Inferred that ControlFlowElements::TKeyPathElement#b129b1c7/2@69f0d63h is empty, due to ControlFlowElements::TKeyPathElement#dom#f10df078/1@775d5761.
[2026-10-08 00:57:21] (0s) Inferred that Ssa::Ssa::SsaInput::TKeyPathSourceVariable#dom#15ef7cb5/1@9fe010a5 is empty, due to Synth::Synth::TKeyPathExpr#d2a0a362_1#join_rhs/1@775d5761.
[2026-10-08 00:57:21] (0s) Inferred that DataFlowPrivate::TKeyPathReturnNode#dom#57f84076/1@43f9b9k7 is empty, due to Synth::Synth::TKeyPathExpr#d2a0a362_1#join_rhs/1@775d5761.
[2026-10-08 00:57:21] (0s) Inferred that KeyPathExpr::Generated::KeyPathExpr.getNumberOfComponents/0#dispred#f667fa97/2@2f0015lu is empty, due to Synth::Synth::TKeyPathExpr#d2a0a362_1#join_rhs/1@775d5761.
[2026-10-08 00:57:21] (0s) Inferred that _KeyPathExpr::Generated::KeyPathExpr.getComponent/1#dispred#432613d1_01#count_range#join_rhs/2@406beclb is empty, due to KeyPathExpr::Generated::KeyPathExpr.getComponent/1#dispred#432613d1_01#count_range/2@2e9469sc.
[2026-10-08 00:57:21] (0s) Inferred that KeyPathComponent::KeyPathComponent.getNextComponent/0#dispred#0ffbfee6_10#join_rhs/2@89fbaf7g is empty, due to KeyPathComponent::KeyPathComponent.getNextComponent/0#dispred#0ffbfee6/2@6f7cc88f.
[2026-10-08 00:57:21] (0s) Inferred that cached_ControlFlowElements::TKeyPathElement#b129b1c7/2@8fb2b37h is empty, due to ControlFlowElements::TKeyPathElement#b129b1c7/2@69f0d63h.
[2026-10-08 00:57:21] (0s) Inferred that num#Ssa::Ssa::SsaInput::TKeyPathSourceVariable#96b937dc/2@bd8bafa1 is empty, due to Ssa::Ssa::SsaInput::TKeyPathSourceVariable#dom#15ef7cb5/1@9fe010a5.
[2026-10-08 00:57:21] (0s) Inferred that DataFlowPrivate::TKeyPathParameterNode#3b6d215d/2@c8d35c1m is empty, due to DataFlowPrivate::TKeyPathParameterNode#dom#d517c3e0/1@9fe010a5.
[2026-10-08 00:57:21] (0s) Inferred that DataFlowPrivate::TKeyPathParameterPostUpdateNode#b12a6191/2@96efb07d is empty, due to DataFlowPrivate::TKeyPathParameterNode#dom#d517c3e0/1@9fe010a5.
[2026-10-08 00:57:21] (0s) Inferred that DataFlowPrivate::TKeyPathReturnNode#d261fe57/2@120c47qa is empty, due to DataFlowPrivate::TKeyPathReturnNode#dom#57f84076/1@43f9b9k7.
[2026-10-08 00:57:21] (0s) Inferred that DataFlowPrivate::TKeyPathReturnPostUpdateNode#02247d28/2@2e80682j is empty, due to DataFlowPrivate::TKeyPathReturnNode#dom#57f84076/1@43f9b9k7.
[2026-10-08 00:57:21] (0s) Inferred that Ssa::Ssa::SsaInput::SourceVariable.asKeyPath/0#dispred#dfdcbd97/2@db4696dn is empty, due to num#Ssa::Ssa::SsaInput::TKeyPathSourceVariable#96b937dc/2@bd8bafa1.
[2026-10-08 00:57:21] (0s) Inferred that _ControlFlowGraphImplSpecific::CfgImpl::Cached::Public::getNodeCfgScope/1#0b45c2c9_DataFlowPrivate::__#shared#2/2@ccaf9ega is empty, due to DataFlowPrivate::TKeyPathParameterNode#3b6d215d/2@c8d35c1m.
[2026-10-08 00:57:21] (0s) Inferred that cached_DataFlowPrivate::TKeyPathParameterNode#3b6d215d/2@410265fi is empty, due to DataFlowPrivate::TKeyPathParameterNode#3b6d215d/2@c8d35c1m.
[2026-10-08 00:57:21] (0s) Inferred that cached_DataFlowPrivate::TKeyPathParameterPostUpdateNode#b12a6191/2@ed445d58 is empty, due to DataFlowPrivate::TKeyPathParameterPostUpdateNode#b12a6191/2@96efb07d.
[2026-10-08 00:57:21] (0s) Inferred that _ControlFlowGraphImplSpecific::CfgImpl::Cached::Public::getNodeCfgScope/1#0b45c2c9_DataFlowPrivate::__#shared/2@7fe99978 is empty, due to DataFlowPrivate::TKeyPathReturnNode#d261fe57/2@120c47qa.
[2026-10-08 00:57:21] (0s) Inferred that cached_DataFlowPrivate::TKeyPathReturnNode#d261fe57/2@f49b35li is empty, due to DataFlowPrivate::TKeyPathReturnNode#d261fe57/2@120c47qa.
[2026-10-08 00:57:21] (0s) Inferred that _ControlFlowGraphImplSpecific::CfgImpl::Cached::Public::getNodeCfgScope/1#0b45c2c9_DataFlowPrivate::__#shared#1/2@ae26b2df is empty, due to DataFlowPrivate::TKeyPathReturnPostUpdateNode#02247d28/2@2e80682j.
[2026-10-08 00:57:21] (0s) Inferred that cached_DataFlowPrivate::TKeyPathReturnPostUpdateNode#02247d28/2@96be547v is empty, due to DataFlowPrivate::TKeyPathReturnPostUpdateNode#02247d28/2@2e80682j.
[2026-10-08 00:57:21] (0s) Inferred that DataFlowPrivate::KeyPathParameterNode.isParameterOf/2#dispred#e6b9d143#cpe#12/2@157e04i9 is empty, due to _ControlFlowGraphImplSpecific::CfgImpl::Cached::Public::getNodeCfgScope/1#0b45c2c9_DataFlowPrivate::__#shared#2/2@ccaf9ega.
[2026-10-08 00:57:21] (0s) Inferred that DataFlowPrivate::KeyPathReturnNodeImpl.getKeyPathExpr/0#dispred#ed36f7c4/2@de2907m0 is empty, due to _ControlFlowGraphImplSpecific::CfgImpl::Cached::Public::getNodeCfgScope/1#0b45c2c9_DataFlowPrivate::__#shared/2@7fe99978.
[2026-10-08 00:57:21] (0s) Inferred that DataFlowPrivate::KeyPathReturnPostUpdateNode.getKeyPathExpr/0#dispred#ed1d1dd7/2@4eefc15c is empty, due to _ControlFlowGraphImplSpecific::CfgImpl::Cached::Public::getNodeCfgScope/1#0b45c2c9_DataFlowPrivate::__#shared#1/2@ae26b2df.
[2026-10-08 00:57:21] (0s) Inferred that DataFlowPrivate::KeyPathReturnNodeImpl.getKeyPathExpr/0#dispred#ed36f7c4_10#join_rhs/2@744b06jl is empty, due to DataFlowPrivate::KeyPathReturnNodeImpl.getKeyPathExpr/0#dispred#ed36f7c4/2@de2907m0.
[2026-10-08 00:57:21] (0s) Inferred that DataFlowPrivate::KeyPathReturnPostUpdateNode.getKeyPathExpr/0#dispred#ed1d1dd7_10#join_rhs/2@c08f6469 is empty, due to DataFlowPrivate::KeyPathReturnPostUpdateNode.getKeyPathExpr/0#dispred#ed1d1dd7/2@4eefc15c.
[2026-10-08 00:57:21] (0s)  >>> First-level cache hit cached_Synth::Synth::TDotSelfExpr#2af432ab/2@e85b6a0p with empty relation.
[2026-10-08 00:57:21] (0s) Inferred that Synth::Synth::TDotSelfExpr#2af432ab_1#join_rhs/1@53c290eg is empty, due to cached_Synth::Synth::TDotSelfExpr#2af432ab/2@e85b6a0p.
[2026-10-08 00:57:21] (0s)  >>> First-level cache hit cached_Synth::Synth::TConsumeExpr#6debb2d8/2@6b4f96pi with empty relation.
[2026-10-08 00:57:21] (0s) Inferred that ConsumeExpr::Generated::ConsumeExpr.getImmediateSubExpr/0#dispred#ac9e2db9/2@6bf221ff is empty, due to cached_Synth::Synth::TConsumeExpr#6debb2d8/2@6b4f96pi.
[2026-10-08 00:57:21] (0s) Inferred that ControlFlowGraphImpl::Exprs::ConsumeExprTree#5b93c2f4/2@49e8dfin is empty, due to cached_Synth::Synth::TConsumeExpr#6debb2d8/2@6b4f96pi.
[2026-10-08 00:57:21] (0s) Inferred that ConsumeExpr::Generated::ConsumeExpr.getSubExpr/0#dispred#d4535c4c/2@57d543mu is empty, due to cached_Synth::Synth::TConsumeExpr#6debb2d8/2@6b4f96pi.
[2026-10-08 00:57:21] (0s)  >>> First-level cache hit cached_Synth::Synth::TUnsafeExpr#5c199287/2@9793536j with empty relation.
[2026-10-08 00:57:21] (0s) Inferred that Synth::Synth::TUnsafeExpr#5c199287_1#join_rhs/1@1e7a1bsu is empty, due to cached_Synth::Synth::TUnsafeExpr#5c199287/2@9793536j.
[2026-10-08 00:57:21] (0s)  >>> First-level cache hit cached_Synth::Synth::TOneWayExpr#b4202b84/2@53bd2276 with empty relation.
[2026-10-08 00:57:21] (0s) Inferred that OneWayExpr::Generated::OneWayExpr.getImmediateSubExpr/0#dispred#ea633a76/2@365ad4kn is empty, due to cached_Synth::Synth::TOneWayExpr#b4202b84/2@53bd2276.
[2026-10-08 00:57:21] (0s) Inferred that ControlFlowGraphImpl::Exprs::OneWayTree#cb2df409/2@517e9c41 is empty, due to cached_Synth::Synth::TOneWayExpr#b4202b84/2@53bd2276.
[2026-10-08 00:57:21] (0s) Inferred that OneWayExpr::Generated::OneWayExpr.getImmediateSubExpr/0#dispred#ea633a76/2@276a61rh is empty, due to cached_Synth::Synth::TOneWayExpr#b4202b84/2@53bd2276.
[2026-10-08 00:57:21] (0s) Inferred that Synth::Synth::TOneWayExpr#b4202b84_1#antijoin_rhs/1@9ea6f9ui is empty, due to cached_Synth::Synth::TOneWayExpr#b4202b84/2@53bd2276.
[2026-10-08 00:57:21] (0s) Inferred that OneWayExpr::Generated::OneWayExpr.getImmediateSubExpr/0#dispred#ea633a76/2@0fa60dmr is empty, due to cached_Synth::Synth::TOneWayExpr#b4202b84/2@53bd2276.
[2026-10-08 00:57:21] (0s) Inferred that OneWayExpr::Generated::OneWayExpr.getSubExpr/0#dispred#c18e12d1/2@20c5d1ss is empty, due to OneWayExpr::Generated::OneWayExpr.getImmediateSubExpr/0#dispred#ea633a76/2@276a61rh.
[2026-10-08 00:57:21] (0s) Inferred that OneWayExpr::Generated::OneWayExpr.getSubExpr/0#dispred#c18e12d1/2@1c2e71i4 is empty, due to OneWayExpr::Generated::OneWayExpr.getImmediateSubExpr/0#dispred#ea633a76/2@0fa60dmr.
[2026-10-08 00:57:21] (0s) Inferred that OneWayExpr::Generated::OneWayExpr.getSubExpr/0#dispred#c18e12d1_10#join_rhs/2@33cc1dd8 is empty, due to OneWayExpr::Generated::OneWayExpr.getSubExpr/0#dispred#c18e12d1/2@1c2e71i4.
[2026-10-08 00:57:21] (0s)  >>> Full cache hit cached_Synth::Synth::TDeclRefExpr#d9fd4dc9/2@30d0ffe0 with 12258 rows and digest a6e1293rslebhgf3eibqofjvmi0.
[2026-10-08 00:57:21] (0s)  >>> First-level cache hit cached_Synth::Synth::TBorrowExpr#0b4a36c6/2@5e4be0jn with empty relation.
[2026-10-08 00:57:21] (0s)  >>> Full cache hit cached_Synth::Synth::TCoerceExpr#39192c64/2@c9b3526g with 98 rows and digest f96be3l517mlivp7f8q00dlh5fc.
[2026-10-08 00:57:21] (0s) Inferred that Synth::Synth::TBorrowExpr#0b4a36c6_1#join_rhs/1@cf74975a is empty, due to cached_Synth::Synth::TBorrowExpr#0b4a36c6/2@5e4be0jn.
[2026-10-08 00:57:21] (0s)  >>> Full cache hit cached_Synth::Synth::TBinaryExpr#db62cefe/2@87e3c192 with 1 rows and digest 52654co5fnt20g2k5qj5gait8fe.
[2026-10-08 00:57:21] (0s)  >>> Full cache hit cached_Synth::Synth::TAssignExpr#4d91050c/2@40fbff87 with 3109 rows and digest ff9214d7ad4oroh8hg8bhse2s95.
[2026-10-08 00:57:21] (0s)  >>> First-level cache hit cached_Synth::Synth::TTupleExpr#29bd1b0a/2@262e14j1 with empty relation.
[2026-10-08 00:57:21] (0s) Inferred that TupleExpr::Generated::TupleExpr.getImmediateElement/1#dispred#96eaeafe/3@5efb9fg9 is empty, due to cached_Synth::Synth::TTupleExpr#29bd1b0a/2@262e14j1.
[2026-10-08 00:57:21] (0s) Inferred that ControlFlowGraphImpl::Exprs::TupleTree#c270585a/2@27aa4bdm is empty, due to cached_Synth::Synth::TTupleExpr#29bd1b0a/2@262e14j1.
[2026-10-08 00:57:21] (0s) Inferred that TupleExpr::Generated::TupleExpr.getImmediateElement/1#dispred#96eaeafe/3@1690c1k9 is empty, due to cached_Synth::Synth::TTupleExpr#29bd1b0a/2@262e14j1.
[2026-10-08 00:57:21] (0s) Inferred that Synth::Synth::TTupleExpr#29bd1b0a_1#antijoin_rhs/1@59313bqc is empty, due to cached_Synth::Synth::TTupleExpr#29bd1b0a/2@262e14j1.
[2026-10-08 00:57:21] (0s) Inferred that TupleExpr::Generated::TupleExpr.getImmediateElement/1#dispred#96eaeafe/3@a4e22ade is empty, due to cached_Synth::Synth::TTupleExpr#29bd1b0a/2@262e14j1.
[2026-10-08 00:57:21] (0s) Inferred that TupleExpr::Generated::TupleExpr.getImmediateElement/1#dispred#96eaeafe/3@b2bb49vi is empty, due to cached_Synth::Synth::TTupleExpr#29bd1b0a/2@262e14j1.
[2026-10-08 00:57:21] (0s) Inferred that TupleExpr::Generated::TupleExpr.getImmediateElement/1#dispred#96eaeafe/3@4701f1qn is empty, due to cached_Synth::Synth::TTupleExpr#29bd1b0a/2@262e14j1.
[2026-10-08 00:57:21] (0s) Inferred that _TupleExpr::Generated::TupleExpr.getImmediateElement/1#dispred#96eaeafe#max_range/2@a4a508ni is empty, due to TupleExpr::Generated::TupleExpr.getImmediateElement/1#dispred#96eaeafe/3@5efb9fg9.
[2026-10-08 00:57:21] (0s) Inferred that _TupleExpr::Generated::TupleExpr.getImmediateElement/1#dispred#96eaeafe#max_term/3@20ffd550 is empty, due to TupleExpr::Generated::TupleExpr.getImmediateElement/1#dispred#96eaeafe/3@5efb9fg9.
[2026-10-08 00:57:21] (0s)  >>> First-level cache hit cached_Synth::Synth::TParenExpr#81d40ae0/2@a5bab0cg with empty relation.
[2026-10-08 00:57:21] (0s) Inferred that ControlFlowGraphImpl::Exprs::TupleTree#c270585a_10#join_rhs/2@a40f2btk is empty, due to ControlFlowGraphImpl::Exprs::TupleTree#c270585a/2@27aa4bdm.
[2026-10-08 00:57:21] (0s) Inferred that TupleExpr::Generated::TupleExpr.getImmediateElement/1#dispred#96eaeafe_102#join_rhs/3@9a2185nh is empty, due to TupleExpr::Generated::TupleExpr.getImmediateElement/1#dispred#96eaeafe/3@a4e22ade.
[2026-10-08 00:57:21] (0s) Inferred that TupleExpr::Generated::TupleExpr.getElement/1#dispred#37228a9a/3@37dfa27e is empty, due to TupleExpr::Generated::TupleExpr.getImmediateElement/1#dispred#96eaeafe/3@b2bb49vi.
[2026-10-08 00:57:21] (0s) Inferred that TupleExpr::Generated::TupleExpr.getImmediateElement/1#dispred#96eaeafe_102#join_rhs/3@aa9927qt is empty, due to TupleExpr::Generated::TupleExpr.getImmediateElement/1#dispred#96eaeafe/3@4701f1qn.
[2026-10-08 00:57:21] (0s) Inferred that __TupleExpr::Generated::TupleExpr.getImmediateElement/1#dispred#96eaeafe#max_range__TupleExpr::Gener__#join_rhs/1@4f2e66qo is empty, due to _TupleExpr::Generated::TupleExpr.getImmediateElement/1#dispred#96eaeafe#max_range/2@a4a508ni.
[2026-10-08 00:57:21] (0s) Inferred that DataFlowPrivate::TTupleContent#dom#71e703a3/1@b1271b51 is empty, due to TupleExpr::Generated::TupleExpr.getElement/1#dispred#37228a9a/3@37dfa27e.
[2026-10-08 00:57:21] (0s) Inferred that TupleExpr::Generated::TupleExpr.getElement/1#dispred#37228a9a_102#join_rhs/3@1bf33bve is empty, due to TupleExpr::Generated::TupleExpr.getElement/1#dispred#37228a9a/3@37dfa27e.
[2026-10-08 00:57:21] (0s) Inferred that DataFlowPrivate::TTupleContent#94e22c35/2@96d249gk is empty, due to DataFlowPrivate::TTupleContent#dom#71e703a3/1@b1271b51.
[2026-10-08 00:57:21] (0s) Inferred that DataFlowPrivate::TTupleContent#94e22c35_1#join_rhs/1@bcaac897 is empty, due to DataFlowPrivate::TTupleContent#94e22c35/2@96d249gk.
[2026-10-08 00:57:21] (0s) Inferred that _DataFlowPrivate::TSingletonContent#7a03e3e2_DataFlowPrivate::TTupleContent#94e22c35#shared/2@f2d3f3s6 is empty, due to DataFlowPrivate::TTupleContent#94e22c35/2@96d249gk.
[2026-10-08 00:57:21] (0s) Inferred that _DataFlowPrivate::TDictionarySubscriptNode#bb14851e_DataFlowPrivate::TSingletonContent#7a03e3e2_Data__#shared/3@dbaf91bs is empty, due to DataFlowPrivate::TTupleContent#94e22c35/2@96d249gk.
[2026-10-08 00:57:21] (0s) Inferred that cached_DataFlowPrivate::TTupleContent#94e22c35/2@8b9ec8e0 is empty, due to DataFlowPrivate::TTupleContent#94e22c35/2@96d249gk.
[2026-10-08 00:57:21] (0s) Inferred that Synth::Synth::TParenExpr#81d40ae0_1#join_rhs/1@c828b83t is empty, due to cached_Synth::Synth::TParenExpr#81d40ae0/2@a5bab0cg.
[2026-10-08 00:57:21] (0s)  >>> First-level cache hit cached_Synth::Synth::TErrorExpr#cc07fd89/2@1fe2e1ag with empty relation.
[2026-10-08 00:57:21] (0s)  >>> Full cache hit cached_Synth::Synth::TInOutExpr#44321ca1/2@cfb0c1m8 with 761 rows and digest 092725155a9ine2i983310dhoqa.
[2026-10-08 00:57:21] (0s)  >>> First-level cache hit cached_Synth::Synth::TAwaitExpr#6204bb36/2@f57a4dsq with empty relation.
[2026-10-08 00:57:21] (0s) Inferred that Synth::Synth::TAwaitExpr#6204bb36_1#join_rhs/1@a7f0a492 is empty, due to cached_Synth::Synth::TAwaitExpr#6204bb36/2@f57a4dsq.
[2026-10-08 00:57:21] (0s)  >>> Full cache hit cached_Synth::Synth::TArrayExpr#8890e100/2@3606681p with 3 rows and digest 1d38a5e9prncbf95n7pv82dt8c0.
[2026-10-08 00:57:21] (0s)  >>> First-level cache hit cached_Synth::Synth::TLoadExpr#f2bc71da/2@83f84ag1 with empty relation.
[2026-10-08 00:57:21] (0s) Inferred that Synth::Synth::TLoadExpr#f2bc71da_1#join_rhs/1@532796dn is empty, due to cached_Synth::Synth::TLoadExpr#f2bc71da/2@83f84ag1.
[2026-10-08 00:57:21] (0s)  >>> First-level cache hit cached_Synth::Synth::TCopyExpr#df1dd922/2@381dcf46 with empty relation.
[2026-10-08 00:57:21] (0s) Inferred that CopyExpr::Generated::CopyExpr.getImmediateSubExpr/0#dispred#cb9a8662/2@d41160tt is empty, due to cached_Synth::Synth::TCopyExpr#df1dd922/2@381dcf46.
[2026-10-08 00:57:21] (0s) Inferred that ControlFlowGraphImpl::Exprs::CopyExprTree#4b32ef53/2@8c34a4f8 is empty, due to cached_Synth::Synth::TCopyExpr#df1dd922/2@381dcf46.
[2026-10-08 00:57:21] (0s) Inferred that CopyExpr::Generated::CopyExpr.getSubExpr/0#dispred#141b1e34/2@983af3os is empty, due to cached_Synth::Synth::TCopyExpr#df1dd922/2@381dcf46.
[2026-10-08 00:57:21] (0s)  >>> Full cache hit cached_Synth::Synth::TTypeExpr#b91ffb42/2@02a62fnc with 953 rows and digest 66ab78jk3aeeqjq0jf1tu28a3o1.
[2026-10-08 00:57:21] (0s)  >>> Full cache hit cached_Synth::Synth::TCallExpr#5b2e69bc/2@ac6e2ca5 with 5169 rows and digest 07b8b3l44slaovqt77qsabr2019.
[2026-10-08 00:57:21] (0s)  >>> First-level cache hit cached_Synth::Synth::TTapExpr#846ec96a/2@904b5dhq with empty relation.
[2026-10-08 00:57:21] (0s)  >>> Full cache hit cached_Synth::Synth::TTryExpr#e15e67f5/2@23e87dm1 with 1 rows and digest 81ad4edt9421rpm6bpemkai9hr9.
[2026-10-08 00:57:21] (0s) Inferred that TapExpr::Generated::TapExpr.getBody/0#dispred#4d5cdd10/2@d336b41m is empty, due to cached_Synth::Synth::TTapExpr#846ec96a/2@904b5dhq.
[2026-10-08 00:57:21] (0s) Inferred that TapExpr::Generated::TapExpr.getImmediateSubExpr/0#dispred#f0eaddd8/2@0cab1cqt is empty, due to cached_Synth::Synth::TTapExpr#846ec96a/2@904b5dhq.
[2026-10-08 00:57:21] (0s) Inferred that ControlFlowGraphImpl::Exprs::TapExprTree#25ea11c1/2@f5e833je is empty, due to cached_Synth::Synth::TTapExpr#846ec96a/2@904b5dhq.
[2026-10-08 00:57:21] (0s) Inferred that TapExpr::Generated::TapExpr.getSubExpr/0#dispred#7736fb47/2@03272blr is empty, due to cached_Synth::Synth::TTapExpr#846ec96a/2@904b5dhq.
[2026-10-08 00:57:21] (0s) Inferred that TapExpr::Generated::TapExpr.getVar/0#dispred#47d1a6b5/2@5ff3296n is empty, due to cached_Synth::Synth::TTapExpr#846ec96a/2@904b5dhq.
[2026-10-08 00:57:21] (0s) Inferred that TapExpr::Generated::TapExpr.getImmediateSubExpr/0#dispred#f0eaddd8/2@f61f4dp1 is empty, due to cached_Synth::Synth::TTapExpr#846ec96a/2@904b5dhq.
[2026-10-08 00:57:21] (0s) Inferred that TapExpr::Generated::TapExpr.getImmediateSubExpr/0#dispred#f0eaddd8/2@15e40b7d is empty, due to cached_Synth::Synth::TTapExpr#846ec96a/2@904b5dhq.
[2026-10-08 00:57:21] (0s) Inferred that _Expr::Expr.getResolveStep/0#dispred#318c6ca3_0#antijoin_rhs_TapExpr::Generated::TapExpr.getImmediat__#shared/2@b00fa0ac is empty, due to TapExpr::Generated::TapExpr.getImmediateSubExpr/0#dispred#f0eaddd8/2@f61f4dp1.
[2026-10-08 00:57:21] (0s) Inferred that _Expr::Expr.getResolveStep/0#dispred#318c6ca3_0#antijoin_rhs_TapExpr::Generated::TapExpr.getImmediat__#shared/2@e83b49d5 is empty, due to TapExpr::Generated::TapExpr.getImmediateSubExpr/0#dispred#f0eaddd8/2@15e40b7d.
[2026-10-08 00:57:21] (0s) Inferred that TapExpr::Generated::TapExpr.getSubExpr/0#dispred#7736fb47/2@f7d528n4 is empty, due to _Expr::Expr.getResolveStep/0#dispred#318c6ca3_0#antijoin_rhs_TapExpr::Generated::TapExpr.getImmediat__#shared/2@b00fa0ac.
[2026-10-08 00:57:21] (0s) Inferred that TapExpr::Generated::TapExpr.getSubExpr/0#dispred#7736fb47/2@389397iu is empty, due to _Expr::Expr.getResolveStep/0#dispred#318c6ca3_0#antijoin_rhs_TapExpr::Generated::TapExpr.getImmediat__#shared/2@e83b49d5.
[2026-10-08 00:57:21] (0s)  >>> First-level cache hit cached_Synth::Synth::TIsExpr#e5607cdc/2@834e3ec6 with empty relation.
[2026-10-08 00:57:21] (0s) Inferred that Synth::Synth::TIsExpr#e5607cdc_1#join_rhs/1@11e969ks is empty, due to cached_Synth::Synth::TIsExpr#e5607cdc/2@834e3ec6.
[2026-10-08 00:57:21] (0s) Inferred that ControlFlowGraphImpl::Exprs::IsTree#1f7ef8b0/2@6b4c763m is empty, due to cached_Synth::Synth::TIsExpr#e5607cdc/2@834e3ec6.
[2026-10-08 00:57:21] (0s)  >>> First-level cache hit cached_Synth::Synth::TIfExpr#0dd62e70/2@d935f787 with empty relation.
[2026-10-08 00:57:21] (0s) Inferred that IfExpr::Generated::IfExpr.getImmediateCondition/0#dispred#9e95f85f/2@e409d1u6 is empty, due to cached_Synth::Synth::TIfExpr#0dd62e70/2@d935f787.
[2026-10-08 00:57:21] (0s) Inferred that IfExpr::Generated::IfExpr.getImmediateElseExpr/0#dispred#0068860d/2@0e3c7f66 is empty, due to cached_Synth::Synth::TIfExpr#0dd62e70/2@d935f787.
[2026-10-08 00:57:21] (0s) Inferred that IfExpr::Generated::IfExpr.getImmediateThenExpr/0#dispred#d2e27c38/2@f81f80q7 is empty, due to cached_Synth::Synth::TIfExpr#0dd62e70/2@d935f787.
[2026-10-08 00:57:21] (0s) Inferred that ControlFlowGraphImpl::Exprs::IfTree#a7e65e91/2@e758e10g is empty, due to cached_Synth::Synth::TIfExpr#0dd62e70/2@d935f787.
[2026-10-08 00:57:21] (0s) Inferred that _Expr::Expr.getResolveStep/0#dispred#318c6ca3_0#antijoin_rhs_Synth::Synth::TIfExpr#0dd62e70#shared/2@a4e0db9e is empty, due to cached_Synth::Synth::TIfExpr#0dd62e70/2@d935f787.
[2026-10-08 00:57:21] (0s) Inferred that Synth::Synth::TIfExpr#0dd62e70_1#antijoin_rhs/1@7196a8u5 is empty, due to cached_Synth::Synth::TIfExpr#0dd62e70/2@d935f787.
[2026-10-08 00:57:21] (0s) Inferred that IfExpr::Generated::IfExpr.getImmediateElseExpr/0#dispred#0068860d/2@5f4f759f is empty, due to cached_Synth::Synth::TIfExpr#0dd62e70/2@d935f787.
[2026-10-08 00:57:21] (0s) Inferred that IfExpr::Generated::IfExpr.getImmediateThenExpr/0#dispred#d2e27c38/2@371af405 is empty, due to cached_Synth::Synth::TIfExpr#0dd62e70/2@d935f787.
[2026-10-08 00:57:21] (0s) Inferred that IfExpr::Generated::IfExpr.getImmediateElseExpr/0#dispred#0068860d/2@1e11b8a6 is empty, due to cached_Synth::Synth::TIfExpr#0dd62e70/2@d935f787.
[2026-10-08 00:57:21] (0s) Inferred that IfExpr::Generated::IfExpr.getImmediateThenExpr/0#dispred#d2e27c38/2@448c64g2 is empty, due to cached_Synth::Synth::TIfExpr#0dd62e70/2@d935f787.
[2026-10-08 00:57:21] (0s) Inferred that IfExpr::IfExpr.getBranch/1#dispred#85052849/3@14074e9t is empty, due to cached_Synth::Synth::TIfExpr#0dd62e70/2@d935f787.
[2026-10-08 00:57:21] (0s) Inferred that _ControlFlowGraphImpl::Exprs::IfTree#a7e65e91_Expr::Expr.getFullyConverted/0#dispred#e3fb566d#bf_IfE__#join_rhs/2@bf4a8f10 is empty, due to ControlFlowGraphImpl::Exprs::IfTree#a7e65e91/2@e758e10g.
[2026-10-08 00:57:21] (0s) Inferred that IfExpr::Generated::IfExpr.getCondition/0#dispred#45c2f310/2@3b6a79io is empty, due to _Expr::Expr.getResolveStep/0#dispred#318c6ca3_0#antijoin_rhs_Synth::Synth::TIfExpr#0dd62e70#shared/2@a4e0db9e.
[2026-10-08 00:57:21] (0s) Inferred that IfExpr::IfExpr.getBranch/1#dispred#85052849/3@78fb32df is empty, due to _Expr::Expr.getResolveStep/0#dispred#318c6ca3_0#antijoin_rhs_Synth::Synth::TIfExpr#0dd62e70#shared/2@a4e0db9e.
[2026-10-08 00:57:21] (0s) Inferred that _Expr::Expr.getResolveStep/0#dispred#318c6ca3_0#antijoin_rhs_IfExpr::Generated::IfExpr.getImmediateE__#shared/2@19ea940i is empty, due to IfExpr::Generated::IfExpr.getImmediateElseExpr/0#dispred#0068860d/2@5f4f759f.
[2026-10-08 00:57:21] (0s) Inferred that _Expr::Expr.getResolveStep/0#dispred#318c6ca3_0#antijoin_rhs_IfExpr::Generated::IfExpr.getImmediateE__#shared/2@b02eed2i is empty, due to IfExpr::Generated::IfExpr.getImmediateElseExpr/0#dispred#0068860d/2@5f4f759f.
[2026-10-08 00:57:21] (0s) Inferred that _Expr::Expr.getResolveStep/0#dispred#318c6ca3_0#antijoin_rhs_IfExpr::Generated::IfExpr.getImmediateT__#shared/2@f46c6euh is empty, due to IfExpr::Generated::IfExpr.getImmediateThenExpr/0#dispred#d2e27c38/2@371af405.
[2026-10-08 00:57:21] (0s) Inferred that _Expr::Expr.getResolveStep/0#dispred#318c6ca3_0#antijoin_rhs_IfExpr::Generated::IfExpr.getImmediateT__#shared/2@cedea1t9 is empty, due to IfExpr::Generated::IfExpr.getImmediateThenExpr/0#dispred#d2e27c38/2@371af405.
[2026-10-08 00:57:21] (0s)  >>> Full cache hit cached_Synth::Synth::TReturnStmt#df2ab8bc/2@10df35nh with 19334 rows and digest fe9129s3g3f4lgj2tldiomu9ba1.
[2026-10-08 00:57:21] (0s) Inferred that IfExpr::IfExpr.getBranch/1#dispred#85052849_02#join_rhs/2@9d6e1cqq is empty, due to IfExpr::IfExpr.getBranch/1#dispred#85052849/3@78fb32df.
[2026-10-08 00:57:21] (0s)  >>> First-level cache hit cached_Synth::Synth::TPoundDiagnosticDecl#d3399477/2@d168bd2o with empty relation.
[2026-10-08 00:57:21] (0s) Inferred that PoundDiagnosticDecl::Generated::PoundDiagnosticDecl.getImmediateMessage/0#dispred#7b350af1/2@139445sk is empty, due to cached_Synth::Synth::TPoundDiagnosticDecl#d3399477/2@d168bd2o.
[2026-10-08 00:57:21] (0s) Inferred that Synth::Synth::TPoundDiagnosticDecl#d3399477_1#join_rhs/1@5d39b7p1 is empty, due to cached_Synth::Synth::TPoundDiagnosticDecl#d3399477/2@d168bd2o.
[2026-10-08 00:57:21] (0s) Inferred that PoundDiagnosticDecl::Generated::PoundDiagnosticDecl.getKind/0#dispred#67cce978/2@708ad1hv is empty, due to cached_Synth::Synth::TPoundDiagnosticDecl#d3399477/2@d168bd2o.
[2026-10-08 00:57:21] (0s) Inferred that PoundDiagnosticDecl::Generated::PoundDiagnosticDecl.getKind/0#dispred#67cce978_10#join_rhs/2@e08f9da7 is empty, due to PoundDiagnosticDecl::Generated::PoundDiagnosticDecl.getKind/0#dispred#67cce978/2@708ad1hv.
[2026-10-08 00:57:21] (0s)  >>> Full cache hit cached_Synth::Synth::TPrecedenceGroupDecl#4784d5d9/2@921e3a36 with 13 rows and digest b5dd61fqpkcseki637hk3r4k28f.
[2026-10-08 00:57:21] (0s)  >>> Full cache hit cached_Synth::Synth::TPostfixOperatorDecl#6def445d/2@50273dft with 3 rows and digest 6f3dfcvjvegi525rakgaklb50q5.
[2026-10-08 00:57:21] (0s)  >>> Full cache hit cached_Synth::Synth::TPrefixOperatorDecl#383f6a1b/2@9146db1u with 9 rows and digest d61e38c0rrauojfdlpsljhj6js8.
[2026-10-08 00:57:21] (0s)  >>> Full cache hit cached_Synth::Synth::TMissingMemberDecl#59cfcae4/2@b3302349 with 2 rows and digest d5c87ff3kg575ogj5k927qrlt3c.
[2026-10-08 00:57:21] (0s)  >>> Full cache hit cached_Synth::Synth::TPatternBindingDecl#b9107b65/2@1972b94v with 7701 rows and digest af63f91uo84nk0280suguu7fn16.
[2026-10-08 00:57:21] (0s)  >>> First-level cache hit cached_Synth::Synth::TTopLevelCodeDecl#fb4ec4ee/2@b154dacv with empty relation.
[2026-10-08 00:57:21] (0s) Inferred that TopLevelCodeDecl::Generated::TopLevelCodeDecl.getBody/0#dispred#95df219b/2@062db0la is empty, due to cached_Synth::Synth::TTopLevelCodeDecl#fb4ec4ee/2@b154dacv.
[2026-10-08 00:57:21] (0s) Inferred that TopLevelEntryPoint::Generated::TopLevelEntryPoint.getDeclaration/1#dispred#8de153c8/3@cf10ecl2 is empty, due to cached_Synth::Synth::TTopLevelCodeDecl#fb4ec4ee/2@b154dacv.
[2026-10-08 00:57:21] (0s) Inferred that Synth::Synth::TTopLevelCodeDecl#fb4ec4ee_1#join_rhs/1@64c117pv is empty, due to cached_Synth::Synth::TTopLevelCodeDecl#fb4ec4ee/2@b154dacv.
[2026-10-08 00:57:21] (0s) Inferred that ControlFlowGraphImpl::TopLevelCodeTree#8f12a902/2@8e21513e is empty, due to cached_Synth::Synth::TTopLevelCodeDecl#fb4ec4ee/2@b154dacv.
[2026-10-08 00:57:21] (0s) Inferred that Synth::Synth::TTopLevelCodeDecl#fb4ec4ee_10#join_rhs/2@1b0ba4bv is empty, due to cached_Synth::Synth::TTopLevelCodeDecl#fb4ec4ee/2@b154dacv.
[2026-10-08 00:57:21] (0s) Inferred that TopLevelEntryPoint::Generated::TopLevelEntryPoint.getDeclaration/1#dispred#8de153c8_01#count_range/2@2929992n is empty, due to TopLevelEntryPoint::Generated::TopLevelEntryPoint.getDeclaration/1#dispred#8de153c8/3@cf10ecl2.
[2026-10-08 00:57:21] (0s) Inferred that TopLevelEntryPoint::Generated::TopLevelEntryPoint.getDeclaration/1#dispred#8de153c8_0#antijoin_rhs/1@4ce2d4cv is empty, due to TopLevelEntryPoint::Generated::TopLevelEntryPoint.getDeclaration/1#dispred#8de153c8/3@cf10ecl2.
[2026-10-08 00:57:21] (0s) Inferred that _TopLevelEntryPoint::Generated::TopLevelEntryPoint.getDeclaration/1#dispred#8de153c8_01#count_range#join_rhs/2@19199aqe is empty, due to TopLevelEntryPoint::Generated::TopLevelEntryPoint.getDeclaration/1#dispred#8de153c8_01#count_range/2@2929992n.
[2026-10-08 00:57:21] (0s)  >>> Full cache hit cached_Synth::Synth::TInfixOperatorDecl#4aa5ee2c/2@a59c30l1 with 57 rows and digest 6797f4edhi4gluhh85as16pta81.
[2026-10-08 00:57:21] (0s)  >>> First-level cache hit cached_Synth::Synth::TIfConfigDecl#43f53a30/2@893fd7t9 with empty relation.
[2026-10-08 00:57:21] (0s) Inferred that Synth::Synth::TIfConfigDecl#43f53a30_1#antijoin_rhs/1@901b713d is empty, due to cached_Synth::Synth::TIfConfigDecl#43f53a30/2@893fd7t9.
[2026-10-08 00:57:21] (0s)  >>> Full cache hit cached_Synth::Synth::TExtensionDecl#cddc3503/2@6e51d0bc with 4471 rows and digest b1d734lgb3ouqfnt8kj171i2c05.
[2026-10-08 00:57:21] (0s)  >>> First-level cache hit cached_Synth::Synth::TCapturedDecl#676ccadd/2@ba2e6e8s with empty relation.
[2026-10-08 00:57:21] (0s) Inferred that Callable::Generated::Callable.getCapture/1#dispred#20645baa/3@8489097d is empty, due to cached_Synth::Synth::TCapturedDecl#676ccadd/2@ba2e6e8s.
[2026-10-08 00:57:21] (0s)  >>> First-level cache hit cached_Synth::Synth::TEnumCaseDecl#6ce3f6d5/2@61bbf1mr with empty relation.
[2026-10-08 00:57:21] (0s) Inferred that Synth::Synth::TCapturedDecl#676ccadd_1#antijoin_rhs/1@9c30accr is empty, due to cached_Synth::Synth::TCapturedDecl#676ccadd/2@ba2e6e8s.
[2026-10-08 00:57:21] (0s) Inferred that CapturedDecl::Generated::CapturedDecl.getDecl/0#dispred#89eb733c/2@0eab9fv3 is empty, due to cached_Synth::Synth::TCapturedDecl#676ccadd/2@ba2e6e8s.
[2026-10-08 00:57:21] (0s) Inferred that _Synth::Synth::TCapturedDecl#676ccadd_callable_captures#shared/1@989c69sa is empty, due to cached_Synth::Synth::TCapturedDecl#676ccadd/2@ba2e6e8s.
[2026-10-08 00:57:21] (0s) Inferred that CapturedDecl::Generated::CapturedDecl.getDecl/0#dispred#89eb733c/2@cc90b04q is empty, due to cached_Synth::Synth::TCapturedDecl#676ccadd/2@ba2e6e8s.
[2026-10-08 00:57:21] (0s) Inferred that DataFlowPrivate::CaptureInput::ClosureExpr#ac30421e/1@59cbfaj3 is empty, due to cached_Synth::Synth::TCapturedDecl#676ccadd/2@ba2e6e8s.
[2026-10-08 00:57:21] (0s) Inferred that CapturedDecl::Generated::CapturedDecl.getDecl/0#dispred#89eb733c/2@450a11oj is empty, due to cached_Synth::Synth::TCapturedDecl#676ccadd/2@ba2e6e8s.
[2026-10-08 00:57:21] (0s) Inferred that CapturedDecl::Generated::CapturedDecl.getDecl/0#dispred#89eb733c/2@beddd35g is empty, due to cached_Synth::Synth::TCapturedDecl#676ccadd/2@ba2e6e8s.
[2026-10-08 00:57:21] (0s) Inferred that CapturedDecl::Generated::CapturedDecl.getDecl/0#dispred#89eb733c/2@eba54cvq is empty, due to cached_Synth::Synth::TCapturedDecl#676ccadd/2@ba2e6e8s.
[2026-10-08 00:57:21] (0s) Inferred that Callable::Generated::Callable.getCapture/1#dispred#20645baa_01#count_range/2@f863f8ef is empty, due to Callable::Generated::Callable.getCapture/1#dispred#20645baa/3@8489097d.
[2026-10-08 00:57:21] (0s) Inferred that Callable::Generated::Callable.getCapture/1#dispred#20645baa_0#antijoin_rhs/1@31172eue is empty, due to Callable::Generated::Callable.getCapture/1#dispred#20645baa/3@8489097d.
[2026-10-08 00:57:21] (0s) Inferred that CapturedDecl::Generated::CapturedDecl.getDecl/0#dispred#89eb733c_10#join_rhs/2@5b6190po is empty, due to CapturedDecl::Generated::CapturedDecl.getDecl/0#dispred#89eb733c/2@0eab9fv3.
[2026-10-08 00:57:21] (0s) Inferred that DataFlowPrivate::CaptureInput::ClosureExpr#ac30421e/1@3251953h is empty, due to _Synth::Synth::TCapturedDecl#676ccadd_callable_captures#shared/1@989c69sa.
[2026-10-08 00:57:21] (0s) Inferred that DataFlowPrivate::CaptureInput::ClosureExpr#ac30421e/1@38c999qg is empty, due to _Synth::Synth::TCapturedDecl#676ccadd_callable_captures#shared/1@989c69sa.
[2026-10-08 00:57:21] (0s) Inferred that DataFlowPrivate::CaptureInput::ClosureExpr#ac30421e/1@7a434bsq is empty, due to _Synth::Synth::TCapturedDecl#676ccadd_callable_captures#shared/1@989c69sa.
[2026-10-08 00:57:21] (0s) Inferred that CapturedDecl::Generated::CapturedDecl.getDecl/0#dispred#89eb733c_1#join_rhs/1@913a8ag4 is empty, due to CapturedDecl::Generated::CapturedDecl.getDecl/0#dispred#89eb733c/2@cc90b04q.
[2026-10-08 00:57:21] (0s) Inferred that #DataFlowPrivate::closureFlowStep/2#3a33d515Plus#bf/2@0813dwst is empty, due to DataFlowPrivate::CaptureInput::ClosureExpr#ac30421e/1@59cbfaj3.
[2026-10-08 00:57:21] (0s) Inferred that DataFlowPrivate::CaptureFlow::closureExprGetEnclosingCallable/1#f5ef3c71/2@7254c8db is empty, due to DataFlowPrivate::CaptureInput::ClosureExpr#ac30421e/1@59cbfaj3.
[2026-10-08 00:57:21] (0s) Inferred that DataFlowPrivate::CaptureFlow::closureCaptures/2#f247c29b/2@01d97x09 is empty, due to DataFlowPrivate::CaptureInput::ClosureExpr#ac30421e/1@59cbfaj3.
[2026-10-08 00:57:21] (0s) Inferred that DataFlowPrivate::CaptureInput::CapturedVariable#a139c1c6/1@a944b737 is empty, due to CapturedDecl::Generated::CapturedDecl.getDecl/0#dispred#89eb733c/2@450a11oj.
[2026-10-08 00:57:21] (0s) Inferred that DataFlowPrivate::CaptureInput::CapturedVariable#a139c1c6/1@357947k9 is empty, due to CapturedDecl::Generated::CapturedDecl.getDecl/0#dispred#89eb733c/2@beddd35g.
[2026-10-08 00:57:21] (0s) Inferred that DataFlowPrivate::CaptureInput::CapturedVariable#a139c1c6/1@6a21baq6 is empty, due to CapturedDecl::Generated::CapturedDecl.getDecl/0#dispred#89eb733c/2@eba54cvq.
[2026-10-08 00:57:21] (0s) Inferred that #DataFlowPrivate::closureFlowStep/2#3a33d515Plus#bf/2@da135wgi is empty, due to DataFlowPrivate::CaptureInput::ClosureExpr#ac30421e/1@3251953h.
[2026-10-08 00:57:21] (0s) Inferred that DataFlowPrivate::CaptureFlow::closureExprGetEnclosingCallable/1#f5ef3c71/2@97478dcr is empty, due to DataFlowPrivate::CaptureInput::ClosureExpr#ac30421e/1@3251953h.
[2026-10-08 00:57:21] (0s) Inferred that DataFlowPrivate::CaptureFlow::closureCaptures/2#f247c29b/2@60c8dxkm is empty, due to DataFlowPrivate::CaptureInput::ClosureExpr#ac30421e/1@3251953h.
[2026-10-08 00:57:21] (0s) Inferred that #DataFlowPrivate::closureFlowStep/2#3a33d515Plus#bf/2@aa84ewu1 is empty, due to DataFlowPrivate::CaptureInput::ClosureExpr#ac30421e/1@38c999qg.
[2026-10-08 00:57:21] (0s) Inferred that DataFlowPrivate::CaptureFlow::closureExprGetEnclosingCallable/1#f5ef3c71/2@dee7129p is empty, due to DataFlowPrivate::CaptureInput::ClosureExpr#ac30421e/1@38c999qg.
[2026-10-08 00:57:21] (0s) Inferred that DataFlowPrivate::CaptureFlow::captureAccess/2#1d66f434#bb/2@e2bf4wca is empty, due to DataFlowPrivate::CaptureInput::ClosureExpr#ac30421e/1@38c999qg.
[2026-10-08 00:57:21] (0s) Inferred that DataFlowPrivate::CaptureFlow::closureCaptures/2#f247c29b#fb/2@e2bf4xca is empty, due to DataFlowPrivate::CaptureInput::ClosureExpr#ac30421e/1@38c999qg.
[2026-10-08 00:57:21] (0s) Inferred that #DataFlowPrivate::closureFlowStep/2#3a33d515Plus#bf/2@58a8dw2j is empty, due to DataFlowPrivate::CaptureInput::ClosureExpr#ac30421e/1@7a434bsq.
[2026-10-08 00:57:21] (0s) Inferred that DataFlowPrivate::CaptureFlow::closureExprGetEnclosingCallable/1#f5ef3c71/2@6865074n is empty, due to DataFlowPrivate::CaptureInput::ClosureExpr#ac30421e/1@7a434bsq.
[2026-10-08 00:57:21] (0s) Inferred that DataFlowPrivate::CaptureFlow::captureAccess/2#1d66f434#fb/2@99a5cwsi is empty, due to DataFlowPrivate::CaptureInput::ClosureExpr#ac30421e/1@7a434bsq.
[2026-10-08 00:57:21] (0s) Inferred that DataFlowPrivate::CaptureFlow::closureCaptures/2#f247c29b/2@99a5cxsi is empty, due to DataFlowPrivate::CaptureInput::ClosureExpr#ac30421e/1@7a434bsq.
[2026-10-08 00:57:21] (0s) Inferred that VarDeclImpl::Impl::VarDecl#0211b6ec#b/1@2a9180cu is empty, due to CapturedDecl::Generated::CapturedDecl.getDecl/0#dispred#89eb733c_1#join_rhs/1@913a8ag4.
[2026-10-08 00:57:21] (0s) Inferred that DataFlowPrivate::CaptureInput::ClosureExpr.hasAliasedAccess/1#dispred#b95acb88/2@2c494fhg is empty, due to #DataFlowPrivate::closureFlowStep/2#3a33d515Plus#bf/2@0813dwst.
[2026-10-08 00:57:21] (0s) Inferred that #DataFlowPrivate::CaptureFlow::callableGetEnclosingCallable/1#e1b35514Plus#sourceBound#2#2#2#3/1@f650c1bd is empty, due to DataFlowPrivate::CaptureFlow::closureExprGetEnclosingCallable/1#f5ef3c71/2@7254c8db.
[2026-10-08 00:57:21] (0s) Inferred that #DataFlowPrivate::CaptureFlow::callableGetEnclosingCallable/1#e1b35514Plus#sinkBound#3/1@a356d5ne is empty, due to DataFlowPrivate::CaptureFlow::closureExprGetEnclosingCallable/1#f5ef3c71/2@7254c8db.
[2026-10-08 00:57:21] (0s) Inferred that DataFlowPrivate::CaptureFlow::closureExprGetEnclosingCallable/1#f5ef3c71_10#higher_order_body/2@25b86fpi is empty, due to DataFlowPrivate::CaptureFlow::closureExprGetEnclosingCallable/1#f5ef3c71/2@7254c8db.
[2026-10-08 00:57:21] (0s) Inferred that DataFlowPrivate::CaptureFlow::closureExprGetAReferencingCallable/1#71fb7242/2@2e6e0669 is empty, due to DataFlowPrivate::CaptureFlow::closureExprGetEnclosingCallable/1#f5ef3c71/2@7254c8db.
[2026-10-08 00:57:21] (0s) Inferred that DataFlowPrivate::CaptureFlow::closureCaptures/2#f247c29b_10#join_rhs/2@e4e4c2ds is empty, due to DataFlowPrivate::CaptureFlow::closureCaptures/2#f247c29b/2@01d97x09.
[2026-10-08 00:57:21] (0s) Inferred that DataFlowPrivate::CapturedVariable.getCallable/0#dispred#a86a8cf9/2@eae24a6j is empty, due to DataFlowPrivate::CaptureInput::CapturedVariable#a139c1c6/1@a944b737.
[2026-10-08 00:57:21] (0s) Inferred that _DataFlowPrivate::CaptureInput::CapturedVariable#a139c1c6_DeclRefExpr::Generated::DeclRefExpr.getDec__#shared/2@6c8700c0 is empty, due to DataFlowPrivate::CaptureInput::CapturedVariable#a139c1c6/1@a944b737.
[2026-10-08 00:57:21] (0s) Inferred that DataFlowPrivate::TCapturedVariableContent#cd1e7bb9/2@8fa80fma is empty, due to DataFlowPrivate::CaptureInput::CapturedVariable#a139c1c6/1@a944b737.
[2026-10-08 00:57:21] (0s) Inferred that DataFlowPrivate::CaptureInput::VariableWrite#209e7419/3@8faf91aa is empty, due to DataFlowPrivate::CaptureInput::CapturedVariable#a139c1c6/1@a944b737.
[2026-10-08 00:57:21] (0s) Inferred that DataFlowPrivate::CapturedVariable.getCallable/0#dispred#a86a8cf9#bf/2@28ea11ko is empty, due to DataFlowPrivate::CaptureInput::CapturedVariable#a139c1c6/1@357947k9.
[2026-10-08 00:57:21] (0s) Inferred that _AssignExpr::Generated::AssignExpr.getDest/0#dispred#2a0c3463_1#antijoin_rhs_DataFlowPrivate::Captur__#shared/2@75b7e4qt is empty, due to DataFlowPrivate::CaptureInput::CapturedVariable#a139c1c6/1@357947k9.
[2026-10-08 00:57:21] (0s) Inferred that DataFlowPrivate::CaptureInput::VariableWrite#209e7419#fbf/3@aa33a091 is empty, due to DataFlowPrivate::CaptureInput::CapturedVariable#a139c1c6/1@357947k9.
[2026-10-08 00:57:21] (0s) Inferred that DataFlowPrivate::CaptureFlow::readStep/3#5263e7ac#fbf/3@20abb79g is empty, due to DataFlowPrivate::CaptureInput::CapturedVariable#a139c1c6/1@357947k9.
[2026-10-08 00:57:21] (0s) Inferred that DataFlowPrivate::CapturedVariable.getCallable/0#dispred#a86a8cf9/2@d1afeecd is empty, due to DataFlowPrivate::CaptureInput::CapturedVariable#a139c1c6/1@6a21baq6.
[2026-10-08 00:57:21] (0s) Inferred that _DataFlowPrivate::CaptureInput::CapturedVariable#a139c1c6_DeclRefExpr::Generated::DeclRefExpr.getDec__#shared/2@0453f4eb is empty, due to DataFlowPrivate::CaptureInput::CapturedVariable#a139c1c6/1@6a21baq6.
[2026-10-08 00:57:21] (0s) Inferred that DataFlowPrivate::CaptureInput::VariableWrite#209e7419/3@8fddc78s is empty, due to DataFlowPrivate::CaptureInput::CapturedVariable#a139c1c6/1@6a21baq6.
[2026-10-08 00:57:21] (0s) Inferred that DataFlowPrivate::CaptureInput::ClosureExpr.hasAliasedAccess/1#dispred#b95acb88/2@4ae41ah2 is empty, due to #DataFlowPrivate::closureFlowStep/2#3a33d515Plus#bf/2@da135wgi.
[2026-10-08 00:57:21] (0s) Inferred that #DataFlowPrivate::CaptureFlow::callableGetEnclosingCallable/1#e1b35514Plus#sourceBound#2#2#2#3/1@88c161lm is empty, due to DataFlowPrivate::CaptureFlow::closureExprGetEnclosingCallable/1#f5ef3c71/2@97478dcr.
[2026-10-08 00:57:21] (0s) Inferred that #DataFlowPrivate::CaptureFlow::callableGetEnclosingCallable/1#e1b35514Plus#sinkBound#3/1@88cd09gd is empty, due to DataFlowPrivate::CaptureFlow::closureExprGetEnclosingCallable/1#f5ef3c71/2@97478dcr.
[2026-10-08 00:57:21] (0s) Inferred that DataFlowPrivate::CaptureFlow::closureExprGetEnclosingCallable/1#f5ef3c71_10#higher_order_body/2@7d4c2adv is empty, due to DataFlowPrivate::CaptureFlow::closureExprGetEnclosingCallable/1#f5ef3c71/2@97478dcr.
[2026-10-08 00:57:21] (0s) Inferred that DataFlowPrivate::CaptureFlow::closureExprGetAReferencingCallable/1#71fb7242/2@f593c7vc is empty, due to DataFlowPrivate::CaptureFlow::closureExprGetEnclosingCallable/1#f5ef3c71/2@97478dcr.
[2026-10-08 00:57:21] (0s) Inferred that _DataFlowPrivate::CaptureFlow::BasicBlock.getEnclosingCallable/0#dispred#2185b3a1_DataFlowPrivate::C__#shared#2/6@a581d1l2 is empty, due to DataFlowPrivate::CaptureFlow::closureCaptures/2#f247c29b/2@60c8dxkm.
[2026-10-08 00:57:21] (0s) Inferred that DataFlowPrivate::CaptureFlow::synthRead/5#e6f604ae/5@1f44a2mf is empty, due to DataFlowPrivate::CaptureFlow::closureCaptures/2#f247c29b/2@60c8dxkm.
[2026-10-08 00:57:21] (0s) Inferred that DataFlowPrivate::CaptureInput::ClosureExpr.hasAliasedAccess/1#dispred#b95acb88/2@7fd15152 is empty, due to #DataFlowPrivate::closureFlowStep/2#3a33d515Plus#bf/2@aa84ewu1.
[2026-10-08 00:57:21] (0s) Inferred that #DataFlowPrivate::CaptureFlow::callableGetEnclosingCallable/1#e1b35514Plus#sourceBound#2#2#2#3/1@074d33al is empty, due to DataFlowPrivate::CaptureFlow::closureExprGetEnclosingCallable/1#f5ef3c71/2@dee7129p.
[2026-10-08 00:57:21] (0s) Inferred that #DataFlowPrivate::CaptureFlow::callableGetEnclosingCallable/1#e1b35514Plus#sinkBound#3/1@015c11ef is empty, due to DataFlowPrivate::CaptureFlow::closureExprGetEnclosingCallable/1#f5ef3c71/2@dee7129p.
[2026-10-08 00:57:21] (0s) Inferred that DataFlowPrivate::CaptureFlow::closureExprGetEnclosingCallable/1#f5ef3c71_10#higher_order_body/2@d5e116os is empty, due to DataFlowPrivate::CaptureFlow::closureExprGetEnclosingCallable/1#f5ef3c71/2@dee7129p.
[2026-10-08 00:57:21] (0s) Inferred that DataFlowPrivate::CaptureFlow::closureExprGetAReferencingCallable/1#71fb7242/2@e1c757em is empty, due to DataFlowPrivate::CaptureFlow::closureExprGetEnclosingCallable/1#f5ef3c71/2@dee7129p.
[2026-10-08 00:57:21] (0s) Inferred that _DataFlowPrivate::CaptureFlow::closureCaptures/2#f247c29b#fb_DataFlowPrivate::TCapturedVariableConte__#shared/2@9ca815lg is empty, due to DataFlowPrivate::CaptureFlow::closureCaptures/2#f247c29b#fb/2@e2bf4xca.
[2026-10-08 00:57:21] (0s) Inferred that DataFlowPrivate::CaptureInput::ClosureExpr.hasAliasedAccess/1#dispred#b95acb88/2@167bcb95 is empty, due to #DataFlowPrivate::closureFlowStep/2#3a33d515Plus#bf/2@58a8dw2j.
[2026-10-08 00:57:21] (0s) Inferred that #DataFlowPrivate::CaptureFlow::callableGetEnclosingCallable/1#e1b35514Plus#sourceBound#2#2#2#3/1@9ed8b7lh is empty, due to DataFlowPrivate::CaptureFlow::closureExprGetEnclosingCallable/1#f5ef3c71/2@6865074n.
[2026-10-08 00:57:21] (0s) Inferred that #DataFlowPrivate::CaptureFlow::callableGetEnclosingCallable/1#e1b35514Plus#sinkBound#3/1@6102a8mk is empty, due to DataFlowPrivate::CaptureFlow::closureExprGetEnclosingCallable/1#f5ef3c71/2@6865074n.
[2026-10-08 00:57:21] (0s) Inferred that DataFlowPrivate::CaptureFlow::closureExprGetEnclosingCallable/1#f5ef3c71_10#higher_order_body/2@abc2ecm1 is empty, due to DataFlowPrivate::CaptureFlow::closureExprGetEnclosingCallable/1#f5ef3c71/2@6865074n.
[2026-10-08 00:57:21] (0s) Inferred that DataFlowPrivate::CaptureFlow::closureExprGetAReferencingCallable/1#71fb7242/2@f51a2719 is empty, due to DataFlowPrivate::CaptureFlow::closureExprGetEnclosingCallable/1#f5ef3c71/2@6865074n.
[2026-10-08 00:57:21] (0s) Inferred that _DataFlowPrivate::CaptureFlow::BasicBlock.getEnclosingCallable/0#dispred#2185b3a1_DataFlowPrivate::C__#shared#2/6@312d49jg is empty, due to DataFlowPrivate::CaptureFlow::closureCaptures/2#f247c29b/2@99a5cxsi.
[2026-10-08 00:57:21] (0s) Inferred that DataFlowPrivate::CaptureFlow::synthRead/5#e6f604ae/5@3530a1be is empty, due to DataFlowPrivate::CaptureFlow::closureCaptures/2#f247c29b/2@99a5cxsi.
[2026-10-08 00:57:21] (0s) Inferred that DataFlowPrivate::CaptureInput::CapturedVariable#a139c1c6/1@e84f33af is empty, due to VarDeclImpl::Impl::VarDecl#0211b6ec#b/1@2a9180cu.
[2026-10-08 00:57:21] (0s) Inferred that DataFlowPrivate::CaptureInput::ClosureExpr.hasAliasedAccess/1#dispred#b95acb88_10#join_rhs/2@ecc794j8 is empty, due to DataFlowPrivate::CaptureInput::ClosureExpr.hasAliasedAccess/1#dispred#b95acb88/2@2c494fhg.
[2026-10-08 00:57:21] (0s) Inferred that #DataFlowPrivate::CaptureFlow::callableGetEnclosingCallable/1#e1b35514Plus#sourceBound#2#2#3/1@eb853av2 is empty, due to #DataFlowPrivate::CaptureFlow::callableGetEnclosingCallable/1#e1b35514Plus#sourceBound#2#2#2#3/1@f650c1bd.
[2026-10-08 00:57:21] (0s) Inferred that _#DataFlowPrivate::CaptureFlow::callableGetEnclosingCallable/1#e1b35514Plus#sinkBound#3_DataFlowPriv__#higher_order_body/1@9539f1at is empty, due to #DataFlowPrivate::CaptureFlow::callableGetEnclosingCallable/1#e1b35514Plus#sinkBound#3/1@a356d5ne.
[2026-10-08 00:57:21] (0s) Inferred that doublyBoundedFastTC:DataFlowPrivate::CaptureFlow::closureExprGetEnclosingCallable/1#f5ef3c71_10#higher_order_body:_#DataFlowPrivate::CaptureFlow::callableGetEnclosingCallable/1#e1b35514Plus#sinkBound#3_DataFlowPriv__#higher_order_body:#DataFlowPrivate::CaptureFlow::callableGetEnclosingCallable/1#e1b35514Plus#sourceBound#3/2@18c613s0 is empty, due to DataFlowPrivate::CaptureFlow::closureExprGetEnclosingCallable/1#f5ef3c71_10#higher_order_body/2@25b86fpi.
[2026-10-08 00:57:21] (0s) Inferred that DataFlowPrivate::CaptureFlow::localOrNestedClosureAccess/4#59807f58/4@812fecsu is empty, due to DataFlowPrivate::CaptureInput::ClosureExpr.hasAliasedAccess/1#dispred#b95acb88_10#join_rhs/2@ecc794j8.
[2026-10-08 00:57:21] (0s) Inferred that _DataFlowPrivate::CaptureFlow::closureCaptures/2#f247c29b_10#join_rhs_DataFlowPrivate::TCapturedVari__#shared/2@958d824o is empty, due to DataFlowPrivate::TCapturedVariableContent#cd1e7bb9/2@8fa80fma.
[2026-10-08 00:57:21] (0s) Inferred that _DataFlowPrivate::CaptureFlow::BasicBlock.getEnclosingCallable/0#dispred#2185b3a1_DataFlowPrivate::C__#shared/6@88cf13nq is empty, due to DataFlowPrivate::CapturedVariable.getCallable/0#dispred#a86a8cf9/2@eae24a6j.
[2026-10-08 00:57:21] (0s) Inferred that _DataFlowPrivate::CaptureFlow::BasicBlock.getEnclosingCallable/0#dispred#2185b3a1_DataFlowPrivate::C__#shared#1/6@98f22fta is empty, due to DataFlowPrivate::CapturedVariable.getCallable/0#dispred#a86a8cf9/2@eae24a6j.
[2026-10-08 00:57:21] (0s) Inferred that DataFlowPrivate::CaptureFlow::captureAccess/2#1d66f434/2@01d97w09 is empty, due to DataFlowPrivate::CapturedVariable.getCallable/0#dispred#a86a8cf9/2@eae24a6j.
[2026-10-08 00:57:21] (0s) Inferred that _AssignExpr::Generated::AssignExpr.getDest/0#dispred#2a0c3463_1#antijoin_rhs__DataFlowPrivate::Captu__#shared/2@8647fa4h is empty, due to _DataFlowPrivate::CaptureInput::CapturedVariable#a139c1c6_DeclRefExpr::Generated::DeclRefExpr.getDec__#shared/2@6c8700c0.
[2026-10-08 00:57:21] (0s) Inferred that DataFlowPrivate::CaptureFlow::storeStep/3#61280885#fbf/3@f271c6ac is empty, due to DataFlowPrivate::TCapturedVariableContent#cd1e7bb9/2@8fa80fma.
[2026-10-08 00:57:21] (0s) Inferred that DataFlowPrivate::CaptureFlow::readStep/3#5263e7ac#fbf/3@757dd6ff is empty, due to DataFlowPrivate::TCapturedVariableContent#cd1e7bb9/2@8fa80fma.
[2026-10-08 00:57:21] (0s) Inferred that cached_DataFlowPrivate::TCapturedVariableContent#cd1e7bb9/2@14cb3fpn is empty, due to DataFlowPrivate::TCapturedVariableContent#cd1e7bb9/2@8fa80fma.
[2026-10-08 00:57:21] (0s) Inferred that project#DataFlowPrivate::CaptureInput::VariableWrite#209e7419/2@b20576bn is empty, due to DataFlowPrivate::CaptureInput::VariableWrite#209e7419/3@8faf91aa.
[2026-10-08 00:57:21] (0s) Inferred that _DataFlowPrivate::CaptureFlow::BasicBlock.getEnclosingCallable/0#dispred#2185b3a1_DataFlowPrivate::C__#shared/6@c73a007h is empty, due to _AssignExpr::Generated::AssignExpr.getDest/0#dispred#2a0c3463_1#antijoin_rhs_DataFlowPrivate::Captur__#shared/2@75b7e4qt.
[2026-10-08 00:57:21] (0s) Inferred that _DataFlowPrivate::CaptureFlow::BasicBlock.getEnclosingCallable/0#dispred#2185b3a1_DataFlowPrivate::C__#shared#1/6@d9a5e5ft is empty, due to DataFlowPrivate::CapturedVariable.getCallable/0#dispred#a86a8cf9#bf/2@28ea11ko.
[2026-10-08 00:57:21] (0s) Inferred that DataFlowPrivate::CaptureFlow::captureRead/5#57fcd16c#bffff/5@35b782bv is empty, due to _AssignExpr::Generated::AssignExpr.getDest/0#dispred#2a0c3463_1#antijoin_rhs_DataFlowPrivate::Captur__#shared/2@75b7e4qt.
[2026-10-08 00:57:21] (0s) Inferred that DataFlowPrivate::CaptureInput::VariableWrite#209e7419#fbf_10#join_rhs/2@f698b5in is empty, due to DataFlowPrivate::CaptureInput::VariableWrite#209e7419#fbf/3@aa33a091.
[2026-10-08 00:57:21] (0s) Inferred that DataFlowPrivate::captureReadStep/3#7631c11a/3@8dd8c89r is empty, due to DataFlowPrivate::CaptureFlow::readStep/3#5263e7ac#fbf/3@20abb79g.
[2026-10-08 00:57:21] (0s) Inferred that _DataFlowPrivate::CaptureFlow::BasicBlock.getEnclosingCallable/0#dispred#2185b3a1_DataFlowPrivate::C__#shared/6@1b676bc9 is empty, due to DataFlowPrivate::CapturedVariable.getCallable/0#dispred#a86a8cf9/2@d1afeecd.
[2026-10-08 00:57:21] (0s) Inferred that _DataFlowPrivate::CaptureFlow::BasicBlock.getEnclosingCallable/0#dispred#2185b3a1_DataFlowPrivate::C__#shared#1/6@8f0c1e74 is empty, due to DataFlowPrivate::CapturedVariable.getCallable/0#dispred#a86a8cf9/2@d1afeecd.
[2026-10-08 00:57:21] (0s) Inferred that _AssignExpr::Generated::AssignExpr.getDest/0#dispred#2a0c3463_1#antijoin_rhs__DataFlowPrivate::Captu__#shared/2@36bb42ee is empty, due to _DataFlowPrivate::CaptureInput::CapturedVariable#a139c1c6_DeclRefExpr::Generated::DeclRefExpr.getDec__#shared/2@0453f4eb.
[2026-10-08 00:57:21] (0s) Inferred that project#DataFlowPrivate::CaptureInput::VariableWrite#209e7419/2@fe80fdch is empty, due to DataFlowPrivate::CaptureInput::VariableWrite#209e7419/3@8fddc78s.
[2026-10-08 00:57:21] (0s) Inferred that DataFlowPrivate::CaptureInput::ClosureExpr.hasAliasedAccess/1#dispred#b95acb88_10#join_rhs/2@2166caaa is empty, due to DataFlowPrivate::CaptureInput::ClosureExpr.hasAliasedAccess/1#dispred#b95acb88/2@4ae41ah2.
[2026-10-08 00:57:21] (0s) Inferred that #DataFlowPrivate::CaptureFlow::callableGetEnclosingCallable/1#e1b35514Plus#sourceBound#2#2#3/1@c21810jc is empty, due to #DataFlowPrivate::CaptureFlow::callableGetEnclosingCallable/1#e1b35514Plus#sourceBound#2#2#2#3/1@88c161lm.
[2026-10-08 00:57:21] (0s) Inferred that _#DataFlowPrivate::CaptureFlow::callableGetEnclosingCallable/1#e1b35514Plus#sinkBound#3_DataFlowPriv__#higher_order_body/1@638f5619 is empty, due to #DataFlowPrivate::CaptureFlow::callableGetEnclosingCallable/1#e1b35514Plus#sinkBound#3/1@88cd09gd.
[2026-10-08 00:57:21] (0s) Inferred that doublyBoundedFastTC:DataFlowPrivate::CaptureFlow::closureExprGetEnclosingCallable/1#f5ef3c71_10#higher_order_body:_#DataFlowPrivate::CaptureFlow::callableGetEnclosingCallable/1#e1b35514Plus#sinkBound#3_DataFlowPriv__#higher_order_body:#DataFlowPrivate::CaptureFlow::callableGetEnclosingCallable/1#e1b35514Plus#sourceBound#3/2@4ca80ekm is empty, due to DataFlowPrivate::CaptureFlow::closureExprGetEnclosingCallable/1#f5ef3c71_10#higher_order_body/2@7d4c2adv.
[2026-10-08 00:57:21] (0s) Inferred that DataFlowPrivate::CaptureFlow::localOrNestedClosureAccess/4#59807f58/4@8adec58b is empty, due to DataFlowPrivate::CaptureInput::ClosureExpr.hasAliasedAccess/1#dispred#b95acb88_10#join_rhs/2@2166caaa.
[2026-10-08 00:57:21] (0s) Inferred that __DataFlowPrivate::CaptureFlow::BasicBlock.getEnclosingCallable/0#dispred#2185b3a1_DataFlowPrivate::__#antijoin_rhs#2/4@1a41ae03 is empty, due to _DataFlowPrivate::CaptureFlow::BasicBlock.getEnclosingCallable/0#dispred#2185b3a1_DataFlowPrivate::C__#shared#2/6@a581d1l2.
[2026-10-08 00:57:21] (0s) Inferred that project#DataFlowPrivate::CaptureFlow::synthRead/5#e6f604ae/1@fed83c2e is empty, due to DataFlowPrivate::CaptureFlow::synthRead/5#e6f604ae/5@1f44a2mf.
[2026-10-08 00:57:21] (0s) Inferred that project#DataFlowPrivate::CaptureFlow::synthRead/5#e6f604ae#2/3@0262742r is empty, due to DataFlowPrivate::CaptureFlow::synthRead/5#e6f604ae/5@1f44a2mf.
[2026-10-08 00:57:21] (0s) Inferred that DataFlowPrivate::CaptureFlow::synthRead/5#e6f604ae_312#join_rhs/3@cf9581ic is empty, due to DataFlowPrivate::CaptureFlow::synthRead/5#e6f604ae/5@1f44a2mf.
[2026-10-08 00:57:21] (0s) Inferred that DataFlowPrivate::CaptureFlow::synthRead/5#e6f604ae_3012#join_rhs/4@08e31b6a is empty, due to DataFlowPrivate::CaptureFlow::synthRead/5#e6f604ae/5@1f44a2mf.
[2026-10-08 00:57:21] (0s) Inferred that project#DataFlowPrivate::CaptureFlow::synthRead/5#e6f604ae#5/2@2408advj is empty, due to DataFlowPrivate::CaptureFlow::synthRead/5#e6f604ae/5@1f44a2mf.
[2026-10-08 00:57:21] (0s) Inferred that DataFlowPrivate::CaptureInput::ClosureExpr.hasAliasedAccess/1#dispred#b95acb88_10#join_rhs/2@0b8fccuj is empty, due to DataFlowPrivate::CaptureInput::ClosureExpr.hasAliasedAccess/1#dispred#b95acb88/2@7fd15152.
[2026-10-08 00:57:21] (0s) Inferred that #DataFlowPrivate::CaptureFlow::callableGetEnclosingCallable/1#e1b35514Plus#sourceBound#2#2#3/1@de72ebnd is empty, due to #DataFlowPrivate::CaptureFlow::callableGetEnclosingCallable/1#e1b35514Plus#sourceBound#2#2#2#3/1@074d33al.
[2026-10-08 00:57:21] (0s) Inferred that _#DataFlowPrivate::CaptureFlow::callableGetEnclosingCallable/1#e1b35514Plus#sinkBound#3_DataFlowPriv__#higher_order_body/1@be94a2gj is empty, due to #DataFlowPrivate::CaptureFlow::callableGetEnclosingCallable/1#e1b35514Plus#sinkBound#3/1@015c11ef.
[2026-10-08 00:57:21] (0s) Inferred that doublyBoundedFastTC:DataFlowPrivate::CaptureFlow::closureExprGetEnclosingCallable/1#f5ef3c71_10#higher_order_body:_#DataFlowPrivate::CaptureFlow::callableGetEnclosingCallable/1#e1b35514Plus#sinkBound#3_DataFlowPriv__#higher_order_body:#DataFlowPrivate::CaptureFlow::callableGetEnclosingCallable/1#e1b35514Plus#sourceBound#3/2@cd24a2nq is empty, due to DataFlowPrivate::CaptureFlow::closureExprGetEnclosingCallable/1#f5ef3c71_10#higher_order_body/2@d5e116os.
[2026-10-08 00:57:21] (0s) Inferred that DataFlowPrivate::CaptureFlow::localOrNestedClosureAccess/4#59807f58/4@6ee4949k is empty, due to DataFlowPrivate::CaptureInput::ClosureExpr.hasAliasedAccess/1#dispred#b95acb88_10#join_rhs/2@0b8fccuj.
[2026-10-08 00:57:21] (0s) Inferred that _DataFlowPrivate::CaptureFlow::closureExprGetAReferencingCallable/1#71fb7242_DataFlowPrivate::Captur__#join_rhs/2@ed7144nq is empty, due to DataFlowPrivate::CaptureFlow::closureExprGetAReferencingCallable/1#71fb7242/2@e1c757em.
[2026-10-08 00:57:21] (0s) Inferred that _DataFlowPrivate::CaptureFlow::BasicBlock.getEnclosingCallable/0#dispred#2185b3a1_DataFlowPrivate::C__#shared#2/6@aa04dd82 is empty, due to _DataFlowPrivate::CaptureFlow::closureCaptures/2#f247c29b#fb_DataFlowPrivate::TCapturedVariableConte__#shared/2@9ca815lg.
[2026-10-08 00:57:21] (0s) Inferred that DataFlowPrivate::CaptureFlow::synthRead/5#e6f604ae#bffff/5@8eb9a2s1 is empty, due to _DataFlowPrivate::CaptureFlow::closureCaptures/2#f247c29b#fb_DataFlowPrivate::TCapturedVariableConte__#shared/2@9ca815lg.
[2026-10-08 00:57:21] (0s) Inferred that DataFlowPrivate::CaptureInput::ClosureExpr.hasAliasedAccess/1#dispred#b95acb88_10#join_rhs/2@fa3eabkl is empty, due to DataFlowPrivate::CaptureInput::ClosureExpr.hasAliasedAccess/1#dispred#b95acb88/2@167bcb95.
[2026-10-08 00:57:21] (0s) Inferred that #DataFlowPrivate::CaptureFlow::callableGetEnclosingCallable/1#e1b35514Plus#sourceBound#2#2#3/1@8e216cte is empty, due to #DataFlowPrivate::CaptureFlow::callableGetEnclosingCallable/1#e1b35514Plus#sourceBound#2#2#2#3/1@9ed8b7lh.
[2026-10-08 00:57:21] (0s) Inferred that _#DataFlowPrivate::CaptureFlow::callableGetEnclosingCallable/1#e1b35514Plus#sinkBound#3_DataFlowPriv__#higher_order_body/1@154eddgu is empty, due to #DataFlowPrivate::CaptureFlow::callableGetEnclosingCallable/1#e1b35514Plus#sinkBound#3/1@6102a8mk.
[2026-10-08 00:57:21] (0s) Inferred that doublyBoundedFastTC:DataFlowPrivate::CaptureFlow::closureExprGetEnclosingCallable/1#f5ef3c71_10#higher_order_body:_#DataFlowPrivate::CaptureFlow::callableGetEnclosingCallable/1#e1b35514Plus#sinkBound#3_DataFlowPriv__#higher_order_body:#DataFlowPrivate::CaptureFlow::callableGetEnclosingCallable/1#e1b35514Plus#sourceBound#3/2@9477c4v1 is empty, due to DataFlowPrivate::CaptureFlow::closureExprGetEnclosingCallable/1#f5ef3c71_10#higher_order_body/2@abc2ecm1.
[2026-10-08 00:57:21] (0s) Inferred that DataFlowPrivate::CaptureFlow::localOrNestedClosureAccess/4#59807f58/4@24d48a1f is empty, due to DataFlowPrivate::CaptureInput::ClosureExpr.hasAliasedAccess/1#dispred#b95acb88_10#join_rhs/2@fa3eabkl.
[2026-10-08 00:57:21] (0s) Inferred that _DataFlowPrivate::CaptureFlow::closureExprGetAReferencingCallable/1#71fb7242_DataFlowPrivate::Captur__#join_rhs/2@02cd04cg is empty, due to DataFlowPrivate::CaptureFlow::closureExprGetAReferencingCallable/1#71fb7242/2@f51a2719.
[2026-10-08 00:57:21] (0s) Inferred that __DataFlowPrivate::CaptureFlow::BasicBlock.getEnclosingCallable/0#dispred#2185b3a1_DataFlowPrivate::__#antijoin_rhs#2/4@0c461ao9 is empty, due to _DataFlowPrivate::CaptureFlow::BasicBlock.getEnclosingCallable/0#dispred#2185b3a1_DataFlowPrivate::C__#shared#2/6@312d49jg.
[2026-10-08 00:57:21] (0s) Inferred that DataFlowPrivate::CaptureFlow::synthRead/5#e6f604ae_1234#join_rhs/4@a4cd75e6 is empty, due to DataFlowPrivate::CaptureFlow::synthRead/5#e6f604ae/5@3530a1be.
[2026-10-08 00:57:21] (0s) Inferred that DataFlowPrivate::CaptureInput::CapturedParameter#29ff6e0b/1@bf6a57pl is empty, due to DataFlowPrivate::CaptureInput::CapturedVariable#a139c1c6/1@e84f33af.
[2026-10-08 00:57:21] (0s) Inferred that DataFlowPrivate::CapturedVariable.getCallable/0#dispred#a86a8cf9/2@1fa808hl is empty, due to DataFlowPrivate::CaptureInput::CapturedVariable#a139c1c6/1@e84f33af.
[2026-10-08 00:57:21] (0s) Inferred that _DataFlowPrivate::CaptureInput::CapturedVariable#a139c1c6_DeclRefExpr::Generated::DeclRefExpr.getDec__#shared/2@298b57e7 is empty, due to DataFlowPrivate::CaptureInput::CapturedVariable#a139c1c6/1@e84f33af.
[2026-10-08 00:57:21] (0s) Inferred that num#DataFlowPrivate::CaptureFlow::TVariable#3cfe680e/2@800391q1 is empty, due to DataFlowPrivate::CaptureInput::CapturedVariable#a139c1c6/1@e84f33af.
[2026-10-08 00:57:21] (0s) Inferred that DataFlowPrivate::CaptureInput::VariableWrite#209e7419/3@af4dbbms is empty, due to DataFlowPrivate::CaptureInput::CapturedVariable#a139c1c6/1@e84f33af.
[2026-10-08 00:57:21] (0s) Inferred that DataFlowPrivate::CaptureFlow::CaptureContainer#3fac0e5e/1@146701u3 is empty, due to DataFlowPrivate::CaptureInput::CapturedVariable#a139c1c6/1@e84f33af.
[2026-10-08 00:57:21] (0s) Inferred that DataFlowPrivate::CaptureFlow::Cached::TExprNode#dom#3d3bd5fc/2@9f484boi is empty, due to DataFlowPrivate::CaptureInput::CapturedVariable#a139c1c6/1@e84f33af.
[2026-10-08 00:57:21] (0s) Inferred that DataFlowPrivate::CaptureFlow::synthThisQualifier/2#f52b5f43/2@574acfdo is empty, due to DataFlowPrivate::CaptureInput::CapturedVariable#a139c1c6/1@e84f33af.
[2026-10-08 00:57:21] (0s) Inferred that DataFlowPrivate::CaptureFlow::CaptureSsaInput::variableRead/4#8ccf78d9#cpe#123/3@667284lr is empty, due to DataFlowPrivate::CaptureInput::CapturedVariable#a139c1c6/1@e84f33af.
[2026-10-08 00:57:21] (0s) Inferred that DataFlowPrivate::CaptureFlow::ssaReadAt/5#9f36545b/5@d7b7eaoe is empty, due to DataFlowPrivate::CaptureInput::CapturedVariable#a139c1c6/1@e84f33af.
[2026-10-08 00:57:21] (0s) Inferred that DataFlowPrivate::CaptureFlow::CaptureSsaInput::variableWrite/4#556305d6#cpe#123/3@e0318fr0 is empty, due to DataFlowPrivate::CaptureInput::CapturedVariable#a139c1c6/1@e84f33af.
[2026-10-08 00:57:21] (0s) Inferred that DataFlowPrivate::CaptureFlow::CaptureSsa::Liveness::varRef/4#2ada79e8/4@758696c3 is empty, due to DataFlowPrivate::CaptureInput::CapturedVariable#a139c1c6/1@e84f33af.
[2026-10-08 00:57:21] (0s) Inferred that DataFlowPrivate::CaptureFlow::ssaWriteAt/4#a01ecf17/4@fe2ef1je is empty, due to DataFlowPrivate::CaptureInput::CapturedVariable#a139c1c6/1@e84f33af.
[2026-10-08 00:57:21] (0s) Inferred that DataFlowPrivate::CaptureFlow::CaptureSsa::SsaDefReaches::ssaRef/4#cd96d7d4/4@652b5325 is empty, due to DataFlowPrivate::CaptureInput::CapturedVariable#a139c1c6/1@e84f33af.
[2026-10-08 00:57:21] (0s) Inferred that DataFlowPrivate::CaptureFlow::Cached::TClosureNode#bf9839bf/1@7b26718d is empty, due to DataFlowPrivate::CaptureInput::CapturedVariable#a139c1c6/1@e84f33af.
[2026-10-08 00:57:21] (0s) Inferred that #DataFlowPrivate::CaptureFlow::callableGetEnclosingCallable/1#e1b35514Plus#sinkBound#2#3/1@2841b8s5 is empty, due to DataFlowPrivate::CaptureInput::ClosureExpr.hasAliasedAccess/1#dispred#b95acb88_10#join_rhs/2@ecc794j8.
[2026-10-08 00:57:21] (0s) Inferred that #DataFlowPrivate::CaptureFlow::callableGetEnclosingCallable/1#e1b35514Plus#sourceBound#2#3/1@d9691ebt is empty, due to #DataFlowPrivate::CaptureFlow::callableGetEnclosingCallable/1#e1b35514Plus#sourceBound#2#2#3/1@eb853av2.
[2026-10-08 00:57:21] (0s) Inferred that _DataFlowPrivate::CaptureFlow::BasicBlock.getEnclosingCallable/0#dispred#2185b3a1_DataFlowPrivate::C__#shared#2/7@ea5864kj is empty, due to _DataFlowPrivate::CaptureFlow::closureCaptures/2#f247c29b_10#join_rhs_DataFlowPrivate::TCapturedVari__#shared/2@958d824o.
[2026-10-08 00:57:21] (0s) Inferred that DataFlowPrivate::CaptureFlow::synthRead/6#5e157eb3#bfffff/6@b70f92mg is empty, due to _DataFlowPrivate::CaptureFlow::closureCaptures/2#f247c29b_10#join_rhs_DataFlowPrivate::TCapturedVari__#shared/2@958d824o.
[2026-10-08 00:57:21] (0s) Inferred that __DataFlowPrivate::CaptureFlow::BasicBlock.getEnclosingCallable/0#dispred#2185b3a1_DataFlowPrivate::__#antijoin_rhs/4@57d8c648 is empty, due to _DataFlowPrivate::CaptureFlow::BasicBlock.getEnclosingCallable/0#dispred#2185b3a1_DataFlowPrivate::C__#shared/6@88cf13nq.
[2026-10-08 00:57:21] (0s) Inferred that __DataFlowPrivate::CaptureFlow::BasicBlock.getEnclosingCallable/0#dispred#2185b3a1_DataFlowPrivate::__#antijoin_rhs#1/4@1653a7kb is empty, due to _DataFlowPrivate::CaptureFlow::BasicBlock.getEnclosingCallable/0#dispred#2185b3a1_DataFlowPrivate::C__#shared#1/6@98f22fta.
[2026-10-08 00:57:21] (0s) Inferred that DataFlowPrivate::CaptureFlow::captureAccess/2#1d66f434_10#count_range/2@4d2632m6 is empty, due to DataFlowPrivate::CaptureFlow::captureAccess/2#1d66f434/2@01d97w09.
[2026-10-08 00:57:21] (0s) Inferred that DataFlowPrivate::CaptureFlow::captureRead/5#57fcd16c/5@90a1323n is empty, due to _AssignExpr::Generated::AssignExpr.getDest/0#dispred#2a0c3463_1#antijoin_rhs__DataFlowPrivate::Captu__#shared/2@8647fa4h.
[2026-10-08 00:57:21] (0s) Inferred that DataFlowPrivate::captureStoreStep/3#6d30c5af/3@08918ars is empty, due to DataFlowPrivate::CaptureFlow::storeStep/3#61280885#fbf/3@f271c6ac.
[2026-10-08 00:57:21] (0s) Inferred that DataFlowPrivate::captureReadStep/3#7631c11a/3@d79598a7 is empty, due to DataFlowPrivate::CaptureFlow::readStep/3#5263e7ac#fbf/3@757dd6ff.
[2026-10-08 00:57:21] (0s) Inferred that Synth::Synth::convertVarDeclFromRaw/1#87b11dab#fb/2@39a1b5vd is empty, due to cached_DataFlowPrivate::TCapturedVariableContent#cd1e7bb9/2@14cb3fpn.
[2026-10-08 00:57:21] (0s) Inferred that m#Assignment::Assignment.getDest/0#dispred#8e2e5936#fb/1@27017aii is empty, due to cached_DataFlowPrivate::TCapturedVariableContent#cd1e7bb9/2@14cb3fpn.
[2026-10-08 00:57:21] (0s) Inferred that DataFlowPrivate::CaptureFlow::captureWrite/5#8b85aa0c/5@46c08a9t is empty, due to project#DataFlowPrivate::CaptureInput::VariableWrite#209e7419/2@b20576bn.
[2026-10-08 00:57:21] (0s) Inferred that __DataFlowPrivate::CaptureFlow::BasicBlock.getEnclosingCallable/0#dispred#2185b3a1_DataFlowPrivate::__#antijoin_rhs/4@e66e27m0 is empty, due to _DataFlowPrivate::CaptureFlow::BasicBlock.getEnclosingCallable/0#dispred#2185b3a1_DataFlowPrivate::C__#shared/6@c73a007h.
[2026-10-08 00:57:21] (0s) Inferred that __DataFlowPrivate::CaptureFlow::BasicBlock.getEnclosingCallable/0#dispred#2185b3a1_DataFlowPrivate::__#antijoin_rhs#1/4@b8b254h4 is empty, due to _DataFlowPrivate::CaptureFlow::BasicBlock.getEnclosingCallable/0#dispred#2185b3a1_DataFlowPrivate::C__#shared#1/6@d9a5e5ft.
[2026-10-08 00:57:21] (0s) Inferred that project#DataFlowPrivate::CaptureFlow::captureRead/5#57fcd16c#bffff/2@3d64a5qt is empty, due to DataFlowPrivate::CaptureFlow::captureRead/5#57fcd16c#bffff/5@35b782bv.
[2026-10-08 00:57:21] (0s) Inferred that DataFlowPrivate::CaptureFlow::captureRead/5#57fcd16c#bffff_12304#join_rhs/5@22a34cj6 is empty, due to DataFlowPrivate::CaptureFlow::captureRead/5#57fcd16c#bffff/5@35b782bv.
[2026-10-08 00:57:21] (0s) Inferred that _DataFlowPrivate::CaptureInput::VariableWrite#209e7419#fbf_10#join_rhs_DataFlowPrivate::TCapturedVar__#shared/2@3cd53f43 is empty, due to DataFlowPrivate::CaptureInput::VariableWrite#209e7419#fbf_10#join_rhs/2@f698b5in.
[2026-10-08 00:57:21] (0s) Inferred that DataFlowPrivate::captureReadStep/3#7631c11a_102#join_rhs/3@896d25dc is empty, due to DataFlowPrivate::captureReadStep/3#7631c11a/3@8dd8c89r.
[2026-10-08 00:57:21] (0s) Inferred that __DataFlowPrivate::CaptureFlow::BasicBlock.getEnclosingCallable/0#dispred#2185b3a1_DataFlowPrivate::__#antijoin_rhs/4@900e44lu is empty, due to _DataFlowPrivate::CaptureFlow::BasicBlock.getEnclosingCallable/0#dispred#2185b3a1_DataFlowPrivate::C__#shared/6@1b676bc9.
[2026-10-08 00:57:21] (0s) Inferred that __DataFlowPrivate::CaptureFlow::BasicBlock.getEnclosingCallable/0#dispred#2185b3a1_DataFlowPrivate::__#antijoin_rhs#1/4@c0efdcl9 is empty, due to _DataFlowPrivate::CaptureFlow::BasicBlock.getEnclosingCallable/0#dispred#2185b3a1_DataFlowPrivate::C__#shared#1/6@8f0c1e74.
[2026-10-08 00:57:21] (0s) Inferred that DataFlowPrivate::CaptureFlow::captureRead/5#57fcd16c/5@ff98f7ts is empty, due to _AssignExpr::Generated::AssignExpr.getDest/0#dispred#2a0c3463_1#antijoin_rhs__DataFlowPrivate::Captu__#shared/2@36bb42ee.
[2026-10-08 00:57:21] (0s) Inferred that DataFlowPrivate::CaptureFlow::captureWrite/5#8b85aa0c/5@4dbd63ls is empty, due to project#DataFlowPrivate::CaptureInput::VariableWrite#209e7419/2@fe80fdch.
[2026-10-08 00:57:21] (0s) Inferred that #DataFlowPrivate::CaptureFlow::callableGetEnclosingCallable/1#e1b35514Plus#sinkBound#2#3/1@04163ckc is empty, due to DataFlowPrivate::CaptureInput::ClosureExpr.hasAliasedAccess/1#dispred#b95acb88_10#join_rhs/2@2166caaa.
[2026-10-08 00:57:21] (0s) Inferred that #DataFlowPrivate::CaptureFlow::callableGetEnclosingCallable/1#e1b35514Plus#sourceBound#2#3/1@133d6abl is empty, due to #DataFlowPrivate::CaptureFlow::callableGetEnclosingCallable/1#e1b35514Plus#sourceBound#2#2#3/1@c21810jc.
[2026-10-08 00:57:21] (0s) Inferred that DataFlowPrivate::CaptureFlow::Cached::TSynthRead#dom#4a14a35d/4@208fe9id is empty, due to project#DataFlowPrivate::CaptureFlow::synthRead/5#e6f604ae#2/3@0262742r.
[2026-10-08 00:57:21] (0s) Inferred that project#DataFlowPrivate::CaptureFlow::synthRead/5#e6f604ae#3/2@6457e82c is empty, due to DataFlowPrivate::CaptureFlow::synthRead/5#e6f604ae_312#join_rhs/3@cf9581ic.
[2026-10-08 00:57:21] (0s) Inferred that project#DataFlowPrivate::CaptureFlow::synthRead/5#e6f604ae#4/3@7df04dvh is empty, due to DataFlowPrivate::CaptureFlow::synthRead/5#e6f604ae_3012#join_rhs/4@08e31b6a.
[2026-10-08 00:57:21] (0s) Inferred that #DataFlowPrivate::CaptureFlow::callableGetEnclosingCallable/1#e1b35514Plus#sinkBound#2#3/1@5811d2k4 is empty, due to DataFlowPrivate::CaptureInput::ClosureExpr.hasAliasedAccess/1#dispred#b95acb88_10#join_rhs/2@0b8fccuj.
[2026-10-08 00:57:21] (0s) Inferred that #DataFlowPrivate::CaptureFlow::callableGetEnclosingCallable/1#e1b35514Plus#sourceBound#2#3/1@c824f36d is empty, due to #DataFlowPrivate::CaptureFlow::callableGetEnclosingCallable/1#e1b35514Plus#sourceBound#2#2#3/1@de72ebnd.
[2026-10-08 00:57:21] (0s) Inferred that __DataFlowPrivate::CaptureFlow::BasicBlock.getEnclosingCallable/0#dispred#2185b3a1_DataFlowPrivate::__#antijoin_rhs#2/4@55a3bbch is empty, due to _DataFlowPrivate::CaptureFlow::BasicBlock.getEnclosingCallable/0#dispred#2185b3a1_DataFlowPrivate::C__#shared#2/6@aa04dd82.
[2026-10-08 00:57:21] (0s) Inferred that DataFlowPrivate::CaptureFlow::synthRead/5#e6f604ae#bffff_3012#join_rhs/4@a2b5a8rl is empty, due to DataFlowPrivate::CaptureFlow::synthRead/5#e6f604ae#bffff/5@8eb9a2s1.
[2026-10-08 00:57:21] (0s) Inferred that #DataFlowPrivate::CaptureFlow::callableGetEnclosingCallable/1#e1b35514Plus#sinkBound#2#3/1@08b3833v is empty, due to DataFlowPrivate::CaptureInput::ClosureExpr.hasAliasedAccess/1#dispred#b95acb88_10#join_rhs/2@fa3eabkl.
[2026-10-08 00:57:21] (0s) Inferred that #DataFlowPrivate::CaptureFlow::callableGetEnclosingCallable/1#e1b35514Plus#sourceBound#2#3/1@02928f8i is empty, due to #DataFlowPrivate::CaptureFlow::callableGetEnclosingCallable/1#e1b35514Plus#sourceBound#2#2#3/1@8e216cte.
[2026-10-08 00:57:21] (0s) Inferred that DataFlowPrivate::CaptureFlow::Cached::TParamNode#7ba7a910/2@50c52a4t is empty, due to DataFlowPrivate::CaptureInput::CapturedParameter#29ff6e0b/1@bf6a57pl.
[2026-10-08 00:57:21] (0s) Inferred that _DataFlowPrivate::CaptureInput::CapturedParameter#29ff6e0b_DataFlowPrivate::CapturedVariable.getCall__#shared/2@de329dao is empty, due to DataFlowPrivate::CaptureInput::CapturedParameter#29ff6e0b/1@bf6a57pl.
[2026-10-08 00:57:21] (0s) Inferred that _DataFlowPrivate::CaptureFlow::BasicBlock.getEnclosingCallable/0#dispred#2185b3a1_DataFlowPrivate::C__#shared/6@5a88e96a is empty, due to DataFlowPrivate::CapturedVariable.getCallable/0#dispred#a86a8cf9/2@1fa808hl.
[2026-10-08 00:57:21] (0s) Inferred that _DataFlowPrivate::CaptureFlow::BasicBlock.getEnclosingCallable/0#dispred#2185b3a1_DataFlowPrivate::C__#shared#1/6@f0303d1b is empty, due to DataFlowPrivate::CapturedVariable.getCallable/0#dispred#a86a8cf9/2@1fa808hl.
[2026-10-08 00:57:21] (0s) Inferred that DataFlowPrivate::CaptureFlow::captureAccess/2#1d66f434/2@60c8dwkm is empty, due to DataFlowPrivate::CapturedVariable.getCallable/0#dispred#a86a8cf9/2@1fa808hl.
[2026-10-08 00:57:21] (0s) Inferred that DataFlowPrivate::CapturedVariable.getCallable/0#dispred#a86a8cf9_10#join_rhs/2@c919cedr is empty, due to DataFlowPrivate::CapturedVariable.getCallable/0#dispred#a86a8cf9/2@1fa808hl.
[2026-10-08 00:57:21] (0s) Inferred that __BasicBlock::Make<Location::Location,BasicBlocks::BasicBlocksImpl::BasicBlockInputSig>::Cached::TBa__#shared/1@e7971ccv is empty, due to DataFlowPrivate::CapturedVariable.getCallable/0#dispred#a86a8cf9/2@1fa808hl.
[2026-10-08 00:57:21] (0s) Inferred that _DataFlowPrivate::CaptureFlow::captureRead/5#57fcd16c_12#join_rhs__BasicBlock::Make<Location::Locati__#min_range/2@1b68b632 is empty, due to DataFlowPrivate::CapturedVariable.getCallable/0#dispred#a86a8cf9/2@1fa808hl.
[2026-10-08 00:57:21] (0s) Inferred that _DataFlowPrivate::CaptureFlow::captureRead/5#57fcd16c_12#join_rhs__BasicBlock::Make<Location::Locati__#min_term/3@f80410pl is empty, due to DataFlowPrivate::CapturedVariable.getCallable/0#dispred#a86a8cf9/2@1fa808hl.
[2026-10-08 00:57:21] (0s) Inferred that DataFlowPrivate::CaptureInput::VariableRead#d6e375c5/2@226bfe57 is empty, due to _DataFlowPrivate::CaptureInput::CapturedVariable#a139c1c6_DeclRefExpr::Generated::DeclRefExpr.getDec__#shared/2@298b57e7.
[2026-10-08 00:57:21] (0s) Inferred that DataFlowPrivate::CaptureFlow::Cached::TVariableWriteSourceNode#dom#e4c2cdd4/1@6d3278o3 is empty, due to DataFlowPrivate::CaptureInput::VariableWrite#209e7419/3@af4dbbms.
[2026-10-08 00:57:21] (0s) Inferred that project#DataFlowPrivate::CaptureInput::VariableWrite#209e7419/2@f073608a is empty, due to DataFlowPrivate::CaptureInput::VariableWrite#209e7419/3@af4dbbms.
[2026-10-08 00:57:21] (0s) Inferred that DataFlowPrivate::CaptureFlow::localFlowStep/2#fe2fcd42/2@5511cfjv is empty, due to DataFlowPrivate::CaptureFlow::CaptureContainer#3fac0e5e/1@146701u3.
[2026-10-08 00:57:21] (0s) Inferred that DataFlowPrivate::CaptureFlow::Cached::TExprNode#f3c0926e/3@0759c7pi is empty, due to DataFlowPrivate::CaptureFlow::Cached::TExprNode#dom#3d3bd5fc/2@9f484boi.
[2026-10-08 00:57:21] (0s) Inferred that DataFlowPrivate::CaptureFlow::Cached::TSynthThisQualifier#dom#0275e35e/3@0c5af6aj is empty, due to DataFlowPrivate::CaptureFlow::synthThisQualifier/2#f52b5f43/2@574acfdo.
[2026-10-08 00:57:21] (0s) Inferred that project#DataFlowPrivate::CaptureFlow::CaptureSsaInput::variableRead/4#8ccf78d9#cpe#123/2@7f0a378m is empty, due to DataFlowPrivate::CaptureFlow::CaptureSsaInput::variableRead/4#8ccf78d9#cpe#123/3@667284lr.
[2026-10-08 00:57:21] (0s) Inferred that _DataFlowPrivate::CaptureFlow::CaptureSsaInput::variableRead/4#8ccf78d9#cpe#123_num#DataFlowPrivate:__#shared/4@c3ce1c24 is empty, due to DataFlowPrivate::CaptureFlow::CaptureSsaInput::variableRead/4#8ccf78d9#cpe#123/3@667284lr.
[2026-10-08 00:57:21] (0s) Inferred that DataFlowPrivate::CaptureFlow::CaptureSsa::ssaDefReachesRead/4#053ffeb9/4@a337eai6 is empty, due to DataFlowPrivate::CaptureFlow::CaptureSsaInput::variableRead/4#8ccf78d9#cpe#123/3@667284lr.
[2026-10-08 00:57:21] (0s) Inferred that DataFlowPrivate::CaptureFlow::SsaFlow::phiStepsToRef/4#5e4ffd79#cpe#123/3@f1d8a6b5 is empty, due to DataFlowPrivate::CaptureFlow::CaptureSsaInput::variableRead/4#8ccf78d9#cpe#123/3@667284lr.
[2026-10-08 00:57:21] (0s) Inferred that DataFlowPrivate::CaptureFlow::ssaReadAt/5#9f36545b_12340#join_rhs/5@65ba3fgc is empty, due to DataFlowPrivate::CaptureFlow::ssaReadAt/5#9f36545b/5@d7b7eaoe.
[2026-10-08 00:57:21] (0s) Inferred that DataFlowPrivate::CaptureFlow::CaptureSsa::TWriteDef#dom#65585cf0/3@5c82b612 is empty, due to DataFlowPrivate::CaptureFlow::CaptureSsaInput::variableWrite/4#556305d6#cpe#123/3@e0318fr0.
[2026-10-08 00:57:21] (0s) Inferred that project#DataFlowPrivate::CaptureFlow::CaptureSsaInput::variableWrite/4#556305d6#cpe#123/2@23c0b7js is empty, due to DataFlowPrivate::CaptureFlow::CaptureSsaInput::variableWrite/4#556305d6#cpe#123/3@e0318fr0.
[2026-10-08 00:57:21] (0s) Inferred that project#DataFlowPrivate::CaptureFlow::CaptureSsa::Liveness::varRef/4#2ada79e8/2@cd771cb0 is empty, due to DataFlowPrivate::CaptureFlow::CaptureSsa::Liveness::varRef/4#2ada79e8/4@758696c3.
[2026-10-08 00:57:21] (0s) Inferred that DataFlowPrivate::CaptureFlow::CaptureSsa::Liveness::varRef/4#2ada79e8_1302#join_rhs/4@bace69ol is empty, due to DataFlowPrivate::CaptureFlow::CaptureSsa::Liveness::varRef/4#2ada79e8/4@758696c3.
[2026-10-08 00:57:21] (0s) Inferred that project#DataFlowPrivate::CaptureFlow::CaptureSsa::Liveness::varRef/4#2ada79e8#2/2@eac43cgj is empty, due to DataFlowPrivate::CaptureFlow::CaptureSsa::Liveness::varRef/4#2ada79e8/4@758696c3.
[2026-10-08 00:57:21] (0s) Inferred that DataFlowPrivate::CaptureFlow::ssaWriteAt/4#a01ecf17_1230#join_rhs/4@17b91buf is empty, due to DataFlowPrivate::CaptureFlow::ssaWriteAt/4#a01ecf17/4@fe2ef1je.
[2026-10-08 00:57:21] (0s) Inferred that project#DataFlowPrivate::CaptureFlow::CaptureSsa::SsaDefReaches::ssaRef/4#cd96d7d4/2@517244um is empty, due to DataFlowPrivate::CaptureFlow::CaptureSsa::SsaDefReaches::ssaRef/4#cd96d7d4/4@652b5325.
[2026-10-08 00:57:21] (0s) Inferred that DataFlowPrivate::CaptureFlow::CaptureSsa::SsaDefReaches::ssaRef/4#cd96d7d4_1302#join_rhs/4@7270d1r5 is empty, due to DataFlowPrivate::CaptureFlow::CaptureSsa::SsaDefReaches::ssaRef/4#cd96d7d4/4@652b5325.
[2026-10-08 00:57:21] (0s) Inferred that DataFlowPrivate::CaptureFlow::CaptureSsa::AdjacentSsaRefs::ssaRef/4#16f8c78e/4@26f578l4 is empty, due to DataFlowPrivate::CaptureFlow::CaptureSsa::SsaDefReaches::ssaRef/4#cd96d7d4/4@652b5325.
[2026-10-08 00:57:21] (0s) Inferred that cached_DataFlowPrivate::CaptureFlow::Cached::TClosureNode#bf9839bf/1@ae5607ei is empty, due to DataFlowPrivate::CaptureFlow::Cached::TClosureNode#bf9839bf/1@7b26718d.
[2026-10-08 00:57:21] (0s) Inferred that #DataFlowPrivate::CaptureFlow::callableGetEnclosingCallable/1#e1b35514Plus#sourceBound#3/1@6f56bf4t is empty, due to #DataFlowPrivate::CaptureFlow::callableGetEnclosingCallable/1#e1b35514Plus#sourceBound#2#3/1@d9691ebt.
[2026-10-08 00:57:21] (0s) Inferred that __DataFlowPrivate::CaptureFlow::BasicBlock.getEnclosingCallable/0#dispred#2185b3a1_DataFlowPrivate::__#antijoin_rhs#2/5@b4a3a4i8 is empty, due to _DataFlowPrivate::CaptureFlow::BasicBlock.getEnclosingCallable/0#dispred#2185b3a1_DataFlowPrivate::C__#shared#2/7@ea5864kj.
[2026-10-08 00:57:21] (0s) Inferred that DataFlowPrivate::CaptureFlow::synthRead/6#5e157eb3#bfffff_3012#join_rhs/4@ebc026ov is empty, due to DataFlowPrivate::CaptureFlow::synthRead/6#5e157eb3#bfffff/6@b70f92mg.
[2026-10-08 00:57:21] (0s) Inferred that DataFlowPrivate::CaptureFlow::heuristicAllowInstanceParameterReturnInSelf/1#e7635901/1@58fe26dq is empty, due to DataFlowPrivate::CaptureFlow::captureAccess/2#1d66f434_10#count_range/2@4d2632m6.
[2026-10-08 00:57:21] (0s) Inferred that project#DataFlowPrivate::CaptureFlow::captureRead/5#57fcd16c/2@ebdc18tj is empty, due to DataFlowPrivate::CaptureFlow::captureRead/5#57fcd16c/5@90a1323n.
[2026-10-08 00:57:21] (0s) Inferred that DataFlowPrivate::CaptureFlow::captureRead/5#57fcd16c_12304#join_rhs/5@5d7d83lv is empty, due to DataFlowPrivate::CaptureFlow::captureRead/5#57fcd16c/5@90a1323n.
[2026-10-08 00:57:21] (0s) Inferred that NamedPattern::Generated::NamedPattern.getVarDecl/0#dispred#d772731f#fb/2@e36ae3g7 is empty, due to Synth::Synth::convertVarDeclFromRaw/1#87b11dab#fb/2@39a1b5vd.
[2026-10-08 00:57:21] (0s) Inferred that Assignment::Assignment.getDest/0#dispred#8e2e5936#fb/2@b9a5eagd is empty, due to m#Assignment::Assignment.getDest/0#dispred#8e2e5936#fb/1@27017aii.
[2026-10-08 00:57:21] (0s) Inferred that project#DataFlowPrivate::CaptureFlow::captureWrite/5#8b85aa0c/2@8279bfi5 is empty, due to DataFlowPrivate::CaptureFlow::captureWrite/5#8b85aa0c/5@46c08a9t.
[2026-10-08 00:57:21] (0s) Inferred that DataFlowPrivate::CaptureFlow::captureWrite/5#8b85aa0c_12304#join_rhs/5@a16d027n is empty, due to DataFlowPrivate::CaptureFlow::captureWrite/5#8b85aa0c/5@46c08a9t.
[2026-10-08 00:57:21] (0s) Inferred that project#DataFlowPrivate::CaptureFlow::captureRead/5#57fcd16c#bffff_10#join_rhs/2@2d961cn7 is empty, due to project#DataFlowPrivate::CaptureFlow::captureRead/5#57fcd16c#bffff/2@3d64a5qt.
[2026-10-08 00:57:21] (0s) Inferred that DataFlowPrivate::CaptureFlow::captureWrite/5#8b85aa0c#bffff/5@f63371lv is empty, due to _DataFlowPrivate::CaptureInput::VariableWrite#209e7419#fbf_10#join_rhs_DataFlowPrivate::TCapturedVar__#shared/2@3cd53f43.
[2026-10-08 00:57:21] (0s) Inferred that project#DataFlowPrivate::CaptureFlow::captureRead/5#57fcd16c/2@493e809j is empty, due to DataFlowPrivate::CaptureFlow::captureRead/5#57fcd16c/5@ff98f7ts.
[2026-10-08 00:57:21] (0s) Inferred that DataFlowPrivate::CaptureFlow::captureRead/5#57fcd16c_1234#join_rhs/4@0b72b75r is empty, due to DataFlowPrivate::CaptureFlow::captureRead/5#57fcd16c/5@ff98f7ts.
[2026-10-08 00:57:21] (0s) Inferred that project#DataFlowPrivate::CaptureFlow::captureWrite/5#8b85aa0c/2@04b54359 is empty, due to DataFlowPrivate::CaptureFlow::captureWrite/5#8b85aa0c/5@4dbd63ls.
[2026-10-08 00:57:21] (0s) Inferred that DataFlowPrivate::CaptureFlow::captureWrite/5#8b85aa0c_1234#join_rhs/4@f39783um is empty, due to DataFlowPrivate::CaptureFlow::captureWrite/5#8b85aa0c/5@4dbd63ls.
[2026-10-08 00:57:21] (0s) Inferred that #DataFlowPrivate::CaptureFlow::callableGetEnclosingCallable/1#e1b35514Plus#sourceBound#3/1@2fc9d1p2 is empty, due to #DataFlowPrivate::CaptureFlow::callableGetEnclosingCallable/1#e1b35514Plus#sourceBound#2#3/1@133d6abl.
[2026-10-08 00:57:21] (0s) Inferred that DataFlowPrivate::CaptureFlow::Cached::TSynthRead#120eb0aa/5@3779d00q is empty, due to DataFlowPrivate::CaptureFlow::Cached::TSynthRead#dom#4a14a35d/4@208fe9id.
[2026-10-08 00:57:21] (0s) Inferred that #DataFlowPrivate::CaptureFlow::callableGetEnclosingCallable/1#e1b35514Plus#sourceBound#3/1@336399at is empty, due to #DataFlowPrivate::CaptureFlow::callableGetEnclosingCallable/1#e1b35514Plus#sourceBound#2#3/1@c824f36d.
[2026-10-08 00:57:21] (0s) Inferred that project#DataFlowPrivate::CaptureFlow::synthRead/5#e6f604ae#bffff/3@80a9ed84 is empty, due to DataFlowPrivate::CaptureFlow::synthRead/5#e6f604ae#bffff_3012#join_rhs/4@a2b5a8rl.
[2026-10-08 00:57:21] (0s) Inferred that #DataFlowPrivate::CaptureFlow::callableGetEnclosingCallable/1#e1b35514Plus#sourceBound#3/1@c7f4f6sc is empty, due to #DataFlowPrivate::CaptureFlow::callableGetEnclosingCallable/1#e1b35514Plus#sourceBound#2#3/1@02928f8i.
[2026-10-08 00:57:21] (0s) Inferred that cached_DataFlowPrivate::CaptureFlow::Cached::TParamNode#7ba7a910/2@3c406fqk is empty, due to DataFlowPrivate::CaptureFlow::Cached::TParamNode#7ba7a910/2@50c52a4t.
[2026-10-08 00:57:21] (0s) Inferred that __DataFlowPrivate::CaptureFlow::BasicBlock.getEnclosingCallable/0#dispred#2185b3a1_DataFlowPrivate::__#antijoin_rhs/4@50bb06vf is empty, due to _DataFlowPrivate::CaptureFlow::BasicBlock.getEnclosingCallable/0#dispred#2185b3a1_DataFlowPrivate::C__#shared/6@5a88e96a.
[2026-10-08 00:57:21] (0s) Inferred that __DataFlowPrivate::CaptureFlow::BasicBlock.getEnclosingCallable/0#dispred#2185b3a1_DataFlowPrivate::__#antijoin_rhs#1/4@e95d56lq is empty, due to _DataFlowPrivate::CaptureFlow::BasicBlock.getEnclosingCallable/0#dispred#2185b3a1_DataFlowPrivate::C__#shared#1/6@f0303d1b.
[2026-10-08 00:57:21] (0s) Inferred that DataFlowPrivate::CaptureFlow::Cached::TThisParamNode#dom#0ac264eb/1@0eeb28jm is empty, due to DataFlowPrivate::CaptureFlow::captureAccess/2#1d66f434/2@60c8dwkm.
[2026-10-08 00:57:21] (0s) Inferred that __DataFlowPrivate::CaptureFlow::captureRead/5#57fcd16c_12#join_rhs__BasicBlock::Make<Location::Locat__#join_rhs/2@fc2e7841 is empty, due to _DataFlowPrivate::CaptureFlow::captureRead/5#57fcd16c_12#join_rhs__BasicBlock::Make<Location::Locati__#min_range/2@1b68b632.
[2026-10-08 00:57:21] (0s) Inferred that DataFlowPrivate::CaptureFlow::captureRead/5#57fcd16c/5@b691c6rb is empty, due to DataFlowPrivate::CaptureInput::VariableRead#d6e375c5/2@226bfe57.
[2026-10-08 00:57:21] (0s) Inferred that DataFlowPrivate::CaptureFlow::Cached::TVariableWriteSourceNode#a885997a/2@67cae598 is empty, due to DataFlowPrivate::CaptureFlow::Cached::TVariableWriteSourceNode#dom#e4c2cdd4/1@6d3278o3.
[2026-10-08 00:57:21] (0s) Inferred that DataFlowPrivate::CaptureFlow::captureWrite/5#8b85aa0c/5@337bf4v8 is empty, due to project#DataFlowPrivate::CaptureInput::VariableWrite#209e7419/2@f073608a.
[2026-10-08 00:57:21] (0s) Inferred that cached_DataFlowPrivate::CaptureFlow::localFlowStep/2#fe2fcd42/2@37df6di7 is empty, due to DataFlowPrivate::CaptureFlow::localFlowStep/2#fe2fcd42/2@5511cfjv.
[2026-10-08 00:57:21] (0s) Inferred that cached_DataFlowPrivate::CaptureFlow::Cached::TExprNode#f3c0926e/3@bf2dbbf2 is empty, due to DataFlowPrivate::CaptureFlow::Cached::TExprNode#f3c0926e/3@0759c7pi.
[2026-10-08 00:57:21] (0s) Inferred that DataFlowPrivate::CaptureFlow::Cached::TSynthThisQualifier#e98bb60d/4@934a31l1 is empty, due to DataFlowPrivate::CaptureFlow::Cached::TSynthThisQualifier#dom#0275e35e/3@0c5af6aj.
[2026-10-08 00:57:21] (0s) Inferred that DataFlowPrivate::CaptureFlow::CaptureSsa::inReadDominanceFrontier/2#b4691086/2@ee491wih is empty, due to project#DataFlowPrivate::CaptureFlow::CaptureSsaInput::variableRead/4#8ccf78d9#cpe#123/2@7f0a378m.
[2026-10-08 00:57:21] (0s) Inferred that DataFlowPrivate::CaptureFlow::CaptureSsa::synthPhiRead/2#d4420fa6/2@ee491xih is empty, due to project#DataFlowPrivate::CaptureFlow::CaptureSsaInput::variableRead/4#8ccf78d9#cpe#123/2@7f0a378m.
[2026-10-08 00:57:21] (0s) Inferred that project#DataFlowPrivate::CaptureFlow::CaptureSsa::ssaDefReachesRead/4#053ffeb9/3@e79b7fn7 is empty, due to DataFlowPrivate::CaptureFlow::CaptureSsa::ssaDefReachesRead/4#053ffeb9/4@a337eai6.
[2026-10-08 00:57:21] (0s) Inferred that project#DataFlowPrivate::CaptureFlow::CaptureSsa::ssaDefReachesRead/4#053ffeb9#2/2@411373uo is empty, due to DataFlowPrivate::CaptureFlow::CaptureSsa::ssaDefReachesRead/4#053ffeb9/4@a337eai6.
[2026-10-08 00:57:21] (0s) Inferred that project#DataFlowPrivate::CaptureFlow::SsaFlow::phiStepsToRef/4#5e4ffd79#cpe#123/1@9a2f54vf is empty, due to DataFlowPrivate::CaptureFlow::SsaFlow::phiStepsToRef/4#5e4ffd79#cpe#123/3@f1d8a6b5.
[2026-10-08 00:57:21] (0s) Inferred that DataFlowPrivate::CaptureFlow::SsaFlow::phiStepsToRef/4#5e4ffd79#cpe#123_012_true_1#count_range/5@f3a786k9 is empty, due to DataFlowPrivate::CaptureFlow::SsaFlow::phiStepsToRef/4#5e4ffd79#cpe#123/3@f1d8a6b5.
[2026-10-08 00:57:21] (0s) Inferred that DataFlowPrivate::CaptureFlow::CaptureSsa::TWriteDef#1faf889b/4@2c736779 is empty, due to DataFlowPrivate::CaptureFlow::CaptureSsa::TWriteDef#dom#65585cf0/3@5c82b612.
[2026-10-08 00:57:21] (0s) Inferred that DataFlowPrivate::CaptureFlow::CaptureSsa::RankRefs<Liveness::varRef>::MkOrderedRefIndex#dom#47bec12d/2@36e56b5g is empty, due to project#DataFlowPrivate::CaptureFlow::CaptureSsa::Liveness::varRef/4#2ada79e8/2@cd771cb0.
[2026-10-08 00:57:21] (0s) Inferred that DataFlowPrivate::CaptureFlow::CaptureSsa::RankRefs<Liveness::varRef>::refOrd/5#469a8d3b/6@ea860442 is empty, due to DataFlowPrivate::CaptureFlow::CaptureSsa::Liveness::varRef/4#2ada79e8_1302#join_rhs/4@bace69ol.
[2026-10-08 00:57:21] (0s) Inferred that DataFlowPrivate::CaptureFlow::CaptureSsa::RankRefs<SsaDefReaches::ssaRef>::MkOrderedRefIndex#dom#b8a05d50/2@de107549 is empty, due to project#DataFlowPrivate::CaptureFlow::CaptureSsa::SsaDefReaches::ssaRef/4#cd96d7d4/2@517244um.
[2026-10-08 00:57:21] (0s) Inferred that DataFlowPrivate::CaptureFlow::CaptureSsa::RankRefs<SsaDefReaches::ssaRef>::refOrd/5#94ea9ded/6@f324ebin is empty, due to DataFlowPrivate::CaptureFlow::CaptureSsa::SsaDefReaches::ssaRef/4#cd96d7d4_1302#join_rhs/4@7270d1r5.
[2026-10-08 00:57:21] (0s) Inferred that project#DataFlowPrivate::CaptureFlow::CaptureSsa::AdjacentSsaRefs::ssaRef/4#16f8c78e/2@fe15623g is empty, due to DataFlowPrivate::CaptureFlow::CaptureSsa::AdjacentSsaRefs::ssaRef/4#16f8c78e/4@26f578l4.
[2026-10-08 00:57:21] (0s) Inferred that project#DataFlowPrivate::CaptureFlow::CaptureSsa::AdjacentSsaRefs::ssaRef/4#16f8c78e#2/2@a04f5ejh is empty, due to DataFlowPrivate::CaptureFlow::CaptureSsa::AdjacentSsaRefs::ssaRef/4#16f8c78e/4@26f578l4.
[2026-10-08 00:57:21] (0s) Inferred that DataFlowPrivate::CaptureFlow::CaptureSsa::AdjacentSsaRefs::ssaRef/4#16f8c78e_1302#join_rhs/4@22a3de0o is empty, due to DataFlowPrivate::CaptureFlow::CaptureSsa::AdjacentSsaRefs::ssaRef/4#16f8c78e/4@26f578l4.
[2026-10-08 00:57:21] (0s) Inferred that project#DataFlowPrivate::CaptureFlow::synthRead/6#5e157eb3#bfffff/3@fefe46m8 is empty, due to DataFlowPrivate::CaptureFlow::synthRead/6#5e157eb3#bfffff_3012#join_rhs/4@ebc026ov.
[2026-10-08 00:57:21] (0s) Inferred that NamedPattern::Generated::NamedPattern.getVarDecl/0#dispred#d772731f#fb_10#join_rhs/2@796b10pm is empty, due to NamedPattern::Generated::NamedPattern.getVarDecl/0#dispred#d772731f#fb/2@e36ae3g7.
[2026-10-08 00:57:21] (0s) Inferred that Assignment::Assignment.getDest/0#dispred#8e2e5936#fb_10#join_rhs/2@1bc6a63k is empty, due to Assignment::Assignment.getDest/0#dispred#8e2e5936#fb/2@b9a5eagd.
[2026-10-08 00:57:21] (0s) Inferred that project#DataFlowPrivate::CaptureFlow::captureWrite/5#8b85aa0c#bffff/2@4edc0alr is empty, due to DataFlowPrivate::CaptureFlow::captureWrite/5#8b85aa0c#bffff/5@f63371lv.
[2026-10-08 00:57:21] (0s) Inferred that project#DataFlowPrivate::CaptureFlow::captureRead/5#57fcd16c_10#join_rhs/2@9dba450o is empty, due to project#DataFlowPrivate::CaptureFlow::captureRead/5#57fcd16c/2@493e809j.
[2026-10-08 00:57:21] (0s) Inferred that project#DataFlowPrivate::CaptureFlow::captureWrite/5#8b85aa0c_10#join_rhs/2@b9fe29cm is empty, due to project#DataFlowPrivate::CaptureFlow::captureWrite/5#8b85aa0c/2@04b54359.
[2026-10-08 00:57:21] (0s) Inferred that cached_DataFlowPrivate::CaptureFlow::Cached::TSynthRead#120eb0aa/5@66f47eoe is empty, due to DataFlowPrivate::CaptureFlow::Cached::TSynthRead#120eb0aa/5@3779d00q.
[2026-10-08 00:57:21] (0s) Inferred that project#DataFlowPrivate::CaptureFlow::synthRead/5#e6f604ae#bffff_120#join_rhs/3@87461d9c is empty, due to project#DataFlowPrivate::CaptureFlow::synthRead/5#e6f604ae#bffff/3@80a9ed84.
[2026-10-08 00:57:21] (0s) Inferred that DataFlowPrivate::CaptureFlow::Cached::TThisParamNode#2318c6b0/2@55d482h3 is empty, due to DataFlowPrivate::CaptureFlow::Cached::TThisParamNode#dom#0ac264eb/1@0eeb28jm.
[2026-10-08 00:57:21] (0s) Inferred that num#DataFlowPrivate::CaptureFlow::TThis#58b8462f/2@79c2baro is empty, due to DataFlowPrivate::CaptureFlow::Cached::TThisParamNode#dom#0ac264eb/1@0eeb28jm.
[2026-10-08 00:57:21] (0s) Inferred that DataFlowPrivate::CaptureFlow::entryDef/3#d21a479d/3@e8d73c4m is empty, due to __DataFlowPrivate::CaptureFlow::captureRead/5#57fcd16c_12#join_rhs__BasicBlock::Make<Location::Locat__#join_rhs/2@fc2e7841.
[2026-10-08 00:57:21] (0s) Inferred that project#DataFlowPrivate::CaptureFlow::captureRead/5#57fcd16c/2@e5dd0fc5 is empty, due to DataFlowPrivate::CaptureFlow::captureRead/5#57fcd16c/5@b691c6rb.
[2026-10-08 00:57:21] (0s) Inferred that DataFlowPrivate::CaptureFlow::captureRead/5#57fcd16c_312#join_rhs/3@ca3f53vm is empty, due to DataFlowPrivate::CaptureFlow::captureRead/5#57fcd16c/5@b691c6rb.
[2026-10-08 00:57:21] (0s) Inferred that DataFlowPrivate::CaptureFlow::captureRead/5#57fcd16c_0312#join_rhs/4@23f675av is empty, due to DataFlowPrivate::CaptureFlow::captureRead/5#57fcd16c/5@b691c6rb.
[2026-10-08 00:57:21] (0s) Inferred that DataFlowPrivate::CaptureFlow::captureRead/5#57fcd16c_03124#join_rhs/5@84a5c5qt is empty, due to DataFlowPrivate::CaptureFlow::captureRead/5#57fcd16c/5@b691c6rb.
[2026-10-08 00:57:21] (0s) Inferred that DataFlowPrivate::CaptureFlow::captureRead/5#57fcd16c_12#join_rhs/2@261a5bq4 is empty, due to DataFlowPrivate::CaptureFlow::captureRead/5#57fcd16c/5@b691c6rb.
[2026-10-08 00:57:21] (0s) Inferred that cached_DataFlowPrivate::CaptureFlow::Cached::TVariableWriteSourceNode#a885997a/2@792a39t5 is empty, due to DataFlowPrivate::CaptureFlow::Cached::TVariableWriteSourceNode#a885997a/2@67cae598.
[2026-10-08 00:57:21] (0s) Inferred that project#DataFlowPrivate::CaptureFlow::captureWrite/5#8b85aa0c/2@9138a0im is empty, due to DataFlowPrivate::CaptureFlow::captureWrite/5#8b85aa0c/5@337bf4v8.
[2026-10-08 00:57:21] (0s) Inferred that DataFlowPrivate::CaptureFlow::captureWrite/5#8b85aa0c_312#join_rhs/3@511749qj is empty, due to DataFlowPrivate::CaptureFlow::captureWrite/5#8b85aa0c/5@337bf4v8.
[2026-10-08 00:57:21] (0s) Inferred that project#DataFlowPrivate::CaptureFlow::captureWrite/5#8b85aa0c#3/2@79db8e4p is empty, due to DataFlowPrivate::CaptureFlow::captureWrite/5#8b85aa0c/5@337bf4v8.
[2026-10-08 00:57:21] (0s) Inferred that DataFlowPrivate::CaptureFlow::captureWrite/5#8b85aa0c_3012#join_rhs/4@45392b80 is empty, due to DataFlowPrivate::CaptureFlow::captureWrite/5#8b85aa0c/5@337bf4v8.
[2026-10-08 00:57:21] (0s) Inferred that DataFlowPrivate::CaptureFlow::captureWrite/5#8b85aa0c_03124#join_rhs/5@d20fa54d is empty, due to DataFlowPrivate::CaptureFlow::captureWrite/5#8b85aa0c/5@337bf4v8.
[2026-10-08 00:57:21] (0s) Inferred that DataFlowPrivate::CaptureFlow::Cached::TExprNode#f3c0926e_12#join_rhs/2@141ab9q7 is empty, due to cached_DataFlowPrivate::CaptureFlow::Cached::TExprNode#f3c0926e/3@bf2dbbf2.
[2026-10-08 00:57:21] (0s) Inferred that cached_DataFlowPrivate::CaptureFlow::Cached::TSynthThisQualifier#e98bb60d/4@cdc8d82s is empty, due to DataFlowPrivate::CaptureFlow::Cached::TSynthThisQualifier#e98bb60d/4@934a31l1.
[2026-10-08 00:57:21] (0s) Inferred that DataFlowPrivate::CaptureFlow::CaptureSsa::TPhiReadNode#dom#d8b87e63/2@bc6990dp is empty, due to DataFlowPrivate::CaptureFlow::CaptureSsa::synthPhiRead/2#d4420fa6/2@ee491xih.
[2026-10-08 00:57:21] (0s) Inferred that DataFlowPrivate::CaptureFlow::SsaFlow::TExprNode#dom#01d2fc01/2@c1a12ba9 is empty, due to project#DataFlowPrivate::CaptureFlow::CaptureSsa::ssaDefReachesRead/4#053ffeb9/3@e79b7fn7.
[2026-10-08 00:57:21] (0s) Inferred that _DataFlowPrivate::CaptureFlow::SsaFlow::phiStepsToRef/4#5e4ffd79#cpe#123_012_true_1#count_range#shared/2@1c23a57n is empty, due to DataFlowPrivate::CaptureFlow::SsaFlow::phiStepsToRef/4#5e4ffd79#cpe#123_012_true_1#count_range/5@f3a786k9.
[2026-10-08 00:57:21] (0s) Inferred that DataFlowPrivate::CaptureFlow::SsaFlow::TWriteDefSource#dom#812da40a/1@4912b8o6 is empty, due to DataFlowPrivate::CaptureFlow::CaptureSsa::TWriteDef#1faf889b/4@2c736779.
[2026-10-08 00:57:21] (0s) Inferred that num#DataFlowPrivate::CaptureFlow::CaptureSsa::TPhiNode#b55afabe/3@b0299wei is empty, due to DataFlowPrivate::CaptureFlow::CaptureSsa::TWriteDef#1faf889b/4@2c736779.
[2026-10-08 00:57:21] (0s) Inferred that DataFlowPrivate::CaptureFlow::CaptureSsa::TPhiNode#b55afabe/3@b0299xei is empty, due to DataFlowPrivate::CaptureFlow::CaptureSsa::TWriteDef#1faf889b/4@2c736779.
[2026-10-08 00:57:21] (0s) Inferred that DataFlowPrivate::CaptureFlow::CaptureSsa::inDefDominanceFrontier/2#63f3724d/2@b0299yei is empty, due to DataFlowPrivate::CaptureFlow::CaptureSsa::TWriteDef#1faf889b/4@2c736779.
[2026-10-08 00:57:21] (0s) Inferred that DataFlowPrivate::CaptureFlow::CaptureSsa::TPhiNode#dom#0fcd58a5/2@b0299zei is empty, due to DataFlowPrivate::CaptureFlow::CaptureSsa::TWriteDef#1faf889b/4@2c736779.
[2026-10-08 00:57:21] (0s) Inferred that DataFlowPrivate::CaptureFlow::CaptureSsa::Definition.definesAt/3#dispred#23b5ee94/4@b02990wi is empty, due to DataFlowPrivate::CaptureFlow::CaptureSsa::TWriteDef#1faf889b/4@2c736779.
[2026-10-08 00:57:21] (0s) Inferred that DataFlowPrivate::CaptureFlow::SsaFlow::SsaPhiExt#fefc99c1/1@39b131jl is empty, due to DataFlowPrivate::CaptureFlow::CaptureSsa::TWriteDef#1faf889b/4@2c736779.
[2026-10-08 00:57:21] (0s) Inferred that DataFlowPrivate::CaptureFlow::CaptureSsa::TDefinitionExt#e19a7611/1@a91773r6 is empty, due to DataFlowPrivate::CaptureFlow::CaptureSsa::TWriteDef#1faf889b/4@2c736779.
[2026-10-08 00:57:21] (0s) Inferred that DataFlowPrivate::CaptureFlow::SsaFlow::TSsaDefinitionNode#dom#95549da6/1@f2545140 is empty, due to DataFlowPrivate::CaptureFlow::CaptureSsa::TWriteDef#1faf889b/4@2c736779.
[2026-10-08 00:57:21] (0s) Inferred that DataFlowPrivate::CaptureFlow::SsaFlow::NodeImpl#b5f9faa6/1@f7efber3 is empty, due to DataFlowPrivate::CaptureFlow::CaptureSsa::TWriteDef#1faf889b/4@2c736779.
[2026-10-08 00:57:21] (0s) Inferred that DataFlowPrivate::CaptureFlow::SsaFlow::TNode#e96baa20/1@826e6fnv is empty, due to DataFlowPrivate::CaptureFlow::CaptureSsa::TWriteDef#1faf889b/4@2c736779.
[2026-10-08 00:57:21] (0s) Inferred that cached_DataFlowPrivate::CaptureFlow::CaptureSsa::TWriteDef#1faf889b/4@abf1233c is empty, due to DataFlowPrivate::CaptureFlow::CaptureSsa::TWriteDef#1faf889b/4@2c736779.
[2026-10-08 00:57:21] (0s) Inferred that num#DataFlowPrivate::CaptureFlow::CaptureSsa::RankRefs<Liveness::varRef>::MkOrderedRefIndex#f8110669/3@5ed49beh is empty, due to DataFlowPrivate::CaptureFlow::CaptureSsa::RankRefs<Liveness::varRef>::MkOrderedRefIndex#dom#47bec12d/2@36e56b5g.
[2026-10-08 00:57:21] (0s) Inferred that DataFlowPrivate::CaptureFlow::CaptureSsa::RankRefs<Liveness::varRef>::refOrd/5#469a8d3b_02145#rank_range/5@2197ccrk is empty, due to DataFlowPrivate::CaptureFlow::CaptureSsa::RankRefs<Liveness::varRef>::refOrd/5#469a8d3b/6@ea860442.
[2026-10-08 00:57:21] (0s) Inferred that DataFlowPrivate::CaptureFlow::CaptureSsa::RankRefs<Liveness::varRef>::refOrd/5#469a8d3b_02145514#rank_term/8@fe3e4bat is empty, due to DataFlowPrivate::CaptureFlow::CaptureSsa::RankRefs<Liveness::varRef>::refOrd/5#469a8d3b/6@ea860442.
[2026-10-08 00:57:21] (0s) Inferred that num#DataFlowPrivate::CaptureFlow::CaptureSsa::RankRefs<SsaDefReaches::ssaRef>::MkOrderedRefIndex#922fedf9/3@4782b88j is empty, due to DataFlowPrivate::CaptureFlow::CaptureSsa::RankRefs<SsaDefReaches::ssaRef>::MkOrderedRefIndex#dom#b8a05d50/2@de107549.
[2026-10-08 00:57:21] (0s) Inferred that DataFlowPrivate::CaptureFlow::CaptureSsa::RankRefs<SsaDefReaches::ssaRef>::refOrd/5#94ea9ded_02145#rank_range/5@84bf496p is empty, due to DataFlowPrivate::CaptureFlow::CaptureSsa::RankRefs<SsaDefReaches::ssaRef>::refOrd/5#94ea9ded/6@f324ebin.
[2026-10-08 00:57:21] (0s) Inferred that DataFlowPrivate::CaptureFlow::CaptureSsa::RankRefs<SsaDefReaches::ssaRef>::refOrd/5#94ea9ded_02145514#rank_term/8@8a1cb43g is empty, due to DataFlowPrivate::CaptureFlow::CaptureSsa::RankRefs<SsaDefReaches::ssaRef>::refOrd/5#94ea9ded/6@f324ebin.
[2026-10-08 00:57:21] (0s) Inferred that DataFlowPrivate::CaptureFlow::CaptureSsa::RankRefs<AdjacentSsaRefs::ssaRef>::MkOrderedRefIndex#dom#62ddd85e/2@d7487eod is empty, due to project#DataFlowPrivate::CaptureFlow::CaptureSsa::AdjacentSsaRefs::ssaRef/4#16f8c78e#2/2@a04f5ejh.
[2026-10-08 00:57:21] (0s) Inferred that DataFlowPrivate::CaptureFlow::CaptureSsa::RankRefs<AdjacentSsaRefs::ssaRef>::refOrd/5#ca652514/6@0fdc1cv0 is empty, due to DataFlowPrivate::CaptureFlow::CaptureSsa::AdjacentSsaRefs::ssaRef/4#16f8c78e_1302#join_rhs/4@22a3de0o.
[2026-10-08 00:57:21] (0s) Inferred that project#DataFlowPrivate::CaptureFlow::synthRead/6#5e157eb3#bfffff_120#join_rhs/3@8edae7hb is empty, due to project#DataFlowPrivate::CaptureFlow::synthRead/6#5e157eb3#bfffff/3@fefe46m8.
[2026-10-08 00:57:21] (0s) Inferred that project#DataFlowPrivate::CaptureFlow::captureWrite/5#8b85aa0c#bffff_10#join_rhs/2@4610cbpn is empty, due to project#DataFlowPrivate::CaptureFlow::captureWrite/5#8b85aa0c#bffff/2@4edc0alr.
[2026-10-08 00:57:21] (0s) Inferred that DataFlowPrivate::CaptureFlow::Cached::TSynthRead#120eb0aa_30124#join_rhs/5@c61668oo is empty, due to cached_DataFlowPrivate::CaptureFlow::Cached::TSynthRead#120eb0aa/5@66f47eoe.
[2026-10-08 00:57:21] (0s) Inferred that DataFlowPrivate::CaptureFlow::Cached::TSynthRead#120eb0aa_03124#join_rhs/5@3ad4caij is empty, due to cached_DataFlowPrivate::CaptureFlow::Cached::TSynthRead#120eb0aa/5@66f47eoe.
[2026-10-08 00:57:21] (0s) Inferred that cached_DataFlowPrivate::CaptureFlow::Cached::TThisParamNode#2318c6b0/2@38440918 is empty, due to DataFlowPrivate::CaptureFlow::Cached::TThisParamNode#2318c6b0/2@55d482h3.
[2026-10-08 00:57:21] (0s) Inferred that _DataFlowPrivate::CaptureFlow::BasicBlock.getEnclosingCallable/0#dispred#2185b3a1_10#join_rhs_num#Da__#shared/2@562ea498 is empty, due to num#DataFlowPrivate::CaptureFlow::TThis#58b8462f/2@79c2baro.
[2026-10-08 00:57:21] (0s) Inferred that project#DataFlowPrivate::CaptureFlow::captureWrite/5#8b85aa0c#2/2@b81606ae is empty, due to DataFlowPrivate::CaptureFlow::captureWrite/5#8b85aa0c_312#join_rhs/3@511749qj.
[2026-10-08 00:57:21] (0s) Inferred that project#DataFlowPrivate::CaptureFlow::captureWrite/5#8b85aa0c#4/3@039865gc is empty, due to DataFlowPrivate::CaptureFlow::captureWrite/5#8b85aa0c_3012#join_rhs/4@45392b80.
[2026-10-08 00:57:21] (0s) Inferred that DataFlowPrivate::CaptureFlow::Cached::TSynthThisQualifier#e98bb60d_2013#join_rhs/4@2e033849 is empty, due to cached_DataFlowPrivate::CaptureFlow::Cached::TSynthThisQualifier#e98bb60d/4@cdc8d82s.
[2026-10-08 00:57:21] (0s) Inferred that DataFlowPrivate::CaptureFlow::CaptureSsa::TPhiReadNode#6f2647fa/3@cccedc4d is empty, due to DataFlowPrivate::CaptureFlow::CaptureSsa::TPhiReadNode#dom#d8b87e63/2@bc6990dp.
[2026-10-08 00:57:21] (0s) Inferred that DataFlowPrivate::CaptureFlow::SsaFlow::TExprNode#c0c1acbf/3@cc67af4q is empty, due to DataFlowPrivate::CaptureFlow::SsaFlow::TExprNode#dom#01d2fc01/2@c1a12ba9.
[2026-10-08 00:57:21] (0s) Inferred that DataFlowPrivate::CaptureFlow::SsaFlow::TWriteDefSource#00a79759/2@1f9ab1ir is empty, due to DataFlowPrivate::CaptureFlow::SsaFlow::TWriteDefSource#dom#812da40a/1@4912b8o6.
[2026-10-08 00:57:21] (0s) Inferred that DataFlowPrivate::CaptureFlow::CaptureSsa::TPhiNode#b55afabe_2#join_rhs/1@7f351dcv is empty, due to DataFlowPrivate::CaptureFlow::CaptureSsa::TPhiNode#b55afabe/3@b0299xei.
[2026-10-08 00:57:21] (0s) Inferred that cached_DataFlowPrivate::CaptureFlow::CaptureSsa::TPhiNode#b55afabe/3@232538qj is empty, due to DataFlowPrivate::CaptureFlow::CaptureSsa::TPhiNode#b55afabe/3@b0299xei.
[2026-10-08 00:57:21] (0s) Inferred that DataFlowPrivate::CaptureFlow::CaptureSsa::Definition.definesAt/3#dispred#23b5ee94_12#antijoin_rhs/2@860602m2 is empty, due to DataFlowPrivate::CaptureFlow::CaptureSsa::Definition.definesAt/3#dispred#23b5ee94/4@b02990wi.
[2026-10-08 00:57:21] (0s) Inferred that DataFlowPrivate::CaptureFlow::CaptureSsa::SsaDefReaches::ssaDefReachesRank/4#fc03edf9/4@290bawsh is empty, due to DataFlowPrivate::CaptureFlow::CaptureSsa::Definition.definesAt/3#dispred#23b5ee94/4@b02990wi.
[2026-10-08 00:57:21] (0s) Inferred that DataFlowPrivate::CaptureFlow::CaptureSsa::Definition.definesAt/3#dispred#23b5ee94_120#join_rhs/3@284e9454 is empty, due to DataFlowPrivate::CaptureFlow::CaptureSsa::Definition.definesAt/3#dispred#23b5ee94/4@b02990wi.
[2026-10-08 00:57:21] (0s) Inferred that DataFlowPrivate::CaptureFlow::CaptureSsa::DefinitionExt.definesAt/3#dispred#745bef75/4@32e69dru is empty, due to DataFlowPrivate::CaptureFlow::CaptureSsa::Definition.definesAt/3#dispred#23b5ee94/4@b02990wi.
[2026-10-08 00:57:21] (0s) Inferred that DataFlowPrivate::CaptureFlow::SsaFlow::flowFromRefToNode/4#8a1cc911/4@a8b98xu0 is empty, due to DataFlowPrivate::CaptureFlow::CaptureSsa::Definition.definesAt/3#dispred#23b5ee94/4@b02990wi.
[2026-10-08 00:57:21] (0s) Inferred that DataFlowPrivate::CaptureFlow::SsaFlow::flowOutOf/5#fee575cc/5@29e805mk is empty, due to DataFlowPrivate::CaptureFlow::CaptureSsa::Definition.definesAt/3#dispred#23b5ee94/4@b02990wi.
[2026-10-08 00:57:21] (0s) Inferred that DataFlowPrivate::CaptureFlow::SsaFlow::getAPhiInputDef/2#e6a64c1a/3@91e200ar is empty, due to DataFlowPrivate::CaptureFlow::CaptureSsa::DefinitionExt.definesAt/3#dispred#745bef75/4@32e69dru.
[2026-10-08 00:57:21] (0s) Inferred that _DataFlowPrivate::CaptureFlow::CaptureSsa::DefinitionExt.definesAt/3#dispred#745bef75_DataFlowPrivat__#shared/4@c72246vl is empty, due to DataFlowPrivate::CaptureFlow::CaptureSsa::DefinitionExt.definesAt/3#dispred#745bef75/4@32e69dru.
[2026-10-08 00:57:21] (0s) Inferred that _DataFlowPrivate::CaptureFlow::SsaFlow::SsaPhiExt#fefc99c1_project#DataFlowPrivate::CaptureFlow::Ssa__#shared/1@d63cbf5s is empty, due to DataFlowPrivate::CaptureFlow::SsaFlow::SsaPhiExt#fefc99c1/1@39b131jl.
[2026-10-08 00:57:21] (0s) Inferred that DataFlowPrivate::CaptureFlow::SsaFlow::phiHasUniqNextNode/1#17215129/1@318d10e3 is empty, due to DataFlowPrivate::CaptureFlow::SsaFlow::SsaPhiExt#fefc99c1/1@39b131jl.
[2026-10-08 00:57:21] (0s) Inferred that cached_DataFlowPrivate::CaptureFlow::CaptureSsa::TDefinitionExt#e19a7611/1@e0c2bad6 is empty, due to DataFlowPrivate::CaptureFlow::CaptureSsa::TDefinitionExt#e19a7611/1@a91773r6.
[2026-10-08 00:57:21] (0s) Inferred that DataFlowPrivate::CaptureFlow::SsaFlow::TSsaDefinitionNode#794a011b/2@cdb913dg is empty, due to DataFlowPrivate::CaptureFlow::SsaFlow::TSsaDefinitionNode#dom#95549da6/1@f2545140.
[2026-10-08 00:57:21] (0s) Inferred that DataFlowPrivate::CaptureFlow::SsaFlow::localFlowStep/4#f54c7439/4@4f7b32pv is empty, due to DataFlowPrivate::CaptureFlow::SsaFlow::NodeImpl#b5f9faa6/1@f7efber3.
[2026-10-08 00:57:21] (0s) Inferred that cached_DataFlowPrivate::CaptureFlow::SsaFlow::TNode#e96baa20/1@6a7d768u is empty, due to DataFlowPrivate::CaptureFlow::SsaFlow::TNode#e96baa20/1@826e6fnv.
[2026-10-08 00:57:21] (0s) Inferred that num#DataFlowPrivate::CaptureFlow::CaptureSsa::RankRefs<Liveness::varRef>::MkOrderedRefIndex#f8110669_102#join_rhs/3@28499ept is empty, due to num#DataFlowPrivate::CaptureFlow::CaptureSsa::RankRefs<Liveness::varRef>::MkOrderedRefIndex#f8110669/3@5ed49beh.
[2026-10-08 00:57:21] (0s) Inferred that _DataFlowPrivate::CaptureFlow::CaptureSsa::RankRefs<Liveness::varRef>::refOrd/5#469a8d3b_02145#rank___#join_rhs/4@5326883s is empty, due to DataFlowPrivate::CaptureFlow::CaptureSsa::RankRefs<Liveness::varRef>::refOrd/5#469a8d3b_02145#rank_range/5@2197ccrk.
[2026-10-08 00:57:21] (0s) Inferred that num#DataFlowPrivate::CaptureFlow::CaptureSsa::RankRefs<SsaDefReaches::ssaRef>::MkOrderedRefIndex#922fedf9_102#join_rhs/3@42bcd56m is empty, due to num#DataFlowPrivate::CaptureFlow::CaptureSsa::RankRefs<SsaDefReaches::ssaRef>::MkOrderedRefIndex#922fedf9/3@4782b88j.
[2026-10-08 00:57:21] (0s) Inferred that _DataFlowPrivate::CaptureFlow::CaptureSsa::RankRefs<SsaDefReaches::ssaRef>::refOrd/5#94ea9ded_02145#__#join_rhs/4@5c3ef081 is empty, due to DataFlowPrivate::CaptureFlow::CaptureSsa::RankRefs<SsaDefReaches::ssaRef>::refOrd/5#94ea9ded_02145#rank_range/5@84bf496p.
[2026-10-08 00:57:21] (0s) Inferred that num#DataFlowPrivate::CaptureFlow::CaptureSsa::RankRefs<AdjacentSsaRefs::ssaRef>::MkOrderedRefIndex#9f7bd6a9/3@9b766c3f is empty, due to DataFlowPrivate::CaptureFlow::CaptureSsa::RankRefs<AdjacentSsaRefs::ssaRef>::MkOrderedRefIndex#dom#62ddd85e/2@d7487eod.
[2026-10-08 00:57:21] (0s) Inferred that DataFlowPrivate::CaptureFlow::CaptureSsa::RankRefs<AdjacentSsaRefs::ssaRef>::refOrd/5#ca652514_02145#rank_range/5@faff66o2 is empty, due to DataFlowPrivate::CaptureFlow::CaptureSsa::RankRefs<AdjacentSsaRefs::ssaRef>::refOrd/5#ca652514/6@0fdc1cv0.
[2026-10-08 00:57:21] (0s) Inferred that DataFlowPrivate::CaptureFlow::CaptureSsa::RankRefs<AdjacentSsaRefs::ssaRef>::refOrd/5#ca652514_02145514#rank_term/8@176e6fn0 is empty, due to DataFlowPrivate::CaptureFlow::CaptureSsa::RankRefs<AdjacentSsaRefs::ssaRef>::refOrd/5#ca652514/6@0fdc1cv0.
[2026-10-08 00:57:21] (0s) Inferred that _DataFlowPrivate::CaptureFlow::Cached::TSynthThisQualifier#e98bb60d_2013#join_rhs_const_true#shared/4@0bf810ke is empty, due to DataFlowPrivate::CaptureFlow::Cached::TSynthThisQualifier#e98bb60d_2013#join_rhs/4@2e033849.
[2026-10-08 00:57:21] (0s) Inferred that cached_DataFlowPrivate::CaptureFlow::CaptureSsa::TPhiReadNode#6f2647fa/3@daafbb0c is empty, due to DataFlowPrivate::CaptureFlow::CaptureSsa::TPhiReadNode#6f2647fa/3@cccedc4d.
[2026-10-08 00:57:21] (0s) Inferred that DataFlowPrivate::CaptureFlow::SsaFlow::ExprNodePreOrPostImpl#9769e341/3@4fb9b4tf is empty, due to DataFlowPrivate::CaptureFlow::SsaFlow::TExprNode#c0c1acbf/3@cc67af4q.
[2026-10-08 00:57:21] (0s) Inferred that DataFlowPrivate::CaptureFlow::SsaFlow::TExprNode#c0c1acbf_102#join_rhs/3@84ac0bpk is empty, due to DataFlowPrivate::CaptureFlow::SsaFlow::TExprNode#c0c1acbf/3@cc67af4q.
[2026-10-08 00:57:21] (0s) Inferred that DataFlowPrivate::CaptureFlow::SsaFlow::TExprNode#c0c1acbf_12#join_rhs/2@b0ba6fak is empty, due to DataFlowPrivate::CaptureFlow::SsaFlow::TExprNode#c0c1acbf/3@cc67af4q.
[2026-10-08 00:57:21] (0s) Inferred that DataFlowPrivate::CaptureFlow::SsaFlow::TExprNode#c0c1acbf_21#join_rhs/2@18425csa is empty, due to DataFlowPrivate::CaptureFlow::SsaFlow::TExprNode#c0c1acbf/3@cc67af4q.
[2026-10-08 00:57:21] (0s) Inferred that cached_DataFlowPrivate::CaptureFlow::SsaFlow::TExprNode#c0c1acbf/3@f3a96550 is empty, due to DataFlowPrivate::CaptureFlow::SsaFlow::TExprNode#c0c1acbf/3@cc67af4q.
[2026-10-08 00:57:21] (0s) Inferred that DataFlowPrivate::CaptureFlow::SsaFlow::TWriteDefSource#00a79759_10#join_rhs/2@72d1f5sr is empty, due to DataFlowPrivate::CaptureFlow::SsaFlow::TWriteDefSource#00a79759/2@1f9ab1ir.
[2026-10-08 00:57:21] (0s) Inferred that cached_DataFlowPrivate::CaptureFlow::SsaFlow::TWriteDefSource#00a79759/2@c78f39n9 is empty, due to DataFlowPrivate::CaptureFlow::SsaFlow::TWriteDefSource#00a79759/2@1f9ab1ir.
[2026-10-08 00:57:21] (0s) Inferred that DataFlowPrivate::CaptureFlow::CaptureSsa::TPhiNode#b55afabe_12#join_rhs/2@ced9f0iv is empty, due to cached_DataFlowPrivate::CaptureFlow::CaptureSsa::TPhiNode#b55afabe/3@232538qj.
[2026-10-08 00:57:21] (0s) Inferred that DataFlowPrivate::CaptureFlow::CaptureSsa::SsaDefReaches::ssaDefReachesRank/4#fc03edf9_0231#join_rhs/4@c84606gv is empty, due to DataFlowPrivate::CaptureFlow::CaptureSsa::SsaDefReaches::ssaDefReachesRank/4#fc03edf9/4@290bawsh.
[2026-10-08 00:57:21] (0s) Inferred that DataFlowPrivate::CaptureFlow::CaptureSsa::DefinitionExt.definesAt/3#dispred#745bef75_120#join_rhs/3@7f280f3l is empty, due to DataFlowPrivate::CaptureFlow::CaptureSsa::DefinitionExt.definesAt/3#dispred#745bef75/4@32e69dru.
[2026-10-08 00:57:21] (0s) Inferred that DataFlowPrivate::CaptureFlow::CaptureSsa::DefinitionExt.definesAt/3#dispred#745bef75_3012#join_rhs/4@70a059m7 is empty, due to DataFlowPrivate::CaptureFlow::CaptureSsa::DefinitionExt.definesAt/3#dispred#745bef75/4@32e69dru.
[2026-10-08 00:57:21] (0s) Inferred that DataFlowPrivate::CaptureFlow::CaptureSsa::DefinitionExt.definesAt/3#dispred#745bef75_1230#join_rhs/4@ae490b7l is empty, due to DataFlowPrivate::CaptureFlow::CaptureSsa::DefinitionExt.definesAt/3#dispred#745bef75/4@32e69dru.
[2026-10-08 00:57:21] (0s) Inferred that DataFlowPrivate::CaptureFlow::SsaFlow::flowIntoPhi/4#ff1a6f3b/4@a8b98wu0 is empty, due to DataFlowPrivate::CaptureFlow::CaptureSsa::DefinitionExt.definesAt/3#dispred#745bef75/4@32e69dru.
[2026-10-08 00:57:21] (0s) Inferred that cached_DataFlowPrivate::CaptureFlow::SsaFlow::getAPhiInputDef/2#e6a64c1a/3@3aea49j8 is empty, due to DataFlowPrivate::CaptureFlow::SsaFlow::getAPhiInputDef/2#e6a64c1a/3@91e200ar.
[2026-10-08 00:57:21] (0s) Inferred that DataFlowPrivate::CaptureFlow::SsaFlow::phiStepsToPhiInput/4#6b59a8d7#cpe#123/3@68ab58bc is empty, due to _DataFlowPrivate::CaptureFlow::CaptureSsa::DefinitionExt.definesAt/3#dispred#745bef75_DataFlowPrivat__#shared/4@c72246vl.
[2026-10-08 00:57:21] (0s) Inferred that DataFlowPrivate::CaptureFlow::Cached::TSynthSsa#dom#759dc8f0/1@eb89ddkn is empty, due to DataFlowPrivate::CaptureFlow::SsaFlow::TSsaDefinitionNode#794a011b/2@cdb913dg.
[2026-10-08 00:57:21] (0s) Inferred that cached_DataFlowPrivate::CaptureFlow::SsaFlow::TSsaDefinitionNode#794a011b/2@d8aecb6s is empty, due to DataFlowPrivate::CaptureFlow::SsaFlow::TSsaDefinitionNode#794a011b/2@cdb913dg.
[2026-10-08 00:57:21] (0s) Inferred that DataFlowPrivate::CaptureFlow::CaptureSsa::RankRefs<Liveness::varRef>::refRank/4#fefe72dc/5@1be1017n is empty, due to _DataFlowPrivate::CaptureFlow::CaptureSsa::RankRefs<Liveness::varRef>::refOrd/5#469a8d3b_02145#rank___#join_rhs/4@5326883s.
[2026-10-08 00:57:21] (0s) Inferred that DataFlowPrivate::CaptureFlow::CaptureSsa::RankRefs<SsaDefReaches::ssaRef>::refRank/4#f99592d1/5@109094jg is empty, due to _DataFlowPrivate::CaptureFlow::CaptureSsa::RankRefs<SsaDefReaches::ssaRef>::refOrd/5#94ea9ded_02145#__#join_rhs/4@5c3ef081.
[2026-10-08 00:57:21] (0s) Inferred that num#DataFlowPrivate::CaptureFlow::CaptureSsa::RankRefs<AdjacentSsaRefs::ssaRef>::MkOrderedRefIndex#9f7bd6a9_102#join_rhs/3@32511fjg is empty, due to num#DataFlowPrivate::CaptureFlow::CaptureSsa::RankRefs<AdjacentSsaRefs::ssaRef>::MkOrderedRefIndex#9f7bd6a9/3@9b766c3f.
[2026-10-08 00:57:21] (0s) Inferred that _DataFlowPrivate::CaptureFlow::CaptureSsa::RankRefs<AdjacentSsaRefs::ssaRef>::refOrd/5#ca652514_0214__#join_rhs/4@767c41eo is empty, due to DataFlowPrivate::CaptureFlow::CaptureSsa::RankRefs<AdjacentSsaRefs::ssaRef>::refOrd/5#ca652514_02145#rank_range/5@faff66o2.
[2026-10-08 00:57:21] (0s) Inferred that DataFlowPrivate::CaptureFlow::SsaFlow::ReadNodeImpl.readsAt/3#51e03c8a/4@5767c925 is empty, due to DataFlowPrivate::CaptureFlow::SsaFlow::TExprNode#c0c1acbf_12#join_rhs/2@b0ba6fak.
[2026-10-08 00:57:21] (0s) Inferred that DataFlowPrivate::CaptureFlow::SsaFlow::ExprPostUpdateNodeImpl.getPreUpdateNode/0#dispred#e7be0f50/2@df597fvf is empty, due to DataFlowPrivate::CaptureFlow::SsaFlow::TExprNode#c0c1acbf_102#join_rhs/3@84ac0bpk.
[2026-10-08 00:57:21] (0s) Inferred that DataFlowPrivate::CaptureFlow::CaptureSsa::ssaDefReachesEndOfBlock/3#ed2480df/3@19ff5w6d is empty, due to DataFlowPrivate::CaptureFlow::CaptureSsa::SsaDefReaches::ssaDefReachesRank/4#fc03edf9_0231#join_rhs/4@c84606gv.
[2026-10-08 00:57:21] (0s) Inferred that DataFlowPrivate::CaptureFlow::CaptureSsa::SsaDefReaches::ssaDefReachesReadWithinBlock/4#7e9c4106/4@7bc8echo is empty, due to DataFlowPrivate::CaptureFlow::CaptureSsa::SsaDefReaches::ssaDefReachesRank/4#fc03edf9_0231#join_rhs/4@c84606gv.
[2026-10-08 00:57:21] (0s) Inferred that DataFlowPrivate::CaptureFlow::CaptureSsa::SsaDefReaches::ssaDefReachesRead/4#195de32c/4@7e655a4m is empty, due to DataFlowPrivate::CaptureFlow::CaptureSsa::SsaDefReaches::ssaDefReachesRank/4#fc03edf9_0231#join_rhs/4@c84606gv.
[2026-10-08 00:57:21] (0s) Inferred that project#DataFlowPrivate::CaptureFlow::SsaFlow::phiStepsToPhiInput/4#6b59a8d7#cpe#123/1@1dd4berv is empty, due to DataFlowPrivate::CaptureFlow::SsaFlow::phiStepsToPhiInput/4#6b59a8d7#cpe#123/3@68ab58bc.
[2026-10-08 00:57:21] (0s) Inferred that project#DataFlowPrivate::CaptureFlow::SsaFlow::phiStepsToPhiInput/4#6b59a8d7#cpe#123#2/2@dacbf8sh is empty, due to DataFlowPrivate::CaptureFlow::SsaFlow::phiStepsToPhiInput/4#6b59a8d7#cpe#123/3@68ab58bc.
[2026-10-08 00:57:21] (0s) Inferred that DataFlowPrivate::CaptureFlow::Cached::TSynthSsa#3e7de865/2@9d9621ou is empty, due to DataFlowPrivate::CaptureFlow::Cached::TSynthSsa#dom#759dc8f0/1@eb89ddkn.
[2026-10-08 00:57:21] (0s) Inferred that project#DataFlowPrivate::CaptureFlow::CaptureSsa::RankRefs<Liveness::varRef>::refRank/4#fefe72dc/4@31351fq9 is empty, due to DataFlowPrivate::CaptureFlow::CaptureSsa::RankRefs<Liveness::varRef>::refRank/4#fefe72dc/5@1be1017n.
[2026-10-08 00:57:21] (0s) Inferred that project#DataFlowPrivate::CaptureFlow::CaptureSsa::RankRefs<Liveness::varRef>::refRank/4#fefe72dc#2/3@a7e456pq is empty, due to DataFlowPrivate::CaptureFlow::CaptureSsa::RankRefs<Liveness::varRef>::refRank/4#fefe72dc/5@1be1017n.
[2026-10-08 00:57:21] (0s) Inferred that DataFlowPrivate::CaptureFlow::CaptureSsa::RankRefs<Liveness::varRef>::refRank/4#fefe72dc_01243#join_rhs/5@521f37ed is empty, due to DataFlowPrivate::CaptureFlow::CaptureSsa::RankRefs<Liveness::varRef>::refRank/4#fefe72dc/5@1be1017n.
[2026-10-08 00:57:21] (0s) Inferred that project#DataFlowPrivate::CaptureFlow::CaptureSsa::RankRefs<SsaDefReaches::ssaRef>::refRank/4#f99592d1/3@16a26f5s is empty, due to DataFlowPrivate::CaptureFlow::CaptureSsa::RankRefs<SsaDefReaches::ssaRef>::refRank/4#f99592d1/5@109094jg.
[2026-10-08 00:57:21] (0s) Inferred that project#DataFlowPrivate::CaptureFlow::CaptureSsa::RankRefs<SsaDefReaches::ssaRef>::refRank/4#f99592d1#2/4@13ee59ot is empty, due to DataFlowPrivate::CaptureFlow::CaptureSsa::RankRefs<SsaDefReaches::ssaRef>::refRank/4#f99592d1/5@109094jg.
[2026-10-08 00:57:21] (0s) Inferred that DataFlowPrivate::CaptureFlow::CaptureSsa::RankRefs<AdjacentSsaRefs::ssaRef>::refRank/4#1b48aeae/5@9072569r is empty, due to _DataFlowPrivate::CaptureFlow::CaptureSsa::RankRefs<AdjacentSsaRefs::ssaRef>::refOrd/5#ca652514_0214__#join_rhs/4@767c41eo.
[2026-10-08 00:57:21] (0s) Inferred that DataFlowPrivate::CaptureFlow::SsaFlow::ExprPostUpdateNodeImpl.getPreUpdateNode/0#dispred#e7be0f50_10#join_rhs/2@b7a06fvb is empty, due to DataFlowPrivate::CaptureFlow::SsaFlow::ExprPostUpdateNodeImpl.getPreUpdateNode/0#dispred#e7be0f50/2@df597fvf.
[2026-10-08 00:57:21] (0s) Inferred that DataFlowPrivate::CaptureFlow::CaptureSsa::ssaDefReachesEndOfBlock/3#ed2480df_021#join_rhs/3@2e685fo2 is empty, due to DataFlowPrivate::CaptureFlow::CaptureSsa::ssaDefReachesEndOfBlock/3#ed2480df/3@19ff5w6d.
[2026-10-08 00:57:21] (0s) Inferred that project#DataFlowPrivate::CaptureFlow::CaptureSsa::SsaDefReaches::ssaDefReachesReadWithinBlock/4#7e9c4106/3@ba2cdajd is empty, due to DataFlowPrivate::CaptureFlow::CaptureSsa::SsaDefReaches::ssaDefReachesReadWithinBlock/4#7e9c4106/4@7bc8echo.
[2026-10-08 00:57:21] (0s) Inferred that DataFlowPrivate::CaptureFlow::CaptureSsa::SsaDefReaches::ssaDefReachesRead/4#195de32c_0231#join_rhs/4@ab2664pm is empty, due to DataFlowPrivate::CaptureFlow::CaptureSsa::SsaDefReaches::ssaDefReachesRead/4#195de32c/4@7e655a4m.
[2026-10-08 00:57:21] (0s) Inferred that _project#DataFlowPrivate::CaptureFlow::SsaFlow::phiStepsToPhiInput/4#6b59a8d7#cpe#123#2#join_rhs/2@569a77jc is empty, due to project#DataFlowPrivate::CaptureFlow::SsaFlow::phiStepsToPhiInput/4#6b59a8d7#cpe#123#2/2@dacbf8sh.
[2026-10-08 00:57:21] (0s) Inferred that cached_DataFlowPrivate::CaptureFlow::Cached::TSynthSsa#3e7de865/2@8f42fdt5 is empty, due to DataFlowPrivate::CaptureFlow::Cached::TSynthSsa#3e7de865/2@9d9621ou.
[2026-10-08 00:57:21] (0s) Inferred that _num#DataFlowPrivate::CaptureFlow::CaptureSsa::Write#02d01313_project#DataFlowPrivate::CaptureFlow::__#shared/5@f580b475 is empty, due to project#DataFlowPrivate::CaptureFlow::CaptureSsa::RankRefs<Liveness::varRef>::refRank/4#fefe72dc/4@31351fq9.
[2026-10-08 00:57:21] (0s) Inferred that _num#DataFlowPrivate::CaptureFlow::CaptureSsa::Read#9cc3dd5b_project#DataFlowPrivate::CaptureFlow::C__#shared/3@fed9f8do is empty, due to project#DataFlowPrivate::CaptureFlow::CaptureSsa::RankRefs<Liveness::varRef>::refRank/4#fefe72dc/4@31351fq9.
[2026-10-08 00:57:21] (0s) Inferred that project#DataFlowPrivate::CaptureFlow::CaptureSsa::RankRefs<Liveness::varRef>::refRank/4#fefe72dc_013#join_rhs/3@a56fdek7 is empty, due to project#DataFlowPrivate::CaptureFlow::CaptureSsa::RankRefs<Liveness::varRef>::refRank/4#fefe72dc/4@31351fq9.
[2026-10-08 00:57:21] (0s) Inferred that project#DataFlowPrivate::CaptureFlow::CaptureSsa::RankRefs<Liveness::varRef>::refRank/4#fefe72dc_0132#join_rhs/4@803d0130 is empty, due to project#DataFlowPrivate::CaptureFlow::CaptureSsa::RankRefs<Liveness::varRef>::refRank/4#fefe72dc/4@31351fq9.
[2026-10-08 00:57:21] (0s) Inferred that _project#DataFlowPrivate::CaptureFlow::CaptureSsa::RankRefs<Liveness::varRef>::refRank/4#fefe72dc#2#antijoin_rhs/3@2a5725fs is empty, due to project#DataFlowPrivate::CaptureFlow::CaptureSsa::RankRefs<Liveness::varRef>::refRank/4#fefe72dc#2/3@a7e456pq.
[2026-10-08 00:57:21] (0s) Inferred that DataFlowPrivate::CaptureFlow::CaptureSsa::RankRefs<Liveness::varRef>::maxRefRank/2#ed1e725c/3@28c03fur is empty, due to project#DataFlowPrivate::CaptureFlow::CaptureSsa::RankRefs<Liveness::varRef>::refRank/4#fefe72dc#2/3@a7e456pq.
[2026-10-08 00:57:21] (0s) Inferred that _project#DataFlowPrivate::CaptureFlow::CaptureSsa::RankRefs<SsaDefReaches::ssaRef>::refRank/4#f99592__#antijoin_rhs/3@adef0048 is empty, due to project#DataFlowPrivate::CaptureFlow::CaptureSsa::RankRefs<SsaDefReaches::ssaRef>::refRank/4#f99592d1/3@16a26f5s.
[2026-10-08 00:57:21] (0s) Inferred that DataFlowPrivate::CaptureFlow::CaptureSsa::RankRefs<SsaDefReaches::ssaRef>::maxRefRank/2#cf524b5d/3@1eca108n is empty, due to project#DataFlowPrivate::CaptureFlow::CaptureSsa::RankRefs<SsaDefReaches::ssaRef>::refRank/4#f99592d1/3@16a26f5s.
[2026-10-08 00:57:21] (0s) Inferred that project#DataFlowPrivate::CaptureFlow::CaptureSsa::RankRefs<SsaDefReaches::ssaRef>::refRank/4#f99592d1#2_0132#join_rhs/4@3b1a02t3 is empty, due to project#DataFlowPrivate::CaptureFlow::CaptureSsa::RankRefs<SsaDefReaches::ssaRef>::refRank/4#f99592d1#2/4@13ee59ot.
[2026-10-08 00:57:21] (0s) Inferred that project#DataFlowPrivate::CaptureFlow::CaptureSsa::RankRefs<AdjacentSsaRefs::ssaRef>::refRank/4#1b48aeae/3@350b7dom is empty, due to DataFlowPrivate::CaptureFlow::CaptureSsa::RankRefs<AdjacentSsaRefs::ssaRef>::refRank/4#1b48aeae/5@9072569r.
[2026-10-08 00:57:21] (0s) Inferred that DataFlowPrivate::CaptureFlow::CaptureSsa::RankRefs<AdjacentSsaRefs::ssaRef>::refRank/4#1b48aeae_0241#join_rhs/4@a3275cgc is empty, due to DataFlowPrivate::CaptureFlow::CaptureSsa::RankRefs<AdjacentSsaRefs::ssaRef>::refRank/4#1b48aeae/5@9072569r.
[2026-10-08 00:57:21] (0s) Inferred that DataFlowPrivate::CaptureFlow::CaptureSsa::RankRefs<AdjacentSsaRefs::ssaRef>::refRank/4#1b48aeae_1402#join_rhs/4@e58eb7c6 is empty, due to DataFlowPrivate::CaptureFlow::CaptureSsa::RankRefs<AdjacentSsaRefs::ssaRef>::refRank/4#1b48aeae/5@9072569r.
[2026-10-08 00:57:21] (0s) Inferred that DataFlowPrivate::CaptureFlow::CaptureSsa::RankRefs<AdjacentSsaRefs::ssaRef>::refRank/4#1b48aeae_34012#join_rhs/5@b94ab3jc is empty, due to DataFlowPrivate::CaptureFlow::CaptureSsa::RankRefs<AdjacentSsaRefs::ssaRef>::refRank/4#1b48aeae/5@9072569r.
[2026-10-08 00:57:21] (0s) Inferred that __num#DataFlowPrivate::CaptureFlow::CaptureSsa::Write#02d01313_project#DataFlowPrivate::CaptureFlow:__#min_range/4@e7a7cb94 is empty, due to _num#DataFlowPrivate::CaptureFlow::CaptureSsa::Write#02d01313_project#DataFlowPrivate::CaptureFlow::__#shared/5@f580b475.
[2026-10-08 00:57:21] (0s) Inferred that __num#DataFlowPrivate::CaptureFlow::CaptureSsa::Write#02d01313_project#DataFlowPrivate::CaptureFlow:__#min_term/5@864250lq is empty, due to _num#DataFlowPrivate::CaptureFlow::CaptureSsa::Write#02d01313_project#DataFlowPrivate::CaptureFlow::__#shared/5@f580b475.
[2026-10-08 00:57:21] (0s) Inferred that DataFlowPrivate::CaptureFlow::CaptureSsa::Liveness::liveAtEntry/2#775d7c10/2@f2ccdw6u is empty, due to _num#DataFlowPrivate::CaptureFlow::CaptureSsa::Read#9cc3dd5b_project#DataFlowPrivate::CaptureFlow::C__#shared/3@fed9f8do.
[2026-10-08 00:57:21] (0s) Inferred that DataFlowPrivate::CaptureFlow::CaptureSsa::Liveness::liveAtExit/2#eecda90a/2@f2ccdx6u is empty, due to _num#DataFlowPrivate::CaptureFlow::CaptureSsa::Read#9cc3dd5b_project#DataFlowPrivate::CaptureFlow::C__#shared/3@fed9f8do.
[2026-10-08 00:57:21] (0s) Inferred that DataFlowPrivate::CaptureFlow::CaptureSsa::Liveness::liveAtRank/3#4dc5e29d/3@94b71wf4 is empty, due to _num#DataFlowPrivate::CaptureFlow::CaptureSsa::Read#9cc3dd5b_project#DataFlowPrivate::CaptureFlow::C__#shared/3@fed9f8do.
[2026-10-08 00:57:21] (0s) Inferred that _project#DataFlowPrivate::CaptureFlow::CaptureSsa::RankRefs<AdjacentSsaRefs::ssaRef>::refRank/4#1b48__#antijoin_rhs/3@135d43ql is empty, due to project#DataFlowPrivate::CaptureFlow::CaptureSsa::RankRefs<AdjacentSsaRefs::ssaRef>::refRank/4#1b48aeae/3@350b7dom.
[2026-10-08 00:57:21] (0s) Inferred that DataFlowPrivate::CaptureFlow::CaptureSsa::RankRefs<AdjacentSsaRefs::ssaRef>::maxRefRank/2#de391749/3@b2815669 is empty, due to project#DataFlowPrivate::CaptureFlow::CaptureSsa::RankRefs<AdjacentSsaRefs::ssaRef>::refRank/4#1b48aeae/3@350b7dom.
[2026-10-08 00:57:21] (0s) Inferred that DataFlowPrivate::CaptureFlow::CaptureSsa::AdjacentSsaRefs::refReachesEndOfBlock/4#8e9ccd03/4@998adw4s is empty, due to DataFlowPrivate::CaptureFlow::CaptureSsa::RankRefs<AdjacentSsaRefs::ssaRef>::maxRefRank/2#de391749/3@b2815669.
[2026-10-08 00:57:21] (0s) Inferred that DataFlowPrivate::CaptureFlow::CaptureSsa::AdjacentSsaRefs::adjacentRefRead/5#a9fb0a5f/5@25d632pm is empty, due to DataFlowPrivate::CaptureFlow::CaptureSsa::RankRefs<AdjacentSsaRefs::ssaRef>::refRank/4#1b48aeae_0241#join_rhs/4@a3275cgc.
[2026-10-08 00:57:21] (0s) Inferred that DataFlowPrivate::CaptureFlow::CaptureSsa::AdjacentSsaRefs::adjacentRefPhi/5#7a17d0f8/5@a657e0eu is empty, due to DataFlowPrivate::CaptureFlow::CaptureSsa::RankRefs<AdjacentSsaRefs::ssaRef>::refRank/4#1b48aeae_1402#join_rhs/4@e58eb7c6.
[2026-10-08 00:57:21] (0s) Inferred that DataFlowPrivate::CaptureFlow::CaptureSsa::Liveness::firstReadOrCertainWrite/2#10fcd62b/3@0bd68fbl is empty, due to __num#DataFlowPrivate::CaptureFlow::CaptureSsa::Write#02d01313_project#DataFlowPrivate::CaptureFlow:__#min_range/4@e7a7cb94.
[2026-10-08 00:57:21] (0s) Inferred that DataFlowPrivate::CaptureFlow::CaptureSsa::SsaDefReaches::liveThrough/3#a3315e3b/3@f2948fb1 is empty, due to DataFlowPrivate::CaptureFlow::CaptureSsa::Liveness::liveAtExit/2#eecda90a/2@f2ccdx6u.
[2026-10-08 00:57:21] (0s) Inferred that DataFlowPrivate::CaptureFlow::CaptureSsa::AdjacentSsaRefs::liveThrough/3#d6a5b163/3@c4d48amd is empty, due to DataFlowPrivate::CaptureFlow::CaptureSsa::Liveness::liveAtExit/2#eecda90a/2@f2ccdx6u.
[2026-10-08 00:57:21] (0s) Inferred that DataFlowPrivate::CaptureFlow::CaptureSsa::AdjacentSsaRefs::refReachesEndOfBlock/4#8e9ccd03_2301#join_rhs/4@5ab6c8if is empty, due to DataFlowPrivate::CaptureFlow::CaptureSsa::AdjacentSsaRefs::refReachesEndOfBlock/4#8e9ccd03/4@998adw4s.
[2026-10-08 00:57:21] (0s) Inferred that DataFlowPrivate::CaptureFlow::CaptureSsa::AdjacentSsaRefs::adjacentRefRead/5#a9fb0a5f_01423#join_rhs/5@ee9c958k is empty, due to DataFlowPrivate::CaptureFlow::CaptureSsa::AdjacentSsaRefs::adjacentRefRead/5#a9fb0a5f/5@25d632pm.
[2026-10-08 00:57:21] (0s) Inferred that DataFlowPrivate::CaptureFlow::CaptureSsa::AdjacentSsaRefs::adjacentRefRead/5#a9fb0a5f_23401#join_rhs/5@e7221avi is empty, due to DataFlowPrivate::CaptureFlow::CaptureSsa::AdjacentSsaRefs::adjacentRefRead/5#a9fb0a5f/5@25d632pm.
[2026-10-08 00:57:21] (0s) Inferred that DataFlowPrivate::CaptureFlow::CaptureSsa::AdjacentSsaRefs::adjacentRefPhi/5#7a17d0f8_01423#join_rhs/5@88307ap0 is empty, due to DataFlowPrivate::CaptureFlow::CaptureSsa::AdjacentSsaRefs::adjacentRefPhi/5#7a17d0f8/5@a657e0eu.
[2026-10-08 00:57:21] (0s) Inferred that project#DataFlowPrivate::CaptureFlow::CaptureSsa::AdjacentSsaRefs::adjacentRefPhi/5#7a17d0f8/4@c247fd56 is empty, due to DataFlowPrivate::CaptureFlow::CaptureSsa::AdjacentSsaRefs::adjacentRefPhi/5#7a17d0f8/5@a657e0eu.
[2026-10-08 00:57:21] (0s) Inferred that project#DataFlowPrivate::CaptureFlow::CaptureSsa::Liveness::firstReadOrCertainWrite/2#10fcd62b/2@e7b51192 is empty, due to DataFlowPrivate::CaptureFlow::CaptureSsa::Liveness::firstReadOrCertainWrite/2#10fcd62b/3@0bd68fbl.
[2026-10-08 00:57:21] (0s) Inferred that DataFlowPrivate::CaptureFlow::CaptureSsa::SsaDefReaches::liveThrough/3#a3315e3b_021#join_rhs/3@fdf77540 is empty, due to DataFlowPrivate::CaptureFlow::CaptureSsa::SsaDefReaches::liveThrough/3#a3315e3b/3@f2948fb1.
[2026-10-08 00:57:21] (0s) Inferred that DataFlowPrivate::CaptureFlow::CaptureSsa::AdjacentSsaRefs::liveThrough/3#d6a5b163_021#join_rhs/3@4c7429fk is empty, due to DataFlowPrivate::CaptureFlow::CaptureSsa::AdjacentSsaRefs::liveThrough/3#d6a5b163/3@c4d48amd.
[2026-10-08 00:57:21] (0s) Inferred that project#DataFlowPrivate::CaptureFlow::CaptureSsa::AdjacentSsaRefs::adjacentRefPhi/5#7a17d0f8_2301#join_rhs/4@735e759c is empty, due to project#DataFlowPrivate::CaptureFlow::CaptureSsa::AdjacentSsaRefs::adjacentRefPhi/5#7a17d0f8/4@c247fd56.
[2026-10-08 00:57:21] (0s) Inferred that Synth::Synth::TEnumCaseDecl#6ce3f6d5_1#antijoin_rhs/1@e540a66h is empty, due to cached_Synth::Synth::TEnumCaseDecl#6ce3f6d5/2@61bbf1mr.
[2026-10-08 00:57:21] (0s)  >>> First-level cache hit cached_Synth::Synth::TUsingDecl#e0cbe509/2@acf4ffqd with empty relation.
[2026-10-08 00:57:21] (0s)  >>> Full cache hit cached_Synth::Synth::TNamedFunction#a7a5ce81/2@2d9bbf3b with 18019 rows and digest d795c7osfg9b8ehlu194kint1t8.
[2026-10-08 00:57:21] (0s)  >>> Full cache hit cached_Synth::Synth::TImportDecl#e2b0c550/2@b702f5rc with 1 rows and digest 5f68adhrocbuac4vgn91fnp7116.
[2026-10-08 00:57:21] (0s)  >>> Full cache hit cached_Synth::Synth::TInitializer#3cbb8122/2@17e6beb5 with 8627 rows and digest 3e8a1cv2gm9tpql6sam5nn53fs5.
[2026-10-08 00:57:21] (0s)  >>> Full cache hit cached_Synth::Synth::TDeinitializer#9bf324b7/2@3c05c8el with 121 rows and digest cfc24ekjphsq0clk7kklchmtapf.
[2026-10-08 00:57:21] (0s)  >>> Full cache hit cached_Synth::Synth::TAccessor#5309eb00/2@976d6b3l with 30409 rows and digest 45161bbg6gb6tr3kihsd6agjjha.
[2026-10-08 00:57:21] (0s)  >>> Full cache hit cached_Synth::Synth::TStructDecl#ed4ba2ab/2@26ec66ag with 2835 rows and digest feb149hauhmsvj983nprr7gh9f4.
[2026-10-08 00:57:21] (0s)  >>> Full cache hit cached_Synth::Synth::TProtocolDecl#76ae7699/2@3a37014v with 268 rows and digest 7d5165dbih7gbr7ajj9luqof4u3.
[2026-10-08 00:57:21] (0s)  >>> Full cache hit cached_Synth::Synth::TClassDecl#c6294075/2@8059bega with 530 rows and digest 47834a7tijkdep7or6h5a863ra8.
[2026-10-08 00:57:21] (0s)  >>> Full cache hit cached_Synth::Synth::TEnumDecl#3ce91061/2@c0027b3p with 417 rows and digest 926ad555mjornb112ggng6567tf.
[2026-10-08 00:57:21] (0s)  >>> Full cache hit cached_Synth::Synth::TOpaqueTypeDecl#3f22baa3/2@b182810u with 12 rows and digest c5212a4pvqkqv98gvsg3a07b69a.
[2026-10-08 00:57:21] (0s)  >>> Full cache hit cached_Synth::Synth::TTypeAliasDecl#c8e3c943/2@7feb4919 with 4123 rows and digest f70b2faavhc5m8m93dr2lr2bnv5.
[2026-10-08 00:57:21] (0s)  >>> Full cache hit cached_Synth::Synth::TConcreteVarDecl#05bbf88f/2@7a78f88g with 35460 rows and digest 2290f72ab5ihkv3cl501molrmq7.
[2026-10-08 00:57:21] (0s)  >>> Full cache hit cached_Synth::Synth::TGenericTypeParamDecl#c2b87694/2@cd08c7a9 with 6503 rows and digest fd8d90dc02l08o8no2llu3tdpi9.
[2026-10-08 00:57:21] (0s)  >>> Full cache hit cached_Synth::Synth::TParamDecl#7692b990/2@cc61e58m with 85648 rows and digest cbf21cj2vu135o011u7enbhur5f.
[2026-10-08 00:57:21] (0s)  >>> Full cache hit cached_Synth::Synth::TAssociatedTypeDecl#7a13f222/2@fc09edes with 124 rows and digest 649fef5924fea4ik747j8fmnttf.
[2026-10-08 00:57:21] (0s)  >>> Full cache hit cached_Synth::Synth::TEnumElementDecl#c1e6fb68/2@81e8a8em with 2314 rows and digest d4fe9edkv538n0jtej650va4tq2.
[2026-10-08 00:57:21] (0s)  >>> Full cache hit cached_Synth::Synth::TSubscriptDecl#7d38f394/2@c7b53css with 408 rows and digest 7f9090s49ucl2fq5gacanfkfe76.
[2026-10-08 00:57:21] (0s)  >>> Full cache hit cached_Synth::Synth::TModuleDecl#c5ee4163/2@7b55fbs7 with 965 rows and digest 453880ul037il5uo6rr1l6oegd3.
[2026-10-08 00:57:21] (0s)  >>> First-level cache hit cached_Synth::Synth::TTopLevelEntryPoint#5ccf2e8e/2@a2346dtf with empty relation.
[2026-10-08 00:57:21] (0s) Inferred that TopLevelEntryPoint::Generated::TopLevelEntryPoint.getNumberOfDeclarations/0#dispred#bfe0aee3/2@47aabeai is empty, due to cached_Synth::Synth::TTopLevelEntryPoint#5ccf2e8e/2@a2346dtf.
[2026-10-08 00:57:21] (0s) Inferred that Synth::Synth::TTopLevelEntryPoint#5ccf2e8e_1#join_rhs/1@168980ro is empty, due to cached_Synth::Synth::TTopLevelEntryPoint#5ccf2e8e/2@a2346dtf.
[2026-10-08 00:57:21] (0s) Inferred that ControlFlowGraphImpl::TopLevelEntryTree#4421cca8/2@af7b1foi is empty, due to Synth::Synth::TTopLevelEntryPoint#5ccf2e8e_1#join_rhs/1@168980ro.
[2026-10-08 00:57:21] (0s) Inferred that AstControlFlowTrees::AstLeafTree#63d493d6#fb/2@43c3a6r8 is empty, due to Synth::Synth::TTopLevelEntryPoint#5ccf2e8e_1#join_rhs/1@168980ro.
[2026-10-08 00:57:21] (0s) Inferred that ControlFlowGraphImpl::TopLevelEntryTree#4421cca8_10#join_rhs/2@5575052u is empty, due to ControlFlowGraphImpl::TopLevelEntryTree#4421cca8/2@af7b1foi.
[2026-10-08 00:57:21] (0s) Inferred that ControlFlowGraphImpl::CfgScope::ScriptEntryScope#fd602c9a/2@99ef058a is empty, due to ControlFlowGraphImpl::TopLevelEntryTree#4421cca8/2@af7b1foi.
[2026-10-08 00:57:21] (0s) Inferred that AstControlFlowTrees::AstControlFlowTree#eb8d89e0#fb/2@7c6b84ts is empty, due to ControlFlowGraphImpl::TopLevelEntryTree#4421cca8/2@af7b1foi.
[2026-10-08 00:57:21] (0s)  >>> First-level cache hit cached_Synth::Synth::TKeyPathComponent#1614cf6e/2@97b6319t with empty relation.
[2026-10-08 00:57:21] (0s) Inferred that KeyPathComponent::Generated::KeyPathComponent.getSubscriptArgument/1#dispred#d0b07a3d/3@6716f139 is empty, due to cached_Synth::Synth::TKeyPathComponent#1614cf6e/2@97b6319t.
[2026-10-08 00:57:21] (0s) Inferred that KeyPathComponent::Generated::KeyPathComponent.getNumberOfSubscriptArguments/0#dispred#92371909/2@812ce74r is empty, due to cached_Synth::Synth::TKeyPathComponent#1614cf6e/2@97b6319t.
[2026-10-08 00:57:21] (0s) Inferred that ControlFlowGraphImpl::KeyPathComponentTree#17414ecd/2@cfa5bera is empty, due to cached_Synth::Synth::TKeyPathComponent#1614cf6e/2@97b6319t.
[2026-10-08 00:57:21] (0s) Inferred that DataFlowPrivate::TKeyPathComponentNode#dom#fbc5495c/1@cc95dc69 is empty, due to cached_Synth::Synth::TKeyPathComponent#1614cf6e/2@97b6319t.
[2026-10-08 00:57:21] (0s) Inferred that KeyPathComponent::Generated::KeyPathComponent.getKind/0#dispred#f5f3cb79/2@305ee152 is empty, due to cached_Synth::Synth::TKeyPathComponent#1614cf6e/2@97b6319t.
[2026-10-08 00:57:21] (0s) Inferred that KeyPathComponent::Generated::KeyPathComponent.getDeclRef/0#dispred#45d2cc3d/2@62de1afl is empty, due to cached_Synth::Synth::TKeyPathComponent#1614cf6e/2@97b6319t.
[2026-10-08 00:57:21] (0s) Inferred that KeyPathComponent::Generated::KeyPathComponent.getDeclRef/0#dispred#45d2cc3d/2@736e2cau is empty, due to cached_Synth::Synth::TKeyPathComponent#1614cf6e/2@97b6319t.
[2026-10-08 00:57:21] (0s) Inferred that KeyPathComponent::Generated::KeyPathComponent.getSubscriptArgument/1#dispred#d0b07a3d_01#count_range/2@8a31a4qh is empty, due to KeyPathComponent::Generated::KeyPathComponent.getSubscriptArgument/1#dispred#d0b07a3d/3@6716f139.
[2026-10-08 00:57:21] (0s) Inferred that KeyPathComponent::Generated::KeyPathComponent.getSubscriptArgument/1#dispred#d0b07a3d_0#antijoin_rhs/1@61aa12b4 is empty, due to KeyPathComponent::Generated::KeyPathComponent.getSubscriptArgument/1#dispred#d0b07a3d/3@6716f139.
[2026-10-08 00:57:21] (0s) Inferred that DataFlowPrivate::TKeyPathComponentNode#6ce37175/2@a1050ef3 is empty, due to DataFlowPrivate::TKeyPathComponentNode#dom#fbc5495c/1@cc95dc69.
[2026-10-08 00:57:21] (0s) Inferred that DataFlowPrivate::TKeyPathComponentPostUpdateNode#23b77f24/2@05cc224c is empty, due to DataFlowPrivate::TKeyPathComponentNode#dom#fbc5495c/1@cc95dc69.
[2026-10-08 00:57:21] (0s) Inferred that _KeyPathComponent::Generated::KeyPathComponent.getSubscriptArgument/1#dispred#d0b07a3d_01#count_rang__#join_rhs/2@1f266fo0 is empty, due to KeyPathComponent::Generated::KeyPathComponent.getSubscriptArgument/1#dispred#d0b07a3d_01#count_range/2@8a31a4qh.
[2026-10-08 00:57:21] (0s) Inferred that cached_DataFlowPrivate::TKeyPathComponentNode#6ce37175/2@eda2a238 is empty, due to DataFlowPrivate::TKeyPathComponentNode#6ce37175/2@a1050ef3.
[2026-10-08 00:57:21] (0s) Inferred that cached_DataFlowPrivate::TKeyPathComponentPostUpdateNode#23b77f24/2@c115d4k8 is empty, due to DataFlowPrivate::TKeyPathComponentPostUpdateNode#23b77f24/2@05cc224c.
[2026-10-08 00:57:21] (0s)  >>> Full cache hit cached_Synth::Synth::TConditionElement#2dd7696c/2@be230dqi with 2 rows and digest bc32f6eddpo277n29kp4405a5t4.
[2026-10-08 00:57:21] (0s)  >>> Full cache hit cached_Synth::Synth::TMacroDecl#b21ede06/2@bbeb2ak3 with 22 rows and digest b6c8d11astsfd4e49hlrbuh6179.
[2026-10-08 00:57:21] (0s)  >>> First-level cache hit cached_Synth::Synth::TAvailabilitySpec#ddfd8eae/2@7e004fqt with empty relation.
[2026-10-08 00:57:21] (0s) Inferred that AvailabilityInfo::Generated::AvailabilityInfo.getSpec/1#dispred#9b032087/3@f1c9848b is empty, due to cached_Synth::Synth::TAvailabilitySpec#ddfd8eae/2@7e004fqt.
[2026-10-08 00:57:21] (0s) Inferred that AvailabilitySpec::Generated::AvailabilitySpec.isWildcard/0#dispred#d28a0082/1@fd9f85d5 is empty, due to cached_Synth::Synth::TAvailabilitySpec#ddfd8eae/2@7e004fqt.
[2026-10-08 00:57:21] (0s) Inferred that Synth::Synth::TAvailabilitySpec#ddfd8eae_1#antijoin_rhs/1@3b7de7md is empty, due to cached_Synth::Synth::TAvailabilitySpec#ddfd8eae/2@7e004fqt.
[2026-10-08 00:57:21] (0s) Inferred that Synth::Synth::TAvailabilitySpec#ddfd8eae_10#join_rhs/2@ea4358fv is empty, due to cached_Synth::Synth::TAvailabilitySpec#ddfd8eae/2@7e004fqt.
[2026-10-08 00:57:21] (0s) Inferred that AvailabilityInfo::Generated::AvailabilityInfo.getSpec/1#dispred#9b032087_01#count_range/2@2540d5s0 is empty, due to AvailabilityInfo::Generated::AvailabilityInfo.getSpec/1#dispred#9b032087/3@f1c9848b.
[2026-10-08 00:57:21] (0s) Inferred that AvailabilityInfo::Generated::AvailabilityInfo.getSpec/1#dispred#9b032087_0#antijoin_rhs/1@af27abmo is empty, due to AvailabilityInfo::Generated::AvailabilityInfo.getSpec/1#dispred#9b032087/3@f1c9848b.
[2026-10-08 00:57:21] (0s) Inferred that _AvailabilityInfo::Generated::AvailabilityInfo.getSpec/1#dispred#9b032087_01#count_range#join_rhs/2@cd4defio is empty, due to AvailabilityInfo::Generated::AvailabilityInfo.getSpec/1#dispred#9b032087_01#count_range/2@2540d5s0.
[2026-10-08 00:57:21] (0s)  >>> First-level cache hit cached_Synth::Synth::TRepeatWhileStmt#86eecac1/2@860517id with empty relation.
[2026-10-08 00:57:21] (0s) Inferred that RepeatWhileStmt::Generated::RepeatWhileStmt.getImmediateCondition/0#dispred#31931bf7/2@945ff3ur is empty, due to cached_Synth::Synth::TRepeatWhileStmt#86eecac1/2@860517id.
[2026-10-08 00:57:21] (0s) Inferred that RepeatWhileStmt::Generated::RepeatWhileStmt.getBody/0#dispred#0b658643/2@430476kg is empty, due to cached_Synth::Synth::TRepeatWhileStmt#86eecac1/2@860517id.
[2026-10-08 00:57:21] (0s) Inferred that ControlFlowGraphImpl::Stmts::Loops::RepeatWhileTree#ef0f0890/2@a74979f7 is empty, due to cached_Synth::Synth::TRepeatWhileStmt#86eecac1/2@860517id.
[2026-10-08 00:57:21] (0s) Inferred that Synth::Synth::TRepeatWhileStmt#86eecac1_10#join_rhs/2@7fc462l6 is empty, due to cached_Synth::Synth::TRepeatWhileStmt#86eecac1/2@860517id.
[2026-10-08 00:57:21] (0s) Inferred that RepeatWhileStmt::Generated::RepeatWhileStmt.getCondition/0#dispred#0e6e0f51/2@ff1ecber is empty, due to cached_Synth::Synth::TRepeatWhileStmt#86eecac1/2@860517id.
[2026-10-08 00:57:21] (0s)  >>> First-level cache hit cached_Synth::Synth::TPoundAssertStmt#166857ee/2@57c11c5k with empty relation.
[2026-10-08 00:57:21] (0s) Inferred that Synth::Synth::TPoundAssertStmt#166857ee_1#antijoin_rhs/1@e301342s is empty, due to cached_Synth::Synth::TPoundAssertStmt#166857ee/2@57c11c5k.
[2026-10-08 00:57:21] (0s)  >>> First-level cache hit cached_Synth::Synth::TAvailabilityInfo#4ee7d2d8/2@136124lp with empty relation.
[2026-10-08 00:57:21] (0s) Inferred that AvailabilityInfo::Generated::AvailabilityInfo.getNumberOfSpecs/0#dispred#4fd5853e/2@719fbacj is empty, due to cached_Synth::Synth::TAvailabilityInfo#4ee7d2d8/2@136124lp.
[2026-10-08 00:57:21] (0s) Inferred that ConditionElement::Generated::ConditionElement.getAvailability/0#dispred#e3fa9e8c/2@1f2fd4mg is empty, due to cached_Synth::Synth::TAvailabilityInfo#4ee7d2d8/2@136124lp.
[2026-10-08 00:57:21] (0s) Inferred that _ConditionElement::Generated::ConditionElement.getAvailability/0#dispred#e3fa9e8c_Element::Element.g__#join_rhs/2@520a04ec is empty, due to ConditionElement::Generated::ConditionElement.getAvailability/0#dispred#e3fa9e8c/2@1f2fd4mg.
[2026-10-08 00:57:21] (0s) Inferred that _ConditionElement::Generated::ConditionElement.getAvailability/0#dispred#e3fa9e8c_Element::Element.g__#shared/4@d85447f5 is empty, due to ConditionElement::Generated::ConditionElement.getAvailability/0#dispred#e3fa9e8c/2@1f2fd4mg.
[2026-10-08 00:57:21] (0s) Inferred that _ConditionElement::Generated::ConditionElement.getAvailability/0#dispred#e3fa9e8c_Element::Element.g__#join_rhs#1/2@134427g7 is empty, due to ConditionElement::Generated::ConditionElement.getAvailability/0#dispred#e3fa9e8c/2@1f2fd4mg.
[2026-10-08 00:57:21] (0s) Inferred that ControlFlowGraphImpl::AvailabilityInfo::AvailabilityInfoTree#933e7dd8/2@c360d8dd is empty, due to cached_Synth::Synth::TAvailabilityInfo#4ee7d2d8/2@136124lp.
[2026-10-08 00:57:21] (0s) Inferred that ControlFlowGraphImpl::AvailabilityInfo::AvailabilityInfoTree#933e7dd8_10#join_rhs/2@ee6da6rv is empty, due to ControlFlowGraphImpl::AvailabilityInfo::AvailabilityInfoTree#933e7dd8/2@c360d8dd.
[2026-10-08 00:57:21] (0s) Inferred that AvailabilityInfo::Generated::AvailabilityInfo.isUnavailable/0#dispred#d9551b0f/1@deb9c9jd is empty, due to cached_Synth::Synth::TAvailabilityInfo#4ee7d2d8/2@136124lp.
[2026-10-08 00:57:21] (0s) Inferred that Synth::Synth::TAvailabilityInfo#4ee7d2d8_1#antijoin_rhs/1@0f13ccop is empty, due to cached_Synth::Synth::TAvailabilityInfo#4ee7d2d8/2@136124lp.
[2026-10-08 00:57:21] (0s) Inferred that AvailabilityInfo::AvailabilityInfo.toStringImpl/0#dispred#ea43fc52/2@45f1204c is empty, due to Synth::Synth::TAvailabilityInfo#4ee7d2d8_1#antijoin_rhs/1@0f13ccop.
[2026-10-08 00:57:21] (0s)  >>> First-level cache hit cached_Synth::Synth::TFallthroughStmt#e029a806/2@5e55039u with empty relation.
[2026-10-08 00:57:21] (0s) Inferred that FallthroughStmt::Generated::FallthroughStmt.getFallthroughDest/0#dispred#85fc48e7/2@b93b3dn3 is empty, due to cached_Synth::Synth::TFallthroughStmt#e029a806/2@5e55039u.
[2026-10-08 00:57:21] (0s) Inferred that Synth::Synth::TFallthroughStmt#e029a806_1#antijoin_rhs/1@ed4df3oa is empty, due to cached_Synth::Synth::TFallthroughStmt#e029a806/2@5e55039u.
[2026-10-08 00:57:21] (0s) Inferred that Completion::TFallthroughCompletion#dom#20f7ad57/1@1ba0235h is empty, due to FallthroughStmt::Generated::FallthroughStmt.getFallthroughDest/0#dispred#85fc48e7/2@b93b3dn3.
[2026-10-08 00:57:21] (0s) Inferred that num#Completion::TFallthroughCompletion#25c42164/2@43bc52es is empty, due to Completion::TFallthroughCompletion#dom#20f7ad57/1@1ba0235h.
[2026-10-08 00:57:21] (0s) Inferred that num#Completion::TFallthroughCompletion#25c42164_10#join_rhs/2@d0f4e3ai is empty, due to num#Completion::TFallthroughCompletion#25c42164/2@43bc52es.
[2026-10-08 00:57:21] (0s)  >>> First-level cache hit cached_Synth::Synth::TCaseLabelItem#ecfcec3b/2@418c4dcg with empty relation.
[2026-10-08 00:57:21] (0s) Inferred that CaseStmt::Generated::CaseStmt.getLabel/1#dispred#50014dfa/3@bad5614h is empty, due to cached_Synth::Synth::TCaseLabelItem#ecfcec3b/2@418c4dcg.
[2026-10-08 00:57:21] (0s) Inferred that CaseLabelItem::Generated::CaseLabelItem.getImmediatePattern/0#dispred#5298e1c6/2@dc5fd8np is empty, due to cached_Synth::Synth::TCaseLabelItem#ecfcec3b/2@418c4dcg.
[2026-10-08 00:57:21] (0s) Inferred that CaseLabelItem::Generated::CaseLabelItem.getImmediateGuard/0#dispred#af99aa1c/2@2c036ec2 is empty, due to cached_Synth::Synth::TCaseLabelItem#ecfcec3b/2@418c4dcg.
[2026-10-08 00:57:21] (0s) Inferred that ControlFlowGraphImpl::Stmts::CaseLabelItemTree#9026a190/2@7543aesb is empty, due to cached_Synth::Synth::TCaseLabelItem#ecfcec3b/2@418c4dcg.
[2026-10-08 00:57:21] (0s) Inferred that CaseLabelItem::Generated::CaseLabelItem.getGuard/0#dispred#b77595c5/2@936207ne is empty, due to cached_Synth::Synth::TCaseLabelItem#ecfcec3b/2@418c4dcg.
[2026-10-08 00:57:21] (0s) Inferred that CaseLabelItem::Generated::CaseLabelItem.getPattern/0#dispred#a57216b8/2@539b7bpn is empty, due to cached_Synth::Synth::TCaseLabelItem#ecfcec3b/2@418c4dcg.
[2026-10-08 00:57:21] (0s) Inferred that Synth::Synth::TCaseLabelItem#ecfcec3b_1#antijoin_rhs/1@01c1e8tf is empty, due to cached_Synth::Synth::TCaseLabelItem#ecfcec3b/2@418c4dcg.
[2026-10-08 00:57:21] (0s) Inferred that CaseLabelItem::Generated::CaseLabelItem.getImmediateGuard/0#dispred#af99aa1c/2@3b706f54 is empty, due to cached_Synth::Synth::TCaseLabelItem#ecfcec3b/2@418c4dcg.
[2026-10-08 00:57:21] (0s) Inferred that CaseLabelItem::Generated::CaseLabelItem.getPattern/0#dispred#a57216b8/2@6e1c2336 is empty, due to cached_Synth::Synth::TCaseLabelItem#ecfcec3b/2@418c4dcg.
[2026-10-08 00:57:21] (0s) Inferred that CaseStmt::Generated::CaseStmt.getALabel/0#dispred#911797e6/2@acc8b0bj is empty, due to cached_Synth::Synth::TCaseLabelItem#ecfcec3b/2@418c4dcg.
[2026-10-08 00:57:21] (0s) Inferred that CaseStmt::Generated::CaseStmt.getLabel/1#dispred#50014dfa_01#count_range/2@1cd11bci is empty, due to CaseStmt::Generated::CaseStmt.getLabel/1#dispred#50014dfa/3@bad5614h.
[2026-10-08 00:57:21] (0s) Inferred that CaseStmt::Generated::CaseStmt.getLabel/1#dispred#50014dfa_0#antijoin_rhs/1@06b4b016 is empty, due to CaseStmt::Generated::CaseStmt.getLabel/1#dispred#50014dfa/3@bad5614h.
[2026-10-08 00:57:21] (0s) Inferred that CaseStmt::Generated::CaseStmt.getLabel/1#dispred#50014dfa_0_expr_#antijoin_rhs/2@eed2fe6t is empty, due to CaseStmt::Generated::CaseStmt.getLabel/1#dispred#50014dfa/3@bad5614h.
[2026-10-08 00:57:21] (0s) Inferred that CaseStmt::CaseStmt.getLastLabel/0#dispred#35fbea17/2@2f1a3dif is empty, due to CaseStmt::Generated::CaseStmt.getLabel/1#dispred#50014dfa/3@bad5614h.
[2026-10-08 00:57:21] (0s) Inferred that Completion::mustHaveMatchingCompletion/2#663d6067#bf/2@654553v8 is empty, due to CaseStmt::Generated::CaseStmt.getLabel/1#dispred#50014dfa/3@bad5614h.
[2026-10-08 00:57:21] (0s) Inferred that _CaseLabelItem::Generated::CaseLabelItem.getGuard/0#dispred#b77595c5_ControlFlowGraphImpl::Stmts::Ca__#shared/2@f0904cll is empty, due to ControlFlowGraphImpl::Stmts::CaseLabelItemTree#9026a190/2@7543aesb.
[2026-10-08 00:57:21] (0s) Inferred that _CaseLabelItem::Generated::CaseLabelItem.getPattern/0#dispred#a57216b8_ControlFlowGraphImpl::Stmts::__#join_rhs/2@04ecdfuo is empty, due to ControlFlowGraphImpl::Stmts::CaseLabelItemTree#9026a190/2@7543aesb.
[2026-10-08 00:57:21] (0s)  >>> Full cache hit cached_Synth::Synth::TStmtCondition#a94490a1/2@3cb6ddol with 2 rows and digest 50638a6mebh7eo6252lb031pip5.
[2026-10-08 00:57:21] (0s) Inferred that _CaseLabelItem::Generated::CaseLabelItem.getPattern/0#dispred#a57216b8_ControlFlowGraphImpl::Stmts::__#join_rhs#1/3@b90877po is empty, due to ControlFlowGraphImpl::Stmts::CaseLabelItemTree#9026a190/2@7543aesb.
[2026-10-08 00:57:21] (0s) Inferred that CaseLabelItem::Generated::CaseLabelItem.getGuard/0#dispred#b77595c5_0#antijoin_rhs/1@dbcd443i is empty, due to CaseLabelItem::Generated::CaseLabelItem.getGuard/0#dispred#b77595c5/2@936207ne.
[2026-10-08 00:57:21] (0s) Inferred that CaseLabelItem::Generated::CaseLabelItem.getPattern/0#dispred#a57216b8_1#join_rhs/1@656ae3bm is empty, due to CaseLabelItem::Generated::CaseLabelItem.getPattern/0#dispred#a57216b8/2@539b7bpn.
[2026-10-08 00:57:21] (0s) Inferred that CaseLabelItem::Generated::CaseLabelItem.hasGuard/0#dispred#114acfdd/1@483caa4f is empty, due to CaseLabelItem::Generated::CaseLabelItem.getImmediateGuard/0#dispred#af99aa1c/2@3b706f54.
[2026-10-08 00:57:21] (0s) Inferred that _CaseLabelItem::Generated::CaseLabelItem.getPattern/0#dispred#a57216b8_CaseLabelItem::Generated::Cas__#join_rhs/2@25067e4b is empty, due to CaseLabelItem::Generated::CaseLabelItem.getPattern/0#dispred#a57216b8/2@6e1c2336.
[2026-10-08 00:57:21] (0s) Inferred that _CaseLabelItem::Generated::CaseLabelItem.getPattern/0#dispred#a57216b8_CaseLabelItem::Generated::Cas__#join_rhs#1/2@300eb9so is empty, due to CaseLabelItem::Generated::CaseLabelItem.getPattern/0#dispred#a57216b8/2@6e1c2336.
[2026-10-08 00:57:21] (0s) Inferred that _CaseStmt::Generated::CaseStmt.getLabel/1#dispred#50014dfa_01#count_range#join_rhs/2@dab9c3d4 is empty, due to CaseStmt::Generated::CaseStmt.getLabel/1#dispred#50014dfa_01#count_range/2@1cd11bci.
[2026-10-08 00:57:21] (0s) Inferred that _CaseStmt::CaseStmt.getLastLabel/0#dispred#35fbea17_ControlFlowGraphImpl::Stmts::CaseTree#00554fc5_E__#join_rhs/2@404857va is empty, due to CaseStmt::CaseStmt.getLastLabel/0#dispred#35fbea17/2@2f1a3dif.
[2026-10-08 00:57:21] (0s) Inferred that Completion::mustHaveMatchingCompletion/2#663d6067#bf_10#join_rhs/2@fb13015d is empty, due to Completion::mustHaveMatchingCompletion/2#663d6067#bf/2@654553v8.
[2026-10-08 00:57:21] (0s) Inferred that _Element::Element.getFullyUnresolved/0#97fc9caa__CaseLabelItem::Generated::CaseLabelItem.getGuard/0#__#join_rhs/2@b33206gp is empty, due to _CaseLabelItem::Generated::CaseLabelItem.getGuard/0#dispred#b77595c5_ControlFlowGraphImpl::Stmts::Ca__#shared/2@f0904cll.
[2026-10-08 00:57:21] (0s) Inferred that Completion::getPatternValue/1#a7a2a508#bf/2@f7015drp is empty, due to CaseLabelItem::Generated::CaseLabelItem.getPattern/0#dispred#a57216b8_1#join_rhs/1@656ae3bm.
[2026-10-08 00:57:21] (0s)  >>> First-level cache hit cached_Synth::Synth::TContinueStmt#7ebd2bcd/2@9c2f50he with empty relation.
[2026-10-08 00:57:21] (0s) Inferred that ContinueStmt::Generated::ContinueStmt.getTarget/0#dispred#7371e039/2@bc7d3dfq is empty, due to cached_Synth::Synth::TContinueStmt#7ebd2bcd/2@9c2f50he.
[2026-10-08 00:57:21] (0s) Inferred that ContinueStmt::Generated::ContinueStmt.getTargetName/0#dispred#21cbb600/2@5bd202g6 is empty, due to cached_Synth::Synth::TContinueStmt#7ebd2bcd/2@9c2f50he.
[2026-10-08 00:57:21] (0s) Inferred that Synth::Synth::TContinueStmt#7ebd2bcd_1#antijoin_rhs/1@425af6qi is empty, due to cached_Synth::Synth::TContinueStmt#7ebd2bcd/2@9c2f50he.
[2026-10-08 00:57:21] (0s) Inferred that Completion::TContinueCompletion#dom#dd32076a/1@11ca221f is empty, due to ContinueStmt::Generated::ContinueStmt.getTarget/0#dispred#7371e039/2@bc7d3dfq.
[2026-10-08 00:57:21] (0s) Inferred that ContinueStmt::Generated::ContinueStmt.getTargetName/0#dispred#21cbb600_0#antijoin_rhs/1@93cba08c is empty, due to ContinueStmt::Generated::ContinueStmt.getTargetName/0#dispred#21cbb600/2@5bd202g6.
[2026-10-08 00:57:21] (0s) Inferred that num#Completion::TContinueCompletion#351029a2/2@5bc896pu is empty, due to Completion::TContinueCompletion#dom#dd32076a/1@11ca221f.
[2026-10-08 00:57:21] (0s) Inferred that num#Completion::TContinueCompletion#351029a2_1#antijoin_rhs/1@443d91k0 is empty, due to num#Completion::TContinueCompletion#351029a2/2@5bc896pu.
[2026-10-08 00:57:21] (0s)  >>> First-level cache hit cached_Synth::Synth::TDoCatchStmt#e9143c54/2@d6a160p9 with empty relation.
[2026-10-08 00:57:21] (0s) Inferred that DoCatchStmt::Generated::DoCatchStmt.getCatch/1#dispred#33738fe8/3@86649a2l is empty, due to cached_Synth::Synth::TDoCatchStmt#e9143c54/2@d6a160p9.
[2026-10-08 00:57:21] (0s) Inferred that DoCatchStmt::Generated::DoCatchStmt.getNumberOfCatches/0#dispred#ad1645e1/2@259cf8ap is empty, due to cached_Synth::Synth::TDoCatchStmt#e9143c54/2@d6a160p9.
[2026-10-08 00:57:21] (0s) Inferred that DoCatchStmt::Generated::DoCatchStmt.getBody/0#dispred#a1134ec4/2@9dc2c17o is empty, due to cached_Synth::Synth::TDoCatchStmt#e9143c54/2@d6a160p9.
[2026-10-08 00:57:21] (0s) Inferred that ControlFlowGraphImpl::Stmts::DoCatchTree#6ba092bb/2@584353ik is empty, due to cached_Synth::Synth::TDoCatchStmt#e9143c54/2@d6a160p9.
[2026-10-08 00:57:21] (0s) Inferred that Synth::Synth::TDoCatchStmt#e9143c54_10#join_rhs/2@54c67fk6 is empty, due to cached_Synth::Synth::TDoCatchStmt#e9143c54/2@d6a160p9.
[2026-10-08 00:57:21] (0s) Inferred that DoCatchStmt::Generated::DoCatchStmt.getCatch/1#dispred#33738fe8_01#count_range/2@08f0ee2g is empty, due to DoCatchStmt::Generated::DoCatchStmt.getCatch/1#dispred#33738fe8/3@86649a2l.
[2026-10-08 00:57:21] (0s) Inferred that DoCatchStmt::Generated::DoCatchStmt.getCatch/1#dispred#33738fe8_0#antijoin_rhs/1@4fe262ov is empty, due to DoCatchStmt::Generated::DoCatchStmt.getCatch/1#dispred#33738fe8/3@86649a2l.
[2026-10-08 00:57:21] (0s) Inferred that DoCatchStmt::Generated::DoCatchStmt.getCatch/1#dispred#33738fe8_0_expr_#antijoin_rhs/2@2cff6306 is empty, due to DoCatchStmt::Generated::DoCatchStmt.getCatch/1#dispred#33738fe8/3@86649a2l.
[2026-10-08 00:57:21] (0s) Inferred that DoCatchStmt::DoCatchStmt.getLastCatch/0#dispred#f77b1a62/2@b00d1cra is empty, due to DoCatchStmt::Generated::DoCatchStmt.getCatch/1#dispred#33738fe8/3@86649a2l.
[2026-10-08 00:57:21] (0s) Inferred that _CaseStmt::Generated::CaseStmt.getBody/0#dispred#dd79662c_ControlFlowGraphImpl::Stmts::DoCatchTree#6__#join_rhs/2@7b2296qt is empty, due to ControlFlowGraphImpl::Stmts::DoCatchTree#6ba092bb/2@584353ik.
[2026-10-08 00:57:21] (0s) Inferred that ControlFlowGraphImpl::Stmts::DoCatchTree#6ba092bb_0#antijoin_rhs/1@976c57sb is empty, due to ControlFlowGraphImpl::Stmts::DoCatchTree#6ba092bb/2@584353ik.
[2026-10-08 00:57:21] (0s) Inferred that _ControlFlowGraphImpl::Stmts::DoCatchTree#6ba092bb_DoCatchStmt::DoCatchStmt.getLastCatch/0#dispred#f__#join_rhs/2@34d6f3cr is empty, due to ControlFlowGraphImpl::Stmts::DoCatchTree#6ba092bb/2@584353ik.
[2026-10-08 00:57:21] (0s) Inferred that _DoCatchStmt::Generated::DoCatchStmt.getCatch/1#dispred#33738fe8_01#count_range#join_rhs/2@eb9ddd06 is empty, due to DoCatchStmt::Generated::DoCatchStmt.getCatch/1#dispred#33738fe8_01#count_range/2@08f0ee2g.
[2026-10-08 00:57:21] (0s)  >>> First-level cache hit cached_Synth::Synth::TDiscardStmt#bdb000d3/2@1755b7an with empty relation.
[2026-10-08 00:57:21] (0s) Inferred that DiscardStmt::Generated::DiscardStmt.getImmediateSubExpr/0#dispred#511d46bb/2@c40aa2j5 is empty, due to cached_Synth::Synth::TDiscardStmt#bdb000d3/2@1755b7an.
[2026-10-08 00:57:21] (0s)  >>> First-level cache hit cached_Synth::Synth::TForEachStmt#d335d334/2@f9ff50i3 with empty relation.
[2026-10-08 00:57:21] (0s) Inferred that ControlFlowGraphImpl::Stmts::DiscardStmtTree#fa23d57b/2@3917cfre is empty, due to cached_Synth::Synth::TDiscardStmt#bdb000d3/2@1755b7an.
[2026-10-08 00:57:21] (0s) Inferred that DiscardStmt::Generated::DiscardStmt.getImmediateSubExpr/0#dispred#511d46bb/2@860680da is empty, due to cached_Synth::Synth::TDiscardStmt#bdb000d3/2@1755b7an.
[2026-10-08 00:57:21] (0s) Inferred that ForEachStmt::Generated::ForEachStmt.getBody/0#dispred#2c7b0e27/2@125774n8 is empty, due to cached_Synth::Synth::TForEachStmt#d335d334/2@f9ff50i3.
[2026-10-08 00:57:21] (0s) Inferred that ForEachStmt::Generated::ForEachStmt.getIteratorVar/0#dispred#53590c7f/2@0cde20vp is empty, due to cached_Synth::Synth::TForEachStmt#d335d334/2@f9ff50i3.
[2026-10-08 00:57:21] (0s) Inferred that ForEachStmt::Generated::ForEachStmt.getImmediatePattern/0#dispred#19a87a79/2@678ce619 is empty, due to cached_Synth::Synth::TForEachStmt#d335d334/2@f9ff50i3.
[2026-10-08 00:57:21] (0s) Inferred that ForEachStmt::Generated::ForEachStmt.getVariable/1#dispred#d3bf7b74/3@d38e0fc0 is empty, due to cached_Synth::Synth::TForEachStmt#d335d334/2@f9ff50i3.
[2026-10-08 00:57:21] (0s) Inferred that ForEachStmt::Generated::ForEachStmt.getNumberOfVariables/0#dispred#8a208963/2@74328d77 is empty, due to cached_Synth::Synth::TForEachStmt#d335d334/2@f9ff50i3.
[2026-10-08 00:57:21] (0s) Inferred that ForEachStmt::Generated::ForEachStmt.getImmediateNextCall/0#dispred#6a794547/2@fa8dfbvg is empty, due to cached_Synth::Synth::TForEachStmt#d335d334/2@f9ff50i3.
[2026-10-08 00:57:21] (0s) Inferred that ForEachStmt::Generated::ForEachStmt.getImmediateWhere/0#dispred#09343890/2@cdaa86uk is empty, due to cached_Synth::Synth::TForEachStmt#d335d334/2@f9ff50i3.
[2026-10-08 00:57:21] (0s)  >>> First-level cache hit cached_Synth::Synth::TSwitchStmt#06d5b636/2@096a41v8 with empty relation.
[2026-10-08 00:57:21] (0s) Inferred that ControlFlowGraphImpl::Stmts::Loops::ForEachTree#1eb7d5cb/2@9bf3ef7a is empty, due to cached_Synth::Synth::TForEachStmt#d335d334/2@f9ff50i3.
[2026-10-08 00:57:21] (0s) Inferred that ForEachStmt::Generated::ForEachStmt.getNextCall/0#dispred#b54d6cb7/2@6c7ee2jp is empty, due to cached_Synth::Synth::TForEachStmt#d335d334/2@f9ff50i3.
[2026-10-08 00:57:21] (0s) Inferred that ForEachStmt::Generated::ForEachStmt.getPattern/0#dispred#8ddc0acc/2@3cf6af8f is empty, due to cached_Synth::Synth::TForEachStmt#d335d334/2@f9ff50i3.
[2026-10-08 00:57:21] (0s) Inferred that ForEachStmt::Generated::ForEachStmt.getWhere/0#dispred#40ba33d6/2@475664si is empty, due to cached_Synth::Synth::TForEachStmt#d335d334/2@f9ff50i3.
[2026-10-08 00:57:21] (0s) Inferred that ForEachStmt::Generated::ForEachStmt.getImmediateWhere/0#dispred#09343890/2@7f8dc7hi is empty, due to cached_Synth::Synth::TForEachStmt#d335d334/2@f9ff50i3.
[2026-10-08 00:57:21] (0s) Inferred that ForEachStmt::Generated::ForEachStmt.getImmediateNextCall/0#dispred#6a794547/2@b607d414 is empty, due to cached_Synth::Synth::TForEachStmt#d335d334/2@f9ff50i3.
[2026-10-08 00:57:21] (0s) Inferred that ForEachStmt::Generated::ForEachStmt.getImmediateNextCall/0#dispred#6a794547/2@43ac1aci is empty, due to cached_Synth::Synth::TForEachStmt#d335d334/2@f9ff50i3.
[2026-10-08 00:57:21] (0s) Inferred that _ControlFlowGraphImpl::Stmts::Loops::ForEachTree#1eb7d5cb_ForEachStmt::Generated::ForEachStmt.getBod__#join_rhs/3@0c9c24sl is empty, due to ControlFlowGraphImpl::Stmts::Loops::ForEachTree#1eb7d5cb/2@9bf3ef7a.
[2026-10-08 00:57:21] (0s) Inferred that _ControlFlowGraphImpl::Stmts::Loops::ForEachTree#1eb7d5cb_ForEachStmt::Generated::ForEachStmt.getBod__#join_rhs#1/2@d4468dr4 is empty, due to ControlFlowGraphImpl::Stmts::Loops::ForEachTree#1eb7d5cb/2@9bf3ef7a.
[2026-10-08 00:57:21] (0s) Inferred that _ControlFlowGraphImpl::Stmts::Loops::ForEachTree#1eb7d5cb_ForEachStmt::Generated::ForEachStmt.getIte__#join_rhs/2@1e7e48r1 is empty, due to ControlFlowGraphImpl::Stmts::Loops::ForEachTree#1eb7d5cb/2@9bf3ef7a.
[2026-10-08 00:57:21] (0s) Inferred that ForEachStmt::Generated::ForEachStmt.getVariable/1#dispred#d3bf7b74_01#count_range/2@f92e26kq is empty, due to ForEachStmt::Generated::ForEachStmt.getVariable/1#dispred#d3bf7b74/3@d38e0fc0.
[2026-10-08 00:57:21] (0s) Inferred that ForEachStmt::Generated::ForEachStmt.getVariable/1#dispred#d3bf7b74_0#antijoin_rhs/1@1b464434 is empty, due to ForEachStmt::Generated::ForEachStmt.getVariable/1#dispred#d3bf7b74/3@d38e0fc0.
[2026-10-08 00:57:21] (0s) Inferred that ForEachStmt::Generated::ForEachStmt.getWhere/0#dispred#40ba33d6_0#antijoin_rhs/1@1bae4dom is empty, due to ForEachStmt::Generated::ForEachStmt.getWhere/0#dispred#40ba33d6/2@475664si.
[2026-10-08 00:57:21] (0s) Inferred that ForEachStmt::Generated::ForEachStmt.hasWhere/0#dispred#70260e8a/1@00a5ffcp is empty, due to ForEachStmt::Generated::ForEachStmt.getImmediateWhere/0#dispred#09343890/2@7f8dc7hi.
[2026-10-08 00:57:21] (0s) Inferred that _ForEachStmt::Generated::ForEachStmt.getVariable/1#dispred#d3bf7b74_01#count_range#join_rhs/2@fa1551ge is empty, due to ForEachStmt::Generated::ForEachStmt.getVariable/1#dispred#d3bf7b74_01#count_range/2@f92e26kq.
[2026-10-08 00:57:21] (0s)  >>> First-level cache hit cached_Synth::Synth::TYieldStmt#d9f4cffc/2@09ecedr9 with empty relation.
[2026-10-08 00:57:21] (0s) Inferred that SwitchStmt::Generated::SwitchStmt.getCase/1#dispred#0522a946/3@40d2ff3m is empty, due to cached_Synth::Synth::TSwitchStmt#06d5b636/2@096a41v8.
[2026-10-08 00:57:21] (0s) Inferred that SwitchStmt::Generated::SwitchStmt.getNumberOfCases/0#dispred#753a3685/2@54375d3n is empty, due to cached_Synth::Synth::TSwitchStmt#06d5b636/2@096a41v8.
[2026-10-08 00:57:21] (0s) Inferred that SwitchStmt::Generated::SwitchStmt.getImmediateExpr/0#dispred#e503079d/2@6897acdj is empty, due to cached_Synth::Synth::TSwitchStmt#06d5b636/2@096a41v8.
[2026-10-08 00:57:21] (0s) Inferred that ControlFlowGraphImpl::Stmts::SwitchTree#870f8e9b/2@667316p8 is empty, due to cached_Synth::Synth::TSwitchStmt#06d5b636/2@096a41v8.
[2026-10-08 00:57:21] (0s) Inferred that SwitchStmt::Generated::SwitchStmt.getExpr/0#dispred#269e2eb5/2@6d290bom is empty, due to cached_Synth::Synth::TSwitchStmt#06d5b636/2@096a41v8.
[2026-10-08 00:57:21] (0s) Inferred that SwitchStmt::Generated::SwitchStmt.getImmediateExpr/0#dispred#e503079d/2@306b889m is empty, due to cached_Synth::Synth::TSwitchStmt#06d5b636/2@096a41v8.
[2026-10-08 00:57:21] (0s) Inferred that SwitchStmt::Generated::SwitchStmt.getACase/0#dispred#8061f41c/2@83d9cbp4 is empty, due to cached_Synth::Synth::TSwitchStmt#06d5b636/2@096a41v8.
[2026-10-08 00:57:21] (0s) Inferred that SwitchStmt::Generated::SwitchStmt.getImmediateExpr/0#dispred#e503079d/2@3308efmp is empty, due to cached_Synth::Synth::TSwitchStmt#06d5b636/2@096a41v8.
[2026-10-08 00:57:21] (0s) Inferred that SwitchStmt::Generated::SwitchStmt.getImmediateExpr/0#dispred#e503079d/2@d75d12cl is empty, due to cached_Synth::Synth::TSwitchStmt#06d5b636/2@096a41v8.
[2026-10-08 00:57:21] (0s) Inferred that SwitchStmt::Generated::SwitchStmt.getImmediateExpr/0#dispred#e503079d/2@0383a4h2 is empty, due to cached_Synth::Synth::TSwitchStmt#06d5b636/2@096a41v8.
[2026-10-08 00:57:21] (0s) Inferred that SwitchStmt::Generated::SwitchStmt.getCase/1#dispred#0522a946_01#count_range/2@36b3bb9q is empty, due to SwitchStmt::Generated::SwitchStmt.getCase/1#dispred#0522a946/3@40d2ff3m.
[2026-10-08 00:57:21] (0s) Inferred that SwitchStmt::Generated::SwitchStmt.getCase/1#dispred#0522a946_0#antijoin_rhs/1@b75985rv is empty, due to SwitchStmt::Generated::SwitchStmt.getCase/1#dispred#0522a946/3@40d2ff3m.
[2026-10-08 00:57:21] (0s) Inferred that _CaseStmt::Generated::CaseStmt.getBody/0#dispred#dd79662c_ControlFlowGraphImpl::Stmts::SwitchTree#87__#join_rhs/2@7b26f0e6 is empty, due to ControlFlowGraphImpl::Stmts::SwitchTree#870f8e9b/2@667316p8.
[2026-10-08 00:57:21] (0s) Inferred that _ControlFlowGraphImpl::Stmts::SwitchTree#870f8e9b_Expr::Expr.getFullyConverted/0#dispred#e3fb566d#bf__#join_rhs/2@b6a8466h is empty, due to ControlFlowGraphImpl::Stmts::SwitchTree#870f8e9b/2@667316p8.
[2026-10-08 00:57:21] (0s) Inferred that _Element::Generated::Element.resolve/0#6937ae00_SwitchStmt::Generated::SwitchStmt.getImmediateExpr/0__#join_rhs/2@f4d7ad0t is empty, due to SwitchStmt::Generated::SwitchStmt.getImmediateExpr/0#dispred#e503079d/2@306b889m.
[2026-10-08 00:57:21] (0s) Inferred that _SwitchStmt::Generated::SwitchStmt.getCase/1#dispred#0522a946_01#count_range#join_rhs/2@ee07ab0k is empty, due to SwitchStmt::Generated::SwitchStmt.getCase/1#dispred#0522a946_01#count_range/2@36b3bb9q.
[2026-10-08 00:57:21] (0s) Inferred that YieldStmt::Generated::YieldStmt.getImmediateResult/1#dispred#dc65717f/3@028a64tt is empty, due to cached_Synth::Synth::TYieldStmt#d9f4cffc/2@09ecedr9.
[2026-10-08 00:57:21] (0s) Inferred that _YieldStmt::Generated::YieldStmt.getImmediateResult/1#dispred#dc65717f#max_range/2@3a6c367s is empty, due to YieldStmt::Generated::YieldStmt.getImmediateResult/1#dispred#dc65717f/3@028a64tt.
[2026-10-08 00:57:21] (0s) Inferred that _YieldStmt::Generated::YieldStmt.getImmediateResult/1#dispred#dc65717f#max_term/3@4bcd985q is empty, due to YieldStmt::Generated::YieldStmt.getImmediateResult/1#dispred#dc65717f/3@028a64tt.
[2026-10-08 00:57:21] (0s) Inferred that __YieldStmt::Generated::YieldStmt.getImmediateResult/1#dispred#dc65717f#max_range__YieldStmt::Genera__#join_rhs/1@3ab455nh is empty, due to _YieldStmt::Generated::YieldStmt.getImmediateResult/1#dispred#dc65717f#max_range/2@3a6c367s.
[2026-10-08 00:57:21] (0s) Inferred that ControlFlowGraphImpl::Stmts::YieldStmtTree#7fe97088/2@71345318 is empty, due to cached_Synth::Synth::TYieldStmt#d9f4cffc/2@09ecedr9.
[2026-10-08 00:57:21] (0s) Inferred that YieldStmt::Generated::YieldStmt.getImmediateResult/1#dispred#dc65717f/3@06974651 is empty, due to cached_Synth::Synth::TYieldStmt#d9f4cffc/2@09ecedr9.
[2026-10-08 00:57:21] (0s) Inferred that Synth::Synth::TYieldStmt#d9f4cffc_1#antijoin_rhs/1@fb745f88 is empty, due to cached_Synth::Synth::TYieldStmt#d9f4cffc/2@09ecedr9.
[2026-10-08 00:57:21] (0s)  >>> First-level cache hit cached_Synth::Synth::TWhileStmt#1d136a5f/2@3bf7828g with empty relation.
[2026-10-08 00:57:21] (0s) Inferred that WhileStmt::Generated::WhileStmt.getBody/0#dispred#cd74eb83/2@74a411kl is empty, due to cached_Synth::Synth::TWhileStmt#1d136a5f/2@3bf7828g.
[2026-10-08 00:57:21] (0s) Inferred that Synth::Synth::TWhileStmt#1d136a5f_1#join_rhs/1@644e2b2t is empty, due to cached_Synth::Synth::TWhileStmt#1d136a5f/2@3bf7828g.
[2026-10-08 00:57:21] (0s) Inferred that ControlFlowGraphImpl::Stmts::Loops::WhileTree#40f291bd/2@719fc3ct is empty, due to cached_Synth::Synth::TWhileStmt#1d136a5f/2@3bf7828g.
[2026-10-08 00:57:21] (0s) Inferred that Synth::Synth::TWhileStmt#1d136a5f_10#join_rhs/2@22dd12u4 is empty, due to cached_Synth::Synth::TWhileStmt#1d136a5f/2@3bf7828g.
[2026-10-08 00:57:21] (0s)  >>> First-level cache hit cached_Synth::Synth::TThrowStmt#bcadd45d/2@6d5f5fd0 with empty relation.
[2026-10-08 00:57:21] (0s) Inferred that ThrowStmt::Generated::ThrowStmt.getImmediateSubExpr/0#dispred#db99e9e8/2@e65bc123 is empty, due to cached_Synth::Synth::TThrowStmt#bcadd45d/2@6d5f5fd0.
[2026-10-08 00:57:21] (0s) Inferred that ControlFlowGraphImpl::Stmts::ThrowExprTree#9aaf8eed/2@66a1a5hg is empty, due to cached_Synth::Synth::TThrowStmt#bcadd45d/2@6d5f5fd0.
[2026-10-08 00:57:21] (0s) Inferred that ThrowStmt::Generated::ThrowStmt.getSubExpr/0#dispred#5b78bf8a/2@97bc51q5 is empty, due to cached_Synth::Synth::TThrowStmt#bcadd45d/2@6d5f5fd0.
[2026-10-08 00:57:21] (0s) Inferred that Synth::Synth::TThrowStmt#bcadd45d_1#antijoin_rhs/1@d41d64v2 is empty, due to cached_Synth::Synth::TThrowStmt#bcadd45d/2@6d5f5fd0.
[2026-10-08 00:57:21] (0s) Inferred that _ControlFlowGraphImpl::Stmts::ThrowExprTree#9aaf8eed_Expr::Expr.getFullyConverted/0#dispred#e3fb566d__#join_rhs/2@70fb6123 is empty, due to ControlFlowGraphImpl::Stmts::ThrowExprTree#9aaf8eed/2@66a1a5hg.
[2026-10-08 00:57:21] (0s)  >>> Full cache hit cached_Synth::Synth::TMacroRole#f32fae77/2@0e326bu9 with 27 rows and digest 64ed14r0p8f46f5ouffp8622ckb.
[2026-10-08 00:57:21] (0s)  >>> Full cache hit cached_Synth::Synth::TGuardStmt#26c2badf/2@065e55co with 2 rows and digest 0e7330qraruddfvvoth1gi1j4pa.
[2026-10-08 00:57:21] (0s)  >>> First-level cache hit cached_Synth::Synth::TBreakStmt#5398332a/2@19c4ec1j with empty relation.
[2026-10-08 00:57:21] (0s) Inferred that BreakStmt::Generated::BreakStmt.getTarget/0#dispred#0deaabb7/2@f5dce064 is empty, due to cached_Synth::Synth::TBreakStmt#5398332a/2@19c4ec1j.
[2026-10-08 00:57:21] (0s) Inferred that BreakStmt::Generated::BreakStmt.getTargetName/0#dispred#b9aeb787/2@e74339ls is empty, due to cached_Synth::Synth::TBreakStmt#5398332a/2@19c4ec1j.
[2026-10-08 00:57:21] (0s) Inferred that Synth::Synth::TBreakStmt#5398332a_1#antijoin_rhs/1@4a637b19 is empty, due to cached_Synth::Synth::TBreakStmt#5398332a/2@19c4ec1j.
[2026-10-08 00:57:21] (0s)  >>> First-level cache hit cached_Synth::Synth::TDeferStmt#9fd29ba2/2@2f5917ag with empty relation.
[2026-10-08 00:57:21] (0s) Inferred that Completion::TBreakCompletion#dom#b8351522/1@d41c574c is empty, due to BreakStmt::Generated::BreakStmt.getTarget/0#dispred#0deaabb7/2@f5dce064.
[2026-10-08 00:57:21] (0s) Inferred that BreakStmt::Generated::BreakStmt.getTargetName/0#dispred#b9aeb787_0#antijoin_rhs/1@e25f9dic is empty, due to BreakStmt::Generated::BreakStmt.getTargetName/0#dispred#b9aeb787/2@e74339ls.
[2026-10-08 00:57:21] (0s) Inferred that num#Completion::TBreakCompletion#13ebb018/2@fd9cacku is empty, due to Completion::TBreakCompletion#dom#b8351522/1@d41c574c.
[2026-10-08 00:57:21] (0s) Inferred that num#Completion::TBreakCompletion#13ebb018_1#join_rhs/1@17e90feq is empty, due to num#Completion::TBreakCompletion#13ebb018/2@fd9cacku.
[2026-10-08 00:57:21] (0s) Inferred that DeferStmt::Generated::DeferStmt.getBody/0#dispred#54f7b135/2@83f452ra is empty, due to cached_Synth::Synth::TDeferStmt#9fd29ba2/2@2f5917ag.
[2026-10-08 00:57:21] (0s) Inferred that Synth::Synth::TDeferStmt#9fd29ba2_1#antijoin_rhs/1@10ee22tc is empty, due to cached_Synth::Synth::TDeferStmt#9fd29ba2/2@2f5917ag.
[2026-10-08 00:57:21] (0s) Inferred that _DeferStmt::Generated::DeferStmt.getBody/0#dispred#54f7b135__BraceStmt::Generated::BraceStmt.getElem__#rank_range/4@c71c546a is empty, due to DeferStmt::Generated::DeferStmt.getBody/0#dispred#54f7b135/2@83f452ra.
[2026-10-08 00:57:21] (0s) Inferred that _DeferStmt::Generated::DeferStmt.getBody/0#dispred#54f7b135__BraceStmt::Generated::BraceStmt.getElem__#rank_term/6@aae8b6g8 is empty, due to DeferStmt::Generated::DeferStmt.getBody/0#dispred#54f7b135/2@83f452ra.
[2026-10-08 00:57:21] (0s) Inferred that DeferStmt::Generated::DeferStmt.getBody/0#dispred#54f7b135_10#join_rhs/2@5bfe78sr is empty, due to DeferStmt::Generated::DeferStmt.getBody/0#dispred#54f7b135/2@83f452ra.
[2026-10-08 00:57:21] (0s) Inferred that __DeferStmt::Generated::DeferStmt.getBody/0#dispred#54f7b135__BraceStmt::Generated::BraceStmt.getEle__#join_rhs/3@da182243 is empty, due to _DeferStmt::Generated::DeferStmt.getBody/0#dispred#54f7b135__BraceStmt::Generated::BraceStmt.getElem__#rank_range/4@c71c546a.
[2026-10-08 00:57:21] (0s) Inferred that ControlFlowGraphImpl::Stmts::BraceStmtTree.getDeferIndex/1#dispred#02ea6711/3@7c1d62gr is empty, due to DeferStmt::Generated::DeferStmt.getBody/0#dispred#54f7b135_10#join_rhs/2@5bfe78sr.
[2026-10-08 00:57:21] (0s) Inferred that ControlFlowGraphImpl::Stmts::BraceStmtTree.getDeferStmtBody/1#dispred#665e6daf/3@27d5b318 is empty, due to __DeferStmt::Generated::DeferStmt.getBody/0#dispred#54f7b135__BraceStmt::Generated::BraceStmt.getEle__#join_rhs/3@da182243.
[2026-10-08 00:57:21] (0s) Inferred that _AstControlFlowTrees::astFirst/2#67012432_ControlFlowGraphImpl::Stmts::BraceStmtTree.getDeferIndex/1__#shared/5@d33d31g8 is empty, due to ControlFlowGraphImpl::Stmts::BraceStmtTree.getDeferIndex/1#dispred#02ea6711/3@7c1d62gr.
[2026-10-08 00:57:21] (0s) Inferred that _ControlFlowGraphImpl::Stmts::BraceStmtTree#f695537a_ControlFlowGraphImpl::Stmts::BraceStmtTree.getD__#shared/4@798b332d is empty, due to ControlFlowGraphImpl::Stmts::BraceStmtTree.getDeferStmtBody/1#dispred#665e6daf/3@27d5b318.
[2026-10-08 00:57:21] (0s) Inferred that _ControlFlowGraphImpl::Stmts::BraceStmtTree.getDeferStmtBody/1#dispred#665e6daf#antijoin_rhs/3@213e741t is empty, due to ControlFlowGraphImpl::Stmts::BraceStmtTree.getDeferStmtBody/1#dispred#665e6daf/3@27d5b318.
[2026-10-08 00:57:21] (0s) Inferred that ControlFlowGraphImpl::Stmts::BraceStmtTree.getFirstDeferStmtBody/0#dispred#849d4a0b/2@a95aa889 is empty, due to ControlFlowGraphImpl::Stmts::BraceStmtTree.getDeferStmtBody/1#dispred#665e6daf/3@27d5b318.
[2026-10-08 00:57:21] (0s) Inferred that _ControlFlowGraphImpl::Stmts::BraceStmtTree.getDeferStmtBody/1#dispred#665e6daf#antijoin_rhs#1/3@e5d96een is empty, due to ControlFlowGraphImpl::Stmts::BraceStmtTree.getDeferStmtBody/1#dispred#665e6daf/3@27d5b318.
[2026-10-08 00:57:21] (0s) Inferred that ControlFlowGraphImpl::Stmts::BraceStmtTree.getLastDeferStmtBody/0#dispred#71ec8d3d/2@4a343epa is empty, due to ControlFlowGraphImpl::Stmts::BraceStmtTree.getDeferStmtBody/1#dispred#665e6daf/3@27d5b318.
[2026-10-08 00:57:21] (0s) Inferred that _BraceStmt::Generated::BraceStmt.getElement/1#dispred#b3b58647_ControlFlowGraphImpl::Stmts::BraceStm__#antijoin_rhs/7@0fb0c3v2 is empty, due to _AstControlFlowTrees::astFirst/2#67012432_ControlFlowGraphImpl::Stmts::BraceStmtTree.getDeferIndex/1__#shared/5@d33d31g8.
[2026-10-08 00:57:21] (0s) Inferred that ControlFlowGraphImpl::Stmts::BraceStmtTree.getFirstDeferStmtBody/0#dispred#849d4a0b_0#antijoin_rhs/1@6b7256eu is empty, due to ControlFlowGraphImpl::Stmts::BraceStmtTree.getFirstDeferStmtBody/0#dispred#849d4a0b/2@a95aa889.
[2026-10-08 00:57:21] (0s) Inferred that _ControlFlowGraphImpl::Stmts::BraceStmtTree#f695537a_0#join_rhs_ControlFlowGraphImpl::Stmts::BraceSt__#join_rhs/2@2efe293p is empty, due to ControlFlowGraphImpl::Stmts::BraceStmtTree.getLastDeferStmtBody/0#dispred#71ec8d3d/2@4a343epa.
[2026-10-08 00:57:21] (0s)  >>> Full cache hit cached_Synth::Synth::TBraceStmt#37e15e9e/2@aab392g3 with 20108 rows and digest c26e7bm2tncl8gqjmrt69vge619.
[2026-10-08 00:57:21] (0s)  >>> Full cache hit cached_Synth::Synth::TTypeRepr#5c4de296/2@3f8f9bem with 7 rows and digest 7501ecnaju7evijf1p1btcfvvgb.
[2026-10-08 00:57:21] (0s)  >>> First-level cache hit cached_Synth::Synth::TFailStmt#23406f79/2@469ab6km with empty relation.
[2026-10-08 00:57:21] (0s) Inferred that Synth::Synth::TFailStmt#23406f79_1#antijoin_rhs/1@9955b3k0 is empty, due to cached_Synth::Synth::TFailStmt#23406f79/2@469ab6km.
[2026-10-08 00:57:21] (0s)  >>> First-level cache hit cached_Synth::Synth::TThenStmt#75c8c702/2@ec8d85v0 with empty relation.
[2026-10-08 00:57:21] (0s) Inferred that ThenStmt::Generated::ThenStmt.getImmediateResult/0#dispred#b17391d1/2@7002f926 is empty, due to cached_Synth::Synth::TThenStmt#75c8c702/2@ec8d85v0.
[2026-10-08 00:57:21] (0s) Inferred that ControlFlowGraphImpl::Stmts::ThenStmtTree#c5180462/2@7eb07bhm is empty, due to cached_Synth::Synth::TThenStmt#75c8c702/2@ec8d85v0.
[2026-10-08 00:57:21] (0s) Inferred that ThenStmt::Generated::ThenStmt.getImmediateResult/0#dispred#b17391d1/2@ef1ad49m is empty, due to cached_Synth::Synth::TThenStmt#75c8c702/2@ec8d85v0.
[2026-10-08 00:57:21] (0s)  >>> First-level cache hit cached_Synth::Synth::TCaseStmt#884a7c9d/2@349b5fbh with empty relation.
[2026-10-08 00:57:21] (0s)  >>> First-level cache hit cached_Synth::Synth::TIfStmt#1c17eab0/2@186325b4 with empty relation.
[2026-10-08 00:57:21] (0s) Inferred that CaseStmt::Generated::CaseStmt.getNumberOfLabels/0#dispred#295f1f06/2@bb03bfbf is empty, due to cached_Synth::Synth::TCaseStmt#884a7c9d/2@349b5fbh.
[2026-10-08 00:57:21] (0s) Inferred that IfStmt::Generated::IfStmt.getElse/0#dispred#09810aa2/2@2b4a0dkp is empty, due to cached_Synth::Synth::TIfStmt#1c17eab0/2@186325b4.
[2026-10-08 00:57:21] (0s) Inferred that CaseStmt::Generated::CaseStmt.getVariable/1#dispred#1c552c66/3@89b9fbtm is empty, due to cached_Synth::Synth::TCaseStmt#884a7c9d/2@349b5fbh.
[2026-10-08 00:57:21] (0s) Inferred that IfStmt::Generated::IfStmt.getThen/0#dispred#4d5a42ae/2@219572kp is empty, due to cached_Synth::Synth::TIfStmt#1c17eab0/2@186325b4.
[2026-10-08 00:57:21] (0s) Inferred that CaseStmt::Generated::CaseStmt.getNumberOfVariables/0#dispred#f38f2593/2@0d4c959v is empty, due to cached_Synth::Synth::TCaseStmt#884a7c9d/2@349b5fbh.
[2026-10-08 00:57:21] (0s) Inferred that Synth::Synth::TIfStmt#1c17eab0_1#join_rhs/1@bb0051lc is empty, due to cached_Synth::Synth::TIfStmt#1c17eab0/2@186325b4.
[2026-10-08 00:57:21] (0s) Inferred that CaseStmt::Generated::CaseStmt.getBody/0#dispred#dd79662c/2@c827c05k is empty, due to cached_Synth::Synth::TCaseStmt#884a7c9d/2@349b5fbh.
[2026-10-08 00:57:21] (0s) Inferred that ControlFlowGraphImpl::Stmts::IfStmtTree#23315332/2@f5b6a3e8 is empty, due to cached_Synth::Synth::TIfStmt#1c17eab0/2@186325b4.
[2026-10-08 00:57:21] (0s) Inferred that ControlFlowGraphImpl::Stmts::CaseTree#00554fc5/2@11fe60md is empty, due to cached_Synth::Synth::TCaseStmt#884a7c9d/2@349b5fbh.
[2026-10-08 00:57:21] (0s) Inferred that IfStmt::Generated::IfStmt.getElse/0#dispred#09810aa2/2@a1ca4bdi is empty, due to cached_Synth::Synth::TIfStmt#1c17eab0/2@186325b4.
[2026-10-08 00:57:21] (0s) Inferred that IfStmt::Generated::IfStmt.getThen/0#dispred#4d5a42ae/2@adfb6c4q is empty, due to cached_Synth::Synth::TIfStmt#1c17eab0/2@186325b4.
[2026-10-08 00:57:21] (0s) Inferred that IfStmt::IfStmt.getBranch/1#dispred#8e3b3e48/3@e4c41cvn is empty, due to cached_Synth::Synth::TIfStmt#1c17eab0/2@186325b4.
[2026-10-08 00:57:21] (0s) Inferred that CaseStmt::Generated::CaseStmt.getBody/0#dispred#dd79662c/2@b3efddn0 is empty, due to cached_Synth::Synth::TCaseStmt#884a7c9d/2@349b5fbh.
[2026-10-08 00:57:21] (0s) Inferred that Synth::Synth::TCaseStmt#884a7c9d_1#antijoin_rhs/1@a71260j2 is empty, due to cached_Synth::Synth::TCaseStmt#884a7c9d/2@349b5fbh.
[2026-10-08 00:57:21] (0s) Inferred that IfStmt::Generated::IfStmt.hasElse/0#dispred#327ade17/1@69b5904c is empty, due to cached_Synth::Synth::TIfStmt#1c17eab0/2@186325b4.
[2026-10-08 00:57:21] (0s) Inferred that CaseStmt::Generated::CaseStmt.getVariable/1#dispred#1c552c66_01#count_range/2@f46bb6um is empty, due to CaseStmt::Generated::CaseStmt.getVariable/1#dispred#1c552c66/3@89b9fbtm.
[2026-10-08 00:57:21] (0s) Inferred that CaseStmt::Generated::CaseStmt.getVariable/1#dispred#1c552c66_0#antijoin_rhs/1@cd5feeod is empty, due to CaseStmt::Generated::CaseStmt.getVariable/1#dispred#1c552c66/3@89b9fbtm.
[2026-10-08 00:57:21] (0s) Inferred that _ControlFlowGraphImpl::Stmts::IfStmtTree#23315332_Element::Element.getFullyUnresolved/0#97fc9caa_IfS__#join_rhs/2@5f8b73kd is empty, due to ControlFlowGraphImpl::Stmts::IfStmtTree#23315332/2@f5b6a3e8.
[2026-10-08 00:57:21] (0s) Inferred that _ControlFlowGraphImpl::Stmts::IfStmtTree#23315332_IfStmt::IfStmt.getBranch/1#dispred#8e3b3e48#join_rhs/2@5db5f37h is empty, due to ControlFlowGraphImpl::Stmts::IfStmtTree#23315332/2@f5b6a3e8.
[2026-10-08 00:57:21] (0s) Inferred that _CaseStmt::Generated::CaseStmt.getBody/0#dispred#dd79662c_ControlFlowGraphImpl::Stmts::CaseTree#0055__#join_rhs/2@bb8f01k9 is empty, due to ControlFlowGraphImpl::Stmts::CaseTree#00554fc5/2@11fe60md.
[2026-10-08 00:57:21] (0s) Inferred that IfStmt::Generated::IfStmt.getElse/0#dispred#09810aa2_0#antijoin_rhs/1@0e8595n7 is empty, due to IfStmt::Generated::IfStmt.getElse/0#dispred#09810aa2/2@a1ca4bdi.
[2026-10-08 00:57:21] (0s) Inferred that _CaseStmt::Generated::CaseStmt.getVariable/1#dispred#1c552c66_01#count_range#join_rhs/2@66bd00mt is empty, due to CaseStmt::Generated::CaseStmt.getVariable/1#dispred#1c552c66_01#count_range/2@f46bb6um.
[2026-10-08 00:57:21] (0s)  >>> First-level cache hit cached_Synth::Synth::TDoStmt#4a4c2e2a/2@c8f205uc with empty relation.
[2026-10-08 00:57:21] (0s) Inferred that ControlFlowGraphImpl::Stmts::DoTree#b3fd7d99/2@169e97sk is empty, due to cached_Synth::Synth::TDoStmt#4a4c2e2a/2@c8f205uc.
[2026-10-08 00:57:21] (0s) Inferred that Synth::Synth::TDoStmt#4a4c2e2a_10#join_rhs/2@84d14232 is empty, due to cached_Synth::Synth::TDoStmt#4a4c2e2a/2@c8f205uc.
[2026-10-08 00:57:21] (0s)  >>> Full cache hit cached_Synth::Synth::TArgument#eb5bc4bd/2@0c3f3dgc with 4306 rows and digest 4b1c736en4sqg9407phfjqn0du0.
[2026-10-08 00:57:21] (0s)  >>> First-level cache hit cached_Synth::Synth::TUnspecifiedElement#37502608/2@1fdc52rm with empty relation.
[2026-10-08 00:57:21] (0s) Inferred that UnspecifiedElement::Generated::UnspecifiedElement.getImmediateChild/1#dispred#6d85743d/3@5da6e287 is empty, due to cached_Synth::Synth::TUnspecifiedElement#37502608/2@1fdc52rm.
[2026-10-08 00:57:21] (0s) Inferred that Synth::Synth::TUnspecifiedElement#37502608_1#antijoin_rhs/1@b58e7dml is empty, due to cached_Synth::Synth::TUnspecifiedElement#37502608/2@1fdc52rm.
[2026-10-08 00:57:21] (0s) Inferred that UnspecifiedElement::Generated::UnspecifiedElement.getIndex/0#dispred#50a7bb23/2@04227a56 is empty, due to cached_Synth::Synth::TUnspecifiedElement#37502608/2@1fdc52rm.
[2026-10-08 00:57:21] (0s) Inferred that UnspecifiedElement::Generated::UnspecifiedElement.getParent/0#dispred#04a246e2/2@3672b186 is empty, due to cached_Synth::Synth::TUnspecifiedElement#37502608/2@1fdc52rm.
[2026-10-08 00:57:21] (0s) Inferred that _UnspecifiedElement::Generated::UnspecifiedElement.getImmediateChild/1#dispred#6d85743d#max_range/2@b43d781n is empty, due to UnspecifiedElement::Generated::UnspecifiedElement.getImmediateChild/1#dispred#6d85743d/3@5da6e287.
[2026-10-08 00:57:21] (0s) Inferred that _UnspecifiedElement::Generated::UnspecifiedElement.getImmediateChild/1#dispred#6d85743d#max_term/3@e99989a0 is empty, due to UnspecifiedElement::Generated::UnspecifiedElement.getImmediateChild/1#dispred#6d85743d/3@5da6e287.
[2026-10-08 00:57:21] (0s) Inferred that UnspecifiedElement::Generated::UnspecifiedElement.getIndex/0#dispred#50a7bb23_0#antijoin_rhs/1@40d0dbf4 is empty, due to UnspecifiedElement::Generated::UnspecifiedElement.getIndex/0#dispred#50a7bb23/2@04227a56.
[2026-10-08 00:57:21] (0s) Inferred that UnspecifiedElement::Generated::UnspecifiedElement.getParent/0#dispred#04a246e2_0#antijoin_rhs/1@048949lt is empty, due to UnspecifiedElement::Generated::UnspecifiedElement.getParent/0#dispred#04a246e2/2@3672b186.
[2026-10-08 00:57:21] (0s) Inferred that __UnspecifiedElement::Generated::UnspecifiedElement.getImmediateChild/1#dispred#6d85743d#max_range____#join_rhs/1@96f4aeoh is empty, due to _UnspecifiedElement::Generated::UnspecifiedElement.getImmediateChild/1#dispred#6d85743d#max_range/2@b43d781n.
[2026-10-08 00:57:21] (0s)  >>> Full cache hit cached_MethodLookupExpr::MethodLookupExpr.getUnderlying/0#dispred#1cb45815/2@82c981m2 with 951 rows and digest 4b7317rqn7ht2fki8lm8l74n254.
[2026-10-08 00:57:21] (0s)  >>> Full cache hit cached_ParentChild::Impl::getImmediateChild/3#ddb9b4d3/4@399bf03c with 275666 rows and digest 548d20hvk5k568vp7pfns8d0d16.
[2026-10-08 00:57:21] (0s)  >>> Full cache hit cached_TypeDecl::TypeDecl.getFullName/0#bfa7889c/2@36272d61 with 15777 rows and digest 53dee67is0duur1k72u2sq8ijv3.
[2026-10-08 00:57:21] (0s)  >>> Full cache hit cached_Method::Method.hasQualifiedName/2#dispred#77508db1/3@96898b0s with 21417 rows and digest 6a7006rbltvfrkcv78u9h7aedh3.
[2026-10-08 00:57:21] (0s)  >>> Full cache hit cached_AstNodeImpl::Impl::Cached::getEnclosingDecl/1#e19d473b/2@8aeeeah5 with 270963 rows and digest 491c70f3rujfiopl6lshr24bkrd.
[2026-10-08 00:57:21] (0s)  >>> First-level cache hit cached_ControlFlowElements::TPropertyObserverElement#ec3073ab/3@6c2fafrf with empty relation.
[2026-10-08 00:57:21] (0s) Inferred that ControlFlowElements::TPropertyObserverElement#ec3073ab_2#join_rhs/1@8cc20d8e is empty, due to cached_ControlFlowElements::TPropertyObserverElement#ec3073ab/3@6c2fafrf.
[2026-10-08 00:57:21] (0s) Inferred that CfgNodes::PropertyObserverCfgNode#b95d9dbb/2@3bcd74i9 is empty, due to cached_ControlFlowElements::TPropertyObserverElement#ec3073ab/3@6c2fafrf.
[2026-10-08 00:57:21] (0s)  >>> Full cache hit cached_ControlFlowElements::TAstElement#5aa9dc9a/2@7d43f0b4 with 304884 rows and digest 99b06fss90m6306u4udnqhv7487.
[2026-10-08 00:57:21] (0s) Inferred that ControlFlowElements::isPropertyObserverElement/3#5d450422/3@e13a9f45 is empty, due to ControlFlowElements::TPropertyObserverElement#ec3073ab_2#join_rhs/1@8cc20d8e.
[2026-10-08 00:57:21] (0s) Inferred that DataFlowDispatch::TPropertyObserverCall#dom#49335461/1@5bc236ge is empty, due to CfgNodes::PropertyObserverCfgNode#b95d9dbb/2@3bcd74i9.
[2026-10-08 00:57:21] (0s) Inferred that CfgNodes::PropertyObserverCfgNode#b95d9dbb_10#join_rhs/2@18a569v0 is empty, due to CfgNodes::PropertyObserverCfgNode#b95d9dbb/2@3bcd74i9.
[2026-10-08 00:57:21] (0s) Inferred that DataFlowPrivate::PropertyObserverOutNode#ca34def2/4@09513789 is empty, due to CfgNodes::PropertyObserverCfgNode#b95d9dbb/2@3bcd74i9.
[2026-10-08 00:57:21] (0s) Inferred that ControlFlowElements::isPropertyObserverElement/3#5d450422_21#join_rhs/2@84ff2dtf is empty, due to ControlFlowElements::isPropertyObserverElement/3#5d450422/3@e13a9f45.
[2026-10-08 00:57:21] (0s) Inferred that ControlFlowElements::isPropertyObserverElement/3#5d450422_201#join_rhs/3@24495568 is empty, due to ControlFlowElements::isPropertyObserverElement/3#5d450422/3@e13a9f45.
[2026-10-08 00:57:21] (0s) Inferred that DataFlowDispatch::TPropertyObserverCall#69bfce87/2@b19badt8 is empty, due to DataFlowDispatch::TPropertyObserverCall#dom#49335461/1@5bc236ge.
[2026-10-08 00:57:21] (0s) Inferred that CfgNodes::PropertyObserverCfgNode.getBase/0#dispred#aedf5acd/2@ecd3cevk is empty, due to CfgNodes::PropertyObserverCfgNode#b95d9dbb_10#join_rhs/2@18a569v0.
[2026-10-08 00:57:21] (0s) Inferred that CfgNodes::PropertyObserverCfgNode.getSource/0#dispred#6ff00d15/2@f6698bhe is empty, due to CfgNodes::PropertyObserverCfgNode#b95d9dbb_10#join_rhs/2@18a569v0.
[2026-10-08 00:57:21] (0s) Inferred that DataFlowPrivate::ObserverArgumentNode#48d34c5c/4@38c8588e is empty, due to CfgNodes::PropertyObserverCfgNode#b95d9dbb_10#join_rhs/2@18a569v0.
[2026-10-08 00:57:21] (0s) Inferred that DataFlowPrivate::PropertyObserverOutNode#ca34def2_120#join_rhs/3@54ff348m is empty, due to DataFlowPrivate::PropertyObserverOutNode#ca34def2/4@09513789.
[2026-10-08 00:57:21] (0s) Inferred that ControlFlowGraphImpl::Exprs::AssignExprs::AssignExprTree.hasWillSetObserver/0#dispred#4debab66/1@f42e12le is empty, due to ControlFlowElements::isPropertyObserverElement/3#5d450422_21#join_rhs/2@84ff2dtf.
[2026-10-08 00:57:21] (0s) Inferred that _ControlFlowElements::isPropertyObserverElement/3#5d450422_21#join_rhs_ControlFlowGraphImpl::Exprs::__#antijoin_rhs/2@b34472dn is empty, due to ControlFlowElements::isPropertyObserverElement/3#5d450422_21#join_rhs/2@84ff2dtf.
[2026-10-08 00:57:21] (0s) Inferred that cached_DataFlowDispatch::TPropertyObserverCall#69bfce87/2@b5fceb37 is empty, due to DataFlowDispatch::TPropertyObserverCall#69bfce87/2@b19badt8.
[2026-10-08 00:57:21] (0s) Inferred that CfgNodes::PropertyObserverCfgNode.getBase/0#dispred#aedf5acd_10#join_rhs/2@ed62e1nm is empty, due to CfgNodes::PropertyObserverCfgNode.getBase/0#dispred#aedf5acd/2@ecd3cevk.
[2026-10-08 00:57:21] (0s) Inferred that project#CfgNodes::PropertyObserverCfgNode.getBase/0#dispred#aedf5acd/1@d9839f4k is empty, due to CfgNodes::PropertyObserverCfgNode.getBase/0#dispred#aedf5acd/2@ecd3cevk.
[2026-10-08 00:57:21] (0s) Inferred that CfgNodes::PropertyObserverCfgNode.getSource/0#dispred#6ff00d15_10#join_rhs/2@8331aai9 is empty, due to CfgNodes::PropertyObserverCfgNode.getSource/0#dispred#6ff00d15/2@f6698bhe.
[2026-10-08 00:57:21] (0s)  >>> Full cache hit cached_ControlFlowElements::TPropertySetterElement#f65b7675/3@7ff723in with 981 rows and digest 7dcba9naq22m1e1aj4r8f2huv6d.
[2026-10-08 00:57:21] (0s)  >>> Full cache hit cached_ControlFlowElements::TPropertyGetterElement#0db15e1b/3@5a119bqg with 15 rows and digest 69194983bs1uv4u4s516md408lb.
[2026-10-08 00:57:21] (0s)  >>> First-level cache hit cached_ControlFlowElements::TClosureElement#53f0de6e/2@dd46f6f4 with empty relation.
[2026-10-08 00:57:21] (0s)  >>> Full cache hit cached_ControlFlowElements::TFuncDeclElement#bcf12d04/2@d32777u6 with 20105 rows and digest 0f128f6err6k5mriihkq4evpob6.
[2026-10-08 00:57:21] (0s) Inferred that ControlFlowGraphImpl::CfgScope::ClosureExprScope#5db317f5/2@ba11b60a is empty, due to cached_ControlFlowElements::TClosureElement#53f0de6e/2@dd46f6f4.
[2026-10-08 00:57:21] (0s)  >>> Full cache hit cached_ControlFlowElements::TControlFlowElement#4d34738d/1@22f33cs3 with 325986 rows and digest 652638ag7g8fgtmttjspacnpm27.
[2026-10-08 00:57:21] (0s)  >>> Full cache hit cached_ControlFlowElements::TNilCoalescingTestElement#66034683/2@463f7b9d with 1 rows and digest 23bd43gi907u0ig7e04i3hu3iq3.
[2026-10-08 00:57:21] (0s)  >>> Full cache hit cached_ControlFlowGraphImplSpecific::CfgImpl::Cached::TAstNode#e7ae24eb/4@be2828q9 with 86289 rows and digest adfea6v3f9k916fn1p4hh7f6rdf.
[2026-10-08 00:57:21] (0s)  >>> Full cache hit cached_BasicBlock::Make<Location::Location,BasicBlocks::BasicBlocksImpl::BasicBlockInputSig>::Cached::getNode/2#42d576bb/3@a6c71f86 with 146605 rows and digest fd3a60ivvu0fvugnidmv1q9ttt1.
[2026-10-08 00:57:21] (0s)  >>> Full cache hit cached_ControlFlowGraphImplSpecific::CfgImpl::Cached::Public::getNodeCfgScope/1#0b45c2c9/2@ea7627i9 with 146605 rows and digest c715e0knlf5dcefmoqr1pqidk2e.
[2026-10-08 00:57:21] (0s)  >>> Full cache hit cached_BasicBlock::Make<Location::Location,BasicBlocks::BasicBlocksImpl::BasicBlockInputSig>::Cached::TBasicBlockStart#02c52780/2@384b37dk with 20122 rows and digest 4918decjbksc8fa6iepp8un6vd1.
[2026-10-08 00:57:21] (0s)  >>> Full cache hit cached_ControlFlowGraphImplSpecific::CfgImpl::Cached::TEntryNode#e6ee8ac9/2@0b4600bf with 20105 rows and digest 1d5ca5t591jhf232ld8gnbhgo3b.
[2026-10-08 00:57:21] (0s)  >>> Full cache hit cached_BasicBlock::Make<Location::Location,BasicBlocks::BasicBlocksImpl::BasicBlockInputSig>::Cached::bbSuccessor/3#539ba761/3@c57bd0tg with 22 rows and digest 563a205afnqsq8dd5lq2k3d6uq3.
[2026-10-08 00:57:21] (0s)  >>> Full cache hit cached_Ssa::Ssa::SsaImpl::TWriteDef#3b20b0ad/4@201072cc with 7490 rows and digest 3f68c5g4t157299b9pjd01tmqt9.
[2026-10-08 00:57:21] (0s)  >>> Full cache hit cached_ControlFlowGraphImplSpecific::CfgImpl::Cached::TExitNode#2cfb98c2/2@ee14e6j9 with 20105 rows and digest bbfbfao84jsk0davs5t6oiibuuc.
[2026-10-08 00:57:21] (0s)  >>> Full cache hit cached_BasicBlock::Make<Location::Location,BasicBlocks::BasicBlocksImpl::BasicBlockInputSig>::Cached::bbIDominates/2#d13501c8/2@b06135n2 with 17 rows and digest 8aa530a296kflbqm6j86p76ah4e.
[2026-10-08 00:57:21] (0s)  >>> First-level cache hit cached_Ssa::Ssa::SsaImpl::TPhiNode#74b7f22f/3@dc996acp with empty relation.
[2026-10-08 00:57:21] (0s) Inferred that Ssa::Ssa::PhiDefinition#fb0c69c2/1@a502cbvj is empty, due to cached_Ssa::Ssa::SsaImpl::TPhiNode#74b7f22f/3@dc996acp.
[2026-10-08 00:57:21] (0s) Inferred that Ssa::Ssa::PhiDefinition.getLocation/0#dispred#f552fb31/2@2bc3d59s is empty, due to Ssa::Ssa::PhiDefinition#fb0c69c2/1@a502cbvj.
[2026-10-08 00:57:21] (0s) Inferred that Ssa::Ssa::SsaImpl::phiHasInputFromBlock/3#8364d335/3@e27e30h2 is empty, due to Ssa::Ssa::PhiDefinition#fb0c69c2/1@a502cbvj.
[2026-10-08 00:57:21] (0s) Inferred that cached_Ssa::Ssa::PhiDefinition#fb0c69c2/1@c9b154g5 is empty, due to Ssa::Ssa::PhiDefinition#fb0c69c2/1@a502cbvj.
[2026-10-08 00:57:21] (0s)  >>> Full cache hit cached_Ssa::Ssa::Definition.getARead/0#dispred#a01f3ad5/2@cdcef5ur with 11302 rows and digest c12fe2uhfs060vi4ctivgvra7cb.
[2026-10-08 00:57:21] (0s) Inferred that cached_Ssa::Ssa::PhiDefinition.getLocation/0#dispred#f552fb31/2@99bda0i6 is empty, due to Ssa::Ssa::PhiDefinition.getLocation/0#dispred#f552fb31/2@2bc3d59s.
[2026-10-08 00:57:21] (0s) Inferred that Ssa::Ssa::PhiDefinition.getAPhiInput/0#dispred#262caa39/2@694fffkh is empty, due to Ssa::Ssa::SsaImpl::phiHasInputFromBlock/3#8364d335/3@e27e30h2.
[2026-10-08 00:57:21] (0s) Inferred that Ssa::Ssa::PhiDefinition.getPhiInput/1#dispred#e054d283/3@83f656j8 is empty, due to Ssa::Ssa::SsaImpl::phiHasInputFromBlock/3#8364d335/3@e27e30h2.
[2026-10-08 00:57:21] (0s) Inferred that cached_Ssa::Ssa::PhiDefinition.getAPhiInput/0#dispred#262caa39/2@4e9935k2 is empty, due to Ssa::Ssa::PhiDefinition.getAPhiInput/0#dispred#262caa39/2@694fffkh.
[2026-10-08 00:57:21] (0s) Inferred that cached_Ssa::Ssa::PhiDefinition.getPhiInput/1#dispred#e054d283/3@47a061te is empty, due to Ssa::Ssa::PhiDefinition.getPhiInput/1#dispred#e054d283/3@83f656j8.
[2026-10-08 00:57:21] (0s) Inferred that Ssa::Ssa::PhiDefinition.getAPhiInput/0#dispred#262caa39_10#join_rhs/2@d0a68e0j is empty, due to cached_Ssa::Ssa::PhiDefinition.getAPhiInput/0#dispred#262caa39/2@4e9935k2.
[2026-10-08 00:57:21] (0s) Inferred that project#Ssa::Ssa::PhiDefinition.getAPhiInput/0#dispred#262caa39/1@a67fcdin is empty, due to cached_Ssa::Ssa::PhiDefinition.getAPhiInput/0#dispred#262caa39/2@4e9935k2.
[2026-10-08 00:57:21] (0s) Inferred that _Ssa::Ssa::Definition#e24717ec_Ssa::Ssa::PhiDefinition.getAPhiInput/0#dispred#262caa39#join_rhs/2@9658bf2b is empty, due to cached_Ssa::Ssa::PhiDefinition.getAPhiInput/0#dispred#262caa39/2@4e9935k2.
[2026-10-08 00:57:21] (0s)  >>> Full cache hit cached_AstNodeImpl::Impl::Cached::getEnclosingClosure/1#512cf739/2@d385cfus with 3 rows and digest cb9a1ejom21lrhq75fcd1a19mv4.
[2026-10-08 00:57:21] (0s)  >>> Full cache hit cached_Ssa::Ssa::WriteDefinition.assigns/1#dispred#4c1ee7cf/2@8f7de6rc with 1791 rows and digest 2aec5ef9jkr7ovotfk3fuk7jj50.
[2026-10-08 00:57:21] (0s)  >>> First-level cache hit cached_Synth::Synth::TDiagnostics#b2bc0e23/2@526db9rq with empty relation.
[2026-10-08 00:57:21] (0s) Inferred that Diagnostics::Generated::Diagnostics.getKind/0#dispred#4fd4fe27/2@ce3191h7 is empty, due to cached_Synth::Synth::TDiagnostics#b2bc0e23/2@526db9rq.
[2026-10-08 00:57:21] (0s) Inferred that Synth::Synth::TDiagnostics#b2bc0e23_1#antijoin_rhs/1@6daee6fa is empty, due to cached_Synth::Synth::TDiagnostics#b2bc0e23/2@526db9rq.
[2026-10-08 00:57:21] (0s) Inferred that Diagnostics::Generated::Diagnostics.getKind/0#dispred#4fd4fe27_10#join_rhs/2@6a4820ol is empty, due to Diagnostics::Generated::Diagnostics.getKind/0#dispred#4fd4fe27/2@ce3191h7.
[2026-10-08 00:57:21] (0s) Inferred that Diagnostics::Diagnostics.getSeverity/0#dispred#d7fe9947/2@431a6c0c is empty, due to Diagnostics::Generated::Diagnostics.getKind/0#dispred#4fd4fe27_10#join_rhs/2@6a4820ol.
[2026-10-08 00:57:21] (0s)  >>> Full cache hit cached_AstNodeImpl::Impl::Cached::getEnclosingFunction/1#2e41f4cc/2@e896a2tm with 167660 rows and digest 3732eeba95sngnaumjd5sq3gs83.
[2026-10-08 00:57:21] (0s)  >>> Full cache hit cached_Synth::Synth::TComment#24e6a7b0/2@1cee6cso with 2 rows and digest b2052con1ktber2jdgbk251nu94.
[2026-10-08 00:57:21] (0s)  >>> Full cache hit cached_Synth::Synth::TUnknownFile#a2d95cfc/1@571018cm with 1 rows and digest 74a1f8ep6jh3l82r3aqhukasgbf.
[2026-10-08 00:57:21] (0s)  >>> Full cache hit cached_Synth::Synth::TDbFile#b2c67645/2@e152167t with 696 rows and digest 6a3850nlv58ga98tvs2adsuc1d5.
[2026-10-08 00:57:21] (0s)  >>> Full cache hit cached_ExternalFlow::paramsString/1#68a41254/2@6c82b7l9 with 57176 rows and digest 47906d9teac32nrls83okalg5i0.
[2026-10-08 00:57:21] (0s)  >>> Full cache hit cached_Element::Element.toStringImpl/0#dispred#2ae35507/2@8aec5376 with 486567 rows and digest fb2bb5quou0brovu7rie9ji1gke.
[2026-10-08 00:57:21] (0s)  >>> Full cache hit cached_ControlFlowGraphImplSpecific::CfgImpl::Cached::getASuccessor/2#a5a1263d/3@8a8005p8 with 126505 rows and digest 8d59a3qgvbnfgcq9670rqc0nak5.
[2026-10-08 00:57:21] (0s)  >>> Full cache hit cached_Ssa::Ssa::Definition#e24717ec/1@a5bfebrt with 7490 rows and digest 2c032ch7dn74c2auef93ddam155.
[2026-10-08 00:57:21] (0s)  >>> Full cache hit cached_Ssa::Ssa::Definition.getAFirstRead/0#dispred#b39da5db/2@42ca3c6k with 7490 rows and digest 5c22efh1nm360amh7n918249dg3.
[2026-10-08 00:57:21] (0s)  >>> Full cache hit cached_Ssa::Ssa::Definition.adjacentReadPair/2#dispred#e68465cf/3@fd4501ab with 3812 rows and digest 71a648cp6j5vj8ojigqq5m0ck44.
[2026-10-08 00:57:21] (0s)  >>> Full cache hit cached_DataFlowImplCommon::Cached::nodeType/2#55be2913/2@0ca22c6c with 181169 rows and digest dada1am698bcre5fsc2qh9egkj2.
[2026-10-08 00:57:21] (0s)  >>> Full cache hit cached_DataFlowImplCommon::Cached::TParamReturnNode#73470433/3@7996dcgg with 3977 rows and digest c33528qds8vrgthupvs914b17p2.
[2026-10-08 00:57:21] (0s)  >>> Full cache hit cached_DataFlowImplCommon::Cached::TNodeNormal#28680480/2@a7b352j6 with 181169 rows and digest 2b5b0dnovvo17vpav160gqmneh7.
[2026-10-08 00:57:21] (0s)  >>> Full cache hit cached_DataFlowImplCommon::Cached::isTopType/1#5f4b5550/1@71a5f3m9 with 1 rows and digest 19f2cevarof1fbaqkctt3t43if4.
[2026-10-08 00:57:21] (0s)  >>> Full cache hit cached_DataFlowImplCommon::Cached::TNodeImplicitRead#bf2ca9dd/2@acf1bfnt with 181169 rows and digest 1001eb8d7u569jjpqm78u6u89hb.
[2026-10-08 00:57:21] (0s)  >>> Full cache hit cached_DataFlowPrivate::TSourceParameterNode#b0cc3b0c/2@b7360d9f with 85648 rows and digest 9d6292t9o5vvt1avs45ptu465i8.
[2026-10-08 00:57:21] (0s)  >>> Full cache hit cached_DataFlowPrivate::TExprNode#c082ac4f/3@b9adf8ik with 39349 rows and digest 1c84c7o4gcjpdafobamcjcfalt4.
[2026-10-08 00:57:21] (0s)  >>> Full cache hit cached_DataFlowPublic::localFlowStep/2#6f8207df/2@d42496no with 22522 rows and digest 73c185ng4ihllsh2k8c6ggom3h5.
[2026-10-08 00:57:21] (0s)  >>> First-level cache hit cached_ExternalFlow::sourceNode/3#ac6e4ba0/3@a6f2642b with empty relation.
[2026-10-08 00:57:21] (0s) Inferred that ExternalFlow::sourceNode/3#ac6e4ba0_10#join_rhs/2@6c311del is empty, due to cached_ExternalFlow::sourceNode/3#ac6e4ba0/3@a6f2642b.
[2026-10-08 00:57:21] (0s)  >>> Full cache hit cached_ExternalFlow::sinkNode/3#9459279b/3@c39fcdou with 2 rows and digest 490df7js5hh0kmooe236drkd7u1.
[2026-10-08 00:57:21] (0s)  >>> Full cache hit cached_DataFlowPrivate::TExprPostUpdateNode#32d392fa/2@f6ee0776 with 5599 rows and digest e7175eivr6vn1tb4h0d1rhmndk0.
[2026-10-08 00:57:21] (0s)  >>> Full cache hit cached_DataFlowPrivate::ParameterNodeImpl.isParameterOf/2#dispred#6fc2d227/3@c203a21k with 9266 rows and digest dc521aku96d2rq01064b7v7h404.
[2026-10-08 00:57:21] (0s)  >>> Full cache hit cached_DataFlowImplCommon::Cached::TValueReturn#28c7f1a4/2@ac6238c2 with 66 rows and digest 1a18857hl741mq48oeov9uk39t2.
[2026-10-08 00:57:21] (0s)  >>> Full cache hit cached_DataFlowImplCommon::Cached::TParamUpdate#c72decce/2@d4144emc with 4 rows and digest d67d984pk0q9725cehpc5srqle5.
[2026-10-08 00:57:21] (0s)  >>> Full cache hit cached_DataFlowImplCommon::Cached::allowParameterReturnInSelfEx/1#4534ea97/1@480329p8 with 149 rows and digest c9f622sqa208o9np3ud9e23uet1.
[2026-10-08 00:57:21] (0s)  >>> Full cache hit cached_DataFlowPrivate::TSingletonContent#7a03e3e2/2@fdef75ji with 18672 rows and digest f8950enmv144hcbs8ueacfi7gs0.
[2026-10-08 00:57:21] (0s)  >>> Full cache hit cached_DataFlowPrivate::TCollectionContent#9985595a/1@f04686qm with 1 rows and digest fc0a1fa602fm9vahh33mfs524a3.
[2026-10-08 00:57:21] (0s)  >>> Full cache hit cached_DataFlowPrivate::TFieldContent#27bb7cd4/2@9a4df8g4 with 18400 rows and digest 3dbe06uspv7ujgsbc9ov4sou815.
[2026-10-08 00:57:21] (0s)  >>> Full cache hit cached_DataFlowPrivate::TNode#36afb0b6/1@af00f2b8 with 181169 rows and digest df38cbs9nu0fk7slodnnh717hgb.
[2026-10-08 00:57:21] (0s)  >>> First-level cache hit cached_DataFlowImplCommon::Cached::viableImplInCallContextExt/2#8a7a72ee/3@969ae8f5 with empty relation.
[2026-10-08 00:57:21] (0s) Inferred that DataFlowImplCommon::Cached::viableImplInCallContextExt/2#8a7a72ee_102#join_rhs/3@d5dab7t2 is empty, due to cached_DataFlowImplCommon::Cached::viableImplInCallContextExt/2#8a7a72ee/3@969ae8f5.
[2026-10-08 00:57:21] (0s) Inferred that DataFlowImplCommon::Cached::viableImplInCallContextExt/2#8a7a72ee_021#join_rhs/3@fb6a87ep is empty, due to cached_DataFlowImplCommon::Cached::viableImplInCallContextExt/2#8a7a72ee/3@969ae8f5.
[2026-10-08 00:57:21] (0s) Inferred that flow::CorrectedFlow::Stage1::Stage1::viableImplInSomeFwdFlowCallContextExt/1#e6a94d5e/2@fecfcyh0 is empty, due to DataFlowImplCommon::Cached::viableImplInCallContextExt/2#8a7a72ee_102#join_rhs/3@d5dab7t2.
[2026-10-08 00:57:21] (0s) Inferred that flow::CorrectedFlow::Stage1::returnCallEdgeInCtx1/5#29a7e497/5@9be2b3va is empty, due to DataFlowImplCommon::Cached::viableImplInCallContextExt/2#8a7a72ee_021#join_rhs/3@fb6a87ep.
[2026-10-08 00:57:21] (0s) Inferred that DataFlowImplCommon::CallContextSensitivity<flow::CorrectedFlow::Flow::Stage3Param::CallContextSensitivityInput>::viableImplInCallContextExtIn/2#e271fa12/3@21f80ea5 is empty, due to DataFlowImplCommon::Cached::viableImplInCallContextExt/2#8a7a72ee_021#join_rhs/3@fb6a87ep.
[2026-10-08 00:57:21] (0s) Inferred that DataFlowImplCommon::CallContextSensitivity<flow::CorrectedFlow::Flow::Stage3Param::CallContextSensitivityInput>::viableImplInCallContextExtOut/2#cc7518f8/3@8c41e63a is empty, due to DataFlowImplCommon::Cached::viableImplInCallContextExt/2#8a7a72ee_021#join_rhs/3@fb6a87ep.
[2026-10-08 00:57:21] (0s) Inferred that DataFlowImplCommon::CallContextSensitivity<flow::CorrectedFlow::Flow::Stage5Param::CallContextSensitivityInput>::viableImplInCallContextExtIn/2#ea7e4766/3@45ca7a6a is empty, due to DataFlowImplCommon::Cached::viableImplInCallContextExt/2#8a7a72ee_021#join_rhs/3@fb6a87ep.
[2026-10-08 00:57:21] (0s) Inferred that DataFlowImplCommon::CallContextSensitivity<flow::CorrectedFlow::Flow::Stage5Param::CallContextSensitivityInput>::viableImplInCallContextExtOut/2#dfcdff99/3@63c18b3j is empty, due to DataFlowImplCommon::Cached::viableImplInCallContextExt/2#8a7a72ee_021#join_rhs/3@fb6a87ep.
[2026-10-08 00:57:21] (0s) Inferred that DataFlowImplCommon::CallContextSensitivity<flow::CorrectedFlow::Flow::Stage6Param::CallContextSensitivityInput>::viableImplInCallContextExtIn/2#3125f7a4/3@e41f78i8 is empty, due to DataFlowImplCommon::Cached::viableImplInCallContextExt/2#8a7a72ee_021#join_rhs/3@fb6a87ep.
[2026-10-08 00:57:21] (0s) Inferred that DataFlowImplCommon::CallContextSensitivity<flow::CorrectedFlow::Flow::Stage6Param::CallContextSensitivityInput>::viableImplInCallContextExtOut/2#ae054eb4/3@5676barv is empty, due to DataFlowImplCommon::Cached::viableImplInCallContextExt/2#8a7a72ee_021#join_rhs/3@fb6a87ep.
[2026-10-08 00:57:21] (0s) Inferred that project#flow::CorrectedFlow::Stage1::returnCallEdgeInCtx1/5#29a7e497/3@72aa6det is empty, due to flow::CorrectedFlow::Stage1::returnCallEdgeInCtx1/5#29a7e497/5@9be2b3va.
[2026-10-08 00:57:21] (0s) Inferred that flow::CorrectedFlow::Stage1::returnCallEdgeInCtx1/5#29a7e497_23401_1#count_range/6@265e9bdd is empty, due to flow::CorrectedFlow::Stage1::returnCallEdgeInCtx1/5#29a7e497/5@9be2b3va.
[2026-10-08 00:57:21] (0s) Inferred that project#DataFlowImplCommon::CallContextSensitivity<flow::CorrectedFlow::Flow::Stage3Param::CallContextSensitivityInput>::viableImplInCallContextExtIn/2#e271fa12/2@fe56ef66 is empty, due to DataFlowImplCommon::CallContextSensitivity<flow::CorrectedFlow::Flow::Stage3Param::CallContextSensitivityInput>::viableImplInCallContextExtIn/2#e271fa12/3@21f80ea5.
[2026-10-08 00:57:21] (0s) Inferred that _DataFlowImplCommon::CallContextSensitivity<flow::CorrectedFlow::Flow::Stage3Param::CallContextSensi__#join_rhs/3@c097c3nd is empty, due to DataFlowImplCommon::CallContextSensitivity<flow::CorrectedFlow::Flow::Stage3Param::CallContextSensitivityInput>::viableImplInCallContextExtIn/2#e271fa12/3@21f80ea5.
[2026-10-08 00:57:21] (0s) Inferred that DataFlowImplCommon::CallContextSensitivity<flow::CorrectedFlow::Flow::Stage3Param::CallContextSensitivityInput>::getAReducedViableEdge/1#a79704fa/2@95e470im is empty, due to DataFlowImplCommon::CallContextSensitivity<flow::CorrectedFlow::Flow::Stage3Param::CallContextSensitivityInput>::viableImplInCallContextExtIn/2#e271fa12/3@21f80ea5.
[2026-10-08 00:57:21] (0s) Inferred that project#DataFlowImplCommon::CallContextSensitivity<flow::CorrectedFlow::Flow::Stage3Param::CallContextSensitivityInput>::viableImplInCallContextExtOut/2#cc7518f8/2@46ff42ls is empty, due to DataFlowImplCommon::CallContextSensitivity<flow::CorrectedFlow::Flow::Stage3Param::CallContextSensitivityInput>::viableImplInCallContextExtOut/2#cc7518f8/3@8c41e63a.
[2026-10-08 00:57:21] (0s) Inferred that DataFlowImplCommon::CallContextSensitivity<flow::CorrectedFlow::Flow::Stage3Param::CallContextSensitivityInput>::viableImplInCallContextExtOut/2#cc7518f8_021#count_range/3@db12fdqp is empty, due to DataFlowImplCommon::CallContextSensitivity<flow::CorrectedFlow::Flow::Stage3Param::CallContextSensitivityInput>::viableImplInCallContextExtOut/2#cc7518f8/3@8c41e63a.
[2026-10-08 00:57:21] (0s) Inferred that project#DataFlowImplCommon::CallContextSensitivity<flow::CorrectedFlow::Flow::Stage5Param::CallContextSensitivityInput>::viableImplInCallContextExtIn/2#ea7e4766/2@bb1d36vu is empty, due to DataFlowImplCommon::CallContextSensitivity<flow::CorrectedFlow::Flow::Stage5Param::CallContextSensitivityInput>::viableImplInCallContextExtIn/2#ea7e4766/3@45ca7a6a.
[2026-10-08 00:57:21] (0s) Inferred that _DataFlowImplCommon::CallContextSensitivity<flow::CorrectedFlow::Flow::Stage5Param::CallContextSensi__#join_rhs/3@af5b47fo is empty, due to DataFlowImplCommon::CallContextSensitivity<flow::CorrectedFlow::Flow::Stage5Param::CallContextSensitivityInput>::viableImplInCallContextExtIn/2#ea7e4766/3@45ca7a6a.
[2026-10-08 00:57:21] (0s) Inferred that DataFlowImplCommon::CallContextSensitivity<flow::CorrectedFlow::Flow::Stage5Param::CallContextSensitivityInput>::getAReducedViableEdge/1#34336ba6/2@a057231n is empty, due to DataFlowImplCommon::CallContextSensitivity<flow::CorrectedFlow::Flow::Stage5Param::CallContextSensitivityInput>::viableImplInCallContextExtIn/2#ea7e4766/3@45ca7a6a.
[2026-10-08 00:57:21] (0s) Inferred that project#DataFlowImplCommon::CallContextSensitivity<flow::CorrectedFlow::Flow::Stage5Param::CallContextSensitivityInput>::viableImplInCallContextExtOut/2#dfcdff99/2@91a85014 is empty, due to DataFlowImplCommon::CallContextSensitivity<flow::CorrectedFlow::Flow::Stage5Param::CallContextSensitivityInput>::viableImplInCallContextExtOut/2#dfcdff99/3@63c18b3j.
[2026-10-08 00:57:21] (0s) Inferred that DataFlowImplCommon::CallContextSensitivity<flow::CorrectedFlow::Flow::Stage5Param::CallContextSensitivityInput>::viableImplInCallContextExtOut/2#dfcdff99_021#count_range/3@7b7173r6 is empty, due to DataFlowImplCommon::CallContextSensitivity<flow::CorrectedFlow::Flow::Stage5Param::CallContextSensitivityInput>::viableImplInCallContextExtOut/2#dfcdff99/3@63c18b3j.
[2026-10-08 00:57:21] (0s) Inferred that project#DataFlowImplCommon::CallContextSensitivity<flow::CorrectedFlow::Flow::Stage6Param::CallContextSensitivityInput>::viableImplInCallContextExtIn/2#3125f7a4/2@f79ec9m1 is empty, due to DataFlowImplCommon::CallContextSensitivity<flow::CorrectedFlow::Flow::Stage6Param::CallContextSensitivityInput>::viableImplInCallContextExtIn/2#3125f7a4/3@e41f78i8.
[2026-10-08 00:57:21] (0s) Inferred that _DataFlowImplCommon::CallContextSensitivity<flow::CorrectedFlow::Flow::Stage6Param::CallContextSensi__#join_rhs/3@900e05t2 is empty, due to DataFlowImplCommon::CallContextSensitivity<flow::CorrectedFlow::Flow::Stage6Param::CallContextSensitivityInput>::viableImplInCallContextExtIn/2#3125f7a4/3@e41f78i8.
[2026-10-08 00:57:21] (0s) Inferred that DataFlowImplCommon::CallContextSensitivity<flow::CorrectedFlow::Flow::Stage6Param::CallContextSensitivityInput>::getAReducedViableEdge/1#99443c7a/2@8f8aaf98 is empty, due to DataFlowImplCommon::CallContextSensitivity<flow::CorrectedFlow::Flow::Stage6Param::CallContextSensitivityInput>::viableImplInCallContextExtIn/2#3125f7a4/3@e41f78i8.
[2026-10-08 00:57:21] (0s) Inferred that project#DataFlowImplCommon::CallContextSensitivity<flow::CorrectedFlow::Flow::Stage6Param::CallContextSensitivityInput>::viableImplInCallContextExtOut/2#ae054eb4/2@169d1518 is empty, due to DataFlowImplCommon::CallContextSensitivity<flow::CorrectedFlow::Flow::Stage6Param::CallContextSensitivityInput>::viableImplInCallContextExtOut/2#ae054eb4/3@5676barv.
[2026-10-08 00:57:21] (0s) Inferred that DataFlowImplCommon::CallContextSensitivity<flow::CorrectedFlow::Flow::Stage6Param::CallContextSensitivityInput>::viableImplInCallContextExtOut/2#ae054eb4_021#count_range/3@575df15a is empty, due to DataFlowImplCommon::CallContextSensitivity<flow::CorrectedFlow::Flow::Stage6Param::CallContextSensitivityInput>::viableImplInCallContextExtOut/2#ae054eb4/3@5676barv.
[2026-10-08 00:57:21] (0s) Inferred that _flow::CorrectedFlow::Stage1::returnCallEdgeInCtx1/5#29a7e497_23401_1#count_range#join_rhs/4@07cfa4nn is empty, due to flow::CorrectedFlow::Stage1::returnCallEdgeInCtx1/5#29a7e497_23401_1#count_range/6@265e9bdd.
[2026-10-08 00:57:21] (0s) Inferred that DataFlowImplCommon::CallContextSensitivity<flow::CorrectedFlow::Flow::Stage3Param::CallContextSensitivityInput>::DispatchSets::getSet#bc310d1e/2@8ef9fah4 is empty, due to DataFlowImplCommon::CallContextSensitivity<flow::CorrectedFlow::Flow::Stage3Param::CallContextSensitivityInput>::getAReducedViableEdge/1#a79704fa/2@95e470im.
[2026-10-08 00:57:21] (0s) Inferred that _DataFlowImplCommon::CallContextSensitivity<flow::CorrectedFlow::Flow::Stage3Param::CallContextSensi__#join_rhs#1/3@cc587fnv is empty, due to DataFlowImplCommon::CallContextSensitivity<flow::CorrectedFlow::Flow::Stage3Param::CallContextSensitivityInput>::viableImplInCallContextExtOut/2#cc7518f8_021#count_range/3@db12fdqp.
[2026-10-08 00:57:21] (0s) Inferred that DataFlowImplCommon::CallContextSensitivity<flow::CorrectedFlow::Flow::Stage3Param::CallContextSensitivityInput>::PrunedViableImpl<DefaultPrunedViableImplInput>::viableImplCallContextReducedReverse/2#77dd5beb/3@8d1ca6qu is empty, due to DataFlowImplCommon::CallContextSensitivity<flow::CorrectedFlow::Flow::Stage3Param::CallContextSensitivityInput>::viableImplInCallContextExtOut/2#cc7518f8_021#count_range/3@db12fdqp.
[2026-10-08 00:57:21] (0s)  >>> Full cache hit cached_DataFlowImplCommon::Cached::readEx/3#94be43b3/3@f06134da with 647 rows and digest b63bc532cis1vnr6qo6o8ru233d.
[2026-10-08 00:57:21] (0s) Inferred that DataFlowImplCommon::CallContextSensitivity<flow::CorrectedFlow::Flow::Stage5Param::CallContextSensitivityInput>::DispatchSets::getSet#77bd38d3/2@bdd3a99d is empty, due to DataFlowImplCommon::CallContextSensitivity<flow::CorrectedFlow::Flow::Stage5Param::CallContextSensitivityInput>::getAReducedViableEdge/1#34336ba6/2@a057231n.
[2026-10-08 00:57:21] (0s) Inferred that _DataFlowImplCommon::CallContextSensitivity<flow::CorrectedFlow::Flow::Stage5Param::CallContextSensi__#join_rhs#1/3@204272ib is empty, due to DataFlowImplCommon::CallContextSensitivity<flow::CorrectedFlow::Flow::Stage5Param::CallContextSensitivityInput>::viableImplInCallContextExtOut/2#dfcdff99_021#count_range/3@7b7173r6.
[2026-10-08 00:57:21] (0s) Inferred that DataFlowImplCommon::CallContextSensitivity<flow::CorrectedFlow::Flow::Stage5Param::CallContextSensitivityInput>::PrunedViableImpl<DefaultPrunedViableImplInput>::viableImplCallContextReducedReverse/2#45549980/3@0652916c is empty, due to DataFlowImplCommon::CallContextSensitivity<flow::CorrectedFlow::Flow::Stage5Param::CallContextSensitivityInput>::viableImplInCallContextExtOut/2#dfcdff99_021#count_range/3@7b7173r6.
[2026-10-08 00:57:21] (0s) Inferred that DataFlowImplCommon::CallContextSensitivity<flow::CorrectedFlow::Flow::Stage6Param::CallContextSensitivityInput>::DispatchSets::getSet#1decad5f/2@02ede3h6 is empty, due to DataFlowImplCommon::CallContextSensitivity<flow::CorrectedFlow::Flow::Stage6Param::CallContextSensitivityInput>::getAReducedViableEdge/1#99443c7a/2@8f8aaf98.
[2026-10-08 00:57:21] (0s) Inferred that _DataFlowImplCommon::CallContextSensitivity<flow::CorrectedFlow::Flow::Stage6Param::CallContextSensi__#join_rhs#1/3@30375f27 is empty, due to DataFlowImplCommon::CallContextSensitivity<flow::CorrectedFlow::Flow::Stage6Param::CallContextSensitivityInput>::viableImplInCallContextExtOut/2#ae054eb4_021#count_range/3@575df15a.
[2026-10-08 00:57:21] (0s) Inferred that DataFlowImplCommon::CallContextSensitivity<flow::CorrectedFlow::Flow::Stage6Param::CallContextSensitivityInput>::PrunedViableImpl<DefaultPrunedViableImplInput>::viableImplCallContextReducedReverse/2#70b8f69d/3@76b111gp is empty, due to DataFlowImplCommon::CallContextSensitivity<flow::CorrectedFlow::Flow::Stage6Param::CallContextSensitivityInput>::viableImplInCallContextExtOut/2#ae054eb4_021#count_range/3@575df15a.
[2026-10-08 00:57:21] (0s) Inferred that DataFlowImplCommon::CallContextSensitivity<flow::CorrectedFlow::Flow::Stage3Param::CallContextSensitivityInput>::DispatchSets::Set.contains#cb2bf61b/2@f5e0604i is empty, due to DataFlowImplCommon::CallContextSensitivity<flow::CorrectedFlow::Flow::Stage3Param::CallContextSensitivityInput>::DispatchSets::getSet#bc310d1e/2@8ef9fah4.
[2026-10-08 00:57:21] (0s) Inferred that DataFlowImplCommon::CallContextSensitivity<flow::CorrectedFlow::Flow::Stage3Param::CallContextSensitivityInput>::DispatchSetsOption::TSome#dom#d9a53695/1@e08b60a0 is empty, due to DataFlowImplCommon::CallContextSensitivity<flow::CorrectedFlow::Flow::Stage3Param::CallContextSensitivityInput>::DispatchSets::getSet#bc310d1e/2@8ef9fah4.
[2026-10-08 00:57:21] (0s) Inferred that DataFlowImplCommon::CallContextSensitivity<flow::CorrectedFlow::Flow::Stage3Param::CallContextSensitivityInput>::DispatchSets::getSet#bc310d1e_0#antijoin_rhs/1@e29625lb is empty, due to DataFlowImplCommon::CallContextSensitivity<flow::CorrectedFlow::Flow::Stage3Param::CallContextSensitivityInput>::DispatchSets::getSet#bc310d1e/2@8ef9fah4.
[2026-10-08 00:57:21] (0s) Inferred that DataFlowImplCommon::CallContextSensitivity<flow::CorrectedFlow::Flow::Stage3Param::CallContextSensitivityInput>::PrunedViableImpl<DefaultPrunedViableImplInput>::viableImplCallContextReducedReverse/2#77dd5beb_021#join_rhs/3@6d46eft2 is empty, due to DataFlowImplCommon::CallContextSensitivity<flow::CorrectedFlow::Flow::Stage3Param::CallContextSensitivityInput>::PrunedViableImpl<DefaultPrunedViableImplInput>::viableImplCallContextReducedReverse/2#77dd5beb/3@8d1ca6qu.
[2026-10-08 00:57:21] (0s) Inferred that DataFlowImplCommon::CallContextSensitivity<flow::CorrectedFlow::Flow::Stage5Param::CallContextSensitivityInput>::DispatchSets::Set.contains#9a44cdc6/2@1619d7hq is empty, due to DataFlowImplCommon::CallContextSensitivity<flow::CorrectedFlow::Flow::Stage5Param::CallContextSensitivityInput>::DispatchSets::getSet#77bd38d3/2@bdd3a99d.
[2026-10-08 00:57:21] (0s) Inferred that DataFlowImplCommon::CallContextSensitivity<flow::CorrectedFlow::Flow::Stage5Param::CallContextSensitivityInput>::DispatchSetsOption::TSome#dom#be312676/1@f28fe1m1 is empty, due to DataFlowImplCommon::CallContextSensitivity<flow::CorrectedFlow::Flow::Stage5Param::CallContextSensitivityInput>::DispatchSets::getSet#77bd38d3/2@bdd3a99d.
[2026-10-08 00:57:21] (0s) Inferred that DataFlowImplCommon::CallContextSensitivity<flow::CorrectedFlow::Flow::Stage5Param::CallContextSensitivityInput>::DispatchSets::getSet#77bd38d3_0#antijoin_rhs/1@ac5c9cri is empty, due to DataFlowImplCommon::CallContextSensitivity<flow::CorrectedFlow::Flow::Stage5Param::CallContextSensitivityInput>::DispatchSets::getSet#77bd38d3/2@bdd3a99d.
[2026-10-08 00:57:21] (0s) Inferred that DataFlowImplCommon::CallContextSensitivity<flow::CorrectedFlow::Flow::Stage5Param::CallContextSensitivityInput>::PrunedViableImpl<DefaultPrunedViableImplInput>::viableImplCallContextReducedReverse/2#45549980_021#join_rhs/3@bb52c3uj is empty, due to DataFlowImplCommon::CallContextSensitivity<flow::CorrectedFlow::Flow::Stage5Param::CallContextSensitivityInput>::PrunedViableImpl<DefaultPrunedViableImplInput>::viableImplCallContextReducedReverse/2#45549980/3@0652916c.
[2026-10-08 00:57:21] (0s) Inferred that DataFlowImplCommon::CallContextSensitivity<flow::CorrectedFlow::Flow::Stage6Param::CallContextSensitivityInput>::DispatchSets::Set.contains#e3a22de7/2@259351jd is empty, due to DataFlowImplCommon::CallContextSensitivity<flow::CorrectedFlow::Flow::Stage6Param::CallContextSensitivityInput>::DispatchSets::getSet#1decad5f/2@02ede3h6.
[2026-10-08 00:57:21] (0s) Inferred that DataFlowImplCommon::CallContextSensitivity<flow::CorrectedFlow::Flow::Stage6Param::CallContextSensitivityInput>::DispatchSetsOption::TSome#dom#e6acd135/1@d7aa8aou is empty, due to DataFlowImplCommon::CallContextSensitivity<flow::CorrectedFlow::Flow::Stage6Param::CallContextSensitivityInput>::DispatchSets::getSet#1decad5f/2@02ede3h6.
[2026-10-08 00:57:21] (0s) Inferred that DataFlowImplCommon::CallContextSensitivity<flow::CorrectedFlow::Flow::Stage6Param::CallContextSensitivityInput>::DispatchSets::getSet#1decad5f_0#antijoin_rhs/1@a812352k is empty, due to DataFlowImplCommon::CallContextSensitivity<flow::CorrectedFlow::Flow::Stage6Param::CallContextSensitivityInput>::DispatchSets::getSet#1decad5f/2@02ede3h6.
[2026-10-08 00:57:21] (0s) Inferred that DataFlowImplCommon::CallContextSensitivity<flow::CorrectedFlow::Flow::Stage6Param::CallContextSensitivityInput>::PrunedViableImpl<DefaultPrunedViableImplInput>::viableImplCallContextReducedReverse/2#70b8f69d_021#join_rhs/3@09c8da7l is empty, due to DataFlowImplCommon::CallContextSensitivity<flow::CorrectedFlow::Flow::Stage6Param::CallContextSensitivityInput>::PrunedViableImpl<DefaultPrunedViableImplInput>::viableImplCallContextReducedReverse/2#70b8f69d/3@76b111gp.
[2026-10-08 00:57:21] (0s) Inferred that DataFlowImplCommon::CallContextSensitivity<flow::CorrectedFlow::Flow::Stage3Param::CallContextSensitivityInput>::PrunedViableImpl<DefaultPrunedViableImplInput>::viableImplCallContextReduced/2#dc6fed50/3@696e33li is empty, due to DataFlowImplCommon::CallContextSensitivity<flow::CorrectedFlow::Flow::Stage3Param::CallContextSensitivityInput>::DispatchSets::Set.contains#cb2bf61b/2@f5e0604i.
[2026-10-08 00:57:21] (0s) Inferred that num#DataFlowImplCommon::CallContextSensitivity<flow::CorrectedFlow::Flow::Stage3Param::CallContextSensitivityInput>::DispatchSetsOption::TSome#2431bdbf/2@7f9507cg is empty, due to DataFlowImplCommon::CallContextSensitivity<flow::CorrectedFlow::Flow::Stage3Param::CallContextSensitivityInput>::DispatchSetsOption::TSome#dom#d9a53695/1@e08b60a0.
[2026-10-08 00:57:21] (0s) Inferred that flow::CorrectedFlow::Flow::Stage3::viableImplCallContextReducedReverseRestricted/2#d80853cd/3@3647d7d5 is empty, due to DataFlowImplCommon::CallContextSensitivity<flow::CorrectedFlow::Flow::Stage3Param::CallContextSensitivityInput>::PrunedViableImpl<DefaultPrunedViableImplInput>::viableImplCallContextReducedReverse/2#77dd5beb_021#join_rhs/3@6d46eft2.
[2026-10-08 00:57:21] (0s) Inferred that DataFlowImplCommon::CallContextSensitivity<flow::CorrectedFlow::Flow::Stage5Param::CallContextSensitivityInput>::PrunedViableImpl<DefaultPrunedViableImplInput>::viableImplCallContextReduced/2#bd9e0154/3@1c8196cv is empty, due to DataFlowImplCommon::CallContextSensitivity<flow::CorrectedFlow::Flow::Stage5Param::CallContextSensitivityInput>::DispatchSets::Set.contains#9a44cdc6/2@1619d7hq.
[2026-10-08 00:57:21] (0s) Inferred that num#DataFlowImplCommon::CallContextSensitivity<flow::CorrectedFlow::Flow::Stage5Param::CallContextSensitivityInput>::DispatchSetsOption::TSome#adb3140b/2@7f7c83dg is empty, due to DataFlowImplCommon::CallContextSensitivity<flow::CorrectedFlow::Flow::Stage5Param::CallContextSensitivityInput>::DispatchSetsOption::TSome#dom#be312676/1@f28fe1m1.
[2026-10-08 00:57:21] (0s) Inferred that flow::CorrectedFlow::Flow::Stage5::viableImplCallContextReducedReverseRestricted/2#57526513/3@626f76c3 is empty, due to DataFlowImplCommon::CallContextSensitivity<flow::CorrectedFlow::Flow::Stage5Param::CallContextSensitivityInput>::PrunedViableImpl<DefaultPrunedViableImplInput>::viableImplCallContextReducedReverse/2#45549980_021#join_rhs/3@bb52c3uj.
[2026-10-08 00:57:21] (0s) Inferred that DataFlowImplCommon::CallContextSensitivity<flow::CorrectedFlow::Flow::Stage6Param::CallContextSensitivityInput>::PrunedViableImpl<DefaultPrunedViableImplInput>::viableImplCallContextReduced/2#2afc741e/3@ab5edc1u is empty, due to DataFlowImplCommon::CallContextSensitivity<flow::CorrectedFlow::Flow::Stage6Param::CallContextSensitivityInput>::DispatchSets::Set.contains#e3a22de7/2@259351jd.
[2026-10-08 00:57:21] (0s) Inferred that num#DataFlowImplCommon::CallContextSensitivity<flow::CorrectedFlow::Flow::Stage6Param::CallContextSensitivityInput>::DispatchSetsOption::TSome#10b6f678/2@f6573872 is empty, due to DataFlowImplCommon::CallContextSensitivity<flow::CorrectedFlow::Flow::Stage6Param::CallContextSensitivityInput>::DispatchSetsOption::TSome#dom#e6acd135/1@d7aa8aou.
[2026-10-08 00:57:21] (0s) Inferred that flow::CorrectedFlow::Flow::Stage6::viableImplCallContextReducedReverseRestricted/2#a7e94b18/3@76cb386e is empty, due to DataFlowImplCommon::CallContextSensitivity<flow::CorrectedFlow::Flow::Stage6Param::CallContextSensitivityInput>::PrunedViableImpl<DefaultPrunedViableImplInput>::viableImplCallContextReducedReverse/2#70b8f69d_021#join_rhs/3@09c8da7l.
[2026-10-08 00:57:21] (0s) Inferred that flow::CorrectedFlow::Flow::Stage3::FwdFlowInNoThrough::viableImplCallContextReducedRestricted/2#2297cae3/3@91f5a4fq is empty, due to DataFlowImplCommon::CallContextSensitivity<flow::CorrectedFlow::Flow::Stage3Param::CallContextSensitivityInput>::PrunedViableImpl<DefaultPrunedViableImplInput>::viableImplCallContextReduced/2#dc6fed50/3@696e33li.
[2026-10-08 00:57:21] (0s) Inferred that flow::CorrectedFlow::Flow::Stage3::FwdFlowInThrough::viableImplCallContextReducedRestricted/2#90f4b4b5/3@22a706ho is empty, due to DataFlowImplCommon::CallContextSensitivity<flow::CorrectedFlow::Flow::Stage3Param::CallContextSensitivityInput>::PrunedViableImpl<DefaultPrunedViableImplInput>::viableImplCallContextReduced/2#dc6fed50/3@696e33li.
[2026-10-08 00:57:21] (0s) Inferred that DataFlowImplCommon::CallContextSensitivity<flow::CorrectedFlow::Flow::Stage3Param::CallContextSensitivityInput>::DispatchSet.asSome/0#dispred#90b14f74/2@9a310a6f is empty, due to num#DataFlowImplCommon::CallContextSensitivity<flow::CorrectedFlow::Flow::Stage3Param::CallContextSensitivityInput>::DispatchSetsOption::TSome#2431bdbf/2@7f9507cg.
[2026-10-08 00:57:21] (0s) Inferred that flow::CorrectedFlow::Flow::Stage5::FwdFlowInNoThrough::viableImplCallContextReducedRestricted/2#ecc0cebe/3@bcb80d4p is empty, due to DataFlowImplCommon::CallContextSensitivity<flow::CorrectedFlow::Flow::Stage5Param::CallContextSensitivityInput>::PrunedViableImpl<DefaultPrunedViableImplInput>::viableImplCallContextReduced/2#bd9e0154/3@1c8196cv.
[2026-10-08 00:57:21] (0s) Inferred that flow::CorrectedFlow::Flow::Stage5::FwdFlowInThrough::viableImplCallContextReducedRestricted/2#bd094c96/3@cc24cd0i is empty, due to DataFlowImplCommon::CallContextSensitivity<flow::CorrectedFlow::Flow::Stage5Param::CallContextSensitivityInput>::PrunedViableImpl<DefaultPrunedViableImplInput>::viableImplCallContextReduced/2#bd9e0154/3@1c8196cv.
[2026-10-08 00:57:21] (0s) Inferred that DataFlowImplCommon::CallContextSensitivity<flow::CorrectedFlow::Flow::Stage5Param::CallContextSensitivityInput>::DispatchSet.asSome/0#dispred#5344727c/2@72b17ftk is empty, due to num#DataFlowImplCommon::CallContextSensitivity<flow::CorrectedFlow::Flow::Stage5Param::CallContextSensitivityInput>::DispatchSetsOption::TSome#adb3140b/2@7f7c83dg.
[2026-10-08 00:57:21] (0s) Inferred that flow::CorrectedFlow::Flow::Stage6::FwdFlowInNoThrough::viableImplCallContextReducedRestricted/2#5e7398a3/3@0bc805e6 is empty, due to DataFlowImplCommon::CallContextSensitivity<flow::CorrectedFlow::Flow::Stage6Param::CallContextSensitivityInput>::PrunedViableImpl<DefaultPrunedViableImplInput>::viableImplCallContextReduced/2#2afc741e/3@ab5edc1u.
[2026-10-08 00:57:21] (0s) Inferred that flow::CorrectedFlow::Flow::Stage6::FwdFlowInThrough::viableImplCallContextReducedRestricted/2#cc5413ab/3@8d381a0n is empty, due to DataFlowImplCommon::CallContextSensitivity<flow::CorrectedFlow::Flow::Stage6Param::CallContextSensitivityInput>::PrunedViableImpl<DefaultPrunedViableImplInput>::viableImplCallContextReduced/2#2afc741e/3@ab5edc1u.
[2026-10-08 00:57:21] (0s) Inferred that DataFlowImplCommon::CallContextSensitivity<flow::CorrectedFlow::Flow::Stage6Param::CallContextSensitivityInput>::DispatchSet.asSome/0#dispred#27d64d20/2@e42cbalm is empty, due to num#DataFlowImplCommon::CallContextSensitivity<flow::CorrectedFlow::Flow::Stage6Param::CallContextSensitivityInput>::DispatchSetsOption::TSome#10b6f678/2@f6573872.
[2026-10-08 00:57:21] (0s) Inferred that DataFlowImplCommon::CallContextSensitivity<flow::CorrectedFlow::Flow::Stage3Param::CallContextSensitivityInput>::DispatchSet.asSome/0#dispred#90b14f74_10#join_rhs/2@98f6d3sb is empty, due to DataFlowImplCommon::CallContextSensitivity<flow::CorrectedFlow::Flow::Stage3Param::CallContextSensitivityInput>::DispatchSet.asSome/0#dispred#90b14f74/2@9a310a6f.
[2026-10-08 00:57:21] (0s) Inferred that DataFlowImplCommon::CallContextSensitivity<flow::CorrectedFlow::Flow::Stage5Param::CallContextSensitivityInput>::DispatchSet.asSome/0#dispred#5344727c_10#join_rhs/2@bbe6aepk is empty, due to DataFlowImplCommon::CallContextSensitivity<flow::CorrectedFlow::Flow::Stage5Param::CallContextSensitivityInput>::DispatchSet.asSome/0#dispred#5344727c/2@72b17ftk.
[2026-10-08 00:57:21] (0s) Inferred that DataFlowImplCommon::CallContextSensitivity<flow::CorrectedFlow::Flow::Stage6Param::CallContextSensitivityInput>::DispatchSet.asSome/0#dispred#27d64d20_10#join_rhs/2@36ad55mq is empty, due to DataFlowImplCommon::CallContextSensitivity<flow::CorrectedFlow::Flow::Stage6Param::CallContextSensitivityInput>::DispatchSet.asSome/0#dispred#27d64d20/2@e42cbalm.
[2026-10-08 00:57:21] (0s)  >>> Full cache hit cached_DataFlowImplCommon::Cached::viableParamArgEx/3#db135854/3@2a067f3l with 3431 rows and digest 66685b4sv1i312v9js3cnqb6pg9.
[2026-10-08 00:57:21] (0s)  >>> Full cache hit cached_DataFlowPrivate::TContent#e25a891b/1@6d3f5a5m with 18672 rows and digest c5f018sjqsclnnbqqu9fo5t8r65.
[2026-10-08 00:57:21] (0s)  >>> Full cache hit cached_DataFlowImplCommon::Cached::viableReturnPosOutEx/3#fecc0bfe/3@49c4f1uu with 3441 rows and digest bbf75794a0mubvfe4vltsr4o7qb.
[2026-10-08 00:57:21] (0s)  >>> Full cache hit cached_DataFlowImplCommon::Cached::storeEx/5#e88e0e77/5@396081k4 with 2032 rows and digest acd895vvtbsjqgamr66hbaivh2b.
[2026-10-08 00:57:21] (0s)  >>> First-level cache hit cached_DataFlowPrivate::TUserDefaultsState#61e16b0f/4@c52259js with empty relation.
[2026-10-08 00:57:21] (0s) Inferred that DataFlowPrivate::TUserDefaultsState#61e16b0f_23#join_rhs/2@d393a66o is empty, due to cached_DataFlowPrivate::TUserDefaultsState#61e16b0f/4@c52259js.
[2026-10-08 00:57:21] (0s) Inferred that DataFlowPrivate::TUserDefaultsState#61e16b0f_31#join_rhs/2@b1fd349h is empty, due to cached_DataFlowPrivate::TUserDefaultsState#61e16b0f/4@c52259js.
[2026-10-08 00:57:21] (0s) Inferred that DataFlowPrivate::TUserDefaultsState#61e16b0f_30#join_rhs/2@704c5dgh is empty, due to cached_DataFlowPrivate::TUserDefaultsState#61e16b0f/4@c52259js.
[2026-10-08 00:57:21] (0s) Inferred that DataFlowPrivate::TUserDefaultsState#61e16b0f_13#join_rhs/2@20f72elc is empty, due to cached_DataFlowPrivate::TUserDefaultsState#61e16b0f/4@c52259js.
[2026-10-08 00:57:21] (0s) Inferred that DataFlowPrivate::TUserDefaultsState#61e16b0f_03#join_rhs/2@50322375 is empty, due to cached_DataFlowPrivate::TUserDefaultsState#61e16b0f/4@c52259js.
[2026-10-08 00:57:21] (0s) Inferred that _DataFlowPrivate::TUserDefaultsState#61e16b0f#antijoin_rhs/1@893c6cik is empty, due to cached_DataFlowPrivate::TUserDefaultsState#61e16b0f/4@c52259js.
[2026-10-08 00:57:21] (0s)  >>> First-level cache hit cached_DataFlowImplCommon::Cached::jumpStepCached/2#8cb6371b/2@58e46055 with empty relation.
[2026-10-08 00:57:21] (0s) Inferred that flow::CorrectedFlow::Stage1::jumpStepEx1/2#3613705e/2@3d1cb4or is empty, due to cached_DataFlowImplCommon::Cached::jumpStepCached/2#8cb6371b/2@58e46055.
[2026-10-08 00:57:21] (0s) Inferred that project#flow::CorrectedFlow::Stage1::jumpStepEx1/2#3613705e/1@26520bm9 is empty, due to flow::CorrectedFlow::Stage1::jumpStepEx1/2#3613705e/2@3d1cb4or.
[2026-10-08 00:57:21] (0s) Inferred that flow::CorrectedFlow::Stage1::jumpStepEx1/2#3613705e_10#join_rhs/2@23b80779 is empty, due to flow::CorrectedFlow::Stage1::jumpStepEx1/2#3613705e/2@3d1cb4or.
[2026-10-08 00:57:21] (0s)  >>> Full cache hit cached_DataFlowPrivate::TFlowSummaryNode#42a164d7/2@67d27fhr with 5195 rows and digest 1a1906fhj9jvl7cgo866qcjpts9.
[2026-10-08 00:57:21] (0s)  >>> Full cache hit cached_DataFlowPrivate::TContentSet#bf3c326b/1@022155sv with 18672 rows and digest c5f018sjqsclnnbqqu9fo5t8r65.
[2026-10-08 00:57:21] (0s)  >>> Full cache hit cached_DataFlowDispatch::TParameterPosition#1a4deeba/1@96506e21 with 4 rows and digest 928b83hvk542icmije6r2cktl88.
[2026-10-08 00:57:21] (0s)  >>> Full cache hit cached_DataFlowDispatch::TArgumentPosition#86c1e9dc/1@416777a5 with 4 rows and digest 928b83hvk542icmije6r2cktl88.
[2026-10-08 00:57:21] (0s)  >>> Full cache hit cached_DataFlowDispatch::TThisArgument#7a2f447e/1@e7e28f62 with 1 rows and digest 10952drg6dialitmaeap0ujtdf7.
[2026-10-08 00:57:21] (0s)  >>> Full cache hit cached_DataFlowDispatch::TThisParameter#c2a2f2e0/1@8acab3hv with 1 rows and digest 10952drg6dialitmaeap0ujtdf7.
[2026-10-08 00:57:21] (0s)  >>> Full cache hit cached_DataFlowDispatch::TPositionalArgument#e853b9fb/2@5dac22lb with 3 rows and digest 708106p3vnjme7v4hq2k6s8qqf3.
[2026-10-08 00:57:21] (0s)  >>> Full cache hit cached_DataFlowDispatch::TPositionalParameter#81d303e0/2@8a2af1jn with 3 rows and digest 708106p3vnjme7v4hq2k6s8qqf3.
[2026-10-08 00:57:21] (0s)  >>> First-level cache hit cached_DataFlowPrivate::TUserDefaultsContent#e49369ce/2@a243100t with empty relation.
[2026-10-08 00:57:21] (0s)  >>> Full cache hit cached_DataFlowPrivate::TEnumContent#6f10ced6/2@3fe1f38j with 271 rows and digest 260c17u4unvt9a2h4i5mhpc31se.
[2026-10-08 00:57:21] (0s)  >>> First-level cache hit cached_DataFlowPrivate::TCaptureNode#03a5c1aa/2@28464eaa with empty relation.
[2026-10-08 00:57:21] (0s)  >>> Full cache hit cached_DataFlowPrivate::TDictionarySubscriptNode#bb14851e/2@e584ce95 with 1 rows and digest 3a9043c7h16a7uc2phhldd4vf96.
[2026-10-08 00:57:21] (0s)  >>> Full cache hit cached_DataFlowPrivate::TPatternNode#da658430/3@2bd21dfd with 6 rows and digest e5a4b552aku36hf558pvgmnd2u7.
[2026-10-08 00:57:21] (0s)  >>> Full cache hit cached_DataFlowPrivate::NodeImpl.getEnclosingCallable/0#dispred#6c5fe5e9/2@46a1a2bh with 70231 rows and digest 2eccc7j236u4p5tk447036sk5oe.
[2026-10-08 00:57:21] (0s)  >>> Full cache hit cached_DataFlowImplCommon::Cached::localFlowStepExImpl/3#d8725d64/3@f9f1a8kr with 26732 rows and digest 3ede0b4ajvq2cj893cicq9q2mc0.
[2026-10-08 00:57:21] (0s)  >>> First-level cache hit cached_DataFlowImplCommon::CallContextSensitivity<Cached::CachedCallContextSensitivity::CallContextSensitivityInput>::reducedViableImplInCallContext/3#3bb2dc10/3@1d5c28p8 with empty relation.
[2026-10-08 00:57:21] (0s)  >>> Full cache hit cached_DataFlowImplCommon::Cached::getReturnPositionEx/1#66460b0f/2@715dfalc with 26964 rows and digest f9c107jle1j4lnlog1ntvalnii8.
[2026-10-08 00:57:21] (0s) Inferred that DataFlowImplCommon::CallContextSensitivity<Cached::CachedCallContextSensitivity::CallContextSensitivityInput>::PrunedViableImpl<Cached::CachedCallContextSensitivity::PrunedViableImplInput>::recordCallSiteDispatch/2#f7bb148e/2@be7ecevn is empty, due to cached_DataFlowImplCommon::CallContextSensitivity<Cached::CachedCallContextSensitivity::CallContextSensitivityInput>::reducedViableImplInCallContext/3#3bb2dc10/3@1d5c28p8.
[2026-10-08 00:57:21] (0s) Inferred that project#DataFlowImplCommon::Cached::CachedCallContextSensitivity::reducedViableImplInCallContext/3#5e310542/1@30f3961v is empty, due to cached_DataFlowImplCommon::CallContextSensitivity<Cached::CachedCallContextSensitivity::CallContextSensitivityInput>::reducedViableImplInCallContext/3#3bb2dc10/3@1d5c28p8.
[2026-10-08 00:57:21] (0s) Inferred that project#DataFlowImplCommon::Cached::CachedCallContextSensitivity::reducedViableImplInCallContext/3#5e310542#2/2@cd3497gn is empty, due to cached_DataFlowImplCommon::CallContextSensitivity<Cached::CachedCallContextSensitivity::CallContextSensitivityInput>::reducedViableImplInCallContext/3#3bb2dc10/3@1d5c28p8.
[2026-10-08 00:57:21] (0s) Inferred that DataFlowImplCommon::CallContextSensitivity<flow::CorrectedFlow::Flow::Stage3Param::CallContextSensitivityInput>::reducedViableImplInCallContext/3#40a1a1e9/3@a9b748u4 is empty, due to cached_DataFlowImplCommon::CallContextSensitivity<Cached::CachedCallContextSensitivity::CallContextSensitivityInput>::reducedViableImplInCallContext/3#3bb2dc10/3@1d5c28p8.
[2026-10-08 00:57:21] (0s) Inferred that flow::CorrectedFlow::Stage1::Stage1::fwdFlowInReducedViableImplInSomeCallContext/4#8e2b1326#reorder_0_3_1_2/4@fecfc2w0 is empty, due to project#DataFlowImplCommon::Cached::CachedCallContextSensitivity::reducedViableImplInCallContext/3#5e310542/1@30f3961v.
[2026-10-08 00:57:21] (0s) Inferred that DataFlowImplCommon::CallContextSensitivity<flow::CorrectedFlow::Flow::Stage3Param::CallContextSensitivityInput>::PrunedViableImpl<DefaultPrunedViableImplInput>::recordCallSiteDispatch/2#bcbd8d86/2@da05b817 is empty, due to DataFlowImplCommon::CallContextSensitivity<flow::CorrectedFlow::Flow::Stage3Param::CallContextSensitivityInput>::reducedViableImplInCallContext/3#40a1a1e9/3@a9b748u4.
[2026-10-08 00:57:21] (0s) Inferred that DataFlowImplCommon::CallContextSensitivity<flow::CorrectedFlow::Flow::Stage3Param::CallContextSensitivityInput>::reducedViableImplInCallContext/3#40a1a1e9_120#join_rhs/3@88b49ffu is empty, due to DataFlowImplCommon::CallContextSensitivity<flow::CorrectedFlow::Flow::Stage3Param::CallContextSensitivityInput>::reducedViableImplInCallContext/3#40a1a1e9/3@a9b748u4.
[2026-10-08 00:57:21] (0s) Inferred that project#DataFlowImplCommon::CallContextSensitivity<flow::CorrectedFlow::Flow::Stage3Param::CallContextSensitivityInput>::reducedViableImplInCallContext/3#40a1a1e9/2@1d162boe is empty, due to DataFlowImplCommon::CallContextSensitivity<flow::CorrectedFlow::Flow::Stage3Param::CallContextSensitivityInput>::reducedViableImplInCallContext/3#40a1a1e9/3@a9b748u4.
[2026-10-08 00:57:21] (0s) Inferred that DataFlowImplCommon::CallContextSensitivity<flow::CorrectedFlow::Flow::Stage5Param::CallContextSensitivityInput>::reducedViableImplInCallContext/3#069aa595/3@3a408838 is empty, due to DataFlowImplCommon::CallContextSensitivity<flow::CorrectedFlow::Flow::Stage3Param::CallContextSensitivityInput>::reducedViableImplInCallContext/3#40a1a1e9/3@a9b748u4.
[2026-10-08 00:57:21] (0s) Inferred that DataFlowImplCommon::CallContextSensitivity<flow::CorrectedFlow::Flow::Stage3Param::CallContextSensitivityInput>::getACallWithReducedViableImpl/1#b83d18e9/2@ad2f6f69 is empty, due to DataFlowImplCommon::CallContextSensitivity<flow::CorrectedFlow::Flow::Stage3Param::CallContextSensitivityInput>::reducedViableImplInCallContext/3#40a1a1e9_120#join_rhs/3@88b49ffu.
[2026-10-08 00:57:21] (0s) Inferred that DataFlowImplCommon::CallContextSensitivity<flow::CorrectedFlow::Flow::Stage5Param::CallContextSensitivityInput>::PrunedViableImpl<DefaultPrunedViableImplInput>::recordCallSiteDispatch/2#75bf9ded/2@c9e23fiq is empty, due to DataFlowImplCommon::CallContextSensitivity<flow::CorrectedFlow::Flow::Stage5Param::CallContextSensitivityInput>::reducedViableImplInCallContext/3#069aa595/3@3a408838.
[2026-10-08 00:57:21] (0s) Inferred that DataFlowImplCommon::CallContextSensitivity<flow::CorrectedFlow::Flow::Stage5Param::CallContextSensitivityInput>::reducedViableImplInCallContext/3#069aa595_120#join_rhs/3@b318d11g is empty, due to DataFlowImplCommon::CallContextSensitivity<flow::CorrectedFlow::Flow::Stage5Param::CallContextSensitivityInput>::reducedViableImplInCallContext/3#069aa595/3@3a408838.
[2026-10-08 00:57:21] (0s) Inferred that project#DataFlowImplCommon::CallContextSensitivity<flow::CorrectedFlow::Flow::Stage5Param::CallContextSensitivityInput>::reducedViableImplInCallContext/3#069aa595/2@9586054b is empty, due to DataFlowImplCommon::CallContextSensitivity<flow::CorrectedFlow::Flow::Stage5Param::CallContextSensitivityInput>::reducedViableImplInCallContext/3#069aa595/3@3a408838.
[2026-10-08 00:57:21] (0s) Inferred that DataFlowImplCommon::CallContextSensitivity<flow::CorrectedFlow::Flow::Stage6Param::CallContextSensitivityInput>::reducedViableImplInCallContext/3#6c9f5161/3@a39571ee is empty, due to DataFlowImplCommon::CallContextSensitivity<flow::CorrectedFlow::Flow::Stage5Param::CallContextSensitivityInput>::reducedViableImplInCallContext/3#069aa595/3@3a408838.
[2026-10-08 00:57:21] (0s) Inferred that DataFlowImplCommon::CallContextSensitivity<flow::CorrectedFlow::Flow::Stage3Param::CallContextSensitivityInput>::CallSets::getSet#af505938/2@cce6e18o is empty, due to DataFlowImplCommon::CallContextSensitivity<flow::CorrectedFlow::Flow::Stage3Param::CallContextSensitivityInput>::getACallWithReducedViableImpl/1#b83d18e9/2@ad2f6f69.
[2026-10-08 00:57:21] (0s) Inferred that DataFlowImplCommon::CallContextSensitivity<flow::CorrectedFlow::Flow::Stage5Param::CallContextSensitivityInput>::getACallWithReducedViableImpl/1#059367ae/2@5615ca6t is empty, due to DataFlowImplCommon::CallContextSensitivity<flow::CorrectedFlow::Flow::Stage5Param::CallContextSensitivityInput>::reducedViableImplInCallContext/3#069aa595_120#join_rhs/3@b318d11g.
[2026-10-08 00:57:21] (0s) Inferred that DataFlowImplCommon::CallContextSensitivity<flow::CorrectedFlow::Flow::Stage6Param::CallContextSensitivityInput>::PrunedViableImpl<DefaultPrunedViableImplInput>::recordCallSiteDispatch/2#1056e370/2@f33bdf50 is empty, due to DataFlowImplCommon::CallContextSensitivity<flow::CorrectedFlow::Flow::Stage6Param::CallContextSensitivityInput>::reducedViableImplInCallContext/3#6c9f5161/3@a39571ee.
[2026-10-08 00:57:21] (0s) Inferred that DataFlowImplCommon::CallContextSensitivity<flow::CorrectedFlow::Flow::Stage6Param::CallContextSensitivityInput>::reducedViableImplInCallContext/3#6c9f5161_120#join_rhs/3@2f5f41ne is empty, due to DataFlowImplCommon::CallContextSensitivity<flow::CorrectedFlow::Flow::Stage6Param::CallContextSensitivityInput>::reducedViableImplInCallContext/3#6c9f5161/3@a39571ee.
[2026-10-08 00:57:21] (0s) Inferred that DataFlowImplCommon::CallContextSensitivity<flow::CorrectedFlow::Flow::Stage3Param::CallContextSensitivityInput>::CallSets::Set.contains#36da4ff2/2@adbd421n is empty, due to DataFlowImplCommon::CallContextSensitivity<flow::CorrectedFlow::Flow::Stage3Param::CallContextSensitivityInput>::CallSets::getSet#af505938/2@cce6e18o.
[2026-10-08 00:57:21] (0s) Inferred that DataFlowImplCommon::CallContextSensitivity<flow::CorrectedFlow::Flow::Stage3Param::CallContextSensitivityInput>::CallSetOption::TSome#dom#66cdb150/1@d42594uo is empty, due to DataFlowImplCommon::CallContextSensitivity<flow::CorrectedFlow::Flow::Stage3Param::CallContextSensitivityInput>::CallSets::getSet#af505938/2@cce6e18o.
[2026-10-08 00:57:21] (0s) Inferred that DataFlowImplCommon::CallContextSensitivity<flow::CorrectedFlow::Flow::Stage3Param::CallContextSensitivityInput>::CallSets::getSet#af505938_0#antijoin_rhs/1@9d73f7fs is empty, due to DataFlowImplCommon::CallContextSensitivity<flow::CorrectedFlow::Flow::Stage3Param::CallContextSensitivityInput>::CallSets::getSet#af505938/2@cce6e18o.
[2026-10-08 00:57:21] (0s) Inferred that DataFlowImplCommon::CallContextSensitivity<flow::CorrectedFlow::Flow::Stage3Param::CallContextSensitivityInput>::hasCtx/4#9e3f47dd/4@d08db93a is empty, due to DataFlowImplCommon::CallContextSensitivity<flow::CorrectedFlow::Flow::Stage3Param::CallContextSensitivityInput>::CallSets::getSet#af505938/2@cce6e18o.
[2026-10-08 00:57:21] (0s) Inferred that DataFlowImplCommon::CallContextSensitivity<flow::CorrectedFlow::Flow::Stage5Param::CallContextSensitivityInput>::CallSets::getSet#e16f9ee2/2@af04b5st is empty, due to DataFlowImplCommon::CallContextSensitivity<flow::CorrectedFlow::Flow::Stage5Param::CallContextSensitivityInput>::getACallWithReducedViableImpl/1#059367ae/2@5615ca6t.
[2026-10-08 00:57:21] (0s) Inferred that DataFlowImplCommon::CallContextSensitivity<flow::CorrectedFlow::Flow::Stage6Param::CallContextSensitivityInput>::getACallWithReducedViableImpl/1#a8c23147/2@8634ac0o is empty, due to DataFlowImplCommon::CallContextSensitivity<flow::CorrectedFlow::Flow::Stage6Param::CallContextSensitivityInput>::reducedViableImplInCallContext/3#6c9f5161_120#join_rhs/3@2f5f41ne.
[2026-10-08 00:57:21] (0s) Inferred that DataFlowImplCommon::CallContextSensitivity<flow::CorrectedFlow::Flow::Stage3Param::CallContextSensitivityInput>::callContextAffectsDispatch/2#6225d56a/2@d1991eim is empty, due to DataFlowImplCommon::CallContextSensitivity<flow::CorrectedFlow::Flow::Stage3Param::CallContextSensitivityInput>::CallSets::Set.contains#36da4ff2/2@adbd421n.
[2026-10-08 00:57:21] (0s) Inferred that num#DataFlowImplCommon::CallContextSensitivity<flow::CorrectedFlow::Flow::Stage3Param::CallContextSensitivityInput>::CallSetOption::TSome#4e8869ea/2@4673d4n8 is empty, due to DataFlowImplCommon::CallContextSensitivity<flow::CorrectedFlow::Flow::Stage3Param::CallContextSensitivityInput>::CallSetOption::TSome#dom#66cdb150/1@d42594uo.
[2026-10-08 00:57:21] (0s) Inferred that DataFlowImplCommon::CallContextSensitivity<flow::CorrectedFlow::Flow::Stage3Param::CallContextSensitivityInput>::TSpecificCall#dom#4b0fcf03/3@f1538bli is empty, due to DataFlowImplCommon::CallContextSensitivity<flow::CorrectedFlow::Flow::Stage3Param::CallContextSensitivityInput>::hasCtx/4#9e3f47dd/4@d08db93a.
[2026-10-08 00:57:21] (0s) Inferred that DataFlowImplCommon::CallContextSensitivity<flow::CorrectedFlow::Flow::Stage5Param::CallContextSensitivityInput>::CallSets::Set.contains#3de40e0a/2@27581439 is empty, due to DataFlowImplCommon::CallContextSensitivity<flow::CorrectedFlow::Flow::Stage5Param::CallContextSensitivityInput>::CallSets::getSet#e16f9ee2/2@af04b5st.
[2026-10-08 00:57:21] (0s) Inferred that DataFlowImplCommon::CallContextSensitivity<flow::CorrectedFlow::Flow::Stage5Param::CallContextSensitivityInput>::CallSetOption::TSome#dom#b09f38c4/1@93769fcs is empty, due to DataFlowImplCommon::CallContextSensitivity<flow::CorrectedFlow::Flow::Stage5Param::CallContextSensitivityInput>::CallSets::getSet#e16f9ee2/2@af04b5st.
[2026-10-08 00:57:21] (0s) Inferred that DataFlowImplCommon::CallContextSensitivity<flow::CorrectedFlow::Flow::Stage5Param::CallContextSensitivityInput>::CallSets::getSet#e16f9ee2_0#antijoin_rhs/1@db6af9t8 is empty, due to DataFlowImplCommon::CallContextSensitivity<flow::CorrectedFlow::Flow::Stage5Param::CallContextSensitivityInput>::CallSets::getSet#e16f9ee2/2@af04b5st.
[2026-10-08 00:57:21] (0s) Inferred that DataFlowImplCommon::CallContextSensitivity<flow::CorrectedFlow::Flow::Stage5Param::CallContextSensitivityInput>::hasCtx/4#c4e52f46/4@6f5f8e95 is empty, due to DataFlowImplCommon::CallContextSensitivity<flow::CorrectedFlow::Flow::Stage5Param::CallContextSensitivityInput>::CallSets::getSet#e16f9ee2/2@af04b5st.
[2026-10-08 00:57:21] (0s) Inferred that DataFlowImplCommon::CallContextSensitivity<flow::CorrectedFlow::Flow::Stage6Param::CallContextSensitivityInput>::CallSets::getSet#b141417e/2@7847a8oc is empty, due to DataFlowImplCommon::CallContextSensitivity<flow::CorrectedFlow::Flow::Stage6Param::CallContextSensitivityInput>::getACallWithReducedViableImpl/1#a8c23147/2@8634ac0o.
[2026-10-08 00:57:21] (0s) Inferred that DataFlowImplCommon::CallContextSensitivity<flow::CorrectedFlow::Flow::Stage3Param::CallContextSensitivityInput>::CallSet.asSome/0#dispred#e7d0390e/2@5acc8359 is empty, due to num#DataFlowImplCommon::CallContextSensitivity<flow::CorrectedFlow::Flow::Stage3Param::CallContextSensitivityInput>::CallSetOption::TSome#4e8869ea/2@4673d4n8.
[2026-10-08 00:57:21] (0s) Inferred that num#DataFlowImplCommon::CallContextSensitivity<flow::CorrectedFlow::Flow::Stage3Param::CallContextSensitivityInput>::TSpecificCall#6f2727ad/4@9cb15a7o is empty, due to DataFlowImplCommon::CallContextSensitivity<flow::CorrectedFlow::Flow::Stage3Param::CallContextSensitivityInput>::TSpecificCall#dom#4b0fcf03/3@f1538bli.
[2026-10-08 00:57:21] (0s) Inferred that DataFlowImplCommon::CallContextSensitivity<flow::CorrectedFlow::Flow::Stage5Param::CallContextSensitivityInput>::callContextAffectsDispatch/2#994298f5/2@0e5e59i7 is empty, due to DataFlowImplCommon::CallContextSensitivity<flow::CorrectedFlow::Flow::Stage5Param::CallContextSensitivityInput>::CallSets::Set.contains#3de40e0a/2@27581439.
[2026-10-08 00:57:21] (0s) Inferred that num#DataFlowImplCommon::CallContextSensitivity<flow::CorrectedFlow::Flow::Stage5Param::CallContextSensitivityInput>::CallSetOption::TSome#b448cf0d/2@e4287c6a is empty, due to DataFlowImplCommon::CallContextSensitivity<flow::CorrectedFlow::Flow::Stage5Param::CallContextSensitivityInput>::CallSetOption::TSome#dom#b09f38c4/1@93769fcs.
[2026-10-08 00:57:21] (0s) Inferred that DataFlowImplCommon::CallContextSensitivity<flow::CorrectedFlow::Flow::Stage5Param::CallContextSensitivityInput>::TSpecificCall#dom#9d97fda6/3@989d4dad is empty, due to DataFlowImplCommon::CallContextSensitivity<flow::CorrectedFlow::Flow::Stage5Param::CallContextSensitivityInput>::hasCtx/4#c4e52f46/4@6f5f8e95.
[2026-10-08 00:57:21] (0s) Inferred that DataFlowImplCommon::CallContextSensitivity<flow::CorrectedFlow::Flow::Stage6Param::CallContextSensitivityInput>::CallSets::Set.contains#c066c61c/2@3103d9cl is empty, due to DataFlowImplCommon::CallContextSensitivity<flow::CorrectedFlow::Flow::Stage6Param::CallContextSensitivityInput>::CallSets::getSet#b141417e/2@7847a8oc.
[2026-10-08 00:57:21] (0s) Inferred that DataFlowImplCommon::CallContextSensitivity<flow::CorrectedFlow::Flow::Stage6Param::CallContextSensitivityInput>::CallSetOption::TSome#dom#7272bff7/1@8dfed6h0 is empty, due to DataFlowImplCommon::CallContextSensitivity<flow::CorrectedFlow::Flow::Stage6Param::CallContextSensitivityInput>::CallSets::getSet#b141417e/2@7847a8oc.
[2026-10-08 00:57:21] (0s) Inferred that DataFlowImplCommon::CallContextSensitivity<flow::CorrectedFlow::Flow::Stage6Param::CallContextSensitivityInput>::CallSets::getSet#b141417e_0#antijoin_rhs/1@96a6440u is empty, due to DataFlowImplCommon::CallContextSensitivity<flow::CorrectedFlow::Flow::Stage6Param::CallContextSensitivityInput>::CallSets::getSet#b141417e/2@7847a8oc.
[2026-10-08 00:57:21] (0s) Inferred that DataFlowImplCommon::CallContextSensitivity<flow::CorrectedFlow::Flow::Stage6Param::CallContextSensitivityInput>::hasCtx/4#00db5f9d/4@e5f0dd0v is empty, due to DataFlowImplCommon::CallContextSensitivity<flow::CorrectedFlow::Flow::Stage6Param::CallContextSensitivityInput>::CallSets::getSet#b141417e/2@7847a8oc.
[2026-10-08 00:57:21] (0s) Inferred that DataFlowImplCommon::CallContextSensitivity<flow::CorrectedFlow::Flow::Stage3Param::CallContextSensitivityInput>::CallSet.asSome/0#dispred#e7d0390e_10#join_rhs/2@efc321v2 is empty, due to DataFlowImplCommon::CallContextSensitivity<flow::CorrectedFlow::Flow::Stage3Param::CallContextSensitivityInput>::CallSet.asSome/0#dispred#e7d0390e/2@5acc8359.
[2026-10-08 00:57:21] (0s) Inferred that DataFlowImplCommon::CallContextSensitivity<flow::CorrectedFlow::Flow::Stage3Param::CallContextSensitivityInput>::getSpecificCallContextCall/2#53e1ad94/3@341ff569 is empty, due to num#DataFlowImplCommon::CallContextSensitivity<flow::CorrectedFlow::Flow::Stage3Param::CallContextSensitivityInput>::TSpecificCall#6f2727ad/4@9cb15a7o.
[2026-10-08 00:57:21] (0s) Inferred that DataFlowImplCommon::CallContextSensitivity<flow::CorrectedFlow::Flow::Stage5Param::CallContextSensitivityInput>::CallSet.asSome/0#dispred#a1c85de7/2@67466frj is empty, due to num#DataFlowImplCommon::CallContextSensitivity<flow::CorrectedFlow::Flow::Stage5Param::CallContextSensitivityInput>::CallSetOption::TSome#b448cf0d/2@e4287c6a.
[2026-10-08 00:57:21] (0s) Inferred that num#DataFlowImplCommon::CallContextSensitivity<flow::CorrectedFlow::Flow::Stage5Param::CallContextSensitivityInput>::TSpecificCall#387e731f/4@c0bf807a is empty, due to DataFlowImplCommon::CallContextSensitivity<flow::CorrectedFlow::Flow::Stage5Param::CallContextSensitivityInput>::TSpecificCall#dom#9d97fda6/3@989d4dad.
[2026-10-08 00:57:21] (0s) Inferred that DataFlowImplCommon::CallContextSensitivity<flow::CorrectedFlow::Flow::Stage6Param::CallContextSensitivityInput>::callContextAffectsDispatch/2#802b02ce/2@b122faga is empty, due to DataFlowImplCommon::CallContextSensitivity<flow::CorrectedFlow::Flow::Stage6Param::CallContextSensitivityInput>::CallSets::Set.contains#c066c61c/2@3103d9cl.
[2026-10-08 00:57:21] (0s) Inferred that num#DataFlowImplCommon::CallContextSensitivity<flow::CorrectedFlow::Flow::Stage6Param::CallContextSensitivityInput>::CallSetOption::TSome#ccba7e44/2@98bbe4hd is empty, due to DataFlowImplCommon::CallContextSensitivity<flow::CorrectedFlow::Flow::Stage6Param::CallContextSensitivityInput>::CallSetOption::TSome#dom#7272bff7/1@8dfed6h0.
[2026-10-08 00:57:21] (0s) Inferred that DataFlowImplCommon::CallContextSensitivity<flow::CorrectedFlow::Flow::Stage6Param::CallContextSensitivityInput>::TSpecificCall#dom#3735dc35/3@dd25e1qc is empty, due to DataFlowImplCommon::CallContextSensitivity<flow::CorrectedFlow::Flow::Stage6Param::CallContextSensitivityInput>::hasCtx/4#00db5f9d/4@e5f0dd0v.
[2026-10-08 00:57:21] (0s) Inferred that project#DataFlowImplCommon::CallContextSensitivity<flow::CorrectedFlow::Flow::Stage3Param::CallContextSensitivityInput>::getSpecificCallContextCall/2#53e1ad94/2@2c1aaa57 is empty, due to DataFlowImplCommon::CallContextSensitivity<flow::CorrectedFlow::Flow::Stage3Param::CallContextSensitivityInput>::getSpecificCallContextCall/2#53e1ad94/3@341ff569.
[2026-10-08 00:57:21] (0s) Inferred that DataFlowImplCommon::CallContextSensitivity<flow::CorrectedFlow::Flow::Stage5Param::CallContextSensitivityInput>::CallSet.asSome/0#dispred#a1c85de7_10#join_rhs/2@630f46u5 is empty, due to DataFlowImplCommon::CallContextSensitivity<flow::CorrectedFlow::Flow::Stage5Param::CallContextSensitivityInput>::CallSet.asSome/0#dispred#a1c85de7/2@67466frj.
[2026-10-08 00:57:21] (0s) Inferred that DataFlowImplCommon::CallContextSensitivity<flow::CorrectedFlow::Flow::Stage5Param::CallContextSensitivityInput>::getSpecificCallContextCall/2#8c31d71d/3@07f1c3jo is empty, due to num#DataFlowImplCommon::CallContextSensitivity<flow::CorrectedFlow::Flow::Stage5Param::CallContextSensitivityInput>::TSpecificCall#387e731f/4@c0bf807a.
[2026-10-08 00:57:21] (0s) Inferred that DataFlowImplCommon::CallContextSensitivity<flow::CorrectedFlow::Flow::Stage6Param::CallContextSensitivityInput>::CallSet.asSome/0#dispred#7f5b7168/2@5cc89bal is empty, due to num#DataFlowImplCommon::CallContextSensitivity<flow::CorrectedFlow::Flow::Stage6Param::CallContextSensitivityInput>::CallSetOption::TSome#ccba7e44/2@98bbe4hd.
[2026-10-08 00:57:21] (0s) Inferred that num#DataFlowImplCommon::CallContextSensitivity<flow::CorrectedFlow::Flow::Stage6Param::CallContextSensitivityInput>::TSpecificCall#751a86e5/4@e10b2br7 is empty, due to DataFlowImplCommon::CallContextSensitivity<flow::CorrectedFlow::Flow::Stage6Param::CallContextSensitivityInput>::TSpecificCall#dom#3735dc35/3@dd25e1qc.
[2026-10-08 00:57:21] (0s) Inferred that project#DataFlowImplCommon::CallContextSensitivity<flow::CorrectedFlow::Flow::Stage5Param::CallContextSensitivityInput>::getSpecificCallContextCall/2#8c31d71d/2@0a508dea is empty, due to DataFlowImplCommon::CallContextSensitivity<flow::CorrectedFlow::Flow::Stage5Param::CallContextSensitivityInput>::getSpecificCallContextCall/2#8c31d71d/3@07f1c3jo.
[2026-10-08 00:57:21] (0s) Inferred that DataFlowImplCommon::CallContextSensitivity<flow::CorrectedFlow::Flow::Stage6Param::CallContextSensitivityInput>::CallSet.asSome/0#dispred#7f5b7168_10#join_rhs/2@851e17c8 is empty, due to DataFlowImplCommon::CallContextSensitivity<flow::CorrectedFlow::Flow::Stage6Param::CallContextSensitivityInput>::CallSet.asSome/0#dispred#7f5b7168/2@5cc89bal.
[2026-10-08 00:57:21] (0s) Inferred that DataFlowImplCommon::CallContextSensitivity<flow::CorrectedFlow::Flow::Stage6Param::CallContextSensitivityInput>::getSpecificCallContextCall/2#d285dd51/3@9a0cf0va is empty, due to num#DataFlowImplCommon::CallContextSensitivity<flow::CorrectedFlow::Flow::Stage6Param::CallContextSensitivityInput>::TSpecificCall#751a86e5/4@e10b2br7.
[2026-10-08 00:57:21] (0s) Inferred that project#DataFlowImplCommon::CallContextSensitivity<flow::CorrectedFlow::Flow::Stage6Param::CallContextSensitivityInput>::getSpecificCallContextCall/2#d285dd51/2@2765c7os is empty, due to DataFlowImplCommon::CallContextSensitivity<flow::CorrectedFlow::Flow::Stage6Param::CallContextSensitivityInput>::getSpecificCallContextCall/2#d285dd51/3@9a0cf0va.
[2026-10-08 00:57:21] (0s)  >>> Full cache hit cached_DataFlowImplCommon::Cached::TReturnPosition0#3c7bc2a3/3@3f66e5tv with 26964 rows and digest 08edf9bop7hiaqlb3t3m6rr92j2.
[2026-10-08 00:57:21] (0s)  >>> Full cache hit cached_DataFlowImplCommon::Cached::getSecondLevelScopeEx/1#10533743/2@886c00j5 with 181169 rows and digest dada1am698bcre5fsc2qh9egkj2.
[2026-10-08 00:57:21] (0s)  >>> Full cache hit cached_DataFlowImplCommon::Cached::TAnyLocalCall#934309fe/1@6674df93 with 1 rows and digest 19f2cevarof1fbaqkctt3t43if4.
[2026-10-08 00:57:21] (0s)  >>> Full cache hit cached_DataFlowDispatch::TNormalCall#c8edbb8a/2@81bcf4pd with 5170 rows and digest 56627f64q1dnlj5it0l7h1jqa2f.
[2026-10-08 00:57:21] (0s)  >>> Full cache hit cached_DataFlowDispatch::TDataFlowFunc#fd47ee42/2@89621cpb with 20105 rows and digest b52222r69mj1n721n0j59du1c96.
[2026-10-08 00:57:21] (0s)  >>> Full cache hit cached_DataFlowDispatch::TSummaryCall#6243a1c3/3@8b0f3d1b with 97 rows and digest 9b8687sc2qi0q6s2v6b4bj9qot9.
[2026-10-08 00:57:21] (0s)  >>> First-level cache hit cached_DataFlowImplCommon::Cached::mayBenefitFromCallContextExt/2#06ce1204/2@120fd9eo with empty relation.
[2026-10-08 00:57:21] (0s) Inferred that project#DataFlowImplCommon::Cached::mayBenefitFromCallContextExt/2#06ce1204/1@0e166eif is empty, due to cached_DataFlowImplCommon::Cached::mayBenefitFromCallContextExt/2#06ce1204/2@120fd9eo.
[2026-10-08 00:57:21] (0s) Inferred that _DataFlowDispatch::DataFlowCall.getEnclosingCallable/0#dispred#92c86e07_flow::CorrectedFlow::Stage1:__#shared/3@1bfd678t is empty, due to project#DataFlowImplCommon::Cached::mayBenefitFromCallContextExt/2#06ce1204/1@0e166eif.
[2026-10-08 00:57:21] (0s) Inferred that __DataFlowDispatch::DataFlowCall.getEnclosingCallable/0#dispred#92c86e07_flow::CorrectedFlow::Stage1__#shared/3@50e91ej5 is empty, due to _DataFlowDispatch::DataFlowCall.getEnclosingCallable/0#dispred#92c86e07_flow::CorrectedFlow::Stage1:__#shared/3@1bfd678t.
[2026-10-08 00:57:21] (0s) Inferred that __DataFlowDispatch::DataFlowCall.getEnclosingCallable/0#dispred#92c86e07_flow::CorrectedFlow::Stage1__#max_range/3@ffa29akm is empty, due to _DataFlowDispatch::DataFlowCall.getEnclosingCallable/0#dispred#92c86e07_flow::CorrectedFlow::Stage1:__#shared/3@1bfd678t.
[2026-10-08 00:57:21] (0s) Inferred that __DataFlowDispatch::DataFlowCall.getEnclosingCallable/0#dispred#92c86e07_flow::CorrectedFlow::Stage1__#max_term/4@63f4d4mg is empty, due to _DataFlowDispatch::DataFlowCall.getEnclosingCallable/0#dispred#92c86e07_flow::CorrectedFlow::Stage1:__#shared/3@1bfd678t.
[2026-10-08 00:57:21] (0s) Inferred that flow::CorrectedFlow::Stage1::ctxDispatchFanoutOnReturn/1#5b222394/2@da5085jm is empty, due to __DataFlowDispatch::DataFlowCall.getEnclosingCallable/0#dispred#92c86e07_flow::CorrectedFlow::Stage1__#max_range/3@ffa29akm.
[2026-10-08 00:57:21] (0s) Inferred that flow::CorrectedFlow::Stage1::ctxDispatchFanoutOnReturn/1#5b222394_0#antijoin_rhs/1@771eccuh is empty, due to flow::CorrectedFlow::Stage1::ctxDispatchFanoutOnReturn/1#5b222394/2@da5085jm.
[2026-10-08 00:57:21] (0s)  >>> Full cache hit cached_DataFlowDispatch::TSummarizedCallable#847d752b/2@b5f021ng with 1481 rows and digest 068871thifqslnh37o2d8usaf62.
[2026-10-08 00:57:21] (0s)  >>> First-level cache hit cached_DataFlowImplCommon::CallContextSensitivity<Cached::CachedCallContextSensitivity::CallContextSensitivityInput>::PrunedViableImpl<Cached::CachedCallContextSensitivity::PrunedViableImplInput>::viableImplCallContextReduced/2#eacc7385/3@b077724j with empty relation.
[2026-10-08 00:57:21] (0s)  >>> Full cache hit cached_DataFlowImplCommon::CallContextSensitivity<Cached::CachedCallContextSensitivity::CallContextSensitivityInput>::CallContextNoCall#c5591f62/1@977e1aan with 1 rows and digest 19f2cevarof1fbaqkctt3t43if4.
[2026-10-08 00:57:21] (0s) Inferred that flow::CorrectedFlow::Flow::Stage2::FwdFlowInNoThrough::viableImplCallContextReducedRestricted/2#1ba45f34/3@bb50b358 is empty, due to cached_DataFlowImplCommon::CallContextSensitivity<Cached::CachedCallContextSensitivity::CallContextSensitivityInput>::PrunedViableImpl<Cached::CachedCallContextSensitivity::PrunedViableImplInput>::viableImplCallContextReduced/2#eacc7385/3@b077724j.
[2026-10-08 00:57:21] (0s) Inferred that flow::CorrectedFlow::Flow::Stage2::FwdFlowInThrough::viableImplCallContextReducedRestricted/2#3e2fba5c/3@c88f602r is empty, due to cached_DataFlowImplCommon::CallContextSensitivity<Cached::CachedCallContextSensitivity::CallContextSensitivityInput>::PrunedViableImpl<Cached::CachedCallContextSensitivity::PrunedViableImplInput>::viableImplCallContextReduced/2#eacc7385/3@b077724j.
[2026-10-08 00:57:21] (0s)  >>> Full cache hit cached_DataFlowImplCommon::Cached::argumentNode/3#5c92d692/3@76dda3oo with 7415 rows and digest 2bfe73m3q9asl436jh9ior9kbd2.
[2026-10-08 00:57:21] (0s)  >>> First-level cache hit cached_DataFlowImplCommon::CallContextSensitivity<Cached::CachedCallContextSensitivity::CallContextSensitivityInput>::TReturn#9bf3fed7/3@8ae827cm with empty relation.
[2026-10-08 00:57:21] (0s) Inferred that DataFlowImplCommon::CallContextSensitivity<Cached::CachedCallContextSensitivity::CallContextSensitivityInput>::TReturn#9bf3fed7_01#antijoin_rhs/2@bc817c9o is empty, due to cached_DataFlowImplCommon::CallContextSensitivity<Cached::CachedCallContextSensitivity::CallContextSensitivityInput>::TReturn#9bf3fed7/3@8ae827cm.
[2026-10-08 00:57:21] (0s)  >>> Full cache hit cached_DataFlowImplCommon::Cached::compatibleTypesCached/2#129cd694/2@909a8amt with 1 rows and digest 52e0bdo7e2rh65bhgmq4lc1b6g3.
[2026-10-08 00:57:21] (0s)  >>> First-level cache hit cached_DataFlowImplCommon::CallContextSensitivity<Cached::CachedCallContextSensitivity::CallContextSensitivityInput>::PrunedViableImpl<Cached::CachedCallContextSensitivity::PrunedViableImplInput>::viableImplCallContextReducedReverse/2#af0c8f84/3@223065tu with empty relation.
[2026-10-08 00:57:21] (0s) Inferred that DataFlowImplCommon::CallContextSensitivity<Cached::CachedCallContextSensitivity::CallContextSensitivityInput>::PrunedViableImpl<Cached::CachedCallContextSensitivity::PrunedViableImplInput>::viableImplCallContextReducedReverse/2#af0c8f84_021#join_rhs/3@a1e7d32j is empty, due to cached_DataFlowImplCommon::CallContextSensitivity<Cached::CachedCallContextSensitivity::CallContextSensitivityInput>::PrunedViableImpl<Cached::CachedCallContextSensitivity::PrunedViableImplInput>::viableImplCallContextReducedReverse/2#af0c8f84/3@223065tu.
[2026-10-08 00:57:21] (0s) Inferred that flow::CorrectedFlow::Flow::Stage2::viableImplCallContextReducedReverseRestricted/2#4adb76ae/3@4e42f57l is empty, due to DataFlowImplCommon::CallContextSensitivity<Cached::CachedCallContextSensitivity::CallContextSensitivityInput>::PrunedViableImpl<Cached::CachedCallContextSensitivity::PrunedViableImplInput>::viableImplCallContextReducedReverse/2#af0c8f84_021#join_rhs/3@a1e7d32j.
[2026-10-08 00:57:21] (0s)  >>> First-level cache hit cached_DataFlowImplCommon::CallContextSensitivity<Cached::CachedCallContextSensitivity::CallContextSensitivityInput>::getSpecificCallContextCall/2#a048314b/3@e6357a0k with empty relation.
[2026-10-08 00:57:21] (0s) Inferred that project#DataFlowImplCommon::Cached::CachedCallContextSensitivity::getSpecificCallContextCall/2#32d7a9bf/2@83e4578r is empty, due to cached_DataFlowImplCommon::CallContextSensitivity<Cached::CachedCallContextSensitivity::CallContextSensitivityInput>::getSpecificCallContextCall/2#a048314b/3@e6357a0k.
[2026-10-08 00:57:21] (0s)  >>> Full cache hit cached_DataFlowImplCommon::Cached::castingNodeEx/1#5fbe43a1/1@54da3451 with 25507 rows and digest f96fdct4u5qjfu8bi7niujc0t9f.
[2026-10-08 00:57:21] (0s)  >>> First-level cache hit cached_DataFlowImplCommon::CallContextSensitivity<Cached::CachedCallContextSensitivity::CallContextSensitivityInput>::callContextAffectsDispatch/2#52c90bfa/2@4615d8ct with empty relation.
[2026-10-08 00:57:21] (0s)  >>> Full cache hit cached_DataFlowDispatch::TDataFlowCall#f3b71726/1@62f6b9ev with 6263 rows and digest b8c8be1aau02f0upq5coeaja5o5.
[2026-10-08 00:57:21] (0s)  >>> Full cache hit cached_DataFlowImplCommon::CallContextSensitivity<Cached::CachedCallContextSensitivity::CallContextSensitivityInput>::CallContextCall#cbbb9ea7/1@86cfeauc with 1 rows and digest 14d190jcpgdl411cck5pgml3dof.
[2026-10-08 00:57:21] (0s)  >>> Full cache hit cached_DataFlowImplCommon::Cached::CachedCallContextSensitivity::instanceofCc/1#d5f2bc27/1@72fd17ji with 2 rows and digest 8077edibunvleb7g75bfbjhteec.
[2026-10-08 00:57:21] (0s)  >>> Full cache hit cached_DataFlowImplCommon::Cached::TBooleanNone#934a4eb6/1@e017cbor with 1 rows and digest a28a4c33kuncpc8g6b5si5p502b.
[2026-10-08 00:57:21] (0s)  >>> Full cache hit cached_DataFlowImplCommon::Cached::TReturnCtxNone#bd267d1c/1@d21b91ia with 1 rows and digest 19f2cevarof1fbaqkctt3t43if4.
[2026-10-08 00:57:21] (0s)  >>> Full cache hit cached_DataFlowImplCommon::Cached::TReturnCtxNoFlowThrough#e02d8fcb/1@744fdc49 with 1 rows and digest 14d190jcpgdl411cck5pgml3dof.
[2026-10-08 00:57:21] (0s)  >>> Full cache hit cached_DataFlowImplCommon::Cached::TBooleanSome#a9822bfa/2@7ec9f3fd with 2 rows and digest 4a8089ekihspmvc7kajqrm1aohe.
[2026-10-08 00:57:21] (0s)  >>> Full cache hit cached_DataFlowImplCommon::Cached::TReturnCtxMaybeFlowThrough#8fcfb725/2@a67062sn with 26964 rows and digest 0b5addlq5uklcrkha2v8vhgpqm2.
[2026-10-08 00:57:21] (0s)  >>> Full cache hit cached_DataFlowImplCommon::Cached::TApproxFrontNil#5b72f20b/1@816da1ln with 1 rows and digest 19f2cevarof1fbaqkctt3t43if4.
[2026-10-08 00:57:21] (0s)  >>> Full cache hit cached_DataFlowImplCommon::Cached::TMkCallEdge#9158580e/3@9302d825 with 1723 rows and digest 2ad032ostaforoq95r1ec57ood4.
[2026-10-08 00:57:21] (0s)  >>> Full cache hit cached_DataFlowImplCommon::Cached::TApproxFrontHead#c5b7bb4f/3@9f376f05 with 5 rows and digest 7c6beb612hgiu6doj0n89pe6iob.
[2026-10-08 00:57:21] (0s)  >>> Full cache hit cached_DataFlowImplCommon::Cached::getContentApproxCached/1#9180f50c/2@bd18b3c0 with 18672 rows and digest 9d64d585769v1esbrgmg5q9u8n3.
[2026-10-08 00:57:21] (0s)  >>> First-level cache hit cached_DataFlowImplCommon::CallContextSensitivity<Cached::CachedCallContextSensitivity::CallContextSensitivityInput>::reducedViableImplInReturn/2#ebd46020/2@1ed05dh0 with empty relation.
[2026-10-08 00:57:21] (0s) Inferred that DataFlowImplCommon::CallContextSensitivity<Cached::CachedCallContextSensitivity::CallContextSensitivityInput>::reducedViableImplInReturn/2#ebd46020_10#join_rhs/2@0f4820e4 is empty, due to cached_DataFlowImplCommon::CallContextSensitivity<Cached::CachedCallContextSensitivity::CallContextSensitivityInput>::reducedViableImplInReturn/2#ebd46020/2@1ed05dh0.
[2026-10-08 00:57:21] (0s) Inferred that DataFlowImplCommon::CallContextSensitivity<flow::CorrectedFlow::Flow::Stage3Param::CallContextSensitivityInput>::reducedViableImplInReturn/2#4fe7dc10/2@8b8d02ia is empty, due to DataFlowImplCommon::CallContextSensitivity<Cached::CachedCallContextSensitivity::CallContextSensitivityInput>::reducedViableImplInReturn/2#ebd46020_10#join_rhs/2@0f4820e4.
[2026-10-08 00:57:21] (0s)  >>> Full cache hit cached_DataFlowImplCommon::Cached::callEnclosingCallable/2#3284d81e/2@f8f977ge with 6263 rows and digest ce99b21m1ggh9l2iajd9fbk73p5.
[2026-10-08 00:57:21] (0s) Inferred that num#DataFlowImplCommon::CallContextSensitivity<flow::CorrectedFlow::Flow::Stage3Param::CallContextSensitivityInput>::TReturn#06f204ab/3@542d21hs is empty, due to DataFlowImplCommon::CallContextSensitivity<flow::CorrectedFlow::Flow::Stage3Param::CallContextSensitivityInput>::reducedViableImplInReturn/2#4fe7dc10/2@8b8d02ia.
[2026-10-08 00:57:21] (0s) Inferred that DataFlowImplCommon::CallContextSensitivity<flow::CorrectedFlow::Flow::Stage3Param::CallContextSensitivityInput>::reducedViableImplInReturn/2#4fe7dc10_10#join_rhs/2@cc092000 is empty, due to DataFlowImplCommon::CallContextSensitivity<flow::CorrectedFlow::Flow::Stage3Param::CallContextSensitivityInput>::reducedViableImplInReturn/2#4fe7dc10/2@8b8d02ia.
[2026-10-08 00:57:21] (0s) Inferred that num#DataFlowImplCommon::CallContextSensitivity<flow::CorrectedFlow::Flow::Stage3Param::CallContextSensitivityInput>::TReturn#06f204ab_01#antijoin_rhs/2@4d1dffuu is empty, due to num#DataFlowImplCommon::CallContextSensitivity<flow::CorrectedFlow::Flow::Stage3Param::CallContextSensitivityInput>::TReturn#06f204ab/3@542d21hs.
[2026-10-08 00:57:21] (0s) Inferred that DataFlowImplCommon::CallContextSensitivity<flow::CorrectedFlow::Flow::Stage5Param::CallContextSensitivityInput>::reducedViableImplInReturn/2#9fa28a26/2@2fa55drf is empty, due to DataFlowImplCommon::CallContextSensitivity<flow::CorrectedFlow::Flow::Stage3Param::CallContextSensitivityInput>::reducedViableImplInReturn/2#4fe7dc10_10#join_rhs/2@cc092000.
[2026-10-08 00:57:21] (0s) Inferred that num#DataFlowImplCommon::CallContextSensitivity<flow::CorrectedFlow::Flow::Stage5Param::CallContextSensitivityInput>::TReturn#7d13ef1e/3@3b883ejl is empty, due to DataFlowImplCommon::CallContextSensitivity<flow::CorrectedFlow::Flow::Stage5Param::CallContextSensitivityInput>::reducedViableImplInReturn/2#9fa28a26/2@2fa55drf.
[2026-10-08 00:57:21] (0s) Inferred that DataFlowImplCommon::CallContextSensitivity<flow::CorrectedFlow::Flow::Stage5Param::CallContextSensitivityInput>::reducedViableImplInReturn/2#9fa28a26_10#join_rhs/2@bc0a3cf7 is empty, due to DataFlowImplCommon::CallContextSensitivity<flow::CorrectedFlow::Flow::Stage5Param::CallContextSensitivityInput>::reducedViableImplInReturn/2#9fa28a26/2@2fa55drf.
[2026-10-08 00:57:21] (0s) Inferred that num#DataFlowImplCommon::CallContextSensitivity<flow::CorrectedFlow::Flow::Stage5Param::CallContextSensitivityInput>::TReturn#7d13ef1e_01#antijoin_rhs/2@4a29482k is empty, due to num#DataFlowImplCommon::CallContextSensitivity<flow::CorrectedFlow::Flow::Stage5Param::CallContextSensitivityInput>::TReturn#7d13ef1e/3@3b883ejl.
[2026-10-08 00:57:21] (0s) Inferred that DataFlowImplCommon::CallContextSensitivity<flow::CorrectedFlow::Flow::Stage6Param::CallContextSensitivityInput>::reducedViableImplInReturn/2#d17822ca/2@69b4204o is empty, due to DataFlowImplCommon::CallContextSensitivity<flow::CorrectedFlow::Flow::Stage5Param::CallContextSensitivityInput>::reducedViableImplInReturn/2#9fa28a26_10#join_rhs/2@bc0a3cf7.
[2026-10-08 00:57:21] (0s) Inferred that num#DataFlowImplCommon::CallContextSensitivity<flow::CorrectedFlow::Flow::Stage6Param::CallContextSensitivityInput>::TReturn#c0fc1f84/3@0bf4b2hb is empty, due to DataFlowImplCommon::CallContextSensitivity<flow::CorrectedFlow::Flow::Stage6Param::CallContextSensitivityInput>::reducedViableImplInReturn/2#d17822ca/2@69b4204o.
[2026-10-08 00:57:21] (0s) Inferred that num#DataFlowImplCommon::CallContextSensitivity<flow::CorrectedFlow::Flow::Stage6Param::CallContextSensitivityInput>::TReturn#c0fc1f84_01#antijoin_rhs/2@16b3d67f is empty, due to num#DataFlowImplCommon::CallContextSensitivity<flow::CorrectedFlow::Flow::Stage6Param::CallContextSensitivityInput>::TReturn#c0fc1f84/3@0bf4b2hb.
[2026-10-08 00:57:21] (0s)  >>> Full cache hit cached_DataFlowImplCommon::Cached::outNodeExt/1#30df2a69/1@7dd9b18o with 11632 rows and digest c35ec7e4fitlp3ts04efvg5b7lf.
[2026-10-08 00:57:21] (0s)  >>> Full cache hit cached_DataFlowImplCommon::Cached::flowCheckNode/1#412883d8/1@b7ee191k with 1320 rows and digest a2d056jkm4fg4fmesf2tbni1ng7.
[2026-10-08 00:57:21] (0s)  >>> Full cache hit cached_DataFlowImplCommon::Cached::TApproxAccessPathFrontNone#063ff8f5/1@614d72rq with 1 rows and digest e1863b3n66jq4ukb5nukddibf32.
[2026-10-08 00:57:21] (0s)  >>> Full cache hit cached_DataFlowImplCommon::Cached::TApproxAccessPathFrontSome#c070168f/2@c5b3d015 with 6 rows and digest 021924dabbet48t7aogia37a0ub.
[2026-10-08 00:57:21] (0s)  >>> Full cache hit cached_DataFlowImplCommon::Cached::TFrontHead#ba92b323/3@cd41a0pd with 93360 rows and digest 76ae04bk093ovmjfnvt2f643mf1.
[2026-10-08 00:57:21] (0s)  >>> Full cache hit cached_DataFlowImplCommon::Cached::TFrontNil#4cb4c454/1@60796bn9 with 1 rows and digest 19f2cevarof1fbaqkctt3t43if4.
[2026-10-08 00:57:21] (0s)  >>> Full cache hit cached_DataFlowImplCommon::Cached::clearsContentSet/2#00c13749/2@1d6b643v with 1320 rows and digest 0650a1ei00ego6eathmvm1k1i26.
[2026-10-08 00:57:21] (0s)  >>> Full cache hit cached_DataFlowImplCommon::Cached::TAccessPathFrontNone#7dade849/1@729ff9ql with 1 rows and digest 19f2cevarof1fbaqkctt3t43if4.
[2026-10-08 00:57:21] (0s)  >>> Full cache hit cached_DataFlowImplCommon::Cached::TAccessPathFrontSome#01d0cc17/2@a6f77fpg with 93361 rows and digest 81b6eabnid0q3ralt2g389jg6j8.
[2026-10-08 00:57:21] (0s)  >>> First-level cache hit cached_DataFlowImplCommon::Cached::getSourceModel/1#56641931/2@cf0c1743 with empty relation.
[2026-10-08 00:57:21] (0s) Inferred that DataFlowImplCommon::Cached::getSourceModel/1#56641931_0#antijoin_rhs/1@7ebd38uo is empty, due to cached_DataFlowImplCommon::Cached::getSourceModel/1#56641931/2@cf0c1743.
[2026-10-08 00:57:21] (0s)  >>> Full cache hit cached_DataFlowImplCommon::Cached::getSinkModel/1#ea74d527/2@fd45614p with 4 rows and digest 2019e60g0utkl93dju6cdcuk892.
[2026-10-08 00:57:21] (0s)  >>> Full cache hit cached_DataFlowImplCommon::Cached::hiddenNode/1#ac976116/1@9b0997f4 with 186709 rows and digest 1b2e1fhf2rgsdj6qj4imjhj8uva.
[2026-10-08 00:57:21] (0s)  >>> Full cache hit cached_DataFlowPrivate::TInoutReturnNode#f5770b67/2@d8d1c38i with 37880 rows and digest 32b4d3p8sc8kuimvr69sfklerkf.
[2026-10-08 00:57:21] (0s)  >>> Full cache hit cached_DataFlowPrivate::TClosureSelfParameterNode#f8e349f2/2@69648044 with 1 rows and digest 467e566vi4l6hcpo2fahmfufjr6.
[2026-10-08 00:57:21] (0s)  >>> Full cache hit cached_ControlFlowGraphImplSpecific::CfgImpl::Cached::TAnnotatedExitNode#059eb84b/3@b48f18ob with 20106 rows and digest e737c1cr8rb54ft5l0mmvbecidb.
[2026-10-08 00:57:21] (0s)  >>> Full cache hit cached_Ssa::Ssa::Definition.getLocation/0#dispred#691037b0/2@97b9323r with 7490 rows and digest 76b61bqo88ojtdvvrohb02a5md4.
[2026-10-08 00:57:21] (0s)  >>> Full cache hit cached_Ssa::Ssa::WriteDefinition.getLocation/0#dispred#169c6dd0/2@65bf7a9o with 7490 rows and digest 76b61bqo88ojtdvvrohb02a5md4.
[2026-10-08 00:57:21] (0s)  >>> Full cache hit cached_DataFlowPrivate::TSsaDefinitionNode#9016dacf/2@dc083bqj with 7490 rows and digest 81daa7c6ctb3aar074lme055qac.
[2026-10-08 00:57:21] (0s)  >>> Full cache hit cached_DataFlowPublic::Node.getLocation/0#dispred#218f9c4f/2@946376pq with 148537 rows and digest 78a9c06helubs4s49l9ldngagpb.
[2026-10-08 00:57:21] (0s)  >>> Full cache hit cached_File::File.splitAbsolutePath/2#dispred#958b917e/3@4ac935if with 2088 rows and digest a7621fp52fci2tjch53or0a6hb5.
[2026-10-08 00:57:21] (0s)  >>> Full cache hit cached_DataFlowPrivate::simpleLocalFlowStep/3#f578cb74/3@c92540fb with 22522 rows and digest ed598a4kb5703usj5bp5fmukg97.
[2026-10-08 00:57:21] (0s)  >>> Full cache hit cached_DataFlowImplCommon::Cached::viableReturnPosOut/3#e491fd7a/3@3ed35cjb with 3441 rows and digest bbf75794a0mubvfe4vltsr4o7qb.
[2026-10-08 00:57:21] (0s)  >>> Full cache hit cached_DataFlowImplCommon::Cached::viableParamArg/3#41225d58/3@95a7c0ue with 3431 rows and digest 66685b4sv1i312v9js3cnqb6pg9.
[2026-10-08 00:57:21] (0s)  >>> First-level cache hit cached_DataFlowImplCommon::Cached::viableCallableLambda/2#569997f7/3@c583a5p4 with empty relation.
[2026-10-08 00:57:21] (0s)  >>> Full cache hit cached_DataFlowImplCommon::Cached::storeSet/5#7ce5bb55/5@ba99bbnm with 2032 rows and digest acd895vvtbsjqgamr66hbaivh2b.
[2026-10-08 00:57:21] (0s)  >>> Full cache hit cached_DataFlowDispatch::viableCallable/1#5eecc2c6/2@8800e9am with 1723 rows and digest 369feee2vd3dnom90mommvkce80.
[2026-10-08 00:57:21] (0s)  >>> Full cache hit cached_DataFlowImplCommon::Cached::simpleLocalFlowStepExt/3#1f0f0bae/3@590881o7 with 22522 rows and digest ed598a4kb5703usj5bp5fmukg97.
[2026-10-08 00:57:21] (0s)  >>> Full cache hit cached_DataFlowImplCommon::Cached::readSet/3#8d748272/3@1d3863ro with 647 rows and digest b63bc532cis1vnr6qo6o8ru233d.
[2026-10-08 00:57:21] (0s)  >>> Full cache hit cached_DataFlowImplCommon::Cached::getValueReturnPosition/1#ae599c3d/2@f6d5ec4h with 22987 rows and digest fcc0e56531bamt13oo48ku5kidd.
[2026-10-08 00:57:21] (0s)  >>> Full cache hit cached_DataFlowImplCommon::Cached::getAnOutNodeEx/2#59b3d371/3@66ad0ddl with 15827 rows and digest b40d52r0cuv3180ff0lub716oha.
[2026-10-08 00:57:21] (0s)  >>> Full cache hit cached_ControlFlowGraphImplSpecific::CfgImpl::Cached::Public::forceCachingInSameStage/0#19d0b30a/0@a80d27a0 with 1 rows and digest ac90f0ei322hhreshlvdl215c38.
[2026-10-08 00:57:21] (0s)  >>> Full cache hit cached_DataFlowImplCommon::Cached::getParamReturnPosition/2#5c158f3c/3@4a904a08 with 4210 rows and digest 02799ee6hie2d5i09al1mgd8d7c.
[2026-10-08 00:57:21] (0s)  >>> Full cache hit cached_DataFlowImplCommon::Cached::TReturnPosition#fe708567/1@0e4d56q2 with 26964 rows and digest 017901v029cdgnbl0mbds54gk3b.
[2026-10-08 00:57:21] (0s)  >>> Full cache hit cached_DataFlowImplCommon::Cached::TReturnKindExt#77930fe1/1@be0a1d3j with 70 rows and digest 557763qasre9357m9op7uaq1d0a.
[2026-10-08 00:57:21] (0s)  >>> Full cache hit cached_DataFlowImplCommon::Cached::TReturnCtx#7b96ae2f/1@c218e297 with 26966 rows and digest 611c3ft6ns2fle8sjgh4b0v62n8.
[2026-10-08 00:57:21] (0s)  >>> Full cache hit cached_DataFlowImplCommon::Cached::TCallSome#32798910/2@5e6fc9mk with 6263 rows and digest afc10fc4r7listgkaer35sfe0a0.
[2026-10-08 00:57:21] (0s)  >>> Full cache hit cached_DataFlowImplCommon::Cached::TNodeEx#0ca5e413/1@d9b82cnb with 366315 rows and digest 3233938g39d8efqrg2vlt1fmib9.
[2026-10-08 00:57:21] (0s)  >>> Full cache hit cached_DataFlowImplCommon::Cached::TCallOption#665e01f1/1@c87c87t1 with 6264 rows and digest 4935f90gomqvetqrdjo2j33dp7c.
[2026-10-08 00:57:21] (0s)  >>> Full cache hit cached_DataFlowImplCommon::Cached::TCallNone#26c9fa9f/1@5abfd63o with 1 rows and digest 19f2cevarof1fbaqkctt3t43if4.
[2026-10-08 00:57:21] (0s)  >>> Full cache hit cached_DataFlowImplCommon::Cached::TCallEdge#bef1fcde/1@c0770cg5 with 1723 rows and digest a1379a78vp4sd3j441havjm8gt4.
[2026-10-08 00:57:21] (0s)  >>> Full cache hit cached_DataFlowImplCommon::Cached::TBooleanOption#0697de85/1@5e035b3r with 3 rows and digest 1e437594k4lrub4j1rp8ks3g8h1.
[2026-10-08 00:57:21] (0s)  >>> Full cache hit cached_DataFlowImplCommon::Cached::TApproxAccessPathFrontOption#d7cf62e3/1@0011eeus with 7 rows and digest 2681fe98brgn6oaonf7raenuo1a.
[2026-10-08 00:57:21] (0s)  >>> Full cache hit cached_DataFlowImplCommon::Cached::TAccessPathFrontOption#132601d5/1@d5d2193v with 93362 rows and digest 3e097b77an9mqqvvlosknvjot04.
[2026-10-08 00:57:21] (0s)  >>> Full cache hit cached_DataFlowImplCommon::Cached::TApproxAccessPathFront#d202b2ba/1@20f1b2av with 6 rows and digest ae9acd4qfa35i65ck0grjmghsn7.
[2026-10-08 00:57:21] (0s)  >>> Full cache hit cached_DataFlowImplCommon::Cached::TAccessPathFront#c597a147/1@76e43315 with 93361 rows and digest 6cd2fae9a33s3sq3669nkg4knva.
[2026-10-08 00:57:21] (0s)  >>> Full cache hit cached_DataFlowImplCommon::Cached::FlowThrough::Final::argumentValueFlowsThrough/4#ed9bf48a/4@c4ad2avs with 1708 rows and digest 0c00d3cdib1bs88k4cfsm7l54j5.
[2026-10-08 00:57:21] (0s)  >>> Full cache hit cached_DataFlowDispatch::TPropertySetterCall#40faa5db/2@132bca0l with 981 rows and digest c8a66dcovlpjn9kof6rheeit7r2.
[2026-10-08 00:57:21] (0s)  >>> Full cache hit cached_DataFlowDispatch::TPropertyGetterCall#1947d166/2@1efd28ag with 15 rows and digest bfbbf23jd2el6mj2g20pklept38.
[2026-10-08 00:57:21] (0s)  >>> Full cache hit cached_DataFlowDispatch::TDataFlowCallable#f0c071b4/1@e13c83vl with 21586 rows and digest 5ed6a1l77ofo77l3loph3uohate.
[2026-10-08 00:57:21] (0s)  >>> Full cache hit cached_DataFlowPrivate::CaptureFlow::Cached::ref/0#6e84d036/0@c876115v with 1 rows and digest ac90f0ei322hhreshlvdl215c38.
[2026-10-08 00:57:21] (0s)  >>> Full cache hit cached_Ssa::Ssa::WriteDefinition#6f0bfc93/1@f1bb8421 with 7490 rows and digest 2c032ch7dn74c2auef93ddam155.
[2026-10-08 00:57:21] (0s)  >>> First-level cache hit cached_Ssa::Ssa::SsaImpl::TPhiReadNode#2ad49514/3@b78fabt8 with empty relation.
[2026-10-08 00:57:21] (0s)  >>> Full cache hit cached_Ssa::Ssa::SsaImpl::TDefinitionExt#2232bc4d/1@8d50abvp with 7490 rows and digest 2c032ch7dn74c2auef93ddam155.
[2026-10-08 00:57:21] (0s)  >>> Full cache hit cached_Splitting::TConditionalCompletionSplitKind#174cd667/1@0195d44a with 1 rows and digest 19f2cevarof1fbaqkctt3t43if4.
[2026-10-08 00:57:21] (0s)  >>> Full cache hit cached_Splitting::TSplit#80b510fb/1@dff168l5 with 6 rows and digest ae9acd4qfa35i65ck0grjmghsn7.
[2026-10-08 00:57:21] (0s)  >>> Full cache hit cached_Splitting::TConditionalCompletionSplit#a476a87b/2@84a332o8 with 6 rows and digest 34b344o3vl2odbh9k15bmj2bdia.
[2026-10-08 00:57:21] (0s)  >>> Full cache hit cached_ControlFlowGraphImplSpecific::CfgImpl::Cached::splitsToString/1#ac4b523a/2@651905i8 with 1 rows and digest 21a913top5a6p7rho01cvfkrh42.
[2026-10-08 00:57:21] (0s)  >>> Full cache hit cached_ControlFlowGraphImplSpecific::CfgImpl::Cached::TSplitsNil#a1ff069e/1@753f4d0d with 1 rows and digest 19f2cevarof1fbaqkctt3t43if4.
[2026-10-08 00:57:21] (0s)  >>> First-level cache hit cached_ControlFlowGraphImplSpecific::CfgImpl::Cached::TSplitsCons#9c4dc943#origOrder/3@d94792sl with empty relation.
[2026-10-08 00:57:21] (0s)  >>> Full cache hit cached_ControlFlowGraphImplSpecific::CfgImpl::Cached::TSplits#050a968d/1@a5efd043 with 1 rows and digest 19f2cevarof1fbaqkctt3t43if4.
[2026-10-08 00:57:21] (0s)  >>> Full cache hit cached_ControlFlowGraphImplSpecific::CfgImpl::Cached::getJoinBlockPredecessor/2#1fdcc2e0/3@278807ct with 9 rows and digest ec611ckostvmu2omp966l3nu1o7.
[2026-10-08 00:57:21] (0s)  >>> Full cache hit cached_ControlFlowGraphImplSpecific::CfgImpl::Cached::TNode#c71108ec/1@ee790791 with 146605 rows and digest a8d91708a2k2n1dqvflr8tsabua.
[2026-10-08 00:57:21] (0s)  >>> Full cache hit cached_ControlFlowGraphImplSpecific::CfgImpl::Cached::Public::getAControlFlowExitNode/1#310bcd9a/2@43117du6 with 317670 rows and digest cdd97879csmvqig6ln7k40942g3.
[2026-10-08 00:57:21] (0s)  >>> Full cache hit cached_ControlFlowGraphImplSpecific::CfgImpl::ControlFlowTree.first/1#dispred#c2911af9/2@2d1b33te with 317654 rows and digest b9cde9brm69ad3s9q0qhlga5gs9.
[2026-10-08 00:57:21] (0s)  >>> Full cache hit cached_BasicBlock::Make<Location::Location,BasicBlocks::BasicBlocksImpl::BasicBlockInputSig>::Cached::bbIPostDominates/2#9e1c610b/2@fc710bft with 15 rows and digest 2ae750017egf90ejl9mvth0dsi2.
[2026-10-08 00:57:21] (0s)  >>> Full cache hit cached_BasicBlock::Make<Location::Location,BasicBlocks::BasicBlocksImpl::BasicBlockInputSig>::Cached::TBasicBlock#c2fef76e/1@4a8efbi3 with 20122 rows and digest f67604vas3buv6541ugj44sjf06.
[2026-10-08 00:57:21] (0s)  >>> Full cache hit cached_Scope::scopeOfAst/1#bbeab029/2@444468u9 with 167660 rows and digest b5a123e7a707qksq947nfelq544.
[2026-10-08 00:57:21] (0s)  >>> Full cache hit cached_Scope::getParentOfAst/1#4c41cdcc/2@df7f14cf with 271348 rows and digest 7c0173otqc5c2o1fpmoappkq3if.
[2026-10-08 00:57:21] (0s) Starting to evaluate predicate Synth::Synth::TStructDecl#ed4ba2ab_1#join_rhs/1@593bc09n
[2026-10-08 00:57:21] (0s) Starting to evaluate predicate Synth::Synth::TClassDecl#c6294075_1#join_rhs/1@7b86abmc
[2026-10-08 00:57:21] (0s)  >>> Created relation Synth::Synth::TStructDecl#ed4ba2ab_1#join_rhs/1@593bc09n with 2835 rows and digest 07398beti97ehnjg59jk1apd524.
[2026-10-08 00:57:21] (0s)  >>> Created relation Synth::Synth::TClassDecl#c6294075_1#join_rhs/1@7b86abmc with 530 rows and digest 9e5bafncrdnv44ge2p2ti4cunm9.
[2026-10-08 00:57:21] (0s) Starting to evaluate predicate AstNodeImpl::Impl::Cached::getEnclosingDecl/1#e19d473b_10#join_rhs/2@410ae4ft
[2026-10-08 00:57:21] (0s) Starting to evaluate predicate const_true/1@52b5461n
[2026-10-08 00:57:21] (0s)  >>> Created relation const_true/1@52b5461n with 1 rows and digest 2f52f69b4v40kdj6h1qirqifhpf.
[2026-10-08 00:57:21] (0s) Starting to evaluate predicate TypeDecl::TypeDecl.getFullName/0#bfa7889c_10#join_rhs/2@c4fd3cjg
[2026-10-08 00:57:21] (0s)  >>> Created relation TypeDecl::TypeDecl.getFullName/0#bfa7889c_10#join_rhs/2@c4fd3cjg with 15777 rows and digest 9d28e8rh0uo3f60ckopf6pirju8.
[2026-10-08 00:57:21] (0s) Starting to evaluate predicate ControlFlowGraphImplSpecific::CfgImpl::Cached::Public::getNodeCfgScope/1#0b45c2c9_10#join_rhs/2@3300871l
[2026-10-08 00:57:21] (0s)  >>> Created relation ControlFlowGraphImplSpecific::CfgImpl::Cached::Public::getNodeCfgScope/1#0b45c2c9_10#join_rhs/2@3300871l with 146605 rows and digest 8f0f52ntursniah5fdo1a2ur4q4.
[2026-10-08 00:57:21] (0s) Starting to evaluate predicate DataFlowPrivate::TExprNode#c082ac4f_12#join_rhs/2@462e062p
[2026-10-08 00:57:21] (0s)  >>> Created relation DataFlowPrivate::TExprNode#c082ac4f_12#join_rhs/2@462e062p with 39349 rows and digest 4c6694mh7n9cef3u6qiofso0g69.
[2026-10-08 00:57:21] (0s) Starting to evaluate predicate DataFlowPrivate::TFieldContent#27bb7cd4_10#join_rhs/2@490a331u
[2026-10-08 00:57:21] (0s)  >>> Created relation DataFlowPrivate::TFieldContent#27bb7cd4_10#join_rhs/2@490a331u with 18400 rows and digest 6bd9ecm3lc5s4st5kvlctlfgql1.
[2026-10-08 00:57:21] (0s) Starting to evaluate predicate DataFlowPrivate::TFlowSummaryNode#42a164d7_10#join_rhs/2@dcb9f73n
[2026-10-08 00:57:21] (0s)  >>> Created relation DataFlowPrivate::TFlowSummaryNode#42a164d7_10#join_rhs/2@dcb9f73n with 5195 rows and digest 08ecf58fd4akjg1nl92go351esd.
[2026-10-08 00:57:21] (0s) Starting to evaluate predicate DataFlowPrivate::CaptureFlow::capturePostUpdateNode/2#9c18c017/2@3e05a1u6
[2026-10-08 00:57:21] (0s)  >>> Created relation DataFlowPrivate::CaptureFlow::capturePostUpdateNode/2#9c18c017/2@3e05a1u6 with 0 rows and digest THIS-RELATION-HAS-NO-TUPLES.
[2026-10-08 00:57:21] (0s) Starting to evaluate predicate FlowSteps::TaintInheritingContent#7e1da0af#join_rhs#CSE#1/1@473b815f
[2026-10-08 00:57:21] (0s)  >>> Created relation FlowSteps::TaintInheritingContent#7e1da0af#join_rhs#CSE#1/1@473b815f with 16 rows and digest 26f3c516o8l9cjejmirn1mo1sj2.
[2026-10-08 00:57:21] (0s) Starting to evaluate predicate FlowSteps::TaintInheritingContent#7e1da0af#join_rhs#CSE/1@0a7d14bf
[2026-10-08 00:57:21] (0s)  >>> Created relation FlowSteps::TaintInheritingContent#7e1da0af#join_rhs#CSE/1@0a7d14bf with 29 rows and digest 875611jmr6flkjo4m3sshtif2b4.
[2026-10-08 00:57:21] (0s) Starting to evaluate predicate DataFlowImplCommon::ParamUpdateReturnKind.getAMatchingArgumentPosition/0#cfc37f43/2@f1c9f4u6
[2026-10-08 00:57:21] (0s)  >>> Created relation DataFlowImplCommon::ParamUpdateReturnKind.getAMatchingArgumentPosition/0#cfc37f43/2@f1c9f4u6 with 4 rows and digest cf1fa9l09bp1ootmo1s8pu3l830.
[2026-10-08 00:57:21] (0s)  >>> Created relation AstNodeImpl::Impl::Cached::getEnclosingDecl/1#e19d473b_10#join_rhs/2@410ae4ft with 270963 rows and digest 7b40bce9r5o3a021o3h63jjqk92.
[2026-10-08 00:57:21] (0s)  >>> Created relation var_decls/3@39f6a1q0 with 121108 rows and digest 79ed89qpptev2bccsorqbutc219.
[2026-10-08 00:57:21] (0s) Starting to evaluate predicate Synth::Synth::convertVarDeclToRaw/1#18475740/2@993cd6pp
[2026-10-08 00:57:21] (0s)  >>> Created relation type_decls/3@77b615l0 with 15777 rows and digest 521de6tnufaf3m00cqfjh2njcj5.
[2026-10-08 00:57:21] (0s)  >>> Created relation type_decl_inherited_types/3@0e08d2i9 with 2579 rows and digest 0124a4oadobicrdbnfqkgn7k3k1.
[2026-10-08 00:57:21] (0s)  >>> Created relation decl_members/3@41f6cbb2 with 53523 rows and digest 4c4480r8opr2dva5r0ib02kk918.
[2026-10-08 00:57:21] (0s)  >>> Created relation decls/2@40b5241e with 209062 rows and digest a62315isbdscs5vgt7te439tcq7.
[2026-10-08 00:57:21] (0s) Starting to evaluate predicate m#Synth::Synth::convertDeclToRaw/1#b63039ab#fb/1@baddbav4
[2026-10-08 00:57:21] (0s)  >>> Created relation Synth::Synth::convertVarDeclToRaw/1#18475740/2@993cd6pp with 121108 rows and digest 705eferibqho8dste8u7eqekqi9.
[2026-10-08 00:57:21] (0s) Starting to evaluate predicate Synth::Synth::convertVarDeclToRaw/1#18475740_10#join_rhs/2@63fc31nf
[2026-10-08 00:57:21] (0s)  >>> Created relation Synth::Synth::convertVarDeclToRaw/1#18475740_10#join_rhs/2@63fc31nf with 121108 rows and digest 7720cdtbko3057ejno6nsduhdu2.
[2026-10-08 00:57:21] (0s) Starting to evaluate predicate VarDecl::Generated::VarDecl.getName/0#dispred#02eda0d8/2@b044b9jh
[2026-10-08 00:57:21] (0s)  >>> Created relation m#Synth::Synth::convertDeclToRaw/1#b63039ab#fb/1@baddbav4 with 209062 rows and digest 7ac724s000grfp3funiqpilehjb.
[2026-10-08 00:57:21] (0s) Starting to evaluate predicate m#Synth::Synth::convertTypeDeclToRaw/1#114006c7#fb/1@ba10341o
[2026-10-08 00:57:21] (0s)  >>> Created relation m#Synth::Synth::convertTypeDeclToRaw/1#114006c7#fb/1@ba10341o with 209062 rows and digest 7ac724s000grfp3funiqpilehjb.
[2026-10-08 00:57:21] (0s)  >>> Created relation nominal_type_decls/2@459595c7 with 4050 rows and digest 93f9bdsik8ee8ek21t6hs0hbrj4.
[2026-10-08 00:57:21] (0s) Starting to evaluate predicate m#Synth::Synth::convertNominalTypeDeclToRaw/1#3ed20115#fb/1@06e675p4
[2026-10-08 00:57:21] (0s)  >>> Created relation VarDecl::Generated::VarDecl.getName/0#dispred#02eda0d8/2@b044b9jh with 121108 rows and digest a25be9ik4j2suj2j44s0gb7klva.
[2026-10-08 00:57:21] (0s)  >>> Created relation callable_names/2@71b1fcij with 57176 rows and digest 7d6d44g726s1n4tjbp1g4tr1b56.
[2026-10-08 00:57:21] (0s)  >>> Created relation m#Synth::Synth::convertNominalTypeDeclToRaw/1#3ed20115#fb/1@06e675p4 with 209062 rows and digest 7ac724s000grfp3funiqpilehjb.
[2026-10-08 00:57:21] (0s)  >>> Created relation callable_bodies/2@b8320d8g with 20106 rows and digest 8f7c35mi5uf8ba3s376va1dcg2c.
[2026-10-08 00:57:21] (0s)  >>> Created relation callable_self_params/2@d586aek2 with 36590 rows and digest 38eb15jahbshvquq84576dmtsce.
[2026-10-08 00:57:21] (0s)  >>> Created relation callable_params/3@e626e1d0 with 48318 rows and digest 975194ofms1nv46p6f5s803870e.
[2026-10-08 00:57:21] (0s) Starting to evaluate predicate Synth::Synth::convertNominalTypeDeclToRaw/1#3ed20115#fb/2@936da5vp
[2026-10-08 00:57:21] (0s) Starting to evaluate predicate m#Synth::Synth::convertCallableToRaw/1#52a2f9a1#fb/1@4b39fc6f
[2026-10-08 00:57:21] (0s)  >>> Created relation Synth::Synth::convertNominalTypeDeclToRaw/1#3ed20115#fb/2@936da5vp with 4050 rows and digest 2a33b3irjkihu7tsrham2s32293.
[2026-10-08 00:57:21] (0s) Starting to evaluate predicate Synth::Synth::convertNominalTypeDeclToRaw/1#3ed20115#fb_10#join_rhs/2@afb13fdl
[2026-10-08 00:57:21] (0s)  >>> Created relation Synth::Synth::convertNominalTypeDeclToRaw/1#3ed20115#fb_10#join_rhs/2@afb13fdl with 4050 rows and digest 8bb643rsdb6uhfe3nfj00iql9d1.
[2026-10-08 00:57:21] (0s) Starting to evaluate predicate Synth::Synth::convertTypeDeclToRaw/1#114006c7#fb/2@2436016l
[2026-10-08 00:57:21] (0s)  >>> Created relation m#Synth::Synth::convertCallableToRaw/1#52a2f9a1#fb/1@4b39fc6f with 57177 rows and digest 58e090arhg20ho2ct2gl8l5gmvd.
[2026-10-08 00:57:21] (0s)  >>> Created relation Synth::Synth::convertTypeDeclToRaw/1#114006c7#fb/2@2436016l with 15777 rows and digest 6c6d1794o6rg3trltkcg97eokoa.
[2026-10-08 00:57:21] (0s) Starting to evaluate predicate Synth::Synth::convertTypeDeclToRaw/1#114006c7#fb_10#join_rhs/2@10040amr
[2026-10-08 00:57:21] (0s)  >>> Created relation Synth::Synth::convertTypeDeclToRaw/1#114006c7#fb_10#join_rhs/2@10040amr with 15777 rows and digest 0758af6n0fg26v8mr0ui8sl1do4.
[2026-10-08 00:57:21] (0s)  >>> Created relation expr_types/2@4b7fa23d with 40303 rows and digest bdf9bf5nhiugblobvfjohsgrol3.
[2026-10-08 00:57:21] (0s) Starting to evaluate predicate TypeDecl::Generated::TypeDecl.getName/0#dispred#9d4d687f/2@015763eu
[2026-10-08 00:57:21] (0s) Starting to evaluate predicate m#Synth::Synth::convertFunctionToRaw/1#f2c987f6#fb/1@52da95jd
[2026-10-08 00:57:21] (0s)  >>> Created relation TypeDecl::Generated::TypeDecl.getName/0#dispred#9d4d687f/2@015763eu with 15777 rows and digest 063384rc674jfakkn77kuu0bd09.
[2026-10-08 00:57:21] (0s) Starting to evaluate predicate m#Synth::Synth::convertClosureExprToRaw/1#54e3c165#fb/1@4a54aeas
[2026-10-08 00:57:21] (0s)  >>> Created relation m#Synth::Synth::convertClosureExprToRaw/1#54e3c165#fb/1@4a54aeas with 97479 rows and digest f1bfc97koro3r7nb27nm79tjord.
[2026-10-08 00:57:21] (0s) Starting to evaluate predicate Synth::Synth::convertClosureExprToRaw/1#54e3c165#fb/2@4702fe9g
[2026-10-08 00:57:21] (0s)  >>> Created relation Synth::Synth::convertClosureExprToRaw/1#54e3c165#fb/2@4702fe9g with 1 rows and digest b8ec8asu34sen9ra9sjibde6m04.
[2026-10-08 00:57:21] (0s) Starting to evaluate predicate Synth::Synth::convertClosureExprToRaw/1#54e3c165#fb_10#join_rhs/2@e7b989tm
[2026-10-08 00:57:21] (0s)  >>> Created relation Synth::Synth::convertClosureExprToRaw/1#54e3c165#fb_10#join_rhs/2@e7b989tm with 1 rows and digest 3642bcbej32sokoa6iu5m633110.
[2026-10-08 00:57:21] (0s)  >>> Created relation decl_ref_exprs/2@044852ho with 12258 rows and digest 15603ak4vidp7fv3791it98c5b2.
[2026-10-08 00:57:21] (0s)  >>> Created relation brace_stmt_elements/3@2ed167s4 with 23211 rows and digest 348afea85b6p4h1i83pestttsd8.
[2026-10-08 00:57:21] (0s) Starting to evaluate predicate brace_stmt_elements_2#join_rhs/1@3ff312ge
[2026-10-08 00:57:21] (0s)  >>> Created relation brace_stmt_elements_2#join_rhs/1@3ff312ge with 23211 rows and digest 933b081hp2g86hd3tpil7meqn5c.
[2026-10-08 00:57:21] (0s)  >>> Created relation lookup_expr_members/2@3e469ask with 1377 rows and digest 84437egq026d954l5rvvaoeqqp4.
[2026-10-08 00:57:21] (0s) Starting to evaluate predicate m#@decl#b/1@4da8868t
[2026-10-08 00:57:21] (0s)  >>> Created relation m#Synth::Synth::convertFunctionToRaw/1#f2c987f6#fb/1@52da95jd with 209063 rows and digest 86b18cm38gj4hu86t2dg722vn86.
[2026-10-08 00:57:21] (0s) Starting to evaluate predicate Synth::Synth::convertFunctionToRaw/1#f2c987f6#fb/2@2fc707hs
[2026-10-08 00:57:21] (0s)  >>> Created relation m#@decl#b/1@4da8868t with 83585 rows and digest acaf89555v2k191sqrrooi4rc1e.
[2026-10-08 00:57:21] (0s)  >>> Created relation precedence_group_decls/1@dc81cfgr with 13 rows and digest 6cf46ebmk2qfndphegmiigq7ulf.
[2026-10-08 00:57:21] (0s)  >>> Created relation postfix_operator_decls/1@f1155ba8 with 3 rows and digest 90ce89ibmird4k3bth7t460aaoe.
[2026-10-08 00:57:21] (0s)  >>> Created relation prefix_operator_decls/1@a5761d9k with 9 rows and digest e2ff22svtsiv8q6c6kqjvdt66h2.
[2026-10-08 00:57:21] (0s)  >>> Created relation pattern_binding_decls/1@817345rq with 7701 rows and digest 756b27mfioelccr4ss86egpv9ce.
[2026-10-08 00:57:21] (0s)  >>> Created relation infix_operator_decls/1@542acc28 with 57 rows and digest ef4bd41cnsqccr254ovrqmg10b4.
[2026-10-08 00:57:21] (0s)  >>> Created relation if_config_decls/1@208afckh with 0 rows and digest THIS-RELATION-HAS-NO-TUPLES.
[2026-10-08 00:57:21] (0s) Inferred that Synth::Synth::TIfConfigDecl#43f53a30/2@8c6010o2 is empty, due to if_config_decls/1@208afckh.
[2026-10-08 00:57:21] (0s)  >>> Created relation enum_case_decls/1@101dc6l7 with 0 rows and digest THIS-RELATION-HAS-NO-TUPLES.
[2026-10-08 00:57:21] (0s) Inferred that Synth::Synth::TEnumCaseDecl#6ce3f6d5/2@a9af663c is empty, due to enum_case_decls/1@101dc6l7.
[2026-10-08 00:57:21] (0s)  >>> Created relation import_decls/1@27a51djl with 1 rows and digest 3da362aabsv9l3jb47b6a9amvaa.
[2026-10-08 00:57:21] (0s)  >>> Created relation using_decls/1@279279sq with 0 rows and digest THIS-RELATION-HAS-NO-TUPLES.
[2026-10-08 00:57:21] (0s) Inferred that Synth::Synth::TUsingDecl#e0cbe509/2@53d38e42 is empty, due to using_decls/1@279279sq.
[2026-10-08 00:57:21] (0s)  >>> Created relation top_level_code_decls/2@c01aceuh with 0 rows and digest THIS-RELATION-HAS-NO-TUPLES.
[2026-10-08 00:57:21] (0s) Inferred that Synth::Synth::TTopLevelCodeDecl#dom#2d796e7e/1@1dd795nq is empty, due to top_level_code_decls/2@c01aceuh.
[2026-10-08 00:57:21] (0s) Inferred that Synth::Synth::TTopLevelCodeDecl#fb4ec4ee/2@a3f2a4ns is empty, due to Synth::Synth::TTopLevelCodeDecl#dom#2d796e7e/1@1dd795nq.
[2026-10-08 00:57:21] (0s)  >>> Created relation pound_diagnostic_decls/3@873c8ftu with 0 rows and digest THIS-RELATION-HAS-NO-TUPLES.
[2026-10-08 00:57:21] (0s) Inferred that Synth::Synth::TPoundDiagnosticDecl#dom#ba2ff1ef/1@1dd2946r is empty, due to pound_diagnostic_decls/3@873c8ftu.
[2026-10-08 00:57:21] (0s) Inferred that Synth::Synth::TPoundDiagnosticDecl#d3399477/2@bc80c1ru is empty, due to Synth::Synth::TPoundDiagnosticDecl#dom#ba2ff1ef/1@1dd2946r.
[2026-10-08 00:57:21] (0s)  >>> Created relation missing_member_decls/2@931f7cc1 with 2 rows and digest 318b10g38d3rpr9notpv5jluu52.
[2026-10-08 00:57:21] (0s)  >>> Created relation extension_decls/2@1342cehc with 4471 rows and digest 267798cu88h8phm94go30e2lph0.
[2026-10-08 00:57:21] (0s)  >>> Created relation captured_decls/2@a4f9c8tb with 0 rows and digest THIS-RELATION-HAS-NO-TUPLES.
[2026-10-08 00:57:21] (0s) Inferred that Synth::Synth::TCapturedDecl#dom#c375cf90/1@d5b5c5se is empty, due to captured_decls/2@a4f9c8tb.
[2026-10-08 00:57:21] (0s) Inferred that Synth::Synth::TCapturedDecl#676ccadd/2@293dbbt9 is empty, due to Synth::Synth::TCapturedDecl#dom#c375cf90/1@d5b5c5se.
[2026-10-08 00:57:21] (0s)  >>> Created relation key_path_component_decl_refs/2@6fcc3c9l with 0 rows and digest THIS-RELATION-HAS-NO-TUPLES.
[2026-10-08 00:57:21] (0s) Starting to evaluate predicate m#@value_decl#b/1@fbc43c5h
[2026-10-08 00:57:21] (0s)  >>> Created relation m#@value_decl#b/1@fbc43c5h with 83585 rows and digest acaf89555v2k191sqrrooi4rc1e.
[2026-10-08 00:57:21] (0s)  >>> Created relation generic_type_param_decls/1@ce38f0ie with 6503 rows and digest dea181es3pk8ca7hk6j8khqhmpb.
[2026-10-08 00:57:21] (0s)  >>> Created relation associated_type_decls/1@efc09cpv with 124 rows and digest fbda57bsb68184eo4josd0un633.
[2026-10-08 00:57:21] (0s)  >>> Created relation module_decls/1@27c90e46 with 965 rows and digest 8e3292h8m6j6io3s3qj77i1g1bd.
[2026-10-08 00:57:21] (0s)  >>> Created relation param_decls/1@b3d4dang with 85648 rows and digest 0df8ca681u29m18babgm5p6969c.
[2026-10-08 00:57:21] (0s)  >>> Created relation Synth::Synth::convertFunctionToRaw/1#f2c987f6#fb/2@2fc707hs with 57176 rows and digest 2e4c22hoasnv14036u223j701na.
[2026-10-08 00:57:21] (0s)  >>> Created relation subscript_decls/2@9e8df814 with 408 rows and digest 722516g57v9ef18ht8r46430v71.
[2026-10-08 00:57:21] (0s) Starting to evaluate predicate Synth::Synth::convertCallableToRaw/1#52a2f9a1#fb/2@106a22b8
[2026-10-08 00:57:21] (0s)  >>> Created relation macro_decls/2@8fc48fc2 with 22 rows and digest 6b414d5gmiqdjosf7uttofl1c40.
[2026-10-08 00:57:21] (0s)  >>> Created relation enum_element_decls/2@ff8888v9 with 2314 rows and digest ab8086l8mg558f0up821b1v8d08.
[2026-10-08 00:57:21] (0s)  >>> Created relation concrete_var_decls/2@a69a69po with 35460 rows and digest 676955uej738dbjv8noc078rbn7.
[2026-10-08 00:57:21] (0s) Starting to evaluate predicate m#@function#b/1@89b6cdb0
[2026-10-08 00:57:21] (0s)  >>> Created relation m#@function#b/1@89b6cdb0 with 83585 rows and digest acaf89555v2k191sqrrooi4rc1e.
[2026-10-08 00:57:21] (0s)  >>> Created relation named_functions/1@d5b724c9 with 18019 rows and digest 2a03ffq8vtm17a3labsmkivr924.
[2026-10-08 00:57:21] (0s)  >>> Created relation deinitializers/1@076ff3rb with 121 rows and digest 1860cfp14cjgc5t37c6jo3hjoi9.
[2026-10-08 00:57:21] (0s)  >>> Created relation initializers/1@5652adjm with 8627 rows and digest 560d8e5iotaffk3lop9lhscqai3.
[2026-10-08 00:57:21] (0s)  >>> Created relation accessors/1@fe28a6f4 with 30409 rows and digest 5e87945sftpqvkg69skk6eq0192.
[2026-10-08 00:57:21] (0s)  >>> Created relation any_generic_types/2@f8ff4897 with 13288 rows and digest a3a34a8es311qkutkpt6evmfvo4.
[2026-10-08 00:57:21] (0s) Starting to evaluate predicate m#@generic_type_decl#b/1@e4eb3001
[2026-10-08 00:57:21] (0s)  >>> Created relation m#@generic_type_decl#b/1@e4eb3001 with 86650 rows and digest 9a0aa6tmj579uoq04ohgv9d8ea5.
[2026-10-08 00:57:21] (0s)  >>> Created relation Synth::Synth::convertCallableToRaw/1#52a2f9a1#fb/2@106a22b8 with 57177 rows and digest 4e05cfs74eov47670trs49l6nrd.
[2026-10-08 00:57:21] (0s) Starting to evaluate predicate Synth::Synth::convertCallableToRaw/1#52a2f9a1#fb_10#join_rhs/2@b5dabbog
[2026-10-08 00:57:21] (0s)  >>> Created relation type_alias_decls/2@e3831fo8 with 4123 rows and digest cdc5d7rtmaedio0ge73ihgkfs52.
[2026-10-08 00:57:21] (0s)  >>> Created relation opaque_type_decls/2@de6b2cp6 with 12 rows and digest 11fcf4u3cilgjh2f9hcptgv0eud.
[2026-10-08 00:57:21] (0s) Starting to evaluate predicate m#@nominal_type_decl#b/1@29c56bvc
[2026-10-08 00:57:21] (0s)  >>> Created relation Synth::Synth::convertCallableToRaw/1#52a2f9a1#fb_10#join_rhs/2@b5dabbog with 57177 rows and digest 0cf97b1u67m57qf874igjpat0t7.
[2026-10-08 00:57:21] (0s) Starting to evaluate predicate Callable::Generated::Callable.getName/0#dispred#1a768ff1/2@ac637eam
[2026-10-08 00:57:21] (0s)  >>> Created relation m#@nominal_type_decl#b/1@29c56bvc with 86650 rows and digest 9a0aa6tmj579uoq04ohgv9d8ea5.
[2026-10-08 00:57:21] (0s)  >>> Created relation protocol_decls/1@662e1212 with 268 rows and digest ef0fe322l6rlup56ivhibv5iu60.
[2026-10-08 00:57:21] (0s)  >>> Created relation struct_decls/1@48ef58bc with 2835 rows and digest 583228ejufch74fk2goq1mjvjhf.
[2026-10-08 00:57:21] (0s)  >>> Created relation class_decls/1@51f8a80t with 530 rows and digest 3ee3fahh80qacclumu3qim9qm94.
[2026-10-08 00:57:21] (0s)  >>> Created relation enum_decls/1@4b8a2bfd with 417 rows and digest cedc7bjf2f4eaujcbppmihssi7d.
[2026-10-08 00:57:21] (0s) Starting to evaluate predicate @function#b/1@1dde19eb
[2026-10-08 00:57:21] (0s)  >>> Created relation Callable::Generated::Callable.getName/0#dispred#1a768ff1/2@ac637eam with 57176 rows and digest 12c07dgk9pent2d514aoj2tj838.
[2026-10-08 00:57:21] (0s) Starting to evaluate predicate @nominal_type_decl#b/1@64777bfi
[2026-10-08 00:57:21] (0s)  >>> Created relation @nominal_type_decl#b/1@64777bfi with 4050 rows and digest 57c12dft6aiku4k0193hv8fsr85.
[2026-10-08 00:57:21] (0s) Starting to evaluate predicate @generic_type_decl#b/1@32e90629
[2026-10-08 00:57:21] (0s)  >>> Created relation @function#b/1@1dde19eb with 21422 rows and digest 07e9c1h2u0j00fhu4nmc9kvt9t1.
[2026-10-08 00:57:21] (0s) Starting to evaluate predicate @var_decl/1@ccba4bv4
[2026-10-08 00:57:21] (0s)  >>> Created relation @generic_type_decl#b/1@32e90629 with 6603 rows and digest e36d33mk6stmk50eljdg48vh3d6.
[2026-10-08 00:57:21] (0s) Starting to evaluate predicate Synth::Synth::TEnumDecl#3ce91061_1#join_rhs/1@380eba43
[2026-10-08 00:57:21] (0s)  >>> Created relation Synth::Synth::TEnumDecl#3ce91061_1#join_rhs/1@380eba43 with 417 rows and digest 3af8d26eidd21off1r9b4vea0m8.
[2026-10-08 00:57:21] (0s) Starting to evaluate predicate Synth::Synth::TNominalTypeDecl#f1bfce46/1@0817ddgt
[2026-10-08 00:57:21] (0s)  >>> Created relation Synth::Synth::TNominalTypeDecl#f1bfce46/1@0817ddgt with 4050 rows and digest c6b3f6gl7lfmjkkkdctgnp9tl16.
[2026-10-08 00:57:21] (0s) Starting to evaluate predicate project#AstNodeImpl::Impl::Cached::getEnclosingDecl/1#e19d473b/1@7dc5c4gr
[2026-10-08 00:57:21] (0s)  >>> Created relation @var_decl/1@ccba4bv4 with 121108 rows and digest e1235dp0eo278afh90bdki9vv28.
[2026-10-08 00:57:21] (0s) Starting to evaluate predicate @value_decl#b/1@7a0df07c
[2026-10-08 00:57:21] (0s)  >>> Created relation @value_decl#b/1@7a0df07c with 53054 rows and digest 9843459dfeer6ph38v3grlu1eac.
[2026-10-08 00:57:21] (0s) Starting to evaluate predicate @decl#b/1@1dd01fvs
[2026-10-08 00:57:21] (0s)  >>> Created relation @decl#b/1@1dd01fvs with 60378 rows and digest df87bf4mjn03tm1b2m1bju2s1f0.
[2026-10-08 00:57:21] (0s) Starting to evaluate predicate Synth::Synth::convertDeclToRaw/1#b63039ab#fb/2@e8a16c94
[2026-10-08 00:57:21] (0s)  >>> Created relation project#AstNodeImpl::Impl::Cached::getEnclosingDecl/1#e19d473b/1@7dc5c4gr with 98403 rows and digest 21993286rff8hda777l3kck2kv5.
[2026-10-08 00:57:21] (0s) Starting to evaluate predicate const_0/1@7a16042s
[2026-10-08 00:57:21] (0s)  >>> Created relation const_0/1@7a16042s with 1 rows and digest a7a7c00oofmfu2but23q8mpkdm0.
[2026-10-08 00:57:21] (0s) Starting to evaluate predicate FlowSummaryImpl::Public::getValidModelOrigin/0#af00c30a/1@d40c66cn
[2026-10-08 00:57:21] (0s)  >>> Created relation FlowSummaryImpl::Public::getValidModelOrigin/0#af00c30a/1@d40c66cn with 5 rows and digest eefc38qre7k6uo41m3gle9htqaa.
[2026-10-08 00:57:21] (0s) Starting to evaluate predicate FlowSummaryImpl::Public::Provenance#400b7aaf/2@1ba4c6gd
[2026-10-08 00:57:21] (0s)  >>> Created relation FlowSummaryImpl::Public::Provenance#400b7aaf/2@1ba4c6gd with 11 rows and digest d5cd42a68c140qmrqo5chpgdg17.
[2026-10-08 00:57:21] (0s) Starting to evaluate predicate project#FlowSummaryImpl::Private::External::AccessPath::AccessPath#26d4a191#nullary/0@8e3f64qu
[2026-10-08 00:57:21] (0s)  >>> Created relation project#FlowSummaryImpl::Private::External::AccessPath::AccessPath#26d4a191#nullary/0@8e3f64qu with 1 rows and digest ac90f0ei322hhreshlvdl215c38.
[2026-10-08 00:57:21] (0s) Starting to evaluate predicate Synth::Synth::TFunction#4b08b623/1@3c002778
[2026-10-08 00:57:21] (0s)  >>> Created relation Synth::Synth::convertDeclToRaw/1#b63039ab#fb/2@e8a16c94 with 77424 rows and digest b790cdu3008flsoml2ubiakgqd0.
[2026-10-08 00:57:21] (0s)  >>> Created relation Synth::Synth::TFunction#4b08b623/1@3c002778 with 57176 rows and digest 1f52a6qadc6f5b1f6gv3rnmofpa.
[2026-10-08 00:57:21] (0s) Starting to evaluate predicate Synth::Synth::convertDeclToRaw/1#b63039ab#fb_10#join_rhs/2@ac5635a9
[2026-10-08 00:57:21] (0s) Starting to evaluate predicate ExternalFlow::summaryModel/1#46abaa5c/1@889a20o8
[2026-10-08 00:57:21] (0s)  >>> Created relation Synth::Synth::convertDeclToRaw/1#b63039ab#fb_10#join_rhs/2@ac5635a9 with 77424 rows and digest a64e3104hjr1iqc0atb9ggp9re8.
[2026-10-08 00:57:21] (0s) Starting to evaluate predicate Synth::Synth::convertFunctionFromRaw/1#5a7c5df1#bf/2@5d651amk
[2026-10-08 00:57:21] (0s)  >>> Created relation Synth::Synth::convertFunctionFromRaw/1#5a7c5df1#bf/2@5d651amk with 21422 rows and digest df17e1fhau2jb1sn5jimcgtihl9.
[2026-10-08 00:57:21] (0s) Starting to evaluate predicate Synth::Synth::convertNominalTypeDeclFromRaw/1#053ecc94#bf/2@23a735gj
[2026-10-08 00:57:21] (0s)  >>> Created relation Synth::Synth::convertNominalTypeDeclFromRaw/1#053ecc94#bf/2@23a735gj with 4050 rows and digest 8bb643rsdb6uhfe3nfj00iql9d1.
[2026-10-08 00:57:21] (0s) Starting to evaluate predicate Synth::Synth::convertGenericTypeDeclFromRaw/1#53f2731d#bf/2@acebfaie
[2026-10-08 00:57:21] (0s)  >>> Created relation ExternalFlow::summaryModel/1#46abaa5c/1@889a20o8 with 818 rows and digest e7d9b6d0p7oq29u9cn9satnnq3b.
[2026-10-08 00:57:21] (0s)  >>> Created relation Synth::Synth::convertGenericTypeDeclFromRaw/1#53f2731d#bf/2@acebfaie with 6603 rows and digest 8a7b06ha1ah0dabhpgp4vq063p1.
[2026-10-08 00:57:21] (0s) Starting to evaluate predicate Synth::Synth::convertVarDeclFromRaw/1#87b11dab#bf/2@0d31417j
[2026-10-08 00:57:21] (0s) Starting to evaluate predicate ExternalFlow::summaryModel/10#d1ca1881#cpe#123456789#bffbbffff/9@712fba6n
[2026-10-08 00:57:21] (0s)  >>> Created relation Synth::Synth::convertVarDeclFromRaw/1#87b11dab#bf/2@0d31417j with 25248 rows and digest ac4164jnhh0s96262h5qv5f37h5.
[2026-10-08 00:57:21] (0s) Starting to evaluate predicate Synth::Synth::convertValueDeclFromRaw/1#89f326f1#bf/2@f2257aai
[2026-10-08 00:57:21] (0s)  >>> Created relation Synth::Synth::convertValueDeclFromRaw/1#89f326f1#bf/2@f2257aai with 53054 rows and digest d9dbfbnumrj3hjia7hhe3p2dtt9.
[2026-10-08 00:57:21] (0s) Starting to evaluate predicate Synth::Synth::convertDeclFromRaw/1#11ddb6a3#bf/2@e3e2f22u
[2026-10-08 00:57:21] (0s)  >>> Created relation Synth::Synth::convertDeclFromRaw/1#11ddb6a3#bf/2@e3e2f22u with 60378 rows and digest 3fdfbc44p5oalur0ff4jiifn5s8.
[2026-10-08 00:57:21] (0s) Starting to evaluate predicate Decl::Generated::Decl.getAMember/0#dispred#8544abdc/2@34a14fcl
[2026-10-08 00:57:21] (0s)  >>> Created relation Decl::Generated::Decl.getAMember/0#dispred#8544abdc/2@34a14fcl with 53523 rows and digest 3e1c03hr52go9vcut2ps2iv096f.
[2026-10-08 00:57:21] (0s) Starting to evaluate predicate m#Decl::Decl.asNominalTypeDecl/0#dispred#6841cd82#bf/1@492fd8cg
[2026-10-08 00:57:21] (0s)  >>> Created relation m#Decl::Decl.asNominalTypeDecl/0#dispred#6841cd82#bf/1@492fd8cg with 98403 rows and digest 21993286rff8hda777l3kck2kv5.
[2026-10-08 00:57:21] (0s) Starting to evaluate predicate ExtensionDecl::Generated::ExtensionDecl.getExtendedTypeDecl/0#dispred#9b7f025d/2@bff2e1f5
[2026-10-08 00:57:21] (0s)  >>> Created relation ExtensionDecl::Generated::ExtensionDecl.getExtendedTypeDecl/0#dispred#9b7f025d/2@bff2e1f5 with 4471 rows and digest 64ff27jmit3nsv8nnhsta3l77a7.
[2026-10-08 00:57:21] (0s) Starting to evaluate predicate Decl::Decl.asNominalTypeDecl/0#dispred#6841cd82#bf/2@e010806j
[2026-10-08 00:57:21] (0s)  >>> Created relation Decl::Decl.asNominalTypeDecl/0#dispred#6841cd82#bf/2@e010806j with 8022 rows and digest 73bccb0jbq7f6tqkfjj8jpe6jn4.
[2026-10-08 00:57:21] (0s) Starting to evaluate predicate Decl::Generated::Decl.getAMember/0#dispred#8544abdc_10#join_rhs/2@67242b1c
[2026-10-08 00:57:21] (0s)  >>> Created relation Decl::Generated::Decl.getAMember/0#dispred#8544abdc_10#join_rhs/2@67242b1c with 53523 rows and digest 586a54kttd9366ckueb7ma415he.
[2026-10-08 00:57:21] (0s) Starting to evaluate predicate Decl::Decl.asNominalTypeDecl/0#dispred#6841cd82#bf_10#join_rhs/2@95c77335
[2026-10-08 00:57:21] (0s)  >>> Created relation Decl::Decl.asNominalTypeDecl/0#dispred#6841cd82#bf_10#join_rhs/2@95c77335 with 8022 rows and digest ce9b5eo43h9igq83th25oc524v2.
[2026-10-08 00:57:21] (0s) Starting to evaluate predicate ExternalFlow::sourceModel/1#9acf2955/1@40c124bc
[2026-10-08 00:57:21] (0s)  >>> Created relation ExternalFlow::sourceModel/1#9acf2955/1@40c124bc with 45 rows and digest 4032961iqngr0cqt53a83ksjalc.
[2026-10-08 00:57:21] (0s) Starting to evaluate predicate ExternalFlow::sinkModel/1#11e88e40/1@b50644g8
[2026-10-08 00:57:21] (0s)  >>> Created relation ExternalFlow::sinkModel/1#11e88e40/1@b50644g8 with 13 rows and digest 761cbambhilgph9nr4ajdtv9mp5.
[2026-10-08 00:57:21] (0s)  >>> Created relation l_value_types/2@2fbd1c4m with 2103 rows and digest df021flpnvm1gdr1ffab9kqs7c5.
[2026-10-08 00:57:21] (0s)  >>> Created relation dynamic_self_types/2@f41a11fv with 174 rows and digest 228f1aja5ebcq8tm47af4dt9jt7.
[2026-10-08 00:57:21] (0s) Starting to evaluate predicate m#Raw::Raw::Type#99a362c7#b/1@8b0ff688
[2026-10-08 00:57:21] (0s)  >>> Created relation m#Raw::Raw::Type#99a362c7#b/1@8b0ff688 with 21133 rows and digest b0eb6aat2lrnn03e4ik8tlvucke.
[2026-10-08 00:57:21] (0s)  >>> Created relation builtin_raw_unsafe_continuation_types/1@98a12cpb with 1 rows and digest a37ecatagivukq8ikrftq5veq11.
[2026-10-08 00:57:21] (0s)  >>> Created relation builtin_default_actor_storage_types/1@24e6f7pm with 0 rows and digest THIS-RELATION-HAS-NO-TUPLES.
[2026-10-08 00:57:21] (0s) Inferred that Synth::Synth::TBuiltinDefaultActorStorageType#2f47b651/2@5ede2agf is empty, due to builtin_default_actor_storage_types/1@24e6f7pm.
[2026-10-08 00:57:21] (0s)  >>> Created relation builtin_unsafe_value_buffer_types/1@2ecbba40 with 1 rows and digest 2918afbs8fttctvdu7gdhop7qg1.
[2026-10-08 00:57:21] (0s)  >>> Created relation builtin_integer_literal_types/1@1a4dd7ae with 1 rows and digest 486c0edce3rlfievl2svpku11se.
[2026-10-08 00:57:21] (0s)  >>> Created relation existential_archetype_types/1@1d5c55i4 with 0 rows and digest THIS-RELATION-HAS-NO-TUPLES.
[2026-10-08 00:57:21] (0s) Inferred that Synth::Synth::TExistentialArchetypeType#781535e4/2@7718072n is empty, due to existential_archetype_types/1@1d5c55i4.
[2026-10-08 00:57:21] (0s)  >>> Created relation builtin_native_object_types/1@c55a64a9 with 1 rows and digest 78266a26dcpg1ta6r6at56no7n8.
[2026-10-08 00:57:21] (0s)  >>> Created relation builtin_bridge_object_types/1@2898e96d with 1 rows and digest 851eb613isak9hm2172jcbeq3c2.
[2026-10-08 00:57:21] (0s)  >>> Created relation protocol_composition_types/1@98599a48 with 160 rows and digest 90ac47huviqs11pcfsjtrdot3r6.
[2026-10-08 00:57:21] (0s)  >>> Created relation existential_metatype_types/1@57632du2 with 7 rows and digest c5b5acck6jp43k2ghsjt0br7rm8.
[2026-10-08 00:57:21] (0s)  >>> Created relation bound_generic_struct_types/1@e0240e3l with 5416 rows and digest c73864sjchaggg5cfklhnfuiqe8.
[2026-10-08 00:57:21] (0s)  >>> Created relation builtin_raw_pointer_types/1@ef6ba990 with 1 rows and digest 3a61943rvhtf6ftiq73i0oe3l6e.
[2026-10-08 00:57:21] (0s)  >>> Created relation bound_generic_class_types/1@8867efmr with 744 rows and digest 815cdcher1t3mnhued5kpgm5qo7.
[2026-10-08 00:57:21] (0s)  >>> Created relation generic_type_param_types/1@ae3c4c0u with 6523 rows and digest 184f45gg5ghulfhdh0ig3aa4b5b.
[2026-10-08 00:57:21] (0s)  >>> Created relation bound_generic_enum_types/1@65647a4c with 2349 rows and digest b2ca17ta0b39lu5acoe8q8kccl6.
[2026-10-08 00:57:21] (0s)  >>> Created relation variadic_sequence_types/1@92c9e3i9 with 51 rows and digest 41e1e05lh7f033a1fgnvi13s0vd.
[2026-10-08 00:57:21] (0s)  >>> Created relation unmanaged_storage_types/1@a9ab636l with 34 rows and digest 956bc08fg71c6mru1bs1tbgm8h8.
[2026-10-08 00:57:21] (0s)  >>> Created relation primary_archetype_types/1@01dc368i with 4351 rows and digest 1432fciivv0un6ssmomdv8viul7.
[2026-10-08 00:57:21] (0s)  >>> Created relation element_archetype_types/1@a0755c61 with 0 rows and digest THIS-RELATION-HAS-NO-TUPLES.
[2026-10-08 00:57:21] (0s) Inferred that Synth::Synth::TElementArchetypeType#b3949d06/2@2ba9capv is empty, due to element_archetype_types/1@a0755c61.
[2026-10-08 00:57:21] (0s)  >>> Created relation generic_function_types/1@b96860oe with 18572 rows and digest 9fc8026qrkbvn4932b2m7m5so95.
[2026-10-08 00:57:21] (0s)  >>> Created relation builtin_executor_types/1@00d4f3op with 1 rows and digest 9e45483f3jl4inorll55lutdmr7.
[2026-10-08 00:57:21] (0s)  >>> Created relation unowned_storage_types/1@791945ke with 0 rows and digest THIS-RELATION-HAS-NO-TUPLES.
[2026-10-08 00:57:21] (0s) Inferred that Synth::Synth::TUnownedStorageType#05dc6da5/2@30f6e8qd is empty, due to unowned_storage_types/1@791945ke.
[2026-10-08 00:57:21] (0s)  >>> Created relation unbound_generic_types/1@e87275ec with 355 rows and digest 93b93c55qmto78ulqm9glbj5nl4.
[2026-10-08 00:57:21] (0s)  >>> Created relation builtin_integer_types/1@a2dc83r1 with 7 rows and digest 99f558j71j0q47to6c5t1ssgei5.
[2026-10-08 00:57:21] (0s)  >>> Created relation pack_archetype_types/1@8981fff5 with 28 rows and digest faf362ll0s9tvgk2b1cudri9ff7.
[2026-10-08 00:57:21] (0s)  >>> Created relation builtin_vector_types/1@dffe330f with 42 rows and digest df7552kh25tl5h2611kijg1lm59.
[2026-10-08 00:57:21] (0s)  >>> Created relation builtin_float_types/1@94a3dbpt with 3 rows and digest ce0dfaoqj5aa567vbo3loabcc97.
[2026-10-08 00:57:21] (0s)  >>> Created relation weak_storage_types/1@fa44253k with 4 rows and digest 52aa68toc2h6h7omn4ek6illgje.
[2026-10-08 00:57:21] (0s)  >>> Created relation builtin_job_types/1@1777e98p with 1 rows and digest f5dec08l4ds1d4r3j98bcunk5l8.
[2026-10-08 00:57:21] (0s)  >>> Created relation array_slice_types/1@24c2c35o with 207 rows and digest f7b206c3opeh0kubkmeol445um9.
[2026-10-08 00:57:21] (0s)  >>> Created relation unresolved_types/1@27485drk with 0 rows and digest THIS-RELATION-HAS-NO-TUPLES.
[2026-10-08 00:57:21] (0s) Inferred that Synth::Synth::TUnresolvedType#a38a5b5d/2@559561hd is empty, due to unresolved_types/1@27485drk.
[2026-10-08 00:57:21] (0s)  >>> Created relation protocol_types/1@dddde92o with 268 rows and digest 4a7767d2od1r4aialfpav51v7l3.
[2026-10-08 00:57:21] (0s)  >>> Created relation optional_types/1@b3d3beu9 with 2908 rows and digest d98e85bbgtgcoqm805gam5eg4gc.
[2026-10-08 00:57:21] (0s)  >>> Created relation metatype_types/1@431c6c4c with 16968 rows and digest 0bd24b5ejhlqalt9q0fej82gov5.
[2026-10-08 00:57:21] (0s)  >>> Created relation function_types/1@d9cc069f with 64191 rows and digest a38553kbhgthnnv4oirrbifo9ff.
[2026-10-08 00:57:21] (0s)  >>> Created relation struct_types/1@5f78eaeh with 3143 rows and digest 31f961oasq934dh4dmnf2crvgn6.
[2026-10-08 00:57:21] (0s)  >>> Created relation tuple_types/1@96c73dpa with 771 rows and digest 38a7bcudtk78b284u7hjbjc04vb.
[2026-10-08 00:57:21] (0s)  >>> Created relation error_types/1@79ece05l with 5 rows and digest fc5f02ict6m1rlbkg0scoj7qf22.
[2026-10-08 00:57:21] (0s)  >>> Created relation class_types/1@233f26ck with 502 rows and digest 0ac378ivg4q32hclr93122vdgk5.
[2026-10-08 00:57:21] (0s)  >>> Created relation pack_types/1@120d7905 with 31 rows and digest 8520914s3tbjepdtrqr1mfg9977.
[2026-10-08 00:57:21] (0s)  >>> Created relation enum_types/1@51cf840s with 511 rows and digest a4cb837ebillaihg935tu8inb15.
[2026-10-08 00:57:21] (0s)  >>> Created relation type_alias_types/2@f55067id with 4483 rows and digest 848def2re1gmu17561hgktv6gr3.
[2026-10-08 00:57:21] (0s)  >>> Created relation paren_types/2@9a024eq1 with 0 rows and digest THIS-RELATION-HAS-NO-TUPLES.
[2026-10-08 00:57:21] (0s) Inferred that Synth::Synth::TParenType#dom#7f7c5909/1@1c4701ph is empty, due to paren_types/2@9a024eq1.
[2026-10-08 00:57:21] (0s) Inferred that Synth::Synth::TParenType#da175b47/2@a974dccv is empty, due to Synth::Synth::TParenType#dom#7f7c5909/1@1c4701ph.
[2026-10-08 00:57:21] (0s)  >>> Created relation parameterized_protocol_types/2@eb1aedht with 26 rows and digest ce6f0bftk985q9bblauubo76pf7.
[2026-10-08 00:57:21] (0s)  >>> Created relation pack_expansion_types/3@25cc722j with 80 rows and digest d1053b45tfc6n3j1kjv905ih223.
[2026-10-08 00:57:21] (0s)  >>> Created relation pack_element_types/2@a07d91jr with 0 rows and digest THIS-RELATION-HAS-NO-TUPLES.
[2026-10-08 00:57:21] (0s) Inferred that Synth::Synth::TPackElementType#dom#8300a567/1@2d9c02eu is empty, due to pack_element_types/2@a07d91jr.
[2026-10-08 00:57:21] (0s) Inferred that Synth::Synth::TPackElementType#f174a347/2@a8ecdc5p is empty, due to Synth::Synth::TPackElementType#dom#8300a567/1@2d9c02eu.
[2026-10-08 00:57:21] (0s)  >>> Created relation opaque_type_archetype_types/2@283669du with 17 rows and digest 018addhrcengu8dnp16mbi6nc63.
[2026-10-08 00:57:21] (0s)  >>> Created relation module_types/2@4eb60aun with 965 rows and digest ff6f474267j1tvgs81qkmcrn6n4.
[2026-10-08 00:57:21] (0s)  >>> Created relation integer_types/2@14d1d232 with 6 rows and digest 818572spv4oekp9b2v010su56t2.
[2026-10-08 00:57:21] (0s)  >>> Created relation inline_array_types/3@fda0d158 with 0 rows and digest THIS-RELATION-HAS-NO-TUPLES.
[2026-10-08 00:57:21] (0s) Inferred that Synth::Synth::TInlineArrayType#dom#99d857a5/1@a12ff1un is empty, due to inline_array_types/3@fda0d158.
[2026-10-08 00:57:21] (0s) Inferred that Synth::Synth::TInlineArrayType#f9d546ec/2@8945cdht is empty, due to Synth::Synth::TInlineArrayType#dom#99d857a5/1@a12ff1un.
[2026-10-08 00:57:21] (0s)  >>> Created relation in_out_types/2@88dbdau9 with 74 rows and digest 525b0di9kqeihr9kh9anjj2cqm4.
[2026-10-08 00:57:21] (0s)  >>> Created relation existential_types/2@e4a9b146 with 250 rows and digest 9d4554ppqn23r8lfs2t9r113tfd.
[2026-10-08 00:57:21] (0s)  >>> Created relation dictionary_types/3@78f26d3l with 50 rows and digest efac2ff0pms6f84s5te3l5cvisc.
[2026-10-08 00:57:21] (0s)  >>> Created relation dependent_member_types/3@edddc3an with 2439 rows and digest e113a5n11c5q0fplb3gv7o4pohc.
[2026-10-08 00:57:21] (0s)  >>> Created relation builtin_fixed_array_types/3@bf390dm0 with 3 rows and digest 819a80ef10kkn0bi7mlf1p7tdsa.
[2026-10-08 00:57:21] (0s) Starting to evaluate predicate Raw::Raw::Type#99a362c7#b/1@673b1e88
[2026-10-08 00:57:21] (0s)  >>> Created relation Raw::Raw::Type#99a362c7#b/1@673b1e88 with 21133 rows and digest b0eb6aat2lrnn03e4ik8tlvucke.
[2026-10-08 00:57:21] (0s) Starting to evaluate predicate Synth::Synth::convertTypeFromRaw/1#69bbb1b7#bf/2@ae53c0dh
[2026-10-08 00:57:21] (0s)  >>> Created relation ExternalFlow::summaryModel/10#d1ca1881#cpe#123456789#bffbbffff/9@712fba6n with 818 rows and digest 210ac2dcp4p412lramujoqkcci3.
[2026-10-08 00:57:21] (0s) Starting to evaluate predicate project#ExternalFlow::summaryModel/10#d1ca1881#cpe#123456789#bffbbffff/6@3995597l
[2026-10-08 00:57:21] (0s)  >>> Created relation project#ExternalFlow::summaryModel/10#d1ca1881#cpe#123456789#bffbbffff/6@3995597l with 643 rows and digest 4adbd3kpklvbja9vqd2nk9cbq8d.
[2026-10-08 00:57:21] (0s) Starting to evaluate predicate ExternalFlow::elementSpec/6#ae3526c0#bffbbf/6@cd40ac06
[2026-10-08 00:57:21] (0s)  >>> Created relation Synth::Synth::convertTypeFromRaw/1#69bbb1b7#bf/2@ae53c0dh with 21133 rows and digest afc523g5br2c1esagv3sdn5qu9c.
[2026-10-08 00:57:21] (0s) Starting to evaluate predicate Synth::Synth::convertAnyGenericTypeToRaw/1#7f7b1da2#fb/2@13e30649
[2026-10-08 00:57:21] (0s)  >>> Created relation Synth::Synth::convertAnyGenericTypeToRaw/1#7f7b1da2#fb/2@13e30649 with 13288 rows and digest 66807e9gi31t259912o7he8h3ic.
[2026-10-08 00:57:21] (0s) Starting to evaluate predicate Synth::Synth::convertAnyGenericTypeToRaw/1#7f7b1da2#fb_10#join_rhs/2@bbbe9bud
[2026-10-08 00:57:21] (0s)  >>> Created relation Synth::Synth::convertAnyGenericTypeToRaw/1#7f7b1da2#fb_10#join_rhs/2@bbbe9bud with 13288 rows and digest 65fe539ceeh77veddccc2q3aea7.
[2026-10-08 00:57:21] (0s) Starting to evaluate predicate AnyGenericType::Generated::AnyGenericType.getDeclaration/0#dispred#4c42e1b4/2@df48047v
[2026-10-08 00:57:21] (0s)  >>> Created relation ExternalFlow::elementSpec/6#ae3526c0#bffbbf/6@cd40ac06 with 690 rows and digest e9e5fdg2d446prldnhbe98sbko6.
[2026-10-08 00:57:21] (0s) Starting to evaluate predicate project#ExternalFlow::elementSpec/6#ae3526c0#bffbbf#2/4@c2490dpc
[2026-10-08 00:57:21] (0s)  >>> Created relation project#ExternalFlow::elementSpec/6#ae3526c0#bffbbf#2/4@c2490dpc with 690 rows and digest f2ef28jcm9e52u7mu8tfed8dh3f.
[2026-10-08 00:57:21] (0s) Starting to evaluate predicate project#ExternalFlow::elementSpec/6#ae3526c0#bffbbf#2_2013#join_rhs/4@9be650eg
[2026-10-08 00:57:21] (0s)  >>> Created relation project#ExternalFlow::elementSpec/6#ae3526c0#bffbbf#2_2013#join_rhs/4@9be650eg with 690 rows and digest 284583undhatqm9d0evsmu9gobb.
[2026-10-08 00:57:21] (0s) Starting to evaluate predicate project#ExternalFlow::elementSpec/6#ae3526c0#bffbbf/2@7be7d9f1
[2026-10-08 00:57:21] (0s)  >>> Created relation project#ExternalFlow::elementSpec/6#ae3526c0#bffbbf/2@7be7d9f1 with 26 rows and digest 6658172r0ii5gomed2guodbt5rf.
[2026-10-08 00:57:21] (0s)  >>> Created relation abstract_storage_decl_accessors/3@1849a9pt with 30409 rows and digest 768a50mg7bp9vi7sph867br2crc.
[2026-10-08 00:57:21] (0s)  >>> Created relation AnyGenericType::Generated::AnyGenericType.getDeclaration/0#dispred#4c42e1b4/2@df48047v with 13288 rows and digest a914b2ol51m026j3u34j7bb0219.
[2026-10-08 00:57:21] (0s) Starting to evaluate predicate m#Synth::Synth::convertAbstractStorageDeclToRaw/1#52c961eb#fb/1@adf8241b
[2026-10-08 00:57:21] (0s)  >>> Created relation paren_patterns/2@a0ac061b with 0 rows and digest THIS-RELATION-HAS-NO-TUPLES.
[2026-10-08 00:57:21] (0s) Inferred that Synth::Synth::TParenPattern#dom#86c804bb/1@c00f4201 is empty, due to paren_patterns/2@a0ac061b.
[2026-10-08 00:57:21] (0s) Inferred that Synth::Synth::TParenPattern#14396679/2@204e6cs5 is empty, due to Synth::Synth::TParenPattern#dom#86c804bb/1@c00f4201.
[2026-10-08 00:57:21] (0s)  >>> Created relation binding_patterns/2@5bca7dc6 with 2 rows and digest 94f603lfqv30uvbk17ldaqrciu6.
[2026-10-08 00:57:21] (0s) Starting to evaluate predicate Synth::Synth::convertPatternFromRaw/1#aac7661b/2@92af9a5r
[2026-10-08 00:57:21] (0s)  >>> Created relation Synth::Synth::convertPatternFromRaw/1#aac7661b/2@92af9a5r with 16037 rows and digest 76b773313kotgvqf1dbcidu0ec7.
[2026-10-08 00:57:21] (0s) Starting to evaluate predicate Synth::Synth::convertClosureExprFromRaw/1#84825f6b/2@9d9bb4b6
[2026-10-08 00:57:21] (0s)  >>> Created relation Synth::Synth::convertClosureExprFromRaw/1#84825f6b/2@9d9bb4b6 with 1 rows and digest 3642bcbej32sokoa6iu5m633110.
[2026-10-08 00:57:21] (0s) Starting to evaluate predicate Synth::Synth::convertExprFromRaw/1#05c84b4a#bf/2@99c16ehr
[2026-10-08 00:57:21] (0s)  >>> Created relation Synth::Synth::convertExprFromRaw/1#05c84b4a#bf/2@99c16ehr with 40303 rows and digest c1fc12k5r1n5q10kh03uk9i78od.
[2026-10-08 00:57:21] (0s)  >>> Created relation one_way_exprs/2@f5e2a131 with 0 rows and digest THIS-RELATION-HAS-NO-TUPLES.
[2026-10-08 00:57:21] (0s) Inferred that Synth::Synth::TOneWayExpr#dom#3569e7f6/1@176f823l is empty, due to one_way_exprs/2@f5e2a131.
[2026-10-08 00:57:21] (0s) Inferred that Synth::Synth::TOneWayExpr#b4202b84/2@884403fl is empty, due to Synth::Synth::TOneWayExpr#dom#3569e7f6/1@176f823l.
[2026-10-08 00:57:21] (0s)  >>> Created relation in_out_exprs/2@08dff3br with 761 rows and digest 9d9f42624724g68cu4ev5ljfd72.
[2026-10-08 00:57:21] (0s)  >>> Created relation implicit_conversion_exprs/2@7a3df9p5 with 99 rows and digest 9a0aee5njt5ltihad6q1rg6agrf.
[2026-10-08 00:57:21] (0s)  >>> Created relation explicit_cast_exprs/2@e2ece0cm with 98 rows and digest e82145o6v21s26vde603r3g4bob.
[2026-10-08 00:57:21] (0s)  >>> Created relation m#Synth::Synth::convertAbstractStorageDeclToRaw/1#52c961eb#fb/1@adf8241b with 209062 rows and digest 7ac724s000grfp3funiqpilehjb.
[2026-10-08 00:57:21] (0s)  >>> Created relation identity_exprs/2@1f545fs1 with 0 rows and digest THIS-RELATION-HAS-NO-TUPLES.
[2026-10-08 00:57:21] (0s) Inferred that Synth::Synth::convertIdentityExprToRaw/1#8a5e8892#fb/2@99d926ef is empty, due to identity_exprs/2@1f545fs1.
[2026-10-08 00:57:21] (0s) Inferred that IdentityExpr::IdentityExpr.convertsFrom/1#dispred#0a2d7a42/2@a457a1cd is empty, due to identity_exprs/2@1f545fs1.
[2026-10-08 00:57:21] (0s) Inferred that Synth::Synth::convertIdentityExprToRaw/1#8a5e8892#fb_10#join_rhs/2@ff44a8gb is empty, due to Synth::Synth::convertIdentityExprToRaw/1#8a5e8892#fb/2@99d926ef.
[2026-10-08 00:57:21] (0s) Inferred that IdentityExpr::Generated::IdentityExpr.getImmediateSubExpr/0#dispred#6ec588c9/2@fa1daahi is empty, due to Synth::Synth::convertIdentityExprToRaw/1#8a5e8892#fb_10#join_rhs/2@ff44a8gb.
[2026-10-08 00:57:21] (0s) Starting to evaluate predicate m#Synth::Synth::convertImplicitConversionExprToRaw/1#4e5e3133#fb/1@3b957bbj
[2026-10-08 00:57:21] (0s) Starting to evaluate predicate m#Synth::Synth::convertExplicitCastExprToRaw/1#486dcb63#fb/1@e13e4bc1
[2026-10-08 00:57:21] (0s)  >>> Created relation m#Synth::Synth::convertExplicitCastExprToRaw/1#486dcb63#fb/1@e13e4bc1 with 40303 rows and digest a4fe0fbhp7fma2t1m6qf90q62e7.
[2026-10-08 00:57:21] (0s) Starting to evaluate predicate Synth::Synth::convertExplicitCastExprToRaw/1#486dcb63#fb/2@cd31f0cs
[2026-10-08 00:57:21] (0s)  >>> Created relation Synth::Synth::convertExplicitCastExprToRaw/1#486dcb63#fb/2@cd31f0cs with 98 rows and digest 03f705cr2gqpuafpjoq158udo0b.
[2026-10-08 00:57:21] (0s) Starting to evaluate predicate Synth::Synth::convertExplicitCastExprToRaw/1#486dcb63#fb_10#join_rhs/2@d23270bk
[2026-10-08 00:57:21] (0s)  >>> Created relation Synth::Synth::convertExplicitCastExprToRaw/1#486dcb63#fb_10#join_rhs/2@d23270bk with 98 rows and digest f96be3l517mlivp7f8q00dlh5fc.
[2026-10-08 00:57:21] (0s) Starting to evaluate predicate m#Synth::Synth::convertIdentityExprToRaw/1#8a5e8892#fb/1@4d6adcsc
[2026-10-08 00:57:21] (0s)  >>> Created relation m#Synth::Synth::convertImplicitConversionExprToRaw/1#4e5e3133#fb/1@3b957bbj with 40303 rows and digest a4fe0fbhp7fma2t1m6qf90q62e7.
[2026-10-08 00:57:21] (0s)  >>> Created relation m#Synth::Synth::convertIdentityExprToRaw/1#8a5e8892#fb/1@4d6adcsc with 40303 rows and digest a4fe0fbhp7fma2t1m6qf90q62e7.
[2026-10-08 00:57:21] (0s) Starting to evaluate predicate Synth::Synth::convertIdentityExprToRaw/1#8a5e8892#fb/2@7726c9sj
[2026-10-08 00:57:21] (0s)  >>> Created relation Synth::Synth::convertIdentityExprToRaw/1#8a5e8892#fb/2@7726c9sj with 0 rows and digest THIS-RELATION-HAS-NO-TUPLES.
[2026-10-08 00:57:21] (0s) Inferred that Synth::Synth::convertIdentityExprToRaw/1#8a5e8892#fb_10#join_rhs/2@687884ok is empty, due to Synth::Synth::convertIdentityExprToRaw/1#8a5e8892#fb/2@7726c9sj.
[2026-10-08 00:57:21] (0s) Starting to evaluate predicate AbstractStorageDecl::Generated::AbstractStorageDecl.getAnAccessor/0#dispred#ffb51f14/2@16faa086
[2026-10-08 00:57:21] (0s) Starting to evaluate predicate Synth::Synth::convertImplicitConversionExprToRaw/1#4e5e3133#fb/2@b1193dhk
[2026-10-08 00:57:21] (0s)  >>> Created relation Synth::Synth::convertImplicitConversionExprToRaw/1#4e5e3133#fb/2@b1193dhk with 99 rows and digest e911d7tcs3641ubgdtf134gb3sa.
[2026-10-08 00:57:21] (0s) Starting to evaluate predicate Synth::Synth::convertImplicitConversionExprToRaw/1#4e5e3133#fb_10#join_rhs/2@d66eabho
[2026-10-08 00:57:21] (0s)  >>> Created relation Synth::Synth::convertImplicitConversionExprToRaw/1#4e5e3133#fb_10#join_rhs/2@d66eabho with 99 rows and digest c5be5a3at86ud3clocc723tj77d.
[2026-10-08 00:57:21] (0s) Starting to evaluate predicate Expr::Expr.getResolveStep/0#dispred#318c6ca3/2@4b02909u
[2026-10-08 00:57:21] (0s)  >>> Created relation Expr::Expr.getResolveStep/0#dispred#318c6ca3/2@4b02909u with 958 rows and digest 3bf4car3cmn1jph4najrhje5cte.
[2026-10-08 00:57:21] (0s) Starting to evaluate predicate Element::Generated::Element.getResolveStep/0#dispred#f0bb72ef/2@24537cr7
[2026-10-08 00:57:21] (0s)  >>> Created relation Element::Generated::Element.getResolveStep/0#dispred#f0bb72ef/2@24537cr7 with 3237 rows and digest 530794gng4nor85rtp4dar0oi2d.
[2026-10-08 00:57:21] (0s) Starting to evaluate predicate Element::Generated::Element.getResolveStep/0#dispred#f0bb72ef_10#join_rhs/2@95c966ao
[2026-10-08 00:57:21] (0s)  >>> Created relation Element::Generated::Element.getResolveStep/0#dispred#f0bb72ef_10#join_rhs/2@95c966ao with 3237 rows and digest d69bc4sij3sohip17a8rr7fv69b.
[2026-10-08 00:57:21] (0s) Starting to evaluate predicate Element::Generated::Element.getResolveStep/0#dispred#f0bb72ef_0#antijoin_rhs/1@b94e8bg7
[2026-10-08 00:57:21] (0s)  >>> Created relation Element::Generated::Element.getResolveStep/0#dispred#f0bb72ef_0#antijoin_rhs/1@b94e8bg7 with 3237 rows and digest f2f64bmfosl9d9hprv8cin9nhle.
[2026-10-08 00:57:21] (0s) Starting to evaluate predicate Element::Generated::Element.resolve/0#6937ae00/2@i1#49e15w0i (iteration 1)
[2026-10-08 00:57:21] (0s)  >>> Created relation AbstractStorageDecl::Generated::AbstractStorageDecl.getAnAccessor/0#dispred#ffb51f14/2@16faa086 with 29493 rows and digest 47deaab65udid1leo7jmpdcldo6.
[2026-10-08 00:57:21] (0s) Starting to evaluate predicate MethodImpl::Impl::getAMember/1#292c4cf3/2@d1f56dh3
[2026-10-08 00:57:21] (0s)  >>> Created relation MethodImpl::Impl::getAMember/1#292c4cf3/2@d1f56dh3 with 67780 rows and digest 50364akft195j9j8heqt27scqu2.
[2026-10-08 00:57:21] (0s) Starting to evaluate predicate MethodImpl::Impl::Method#1b720671/1@173b57s1
[2026-10-08 00:57:21] (0s) 			 - Element::Generated::Element.resolve/0#6937ae00_delta has 483355 rows (order for disjuncts: delta=0).
[2026-10-08 00:57:21] (0s) Starting to evaluate predicate Element::Generated::Element.resolve/0#6937ae00/2@i2#49e15w0i (iteration 2)
[2026-10-08 00:57:21] (0s) 			 - Element::Generated::Element.resolve/0#6937ae00_delta has 3139 rows (order for disjuncts: delta=<standard>).
[2026-10-08 00:57:21] (0s) Starting to evaluate predicate Element::Generated::Element.resolve/0#6937ae00/2@i3#49e15w0i (iteration 3)
[2026-10-08 00:57:21] (0s) 			 - Element::Generated::Element.resolve/0#6937ae00_delta has 98 rows (order for disjuncts: delta=<standard>).
[2026-10-08 00:57:21] (0s) Starting to evaluate predicate Element::Generated::Element.resolve/0#6937ae00/2@i4#49e15w0i (iteration 4)
[2026-10-08 00:57:21] (0s) Empty delta for Element::Generated::Element.resolve/0#6937ae00_delta (order for disjuncts: delta=<standard>).
[2026-10-08 00:57:21] (0s) Accumulating deltas
[2026-10-08 00:57:21] (0s)  >>> Created relation MethodImpl::Impl::Method#1b720671/1@173b57s1 with 35674 rows and digest 0d296cq0un5i2ii7ve3beju5n14.
[2026-10-08 00:57:21] (0s) Starting to evaluate predicate Synth::Synth::TAutoClosureExpr#00bd9cae_1#join_rhs/1@30e9c5l6
[2026-10-08 00:57:21] (0s)  >>> Created relation Synth::Synth::TAutoClosureExpr#00bd9cae_1#join_rhs/1@30e9c5l6 with 1 rows and digest a17b34qkmn23s62qhi0sf9nqnma.
[2026-10-08 00:57:21] (0s) Starting to evaluate predicate Synth::Synth::TMethodLookupExpr#0ca19609_1#antijoin_rhs/1@0ace30qm
[2026-10-08 00:57:21] (0s)  >>> Created relation Synth::Synth::TMethodLookupExpr#0ca19609_1#antijoin_rhs/1@0ace30qm with 951 rows and digest d27e0ftbm2l95sbq3m89r490gi6.
[2026-10-08 00:57:21] (0s) Starting to evaluate predicate Synth::Synth::TBinaryExpr#db62cefe_1#join_rhs/1@61eb4a29
[2026-10-08 00:57:21] (0s)  >>> Created relation Synth::Synth::TBinaryExpr#db62cefe_1#join_rhs/1@61eb4a29 with 1 rows and digest 5db318s1ari1h9hlnca09tj09u1.
[2026-10-08 00:57:21] (0s) Starting to evaluate predicate Synth::Synth::TCallExpr#5b2e69bc_1#join_rhs/1@c77566o3
[2026-10-08 00:57:21] (0s)  >>> Created relation Element::Generated::Element.resolve/0#6937ae00/2@49e15w0i with 486592 rows and digest efeb6acitlqrtcm6j3su3qrkie8.
[2026-10-08 00:57:21] (0s)  >>> Created relation Synth::Synth::TCallExpr#5b2e69bc_1#join_rhs/1@c77566o3 with 5169 rows and digest d38a89ei2k2k83nveio76dr6e11.
[2026-10-08 00:57:21] (0s) Starting to evaluate predicate Synth::Synth::TMemberRefExpr#87b2de3a_1#join_rhs/1@52ad1fdj
[2026-10-08 00:57:21] (0s)  >>> Created relation Synth::Synth::TMemberRefExpr#87b2de3a_1#join_rhs/1@52ad1fdj with 1401 rows and digest e095f0e45e7qjh5oecgpjqbjoof.
[2026-10-08 00:57:21] (0s)  >>> Created relation arguments/3@99b48ct3 with 5257 rows and digest 2e901ebbhmn05het7mc009fk1f3.
[2026-10-08 00:57:21] (0s) Starting to evaluate predicate NominalTypeDecl::Generated::NominalTypeDecl.getImmediateType/0#dispred#43af5f09/2@7f7db9n5
[2026-10-08 00:57:21] (0s)  >>> Created relation extension_decl_protocols/3@580be1ll with 2513 rows and digest df8f5evljjsmdsi3b9fk0podu70.
[2026-10-08 00:57:21] (0s) Starting to evaluate predicate ExtensionDecl::Generated::ExtensionDecl.getAProtocol/0#dispred#a3d89312/2@d5ef0b3g
[2026-10-08 00:57:21] (0s)  >>> Created relation ExtensionDecl::Generated::ExtensionDecl.getAProtocol/0#dispred#a3d89312/2@d5ef0b3g with 2513 rows and digest 0806abu5tmt2het56v3lh69j1l5.
[2026-10-08 00:57:21] (0s) Starting to evaluate predicate TypeDecl::Generated::TypeDecl.getImmediateInheritedType/1#dispred#6dc4c819/3@adfb0466
[2026-10-08 00:57:21] (0s)  >>> Created relation NominalTypeDecl::Generated::NominalTypeDecl.getImmediateType/0#dispred#43af5f09/2@7f7db9n5 with 4050 rows and digest 56d48frbgrsb3838prscav9ff73.
[2026-10-08 00:57:21] (0s) Starting to evaluate predicate TypeAliasDecl::Generated::TypeAliasDecl.getImmediateAliasedType/0#dispred#c65f8550/2@195d16v9
[2026-10-08 00:57:21] (0s)  >>> Created relation TypeDecl::Generated::TypeDecl.getImmediateInheritedType/1#dispred#6dc4c819/3@adfb0466 with 2579 rows and digest 93e605i3sv0lo5ol4flkbe472t2.
[2026-10-08 00:57:21] (0s) Starting to evaluate predicate Argument::Generated::Argument.getExpr/0#dispred#34a5811d/2@f1c80duj
[2026-10-08 00:57:21] (0s)  >>> Created relation TypeAliasDecl::Generated::TypeAliasDecl.getImmediateAliasedType/0#dispred#c65f8550/2@195d16v9 with 4123 rows and digest 1aff5522ld436cpj7pfq0829076.
[2026-10-08 00:57:21] (0s) Starting to evaluate predicate m#Type::Type.getUnderlyingType/0#dispred#f83db3fa#bb#mcpe_this/1@258c4aik
[2026-10-08 00:57:21] (0s)  >>> Created relation m#Type::Type.getUnderlyingType/0#dispred#f83db3fa#bb#mcpe_this/1@258c4aik with 2188 rows and digest ff085c1tlvuvrmng35q8ri8kis9.
[2026-10-08 00:57:21] (0s) Starting to evaluate predicate Synth::Synth::TNominalType#1320f87a#b/1@6f74af9s
[2026-10-08 00:57:21] (0s)  >>> Created relation Synth::Synth::TNominalType#1320f87a#b/1@6f74af9s with 4424 rows and digest 156cbbbdhsnihfsqig975kt7h13.
[2026-10-08 00:57:21] (0s) Starting to evaluate predicate Synth::Synth::TNominalOrBoundGenericNominalType#139a5d87#b/1@cbb0b9cp
[2026-10-08 00:57:21] (0s)  >>> Created relation Synth::Synth::TNominalOrBoundGenericNominalType#139a5d87#b/1@cbb0b9cp with 12933 rows and digest 763e12ep56f8tp77ptsh3as8mc0.
[2026-10-08 00:57:21] (0s) Starting to evaluate predicate TypeImpl::Impl::Type#3262080d#b/1@8d8fc9g8
[2026-10-08 00:57:21] (0s)  >>> Created relation Argument::Generated::Argument.getExpr/0#dispred#34a5811d/2@f1c80duj with 4306 rows and digest e62cb6aelj4gggtnmqbc5hparj9.
[2026-10-08 00:57:21] (0s) Starting to evaluate predicate Synth::Synth::TApplyExpr#662ca4ec/1@f5d5972d
[2026-10-08 00:57:21] (0s)  >>> Created relation TypeImpl::Impl::Type#3262080d#b/1@8d8fc9g8 with 1309 rows and digest 3710decp9e7ltre1cjcafbr5t2e.
[2026-10-08 00:57:21] (0s)  >>> Created relation Synth::Synth::TApplyExpr#662ca4ec/1@f5d5972d with 5170 rows and digest b3e327a2avtgpcoqaijrsqgbkh6.
[2026-10-08 00:57:21] (0s) Starting to evaluate predicate TypeAliasType::Generated::TypeAliasType.getDecl/0#dispred#afe92207/2@22fcd9ik
[2026-10-08 00:57:21] (0s) Starting to evaluate predicate Synth::Synth::TClosureExpr#7bd7eaff/1@f3ab8flp
[2026-10-08 00:57:21] (0s)  >>> Created relation Synth::Synth::TClosureExpr#7bd7eaff/1@f3ab8flp with 1 rows and digest a17b34qkmn23s62qhi0sf9nqnma.
[2026-10-08 00:57:21] (0s) Starting to evaluate predicate Synth::Synth::TInOutExpr#44321ca1_1#antijoin_rhs/1@24ed01nc
[2026-10-08 00:57:21] (0s)  >>> Created relation Synth::Synth::TInOutExpr#44321ca1_1#antijoin_rhs/1@24ed01nc with 761 rows and digest 8a144130if71tf9uva5usqcvjh4.
[2026-10-08 00:57:21] (0s)  >>> Created relation TypeAliasType::Generated::TypeAliasType.getDecl/0#dispred#afe92207/2@22fcd9ik with 4483 rows and digest d23e4ep9hoe9vgg1g6j9ccene60.
[2026-10-08 00:57:21] (0s) Starting to evaluate predicate _Element::Generated::Element.resolve/0#6937ae00_TypeAliasDecl::Generated::TypeAliasDecl.getImmediate__#join_rhs/2@96034fbv
[2026-10-08 00:57:21] (0s) Starting to evaluate predicate Expr::Generated::Expr#7e4f4296/1@18cb7fg0
[2026-10-08 00:57:21] (0s)  >>> Created relation _Element::Generated::Element.resolve/0#6937ae00_TypeAliasDecl::Generated::TypeAliasDecl.getImmediate__#join_rhs/2@96034fbv with 195 rows and digest 1e3820ccdfisis5i7t75fcput70.
[2026-10-08 00:57:21] (0s) Starting to evaluate predicate Type::Type.getUnderlyingType/0#dispred#f83db3fa#bb/2@i1#a0727wrb (iteration 1)
[2026-10-08 00:57:21] (0s) 			 - Type::Type.getUnderlyingType/0#dispred#f83db3fa#bb_delta has 1309 rows (order for disjuncts: delta=0).
[2026-10-08 00:57:21] (0s) Starting to evaluate predicate Type::Type.getUnderlyingType/0#dispred#f83db3fa#bb/2@i2#a0727wrb (iteration 2)
[2026-10-08 00:57:21] (0s)  >>> Created relation Expr::Generated::Expr#7e4f4296/1@18cb7fg0 with 40303 rows and digest 565e564n4dts20sole642jth4mc.
[2026-10-08 00:57:21] (0s) 			 - Type::Type.getUnderlyingType/0#dispred#f83db3fa#bb_delta has 83 rows (order for disjuncts: delta=<standard>).
[2026-10-08 00:57:21] (0s) Starting to evaluate predicate Type::Type.getUnderlyingType/0#dispred#f83db3fa#bb/2@i3#a0727wrb (iteration 3)
[2026-10-08 00:57:21] (0s) Starting to evaluate predicate ControlFlowGraphImplSpecific::CfgImpl::Cached::TAstNode#e7ae24eb_13#join_rhs/2@d90744dj
[2026-10-08 00:57:21] (0s) 			 - Type::Type.getUnderlyingType/0#dispred#f83db3fa#bb_delta has 33 rows (order for disjuncts: delta=<standard>).
[2026-10-08 00:57:21] (0s) Starting to evaluate predicate Type::Type.getUnderlyingType/0#dispred#f83db3fa#bb/2@i4#a0727wrb (iteration 4)
[2026-10-08 00:57:21] (0s) 			 - Type::Type.getUnderlyingType/0#dispred#f83db3fa#bb_delta has 8 rows (order for disjuncts: delta=<standard>).
[2026-10-08 00:57:21] (0s) Starting to evaluate predicate Type::Type.getUnderlyingType/0#dispred#f83db3fa#bb/2@i5#a0727wrb (iteration 5)
[2026-10-08 00:57:21] (0s) 			 - Type::Type.getUnderlyingType/0#dispred#f83db3fa#bb_delta has 3 rows (order for disjuncts: delta=<standard>).
[2026-10-08 00:57:21] (0s) Starting to evaluate predicate Type::Type.getUnderlyingType/0#dispred#f83db3fa#bb/2@i6#a0727wrb (iteration 6)
[2026-10-08 00:57:21] (0s) 			 - Type::Type.getUnderlyingType/0#dispred#f83db3fa#bb_delta has 16 rows (order for disjuncts: delta=<standard>).
[2026-10-08 00:57:21] (0s) Starting to evaluate predicate Type::Type.getUnderlyingType/0#dispred#f83db3fa#bb/2@i7#a0727wrb (iteration 7)
[2026-10-08 00:57:21] (0s) Empty delta for Type::Type.getUnderlyingType/0#dispred#f83db3fa#bb_delta (order for disjuncts: delta=<standard>).
[2026-10-08 00:57:21] (0s) Accumulating deltas
[2026-10-08 00:57:21] (0s)  >>> Created relation Type::Type.getUnderlyingType/0#dispred#f83db3fa#bb/2@a0727wrb with 1452 rows and digest d3bf3fghp4higeht1rfaoviigk3.
[2026-10-08 00:57:21] (0s) Starting to evaluate predicate TypeDecl::TypeDecl.getABaseType/0#dispred#08c5bc47#fb/2@9ffe85p1
[2026-10-08 00:57:21] (0s)  >>> Created relation TypeDecl::TypeDecl.getABaseType/0#dispred#08c5bc47#fb/2@9ffe85p1 with 4927 rows and digest 68d5cbo90gv66vsie5dua3ga5c9.
[2026-10-08 00:57:21] (0s) Starting to evaluate predicate TypeDecl::TypeDecl.getADerivedTypeDecl/0#dispred#174f3788#flipped/2@64761cn3
[2026-10-08 00:57:21] (0s)  >>> Created relation TypeDecl::TypeDecl.getADerivedTypeDecl/0#dispred#174f3788#flipped/2@64761cn3 with 4927 rows and digest 66a5ad0ota1ej10ts93ubvp22nc.
[2026-10-08 00:57:21] (0s) Starting to evaluate predicate #TypeDecl::TypeDecl.getADerivedTypeDecl/0#dispred#174f3788Plus#fb#flipped/2@i1#e8780wm4 (iteration 1)
[2026-10-08 00:57:21] (0s) 			 - #TypeDecl::TypeDecl.getADerivedTypeDecl/0#dispred#174f3788Plus#fb#flipped_delta has 4815 rows (order for disjuncts: delta=0).
[2026-10-08 00:57:21] (0s) Starting to evaluate predicate #TypeDecl::TypeDecl.getADerivedTypeDecl/0#dispred#174f3788Plus#fb#flipped/2@i2#e8780wm4 (iteration 2)
[2026-10-08 00:57:21] (0s)  >>> Created relation ControlFlowGraphImplSpecific::CfgImpl::Cached::TAstNode#e7ae24eb_13#join_rhs/2@d90744dj with 86289 rows and digest 0713f73ka0jh46o5r3qksjqh8h0.
[2026-10-08 00:57:21] (0s) Starting to evaluate predicate CfgNodes::ExprCfgNode#e4dc5a6d/2@094f169s
[2026-10-08 00:57:21] (0s) 			 - #TypeDecl::TypeDecl.getADerivedTypeDecl/0#dispred#174f3788Plus#fb#flipped_delta has 5401 rows (order for disjuncts: delta=<standard>).
[2026-10-08 00:57:21] (0s) Starting to evaluate predicate #TypeDecl::TypeDecl.getADerivedTypeDecl/0#dispred#174f3788Plus#fb#flipped/2@i3#e8780wm4 (iteration 3)
[2026-10-08 00:57:21] (0s) 			 - #TypeDecl::TypeDecl.getADerivedTypeDecl/0#dispred#174f3788Plus#fb#flipped_delta has 826 rows (order for disjuncts: delta=<standard>).
[2026-10-08 00:57:21] (0s) Starting to evaluate predicate #TypeDecl::TypeDecl.getADerivedTypeDecl/0#dispred#174f3788Plus#fb#flipped/2@i4#e8780wm4 (iteration 4)
[2026-10-08 00:57:21] (0s) 			 - #TypeDecl::TypeDecl.getADerivedTypeDecl/0#dispred#174f3788Plus#fb#flipped_delta has 277 rows (order for disjuncts: delta=<standard>).
[2026-10-08 00:57:21] (0s) Starting to evaluate predicate #TypeDecl::TypeDecl.getADerivedTypeDecl/0#dispred#174f3788Plus#fb#flipped/2@i5#e8780wm4 (iteration 5)
[2026-10-08 00:57:21] (0s) 			 - #TypeDecl::TypeDecl.getADerivedTypeDecl/0#dispred#174f3788Plus#fb#flipped_delta has 22 rows (order for disjuncts: delta=<standard>).
[2026-10-08 00:57:21] (0s) Starting to evaluate predicate #TypeDecl::TypeDecl.getADerivedTypeDecl/0#dispred#174f3788Plus#fb#flipped/2@i6#e8780wm4 (iteration 6)
[2026-10-08 00:57:21] (0s) 			 - #TypeDecl::TypeDecl.getADerivedTypeDecl/0#dispred#174f3788Plus#fb#flipped_delta has 16 rows (order for disjuncts: delta=<standard>).
[2026-10-08 00:57:21] (0s) Starting to evaluate predicate #TypeDecl::TypeDecl.getADerivedTypeDecl/0#dispred#174f3788Plus#fb#flipped/2@i7#e8780wm4 (iteration 7)
[2026-10-08 00:57:21] (0s) Empty delta for #TypeDecl::TypeDecl.getADerivedTypeDecl/0#dispred#174f3788Plus#fb#flipped_delta (order for disjuncts: delta=<standard>).
[2026-10-08 00:57:21] (0s) Accumulating deltas
[2026-10-08 00:57:21] (0s)  >>> Created relation #TypeDecl::TypeDecl.getADerivedTypeDecl/0#dispred#174f3788Plus#fb#flipped/2@e8780wm4 with 11357 rows and digest f8070cspsnebtk5julu5mh4fgp0.
[2026-10-08 00:57:21] (0s) Starting to evaluate predicate ExternalFlow::interpretElement0/5#ab064756/6@7b9690gq
[2026-10-08 00:57:21] (0s)  >>> Created relation CfgNodes::ExprCfgNode#e4dc5a6d/2@094f169s with 38353 rows and digest cca00fctv3p2ihkvnbqp3ctk8qe.
[2026-10-08 00:57:21] (0s) Starting to evaluate predicate CfgNodes::ExprCfgNode#e4dc5a6d_10#join_rhs/2@09b137av
[2026-10-08 00:57:21] (0s)  >>> Created relation CfgNodes::ExprCfgNode#e4dc5a6d_10#join_rhs/2@09b137av with 38353 rows and digest 82ea24pni1lme6g43rdm0kcg7o2.
[2026-10-08 00:57:21] (0s) Starting to evaluate predicate CfgNodes::ApplyExprCfgNode#62d77bf1/2@01c454vg
[2026-10-08 00:57:21] (0s)  >>> Created relation CfgNodes::ApplyExprCfgNode#62d77bf1/2@01c454vg with 5170 rows and digest b77e1ce1gnv9cmpfbl5q7mvgre4.
[2026-10-08 00:57:21] (0s) Starting to evaluate predicate Synth::Synth::TUnknownFile#dom#c449a11f/0@dab1424s
[2026-10-08 00:57:21] (0s)  >>> Created relation Synth::Synth::TUnknownFile#dom#c449a11f/0@dab1424s with 1 rows and digest ac90f0ei322hhreshlvdl215c38.
[2026-10-08 00:57:21] (0s)  >>> Created relation apply_expr_arguments/3@9c5f08ed with 5256 rows and digest 31ac69hqgckaf464lctvbp1j13e.
[2026-10-08 00:57:21] (0s) Starting to evaluate predicate num#DataFlowDispatch::TNormalReturnKind#5f73b993/1@5a11ac5h
[2026-10-08 00:57:21] Evaluating HOP construct<DataFlowDispatch#93b74e73::TReturnKind,0> with inputs:
                        1 tuples in DataFlowImplCommon::Cached::forceCachingInSameStage/0#cc97347d/0@dab1424s
[2026-10-08 00:57:21] (0s)  >>> Created relation num#DataFlowDispatch::TNormalReturnKind#5f73b993/1@5a11ac5h with 1 rows and digest 19f2cevarof1fbaqkctt3t43if4.
[2026-10-08 00:57:21] (0s) Starting to evaluate predicate Callable::Generated::Callable.getParam/1#dispred#73056655/3@ec38fbjm
[2026-10-08 00:57:21] (0s)  >>> Created relation ExternalFlow::interpretElement0/5#ab064756/6@7b9690gq with 1876 rows and digest 81a2feobfl5e2aet10ogh4c96i6.
[2026-10-08 00:57:21] (0s) Starting to evaluate predicate Callable::Generated::Callable.getSelfParam/0#dispred#f0323ad7/2@83316do3
[2026-10-08 00:57:21] (0s)  >>> Created relation Callable::Generated::Callable.getParam/1#dispred#73056655/3@ec38fbjm with 48318 rows and digest 71e8539tglb9dc10vluaq3qbsv7.
[2026-10-08 00:57:21] (0s) Starting to evaluate predicate m#Synth::Synth::convertLookupExprToRaw/1#ea59557a#fb/1@a576243u
[2026-10-08 00:57:21] (0s)  >>> Created relation m#Synth::Synth::convertLookupExprToRaw/1#ea59557a#fb/1@a576243u with 40303 rows and digest a4fe0fbhp7fma2t1m6qf90q62e7.
[2026-10-08 00:57:21] (0s) Starting to evaluate predicate Synth::Synth::convertLookupExprToRaw/1#ea59557a#fb/2@d57fa7c0
[2026-10-08 00:57:21] (0s)  >>> Created relation Synth::Synth::convertLookupExprToRaw/1#ea59557a#fb/2@d57fa7c0 with 2353 rows and digest 752702trfbr2mhl0ntumps2qk68.
[2026-10-08 00:57:21] (0s) Starting to evaluate predicate Synth::Synth::convertLookupExprToRaw/1#ea59557a#fb_10#join_rhs/2@e723e8t5
[2026-10-08 00:57:21] (0s)  >>> Created relation Synth::Synth::convertLookupExprToRaw/1#ea59557a#fb_10#join_rhs/2@e723e8t5 with 2353 rows and digest 47c3287hna071jl0ucs24ishvnc.
[2026-10-08 00:57:21] (0s) Starting to evaluate predicate Decl::Generated::Decl.getModule/0#dispred#6337565b/2@315d77e6
[2026-10-08 00:57:21] (0s)  >>> Created relation Callable::Generated::Callable.getSelfParam/0#dispred#f0323ad7/2@83316do3 with 36590 rows and digest 6dce674991cqlchb3erj2pufrl8.
[2026-10-08 00:57:21] (0s) Starting to evaluate predicate Callable::Generated::Callable.getSelfParam/0#dispred#f0323ad7_1#antijoin_rhs/1@1b9577jm
[2026-10-08 00:57:21] (0s)  >>> Created relation Callable::Generated::Callable.getSelfParam/0#dispred#f0323ad7_1#antijoin_rhs/1@1b9577jm with 36590 rows and digest ce5773k4njsh117g23846vkvb75.
[2026-10-08 00:57:21] (0s) Starting to evaluate predicate project#DataFlowDispatch::TParamReturnKind#dom#b02a9d3b#nullary/0@0f1ca555
[2026-10-08 00:57:21] (0s)  >>> Created relation project#DataFlowDispatch::TParamReturnKind#dom#b02a9d3b#nullary/0@0f1ca555 with 1 rows and digest ac90f0ei322hhreshlvdl215c38.
[2026-10-08 00:57:21] (0s) Starting to evaluate predicate DataFlowDispatch::TParamReturnKind#dom#b02a9d3b/1@9feb01o4
[2026-10-08 00:57:21] (0s)  >>> Created relation DataFlowDispatch::TParamReturnKind#dom#b02a9d3b/1@9feb01o4 with 65 rows and digest 6eb3b78aq0gu1vv2up4ho41v1qa.
[2026-10-08 00:57:21] (0s) Starting to evaluate predicate num#DataFlowDispatch::TParamReturnKind#5de6399a/2@ca53d8lk
[2026-10-08 00:57:21] Evaluating HOP construct<DataFlowDispatch#93b74e73::TReturnKind,1> with inputs:
                        65 tuples in DataFlowDispatch::TParamReturnKind#dom#b02a9d3b/1@9feb01o4
[2026-10-08 00:57:21] (0s)  >>> Created relation num#DataFlowDispatch::TParamReturnKind#5de6399a/2@ca53d8lk with 65 rows and digest 90be55fhc0mjmkucs8ighu68qh3.
[2026-10-08 00:57:21] (0s) Starting to evaluate predicate DataFlowDispatch::ParamReturnKind#b6dce240/2@a7a45a9d
[2026-10-08 00:57:21] (0s)  >>> Created relation DataFlowDispatch::ParamReturnKind#b6dce240/2@a7a45a9d with 65 rows and digest 25bcd4m79ggvvl6l0q6e52m2894.
[2026-10-08 00:57:21] (0s) Starting to evaluate predicate DataFlowDispatch::ParamReturnKind#b6dce240_10#join_rhs/2@53b84a9u
[2026-10-08 00:57:21] (0s)  >>> Created relation DataFlowDispatch::ParamReturnKind#b6dce240_10#join_rhs/2@53b84a9u with 65 rows and digest 90be55fhc0mjmkucs8ighu68qh3.
[2026-10-08 00:57:21] (0s)  >>> Created relation apply_exprs/2@0a3b1aj3 with 6121 rows and digest 79b9e1rfil44133r2d8bkdj7q49.
[2026-10-08 00:57:21] (0s)  >>> Created relation Decl::Generated::Decl.getModule/0#dispred#6337565b/2@315d77e6 with 77424 rows and digest b97783c6i9le6f2jqf067e1kuq5.
[2026-10-08 00:57:21] (0s)  >>> Created relation differentiable_function_extract_original_exprs/1@22abb302 with 0 rows and digest THIS-RELATION-HAS-NO-TUPLES.
[2026-10-08 00:57:21] (0s) Inferred that Synth::Synth::TDifferentiableFunctionExtractOriginalExpr#0bfec5d3/2@634ae4l2 is empty, due to differentiable_function_extract_original_exprs/1@22abb302.
[2026-10-08 00:57:21] (0s)  >>> Created relation linear_to_differentiable_function_exprs/1@d85767iq with 0 rows and digest THIS-RELATION-HAS-NO-TUPLES.
[2026-10-08 00:57:21] (0s)  >>> Created relation linear_function_extract_original_exprs/1@e0e715qi with 0 rows and digest THIS-RELATION-HAS-NO-TUPLES.
[2026-10-08 00:57:21] (0s) Inferred that Synth::Synth::TLinearFunctionExtractOriginalExpr#a0a54307/2@d41c67so is empty, due to linear_function_extract_original_exprs/1@e0e715qi.
[2026-10-08 00:57:21] (0s) Inferred that Synth::Synth::TLinearToDifferentiableFunctionExpr#14ac48e5/2@acf141tt is empty, due to linear_to_differentiable_function_exprs/1@d85767iq.
[2026-10-08 00:57:21] (0s)  >>> Created relation unresolved_member_chain_result_exprs/1@9e8a51bd with 0 rows and digest THIS-RELATION-HAS-NO-TUPLES.
[2026-10-08 00:57:21] (0s)  >>> Created relation existential_metatype_to_object_exprs/1@397d7bfk with 0 rows and digest THIS-RELATION-HAS-NO-TUPLES.
[2026-10-08 00:57:21] (0s) Inferred that Synth::Synth::TUnresolvedMemberChainResultExpr#9e61fe98/2@4cdd8cq7 is empty, due to unresolved_member_chain_result_exprs/1@9e8a51bd.
[2026-10-08 00:57:21] (0s) Inferred that Synth::Synth::TExistentialMetatypeToObjectExpr#a1c04933/2@f7d6b85n is empty, due to existential_metatype_to_object_exprs/1@397d7bfk.
[2026-10-08 00:57:21] (0s)  >>> Created relation covariant_function_conversion_exprs/1@c66875p3 with 0 rows and digest THIS-RELATION-HAS-NO-TUPLES.
[2026-10-08 00:57:21] (0s)  >>> Created relation conditional_bridge_from_obj_c_exprs/1@06da73uf with 0 rows and digest THIS-RELATION-HAS-NO-TUPLES.
[2026-10-08 00:57:21] (0s) Inferred that Synth::Synth::TCovariantFunctionConversionExpr#e0dd248d/2@b0a36f1o is empty, due to covariant_function_conversion_exprs/1@c66875p3.
[2026-10-08 00:57:21] (0s) Inferred that Synth::Synth::TConditionalBridgeFromObjCExpr#f87ddf23/2@08e283jc is empty, due to conditional_bridge_from_obj_c_exprs/1@06da73uf.
[2026-10-08 00:57:21] (0s)  >>> Created relation collection_upcast_conversion_exprs/1@9f7f791e with 0 rows and digest THIS-RELATION-HAS-NO-TUPLES.
[2026-10-08 00:57:21] (0s)  >>> Created relation protocol_metatype_to_object_exprs/1@bca73aqp with 0 rows and digest THIS-RELATION-HAS-NO-TUPLES.
[2026-10-08 00:57:21] (0s) Inferred that Synth::Synth::TProtocolMetatypeToObjectExpr#7be9d010/2@4f197diq is empty, due to protocol_metatype_to_object_exprs/1@bca73aqp.
[2026-10-08 00:57:21] (0s) Inferred that Synth::Synth::TCollectionUpcastConversionExpr#1fef3f7e/2@cf4598qo is empty, due to collection_upcast_conversion_exprs/1@9f7f791e.
[2026-10-08 00:57:21] (0s)  >>> Created relation unresolved_type_conversion_exprs/1@b4068dfm with 0 rows and digest THIS-RELATION-HAS-NO-TUPLES.
[2026-10-08 00:57:21] (0s) Inferred that Synth::Synth::TUnresolvedTypeConversionExpr#3415bbc8/2@25a35bfj is empty, due to unresolved_type_conversion_exprs/1@b4068dfm.
[2026-10-08 00:57:21] (0s)  >>> Created relation interpolated_string_literal_exprs/1@6da61fn8 with 0 rows and digest THIS-RELATION-HAS-NO-TUPLES.
[2026-10-08 00:57:21] (0s) Inferred that Synth::Synth::TInterpolatedStringLiteralExpr#9d3a89a5/2@c698d0im is empty, due to interpolated_string_literal_exprs/1@6da61fn8.
[2026-10-08 00:57:21] (0s)  >>> Created relation covariant_return_conversion_exprs/1@01f5dfvo with 0 rows and digest THIS-RELATION-HAS-NO-TUPLES.
[2026-10-08 00:57:21] (0s)  >>> Created relation foreign_object_conversion_exprs/1@ad298b37 with 0 rows and digest THIS-RELATION-HAS-NO-TUPLES.
[2026-10-08 00:57:21] (0s) Inferred that Synth::Synth::TCovariantReturnConversionExpr#5c3f45a1/2@3c56d23n is empty, due to covariant_return_conversion_exprs/1@01f5dfvo.
[2026-10-08 00:57:21] (0s) Inferred that Synth::Synth::TForeignObjectConversionExpr#077500b5/2@6eb3fft1 is empty, due to foreign_object_conversion_exprs/1@ad298b37.
[2026-10-08 00:57:21] (0s)  >>> Created relation conditional_checked_cast_exprs/1@8f3ed1ol with 0 rows and digest THIS-RELATION-HAS-NO-TUPLES.
[2026-10-08 00:57:21] (0s)  >>> Created relation class_metatype_to_object_exprs/1@48cf2dtf with 0 rows and digest THIS-RELATION-HAS-NO-TUPLES.
[2026-10-08 00:57:21] (0s) Inferred that Synth::Synth::TConditionalCheckedCastExpr#f5e920c9/2@2dd3ebs2 is empty, due to conditional_checked_cast_exprs/1@8f3ed1ol.
[2026-10-08 00:57:21] (0s) Inferred that Synth::Synth::TClassMetatypeToObjectExpr#c160980e/2@4579f111 is empty, due to class_metatype_to_object_exprs/1@48cf2dtf.
[2026-10-08 00:57:21] (0s)  >>> Created relation differentiable_function_exprs/1@2c9838u7 with 0 rows and digest THIS-RELATION-HAS-NO-TUPLES.
[2026-10-08 00:57:21] (0s)  >>> Created relation actor_isolation_erasure_exprs/1@e573a6b1 with 0 rows and digest THIS-RELATION-HAS-NO-TUPLES.
[2026-10-08 00:57:21] (0s) Inferred that Synth::Synth::TDifferentiableFunctionExpr#c86fe24b/2@88a102i7 is empty, due to differentiable_function_exprs/1@2c9838u7.
[2026-10-08 00:57:21] (0s)  >>> Created relation unevaluated_instance_exprs/1@37454f0d with 0 rows and digest THIS-RELATION-HAS-NO-TUPLES.
[2026-10-08 00:57:21] (0s) Inferred that Synth::Synth::TActorIsolationErasureExpr#dd3bba94/2@ee8a90qq is empty, due to actor_isolation_erasure_exprs/1@e573a6b1.
[2026-10-08 00:57:21] (0s)  >>> Created relation underlying_to_opaque_exprs/1@2259f29m with 0 rows and digest THIS-RELATION-HAS-NO-TUPLES.
[2026-10-08 00:57:21] (0s) Inferred that Synth::Synth::TUnevaluatedInstanceExpr#b05f665d/2@e5026fbk is empty, due to unevaluated_instance_exprs/1@37454f0d.
[2026-10-08 00:57:21] (0s)  >>> Created relation unresolved_decl_ref_exprs/1@60e0d9r2 with 0 rows and digest THIS-RELATION-HAS-NO-TUPLES.
[2026-10-08 00:57:21] (0s) Inferred that Synth::Synth::TUnderlyingToOpaqueExpr#067cbe2b/2@23f6d8gj is empty, due to underlying_to_opaque_exprs/1@2259f29m.
[2026-10-08 00:57:21] (0s)  >>> Created relation overloaded_decl_ref_exprs/1@42e536ok with 0 rows and digest THIS-RELATION-HAS-NO-TUPLES.
[2026-10-08 00:57:21] (0s) Inferred that Synth::Synth::TUnresolvedDeclRefExpr#9eff000e/2@966cf1bt is empty, due to unresolved_decl_ref_exprs/1@60e0d9r2.
[2026-10-08 00:57:21] (0s)  >>> Created relation inject_into_optional_exprs/1@3f1ea7fr with 0 rows and digest THIS-RELATION-HAS-NO-TUPLES.
[2026-10-08 00:57:21] (0s) Inferred that Synth::Synth::TOverloadedDeclRefExpr#72e16e49/2@50f8c56j is empty, due to overloaded_decl_ref_exprs/1@42e536ok.
[2026-10-08 00:57:21] (0s)  >>> Created relation any_hashable_erasure_exprs/1@a9fbbaq1 with 0 rows and digest THIS-RELATION-HAS-NO-TUPLES.
[2026-10-08 00:57:21] (0s) Inferred that Synth::Synth::TInjectIntoOptionalExpr#73575229/2@0e0539cj is empty, due to inject_into_optional_exprs/1@3f1ea7fr.
[2026-10-08 00:57:21] (0s)  >>> Created relation pointer_to_pointer_exprs/1@43e923mi with 0 rows and digest THIS-RELATION-HAS-NO-TUPLES.
[2026-10-08 00:57:21] (0s) Inferred that Synth::Synth::TAnyHashableErasureExpr#0ca15a55/2@a01a27e1 is empty, due to any_hashable_erasure_exprs/1@a9fbbaq1.
[2026-10-08 00:57:21] (0s) Inferred that Synth::Synth::TPointerToPointerExpr#e35729e3/2@d57f9am6 is empty, due to pointer_to_pointer_exprs/1@43e923mi.
[2026-10-08 00:57:21] (0s)  >>> Created relation metatype_conversion_exprs/1@26d158et with 0 rows and digest THIS-RELATION-HAS-NO-TUPLES.
[2026-10-08 00:57:21] (0s) Inferred that Synth::Synth::TMetatypeConversionExpr#69e49b49/2@90d71fk7 is empty, due to metatype_conversion_exprs/1@26d158et.
[2026-10-08 00:57:21] (0s)  >>> Created relation forced_checked_cast_exprs/1@1d7cab2t with 0 rows and digest THIS-RELATION-HAS-NO-TUPLES.
[2026-10-08 00:57:21] (0s) Inferred that Synth::Synth::TForcedCheckedCastExpr#7723bc31/2@558c9bih is empty, due to forced_checked_cast_exprs/1@1d7cab2t.
[2026-10-08 00:57:21] (0s)  >>> Created relation function_conversion_exprs/1@503ef6b4 with 1 rows and digest 0121cfnpav575rgle3npadlc77a.
[2026-10-08 00:57:21] (0s)  >>> Created relation abi_safe_conversion_exprs/1@2cc4f73m with 0 rows and digest THIS-RELATION-HAS-NO-TUPLES.
[2026-10-08 00:57:21] (0s) Inferred that Synth::Synth::TAbiSafeConversionExpr#9c7313bf/2@ce64f860 is empty, due to abi_safe_conversion_exprs/1@2cc4f73m.
[2026-10-08 00:57:21] (0s)  >>> Created relation string_to_pointer_exprs/1@3a396ah4 with 0 rows and digest THIS-RELATION-HAS-NO-TUPLES.
[2026-10-08 00:57:21] (0s)  >>> Created relation dynamic_member_ref_exprs/1@9824eebv with 0 rows and digest THIS-RELATION-HAS-NO-TUPLES.
[2026-10-08 00:57:21] (0s) Inferred that Synth::Synth::TStringToPointerExpr#aa0ce277/2@eccf4a14 is empty, due to string_to_pointer_exprs/1@3a396ah4.
[2026-10-08 00:57:21] (0s) Inferred that Synth::Synth::TDynamicMemberRefExpr#6da7b8cc/2@b020e0pb is empty, due to dynamic_member_ref_exprs/1@9824eebv.
[2026-10-08 00:57:21] (0s)  >>> Created relation discard_assignment_exprs/1@121637j6 with 1 rows and digest fc0353g2qci672547m3out4j7b2.
[2026-10-08 00:57:21] (0s)  >>> Created relation archetype_to_super_exprs/1@6da563q6 with 0 rows and digest THIS-RELATION-HAS-NO-TUPLES.
[2026-10-08 00:57:21] (0s)  >>> Created relation in_out_to_pointer_exprs/1@d266e4bi with 0 rows and digest THIS-RELATION-HAS-NO-TUPLES.
[2026-10-08 00:57:21] (0s) Inferred that Synth::Synth::TArchetypeToSuperExpr#a2acdb61/2@fe02c116 is empty, due to archetype_to_super_exprs/1@6da563q6.
[2026-10-08 00:57:21] (0s)  >>> Created relation dynamic_subscript_exprs/1@ec7dd3iu with 0 rows and digest THIS-RELATION-HAS-NO-TUPLES.
[2026-10-08 00:57:21] (0s) Inferred that Synth::Synth::TInOutToPointerExpr#5326128c/2@d35d44bb is empty, due to in_out_to_pointer_exprs/1@d266e4bi.
[2026-10-08 00:57:21] (0s)  >>> Created relation destructure_tuple_exprs/1@82c8a0nv with 0 rows and digest THIS-RELATION-HAS-NO-TUPLES.
[2026-10-08 00:57:21] (0s) Inferred that Synth::Synth::TDynamicSubscriptExpr#2a005669/2@9401c2gc is empty, due to dynamic_subscript_exprs/1@ec7dd3iu.
[2026-10-08 00:57:21] (0s) Inferred that Synth::Synth::TDestructureTupleExpr#860e5a59/2@7d6c6c39 is empty, due to destructure_tuple_exprs/1@82c8a0nv.
[2026-10-08 00:57:21] (0s)  >>> Created relation explicit_closure_exprs/1@f984e06m with 0 rows and digest THIS-RELATION-HAS-NO-TUPLES.
[2026-10-08 00:57:21] (0s)  >>> Created relation bridge_from_obj_c_exprs/1@ba0e9fme with 38 rows and digest 8ec6a41ter62vs5frpeiekos23b.
[2026-10-08 00:57:21] (0s) Inferred that Synth::Synth::TExplicitClosureExpr#5e87f25d/2@1b96a516 is empty, due to explicit_closure_exprs/1@f984e06m.
[2026-10-08 00:57:21] (0s)  >>> Created relation array_to_pointer_exprs/1@e52a62rj with 0 rows and digest THIS-RELATION-HAS-NO-TUPLES.
[2026-10-08 00:57:21] (0s) Inferred that Synth::Synth::TArrayToPointerExpr#b95316dd/2@f0ec57bu is empty, due to array_to_pointer_exprs/1@e52a62rj.
[2026-10-08 00:57:21] (0s)  >>> Created relation linear_function_exprs/1@a70fafmc with 0 rows and digest THIS-RELATION-HAS-NO-TUPLES.
[2026-10-08 00:57:21] (0s)  >>> Created relation derived_to_base_exprs/1@992122di with 0 rows and digest THIS-RELATION-HAS-NO-TUPLES.
[2026-10-08 00:57:21] (0s) Inferred that Synth::Synth::TLinearFunctionExpr#fe6da37b/2@c3adaams is empty, due to linear_function_exprs/1@a70fafmc.
[2026-10-08 00:57:21] (0s) Inferred that Synth::Synth::TDerivedToBaseExpr#6070e7e4/2@4a1e1015 is empty, due to derived_to_base_exprs/1@992122di.
[2026-10-08 00:57:21] (0s)  >>> Created relation postfix_unary_exprs/1@9838e3hi with 0 rows and digest THIS-RELATION-HAS-NO-TUPLES.
[2026-10-08 00:57:21] (0s) Inferred that Synth::Synth::TPostfixUnaryExpr#e8902ee8/2@fde7c4g2 is empty, due to postfix_unary_exprs/1@9838e3hi.
[2026-10-08 00:57:21] (0s)  >>> Created relation bridge_to_obj_c_exprs/1@a27ac1e5 with 60 rows and digest 0dd44cmi477ik4ii1uf546go803.
[2026-10-08 00:57:21] (0s)  >>> Created relation prefix_unary_exprs/1@07142a13 with 0 rows and digest THIS-RELATION-HAS-NO-TUPLES.
[2026-10-08 00:57:21] (0s)  >>> Created relation optional_try_exprs/1@d34684ie with 0 rows and digest THIS-RELATION-HAS-NO-TUPLES.
[2026-10-08 00:57:21] (0s) Inferred that Synth::Synth::TPrefixUnaryExpr#16ae17d6/2@6268893l is empty, due to prefix_unary_exprs/1@07142a13.
[2026-10-08 00:57:21] (0s) Inferred that Synth::Synth::TOptionalTryExpr#0f092936/2@ac4ea21f is empty, due to optional_try_exprs/1@d34684ie.
[2026-10-08 00:57:21] (0s)  >>> Created relation unsafe_cast_exprs/1@df8aa2e1 with 0 rows and digest THIS-RELATION-HAS-NO-TUPLES.
[2026-10-08 00:57:21] (0s)  >>> Created relation unreachable_exprs/1@fada3b5e with 0 rows and digest THIS-RELATION-HAS-NO-TUPLES.
[2026-10-08 00:57:21] (0s) Inferred that Synth::Synth::TUnsafeCastExpr#e98b616b/2@ce6707qt is empty, due to unsafe_cast_exprs/1@df8aa2e1.
[2026-10-08 00:57:21] (0s) Inferred that Synth::Synth::TUnreachableExpr#fe41eeea/2@a0239eib is empty, due to unreachable_exprs/1@fada3b5e.
[2026-10-08 00:57:21] (0s)  >>> Created relation opaque_value_exprs/1@e324daco with 0 rows and digest THIS-RELATION-HAS-NO-TUPLES.
[2026-10-08 00:57:21] (0s)  >>> Created relation key_path_dot_exprs/1@c0ab34k9 with 0 rows and digest THIS-RELATION-HAS-NO-TUPLES.
[2026-10-08 00:57:21] (0s) Inferred that Synth::Synth::TOpaqueValueExpr#b4fc1e55/2@6290a802 is empty, due to opaque_value_exprs/1@e324daco.
[2026-10-08 00:57:21] (0s) Inferred that Synth::Synth::TKeyPathDotExpr#ffba864a/2@956e08ge is empty, due to key_path_dot_exprs/1@c0ab34k9.
[2026-10-08 00:57:21] (0s)  >>> Created relation auto_closure_exprs/1@0f81fdrn with 1 rows and digest 4a7db4ir1g70030vokho3vanvg3.
[2026-10-08 00:57:21] (0s)  >>> Created relation nil_literal_exprs/1@fe15ee7s with 1 rows and digest 464167i4pmk5urh637r0r37ov70.
[2026-10-08 00:57:21] (0s)  >>> Created relation subscript_exprs/1@02ff71d2 with 1 rows and digest 1cc380ctvr560ub4uqj1u2ufh62.
[2026-10-08 00:57:21] (0s)  >>> Created relation member_ref_exprs/1@4c9274am with 1401 rows and digest 1bc42f559ouioasedi78tj5frs7.
[2026-10-08 00:57:21] (0s)  >>> Created relation dictionary_exprs/1@f3ebce9r with 0 rows and digest THIS-RELATION-HAS-NO-TUPLES.
[2026-10-08 00:57:21] (0s) Inferred that Synth::Synth::TDictionaryExpr#0a7110a3/2@48fe877k is empty, due to dictionary_exprs/1@f3ebce9r.
[2026-10-08 00:57:21] (0s)  >>> Created relation sequence_exprs/1@a956c5rt with 0 rows and digest THIS-RELATION-HAS-NO-TUPLES.
[2026-10-08 00:57:21] (0s) Inferred that Synth::Synth::TSequenceExpr#32ecc61a/2@0c33fdr8 is empty, due to sequence_exprs/1@a956c5rt.
[2026-10-08 00:57:21] (0s)  >>> Created relation force_try_exprs/1@4611e2km with 0 rows and digest THIS-RELATION-HAS-NO-TUPLES.
[2026-10-08 00:57:21] (0s)  >>> Created relation key_path_exprs/1@9f557bia with 0 rows and digest THIS-RELATION-HAS-NO-TUPLES.
[2026-10-08 00:57:21] (0s) Inferred that Synth::Synth::TForceTryExpr#aca35586/2@e53657sf is empty, due to force_try_exprs/1@4611e2km.
[2026-10-08 00:57:21] (0s)  >>> Created relation dot_self_exprs/1@653864gd with 0 rows and digest THIS-RELATION-HAS-NO-TUPLES.
[2026-10-08 00:57:21] (0s) Inferred that Synth::Synth::TKeyPathExpr#d2a0a362/2@af9011ph is empty, due to key_path_exprs/1@9f557bia.
[2026-10-08 00:57:21] (0s)  >>> Created relation unsafe_exprs/1@3e173fgn with 0 rows and digest THIS-RELATION-HAS-NO-TUPLES.
[2026-10-08 00:57:21] (0s) Inferred that Synth::Synth::TDotSelfExpr#2af432ab/2@a4e80dmu is empty, due to dot_self_exprs/1@653864gd.
[2026-10-08 00:57:21] (0s) Inferred that Synth::Synth::TUnsafeExpr#5c199287/2@da0630gm is empty, due to unsafe_exprs/1@3e173fgn.
[2026-10-08 00:57:21] (0s)  >>> Created relation erasure_exprs/1@c21dccqk with 0 rows and digest THIS-RELATION-HAS-NO-TUPLES.
[2026-10-08 00:57:21] (0s)  >>> Created relation tuple_exprs/1@1d1af5p2 with 0 rows and digest THIS-RELATION-HAS-NO-TUPLES.
[2026-10-08 00:57:21] (0s) Inferred that Synth::Synth::TErasureExpr#b856878f/2@f97e80fe is empty, due to erasure_exprs/1@c21dccqk.
[2026-10-08 00:57:21] (0s) Inferred that Synth::Synth::TTupleExpr#29bd1b0a/2@273806dn is empty, due to tuple_exprs/1@1d1af5p2.
[2026-10-08 00:57:21] (0s)  >>> Created relation paren_exprs/1@2eb093n3 with 0 rows and digest THIS-RELATION-HAS-NO-TUPLES.
[2026-10-08 00:57:21] (0s) Inferred that Synth::Synth::TParenExpr#81d40ae0/2@3db4e1r0 is empty, due to paren_exprs/1@2eb093n3.
[2026-10-08 00:57:21] (0s)  >>> Created relation borrow_exprs/1@adb248gb with 0 rows and digest THIS-RELATION-HAS-NO-TUPLES.
[2026-10-08 00:57:21] (0s) Inferred that Synth::Synth::TBorrowExpr#0b4a36c6/2@696488hf is empty, due to borrow_exprs/1@adb248gb.
[2026-10-08 00:57:21] (0s)  >>> Created relation binary_exprs/1@6eace97g with 1 rows and digest 97f8576sjpcjer1ancs8dqatqcb.
[2026-10-08 00:57:21] (0s)  >>> Created relation coerce_exprs/1@dc6ecf2o with 98 rows and digest d70783udl6qej19962gc022a7g8.
[2026-10-08 00:57:21] (0s)  >>> Created relation type_exprs/1@8165a10t with 953 rows and digest 3bba82mcjue34nffpe24bujnpt5.
[2026-10-08 00:57:21] (0s)  >>> Created relation error_exprs/1@5fda9f7m with 0 rows and digest THIS-RELATION-HAS-NO-TUPLES.
[2026-10-08 00:57:21] (0s)  >>> Created relation await_exprs/1@f36557u8 with 0 rows and digest THIS-RELATION-HAS-NO-TUPLES.
[2026-10-08 00:57:21] (0s) Inferred that Synth::Synth::TErrorExpr#cc07fd89/2@d5839dda is empty, due to error_exprs/1@5fda9f7m.
[2026-10-08 00:57:21] (0s) Inferred that Synth::Synth::TAwaitExpr#6204bb36/2@8a8550fi is empty, due to await_exprs/1@f36557u8.
[2026-10-08 00:57:21] (0s)  >>> Created relation array_exprs/1@0196403p with 3 rows and digest ef6932jtrd4o66cql4al5vatgp7.
[2026-10-08 00:57:21] (0s)  >>> Created relation load_exprs/1@aa57717d with 0 rows and digest THIS-RELATION-HAS-NO-TUPLES.
[2026-10-08 00:57:21] (0s)  >>> Created relation try_exprs/1@8ccefduj with 1 rows and digest f1203bv2dmnn93lrjqlh0robrc4.
[2026-10-08 00:57:21] (0s) Inferred that Synth::Synth::TLoadExpr#f2bc71da/2@a69d6agb is empty, due to load_exprs/1@aa57717d.
[2026-10-08 00:57:21] (0s)  >>> Created relation is_exprs/1@fa7ea08l with 0 rows and digest THIS-RELATION-HAS-NO-TUPLES.
[2026-10-08 00:57:21] (0s) Inferred that Synth::Synth::TIsExpr#e5607cdc/2@97b45e6k is empty, due to is_exprs/1@fa7ea08l.
[2026-10-08 00:57:21] (0s)  >>> Created relation call_exprs/1@7aa0564n with 5169 rows and digest 41bbd49154p33hcqugmld86vbpc.
[2026-10-08 00:57:21] (0s)  >>> Created relation vararg_expansion_exprs/2@52352c6g with 0 rows and digest THIS-RELATION-HAS-NO-TUPLES.
[2026-10-08 00:57:21] (0s)  >>> Created relation unresolved_specialize_exprs/2@433f23js with 0 rows and digest THIS-RELATION-HAS-NO-TUPLES.
[2026-10-08 00:57:21] (0s) Inferred that Synth::Synth::TVarargExpansionExpr#dom#213ebcc4/1@ddb9f36e is empty, due to vararg_expansion_exprs/2@52352c6g.
[2026-10-08 00:57:21] (0s) Inferred that Synth::Synth::TVarargExpansionExpr#368405ed/2@0378d9b5 is empty, due to Synth::Synth::TVarargExpansionExpr#dom#213ebcc4/1@ddb9f36e.
[2026-10-08 00:57:21] (0s)  >>> Created relation unresolved_pattern_exprs/2@be38b6ca with 0 rows and digest THIS-RELATION-HAS-NO-TUPLES.
[2026-10-08 00:57:21] (0s) Inferred that Synth::Synth::TUnresolvedSpecializeExpr#dom#ee1d8e28/1@23615eic is empty, due to unresolved_specialize_exprs/2@433f23js.
[2026-10-08 00:57:21] (0s) Inferred that Synth::Synth::TUnresolvedSpecializeExpr#79e399e8/2@ff78716o is empty, due to Synth::Synth::TUnresolvedSpecializeExpr#dom#ee1d8e28/1@23615eic.
[2026-10-08 00:57:21] (0s)  >>> Created relation unresolved_member_exprs/2@18e3a6np with 0 rows and digest THIS-RELATION-HAS-NO-TUPLES.
[2026-10-08 00:57:21] (0s) Inferred that Synth::Synth::TUnresolvedPatternExpr#dom#26d14318/1@d5552f96 is empty, due to unresolved_pattern_exprs/2@be38b6ca.
[2026-10-08 00:57:21] (0s) Inferred that Synth::Synth::TUnresolvedPatternExpr#a7c8b151/2@13f249ln is empty, due to Synth::Synth::TUnresolvedPatternExpr#dom#26d14318/1@d5552f96.
[2026-10-08 00:57:21] (0s)  >>> Created relation unresolved_dot_exprs/3@ec6f7doh with 0 rows and digest THIS-RELATION-HAS-NO-TUPLES.
[2026-10-08 00:57:21] (0s) Inferred that Synth::Synth::TUnresolvedMemberExpr#dom#51b38a73/1@951be0b2 is empty, due to unresolved_member_exprs/2@18e3a6np.
[2026-10-08 00:57:21] (0s) Inferred that Synth::Synth::TUnresolvedDotExpr#dom#312d2f0d/1@c68e6563 is empty, due to unresolved_dot_exprs/3@ec6f7doh.
[2026-10-08 00:57:21] (0s) Inferred that Synth::Synth::TUnresolvedMemberExpr#398da227/2@a16669m7 is empty, due to Synth::Synth::TUnresolvedMemberExpr#dom#51b38a73/1@951be0b2.
[2026-10-08 00:57:21] (0s) Inferred that Synth::Synth::TUnresolvedDotExpr#fdff6bbb/2@2208d5p2 is empty, due to Synth::Synth::TUnresolvedDotExpr#dom#312d2f0d/1@c68e6563.
[2026-10-08 00:57:21] (0s)  >>> Created relation type_value_exprs/2@9fc1d2ir with 0 rows and digest THIS-RELATION-HAS-NO-TUPLES.
[2026-10-08 00:57:21] (0s)  >>> Created relation tuple_element_exprs/3@bbe29bdp with 0 rows and digest THIS-RELATION-HAS-NO-TUPLES.
[2026-10-08 00:57:21] (0s) Inferred that Synth::Synth::TTypeValueExpr#dom#6d54a5db/1@b5973ccr is empty, due to type_value_exprs/2@9fc1d2ir.
[2026-10-08 00:57:21] (0s) Inferred that type_value_exprs_10#join_rhs/2@60af001c is empty, due to type_value_exprs/2@9fc1d2ir.
[2026-10-08 00:57:21] (0s) Inferred that Synth::Synth::TTupleElementExpr#dom#04c5f57e/1@6aad022l is empty, due to tuple_element_exprs/3@bbe29bdp.
[2026-10-08 00:57:21] (0s) Inferred that tuple_element_exprs_20#join_rhs/2@e51a6eeh is empty, due to tuple_element_exprs/3@bbe29bdp.
[2026-10-08 00:57:21] (0s) Inferred that Synth::Synth::TTypeValueExpr#c5cf603d/2@3071897h is empty, due to Synth::Synth::TTypeValueExpr#dom#6d54a5db/1@b5973ccr.
[2026-10-08 00:57:21] (0s) Inferred that Synth::Synth::TTupleElementExpr#a3b34463/2@35a3240s is empty, due to Synth::Synth::TTupleElementExpr#dom#04c5f57e/1@6aad022l.
[2026-10-08 00:57:21] (0s)  >>> Created relation tap_exprs/3@dc14533g with 0 rows and digest THIS-RELATION-HAS-NO-TUPLES.
[2026-10-08 00:57:21] (0s) Inferred that Synth::Synth::TTapExpr#dom#c84cc1ad/1@af1131ua is empty, due to tap_exprs/3@dc14533g.
[2026-10-08 00:57:21] (0s)  >>> Created relation super_ref_exprs/2@20d7a3jt with 0 rows and digest THIS-RELATION-HAS-NO-TUPLES.
[2026-10-08 00:57:21] (0s) Inferred that Synth::Synth::TTapExpr#846ec96a/2@2915f2j1 is empty, due to Synth::Synth::TTapExpr#dom#c84cc1ad/1@af1131ua.
[2026-10-08 00:57:21] (0s) Inferred that Synth::Synth::TSuperRefExpr#dom#9b32a428/1@2920cb6e is empty, due to super_ref_exprs/2@20d7a3jt.
[2026-10-08 00:57:21] (0s) Inferred that Synth::Synth::TSuperRefExpr#4d1b7b74/2@36ff12jv is empty, due to Synth::Synth::TSuperRefExpr#dom#9b32a428/1@2920cb6e.
[2026-10-08 00:57:21] (0s)  >>> Created relation string_literal_exprs/2@577d28ck with 474 rows and digest 5dd3e5f1gs6hrk2dscivi90uifa.
[2026-10-08 00:57:21] (0s)  >>> Created relation single_value_stmt_exprs/2@d4da00r7 with 0 rows and digest THIS-RELATION-HAS-NO-TUPLES.
[2026-10-08 00:57:21] (0s) Inferred that Synth::Synth::TSingleValueStmtExpr#dom#43734acd/1@a8a7a3go is empty, due to single_value_stmt_exprs/2@d4da00r7.
[2026-10-08 00:57:21] (0s) Inferred that Synth::Synth::TSingleValueStmtExpr#ee9fcec0/2@8c16a61m is empty, due to Synth::Synth::TSingleValueStmtExpr#dom#43734acd/1@a8a7a3go.
[2026-10-08 00:57:21] (0s)  >>> Created relation regex_literal_exprs/3@f6ba52vn with 0 rows and digest THIS-RELATION-HAS-NO-TUPLES.
[2026-10-08 00:57:21] (0s)  >>> Created relation rebind_self_in_initializer_exprs/3@38cb0b6o with 0 rows and digest THIS-RELATION-HAS-NO-TUPLES.
[2026-10-08 00:57:21] (0s) Inferred that Synth::Synth::TRegexLiteralExpr#dom#ff9f7c93/1@5dcdcdu6 is empty, due to regex_literal_exprs/3@f6ba52vn.
[2026-10-08 00:57:21] (0s) Inferred that Synth::Synth::TRebindSelfInInitializerExpr#dom#68f3412e/1@834e31gl is empty, due to rebind_self_in_initializer_exprs/3@38cb0b6o.
[2026-10-08 00:57:21] (0s) Inferred that Synth::Synth::TRegexLiteralExpr#c000cb56/2@0d0875qo is empty, due to Synth::Synth::TRegexLiteralExpr#dom#ff9f7c93/1@5dcdcdu6.
[2026-10-08 00:57:21] (0s) Inferred that Synth::Synth::TRebindSelfInInitializerExpr#3360a566/2@6178e6i1 is empty, due to Synth::Synth::TRebindSelfInInitializerExpr#dom#68f3412e/1@834e31gl.
[2026-10-08 00:57:21] (0s)  >>> Created relation property_wrapper_value_placeholder_exprs/2@3ea058gg with 0 rows and digest THIS-RELATION-HAS-NO-TUPLES.
[2026-10-08 00:57:21] (0s) Inferred that Synth::Synth::TPropertyWrapperValuePlaceholderExpr#dom#24ba84a3/1@c734b12f is empty, due to property_wrapper_value_placeholder_exprs/2@3ea058gg.
[2026-10-08 00:57:21] (0s) Inferred that Synth::Synth::TPropertyWrapperValuePlaceholderExpr#8e089f89/2@86e2b055 is empty, due to Synth::Synth::TPropertyWrapperValuePlaceholderExpr#dom#24ba84a3/1@c734b12f.
[2026-10-08 00:57:21] (0s)  >>> Created relation pack_expansion_exprs/2@f3d570p4 with 0 rows and digest THIS-RELATION-HAS-NO-TUPLES.
[2026-10-08 00:57:21] (0s)  >>> Created relation pack_element_exprs/2@641300ar with 0 rows and digest THIS-RELATION-HAS-NO-TUPLES.
[2026-10-08 00:57:21] (0s) Inferred that Synth::Synth::TPackExpansionExpr#dom#c494fbf1/1@35163bpe is empty, due to pack_expansion_exprs/2@f3d570p4.
[2026-10-08 00:57:21] (0s) Inferred that Synth::Synth::TPackElementExpr#dom#fe662a1e/1@a2f1173g is empty, due to pack_element_exprs/2@641300ar.
[2026-10-08 00:57:21] (0s) Inferred that Synth::Synth::TPackExpansionExpr#75eece85/2@116a1fji is empty, due to Synth::Synth::TPackExpansionExpr#dom#c494fbf1/1@35163bpe.
[2026-10-08 00:57:21] (0s) Inferred that Synth::Synth::TPackElementExpr#a2e17bdb/2@f8d1b18j is empty, due to Synth::Synth::TPackElementExpr#dom#fe662a1e/1@a2f1173g.
[2026-10-08 00:57:21] (0s)  >>> Created relation other_initializer_ref_exprs/2@15c11128 with 0 rows and digest THIS-RELATION-HAS-NO-TUPLES.
[2026-10-08 00:57:21] (0s)  >>> Created relation default_argument_exprs/3@3e3a91em with 0 rows and digest THIS-RELATION-HAS-NO-TUPLES.
[2026-10-08 00:57:21] (0s) Inferred that Synth::Synth::TOtherInitializerRefExpr#dom#166178fc/1@25bee7bb is empty, due to other_initializer_ref_exprs/2@15c11128.
[2026-10-08 00:57:21] (0s) Inferred that other_initializer_ref_exprs_10#join_rhs/2@695742vb is empty, due to other_initializer_ref_exprs/2@15c11128.
[2026-10-08 00:57:21] (0s) Inferred that Synth::Synth::TDefaultArgumentExpr#dom#a09f75b0/1@28fa25mh is empty, due to default_argument_exprs/3@3e3a91em.
[2026-10-08 00:57:21] (0s) Inferred that default_argument_exprs_10#join_rhs/2@25cfefhl is empty, due to default_argument_exprs/3@3e3a91em.
[2026-10-08 00:57:21] (0s) Inferred that Synth::Synth::TOtherInitializerRefExpr#c196dce5/2@5ee9d6vu is empty, due to Synth::Synth::TOtherInitializerRefExpr#dom#166178fc/1@25bee7bb.
[2026-10-08 00:57:21] (0s) Inferred that Synth::Synth::TDefaultArgumentExpr#f8106b5f/2@9abd7bfe is empty, due to Synth::Synth::TDefaultArgumentExpr#dom#a09f75b0/1@28fa25mh.
[2026-10-08 00:57:21] (0s)  >>> Created relation current_context_isolation_exprs/2@97ad48lc with 0 rows and digest THIS-RELATION-HAS-NO-TUPLES.
[2026-10-08 00:57:21] (0s) Inferred that Synth::Synth::TCurrentContextIsolationExpr#dom#c0ed0e39/1@56f05ffs is empty, due to current_context_isolation_exprs/2@97ad48lc.
[2026-10-08 00:57:21] (0s)  >>> Created relation copy_exprs/2@20efa1l8 with 0 rows and digest THIS-RELATION-HAS-NO-TUPLES.
[2026-10-08 00:57:21] (0s) Inferred that Synth::Synth::TCurrentContextIsolationExpr#ebdd1812/2@355d15g3 is empty, due to Synth::Synth::TCurrentContextIsolationExpr#dom#c0ed0e39/1@56f05ffs.
[2026-10-08 00:57:21] (0s)  >>> Created relation consume_exprs/2@f4f2c8fj with 0 rows and digest THIS-RELATION-HAS-NO-TUPLES.
[2026-10-08 00:57:21] (0s) Inferred that Synth::Synth::TCopyExpr#dom#ad1c5d90/1@25a4e8lj is empty, due to copy_exprs/2@20efa1l8.
[2026-10-08 00:57:21] (0s) Inferred that Synth::Synth::TConsumeExpr#dom#12a1798b/1@af89d93r is empty, due to consume_exprs/2@f4f2c8fj.
[2026-10-08 00:57:21] (0s) Inferred that Synth::Synth::TCopyExpr#df1dd922/2@4313dc60 is empty, due to Synth::Synth::TCopyExpr#dom#ad1c5d90/1@25a4e8lj.
[2026-10-08 00:57:21] (0s) Inferred that Synth::Synth::TConsumeExpr#6debb2d8/2@463941f7 is empty, due to Synth::Synth::TConsumeExpr#dom#12a1798b/1@af89d93r.
[2026-10-08 00:57:21] (0s)  >>> Created relation capture_list_exprs/2@8465d9dr with 0 rows and digest THIS-RELATION-HAS-NO-TUPLES.
[2026-10-08 00:57:21] (0s) Inferred that Synth::Synth::TCaptureListExpr#dom#61e92b79/1@869f39nt is empty, due to capture_list_exprs/2@8465d9dr.
[2026-10-08 00:57:21] (0s) Inferred that Synth::Synth::TCaptureListExpr#4e5ecb1c/2@db9ec8us is empty, due to Synth::Synth::TCaptureListExpr#dom#61e92b79/1@869f39nt.
[2026-10-08 00:57:21] (0s)  >>> Created relation bind_optional_exprs/2@95efc9er with 0 rows and digest THIS-RELATION-HAS-NO-TUPLES.
[2026-10-08 00:57:21] (0s) Inferred that Synth::Synth::TBindOptionalExpr#dom#86999c1e/1@985715fv is empty, due to bind_optional_exprs/2@95efc9er.
[2026-10-08 00:57:21] (0s) Inferred that Synth::Synth::TBindOptionalExpr#e5116af4/2@78433e1e is empty, due to Synth::Synth::TBindOptionalExpr#dom#86999c1e/1@985715fv.
[2026-10-08 00:57:21] (0s)  >>> Created relation assign_exprs/3@960809f0 with 3109 rows and digest 2b89da3ra175rel539mk3re2434.
[2026-10-08 00:57:21] (0s)  >>> Created relation boolean_literal_exprs/2@16871d4h with 1 rows and digest e86dbdo2n77jo32ept454cbjds6.
[2026-10-08 00:57:21] (0s)  >>> Created relation initializer_ref_call_exprs/1@95b49atp with 4 rows and digest fe36c7fk33a73hslnj6je91s6rb.
[2026-10-08 00:57:21] (0s)  >>> Created relation applied_property_wrapper_exprs/4@a6d671oj with 0 rows and digest THIS-RELATION-HAS-NO-TUPLES.
[2026-10-08 00:57:21] (0s) Inferred that Synth::Synth::TAppliedPropertyWrapperExpr#dom#55d340c5/1@f333c0b6 is empty, due to applied_property_wrapper_exprs/4@a6d671oj.
[2026-10-08 00:57:21] (0s) Inferred that Synth::Synth::TAppliedPropertyWrapperExpr#8df015f0/2@eb9a26te is empty, due to Synth::Synth::TAppliedPropertyWrapperExpr#dom#55d340c5/1@f333c0b6.
[2026-10-08 00:57:21] (0s)  >>> Created relation optional_evaluation_exprs/2@cc5d60q2 with 0 rows and digest THIS-RELATION-HAS-NO-TUPLES.
[2026-10-08 00:57:21] (0s) Inferred that Synth::Synth::TOptionalEvaluationExpr#dom#1d20abef/1@a2defbuk is empty, due to optional_evaluation_exprs/2@cc5d60q2.
[2026-10-08 00:57:21] (0s) Inferred that Synth::Synth::TOptionalEvaluationExpr#f7ab09c0/2@1e79faar is empty, due to Synth::Synth::TOptionalEvaluationExpr#dom#1d20abef/1@a2defbuk.
[2026-10-08 00:57:21] (0s)  >>> Created relation open_existential_exprs/4@44db22ji with 0 rows and digest THIS-RELATION-HAS-NO-TUPLES.
[2026-10-08 00:57:21] (0s) Inferred that Synth::Synth::TOpenExistentialExpr#dom#f7826a92/1@1c165e1c is empty, due to open_existential_exprs/4@44db22ji.
[2026-10-08 00:57:21] (0s) Inferred that Synth::Synth::TOpenExistentialExpr#69c081f6/2@2487ccrv is empty, due to Synth::Synth::TOpenExistentialExpr#dom#f7826a92/1@1c165e1c.
[2026-10-08 00:57:21] (0s)  >>> Created relation object_literal_exprs/2@d81c767h with 0 rows and digest THIS-RELATION-HAS-NO-TUPLES.
[2026-10-08 00:57:21] (0s) Inferred that Synth::Synth::TObjectLiteralExpr#dom#ad4eeda6/1@f0164868 is empty, due to object_literal_exprs/2@d81c767h.
[2026-10-08 00:57:21] (0s) Inferred that Synth::Synth::TObjectLiteralExpr#8e8a0dd9/2@bb08124b is empty, due to Synth::Synth::TObjectLiteralExpr#dom#ad4eeda6/1@f0164868.
[2026-10-08 00:57:21] (0s)  >>> Created relation dot_syntax_call_exprs/1@daf1179g with 947 rows and digest 6079e0qr1qgr4egc79vfucshid6.
[2026-10-08 00:57:21] (0s)  >>> Created relation obj_c_selector_exprs/3@c73ea490 with 0 rows and digest THIS-RELATION-HAS-NO-TUPLES.
[2026-10-08 00:57:21] (0s)  >>> Created relation materialize_pack_exprs/2@9328812n with 0 rows and digest THIS-RELATION-HAS-NO-TUPLES.
[2026-10-08 00:57:21] (0s) Inferred that Synth::Synth::TObjCSelectorExpr#dom#0b23ab7f/1@dd97f2dd is empty, due to obj_c_selector_exprs/3@c73ea490.
[2026-10-08 00:57:21] (0s) Inferred that Synth::Synth::TMaterializePackExpr#dom#5597c857/1@80ff258b is empty, due to materialize_pack_exprs/2@9328812n.
[2026-10-08 00:57:21] (0s) Inferred that Synth::Synth::TObjCSelectorExpr#444c9092/2@764a162n is empty, due to Synth::Synth::TObjCSelectorExpr#dom#0b23ab7f/1@dd97f2dd.
[2026-10-08 00:57:21] (0s) Inferred that Synth::Synth::TMaterializePackExpr#95302548/2@8cfd02ok is empty, due to Synth::Synth::TMaterializePackExpr#dom#5597c857/1@80ff258b.
[2026-10-08 00:57:21] (0s)  >>> Created relation make_temporarily_escapable_exprs/4@0a83e3h3 with 0 rows and digest THIS-RELATION-HAS-NO-TUPLES.
[2026-10-08 00:57:21] (0s) Inferred that Synth::Synth::TMakeTemporarilyEscapableExpr#dom#0229d2b0/1@3551f5pe is empty, due to make_temporarily_escapable_exprs/4@0a83e3h3.
[2026-10-08 00:57:21] (0s) Inferred that Synth::Synth::TMakeTemporarilyEscapableExpr#abd7b139/2@569e0cjb is empty, due to Synth::Synth::TMakeTemporarilyEscapableExpr#dom#0229d2b0/1@3551f5pe.
[2026-10-08 00:57:21] (0s)  >>> Created relation magic_identifier_literal_exprs/2@2f24e4rd with 0 rows and digest THIS-RELATION-HAS-NO-TUPLES.
[2026-10-08 00:57:21] (0s) Inferred that Synth::Synth::TMagicIdentifierLiteralExpr#dom#628fed16/1@cbb56ae9 is empty, due to magic_identifier_literal_exprs/2@2f24e4rd.
[2026-10-08 00:57:21] (0s) Inferred that Synth::Synth::TMagicIdentifierLiteralExpr#95c0fc2d/2@8bcee8r7 is empty, due to Synth::Synth::TMagicIdentifierLiteralExpr#dom#628fed16/1@cbb56ae9.
[2026-10-08 00:57:21] (0s)  >>> Created relation lazy_initialization_exprs/2@48ea10dl with 0 rows and digest THIS-RELATION-HAS-NO-TUPLES.
[2026-10-08 00:57:21] (0s)  >>> Created relation key_path_application_exprs/3@87b5a7ks with 0 rows and digest THIS-RELATION-HAS-NO-TUPLES.
[2026-10-08 00:57:21] (0s) Inferred that Synth::Synth::TLazyInitializationExpr#dom#38f9e33d/1@238e005c is empty, due to lazy_initialization_exprs/2@48ea10dl.
[2026-10-08 00:57:21] (0s) Inferred that Synth::Synth::TKeyPathApplicationExpr#dom#06e9697f/1@812dfafp is empty, due to key_path_application_exprs/3@87b5a7ks.
[2026-10-08 00:57:21] (0s) Inferred that Synth::Synth::TLazyInitializationExpr#03f4fc3e/2@a923402e is empty, due to Synth::Synth::TLazyInitializationExpr#dom#38f9e33d/1@238e005c.
[2026-10-08 00:57:21] (0s) Inferred that Synth::Synth::TKeyPathApplicationExpr#e5b19e99/2@39e64d7v is empty, due to Synth::Synth::TKeyPathApplicationExpr#dom#06e9697f/1@812dfafp.
[2026-10-08 00:57:21] (0s)  >>> Created relation if_exprs/4@e1374dbd with 0 rows and digest THIS-RELATION-HAS-NO-TUPLES.
[2026-10-08 00:57:21] (0s) Inferred that Synth::Synth::TIfExpr#dom#86a1020d/1@c9294dva is empty, due to if_exprs/4@e1374dbd.
[2026-10-08 00:57:21] (0s) Inferred that Synth::Synth::TIfExpr#0dd62e70/2@d4fd81uj is empty, due to Synth::Synth::TIfExpr#dom#86a1020d/1@c9294dva.
[2026-10-08 00:57:21] (0s)  >>> Created relation integer_literal_exprs/2@c55ee8f6 with 14843 rows and digest 865fb3erpc72vfpuispqq4t3hkf.
[2026-10-08 00:57:21] (0s)  >>> Created relation force_value_exprs/2@a9473f45 with 0 rows and digest THIS-RELATION-HAS-NO-TUPLES.
[2026-10-08 00:57:21] (0s) Inferred that Synth::Synth::TForceValueExpr#dom#a28beeed/1@ba88bfs5 is empty, due to force_value_exprs/2@a9473f45.
[2026-10-08 00:57:21] (0s) Inferred that Synth::Synth::TForceValueExpr#46e88c3b/2@20866eq6 is empty, due to Synth::Synth::TForceValueExpr#dom#a28beeed/1@ba88bfs5.
[2026-10-08 00:57:21] (0s)  >>> Created relation extract_function_isolation_exprs/2@054293v5 with 0 rows and digest THIS-RELATION-HAS-NO-TUPLES.
[2026-10-08 00:57:21] (0s)  >>> Created relation float_literal_exprs/2@a1fba593 with 177 rows and digest 687ee22hjj132pca0nerj0goeh4.
[2026-10-08 00:57:21] (0s) Inferred that Synth::Synth::TExtractFunctionIsolationExpr#dom#952c5bd8/1@77526a1i is empty, due to extract_function_isolation_exprs/2@054293v5.
[2026-10-08 00:57:21] (0s) Inferred that Synth::Synth::TExtractFunctionIsolationExpr#f24411e5/2@8bbcf8gb is empty, due to Synth::Synth::TExtractFunctionIsolationExpr#dom#952c5bd8/1@77526a1i.
[2026-10-08 00:57:21] (0s)  >>> Created relation enum_is_case_exprs/3@2ccaedqg with 0 rows and digest THIS-RELATION-HAS-NO-TUPLES.
[2026-10-08 00:57:21] (0s)  >>> Created relation dynamic_type_exprs/2@954d54tr with 0 rows and digest THIS-RELATION-HAS-NO-TUPLES.
[2026-10-08 00:57:21] (0s) Inferred that Synth::Synth::TEnumIsCaseExpr#dom#d64c7717/1@493214l0 is empty, due to enum_is_case_exprs/3@2ccaedqg.
[2026-10-08 00:57:21] (0s) Inferred that Synth::Synth::TDynamicTypeExpr#dom#f7f0b80a/1@2dc8eb5l is empty, due to dynamic_type_exprs/2@954d54tr.
[2026-10-08 00:57:21] (0s) Inferred that enum_is_case_exprs_20#join_rhs/2@cdf96ev4 is empty, due to enum_is_case_exprs/3@2ccaedqg.
[2026-10-08 00:57:21] (0s) Inferred that Synth::Synth::TEnumIsCaseExpr#3123b215/2@934f44np is empty, due to Synth::Synth::TEnumIsCaseExpr#dom#d64c7717/1@493214l0.
[2026-10-08 00:57:21] (0s) Inferred that Synth::Synth::TDynamicTypeExpr#16d385bf/2@a24a28vu is empty, due to Synth::Synth::TDynamicTypeExpr#dom#f7f0b80a/1@2dc8eb5l.
[2026-10-08 00:57:21] (0s)  >>> Created relation dot_syntax_base_ignored_exprs/3@e41f4dmd with 0 rows and digest THIS-RELATION-HAS-NO-TUPLES.
[2026-10-08 00:57:21] (0s) Inferred that Synth::Synth::TDotSyntaxBaseIgnoredExpr#dom#99d833c4/1@af7482ol is empty, due to dot_syntax_base_ignored_exprs/3@e41f4dmd.
[2026-10-08 00:57:21] (0s) Inferred that Synth::Synth::TDotSyntaxBaseIgnoredExpr#c6ec664f/2@7c1782r3 is empty, due to Synth::Synth::TDotSyntaxBaseIgnoredExpr#dom#99d833c4/1@af7482ol.
[2026-10-08 00:57:21] (0s) Starting to evaluate predicate Expr::Expr.getResolveStep/0#dispred#318c6ca3_0#antijoin_rhs/1@0d050bg8
[2026-10-08 00:57:21] (0s) Starting to evaluate predicate @closure_expr/1@b215aaak
[2026-10-08 00:57:21] (0s)  >>> Created relation Expr::Expr.getResolveStep/0#dispred#318c6ca3_0#antijoin_rhs/1@0d050bg8 with 958 rows and digest 062188d65nakf34c9m3ufpea9o5.
[2026-10-08 00:57:21] (0s)  >>> Created relation @closure_expr/1@b215aaak with 1 rows and digest 4a7db4ir1g70030vokho3vanvg3.
[2026-10-08 00:57:21] (0s) Starting to evaluate predicate _Expr::Expr.getResolveStep/0#dispred#318c6ca3_0#antijoin_rhs_Synth::Synth::TAssignExpr#4d91050c#shared/2@6d4b3352
[2026-10-08 00:57:21] (0s)  >>> Created relation _Expr::Expr.getResolveStep/0#dispred#318c6ca3_0#antijoin_rhs_Synth::Synth::TAssignExpr#4d91050c#shared/2@6d4b3352 with 3109 rows and digest ff9214d7ad4oroh8hg8bhse2s95.
[2026-10-08 00:57:21] (0s) Starting to evaluate predicate @expr/1@7412a6g1
[2026-10-08 00:57:21] (0s) Starting to evaluate predicate AssignExpr::Generated::AssignExpr.getDest/0#dispred#2a0c3463/2@9c55a7b7
[2026-10-08 00:57:21] (0s)  >>> Created relation AssignExpr::Generated::AssignExpr.getDest/0#dispred#2a0c3463/2@9c55a7b7 with 3109 rows and digest 65a185gi3r61kqki9nsf3403f0b.
[2026-10-08 00:57:21] (0s) Starting to evaluate predicate AssignExpr::Generated::AssignExpr.getDest/0#dispred#2a0c3463_1#antijoin_rhs/1@f969692u
[2026-10-08 00:57:21] (0s)  >>> Created relation @expr/1@7412a6g1 with 40303 rows and digest a4fe0fbhp7fma2t1m6qf90q62e7.
[2026-10-08 00:57:21] (0s)  >>> Created relation AssignExpr::Generated::AssignExpr.getDest/0#dispred#2a0c3463_1#antijoin_rhs/1@f969692u with 3109 rows and digest fee498tj6aglk1omo8ieie6kbje.
[2026-10-08 00:57:21] (0s) Starting to evaluate predicate Raw::Raw::ApplyExpr.getFunction/0#dispred#bd9824c5/2@7b1717qh
[2026-10-08 00:57:21] (0s) Starting to evaluate predicate Callable::Generated::Callable.getParam/1#dispred#73056655_0#antijoin_rhs/1@3404fe3c
[2026-10-08 00:57:21] (0s)  >>> Created relation Raw::Raw::ApplyExpr.getFunction/0#dispred#bd9824c5/2@7b1717qh with 6121 rows and digest 79b9e1rfil44133r2d8bkdj7q49.
[2026-10-08 00:57:21] (0s) Starting to evaluate predicate m#Synth::Synth::convertApplyExprToRaw/1#55467ecc#fb/1@e9368c39
[2026-10-08 00:57:21] (0s)  >>> Created relation Callable::Generated::Callable.getParam/1#dispred#73056655_0#antijoin_rhs/1@3404fe3c with 26259 rows and digest 60f378vr6n505eg9mkcn9k5n53b.
[2026-10-08 00:57:21] (0s) Starting to evaluate predicate m#Callable::Generated::Callable.getNumberOfParams/0#dispred#3d83aba3#bf/1@0f151fcq
[2026-10-08 00:57:21] (0s)  >>> Created relation m#Synth::Synth::convertApplyExprToRaw/1#55467ecc#fb/1@e9368c39 with 40303 rows and digest a4fe0fbhp7fma2t1m6qf90q62e7.
[2026-10-08 00:57:21] (0s) Starting to evaluate predicate Synth::Synth::convertApplyExprToRaw/1#55467ecc#fb/2@d9a62dl2
[2026-10-08 00:57:21] (0s)  >>> Created relation Synth::Synth::convertApplyExprToRaw/1#55467ecc#fb/2@d9a62dl2 with 5170 rows and digest db17801s5g9ce28vpac57sl7f52.
[2026-10-08 00:57:21] (0s) Starting to evaluate predicate Synth::Synth::convertApplyExprToRaw/1#55467ecc#fb_10#join_rhs/2@e6efa008
[2026-10-08 00:57:21] (0s)  >>> Created relation Synth::Synth::convertApplyExprToRaw/1#55467ecc#fb_10#join_rhs/2@e6efa008 with 5170 rows and digest 68c692g9e1amicn8c0fp6ir6ab3.
[2026-10-08 00:57:21] (0s) Starting to evaluate predicate ApplyExpr::Generated::ApplyExpr.getArgument/1#dispred#6fb5e17f/3@b59bd16m
[2026-10-08 00:57:21] (0s)  >>> Created relation ApplyExpr::Generated::ApplyExpr.getArgument/1#dispred#6fb5e17f/3@b59bd16m with 4305 rows and digest 9e502afggcbf1l5jaeh4tmg7t62.
[2026-10-08 00:57:21] (0s) Starting to evaluate predicate ApplyExpr::Generated::ApplyExpr.getFunction/0#dispred#12f7b5a0/2@8b129b20
[2026-10-08 00:57:21] (0s)  >>> Created relation ApplyExpr::Generated::ApplyExpr.getFunction/0#dispred#12f7b5a0/2@8b129b20 with 5170 rows and digest 13ec432jb65ik1u9sh75kfh1u7a.
[2026-10-08 00:57:21] (0s) Starting to evaluate predicate ApplyExprImpl::Impl::MethodApplyExpr#af2ec0bc/2@1d318bgi
[2026-10-08 00:57:21] (0s)  >>> Created relation ApplyExprImpl::Impl::MethodApplyExpr#af2ec0bc/2@1d318bgi with 943 rows and digest 53f54fuplqn4p7h5fns7vifmgee.
[2026-10-08 00:57:21] (0s) Starting to evaluate predicate m#LookupExpr::Generated::LookupExpr.getBase/0#dispred#20e15c6d#bf/1@de08b124
[2026-10-08 00:57:21] (0s)  >>> Created relation m#LookupExpr::Generated::LookupExpr.getBase/0#dispred#20e15c6d#bf/1@de08b124 with 1024 rows and digest 31d16f7246qsssnj2b1a1fkmi13.
[2026-10-08 00:57:21] (0s)  >>> Created relation self_apply_exprs/2@bb52626c with 951 rows and digest 947ef8pd6o48v5m6h7fh0ag0sqc.
[2026-10-08 00:57:21] (0s)  >>> Created relation lookup_exprs/2@298b2d34 with 1402 rows and digest 9e5702ge6hevd4m9v6i71b5t7u3.
[2026-10-08 00:57:21] (0s) Starting to evaluate predicate Synth::Synth::convertLookupExprToRaw/1#ea59557a#bf/2@c9c38djr
[2026-10-08 00:57:21] (0s)  >>> Created relation Synth::Synth::convertLookupExprToRaw/1#ea59557a#bf/2@c9c38djr with 81 rows and digest d55200aj9nncp80imb3dpm0thp4.
[2026-10-08 00:57:21] (0s) Starting to evaluate predicate LookupExpr::Generated::LookupExpr.getImmediateBase/0#dispred#34571f86#bf/2@de3a1501
[2026-10-08 00:57:21] (0s)  >>> Created relation LookupExpr::Generated::LookupExpr.getImmediateBase/0#dispred#34571f86#bf/2@de3a1501 with 1024 rows and digest 8b41dcdqphuoeftu9q62qi8e2k1.
[2026-10-08 00:57:21] (0s) Starting to evaluate predicate LookupExpr::Generated::LookupExpr.getBase/0#dispred#20e15c6d#bf/2@f859b0cb
[2026-10-08 00:57:21] (0s)  >>> Created relation LookupExpr::Generated::LookupExpr.getBase/0#dispred#20e15c6d#bf/2@f859b0cb with 1024 rows and digest 8b41dcdqphuoeftu9q62qi8e2k1.
[2026-10-08 00:57:21] (0s) Starting to evaluate predicate ApplyExpr::ApplyExpr.getQualifier/0#dispred#13afdcd5/2@b9ed8ehf
[2026-10-08 00:57:21] (0s)  >>> Created relation ApplyExpr::ApplyExpr.getQualifier/0#dispred#13afdcd5/2@b9ed8ehf with 943 rows and digest 20e7418lchglmlj6ne5bm6m1fn9.
[2026-10-08 00:57:21] (0s) Starting to evaluate predicate Function::Function.getShortName/0#dispred#846f4522/2@3dc117bl
[2026-10-08 00:57:21] (0s)  >>> Created relation m#Callable::Generated::Callable.getNumberOfParams/0#dispred#3d83aba3#bf/1@0f151fcq with 38001 rows and digest 7f304258q13j5gmdbllvb1fatqb.
[2026-10-08 00:57:21] (0s) Starting to evaluate predicate Synth::Synth::TCallable#9f63cd6e/1@9e7542i3
[2026-10-08 00:57:21] (0s)  >>> Created relation Synth::Synth::TCallable#9f63cd6e/1@9e7542i3 with 57177 rows and digest 5c43dejtk00gfndamgdue9u8ohc.
[2026-10-08 00:57:21] (0s) Starting to evaluate predicate Callable::Generated::Callable.getParam/1#dispred#73056655_01#count_range/2@0d00c0vm
[2026-10-08 00:57:21] (0s)  >>> Created relation Callable::Generated::Callable.getParam/1#dispred#73056655_01#count_range/2@0d00c0vm with 48318 rows and digest 3d4cd2ojn6naekbofvqfpn9bm08.
[2026-10-08 00:57:21] (0s) Starting to evaluate predicate _Callable::Generated::Callable.getParam/1#dispred#73056655_01#count_range#join_rhs/2@7a229238
[2026-10-08 00:57:21] (0s)  >>> Created relation _Callable::Generated::Callable.getParam/1#dispred#73056655_01#count_range#join_rhs/2@7a229238 with 26259 rows and digest c178fcpks51kc0lbn7nm200ouo2.
[2026-10-08 00:57:21] (0s) Starting to evaluate predicate Callable::Generated::Callable.getNumberOfParams/0#dispred#3d83aba3#bf/2@c16fe1qk
[2026-10-08 00:57:21] (0s)  >>> Created relation Callable::Generated::Callable.getNumberOfParams/0#dispred#3d83aba3#bf/2@c16fe1qk with 32690 rows and digest d54ba7s3uncgml3d6akk1uhak58.
[2026-10-08 00:57:21] (0s) Starting to evaluate predicate ExternalFlow::interpretSummary/6#b8c2eed2#cpe#12345#cpe#1234/4@ab01f9t2
[2026-10-08 00:57:21] (0s)  >>> Created relation ExternalFlow::interpretSummary/6#b8c2eed2#cpe#12345#cpe#1234/4@ab01f9t2 with 2062 rows and digest 641185al7l9vm0fudsbq56mrk61.
[2026-10-08 00:57:21] (0s) Starting to evaluate predicate ExternalFlow::SummarizedCallableAdapter#e62c37b3#cpe#12345#cpe#1234/4@dca727d6
[2026-10-08 00:57:21] (0s)  >>> Created relation ExternalFlow::SummarizedCallableAdapter#e62c37b3#cpe#12345#cpe#1234/4@dca727d6 with 2062 rows and digest 641185al7l9vm0fudsbq56mrk61.
[2026-10-08 00:57:21] (0s) Starting to evaluate predicate ApplyExpr::Generated::ApplyExpr.getArgument/1#dispred#6fb5e17f_1#join_rhs/1@6b79291e
[2026-10-08 00:57:21] (0s)  >>> Created relation ApplyExpr::Generated::ApplyExpr.getArgument/1#dispred#6fb5e17f_1#join_rhs/1@6b79291e with 3 rows and digest bc36b79cr4mohb1h7re288rv6jc.
[2026-10-08 00:57:21] (0s) Starting to evaluate predicate MethodLookupExpr::Generated::MethodLookupExpr.getMethodRef/0#dispred#244b5fea/2@0ea4e4us
[2026-10-08 00:57:21] (0s)  >>> Created relation MethodLookupExpr::Generated::MethodLookupExpr.getMethodRef/0#dispred#244b5fea/2@0ea4e4us with 951 rows and digest a273canmlj6do33uni6k08vispe.
[2026-10-08 00:57:21] (0s) Starting to evaluate predicate DeclRefExpr::Generated::DeclRefExpr.getDecl/0#dispred#5e94cea4/2@1b212frg
[2026-10-08 00:57:21] (0s)  >>> Created relation DeclRefExpr::Generated::DeclRefExpr.getDecl/0#dispred#5e94cea4/2@1b212frg with 12258 rows and digest b28c8fbfoqrolfluf5h5d4fvb17.
[2026-10-08 00:57:21] (0s) Starting to evaluate predicate MethodLookupExpr::MethodLookupExpr.getMember/0#dispred#2f9f426a/2@1fb4f8li
[2026-10-08 00:57:21] (0s)  >>> Created relation MethodLookupExpr::MethodLookupExpr.getMember/0#dispred#2f9f426a/2@1fb4f8li with 951 rows and digest d3c8627lppdsun29j5rqnkabkp4.
[2026-10-08 00:57:21] (0s) Starting to evaluate predicate MethodLookupExpr::MethodLookupExpr.getMethod/0#372bac6d#bf/2@ceb968t1
[2026-10-08 00:57:21] (0s)  >>> Created relation MethodLookupExpr::MethodLookupExpr.getMethod/0#372bac6d#bf/2@ceb968t1 with 0 rows and digest THIS-RELATION-HAS-NO-TUPLES.
[2026-10-08 00:57:21] (0s) Starting to evaluate predicate ApplyExpr::ApplyExpr.getStaticTarget/0#a70d1aa7#bf/2@b3c9e6vc
[2026-10-08 00:57:21] (0s)  >>> Created relation ApplyExpr::ApplyExpr.getStaticTarget/0#a70d1aa7#bf/2@b3c9e6vc with 1 rows and digest b6ddb9uvvgsu21rviillsuknja6.
[2026-10-08 00:57:21] (0s) Starting to evaluate predicate BinaryExpr::BinaryExpr.getOperator/0#dispred#33df5e45/2@e4287080
[2026-10-08 00:57:21] (0s)  >>> Created relation BinaryExpr::BinaryExpr.getOperator/0#dispred#33df5e45/2@e4287080 with 1 rows and digest b6ddb9uvvgsu21rviillsuknja6.
[2026-10-08 00:57:21] (0s) Starting to evaluate predicate BinaryExpr::BinaryExpr.getOperator/0#dispred#33df5e45_10#join_rhs/2@56436b2e
[2026-10-08 00:57:21] (0s)  >>> Created relation BinaryExpr::BinaryExpr.getOperator/0#dispred#33df5e45_10#join_rhs/2@56436b2e with 1 rows and digest 0b4544340854elshdg4o8r42i1a.
[2026-10-08 00:57:21] (0s) Starting to evaluate predicate Callable::Generated::Callable.getName/0#dispred#1a768ff1_10#join_rhs/2@f3ba60gs
[2026-10-08 00:57:21] (0s)  >>> Created relation Callable::Generated::Callable.getName/0#dispred#1a768ff1_10#join_rhs/2@f3ba60gs with 57176 rows and digest 38310erhcqqo2b8l606bui0h4j6.
[2026-10-08 00:57:21] (0s) Starting to evaluate predicate Synth::Synth::convertExprToRaw/1#9d4e4c98#fb/2@ed4406dj
[2026-10-08 00:57:21] (0s)  >>> Created relation Synth::Synth::convertExprToRaw/1#9d4e4c98#fb/2@ed4406dj with 40303 rows and digest 2e5f81sqlah3pd6cpvt74ike602.
[2026-10-08 00:57:21] (0s) Starting to evaluate predicate Synth::Synth::convertExprToRaw/1#9d4e4c98#fb_10#join_rhs/2@91242582
[2026-10-08 00:57:21] (0s)  >>> Created relation Synth::Synth::convertExprToRaw/1#9d4e4c98#fb_10#join_rhs/2@91242582 with 40303 rows and digest c1fc12k5r1n5q10kh03uk9i78od.
[2026-10-08 00:57:21] (0s) Starting to evaluate predicate Expr::Generated::Expr.getImmediateType/0#dispred#c20a3289/2@fe5cd816
[2026-10-08 00:57:21] (0s)  >>> Created relation Expr::Generated::Expr.getImmediateType/0#dispred#c20a3289/2@fe5cd816 with 40303 rows and digest 33e5ddcsi5ovppml3gc00gvmra5.
[2026-10-08 00:57:21] (0s) Starting to evaluate predicate Expr::Generated::Expr.getType/0#dispred#9d59fd56/2@1a6957dh
[2026-10-08 00:57:21] (0s)  >>> Created relation Expr::Generated::Expr.getType/0#dispred#9d59fd56/2@1a6957dh with 40303 rows and digest 1e6e100kpt5ks77gr6h2hvh115d.
[2026-10-08 00:57:21] (0s) Starting to evaluate predicate DataFlowPrivate::modifiable/1#75325a0b/1@f1c818fa
[2026-10-08 00:57:21] (0s)  >>> Created relation DataFlowPrivate::modifiable/1#75325a0b/1@f1c818fa with 3254 rows and digest 3e6087ai84btmq3vpj5fuclvvh9.
[2026-10-08 00:57:21] (0s) Starting to evaluate predicate m#DataFlowPrivate::hasExprNode/2#e5d4cd6e#fb/1@2ae3ed1b
[2026-10-08 00:57:21] (0s)  >>> Created relation m#DataFlowPrivate::hasExprNode/2#e5d4cd6e#fb/1@2ae3ed1b with 4197 rows and digest 351d0em45482uburacr92cqjrde.
[2026-10-08 00:57:21] (0s) Starting to evaluate predicate DataFlowPrivate::hasExprNode/2#e5d4cd6e#fb/2@1d1263eq
[2026-10-08 00:57:21] (0s)  >>> Created relation DataFlowPrivate::hasExprNode/2#e5d4cd6e#fb/2@1d1263eq with 4197 rows and digest d617862ie008gl7e4h9cs7b4ql1.
[2026-10-08 00:57:21] (0s) Starting to evaluate predicate DataFlowPrivate::hasExprNode/2#e5d4cd6e#fb_10#join_rhs/2@7e62e1ci
[2026-10-08 00:57:21] (0s)  >>> Created relation DataFlowPrivate::hasExprNode/2#e5d4cd6e#fb_10#join_rhs/2@7e62e1ci with 4197 rows and digest 869d20vuee68q7o164lkahl5cf5.
[2026-10-08 00:57:21] (0s) Starting to evaluate predicate m#CfgNodes::CfgNode.getAst/0#dispred#6b961edd#fb/1@fb465778
[2026-10-08 00:57:21] (0s)  >>> Created relation m#CfgNodes::CfgNode.getAst/0#dispred#6b961edd#fb/1@fb465778 with 5249 rows and digest eff7dell1t4ju0i7m1uv1se4is6.
[2026-10-08 00:57:21] (0s) Starting to evaluate predicate CfgNodes::CfgNode.getAst/0#dispred#6b961edd#fb/2@5813e1km
[2026-10-08 00:57:21] (0s)  >>> Created relation CfgNodes::CfgNode.getAst/0#dispred#6b961edd#fb/2@5813e1km with 5249 rows and digest 93d398jl7mdskvh6o32l166ngr8.
[2026-10-08 00:57:21] (0s) Starting to evaluate predicate CfgNodes::CfgNode.getAst/0#dispred#6b961edd#fb_10#join_rhs/2@b88f3489
[2026-10-08 00:57:21] (0s)  >>> Created relation CfgNodes::CfgNode.getAst/0#dispred#6b961edd#fb_10#join_rhs/2@b88f3489 with 5249 rows and digest 7b49d0vq3ntpcd6s3m9h1ksc909.
[2026-10-08 00:57:21] (0s) Starting to evaluate predicate CfgNodes::ApplyExprCfgNode#62d77bf1_10#join_rhs/2@00564auq
[2026-10-08 00:57:21] (0s)  >>> Created relation CfgNodes::ApplyExprCfgNode#62d77bf1_10#join_rhs/2@00564auq with 5170 rows and digest 2c1da9okf61f0qfh7ti5bj5oip1.
[2026-10-08 00:57:21] (0s) Starting to evaluate predicate CfgNodes::ApplyExprCfgNode.getArgument/1#dispred#7a03d906/3@d43224am
[2026-10-08 00:57:21] (0s)  >>> Created relation CfgNodes::ApplyExprCfgNode.getArgument/1#dispred#7a03d906/3@d43224am with 4305 rows and digest 63ac60gtftediteve4fdfjfckne.
[2026-10-08 00:57:21] (0s) Starting to evaluate predicate DataFlowDispatch::DataFlowCall.getAnArgument/0#dispred#daf693f0/2@5605482h
[2026-10-08 00:57:21] (0s)  >>> Created relation DataFlowDispatch::DataFlowCall.getAnArgument/0#dispred#daf693f0/2@5605482h with 5248 rows and digest a0763d1glaukhrn2eoje8m0trea.
[2026-10-08 00:57:21] (0s) Starting to evaluate predicate DataFlowDispatch::DataFlowCall.getAnArgument/0#dispred#daf693f0_10#join_rhs/2@214e7d3i
[2026-10-08 00:57:21] (0s)  >>> Created relation DataFlowDispatch::DataFlowCall.getAnArgument/0#dispred#daf693f0_10#join_rhs/2@214e7d3i with 5248 rows and digest 54f624juoctaval3mf04icd9gob.
[2026-10-08 00:57:21] (0s) Starting to evaluate predicate DataFlowPrivate::InOutUpdateArgNode#38569554/3@45d485qi
[2026-10-08 00:57:21] (0s)  >>> Created relation DataFlowPrivate::InOutUpdateArgNode#38569554/3@45d485qi with 3254 rows and digest 4d71adflkup6t72knec18d0l3i6.
[2026-10-08 00:57:21] (0s) Starting to evaluate predicate DataFlowPrivate::InOutUpdateArgNode#38569554_102#join_rhs/3@8f4ca61p
[2026-10-08 00:57:21] (0s)  >>> Created relation DataFlowPrivate::InOutUpdateArgNode#38569554_102#join_rhs/3@8f4ca61p with 3254 rows and digest 2ddb31qr8mk8lm1j0gjnesdgnv8.
[2026-10-08 00:57:21] (0s) Starting to evaluate predicate DataFlowDispatch::getAnOutNode/2#33cd1b60/3@e91a68bv
[2026-10-08 00:57:21] (0s)  >>> Created relation DataFlowDispatch::getAnOutNode/2#33cd1b60/3@e91a68bv with 9366 rows and digest 624c68kplfktra74pqqn97ik9l7.
[2026-10-08 00:57:21] (0s) Starting to evaluate predicate FlowSummary::SummarizedCallable::Range.propagatesFlow/6#dispred#49bb6ad3/7@3546662b
[2026-10-08 00:57:21] (0s)  >>> Created relation FlowSummary::SummarizedCallable::Range.propagatesFlow/6#dispred#49bb6ad3/7@3546662b with 2062 rows and digest e62a7eiqn9f6gsmdue5svi9nd05.
[2026-10-08 00:57:21] (0s) Starting to evaluate predicate project#FlowSummary::SummarizedCallable::Range.propagatesFlow/6#dispred#49bb6ad3#2/1@bdbc0ddo
[2026-10-08 00:57:21] (0s)  >>> Created relation project#FlowSummary::SummarizedCallable::Range.propagatesFlow/6#dispred#49bb6ad3#2/1@bdbc0ddo with 28 rows and digest 70003b64votuhkpribt00e5h7bb.
[2026-10-08 00:57:21] (0s) Starting to evaluate predicate project#FlowSummary::SummarizedCallable::Range.propagatesFlow/6#dispred#49bb6ad3/1@b4623bnp
[2026-10-08 00:57:21] (0s)  >>> Created relation project#FlowSummary::SummarizedCallable::Range.propagatesFlow/6#dispred#49bb6ad3/1@b4623bnp with 31 rows and digest 4270bb9q8rtgeicvmba3ck2hvp0.
[2026-10-08 00:57:21] (0s) Starting to evaluate predicate AccessPathSyntax::AccessPath<FlowSummaryImpl::Private::flowSpec>::AccessPath#4557d8d6/1@5802280k
[2026-10-08 00:57:21] (0s)  >>> Created relation AccessPathSyntax::AccessPath<FlowSummaryImpl::Private::flowSpec>::AccessPath#4557d8d6/1@5802280k with 49 rows and digest f19ac2d3e7262ijqr5alpol3dja.
[2026-10-08 00:57:21] (0s) Starting to evaluate predicate AccessPathSyntax::AccessPath<FlowSummaryImpl::Private::flowSpec>::getRawToken/2#66bc8fe8/3@61d07e9g
[2026-10-08 00:57:21] (0s)  >>> Created relation AccessPathSyntax::AccessPath<FlowSummaryImpl::Private::flowSpec>::getRawToken/2#66bc8fe8/3@61d07e9g with 103 rows and digest 95e555lt2is0js3rffd1622l0rb.
[2026-10-08 00:57:21] (0s) Starting to evaluate predicate AccessPathSyntax::AccessPath<FlowSummaryImpl::Private::flowSpec>::getRawToken/2#66bc8fe8_2#join_rhs/1@997b1606
[2026-10-08 00:57:21] (0s)  >>> Created relation AccessPathSyntax::AccessPath<FlowSummaryImpl::Private::flowSpec>::getRawToken/2#66bc8fe8_2#join_rhs/1@997b1606 with 20 rows and digest 0b1952rplp425v326dm19f0i1pc.
[2026-10-08 00:57:21] (0s) Starting to evaluate predicate AccessPathSyntax::AccessPath<FlowSummaryImpl::Private::flowSpec>::getRawToken/2#66bc8fe8_201#join_rhs/3@a19be4af
[2026-10-08 00:57:21] (0s)  >>> Created relation AccessPathSyntax::AccessPath<FlowSummaryImpl::Private::flowSpec>::getRawToken/2#66bc8fe8_201#join_rhs/3@a19be4af with 103 rows and digest 8a6a87dped6hqu1rda6e3qs0nq5.
[2026-10-08 00:57:21] (0s) Starting to evaluate predicate project#AccessPathSyntax::AccessPath<FlowSummaryImpl::Private::flowSpec>::getRawToken/2#66bc8fe8/1@28e75aok
[2026-10-08 00:57:21] (0s)  >>> Created relation project#AccessPathSyntax::AccessPath<FlowSummaryImpl::Private::flowSpec>::getRawToken/2#66bc8fe8/1@28e75aok with 49 rows and digest f19ac2d3e7262ijqr5alpol3dja.
[2026-10-08 00:57:21] (0s) Starting to evaluate predicate AccessPathSyntax::AccessPath<FlowSummaryImpl::Private::flowSpec>::getRawToken/2#66bc8fe8_01_expr_#sum_range/3@90a8beqe
[2026-10-08 00:57:21] (0s)  >>> Created relation AccessPathSyntax::AccessPath<FlowSummaryImpl::Private::flowSpec>::getRawToken/2#66bc8fe8_01_expr_#sum_range/3@90a8beqe with 103 rows and digest 4f0fbfqm276cihksefg4d8tn7o1.
[2026-10-08 00:57:21] (0s) Starting to evaluate predicate AccessPathSyntax::AccessPath<FlowSummaryImpl::Private::flowSpec>::getRawToken/2#66bc8fe8_01_expr__expr_#sum_term/4@b095d8h8
[2026-10-08 00:57:21] (0s)  >>> Created relation AccessPathSyntax::AccessPath<FlowSummaryImpl::Private::flowSpec>::getRawToken/2#66bc8fe8_01_expr__expr_#sum_term/4@b095d8h8 with 103 rows and digest 2e05c98c54ua3i7ts7ms9qrd0g8.
[2026-10-08 00:57:21] (0s) Starting to evaluate predicate _AccessPathSyntax::AccessPath<FlowSummaryImpl::Private::flowSpec>::getRawToken/2#66bc8fe8_01_expr_#s__#join_rhs/2@8c3dca9e
[2026-10-08 00:57:21] (0s)  >>> Created relation _AccessPathSyntax::AccessPath<FlowSummaryImpl::Private::flowSpec>::getRawToken/2#66bc8fe8_01_expr_#s__#join_rhs/2@8c3dca9e with 49 rows and digest 822bf86ah9ammrgkrtmmpdomnh6.
[2026-10-08 00:57:21] (0s) Starting to evaluate predicate _AccessPathSyntax::AccessPath<FlowSummaryImpl::Private::flowSpec>::AccessPath#4557d8d6__AccessPathSy__#antijoin_rhs/1@5d8eaa6f
[2026-10-08 00:57:21] (0s)  >>> Created relation _AccessPathSyntax::AccessPath<FlowSummaryImpl::Private::flowSpec>::AccessPath#4557d8d6__AccessPathSy__#antijoin_rhs/1@5d8eaa6f with 49 rows and digest f19ac2d3e7262ijqr5alpol3dja.
[2026-10-08 00:57:21] (0s) Starting to evaluate predicate AccessPathSyntax::AccessPath<FlowSummaryImpl::Private::flowSpec>::AccessPath.hasSyntaxError/0#dispred#f0aece6e/1@fe45c1lp
[2026-10-08 00:57:21] (0s)  >>> Created relation AccessPathSyntax::AccessPath<FlowSummaryImpl::Private::flowSpec>::AccessPath.hasSyntaxError/0#dispred#f0aece6e/1@fe45c1lp with 0 rows and digest THIS-RELATION-HAS-NO-TUPLES.
[2026-10-08 00:57:21] (0s) Starting to evaluate predicate FlowSummaryImpl::Private::AccessPath.getToken/1#1141dc70/3@e6cf37hl
[2026-10-08 00:57:21] (0s)  >>> Created relation FlowSummaryImpl::Private::AccessPath.getToken/1#1141dc70/3@e6cf37hl with 103 rows and digest 95e555lt2is0js3rffd1622l0rb.
[2026-10-08 00:57:21] (0s) Starting to evaluate predicate FlowSummaryImpl::Private::AccessPath.getToken/1#1141dc70_120#join_rhs/3@79a847s8
[2026-10-08 00:57:21] (0s)  >>> Created relation FlowSummaryImpl::Private::AccessPath.getToken/1#1141dc70_120#join_rhs/3@79a847s8 with 103 rows and digest 53d022jrok5gvljdahi16129fie.
[2026-10-08 00:57:21] (0s) Starting to evaluate predicate FlowSummaryImpl::Private::SourceOrSinkAccessPath#cb1ab1a6/1@d72d046q
[2026-10-08 00:57:21] (0s)  >>> Created relation FlowSummaryImpl::Private::SourceOrSinkAccessPath#cb1ab1a6/1@d72d046q with 0 rows and digest THIS-RELATION-HAS-NO-TUPLES.
[2026-10-08 00:57:21] (0s) Inferred that FlowSummaryImpl::Private::SourceOrSinkAccessPath.getTokenExclMarker/1#dispred#1d2ec92c/3@ea07214o is empty, due to FlowSummaryImpl::Private::SourceOrSinkAccessPath#cb1ab1a6/1@d72d046q.
[2026-10-08 00:57:21] (0s) Inferred that FlowSummaryImpl::Private::SourceOrSinkAccessPath.getNumToken/0#dispred#e2aa27c5/2@f54dba60 is empty, due to FlowSummaryImpl::Private::SourceOrSinkAccessPath#cb1ab1a6/1@d72d046q.
[2026-10-08 00:57:21] (0s) Inferred that FlowSummaryImpl::Private::SourceOrSinkAccessPath.getTokenExclMarker/1#dispred#1d2ec92c_201#join_rhs/3@ac947b1t is empty, due to FlowSummaryImpl::Private::SourceOrSinkAccessPath.getTokenExclMarker/1#dispred#1d2ec92c/3@ea07214o.
[2026-10-08 00:57:21] (0s) Inferred that FlowSummaryImpl::Private::SourceOrSinkAccessPath.hasContentAt/1#dispred#4832c75a/2@ca419ev4 is empty, due to FlowSummaryImpl::Private::SourceOrSinkAccessPath.getTokenExclMarker/1#dispred#1d2ec92c_201#join_rhs/3@ac947b1t.
[2026-10-08 00:57:21] (0s) Inferred that _FlowSummaryImpl::Private::SourceOrSinkAccessPath.hasContentAt/1#dispred#4832c75a#antijoin_rhs/2@c3ab95e6 is empty, due to FlowSummaryImpl::Private::SourceOrSinkAccessPath.hasContentAt/1#dispred#4832c75a/2@ca419ev4.
[2026-10-08 00:57:21] (0s) Inferred that FlowSummaryImpl::Private::SourceOrSinkAccessPath.getFirstContentToken/0#dispred#88313628/2@a38806js is empty, due to FlowSummaryImpl::Private::SourceOrSinkAccessPath.hasContentAt/1#dispred#4832c75a/2@ca419ev4.
[2026-10-08 00:57:21] (0s) Inferred that FlowSummaryImpl::Private::SourceOrSinkAccessPath.getFirstContentToken/0#dispred#88313628_0#antijoin_rhs/1@7b0037uh is empty, due to FlowSummaryImpl::Private::SourceOrSinkAccessPath.getFirstContentToken/0#dispred#88313628/2@a38806js.
[2026-10-08 00:57:21] (0s) Starting to evaluate predicate FlowSummaryImpl::Private::AccessPath.getToken/1#dispred#73f5e6e5#fbb/3@ad3dfeb1
[2026-10-08 00:57:21] (0s)  >>> Created relation FlowSummaryImpl::Private::AccessPath.getToken/1#dispred#73f5e6e5#fbb/3@ad3dfeb1 with 103 rows and digest 95e555lt2is0js3rffd1622l0rb.
[2026-10-08 00:57:21] (0s) Starting to evaluate predicate FlowSummaryImpl::Private::AccessPath.getToken/1#dispred#73f5e6e5#fbb_102#join_rhs/3@544905uf
[2026-10-08 00:57:21] (0s)  >>> Created relation FlowSummaryImpl::Private::AccessPath.getToken/1#dispred#73f5e6e5#fbb_102#join_rhs/3@544905uf with 103 rows and digest e6e716u8e3nlu8pbcgispr0pc85.
[2026-10-08 00:57:21] (0s) Starting to evaluate predicate num#FlowSummaryImpl::Private::TWithContentSummaryComponent#0b3a3887/2@abdbfes9
[2026-10-08 00:57:21] Evaluating HOP construct<FlowSummaryImpl#b5343dca::Make-Location#d34fd4c8::Location-DataFlowImplSpecific#ea056a88::SwiftDataFlow-FlowSummaryImpl-4f08909b,6> with inputs:
                        18672 tuples in cached_DataFlowPrivate::TContentSet#bf3c326b/1@022155sv
[2026-10-08 00:57:21] (0s)  >>> Created relation Function::Function.getShortName/0#dispred#846f4522/2@3dc117bl with 57176 rows and digest bf3d4b5pjtfn65h9crd5j89hip0.
[2026-10-08 00:57:21] (0s) Starting to evaluate predicate num#FlowSummaryImpl::Private::TWithoutContentSummaryComponent#374198c2/2@2e9e3flf
[2026-10-08 00:57:21] Evaluating HOP construct<FlowSummaryImpl#b5343dca::Make-Location#d34fd4c8::Location-DataFlowImplSpecific#ea056a88::SwiftDataFlow-FlowSummaryImpl-4f08909b,5> with inputs:
                        18672 tuples in cached_DataFlowPrivate::TContentSet#bf3c326b/1@022155sv
[2026-10-08 00:57:21] (0s)  >>> Created relation num#FlowSummaryImpl::Private::TWithContentSummaryComponent#0b3a3887/2@abdbfes9 with 18672 rows and digest 665658ebevo4ouiq17igc3l6sb2.
[2026-10-08 00:57:21] (0s)  >>> Created relation num#FlowSummaryImpl::Private::TWithoutContentSummaryComponent#374198c2/2@2e9e3flf with 18672 rows and digest d28e6d9i2gp897h7pgtmahd2ms0.
[2026-10-08 00:57:21] (0s) Starting to evaluate predicate _AccessPathSyntax::AccessPath<FlowSummaryImpl::Private::flowSpec>::getRawToken/2#66bc8fe8#shared/4@e3dd4c2k
[2026-10-08 00:57:21] (0s) Starting to evaluate predicate FlowSummaryImpl::Private::TReturnSummaryComponent#dom#f13cd231/1@dd16eepu
[2026-10-08 00:57:21] (0s)  >>> Created relation FlowSummaryImpl::Private::TReturnSummaryComponent#dom#f13cd231/1@dd16eepu with 66 rows and digest e214b17fuan4gplitfcn17fbim5.
[2026-10-08 00:57:21] (0s) Starting to evaluate predicate num#FlowSummaryImpl::Private::TReturnSummaryComponent#1eb603ca/2@cee35bmf
[2026-10-08 00:57:21] Evaluating HOP construct<FlowSummaryImpl#b5343dca::Make-Location#d34fd4c8::Location-DataFlowImplSpecific#ea056a88::SwiftDataFlow-FlowSummaryImpl-4f08909b,3> with inputs:
                        66 tuples in FlowSummaryImpl::Private::TReturnSummaryComponent#dom#f13cd231/1@dd16eepu
[2026-10-08 00:57:21] (0s)  >>> Created relation num#FlowSummaryImpl::Private::TReturnSummaryComponent#1eb603ca/2@cee35bmf with 66 rows and digest 552c69q4qlrh8p4r1vgiglkii8b.
[2026-10-08 00:57:21] (0s) Starting to evaluate predicate num#FlowSummaryImpl::Private::TArgumentSummaryComponent#7d7def2c/2@b16ba488
[2026-10-08 00:57:21] Evaluating HOP construct<FlowSummaryImpl#b5343dca::Make-Location#d34fd4c8::Location-DataFlowImplSpecific#ea056a88::SwiftDataFlow-FlowSummaryImpl-4f08909b,2> with inputs:
                        4 tuples in cached_DataFlowDispatch::TParameterPosition#1a4deeba/1@96506e21
[2026-10-08 00:57:21] (0s)  >>> Created relation num#FlowSummaryImpl::Private::TArgumentSummaryComponent#7d7def2c/2@b16ba488 with 4 rows and digest 36a38592nrt8kik1eg7l4pan2d2.
[2026-10-08 00:57:21] (0s) Starting to evaluate predicate num#FlowSummaryImpl::Private::TParameterSummaryComponent#097ec4e6/2@0f3bfbak
[2026-10-08 00:57:21] Evaluating HOP construct<FlowSummaryImpl#b5343dca::Make-Location#d34fd4c8::Location-DataFlowImplSpecific#ea056a88::SwiftDataFlow-FlowSummaryImpl-4f08909b,1> with inputs:
                        4 tuples in cached_DataFlowDispatch::TArgumentPosition#86c1e9dc/1@416777a5
[2026-10-08 00:57:21] (0s)  >>> Created relation num#FlowSummaryImpl::Private::TParameterSummaryComponent#097ec4e6/2@0f3bfbak with 4 rows and digest 565737dqvfosotf25b0mes5n4t4.
[2026-10-08 00:57:21] (0s) Starting to evaluate predicate num#FlowSummaryImpl::Private::TContentSummaryComponent#7a9e001b/2@3ac255ev
[2026-10-08 00:57:21] Evaluating HOP construct<FlowSummaryImpl#b5343dca::Make-Location#d34fd4c8::Location-DataFlowImplSpecific#ea056a88::SwiftDataFlow-FlowSummaryImpl-4f08909b,0> with inputs:
                        18672 tuples in cached_DataFlowPrivate::TContentSet#bf3c326b/1@022155sv
[2026-10-08 00:57:21] (0s)  >>> Created relation num#FlowSummaryImpl::Private::TContentSummaryComponent#7a9e001b/2@3ac255ev with 18672 rows and digest e0da7dem6tfgj3choctb40o0rs7.
[2026-10-08 00:57:21] (0s) Starting to evaluate predicate _DataFlowPrivate::TCollectionContent#9985595a_DataFlowPrivate::TSingletonContent#7a03e3e2#shared/1@e962f5k3
[2026-10-08 00:57:21] (0s)  >>> Created relation _DataFlowPrivate::TCollectionContent#9985595a_DataFlowPrivate::TSingletonContent#7a03e3e2#shared/1@e962f5k3 with 1 rows and digest fc0a1fa602fm9vahh33mfs524a3.
[2026-10-08 00:57:21] (0s) Starting to evaluate predicate DataFlowDispatch::ReturnKind.toString/0#dispred#7dccae4c/2@763b64t6
[2026-10-08 00:57:21] (0s)  >>> Created relation DataFlowDispatch::ReturnKind.toString/0#dispred#7dccae4c/2@763b64t6 with 66 rows and digest 4585b20i54cokb62b5ejk5kknm0.
[2026-10-08 00:57:21] (0s) Starting to evaluate predicate FlowSummaryImpl::Input::encodeReturn/2#5cd1f5e6#cpe#12/2@c91d0bkj
[2026-10-08 00:57:21] (0s)  >>> Created relation FlowSummaryImpl::Input::encodeReturn/2#5cd1f5e6#cpe#12/2@c91d0bkj with 65 rows and digest df843c9s09ojmcrcers301eq3j5.
[2026-10-08 00:57:21] (0s) Starting to evaluate predicate FlowSummaryImpl::Input::encodeReturn/2#5cd1f5e6#cpe#12_10#join_rhs/2@fabb6b17
[2026-10-08 00:57:21] (0s)  >>> Created relation FlowSummaryImpl::Input::encodeReturn/2#5cd1f5e6#cpe#12_10#join_rhs/2@fabb6b17 with 65 rows and digest 633607anufaq9d34anr8celauab.
[2026-10-08 00:57:21] (0s)  >>> Created relation return_stmt_results/2@a7c5582p with 16468 rows and digest ec3fb2acov6u923itib1fj34up2.
[2026-10-08 00:57:21] (0s) Starting to evaluate predicate Callable::Generated::Callable.getBody/0#dispred#d0ca22fd/2@9eb4dc76
[2026-10-08 00:57:21] (0s)  >>> Created relation Callable::Generated::Callable.getBody/0#dispred#d0ca22fd/2@9eb4dc76 with 20106 rows and digest cab18ff2lcacokspav5v8cb4f39.
[2026-10-08 00:57:21] (0s)  >>> Created relation condition_elements/1@e805e1th with 2 rows and digest b77e55nna3scdmp7g20fdduso28.
[2026-10-08 00:57:21] (0s)  >>> Created relation availability_specs/1@b7df7ajo with 0 rows and digest THIS-RELATION-HAS-NO-TUPLES.
[2026-10-08 00:57:21] (0s) Inferred that Synth::Synth::TAvailabilitySpec#ddfd8eae/2@83961apd is empty, due to availability_specs/1@b7df7ajo.
[2026-10-08 00:57:21] (0s)  >>> Created relation availability_infos/1@2cb49446 with 0 rows and digest THIS-RELATION-HAS-NO-TUPLES.
[2026-10-08 00:57:21] (0s) Inferred that Synth::Synth::TAvailabilityInfo#4ee7d2d8/2@1e57ber7 is empty, due to availability_infos/1@2cb49446.
[2026-10-08 00:57:21] (0s)  >>> Created relation stmt_conditions/1@e22931pk with 2 rows and digest fc3aa1aqm6bttq657kgkt8cpa19.
[2026-10-08 00:57:21] (0s)  >>> Created relation tuple_patterns/1@05b97ee3 with 0 rows and digest THIS-RELATION-HAS-NO-TUPLES.
[2026-10-08 00:57:21] (0s) Inferred that Synth::Synth::TTuplePattern#ec85277c/2@7ffe7fni is empty, due to tuple_patterns/1@05b97ee3.
[2026-10-08 00:57:21] (0s)  >>> Created relation continue_stmts/1@832259m6 with 0 rows and digest THIS-RELATION-HAS-NO-TUPLES.
[2026-10-08 00:57:21] (0s) Inferred that Synth::Synth::TContinueStmt#7ebd2bcd/2@183cb2rs is empty, due to continue_stmts/1@832259m6.
[2026-10-08 00:57:21] (0s)  >>> Created relation return_stmts/1@6d1e25lq with 19334 rows and digest 9eab87eini9e3ea0u7r1a0k1go1.
[2026-10-08 00:57:21] (0s)  >>> Created relation any_patterns/1@41ae966u with 0 rows and digest THIS-RELATION-HAS-NO-TUPLES.
[2026-10-08 00:57:21] (0s) Inferred that Synth::Synth::TAnyPattern#871f9d50/2@5fc785cv is empty, due to any_patterns/1@41ae966u.
[2026-10-08 00:57:21] (0s)  >>> Created relation yield_stmts/1@67f7ebth with 0 rows and digest THIS-RELATION-HAS-NO-TUPLES.
[2026-10-08 00:57:21] (0s) Inferred that Synth::Synth::TYieldStmt#d9f4cffc/2@2e2db02g is empty, due to yield_stmts/1@67f7ebth.
[2026-10-08 00:57:21] (0s)  >>> Created relation is_patterns/1@0e7c7624 with 0 rows and digest THIS-RELATION-HAS-NO-TUPLES.
[2026-10-08 00:57:21] (0s) Inferred that Synth::Synth::TIsPattern#95458e89/2@3f492809 is empty, due to is_patterns/1@0e7c7624.
[2026-10-08 00:57:21] (0s)  >>> Created relation break_stmts/1@05c50831 with 0 rows and digest THIS-RELATION-HAS-NO-TUPLES.
[2026-10-08 00:57:21] (0s) Inferred that Synth::Synth::TBreakStmt#5398332a/2@170b96jv is empty, due to break_stmts/1@05c50831.
[2026-10-08 00:57:21] (0s)  >>> Created relation brace_stmts/1@af4887qj with 20108 rows and digest 04cd4aejhh5k7jbihkmsq3sla34.
[2026-10-08 00:57:21] (0s)  >>> Created relation fail_stmts/1@c254a3dv with 0 rows and digest THIS-RELATION-HAS-NO-TUPLES.
[2026-10-08 00:57:21] (0s) Inferred that Synth::Synth::TFailStmt#23406f79/2@3eb83dkl is empty, due to fail_stmts/1@c254a3dv.
[2026-10-08 00:57:21] (0s)  >>> Created relation type_reprs/2@10b0509l with 7 rows and digest 02088fdps6eibhbfacvbjvam038.
[2026-10-08 00:57:21] (0s)  >>> Created relation while_stmts/2@c903b3o8 with 0 rows and digest THIS-RELATION-HAS-NO-TUPLES.
[2026-10-08 00:57:21] (0s) Inferred that Synth::Synth::TWhileStmt#dom#f8cc2858/1@0efda7qa is empty, due to while_stmts/2@c903b3o8.
[2026-10-08 00:57:21] (0s) Inferred that Synth::Synth::TWhileStmt#1d136a5f/2@51f3af9a is empty, due to Synth::Synth::TWhileStmt#dom#f8cc2858/1@0efda7qa.
[2026-10-08 00:57:21] (0s)  >>> Created relation throw_stmts/2@1c9d65tp with 0 rows and digest THIS-RELATION-HAS-NO-TUPLES.
[2026-10-08 00:57:21] (0s) Inferred that Synth::Synth::TThrowStmt#dom#272230d1/1@98ef63mr is empty, due to throw_stmts/2@1c9d65tp.
[2026-10-08 00:57:21] (0s) Inferred that Synth::Synth::TThrowStmt#bcadd45d/2@e917dfca is empty, due to Synth::Synth::TThrowStmt#dom#272230d1/1@98ef63mr.
[2026-10-08 00:57:21] (0s)  >>> Created relation then_stmts/2@03d3e3is with 0 rows and digest THIS-RELATION-HAS-NO-TUPLES.
[2026-10-08 00:57:21] (0s) Inferred that Synth::Synth::TThenStmt#dom#3ea1637e/1@2afaa8vm is empty, due to then_stmts/2@03d3e3is.
[2026-10-08 00:57:21] (0s) Inferred that Synth::Synth::TThenStmt#75c8c702/2@8479cafe is empty, due to Synth::Synth::TThenStmt#dom#3ea1637e/1@2afaa8vm.
[2026-10-08 00:57:21] (0s)  >>> Created relation switch_stmts/2@1fa58e3o with 0 rows and digest THIS-RELATION-HAS-NO-TUPLES.
[2026-10-08 00:57:21] (0s) Inferred that Synth::Synth::TSwitchStmt#dom#1d78c54a/1@008145am is empty, due to switch_stmts/2@1fa58e3o.
[2026-10-08 00:57:21] (0s) Inferred that Synth::Synth::TSwitchStmt#06d5b636/2@af8e46f0 is empty, due to Synth::Synth::TSwitchStmt#dom#1d78c54a/1@008145am.
[2026-10-08 00:57:21] (0s)  >>> Created relation repeat_while_stmts/3@3f9ca67a with 0 rows and digest THIS-RELATION-HAS-NO-TUPLES.
[2026-10-08 00:57:21] (0s) Inferred that Synth::Synth::TRepeatWhileStmt#dom#e8be1b76/1@524de3ll is empty, due to repeat_while_stmts/3@3f9ca67a.
[2026-10-08 00:57:21] (0s) Inferred that Synth::Synth::TRepeatWhileStmt#86eecac1/2@dd4d863c is empty, due to Synth::Synth::TRepeatWhileStmt#dom#e8be1b76/1@524de3ll.
[2026-10-08 00:57:21] (0s)  >>> Created relation pound_assert_stmts/3@e44cfemn with 0 rows and digest THIS-RELATION-HAS-NO-TUPLES.
[2026-10-08 00:57:21] (0s) Inferred that Synth::Synth::TPoundAssertStmt#dom#7eeb95ba/1@b026e2lg is empty, due to pound_assert_stmts/3@e44cfemn.
[2026-10-08 00:57:21] (0s) Inferred that Synth::Synth::TPoundAssertStmt#166857ee/2@e47e2bmb is empty, due to Synth::Synth::TPoundAssertStmt#dom#7eeb95ba/1@b026e2lg.
[2026-10-08 00:57:21] (0s)  >>> Created relation if_stmts/2@bccce53q with 0 rows and digest THIS-RELATION-HAS-NO-TUPLES.
[2026-10-08 00:57:21] (0s) Inferred that Synth::Synth::TIfStmt#dom#0a4fc1e4/1@0f6d9cu8 is empty, due to if_stmts/2@bccce53q.
[2026-10-08 00:57:21] (0s) Inferred that Synth::Synth::TIfStmt#1c17eab0/2@80a605kk is empty, due to Synth::Synth::TIfStmt#dom#0a4fc1e4/1@0f6d9cu8.
[2026-10-08 00:57:21] (0s)  >>> Created relation guard_stmts/2@9c086di3 with 2 rows and digest bd10acvmnfupslf1l8905jvb89d.
[2026-10-08 00:57:21] (0s)  >>> Created relation for_each_stmts/3@467085e4 with 0 rows and digest THIS-RELATION-HAS-NO-TUPLES.
[2026-10-08 00:57:21] (0s) Inferred that Synth::Synth::TForEachStmt#dom#914d360e/1@1cc12252 is empty, due to for_each_stmts/3@467085e4.
[2026-10-08 00:57:21] (0s) Inferred that Synth::Synth::TForEachStmt#d335d334/2@aa99c7ve is empty, due to Synth::Synth::TForEachStmt#dom#914d360e/1@1cc12252.
[2026-10-08 00:57:21] (0s)  >>> Created relation fallthrough_stmts/3@6abb5epb with 0 rows and digest THIS-RELATION-HAS-NO-TUPLES.
[2026-10-08 00:57:21] (0s) Inferred that Synth::Synth::TFallthroughStmt#dom#a5fe4331/1@23db12mk is empty, due to fallthrough_stmts/3@6abb5epb.
[2026-10-08 00:57:21] (0s) Inferred that Synth::Synth::TFallthroughStmt#e029a806/2@3708e1tq is empty, due to Synth::Synth::TFallthroughStmt#dom#a5fe4331/1@23db12mk.
[2026-10-08 00:57:21] (0s)  >>> Created relation do_stmts/2@6cf3f0fk with 0 rows and digest THIS-RELATION-HAS-NO-TUPLES.
[2026-10-08 00:57:21] (0s) Inferred that Synth::Synth::TDoStmt#dom#ed376a03/1@bc24dcde is empty, due to do_stmts/2@6cf3f0fk.
[2026-10-08 00:57:21] (0s) Inferred that do_stmts_10#join_rhs/2@37e3337g is empty, due to do_stmts/2@6cf3f0fk.
[2026-10-08 00:57:21] (0s) Inferred that Synth::Synth::TDoStmt#4a4c2e2a/2@69767dke is empty, due to Synth::Synth::TDoStmt#dom#ed376a03/1@bc24dcde.
[2026-10-08 00:57:21] (0s)  >>> Created relation do_catch_stmts/2@5526468h with 0 rows and digest THIS-RELATION-HAS-NO-TUPLES.
[2026-10-08 00:57:21] (0s) Inferred that Synth::Synth::TDoCatchStmt#dom#3efcbbc2/1@b963909l is empty, due to do_catch_stmts/2@5526468h.
[2026-10-08 00:57:21] (0s) Inferred that Synth::Synth::TDoCatchStmt#e9143c54/2@cca25787 is empty, due to Synth::Synth::TDoCatchStmt#dom#3efcbbc2/1@b963909l.
[2026-10-08 00:57:21] (0s)  >>> Created relation discard_stmts/2@3d30e46s with 0 rows and digest THIS-RELATION-HAS-NO-TUPLES.
[2026-10-08 00:57:21] (0s)  >>> Created relation _AccessPathSyntax::AccessPath<FlowSummaryImpl::Private::flowSpec>::getRawToken/2#66bc8fe8#shared/4@e3dd4c2k with 37 rows and digest 63a978k5e96au0heic2g1v7gfb9.
[2026-10-08 00:57:21] (0s) Inferred that Synth::Synth::TDiscardStmt#dom#4540a455/1@879d31jv is empty, due to discard_stmts/2@3d30e46s.
[2026-10-08 00:57:21] (0s) Inferred that Synth::Synth::TDiscardStmt#bdb000d3/2@62e9e3hm is empty, due to Synth::Synth::TDiscardStmt#dom#4540a455/1@879d31jv.
[2026-10-08 00:57:21] (0s) Starting to evaluate predicate AccessPathSyntax::AccessPath<FlowSummaryImpl::Private::flowSpec>::AccessPathToken.getArgument/1#309d6bb6/3@18011atv
[2026-10-08 00:57:21] (0s) Starting to evaluate predicate AccessPathSyntax::AccessPath<FlowSummaryImpl::Private::flowSpec>::AccessPathToken.getName/0#fe58d5b3/2@7af5d5u0
[2026-10-08 00:57:21] (0s)  >>> Created relation AccessPathSyntax::AccessPath<FlowSummaryImpl::Private::flowSpec>::AccessPathToken.getName/0#fe58d5b3/2@7af5d5u0 with 20 rows and digest 40656aq8rcu7rfaq86inoa823v4.
[2026-10-08 00:57:21] (0s)  >>> Created relation AccessPathSyntax::AccessPath<FlowSummaryImpl::Private::flowSpec>::AccessPathToken.getArgument/1#309d6bb6/3@18011atv with 19 rows and digest f37c2fbdn5qkmnrhovvq0b3afm1.
[2026-10-08 00:57:21] (0s) Starting to evaluate predicate DataFlowDispatch::ArgumentPosition.toString/0#dispred#a341359a#bf/2@fb7ecf54
[2026-10-08 00:57:21] (0s) Starting to evaluate predicate AccessPathSyntax::AccessPath<FlowSummaryImpl::Private::flowSpec>::AccessPathToken.getName/0#fe58d5b3_10#join_rhs/2@b1a0d65j
[2026-10-08 00:57:21] (0s)  >>> Created relation AccessPathSyntax::AccessPath<FlowSummaryImpl::Private::flowSpec>::AccessPathToken.getName/0#fe58d5b3_10#join_rhs/2@b1a0d65j with 20 rows and digest 1392404uh3437s9ekuir3kco2n1.
[2026-10-08 00:57:21] (0s)  >>> Created relation DataFlowDispatch::ArgumentPosition.toString/0#dispred#a341359a#bf/2@fb7ecf54 with 4 rows and digest 248743bmriqnlvskrr66a3u3rbd.
[2026-10-08 00:57:21] (0s) Starting to evaluate predicate FlowSummaryImpl::Private::parseSynthGlobal/2#4a1f289f/2@3f9bf8hb
[2026-10-08 00:57:21] (0s) Starting to evaluate predicate AccessPathSyntax::AccessPath<FlowSummaryImpl::Private::flowSpec>::AccessPathToken.getArgument/1#309d6bb6_20#join_rhs/2@5d14eequ
[2026-10-08 00:57:21] (0s)  >>> Created relation FlowSummaryImpl::Private::parseSynthGlobal/2#4a1f289f/2@3f9bf8hb with 0 rows and digest THIS-RELATION-HAS-NO-TUPLES.
[2026-10-08 00:57:21] (0s) Inferred that FlowSummaryImpl::Private::TSyntheticGlobalSummaryComponent#dom#f5abec0a/1@828a3ahk is empty, due to FlowSummaryImpl::Private::parseSynthGlobal/2#4a1f289f/2@3f9bf8hb.
[2026-10-08 00:57:21] (0s) Inferred that num#FlowSummaryImpl::Private::TSyntheticGlobalSummaryComponent#207251bc/2@f797a7ev is empty, due to FlowSummaryImpl::Private::TSyntheticGlobalSummaryComponent#dom#f5abec0a/1@828a3ahk.
[2026-10-08 00:57:21] (0s)  >>> Created relation AccessPathSyntax::AccessPath<FlowSummaryImpl::Private::flowSpec>::AccessPathToken.getArgument/1#309d6bb6_20#join_rhs/2@5d14eequ with 19 rows and digest efff89i6292dkbieoq491b5af29.
[2026-10-08 00:57:21] (0s) Starting to evaluate predicate DataFlowDispatch::ParameterPosition.toString/0#dispred#91b8761f/2@e89df94j
[2026-10-08 00:57:21] (0s)  >>> Created relation DataFlowDispatch::ParameterPosition.toString/0#dispred#91b8761f/2@e89df94j with 4 rows and digest 248743bmriqnlvskrr66a3u3rbd.
[2026-10-08 00:57:21] (0s) Starting to evaluate predicate FlowSummaryImpl::Private::parseParam/2#2530f305#fb/2@2812abt3
[2026-10-08 00:57:21] (0s) Starting to evaluate predicate FlowSummaryImpl::Private::parseArg/2#f4ea7168/2@e9bb2dpg
[2026-10-08 00:57:21] (0s)  >>> Created relation FlowSummaryImpl::Private::parseParam/2#2530f305#fb/2@2812abt3 with 1 rows and digest fc91452g5602benced9r6oo26ga.
[2026-10-08 00:57:21] (0s) Starting to evaluate predicate AccessPathSyntax::AccessPath<FlowSummaryImpl::Private::flowSpec>::AccessPathToken.getArgument/2#5ab9ea8e/4@16f782ul
[2026-10-08 00:57:21] (0s)  >>> Created relation AccessPathSyntax::AccessPath<FlowSummaryImpl::Private::flowSpec>::AccessPathToken.getArgument/2#5ab9ea8e/4@16f782ul with 19 rows and digest 0f8db13ik74e7kdb8n06kcsoos1.
[2026-10-08 00:57:21] (0s) Starting to evaluate predicate m#FlowSummaryImpl::Input::encodeContent/2#df36069e#fbf/1@eaaec2fg
[2026-10-08 00:57:21] (0s)  >>> Created relation m#FlowSummaryImpl::Input::encodeContent/2#df36069e#fbf/1@eaaec2fg with 13 rows and digest 80133fnfp0m84clde3urjhcrsu5.
[2026-10-08 00:57:21] (0s)  >>> Created relation enum_element_decl_params/3@8bde44oc with 271 rows and digest 72b9c97ftsh6r935vve554jreb8.
[2026-10-08 00:57:21] (0s) Starting to evaluate predicate EnumElementDecl::Generated::EnumElementDecl.getParam/1#dispred#2f1a9486/3@dc82dbjb
[2026-10-08 00:57:21] (0s)  >>> Created relation EnumElementDecl::Generated::EnumElementDecl.getParam/1#dispred#2f1a9486/3@dc82dbjb with 271 rows and digest fedbd118c8rdmeeis0vfi3lv099.
[2026-10-08 00:57:21] (0s) Starting to evaluate predicate DataFlowPublic::Content::EnumContent.getSignature/0#dispred#5d29ff12/2@f88be3gb
[2026-10-08 00:57:21] (0s)  >>> Created relation FlowSummaryImpl::Private::parseArg/2#f4ea7168/2@e9bb2dpg with 18 rows and digest b4e9e3ach2mrpcm16tq07pl1v88.
[2026-10-08 00:57:21] (0s) Starting to evaluate predicate AccessPathSyntax::AccessPath<FlowSummaryImpl::Private::flowSpec>::AccessPathToken.getArgument/2#5ab9ea8e_130#join_rhs/3@b6be71gq
[2026-10-08 00:57:21] (0s)  >>> Created relation AccessPathSyntax::AccessPath<FlowSummaryImpl::Private::flowSpec>::AccessPathToken.getArgument/2#5ab9ea8e_130#join_rhs/3@b6be71gq with 19 rows and digest 4b56cccri8a2jgbibjrpiqkt0q0.
[2026-10-08 00:57:21] (0s) Starting to evaluate predicate FlowSummaryImpl::Private::External::decodeReturn/1#fcc5f8b3/2@e67440c9
[2026-10-08 00:57:21] (0s)  >>> Created relation DataFlowPublic::Content::EnumContent.getSignature/0#dispred#5d29ff12/2@f88be3gb with 271 rows and digest 95dc9d3pac5sumgqt6mvk3kgmof.
[2026-10-08 00:57:21] (0s)  >>> Created relation FlowSummaryImpl::Private::External::decodeReturn/1#fcc5f8b3/2@e67440c9 with 0 rows and digest THIS-RELATION-HAS-NO-TUPLES.
[2026-10-08 00:57:21] (0s) Starting to evaluate predicate DataFlowPublic::Content::EnumContent.getSignature/0#dispred#5d29ff12_10#join_rhs/2@d72a4ciq
[2026-10-08 00:57:21] (0s)  >>> Created relation DataFlowPublic::Content::EnumContent.getSignature/0#dispred#5d29ff12_10#join_rhs/2@d72a4ciq with 271 rows and digest f70f27llafas3cqumqombrlj5p1.
[2026-10-08 00:57:21] (0s) Starting to evaluate predicate AccessPathSyntax::AccessPath<FlowSummaryImpl::Private::flowSpec>::AccessPathToken.getArgument/2#5ab9ea8e_31#join_rhs/2@1e1761vb
[2026-10-08 00:57:21] (0s) Starting to evaluate predicate FlowSummaryImpl::Input::encodeContent/2#df36069e#fbf/3@79582d72
[2026-10-08 00:57:21] (0s)  >>> Created relation AccessPathSyntax::AccessPath<FlowSummaryImpl::Private::flowSpec>::AccessPathToken.getArgument/2#5ab9ea8e_31#join_rhs/2@1e1761vb with 15 rows and digest abe456g2qcc6ciuabhfa490ki1b.
[2026-10-08 00:57:21] (0s) Starting to evaluate predicate m#FlowSummaryImpl::Input::encodeWithContent/2#6aef6ffd#cpe#13#fb/1@2d9d2doa
[2026-10-08 00:57:21] (0s)  >>> Created relation m#FlowSummaryImpl::Input::encodeWithContent/2#6aef6ffd#cpe#13#fb/1@2d9d2doa with 20 rows and digest 0b1952rplp425v326dm19f0i1pc.
[2026-10-08 00:57:21] (0s) Starting to evaluate predicate DataFlowPublic::Content.toString/0#dispred#d0585883/2@14bc47k6
[2026-10-08 00:57:21] (0s)  >>> Created relation FlowSummaryImpl::Input::encodeContent/2#df36069e#fbf/3@79582d72 with 2 rows and digest ead078maerj9njt5hvouodal751.
[2026-10-08 00:57:21] (0s) Starting to evaluate predicate FlowSummaryImpl::Input::encodeContent/2#df36069e#fbf_120#join_rhs/3@819baclo
[2026-10-08 00:57:21] (0s)  >>> Created relation FlowSummaryImpl::Input::encodeContent/2#df36069e#fbf_120#join_rhs/3@819baclo with 2 rows and digest b4bc90aio2942hu2te0v7lckgpf.
[2026-10-08 00:57:21] (0s) Starting to evaluate predicate FlowSummaryImpl::Input::encodeContent/2#df36069e#fbf_102#join_rhs/3@da8aeb6g
[2026-10-08 00:57:21] (0s)  >>> Created relation FlowSummaryImpl::Input::encodeContent/2#df36069e#fbf_102#join_rhs/3@da8aeb6g with 2 rows and digest 114e18lmuflq203nc2g3t8211r2.
[2026-10-08 00:57:21] (0s) Starting to evaluate predicate FlowSummaryImpl::Private::External::decodeContent/1#7f61d061/2@fcbc17n7
[2026-10-08 00:57:21] (0s)  >>> Created relation FlowSummaryImpl::Private::External::decodeContent/1#7f61d061/2@fcbc17n7 with 2 rows and digest f7335b03aqbvklul2gpa4di76q1.
[2026-10-08 00:57:21] (0s) Starting to evaluate predicate FlowSummaryImpl::Private::External::decodeContent/1#7f61d061_0#antijoin_rhs/1@148af8oi
[2026-10-08 00:57:21] (0s)  >>> Created relation FlowSummaryImpl::Private::External::decodeContent/1#7f61d061_0#antijoin_rhs/1@148af8oi with 2 rows and digest 343b8dr662tnhshrl0ut6sv9tbb.
[2026-10-08 00:57:21] (0s) Starting to evaluate predicate FlowSummaryImpl::Private::External::interpretContent/1#c8055bb3/2@78693dfe
[2026-10-08 00:57:21] (0s)  >>> Created relation FlowSummaryImpl::Private::External::interpretContent/1#c8055bb3/2@78693dfe with 2 rows and digest f7335b03aqbvklul2gpa4di76q1.
[2026-10-08 00:57:21] (0s)  >>> Created relation defer_stmts/2@309b79rc with 0 rows and digest THIS-RELATION-HAS-NO-TUPLES.
[2026-10-08 00:57:21] (0s) Inferred that Synth::Synth::TDeferStmt#dom#5a66fcfd/1@3af6fd79 is empty, due to defer_stmts/2@309b79rc.
[2026-10-08 00:57:21] (0s) Inferred that defer_stmts_10#join_rhs/2@d207fd3c is empty, due to defer_stmts/2@309b79rc.
[2026-10-08 00:57:21] (0s) Inferred that Synth::Synth::TDeferStmt#9fd29ba2/2@e91ecd3h is empty, due to Synth::Synth::TDeferStmt#dom#5a66fcfd/1@3af6fd79.
[2026-10-08 00:57:21] (0s)  >>> Created relation case_stmts/2@0f8dc0tr with 0 rows and digest THIS-RELATION-HAS-NO-TUPLES.
[2026-10-08 00:57:21] (0s) Inferred that Synth::Synth::TCaseStmt#dom#e558b88b/1@e4876dvn is empty, due to case_stmts/2@0f8dc0tr.
[2026-10-08 00:57:21] (0s) Inferred that Synth::Synth::TCaseStmt#884a7c9d/2@38049c4a is empty, due to Synth::Synth::TCaseStmt#dom#e558b88b/1@e4876dvn.
[2026-10-08 00:57:21] (0s)  >>> Created relation case_label_items/2@48b9adoq with 0 rows and digest THIS-RELATION-HAS-NO-TUPLES.
[2026-10-08 00:57:21] (0s) Inferred that Synth::Synth::TCaseLabelItem#dom#9c82fb00/1@0014135p is empty, due to case_label_items/2@48b9adoq.
[2026-10-08 00:57:21] (0s) Inferred that Synth::Synth::TCaseLabelItem#ecfcec3b/2@1b252826 is empty, due to Synth::Synth::TCaseLabelItem#dom#9c82fb00/1@0014135p.
[2026-10-08 00:57:21] (0s)  >>> Created relation typed_patterns/2@f03bf38j with 7953 rows and digest d3ec87jioejsd8ouhk8apm47ho1.
[2026-10-08 00:57:21] (0s)  >>> Created relation optional_some_patterns/2@c4fbfalg with 2 rows and digest 4c7db62ndddsbra22950v64igsf.
[2026-10-08 00:57:21] (0s)  >>> Created relation named_patterns/2@ce020479 with 8080 rows and digest 377af1h8dhl29b3enua9iq58kp9.
[2026-10-08 00:57:21] (0s)  >>> Created relation expr_patterns/2@82bc10te with 0 rows and digest THIS-RELATION-HAS-NO-TUPLES.
[2026-10-08 00:57:21] (0s) Inferred that Synth::Synth::TExprPattern#dom#f624a6d3/1@8f3047kq is empty, due to expr_patterns/2@82bc10te.
[2026-10-08 00:57:21] (0s) Inferred that Synth::Synth::TExprPattern#64b09386/2@9b42e6rn is empty, due to Synth::Synth::TExprPattern#dom#f624a6d3/1@8f3047kq.
[2026-10-08 00:57:21] (0s)  >>> Created relation enum_element_patterns/2@2390d7pb with 0 rows and digest THIS-RELATION-HAS-NO-TUPLES.
[2026-10-08 00:57:21] (0s) Inferred that Synth::Synth::TEnumElementPattern#dom#3346e895/1@67a744s6 is empty, due to enum_element_patterns/2@2390d7pb.
[2026-10-08 00:57:21] (0s) Inferred that Synth::Synth::TEnumElementPattern#7a6a0f73/2@52c9fc2f is empty, due to Synth::Synth::TEnumElementPattern#dom#3346e895/1@67a744s6.
[2026-10-08 00:57:21] (0s)  >>> Created relation bool_patterns/2@0135cdos with 0 rows and digest THIS-RELATION-HAS-NO-TUPLES.
[2026-10-08 00:57:21] (0s) Inferred that Synth::Synth::TBoolPattern#dom#95cbf12b/1@cebff2nl is empty, due to bool_patterns/2@0135cdos.
[2026-10-08 00:57:21] (0s) Inferred that Synth::Synth::TBoolPattern#65decc27/2@3c21237o is empty, due to Synth::Synth::TBoolPattern#dom#95cbf12b/1@cebff2nl.
[2026-10-08 00:57:21] (0s)  >>> Created relation top_level_entry_points/3@83b44dk5 with 0 rows and digest THIS-RELATION-HAS-NO-TUPLES.
[2026-10-08 00:57:21] (0s) Inferred that Synth::Synth::TTopLevelEntryPoint#dom#4fce2da4/1@3a4d124m is empty, due to top_level_entry_points/3@83b44dk5.
[2026-10-08 00:57:21] (0s) Inferred that Synth::Synth::TTopLevelEntryPoint#5ccf2e8e/2@ddc6b1sd is empty, due to Synth::Synth::TTopLevelEntryPoint#dom#4fce2da4/1@3a4d124m.
[2026-10-08 00:57:21] (0s)  >>> Created relation macro_roles/3@71c4d8fj with 27 rows and digest 28402022k1296aj7vof4o1ekll8.
[2026-10-08 00:57:21] (0s)  >>> Created relation key_path_components/3@96f4f014 with 0 rows and digest THIS-RELATION-HAS-NO-TUPLES.
[2026-10-08 00:57:21] (0s) Inferred that Synth::Synth::TKeyPathComponent#dom#11c96735/1@7ed7a2t4 is empty, due to key_path_components/3@96f4f014.
[2026-10-08 00:57:21] (0s) Inferred that Synth::Synth::TKeyPathComponent#1614cf6e/2@a41ee878 is empty, due to Synth::Synth::TKeyPathComponent#dom#11c96735/1@7ed7a2t4.
[2026-10-08 00:57:21] (0s) Starting to evaluate predicate @pattern/1@16b8bdl4
[2026-10-08 00:57:21] (0s)  >>> Created relation @pattern/1@16b8bdl4 with 16037 rows and digest 9d302568925npvlk7s4hl740uke.
[2026-10-08 00:57:21] (0s) Starting to evaluate predicate Raw::Raw::AstNode#5b8e3988#b/1@f22f9emq
[2026-10-08 00:57:21] (0s)  >>> Created relation Raw::Raw::AstNode#5b8e3988#b/1@f22f9emq with 23211 rows and digest 933b081hp2g86hd3tpil7meqn5c.
[2026-10-08 00:57:21] (0s)  >>> Created relation DataFlowPublic::Content.toString/0#dispred#d0585883/2@14bc47k6 with 18672 rows and digest f4dce1m9fjc46d96kcn0ptld5k9.
[2026-10-08 00:57:21] (0s) Starting to evaluate predicate DataFlowPublic::ContentSet.toString/0#dispred#16d01b78/2@1ae69asg
[2026-10-08 00:57:21] (0s) Starting to evaluate predicate Synth::Synth::convertAstNodeFromRaw/1#32e230ec#bf/2@49c49bhh
[2026-10-08 00:57:21] (0s)  >>> Created relation DataFlowPublic::ContentSet.toString/0#dispred#16d01b78/2@1ae69asg with 18672 rows and digest f4dce1m9fjc46d96kcn0ptld5k9.
[2026-10-08 00:57:21] (0s) Starting to evaluate predicate DataFlowPublic::ContentSet.toString/0#dispred#16d01b78_10#join_rhs/2@a77282ql
[2026-10-08 00:57:21] (0s)  >>> Created relation DataFlowPublic::ContentSet.toString/0#dispred#16d01b78_10#join_rhs/2@a77282ql with 18672 rows and digest 56fb9eh6fk3ibtljtafmu8rde06.
[2026-10-08 00:57:21] (0s) Starting to evaluate predicate FlowSummaryImpl::Input::encodeWithoutContent/2#47becbef#cpe#13#fb/2@665663q2
[2026-10-08 00:57:21] (0s)  >>> Created relation FlowSummaryImpl::Input::encodeWithoutContent/2#47becbef#cpe#13#fb/2@665663q2 with 0 rows and digest THIS-RELATION-HAS-NO-TUPLES.
[2026-10-08 00:57:21] (0s) Inferred that FlowSummaryImpl::Input::encodeWithoutContent/2#47becbef#cpe#13#fb_10#join_rhs/2@7b58980i is empty, due to FlowSummaryImpl::Input::encodeWithoutContent/2#47becbef#cpe#13#fb/2@665663q2.
[2026-10-08 00:57:21] (0s) Inferred that FlowSummaryImpl::Private::External::decodeWithoutContent/1#47e43bf4/2@d165288t is empty, due to FlowSummaryImpl::Input::encodeWithoutContent/2#47becbef#cpe#13#fb_10#join_rhs/2@7b58980i.
[2026-10-08 00:57:21] (0s) Starting to evaluate predicate FlowSummaryImpl::Input::encodeWithContent/2#6aef6ffd#cpe#13#fb/2@4b6b82cj
[2026-10-08 00:57:21] (0s)  >>> Created relation FlowSummaryImpl::Input::encodeWithContent/2#6aef6ffd#cpe#13#fb/2@4b6b82cj with 0 rows and digest THIS-RELATION-HAS-NO-TUPLES.
[2026-10-08 00:57:21] (0s) Inferred that FlowSummaryImpl::Input::encodeWithContent/2#6aef6ffd#cpe#13#fb_10#join_rhs/2@712654be is empty, due to FlowSummaryImpl::Input::encodeWithContent/2#6aef6ffd#cpe#13#fb/2@4b6b82cj.
[2026-10-08 00:57:21] (0s) Inferred that FlowSummaryImpl::Private::External::decodeWithContent/1#13ff5d71/2@53e7812h is empty, due to FlowSummaryImpl::Input::encodeWithContent/2#6aef6ffd#cpe#13#fb_10#join_rhs/2@712654be.
[2026-10-08 00:57:21] (0s) Starting to evaluate predicate FlowSummaryImpl::Private::External::interpretComponent/1#5b26c7a8/2@bdbb0752
[2026-10-08 00:57:21] (0s)  >>> Created relation FlowSummaryImpl::Private::External::interpretComponent/1#5b26c7a8/2@bdbb0752 with 22 rows and digest d21cc477ulsrnftecgqmelc1c9e.
[2026-10-08 00:57:21] (0s)  >>> Created relation Synth::Synth::convertAstNodeFromRaw/1#32e230ec#bf/2@49c49bhh with 23211 rows and digest 46c2cetivds542finlf3rb1dggd.
[2026-10-08 00:57:21] (0s) Starting to evaluate predicate num#FlowSummaryImpl::Private::TReturnSummaryComponent#1eb603ca_1#join_rhs/1@fc46fe0m
[2026-10-08 00:57:21] (0s)  >>> Created relation num#FlowSummaryImpl::Private::TReturnSummaryComponent#1eb603ca_1#join_rhs/1@fc46fe0m with 66 rows and digest 5387781hmnkhn26ii207124f1k3.
[2026-10-08 00:57:21] (0s) Starting to evaluate predicate num#FlowSummaryImpl::Private::TArgumentSummaryComponent#7d7def2c_1#join_rhs/1@23d0dfpn
[2026-10-08 00:57:21] (0s) Starting to evaluate predicate num#FlowSummaryImpl::Private::TParameterSummaryComponent#097ec4e6_1#join_rhs/1@ef51e7cl
[2026-10-08 00:57:21] (0s)  >>> Created relation num#FlowSummaryImpl::Private::TArgumentSummaryComponent#7d7def2c_1#join_rhs/1@23d0dfpn with 4 rows and digest 2391db4f437hajhp9s1f4hfldsc.
[2026-10-08 00:57:21] (0s)  >>> Created relation num#FlowSummaryImpl::Private::TParameterSummaryComponent#097ec4e6_1#join_rhs/1@ef51e7cl with 4 rows and digest 928b83hvk542icmije6r2cktl88.
[2026-10-08 00:57:21] (0s) Starting to evaluate predicate num#FlowSummaryImpl::Private::TContentSummaryComponent#7a9e001b_1#join_rhs/1@d8a96bqa
[2026-10-08 00:57:21] (0s) Starting to evaluate predicate BraceStmt::Generated::BraceStmt.getImmediateElement/1#9a610a67/3@de3057kl
[2026-10-08 00:57:21] (0s)  >>> Created relation num#FlowSummaryImpl::Private::TContentSummaryComponent#7a9e001b_1#join_rhs/1@d8a96bqa with 18672 rows and digest 0dcbcee441hl8kkueg4tj0tvfda.
[2026-10-08 00:57:21] (0s) Starting to evaluate predicate FlowSummaryImpl::Private::TSingletonSummaryComponentStack#dom#9c158176/1@4e87b3fj
[2026-10-08 00:57:21] (0s)  >>> Created relation FlowSummaryImpl::Private::TSingletonSummaryComponentStack#dom#9c158176/1@4e87b3fj with 56090 rows and digest f20e25kgisg08492nhkojooefve.
[2026-10-08 00:57:21] (0s) Starting to evaluate predicate num#FlowSummaryImpl::Private::TSingletonSummaryComponentStack#fd78d102/2@72be0av0
[2026-10-08 00:57:21] Evaluating HOP construct<FlowSummaryImpl#b5343dca::Make-Location#d34fd4c8::Location-DataFlowImplSpecific#ea056a88::SwiftDataFlow-FlowSummaryImpl-dbf0bccf,0> with inputs:
                        56090 tuples in FlowSummaryImpl::Private::TSingletonSummaryComponentStack#dom#9c158176/1@4e87b3fj
[2026-10-08 00:57:21] (0s)  >>> Created relation BraceStmt::Generated::BraceStmt.getImmediateElement/1#9a610a67/3@de3057kl with 23211 rows and digest e6ed7e11msipsl2lifbjsdqlvc7.
[2026-10-08 00:57:21] (0s) Starting to evaluate predicate Synth::Synth::TVarDecl#d1138da0/1@2732c36o
[2026-10-08 00:57:21] (0s)  >>> Created relation Synth::Synth::TVarDecl#d1138da0/1@2732c36o with 121108 rows and digest 6e97866plb8ugt66rbv3a1jj2jb.
[2026-10-08 00:57:21] (0s) Starting to evaluate predicate _BraceStmt::Generated::BraceStmt.getImmediateElement/1#9a610a67_VarDecl::Generated::VarDecl#4107473b#shared/3@ea343e8p
[2026-10-08 00:57:21] (0s)  >>> Created relation _BraceStmt::Generated::BraceStmt.getImmediateElement/1#9a610a67_VarDecl::Generated::VarDecl#4107473b#shared/3@ea343e8p with 23209 rows and digest 19dfeep8catocqld0evp7bb6766.
[2026-10-08 00:57:21] (0s) Starting to evaluate predicate __BraceStmt::Generated::BraceStmt.getImmediateElement/1#9a610a67_VarDecl::Generated::VarDecl#4107473__#rank_range/3@18d742oa
[2026-10-08 00:57:21] (0s)  >>> Created relation __BraceStmt::Generated::BraceStmt.getImmediateElement/1#9a610a67_VarDecl::Generated::VarDecl#4107473__#rank_range/3@18d742oa with 23209 rows and digest 0784b2fgtum00dsuurgtvvacvqd.
[2026-10-08 00:57:21] (0s) Starting to evaluate predicate __BraceStmt::Generated::BraceStmt.getImmediateElement/1#9a610a67_VarDecl::Generated::VarDecl#4107473__#rank_term/5@624e13tv
[2026-10-08 00:57:21] (0s)  >>> Created relation __BraceStmt::Generated::BraceStmt.getImmediateElement/1#9a610a67_VarDecl::Generated::VarDecl#4107473__#rank_term/5@624e13tv with 23209 rows and digest 6915440k0jkk42o3cmoclufpah6.
[2026-10-08 00:57:21] (0s) Starting to evaluate predicate BraceStmt::Generated::BraceStmt.getImmediateElement/1#dispred#74a4ce97/3@4cda56cv
[2026-10-08 00:57:21] (0s)  >>> Created relation num#FlowSummaryImpl::Private::TSingletonSummaryComponentStack#fd78d102/2@72be0av0 with 56090 rows and digest 0ed1dbbj90id805hadmsn5953dd.
[2026-10-08 00:57:21] (0s) Starting to evaluate predicate AccessPathSyntax::AccessPath<FlowSummaryImpl::Private::flowSpec>::getRawToken/2#66bc8fe8_01#count_range/2@f17262i1
[2026-10-08 00:57:21] (0s)  >>> Created relation AccessPathSyntax::AccessPath<FlowSummaryImpl::Private::flowSpec>::getRawToken/2#66bc8fe8_01#count_range/2@f17262i1 with 103 rows and digest 612492s4asj18uqqmn42qc2cue2.
[2026-10-08 00:57:21] (0s) Starting to evaluate predicate _AccessPathSyntax::AccessPath<FlowSummaryImpl::Private::flowSpec>::getRawToken/2#66bc8fe8_01#count_r__#join_rhs/2@12d3fbam
[2026-10-08 00:57:21] (0s)  >>> Created relation _AccessPathSyntax::AccessPath<FlowSummaryImpl::Private::flowSpec>::getRawToken/2#66bc8fe8_01#count_r__#join_rhs/2@12d3fbam with 49 rows and digest 64b40d010618a8fq9ni3nljpau1.
[2026-10-08 00:57:21] (0s) Starting to evaluate predicate FlowSummaryImpl::Private::AccessPath.getNumToken/0#d3c7c123/2@5a400ai5
[2026-10-08 00:57:21] (0s)  >>> Created relation FlowSummaryImpl::Private::AccessPath.getNumToken/0#d3c7c123/2@5a400ai5 with 49 rows and digest 64b40d010618a8fq9ni3nljpau1.
[2026-10-08 00:57:21] (0s) Starting to evaluate predicate FlowSummaryImpl::Private::AccessPath.getNumToken/0#dispred#46ff2a0f/2@e105a6f7
[2026-10-08 00:57:21] (0s)  >>> Created relation FlowSummaryImpl::Private::AccessPath.getNumToken/0#dispred#46ff2a0f/2@e105a6f7 with 49 rows and digest 64b40d010618a8fq9ni3nljpau1.
[2026-10-08 00:57:21] (0s) Starting to evaluate predicate project#FlowSummary::SummarizedCallable::Range.propagatesFlow/6#dispred#49bb6ad3#3/4@b3197aq3
[2026-10-08 00:57:21] (0s)  >>> Created relation project#FlowSummary::SummarizedCallable::Range.propagatesFlow/6#dispred#49bb6ad3#3/4@b3197aq3 with 1604 rows and digest b4f6berom2ebku0qhrli47vf4tc.
[2026-10-08 00:57:21] (0s) Starting to evaluate predicate _FlowSummaryImpl::Public::Provenance#400b7aaf_project#FlowSummary::SummarizedCallable::Range.propaga__#shared/4@cfce94vh
[2026-10-08 00:57:21] (0s)  >>> Created relation _FlowSummaryImpl::Public::Provenance#400b7aaf_project#FlowSummary::SummarizedCallable::Range.propaga__#shared/4@cfce94vh with 0 rows and digest THIS-RELATION-HAS-NO-TUPLES.
[2026-10-08 00:57:21] (0s) Starting to evaluate predicate __FlowSummaryImpl::Public::Provenance#400b7aaf_project#FlowSummary::SummarizedCallable::Range.propag__#antijoin_rhs/4@266192nn
[2026-10-08 00:57:21] (0s)  >>> Created relation __FlowSummaryImpl::Public::Provenance#400b7aaf_project#FlowSummary::SummarizedCallable::Range.propag__#antijoin_rhs/4@266192nn with 0 rows and digest THIS-RELATION-HAS-NO-TUPLES.
[2026-10-08 00:57:21] (0s) Starting to evaluate predicate FlowSummary::SummarizedCallable::Range.propagatesFlow/6#dispred#49bb6ad3_504#join_rhs/3@ad4ab2hv
[2026-10-08 00:57:21] (0s)  >>> Created relation FlowSummary::SummarizedCallable::Range.propagatesFlow/6#dispred#49bb6ad3_504#join_rhs/3@ad4ab2hv with 1604 rows and digest df4ee59q2q351cuodi3q46e9ar8.
[2026-10-08 00:57:21] (0s) Starting to evaluate predicate project#FlowSummary::SummarizedCallable::Range.propagatesFlow/6#dispred#49bb6ad3#5/2@3c7ad5tv
[2026-10-08 00:57:21] (0s)  >>> Created relation project#FlowSummary::SummarizedCallable::Range.propagatesFlow/6#dispred#49bb6ad3#5/2@3c7ad5tv with 1604 rows and digest 3adfdcs1qnqa68l0ju1fpfd4bg3.
[2026-10-08 00:57:21] (0s) Starting to evaluate predicate project#FlowSummary::SummarizedCallable::Range.propagatesFlow/6#dispred#49bb6ad3#4/2@9771febs
[2026-10-08 00:57:21] (0s)  >>> Created relation project#FlowSummary::SummarizedCallable::Range.propagatesFlow/6#dispred#49bb6ad3#4/2@9771febs with 1604 rows and digest 3adfdcs1qnqa68l0ju1fpfd4bg3.
[2026-10-08 00:57:21] (0s) Starting to evaluate predicate _FlowSummaryImpl::Public::Provenance#400b7aaf__FlowSummaryImpl::Public::Provenance#400b7aaf_project#__#antijoin_rhs/4@1dc70bk1
[2026-10-08 00:57:21] (0s)  >>> Created relation _FlowSummaryImpl::Public::Provenance#400b7aaf__FlowSummaryImpl::Public::Provenance#400b7aaf_project#__#antijoin_rhs/4@1dc70bk1 with 0 rows and digest THIS-RELATION-HAS-NO-TUPLES.
[2026-10-08 00:57:21] (0s) Starting to evaluate predicate _FlowSummaryImpl::Public::Provenance#400b7aaf__FlowSummaryImpl::Public::Provenance#400b7aaf__FlowSum__#shared/4@192c30tp
[2026-10-08 00:57:21] (0s)  >>> Created relation _FlowSummaryImpl::Public::Provenance#400b7aaf__FlowSummaryImpl::Public::Provenance#400b7aaf__FlowSum__#shared/4@192c30tp with 0 rows and digest THIS-RELATION-HAS-NO-TUPLES.
[2026-10-08 00:57:21] (0s) Inferred that _Callable::Generated::Callable.getBody/0#dispred#d0ca22fd_FlowSummaryImpl::Public::Provenance#400b7a__#antijoin_rhs/4@fda6cf46 is empty, due to _FlowSummaryImpl::Public::Provenance#400b7aaf__FlowSummaryImpl::Public::Provenance#400b7aaf__FlowSum__#shared/4@192c30tp.
[2026-10-08 00:57:21] (0s) Starting to evaluate predicate FlowSummaryImpl::Private::RelevantModel<summaryModel>::isRelevantModel/5#b350f519#cpe#1345/4@6acb4bt2
[2026-10-08 00:57:21] (0s)  >>> Created relation FlowSummaryImpl::Private::RelevantModel<summaryModel>::isRelevantModel/5#b350f519#cpe#1345/4@6acb4bt2 with 1604 rows and digest 28c87du5g4fl4uonpf2f2rrb7ef.
[2026-10-08 00:57:21] (0s) Starting to evaluate predicate _FlowSummaryImpl::Private::RelevantModel<summaryModel>::isRelevantModel/5#b350f519#cpe#1345_Synth::S__#shared/4@e2da72to
[2026-10-08 00:57:21] (0s)  >>> Created relation _FlowSummaryImpl::Private::RelevantModel<summaryModel>::isRelevantModel/5#b350f519#cpe#1345_Synth::S__#shared/4@e2da72to with 1604 rows and digest b4f6berom2ebku0qhrli47vf4tc.
[2026-10-08 00:57:21] (0s) Starting to evaluate predicate FlowSummary::SummarizedCallable::Range.propagatesFlow/6#dispred#49bb6ad3_0456123#join_rhs/7@fc1c7fc2
[2026-10-08 00:57:21] (0s)  >>> Created relation FlowSummary::SummarizedCallable::Range.propagatesFlow/6#dispred#49bb6ad3_0456123#join_rhs/7@fc1c7fc2 with 2062 rows and digest b8611790bfs12uvtcrr2uc5i3a8.
[2026-10-08 00:57:21] (0s) Starting to evaluate predicate const_1/1@e45879dc
[2026-10-08 00:57:21] (0s)  >>> Created relation const_1/1@e45879dc with 1 rows and digest 14c1a2lolrm9cpc6n294tf3mfad.
[2026-10-08 00:57:21] (0s) Starting to evaluate predicate _FlowSummary::SummarizedCallable::Range.propagatesFlow/6#dispred#49bb6ad3_0456123#join_rhs__FlowSumm__#join_rhs#1/7@0f65dat3
[2026-10-08 00:57:21] (0s)  >>> Created relation _FlowSummary::SummarizedCallable::Range.propagatesFlow/6#dispred#49bb6ad3_0456123#join_rhs__FlowSumm__#join_rhs#1/7@0f65dat3 with 2062 rows and digest 0b155etn1pav638kdnbskdvl4a8.
[2026-10-08 00:57:21] (0s) Starting to evaluate predicate _FlowSummary::SummarizedCallable::Range.propagatesFlow/6#dispred#49bb6ad3_0456123#join_rhs__FlowSumm__#join_rhs/7@1b8d1c6p
[2026-10-08 00:57:21] (0s)  >>> Created relation _FlowSummary::SummarizedCallable::Range.propagatesFlow/6#dispred#49bb6ad3_0456123#join_rhs__FlowSumm__#join_rhs/7@1b8d1c6p with 2062 rows and digest fc281f0ftuv81tcqc0jo2kflmt2.
[2026-10-08 00:57:21] (0s) Starting to evaluate predicate FlowSummaryImpl::Private::SummaryComponentStack::argument/1#15684b3b/2@0666e18k
[2026-10-08 00:57:21] (0s)  >>> Created relation FlowSummaryImpl::Private::SummaryComponentStack::argument/1#15684b3b/2@0666e18k with 4 rows and digest 36a38592nrt8kik1eg7l4pan2d2.
[2026-10-08 00:57:21] (0s) Starting to evaluate predicate FlowSummaryImpl::Private::SummaryComponentStack::argument/1#15684b3b_10#join_rhs/2@5dc207ti
[2026-10-08 00:57:21] (0s)  >>> Created relation FlowSummaryImpl::Private::SummaryComponentStack::argument/1#15684b3b_10#join_rhs/2@5dc207ti with 4 rows and digest 4a070b3jtass5pe571pps3djsc5.
[2026-10-08 00:57:21] (0s) Starting to evaluate predicate FlowSummaryImpl::Private::SummaryComponentStack::argument/1#15684b3b_1_true0#join_rhs/3@4de5e1t6
[2026-10-08 00:57:21] (0s)  >>> Created relation FlowSummaryImpl::Private::SummaryComponentStack::argument/1#15684b3b_1_true0#join_rhs/3@4de5e1t6 with 4 rows and digest ac9be1o30aiog7n401q1mj4amj4.
[2026-10-08 00:57:21] (0s) Starting to evaluate predicate num#FlowSummaryImpl::Private::TSingletonSummaryComponentStack#fd78d102_10#join_rhs/2@471230vm
[2026-10-08 00:57:21] (0s)  >>> Created relation num#FlowSummaryImpl::Private::TSingletonSummaryComponentStack#fd78d102_10#join_rhs/2@471230vm with 56090 rows and digest 0ed1dbbj90id805hadmsn5953dd.
[2026-10-08 00:57:21] (0s) Starting to evaluate predicate FlowSummaryImpl::Private::callbackSelfParam/0#893a5761/1@5486a0a5
[2026-10-08 00:57:21] (0s)  >>> Created relation FlowSummaryImpl::Private::callbackSelfParam/0#893a5761/1@5486a0a5 with 1 rows and digest 10952drg6dialitmaeap0ujtdf7.
[2026-10-08 00:57:21] (0s) Starting to evaluate predicate _FlowSummaryImpl::Private::callbackSelfParam/0#893a5761_num#FlowSummaryImpl::Private::TParameterSumm__#join_rhs/2@4a0441og
[2026-10-08 00:57:21] (0s)  >>> Created relation _FlowSummaryImpl::Private::callbackSelfParam/0#893a5761_num#FlowSummaryImpl::Private::TParameterSumm__#join_rhs/2@4a0441og with 4 rows and digest fae0ca1lqsos11kvoq2t6fcpadb.
[2026-10-08 00:57:21] (0s) Starting to evaluate predicate FlowSummaryImpl::Private::External::interpretSpec/2#ee7b44fb/2@i1#489c8lw2 (iteration 1)
[2026-10-08 00:57:21] (0s) Empty delta for FlowSummaryImpl::Private::External::interpretSpec/2#ee7b44fb_delta (order for disjuncts: delta=0).
[2026-10-08 00:57:21] (0s) Starting to evaluate predicate FlowSummaryImpl::Private::SummaryComponentStack.length/0#ee06481a/2@i1#489c8kw2 (iteration 1)
[2026-10-08 00:57:21] (0s) 			 - FlowSummaryImpl::Private::SummaryComponentStack.length/0#ee06481a_delta has 56090 rows (order for disjuncts: delta=0).
[2026-10-08 00:57:21] (0s) Starting to evaluate predicate FlowSummaryImpl::Private::TConsSummaryComponentStack#dom#b699b247/2@i1#489c8iw2 (iteration 1)
[2026-10-08 00:57:21] (0s) Empty delta for FlowSummaryImpl::Private::TConsSummaryComponentStack#dom#b699b247_delta (order for disjuncts: delta=0).
[2026-10-08 00:57:21] (0s) Starting to evaluate predicate FlowSummaryImpl::Private::External::interpretSpec/3#74d70fe5/3@i1#489c8hw2 (iteration 1)
[2026-10-08 00:57:21] (0s) 			 - FlowSummaryImpl::Private::External::interpretSpec/3#74d70fe5_delta has 54 rows (order for disjuncts: delta=0).
[2026-10-08 00:57:21] (0s) Starting to evaluate predicate FlowSummaryImpl::Private::SummaryComponentStack.drop/1#32628814/3@i1#489c8fw2 (iteration 1)
[2026-10-08 00:57:21] (0s) Empty delta for FlowSummaryImpl::Private::SummaryComponentStack.drop/1#32628814_delta (order for disjuncts: delta=0).
[2026-10-08 00:57:21] (0s) Starting to evaluate predicate FlowSummaryImpl::Private::SummaryComponentStack.drop/1#32628814#reorder_2_0_1/3@i1#489c8ew2 (iteration 1)
[2026-10-08 00:57:21] (0s) Empty delta for FlowSummaryImpl::Private::SummaryComponentStack.drop/1#32628814#reorder_2_0_1_delta (order for disjuncts: delta=0).
[2026-10-08 00:57:21] (0s) Starting to evaluate predicate FlowSummaryImpl::Private::External::interpretSpec/4#d1f0bcf0#reorder_2_3_0_1/4@i1#489c8dw2 (iteration 1)
[2026-10-08 00:57:21] (0s) Empty delta for FlowSummaryImpl::Private::External::interpretSpec/4#d1f0bcf0#reorder_2_3_0_1_delta (order for disjuncts: delta=0).
[2026-10-08 00:57:21] (0s) Starting to evaluate predicate FlowSummaryImpl::Private::summary/5#3148d7fd#reorder_1_3_0_2_4/5@i1#489c8cw2 (iteration 1)
[2026-10-08 00:57:21] (0s) Empty delta for FlowSummaryImpl::Private::summary/5#3148d7fd#reorder_1_3_0_2_4_delta (order for disjuncts: delta=0).
[2026-10-08 00:57:21] (0s) Starting to evaluate predicate FlowSummaryImpl::Private::summary/5#3148d7fd#reorder_2_3_0_1_4/5@i1#489c8bw2 (iteration 1)
[2026-10-08 00:57:21] (0s) Empty delta for FlowSummaryImpl::Private::summary/5#3148d7fd#reorder_2_3_0_1_4_delta (order for disjuncts: delta=0).
[2026-10-08 00:57:21] (0s) Starting to evaluate predicate FlowSummaryImpl::Private::summary/5#3148d7fd#reorder_0_2_1_3_4/5@i1#489c8aw2 (iteration 1)
[2026-10-08 00:57:21] (0s) Empty delta for FlowSummaryImpl::Private::summary/5#3148d7fd#reorder_0_2_1_3_4_delta (order for disjuncts: delta=0).
[2026-10-08 00:57:21] (0s) Starting to evaluate predicate FlowSummaryImpl::Private::derivedFluentFlowPush/6#68d6c632#reorder_2_5_0_1_3_4/6@i1#489c89w2 (iteration 1)
[2026-10-08 00:57:21] (0s) Empty delta for FlowSummaryImpl::Private::derivedFluentFlowPush/6#68d6c632#reorder_2_5_0_1_3_4_delta (order for disjuncts: delta=0).
[2026-10-08 00:57:21] (0s) Starting to evaluate predicate FlowSummaryImpl::Private::derivedFluentFlowPush/6#68d6c632#reorder_3_4_5_0_1_2/6@i1#489c88w2 (iteration 1)
[2026-10-08 00:57:21] (0s) Empty delta for FlowSummaryImpl::Private::derivedFluentFlowPush/6#68d6c632#reorder_3_4_5_0_1_2_delta (order for disjuncts: delta=0).
[2026-10-08 00:57:21] (0s) Starting to evaluate predicate FlowSummaryImpl::Private::derivedFluentFlow/6#aeb67702#reorder_2_0_1_3_4_5/6@i1#489c87w2 (iteration 1)
[2026-10-08 00:57:21] (0s) Empty delta for FlowSummaryImpl::Private::derivedFluentFlow/6#aeb67702#reorder_2_0_1_3_4_5_delta (order for disjuncts: delta=0).
[2026-10-08 00:57:21] (0s) Starting to evaluate predicate FlowSummaryImpl::Private::SummaryComponentStack#5325cec0/1@i1#489c84w2 (iteration 1)
[2026-10-08 00:57:21] (0s) 			 - FlowSummaryImpl::Private::SummaryComponentStack#5325cec0_delta has 56090 rows (order for disjuncts: delta=0).
[2026-10-08 00:57:21] (0s) Starting to evaluate predicate FlowSummaryImpl::Private::isCallbackParameter/1#e883ddd1/1@i1#489c83w2 (iteration 1)
[2026-10-08 00:57:21] (0s) Empty delta for FlowSummaryImpl::Private::isCallbackParameter/1#e883ddd1_delta (order for disjuncts: delta=0).
[2026-10-08 00:57:21] (0s) Starting to evaluate predicate FlowSummaryImpl::Private::SummaryComponentStack.head/0#dispred#86557ad8/2@i1#489c82w2 (iteration 1)
[2026-10-08 00:57:21] (0s) 			 - FlowSummaryImpl::Private::SummaryComponentStack.head/0#dispred#86557ad8_delta has 56090 rows (order for disjuncts: delta=0).
[2026-10-08 00:57:21] (0s) Starting to evaluate predicate FlowSummaryImpl::Private::SummaryComponentStack.bottom/0#a87b4264/2@i1#489c81w2 (iteration 1)
[2026-10-08 00:57:21] (0s) 			 - FlowSummaryImpl::Private::SummaryComponentStack.bottom/0#a87b4264_delta has 56090 rows (order for disjuncts: delta=0).
[2026-10-08 00:57:21] (0s) Starting to evaluate predicate FlowSummaryImpl::Private::isContentOfArgument/2#b24179f4/2@i1#489c80w2 (iteration 1)
[2026-10-08 00:57:21] (0s) 			 - FlowSummaryImpl::Private::isContentOfArgument/2#b24179f4_delta has 4 rows (order for disjuncts: delta=0).
[2026-10-08 00:57:21] (0s) Starting to evaluate predicate FlowSummaryImpl::Private::isContentOfArgument/2#b24179f4#reorder_1_0/2@i1#489c8jw2 (iteration 1)
[2026-10-08 00:57:21] (0s) 			 - FlowSummaryImpl::Private::isContentOfArgument/2#b24179f4#reorder_1_0_delta has 4 rows (order for disjuncts: delta=0).
[2026-10-08 00:57:21] (0s) Starting to evaluate predicate FlowSummaryImpl::Private::TConsSummaryComponentStack#67b2ab51#reorder_1_0_2/3@i1#489c8zo2 (iteration 1)
[2026-10-08 00:57:21] (0s) Empty delta for FlowSummaryImpl::Private::TConsSummaryComponentStack#67b2ab51#reorder_1_0_2_delta (order for disjuncts: delta=0).
[2026-10-08 00:57:21] (0s) Starting to evaluate predicate FlowSummaryImpl::Private::TConsSummaryComponentStack#67b2ab51#reorder_2_0_1/3@i1#489c8gw2 (iteration 1)
[2026-10-08 00:57:21] (0s) Empty delta for FlowSummaryImpl::Private::TConsSummaryComponentStack#67b2ab51#reorder_2_0_1_delta (order for disjuncts: delta=0).
[2026-10-08 00:57:21] (0s) Starting to evaluate predicate num#FlowSummaryImpl::Private::TConsSummaryComponentStack#67b2ab51/3@i1#489c8yo2 (iteration 1)
[2026-10-08 00:57:21] (0s) Empty delta for num#FlowSummaryImpl::Private::TConsSummaryComponentStack#67b2ab51_delta (order for disjuncts: delta=0).
[2026-10-08 00:57:21] (0s) Starting to evaluate predicate FlowSummaryImpl::Private::SummarizedCallableImpl.propagatesFlow/6#dispred#29222477#reorder_1_3_0_2_4_5_6/7@i1#489c86w2 (iteration 1)
[2026-10-08 00:57:21] (0s) Empty delta for FlowSummaryImpl::Private::SummarizedCallableImpl.propagatesFlow/6#dispred#29222477#reorder_1_3_0_2_4_5_6_delta (order for disjuncts: delta=0).
[2026-10-08 00:57:21] (0s) Starting to evaluate predicate FlowSummaryImpl::Private::SummarizedCallableImpl.propagatesFlow/6#dispred#29222477#reorder_2_3_0_1_4_5_6/7@i1#489c85w2 (iteration 1)
[2026-10-08 00:57:21] (0s) Empty delta for FlowSummaryImpl::Private::SummarizedCallableImpl.propagatesFlow/6#dispred#29222477#reorder_2_3_0_1_4_5_6_delta (order for disjuncts: delta=0).
[2026-10-08 00:57:21] (0s) Starting to evaluate predicate FlowSummaryImpl::Private::SummarizedCallableImpl.propagatesFlow/6#dispred#29222477#reorder_0_1_4_5_6_2_3/7@i1#489c8xo2 (iteration 1)
[2026-10-08 00:57:21] (0s) Empty delta for FlowSummaryImpl::Private::SummarizedCallableImpl.propagatesFlow/6#dispred#29222477#reorder_0_1_4_5_6_2_3_delta (order for disjuncts: delta=0).
[2026-10-08 00:57:21] (0s) Starting to evaluate predicate FlowSummaryImpl::Private::SummarizedCallableImpl.propagatesFlow/6#dispred#29222477#reorder_0_2_4_5_6_1_3/7@i1#489c8wo2 (iteration 1)
[2026-10-08 00:57:21] (0s) Empty delta for FlowSummaryImpl::Private::SummarizedCallableImpl.propagatesFlow/6#dispred#29222477#reorder_0_2_4_5_6_1_3_delta (order for disjuncts: delta=0).
[2026-10-08 00:57:21] (0s) Starting to evaluate predicate FlowSummaryImpl::Private::External::interpretSpec/2#ee7b44fb/2@i2#489c8lw2 (iteration 2)
[2026-10-08 00:57:21] (0s) 			 - FlowSummaryImpl::Private::External::interpretSpec/2#ee7b44fb_delta has 19 rows (order for disjuncts: delta=<standard>).
[2026-10-08 00:57:21] (0s) Starting to evaluate predicate FlowSummaryImpl::Private::SummaryComponentStack.length/0#ee06481a/2@i2#489c8kw2 (iteration 2)
[2026-10-08 00:57:21] (0s) Empty delta for FlowSummaryImpl::Private::SummaryComponentStack.length/0#ee06481a_delta (order for disjuncts: delta=<standard>).
[2026-10-08 00:57:21] (0s) Starting to evaluate predicate FlowSummaryImpl::Private::SummaryComponentStack.drop/1#32628814/3@i2#489c8fw2 (iteration 2)
[2026-10-08 00:57:21] (0s) 			 - FlowSummaryImpl::Private::SummaryComponentStack.drop/1#32628814_delta has 56090 rows (order for disjuncts: delta=<standard>).
[2026-10-08 00:57:21] (0s) Starting to evaluate predicate FlowSummaryImpl::Private::SummaryComponentStack.drop/1#32628814#reorder_2_0_1/3@i2#489c8ew2 (iteration 2)
[2026-10-08 00:57:21] (0s) 			 - FlowSummaryImpl::Private::SummaryComponentStack.drop/1#32628814#reorder_2_0_1_delta has 56090 rows (order for disjuncts: delta=<standard>).
[2026-10-08 00:57:21] (0s) Starting to evaluate predicate FlowSummaryImpl::Private::External::interpretSpec/4#d1f0bcf0#reorder_2_3_0_1/4@i2#489c8dw2 (iteration 2)
[2026-10-08 00:57:21] (0s) 			 - FlowSummaryImpl::Private::External::interpretSpec/4#d1f0bcf0#reorder_2_3_0_1_delta has 29 rows (order for disjuncts: delta=<standard>).
[2026-10-08 00:57:21] (0s)  >>> Created relation BraceStmt::Generated::BraceStmt.getImmediateElement/1#dispred#74a4ce97/3@4cda56cv with 23209 rows and digest 3f56cctkhei6oest8mvvqrifnja.
[2026-10-08 00:57:21] (0s) Starting to evaluate predicate FlowSummaryImpl::Private::summary/5#3148d7fd#reorder_1_3_0_2_4/5@i2#489c8cw2 (iteration 2)
[2026-10-08 00:57:21] (0s) Starting to evaluate predicate project#BraceStmt::Generated::BraceStmt.getImmediateElement/1#dispred#74a4ce97/2@a7e074ia
[2026-10-08 00:57:21] (0s)  >>> Created relation project#BraceStmt::Generated::BraceStmt.getImmediateElement/1#dispred#74a4ce97/2@a7e074ia with 23209 rows and digest 562febm9og3njsciqqg95gd5hv2.
[2026-10-08 00:57:21] (0s) Starting to evaluate predicate _Callable::Generated::Callable.getBody/0#dispred#d0ca22fd_project#BraceStmt::Generated::BraceStmt.ge__#shared/2@51d553r8
[2026-10-08 00:57:21] (0s)  >>> Created relation _Callable::Generated::Callable.getBody/0#dispred#d0ca22fd_project#BraceStmt::Generated::BraceStmt.ge__#shared/2@51d553r8 with 23207 rows and digest 4364bcdtp2ht8o2j3nkpfmqoeg5.
[2026-10-08 00:57:21] (0s) Starting to evaluate predicate _Element::Generated::Element.resolve/0#6937ae00__Callable::Generated::Callable.getBody/0#dispred#d0c__#unique_range/2@384833lm
[2026-10-08 00:57:21] (0s)  >>> Created relation _Element::Generated::Element.resolve/0#6937ae00__Callable::Generated::Callable.getBody/0#dispred#d0c__#unique_range/2@384833lm with 23207 rows and digest d1d766v98bujrisufj1l6absd02.
[2026-10-08 00:57:21] (0s) Starting to evaluate predicate _Element::Generated::Element.resolve/0#6937ae00__Callable::Generated::Callable.getBody/0#dispred#d0c__#unique_term/3@a6e58bls
[2026-10-08 00:57:21] (0s)  >>> Created relation _Element::Generated::Element.resolve/0#6937ae00__Callable::Generated::Callable.getBody/0#dispred#d0c__#unique_term/3@a6e58bls with 23207 rows and digest e0e561p16e88ilg0s7pkenpfjrc.
[2026-10-08 00:57:21] (0s) Starting to evaluate predicate Synth::Synth::TReturnStmt#df2ab8bc_1#join_rhs/1@0639643n
[2026-10-08 00:57:21] (0s)  >>> Created relation Synth::Synth::TReturnStmt#df2ab8bc_1#join_rhs/1@0639643n with 19334 rows and digest fba7f7av3ud8g7ue33mv81tfo4a.
[2026-10-08 00:57:21] (0s) Starting to evaluate predicate AutoClosureExpr::AutoClosureExpr.getReturn/0#dispred#db6aeedd/2@409e15a2
[2026-10-08 00:57:21] (0s) Empty delta for FlowSummaryImpl::Private::summary/5#3148d7fd#reorder_1_3_0_2_4_delta (order for disjuncts: delta=<standard>).
[2026-10-08 00:57:21] (0s) Starting to evaluate predicate FlowSummaryImpl::Private::derivedFluentFlowPush/6#68d6c632#reorder_2_5_0_1_3_4/6@i2#489c89w2 (iteration 2)
[2026-10-08 00:57:21] (0s) Empty delta for FlowSummaryImpl::Private::derivedFluentFlowPush/6#68d6c632#reorder_2_5_0_1_3_4_delta (order for disjuncts: delta=<standard>).
[2026-10-08 00:57:21] (0s) Starting to evaluate predicate FlowSummaryImpl::Private::derivedFluentFlow/6#aeb67702#reorder_2_0_1_3_4_5/6@i2#489c87w2 (iteration 2)
[2026-10-08 00:57:21] (0s) Empty delta for FlowSummaryImpl::Private::derivedFluentFlow/6#aeb67702#reorder_2_0_1_3_4_5_delta (order for disjuncts: delta=<standard>).
[2026-10-08 00:57:21] (0s) Starting to evaluate predicate FlowSummaryImpl::Private::isCallbackParameter/1#e883ddd1/1@i2#489c83w2 (iteration 2)
[2026-10-08 00:57:21] (0s) Empty delta for FlowSummaryImpl::Private::isCallbackParameter/1#e883ddd1_delta (order for disjuncts: delta=<standard>).
[2026-10-08 00:57:21] (0s) Starting to evaluate predicate FlowSummaryImpl::Private::SummaryComponentStack.bottom/0#a87b4264/2@i2#489c81w2 (iteration 2)
[2026-10-08 00:57:21] (0s) Empty delta for FlowSummaryImpl::Private::SummaryComponentStack.bottom/0#a87b4264_delta (order for disjuncts: delta=<standard>).
[2026-10-08 00:57:21] (0s) Starting to evaluate predicate FlowSummaryImpl::Private::isContentOfArgument/2#b24179f4/2@i2#489c80w2 (iteration 2)
[2026-10-08 00:57:21] (0s) Empty delta for FlowSummaryImpl::Private::isContentOfArgument/2#b24179f4_delta (order for disjuncts: delta=<standard>).
[2026-10-08 00:57:21] (0s)  >>> Created relation AutoClosureExpr::AutoClosureExpr.getReturn/0#dispred#db6aeedd/2@409e15a2 with 1 rows and digest ea865d4ip66h6gplgueltpov0gc.
[2026-10-08 00:57:21] (0s) Starting to evaluate predicate Synth::Synth::TReturnStmt#df2ab8bc_10#join_rhs/2@59a26csr
[2026-10-08 00:57:21] (0s)  >>> Created relation Synth::Synth::TReturnStmt#df2ab8bc_10#join_rhs/2@59a26csr with 19334 rows and digest 268b6eoihgna2uig7v40dbt81v5.
[2026-10-08 00:57:21] (0s) Starting to evaluate predicate AutoClosureExpr::AutoClosureExpr.getExpr/0#dispred#ac84d409/2@c29174ht
[2026-10-08 00:57:21] (0s)  >>> Created relation AutoClosureExpr::AutoClosureExpr.getExpr/0#dispred#ac84d409/2@c29174ht with 1 rows and digest d7506d81tkm6tl0iprsspdbbb18.
[2026-10-08 00:57:21] (0s) Starting to evaluate predicate AutoClosureExpr::AutoClosureExpr.getExpr/0#dispred#ac84d409_10#join_rhs/2@19cc62f1
[2026-10-08 00:57:21] (0s)  >>> Created relation AutoClosureExpr::AutoClosureExpr.getExpr/0#dispred#ac84d409_10#join_rhs/2@19cc62f1 with 1 rows and digest 8e2ec273l4r41c656r8v0gnoqde.
[2026-10-08 00:57:21] (0s) Starting to evaluate predicate m#ApplyExpr::ApplyExpr.getStaticTarget/0#dispred#43fd147e#fb/1@i1#efc0aw9s (iteration 1)
[2026-10-08 00:57:21] (0s) Starting to evaluate predicate FlowSummaryImpl::Private::TConsSummaryComponentStack#dom#b699b247/2@i3#489c8iw2 (iteration 3)
[2026-10-08 00:57:21] (0s) 			 - FlowSummaryImpl::Private::TConsSummaryComponentStack#dom#b699b247_delta has 18 rows (order for disjuncts: delta=<standard>).
[2026-10-08 00:57:21] (0s) Starting to evaluate predicate FlowSummaryImpl::Private::External::interpretSpec/3#74d70fe5/3@i3#489c8hw2 (iteration 3)
[2026-10-08 00:57:21] (0s) Empty delta for FlowSummaryImpl::Private::External::interpretSpec/3#74d70fe5_delta (order for disjuncts: delta=<standard>).
[2026-10-08 00:57:21] (0s) Starting to evaluate predicate FlowSummaryImpl::Private::SummaryComponentStack.drop/1#32628814/3@i3#489c8fw2 (iteration 3)
[2026-10-08 00:57:21] (0s) Empty delta for FlowSummaryImpl::Private::SummaryComponentStack.drop/1#32628814_delta (order for disjuncts: delta=<standard>).
[2026-10-08 00:57:21] (0s) Starting to evaluate predicate FlowSummaryImpl::Private::summary/5#3148d7fd#reorder_1_3_0_2_4/5@i3#489c8cw2 (iteration 3)
[2026-10-08 00:57:21] (0s) Empty delta for FlowSummaryImpl::Private::summary/5#3148d7fd#reorder_1_3_0_2_4_delta (order for disjuncts: delta=<standard>).
[2026-10-08 00:57:21] (0s) Starting to evaluate predicate FlowSummaryImpl::Private::derivedFluentFlowPush/6#68d6c632#reorder_2_5_0_1_3_4/6@i3#489c89w2 (iteration 3)
[2026-10-08 00:57:21] (0s) Empty delta for FlowSummaryImpl::Private::derivedFluentFlowPush/6#68d6c632#reorder_2_5_0_1_3_4_delta (order for disjuncts: delta=<standard>).
[2026-10-08 00:57:21] (0s) Starting to evaluate predicate FlowSummaryImpl::Private::SummarizedCallableImpl.propagatesFlow/6#dispred#29222477#reorder_1_3_0_2_4_5_6/7@i3#489c86w2 (iteration 3)
[2026-10-08 00:57:21] (0s) 			 - FlowSummaryImpl::Private::SummarizedCallableImpl.propagatesFlow/6#dispred#29222477#reorder_1_3_0_2_4_5_6_delta has 1105 rows (order for disjuncts: delta=<standard>).
[2026-10-08 00:57:21] (0s) Starting to evaluate predicate FlowSummaryImpl::Private::SummarizedCallableImpl.propagatesFlow/6#dispred#29222477#reorder_2_3_0_1_4_5_6/7@i3#489c85w2 (iteration 3)
[2026-10-08 00:57:21] (0s) 			 - FlowSummaryImpl::Private::SummarizedCallableImpl.propagatesFlow/6#dispred#29222477#reorder_2_3_0_1_4_5_6_delta has 1105 rows (order for disjuncts: delta=<standard>).
[2026-10-08 00:57:21] (0s) Starting to evaluate predicate FlowSummaryImpl::Private::SummarizedCallableImpl.propagatesFlow/6#dispred#29222477#reorder_0_1_4_5_6_2_3/7@i3#489c8xo2 (iteration 3)
[2026-10-08 00:57:21] (0s) 			 - FlowSummaryImpl::Private::SummarizedCallableImpl.propagatesFlow/6#dispred#29222477#reorder_0_1_4_5_6_2_3_delta has 1105 rows (order for disjuncts: delta=<standard>).
[2026-10-08 00:57:21] (0s) Starting to evaluate predicate FlowSummaryImpl::Private::SummarizedCallableImpl.propagatesFlow/6#dispred#29222477#reorder_0_2_4_5_6_1_3/7@i3#489c8wo2 (iteration 3)
[2026-10-08 00:57:21] (0s) 			 - FlowSummaryImpl::Private::SummarizedCallableImpl.propagatesFlow/6#dispred#29222477#reorder_0_2_4_5_6_1_3_delta has 1105 rows (order for disjuncts: delta=<standard>).
[2026-10-08 00:57:21] (0s) Starting to evaluate predicate FlowSummaryImpl::Private::summary/5#3148d7fd#reorder_1_3_0_2_4/5@i4#489c8cw2 (iteration 4)
[2026-10-08 00:57:21] (0s) 			 - FlowSummaryImpl::Private::summary/5#3148d7fd#reorder_1_3_0_2_4_delta has 1105 rows (order for disjuncts: delta=<standard>).
[2026-10-08 00:57:21] (0s) Starting to evaluate predicate FlowSummaryImpl::Private::summary/5#3148d7fd#reorder_2_3_0_1_4/5@i4#489c8bw2 (iteration 4)
[2026-10-08 00:57:21] (0s) 			 - FlowSummaryImpl::Private::summary/5#3148d7fd#reorder_2_3_0_1_4_delta has 1105 rows (order for disjuncts: delta=<standard>).
[2026-10-08 00:57:21] (0s) Starting to evaluate predicate FlowSummaryImpl::Private::summary/5#3148d7fd#reorder_0_2_1_3_4/5@i4#489c8aw2 (iteration 4)
[2026-10-08 00:57:21] (0s) 			 - FlowSummaryImpl::Private::summary/5#3148d7fd#reorder_0_2_1_3_4_delta has 1105 rows (order for disjuncts: delta=<standard>).
[2026-10-08 00:57:21] (0s) Starting to evaluate predicate num#FlowSummaryImpl::Private::TConsSummaryComponentStack#67b2ab51/3@i4#489c8yo2 (iteration 4)
[2026-10-08 00:57:21] Evaluating HOP construct<FlowSummaryImpl#b5343dca::Make-Location#d34fd4c8::Location-DataFlowImplSpecific#ea056a88::SwiftDataFlow-FlowSummaryImpl-dbf0bccf,1> with inputs:
                        18 tuples in FlowSummaryImpl::Private::TConsSummaryComponentStack#dom#b699b247#prev_delta
[2026-10-08 00:57:21] (0s) 			 - num#FlowSummaryImpl::Private::TConsSummaryComponentStack#67b2ab51_delta has 18 rows (order for disjuncts: delta=<standard>).
[2026-10-08 00:57:21] (0s) Starting to evaluate predicate FlowSummaryImpl::Private::derivedFluentFlow/6#aeb67702#reorder_2_0_1_3_4_5/6@i5#489c87w2 (iteration 5)
[2026-10-08 00:57:21] (0s) Empty delta for FlowSummaryImpl::Private::derivedFluentFlow/6#aeb67702#reorder_2_0_1_3_4_5_delta (order for disjuncts: delta=<standard>).
[2026-10-08 00:57:21] (0s) Starting to evaluate predicate FlowSummaryImpl::Private::TConsSummaryComponentStack#67b2ab51#reorder_1_0_2/3@i5#489c8zo2 (iteration 5)
[2026-10-08 00:57:21] (0s) 			 - FlowSummaryImpl::Private::TConsSummaryComponentStack#67b2ab51#reorder_1_0_2_delta has 18 rows (order for disjuncts: delta=<standard>).
[2026-10-08 00:57:21] (0s) Starting to evaluate predicate FlowSummaryImpl::Private::TConsSummaryComponentStack#67b2ab51#reorder_2_0_1/3@i5#489c8gw2 (iteration 5)
[2026-10-08 00:57:21] (0s) 			 - FlowSummaryImpl::Private::TConsSummaryComponentStack#67b2ab51#reorder_2_0_1_delta has 18 rows (order for disjuncts: delta=<standard>).
[2026-10-08 00:57:21] (0s) 			 - m#ApplyExpr::ApplyExpr.getStaticTarget/0#dispred#43fd147e#fb_delta has 85272 rows (order for disjuncts: delta=0).
[2026-10-08 00:57:21] (0s) Starting to evaluate predicate m#ApplyExpr::ApplyExpr.getStaticTarget/0#dispred#43fd147e#fb/1@i2#efc0aw9s (iteration 2)
[2026-10-08 00:57:21] (0s) Empty delta for m#ApplyExpr::ApplyExpr.getStaticTarget/0#dispred#43fd147e#fb_delta (order for disjuncts: delta=<standard>).
[2026-10-08 00:57:21] (0s) Accumulating deltas
[2026-10-08 00:57:21] (0s) Starting to evaluate predicate FlowSummaryImpl::Private::SummaryComponentStack.length/0#ee06481a/2@i6#489c8kw2 (iteration 6)
[2026-10-08 00:57:21] (0s) 			 - FlowSummaryImpl::Private::SummaryComponentStack.length/0#ee06481a_delta has 18 rows (order for disjuncts: delta=<standard>).
[2026-10-08 00:57:21] (0s) Starting to evaluate predicate FlowSummaryImpl::Private::External::interpretSpec/3#74d70fe5/3@i6#489c8hw2 (iteration 6)
[2026-10-08 00:57:21] (0s) 			 - FlowSummaryImpl::Private::External::interpretSpec/3#74d70fe5_delta has 29 rows (order for disjuncts: delta=<standard>).
[2026-10-08 00:57:21] (0s) Starting to evaluate predicate FlowSummaryImpl::Private::SummaryComponentStack.drop/1#32628814/3@i6#489c8fw2 (iteration 6)
[2026-10-08 00:57:21] (0s) Empty delta for FlowSummaryImpl::Private::SummaryComponentStack.drop/1#32628814_delta (order for disjuncts: delta=<standard>).
[2026-10-08 00:57:21] (0s)  >>> Created relation m#ApplyExpr::ApplyExpr.getStaticTarget/0#dispred#43fd147e#fb/1@efc0aw9s with 57176 rows and digest 1f52a6qadc6f5b1f6gv3rnmofpa.
[2026-10-08 00:57:21] (0s) Starting to evaluate predicate FlowSummaryImpl::Private::summary/5#3148d7fd#reorder_1_3_0_2_4/5@i6#489c8cw2 (iteration 6)
[2026-10-08 00:57:21] (0s) Starting to evaluate predicate InitializerImpl::Impl::Initializer#5f0f0482/1@7637f8v4
[2026-10-08 00:57:21] (0s) Empty delta for FlowSummaryImpl::Private::summary/5#3148d7fd#reorder_1_3_0_2_4_delta (order for disjuncts: delta=<standard>).
[2026-10-08 00:57:21] (0s)  >>> Created relation InitializerImpl::Impl::Initializer#5f0f0482/1@7637f8v4 with 8627 rows and digest 7cab5bsi2un6urc9majidbpqvj6.
[2026-10-08 00:57:21] (0s) Starting to evaluate predicate FlowSummaryImpl::Private::derivedFluentFlowPush/6#68d6c632#reorder_2_5_0_1_3_4/6@i6#489c89w2 (iteration 6)
[2026-10-08 00:57:21] (0s) Starting to evaluate predicate m#MethodLookupExpr::MethodLookupExpr.getMethod/0#372bac6d#fb/1@1d305aap
[2026-10-08 00:57:21] (0s) Empty delta for FlowSummaryImpl::Private::derivedFluentFlowPush/6#68d6c632#reorder_2_5_0_1_3_4_delta (order for disjuncts: delta=<standard>).
[2026-10-08 00:57:21] (0s) Starting to evaluate predicate FlowSummaryImpl::Private::SummaryComponentStack#5325cec0/1@i6#489c84w2 (iteration 6)
[2026-10-08 00:57:21] (0s) 			 - FlowSummaryImpl::Private::SummaryComponentStack#5325cec0_delta has 18 rows (order for disjuncts: delta=<standard>).
[2026-10-08 00:57:21] (0s) Starting to evaluate predicate FlowSummaryImpl::Private::isCallbackParameter/1#e883ddd1/1@i6#489c83w2 (iteration 6)
[2026-10-08 00:57:21] (0s) Empty delta for FlowSummaryImpl::Private::isCallbackParameter/1#e883ddd1_delta (order for disjuncts: delta=<standard>).
[2026-10-08 00:57:21] (0s) Starting to evaluate predicate FlowSummaryImpl::Private::SummaryComponentStack.head/0#dispred#86557ad8/2@i6#489c82w2 (iteration 6)
[2026-10-08 00:57:21] (0s) 			 - FlowSummaryImpl::Private::SummaryComponentStack.head/0#dispred#86557ad8_delta has 18 rows (order for disjuncts: delta=<standard>).
[2026-10-08 00:57:21] (0s) Starting to evaluate predicate FlowSummaryImpl::Private::SummaryComponentStack.bottom/0#a87b4264/2@i6#489c81w2 (iteration 6)
[2026-10-08 00:57:21] (0s) 			 - FlowSummaryImpl::Private::SummaryComponentStack.bottom/0#a87b4264_delta has 18 rows (order for disjuncts: delta=<standard>).
[2026-10-08 00:57:21] (0s) Starting to evaluate predicate FlowSummaryImpl::Private::isContentOfArgument/2#b24179f4/2@i6#489c80w2 (iteration 6)
[2026-10-08 00:57:21] (0s) Empty delta for FlowSummaryImpl::Private::isContentOfArgument/2#b24179f4_delta (order for disjuncts: delta=<standard>).
[2026-10-08 00:57:21] (0s)  >>> Created relation m#MethodLookupExpr::MethodLookupExpr.getMethod/0#372bac6d#fb/1@1d305aap with 57176 rows and digest 1f52a6qadc6f5b1f6gv3rnmofpa.
[2026-10-08 00:57:21] (0s) Starting to evaluate predicate MethodLookupExpr::MethodLookupExpr.getMethod/0#372bac6d#fb/2@45e777jt
[2026-10-08 00:57:21] (0s) Starting to evaluate predicate FlowSummaryImpl::Private::External::interpretSpec/2#ee7b44fb/2@i7#489c8lw2 (iteration 7)
[2026-10-08 00:57:21] (0s) 			 - FlowSummaryImpl::Private::External::interpretSpec/2#ee7b44fb_delta has 15 rows (order for disjuncts: delta=<standard>).
[2026-10-08 00:57:21] (0s)  >>> Created relation MethodLookupExpr::MethodLookupExpr.getMethod/0#372bac6d#fb/2@45e777jt with 943 rows and digest 1d314dvope4pc7nskt416cv3ese.
[2026-10-08 00:57:21] (0s) Starting to evaluate predicate FlowSummaryImpl::Private::SummaryComponentStack.length/0#ee06481a/2@i7#489c8kw2 (iteration 7)
[2026-10-08 00:57:21] (0s) Starting to evaluate predicate ApplyExpr::ApplyExpr.getStaticTarget/0#a70d1aa7/2@b50fd788
[2026-10-08 00:57:21] (0s) Empty delta for FlowSummaryImpl::Private::SummaryComponentStack.length/0#ee06481a_delta (order for disjuncts: delta=<standard>).
[2026-10-08 00:57:21] (0s) Starting to evaluate predicate FlowSummaryImpl::Private::SummaryComponentStack.drop/1#32628814/3@i7#489c8fw2 (iteration 7)
[2026-10-08 00:57:21] (0s) 			 - FlowSummaryImpl::Private::SummaryComponentStack.drop/1#32628814_delta has 36 rows (order for disjuncts: delta=<standard>).
[2026-10-08 00:57:21] (0s) Starting to evaluate predicate FlowSummaryImpl::Private::SummaryComponentStack.drop/1#32628814#reorder_2_0_1/3@i7#489c8ew2 (iteration 7)
[2026-10-08 00:57:21] (0s) 			 - FlowSummaryImpl::Private::SummaryComponentStack.drop/1#32628814#reorder_2_0_1_delta has 36 rows (order for disjuncts: delta=<standard>).
[2026-10-08 00:57:21] (0s) Starting to evaluate predicate FlowSummaryImpl::Private::External::interpretSpec/4#d1f0bcf0#reorder_2_3_0_1/4@i7#489c8dw2 (iteration 7)
[2026-10-08 00:57:21] (0s) 			 - FlowSummaryImpl::Private::External::interpretSpec/4#d1f0bcf0#reorder_2_3_0_1_delta has 10 rows (order for disjuncts: delta=<standard>).
[2026-10-08 00:57:21] (0s)  >>> Created relation ApplyExpr::ApplyExpr.getStaticTarget/0#a70d1aa7/2@b50fd788 with 4227 rows and digest bb61a49u241s33qiplrl6barn2f.
[2026-10-08 00:57:21] (0s) Starting to evaluate predicate ApplyExprImpl::Impl::MethodApplyExpr#af2ec0bc_0#antijoin_rhs/1@74774ban
[2026-10-08 00:57:21] (0s)  >>> Created relation ApplyExprImpl::Impl::MethodApplyExpr#af2ec0bc_0#antijoin_rhs/1@74774ban with 943 rows and digest 4d91d185c1lqmhiif8egorb1rnd.
[2026-10-08 00:57:21] (0s) Starting to evaluate predicate ApplyExpr::ApplyExpr_not_BinaryExpr::BinaryExpr_ApplyExprImpl::Impl::FullDotSyntaxBaseIgnoredApplyExpr_MethodApplyExpr::MethodApplyExpr_ApplyExprImpl::Impl::PartialDotSyntaxBaseIgnoredApplyExpr_PrefixUnaryExpr::PrefixUnaryExpr#ce3a3db8#b/1@49fb6afh
[2026-10-08 00:57:21] (0s) Starting to evaluate predicate FlowSummaryImpl::Private::summary/5#3148d7fd#reorder_1_3_0_2_4/5@i7#489c8cw2 (iteration 7)
[2026-10-08 00:57:21] (0s)  >>> Created relation ApplyExpr::ApplyExpr_not_BinaryExpr::BinaryExpr_ApplyExprImpl::Impl::FullDotSyntaxBaseIgnoredApplyExpr_MethodApplyExpr::MethodApplyExpr_ApplyExprImpl::Impl::PartialDotSyntaxBaseIgnoredApplyExpr_PrefixUnaryExpr::PrefixUnaryExpr#ce3a3db8#b/1@49fb6afh with 4226 rows and digest be85c82n3blirqtush6hlaptgb9.
[2026-10-08 00:57:21] (0s) Empty delta for FlowSummaryImpl::Private::summary/5#3148d7fd#reorder_1_3_0_2_4_delta (order for disjuncts: delta=<standard>).
[2026-10-08 00:57:21] (0s) Starting to evaluate predicate FlowSummaryImpl::Private::derivedFluentFlowPush/6#68d6c632#reorder_2_5_0_1_3_4/6@i7#489c89w2 (iteration 7)
[2026-10-08 00:57:21] (0s) Starting to evaluate predicate ApplyExpr::ApplyExpr.getStaticTarget/0#dispred#43fd147e#fb/2@i1#efe10w9e (iteration 1)
[2026-10-08 00:57:21] (0s) Empty delta for FlowSummaryImpl::Private::derivedFluentFlowPush/6#68d6c632#reorder_2_5_0_1_3_4_delta (order for disjuncts: delta=<standard>).
[2026-10-08 00:57:21] (0s) Starting to evaluate predicate FlowSummaryImpl::Private::derivedFluentFlow/6#aeb67702#reorder_2_0_1_3_4_5/6@i7#489c87w2 (iteration 7)
[2026-10-08 00:57:21] (0s) Empty delta for FlowSummaryImpl::Private::derivedFluentFlow/6#aeb67702#reorder_2_0_1_3_4_5_delta (order for disjuncts: delta=<standard>).
[2026-10-08 00:57:21] (0s) Starting to evaluate predicate FlowSummaryImpl::Private::isCallbackParameter/1#e883ddd1/1@i7#489c83w2 (iteration 7)
[2026-10-08 00:57:21] (0s) 			 - FlowSummaryImpl::Private::isCallbackParameter/1#e883ddd1_delta has 6 rows (order for disjuncts: delta=<standard>).
[2026-10-08 00:57:21] (0s) Starting to evaluate predicate FlowSummaryImpl::Private::SummaryComponentStack.bottom/0#a87b4264/2@i7#489c81w2 (iteration 7)
[2026-10-08 00:57:21] (0s) Empty delta for FlowSummaryImpl::Private::SummaryComponentStack.bottom/0#a87b4264_delta (order for disjuncts: delta=<standard>).
[2026-10-08 00:57:21] (0s) 			 - ApplyExpr::ApplyExpr.getStaticTarget/0#dispred#43fd147e#fb_delta has 5170 rows (order for disjuncts: delta=0).
[2026-10-08 00:57:21] (0s) Starting to evaluate predicate FlowSummaryImpl::Private::isContentOfArgument/2#b24179f4/2@i7#489c80w2 (iteration 7)
[2026-10-08 00:57:21] (0s) Starting to evaluate predicate ApplyExpr::ApplyExpr.getStaticTarget/0#dispred#43fd147e#fb/2@i2#efe10w9e (iteration 2)
[2026-10-08 00:57:21] (0s) 			 - FlowSummaryImpl::Private::isContentOfArgument/2#b24179f4_delta has 7 rows (order for disjuncts: delta=<standard>).
[2026-10-08 00:57:21] (0s) Empty delta for ApplyExpr::ApplyExpr.getStaticTarget/0#dispred#43fd147e#fb_delta (order for disjuncts: delta=<standard>).
[2026-10-08 00:57:21] (0s) Starting to evaluate predicate FlowSummaryImpl::Private::isContentOfArgument/2#b24179f4#reorder_1_0/2@i7#489c8jw2 (iteration 7)
[2026-10-08 00:57:21] (0s) Accumulating deltas
[2026-10-08 00:57:21] (0s) 			 - FlowSummaryImpl::Private::isContentOfArgument/2#b24179f4#reorder_1_0_delta has 7 rows (order for disjuncts: delta=<standard>).
[2026-10-08 00:57:21] (0s)  >>> Created relation ApplyExpr::ApplyExpr.getStaticTarget/0#dispred#43fd147e#fb/2@efe10w9e with 5170 rows and digest 09ec5ede2q20mbo950ovr6orr8c.
[2026-10-08 00:57:21] (0s) Starting to evaluate predicate ApplyExpr::ApplyExpr.getStaticTarget/0#dispred#43fd147e#fb_10#join_rhs/2@49e1752p
[2026-10-08 00:57:21] (0s) Starting to evaluate predicate FlowSummaryImpl::Private::TConsSummaryComponentStack#dom#b699b247/2@i8#489c8iw2 (iteration 8)
[2026-10-08 00:57:21] (0s) 			 - FlowSummaryImpl::Private::TConsSummaryComponentStack#dom#b699b247_delta has 10 rows (order for disjuncts: delta=<standard>).
[2026-10-08 00:57:21] (0s) Starting to evaluate predicate FlowSummaryImpl::Private::External::interpretSpec/3#74d70fe5/3@i8#489c8hw2 (iteration 8)
[2026-10-08 00:57:21] (0s)  >>> Created relation ApplyExpr::ApplyExpr.getStaticTarget/0#dispred#43fd147e#fb_10#join_rhs/2@49e1752p with 5170 rows and digest fdedf5g8hptcrmgsr28hfftq7ae.
[2026-10-08 00:57:21] (0s) Empty delta for FlowSummaryImpl::Private::External::interpretSpec/3#74d70fe5_delta (order for disjuncts: delta=<standard>).
[2026-10-08 00:57:21] (0s) Starting to evaluate predicate FlowSummaryImpl::Private::SummaryComponentStack.drop/1#32628814/3@i8#489c8fw2 (iteration 8)
[2026-10-08 00:57:21] (0s) Empty delta for FlowSummaryImpl::Private::SummaryComponentStack.drop/1#32628814_delta (order for disjuncts: delta=<standard>).
[2026-10-08 00:57:21] (0s) Starting to evaluate predicate BitwiseOperation::BinaryBitwiseOperation#2041b93e/1@e66834m9
[2026-10-08 00:57:21] (0s) Starting to evaluate predicate FlowSummaryImpl::Private::summary/5#3148d7fd#reorder_1_3_0_2_4/5@i8#489c8cw2 (iteration 8)
[2026-10-08 00:57:21] (0s) Empty delta for FlowSummaryImpl::Private::summary/5#3148d7fd#reorder_1_3_0_2_4_delta (order for disjuncts: delta=<standard>).
[2026-10-08 00:57:21] (0s) Starting to evaluate predicate FlowSummaryImpl::Private::derivedFluentFlowPush/6#68d6c632#reorder_2_5_0_1_3_4/6@i8#489c89w2 (iteration 8)
[2026-10-08 00:57:21] (0s) Empty delta for FlowSummaryImpl::Private::derivedFluentFlowPush/6#68d6c632#reorder_2_5_0_1_3_4_delta (order for disjuncts: delta=<standard>).
[2026-10-08 00:57:21] (0s) Starting to evaluate predicate FlowSummaryImpl::Private::derivedFluentFlow/6#aeb67702#reorder_2_0_1_3_4_5/6@i8#489c87w2 (iteration 8)
[2026-10-08 00:57:21] (0s) Empty delta for FlowSummaryImpl::Private::derivedFluentFlow/6#aeb67702#reorder_2_0_1_3_4_5_delta (order for disjuncts: delta=<standard>).
[2026-10-08 00:57:21] (0s) Starting to evaluate predicate FlowSummaryImpl::Private::isContentOfArgument/2#b24179f4/2@i8#489c80w2 (iteration 8)
[2026-10-08 00:57:21] (0s) Empty delta for FlowSummaryImpl::Private::isContentOfArgument/2#b24179f4_delta (order for disjuncts: delta=<standard>).
[2026-10-08 00:57:21] (0s) Starting to evaluate predicate FlowSummaryImpl::Private::SummarizedCallableImpl.propagatesFlow/6#dispred#29222477#reorder_1_3_0_2_4_5_6/7@i8#489c86w2 (iteration 8)
[2026-10-08 00:57:21] (0s) 			 - FlowSummaryImpl::Private::SummarizedCallableImpl.propagatesFlow/6#dispred#29222477#reorder_1_3_0_2_4_5_6_delta has 736 rows (order for disjuncts: delta=<standard>).
[2026-10-08 00:57:21] (0s) Starting to evaluate predicate FlowSummaryImpl::Private::SummarizedCallableImpl.propagatesFlow/6#dispred#29222477#reorder_2_3_0_1_4_5_6/7@i8#489c85w2 (iteration 8)
[2026-10-08 00:57:21] (0s) 			 - FlowSummaryImpl::Private::SummarizedCallableImpl.propagatesFlow/6#dispred#29222477#reorder_2_3_0_1_4_5_6_delta has 736 rows (order for disjuncts: delta=<standard>).
[2026-10-08 00:57:21] (0s) Starting to evaluate predicate FlowSummaryImpl::Private::SummarizedCallableImpl.propagatesFlow/6#dispred#29222477#reorder_0_1_4_5_6_2_3/7@i8#489c8xo2 (iteration 8)
[2026-10-08 00:57:21] (0s) 			 - FlowSummaryImpl::Private::SummarizedCallableImpl.propagatesFlow/6#dispred#29222477#reorder_0_1_4_5_6_2_3_delta has 736 rows (order for disjuncts: delta=<standard>).
[2026-10-08 00:57:21] (0s) Starting to evaluate predicate FlowSummaryImpl::Private::SummarizedCallableImpl.propagatesFlow/6#dispred#29222477#reorder_0_2_4_5_6_1_3/7@i8#489c8wo2 (iteration 8)
[2026-10-08 00:57:21] (0s) 			 - FlowSummaryImpl::Private::SummarizedCallableImpl.propagatesFlow/6#dispred#29222477#reorder_0_2_4_5_6_1_3_delta has 736 rows (order for disjuncts: delta=<standard>).
[2026-10-08 00:57:21] (0s) Starting to evaluate predicate FlowSummaryImpl::Private::summary/5#3148d7fd#reorder_1_3_0_2_4/5@i9#489c8cw2 (iteration 9)
[2026-10-08 00:57:21] (0s) 			 - FlowSummaryImpl::Private::summary/5#3148d7fd#reorder_1_3_0_2_4_delta has 837 rows (order for disjuncts: delta=<standard>).
[2026-10-08 00:57:21] (0s) Starting to evaluate predicate FlowSummaryImpl::Private::summary/5#3148d7fd#reorder_2_3_0_1_4/5@i9#489c8bw2 (iteration 9)
[2026-10-08 00:57:21] (0s) 			 - FlowSummaryImpl::Private::summary/5#3148d7fd#reorder_2_3_0_1_4_delta has 837 rows (order for disjuncts: delta=<standard>).
[2026-10-08 00:57:21] (0s) Starting to evaluate predicate FlowSummaryImpl::Private::summary/5#3148d7fd#reorder_0_2_1_3_4/5@i9#489c8aw2 (iteration 9)
[2026-10-08 00:57:21] (0s) 			 - FlowSummaryImpl::Private::summary/5#3148d7fd#reorder_0_2_1_3_4_delta has 837 rows (order for disjuncts: delta=<standard>).
[2026-10-08 00:57:21] (0s) Starting to evaluate predicate num#FlowSummaryImpl::Private::TConsSummaryComponentStack#67b2ab51/3@i9#489c8yo2 (iteration 9)
[2026-10-08 00:57:21] Evaluating HOP construct<FlowSummaryImpl#b5343dca::Make-Location#d34fd4c8::Location-DataFlowImplSpecific#ea056a88::SwiftDataFlow-FlowSummaryImpl-dbf0bccf,1> with inputs:
                        10 tuples in FlowSummaryImpl::Private::TConsSummaryComponentStack#dom#b699b247#prev_delta
[2026-10-08 00:57:21] (0s) 			 - num#FlowSummaryImpl::Private::TConsSummaryComponentStack#67b2ab51_delta has 10 rows (order for disjuncts: delta=<standard>).
[2026-10-08 00:57:21] (0s)  >>> Created relation BitwiseOperation::BinaryBitwiseOperation#2041b93e/1@e66834m9 with 0 rows and digest THIS-RELATION-HAS-NO-TUPLES.
[2026-10-08 00:57:21] (0s) Starting to evaluate predicate BitwiseOperation::BitwiseOperation#c1514553/1@d71fe22f
[2026-10-08 00:57:21] (0s)  >>> Created relation BitwiseOperation::BitwiseOperation#c1514553/1@d71fe22f with 0 rows and digest THIS-RELATION-HAS-NO-TUPLES.
[2026-10-08 00:57:21] (0s) Inferred that BitwiseOperation::BitwiseOperation.getAnOperand/0#dispred#860ea8df/2@3f56577v is empty, due to BitwiseOperation::BitwiseOperation#c1514553/1@d71fe22f.
[2026-10-08 00:57:21] (0s) Starting to evaluate predicate FlowSummaryImpl::Private::derivedFluentFlow/6#aeb67702#reorder_2_0_1_3_4_5/6@i10#489c87w2 (iteration 10)
[2026-10-08 00:57:21] (0s) Starting to evaluate predicate ArithmeticOperation::BinaryArithmeticOperation#2b02161d/1@5caf50hl
[2026-10-08 00:57:21] (0s) Empty delta for FlowSummaryImpl::Private::derivedFluentFlow/6#aeb67702#reorder_2_0_1_3_4_5_delta (order for disjuncts: delta=<standard>).
[2026-10-08 00:57:21] (0s) Starting to evaluate predicate FlowSummaryImpl::Private::TConsSummaryComponentStack#67b2ab51#reorder_1_0_2/3@i10#489c8zo2 (iteration 10)
[2026-10-08 00:57:21] (0s) 			 - FlowSummaryImpl::Private::TConsSummaryComponentStack#67b2ab51#reorder_1_0_2_delta has 10 rows (order for disjuncts: delta=<standard>).
[2026-10-08 00:57:21] (0s) Starting to evaluate predicate FlowSummaryImpl::Private::TConsSummaryComponentStack#67b2ab51#reorder_2_0_1/3@i10#489c8gw2 (iteration 10)
[2026-10-08 00:57:21] (0s) 			 - FlowSummaryImpl::Private::TConsSummaryComponentStack#67b2ab51#reorder_2_0_1_delta has 10 rows (order for disjuncts: delta=<standard>).
[2026-10-08 00:57:21] (0s) Starting to evaluate predicate FlowSummaryImpl::Private::SummaryComponentStack.length/0#ee06481a/2@i11#489c8kw2 (iteration 11)
[2026-10-08 00:57:21] (0s) 			 - FlowSummaryImpl::Private::SummaryComponentStack.length/0#ee06481a_delta has 10 rows (order for disjuncts: delta=<standard>).
[2026-10-08 00:57:21] (0s) Starting to evaluate predicate FlowSummaryImpl::Private::External::interpretSpec/3#74d70fe5/3@i11#489c8hw2 (iteration 11)
[2026-10-08 00:57:21] (0s) 			 - FlowSummaryImpl::Private::External::interpretSpec/3#74d70fe5_delta has 10 rows (order for disjuncts: delta=<standard>).
[2026-10-08 00:57:21] (0s) Starting to evaluate predicate FlowSummaryImpl::Private::SummaryComponentStack.drop/1#32628814/3@i11#489c8fw2 (iteration 11)
[2026-10-08 00:57:21] (0s) Empty delta for FlowSummaryImpl::Private::SummaryComponentStack.drop/1#32628814_delta (order for disjuncts: delta=<standard>).
[2026-10-08 00:57:21] (0s) Starting to evaluate predicate FlowSummaryImpl::Private::summary/5#3148d7fd#reorder_1_3_0_2_4/5@i11#489c8cw2 (iteration 11)
[2026-10-08 00:57:21] (0s) Empty delta for FlowSummaryImpl::Private::summary/5#3148d7fd#reorder_1_3_0_2_4_delta (order for disjuncts: delta=<standard>).
[2026-10-08 00:57:21] (0s) Starting to evaluate predicate FlowSummaryImpl::Private::derivedFluentFlowPush/6#68d6c632#reorder_2_5_0_1_3_4/6@i11#489c89w2 (iteration 11)
[2026-10-08 00:57:21] (0s) Empty delta for FlowSummaryImpl::Private::derivedFluentFlowPush/6#68d6c632#reorder_2_5_0_1_3_4_delta (order for disjuncts: delta=<standard>).
[2026-10-08 00:57:21] (0s) Starting to evaluate predicate FlowSummaryImpl::Private::SummaryComponentStack#5325cec0/1@i11#489c84w2 (iteration 11)
[2026-10-08 00:57:21] (0s) 			 - FlowSummaryImpl::Private::SummaryComponentStack#5325cec0_delta has 10 rows (order for disjuncts: delta=<standard>).
[2026-10-08 00:57:21] (0s) Starting to evaluate predicate FlowSummaryImpl::Private::isCallbackParameter/1#e883ddd1/1@i11#489c83w2 (iteration 11)
[2026-10-08 00:57:21] (0s) Empty delta for FlowSummaryImpl::Private::isCallbackParameter/1#e883ddd1_delta (order for disjuncts: delta=<standard>).
[2026-10-08 00:57:21] (0s) Starting to evaluate predicate FlowSummaryImpl::Private::SummaryComponentStack.head/0#dispred#86557ad8/2@i11#489c82w2 (iteration 11)
[2026-10-08 00:57:21] (0s) 			 - FlowSummaryImpl::Private::SummaryComponentStack.head/0#dispred#86557ad8_delta has 10 rows (order for disjuncts: delta=<standard>).
[2026-10-08 00:57:21] (0s) Starting to evaluate predicate FlowSummaryImpl::Private::SummaryComponentStack.bottom/0#a87b4264/2@i11#489c81w2 (iteration 11)
[2026-10-08 00:57:21] (0s) 			 - FlowSummaryImpl::Private::SummaryComponentStack.bottom/0#a87b4264_delta has 10 rows (order for disjuncts: delta=<standard>).
[2026-10-08 00:57:21] (0s) Starting to evaluate predicate FlowSummaryImpl::Private::isContentOfArgument/2#b24179f4/2@i11#489c80w2 (iteration 11)
[2026-10-08 00:57:21] (0s) Empty delta for FlowSummaryImpl::Private::isContentOfArgument/2#b24179f4_delta (order for disjuncts: delta=<standard>).
[2026-10-08 00:57:21] (0s) Starting to evaluate predicate FlowSummaryImpl::Private::External::interpretSpec/2#ee7b44fb/2@i12#489c8lw2 (iteration 12)
[2026-10-08 00:57:21] (0s) 			 - FlowSummaryImpl::Private::External::interpretSpec/2#ee7b44fb_delta has 9 rows (order for disjuncts: delta=<standard>).
[2026-10-08 00:57:21] (0s) Starting to evaluate predicate FlowSummaryImpl::Private::SummaryComponentStack.length/0#ee06481a/2@i12#489c8kw2 (iteration 12)
[2026-10-08 00:57:21] (0s) Empty delta for FlowSummaryImpl::Private::SummaryComponentStack.length/0#ee06481a_delta (order for disjuncts: delta=<standard>).
[2026-10-08 00:57:21] (0s) Starting to evaluate predicate FlowSummaryImpl::Private::SummaryComponentStack.drop/1#32628814/3@i12#489c8fw2 (iteration 12)
[2026-10-08 00:57:21] (0s) 			 - FlowSummaryImpl::Private::SummaryComponentStack.drop/1#32628814_delta has 30 rows (order for disjuncts: delta=<standard>).
[2026-10-08 00:57:21] (0s) Starting to evaluate predicate FlowSummaryImpl::Private::SummaryComponentStack.drop/1#32628814#reorder_2_0_1/3@i12#489c8ew2 (iteration 12)
[2026-10-08 00:57:21] (0s) 			 - FlowSummaryImpl::Private::SummaryComponentStack.drop/1#32628814#reorder_2_0_1_delta has 30 rows (order for disjuncts: delta=<standard>).
[2026-10-08 00:57:21] (0s) Starting to evaluate predicate FlowSummaryImpl::Private::External::interpretSpec/4#d1f0bcf0#reorder_2_3_0_1/4@i12#489c8dw2 (iteration 12)
[2026-10-08 00:57:21] (0s) 			 - FlowSummaryImpl::Private::External::interpretSpec/4#d1f0bcf0#reorder_2_3_0_1_delta has 1 rows (order for disjuncts: delta=<standard>).
[2026-10-08 00:57:21] (0s) Starting to evaluate predicate FlowSummaryImpl::Private::summary/5#3148d7fd#reorder_1_3_0_2_4/5@i12#489c8cw2 (iteration 12)
[2026-10-08 00:57:21] (0s) Empty delta for FlowSummaryImpl::Private::summary/5#3148d7fd#reorder_1_3_0_2_4_delta (order for disjuncts: delta=<standard>).
[2026-10-08 00:57:21] (0s) Starting to evaluate predicate FlowSummaryImpl::Private::derivedFluentFlowPush/6#68d6c632#reorder_2_5_0_1_3_4/6@i12#489c89w2 (iteration 12)
[2026-10-08 00:57:21] (0s) Empty delta for FlowSummaryImpl::Private::derivedFluentFlowPush/6#68d6c632#reorder_2_5_0_1_3_4_delta (order for disjuncts: delta=<standard>).
[2026-10-08 00:57:21] (0s) Starting to evaluate predicate FlowSummaryImpl::Private::derivedFluentFlow/6#aeb67702#reorder_2_0_1_3_4_5/6@i12#489c87w2 (iteration 12)
[2026-10-08 00:57:21] (0s) Empty delta for FlowSummaryImpl::Private::derivedFluentFlow/6#aeb67702#reorder_2_0_1_3_4_5_delta (order for disjuncts: delta=<standard>).
[2026-10-08 00:57:21] (0s) Starting to evaluate predicate FlowSummaryImpl::Private::isCallbackParameter/1#e883ddd1/1@i12#489c83w2 (iteration 12)
[2026-10-08 00:57:21] (0s) Empty delta for FlowSummaryImpl::Private::isCallbackParameter/1#e883ddd1_delta (order for disjuncts: delta=<standard>).
[2026-10-08 00:57:21] (0s) Starting to evaluate predicate FlowSummaryImpl::Private::SummaryComponentStack.bottom/0#a87b4264/2@i12#489c81w2 (iteration 12)
[2026-10-08 00:57:21] (0s) Empty delta for FlowSummaryImpl::Private::SummaryComponentStack.bottom/0#a87b4264_delta (order for disjuncts: delta=<standard>).
[2026-10-08 00:57:21] (0s) Starting to evaluate predicate FlowSummaryImpl::Private::isContentOfArgument/2#b24179f4/2@i12#489c80w2 (iteration 12)
[2026-10-08 00:57:21] (0s) 			 - FlowSummaryImpl::Private::isContentOfArgument/2#b24179f4_delta has 4 rows (order for disjuncts: delta=<standard>).
[2026-10-08 00:57:21] (0s) Starting to evaluate predicate FlowSummaryImpl::Private::isContentOfArgument/2#b24179f4#reorder_1_0/2@i12#489c8jw2 (iteration 12)
[2026-10-08 00:57:21] (0s) 			 - FlowSummaryImpl::Private::isContentOfArgument/2#b24179f4#reorder_1_0_delta has 4 rows (order for disjuncts: delta=<standard>).
[2026-10-08 00:57:21] (0s)  >>> Created relation ArithmeticOperation::BinaryArithmeticOperation#2b02161d/1@5caf50hl with 0 rows and digest THIS-RELATION-HAS-NO-TUPLES.
[2026-10-08 00:57:21] (0s) Starting to evaluate predicate FlowSummaryImpl::Private::TConsSummaryComponentStack#dom#b699b247/2@i13#489c8iw2 (iteration 13)
[2026-10-08 00:57:21] (0s) 			 - FlowSummaryImpl::Private::TConsSummaryComponentStack#dom#b699b247_delta has 1 rows (order for disjuncts: delta=<standard>).
[2026-10-08 00:57:21] (0s) Starting to evaluate predicate FlowSummaryImpl::Private::External::interpretSpec/3#74d70fe5/3@i13#489c8hw2 (iteration 13)
[2026-10-08 00:57:21] (0s) Empty delta for FlowSummaryImpl::Private::External::interpretSpec/3#74d70fe5_delta (order for disjuncts: delta=<standard>).
[2026-10-08 00:57:21] (0s) Starting to evaluate predicate FlowSummaryImpl::Private::SummaryComponentStack.drop/1#32628814/3@i13#489c8fw2 (iteration 13)
[2026-10-08 00:57:21] (0s)  >>> Created relation ArithmeticOperation::ArithmeticOperation#f3d119c6/1@fc0d283b with 0 rows and digest THIS-RELATION-HAS-NO-TUPLES.
[2026-10-08 00:57:21] (0s) Inferred that ArithmeticOperation::ArithmeticOperation.getAnOperand/0#dispred#ea4af197/2@865a5f9e is empty, due to ArithmeticOperation::ArithmeticOperation#f3d119c6/1@fc0d283b.
[2026-10-08 00:57:21] (0s) Empty delta for FlowSummaryImpl::Private::SummaryComponentStack.drop/1#32628814_delta (order for disjuncts: delta=<standard>).
[2026-10-08 00:57:21] (0s) Starting to evaluate predicate ApplyExpr::Generated::ApplyExpr.getArgument/1#dispred#6fb5e17f_120#join_rhs/3@0fea145j
[2026-10-08 00:57:21] (0s)  >>> Created relation ApplyExpr::Generated::ApplyExpr.getArgument/1#dispred#6fb5e17f_120#join_rhs/3@0fea145j with 4305 rows and digest 36564473a6h539h88ck8133c28f.
[2026-10-08 00:57:21] (0s) Starting to evaluate predicate BinaryExpr::BinaryExpr.getRightOperand/0#dispred#f960358b/2@6866ef0g
[2026-10-08 00:57:21] (0s) Starting to evaluate predicate FlowSummaryImpl::Private::summary/5#3148d7fd#reorder_1_3_0_2_4/5@i13#489c8cw2 (iteration 13)
[2026-10-08 00:57:21] (0s)  >>> Created relation BinaryExpr::BinaryExpr.getRightOperand/0#dispred#f960358b/2@6866ef0g with 1 rows and digest 9a975fo6v9ta4fc201utl3iathe.
[2026-10-08 00:57:21] (0s) Starting to evaluate predicate Assignment::AssignOperation#fd886dd2/1@1ffc3c6l
[2026-10-08 00:57:21] (0s) Empty delta for FlowSummaryImpl::Private::summary/5#3148d7fd#reorder_1_3_0_2_4_delta (order for disjuncts: delta=<standard>).
[2026-10-08 00:57:21] (0s) Starting to evaluate predicate FlowSummaryImpl::Private::derivedFluentFlowPush/6#68d6c632#reorder_2_5_0_1_3_4/6@i13#489c89w2 (iteration 13)
[2026-10-08 00:57:21] (0s) Empty delta for FlowSummaryImpl::Private::derivedFluentFlowPush/6#68d6c632#reorder_2_5_0_1_3_4_delta (order for disjuncts: delta=<standard>).
[2026-10-08 00:57:21] (0s) Starting to evaluate predicate FlowSummaryImpl::Private::derivedFluentFlow/6#aeb67702#reorder_2_0_1_3_4_5/6@i13#489c87w2 (iteration 13)
[2026-10-08 00:57:21] (0s) Empty delta for FlowSummaryImpl::Private::derivedFluentFlow/6#aeb67702#reorder_2_0_1_3_4_5_delta (order for disjuncts: delta=<standard>).
[2026-10-08 00:57:21] (0s) Starting to evaluate predicate FlowSummaryImpl::Private::isContentOfArgument/2#b24179f4/2@i13#489c80w2 (iteration 13)
[2026-10-08 00:57:21] (0s) Empty delta for FlowSummaryImpl::Private::isContentOfArgument/2#b24179f4_delta (order for disjuncts: delta=<standard>).
[2026-10-08 00:57:21] (0s) Starting to evaluate predicate FlowSummaryImpl::Private::SummarizedCallableImpl.propagatesFlow/6#dispred#29222477#reorder_1_3_0_2_4_5_6/7@i13#489c86w2 (iteration 13)
[2026-10-08 00:57:21] (0s) 			 - FlowSummaryImpl::Private::SummarizedCallableImpl.propagatesFlow/6#dispred#29222477#reorder_1_3_0_2_4_5_6_delta has 190 rows (order for disjuncts: delta=<standard>).
[2026-10-08 00:57:21] (0s) Starting to evaluate predicate FlowSummaryImpl::Private::SummarizedCallableImpl.propagatesFlow/6#dispred#29222477#reorder_2_3_0_1_4_5_6/7@i13#489c85w2 (iteration 13)
[2026-10-08 00:57:21] (0s) 			 - FlowSummaryImpl::Private::SummarizedCallableImpl.propagatesFlow/6#dispred#29222477#reorder_2_3_0_1_4_5_6_delta has 190 rows (order for disjuncts: delta=<standard>).
[2026-10-08 00:57:21] (0s) Starting to evaluate predicate FlowSummaryImpl::Private::SummarizedCallableImpl.propagatesFlow/6#dispred#29222477#reorder_0_1_4_5_6_2_3/7@i13#489c8xo2 (iteration 13)
[2026-10-08 00:57:21] (0s) 			 - FlowSummaryImpl::Private::SummarizedCallableImpl.propagatesFlow/6#dispred#29222477#reorder_0_1_4_5_6_2_3_delta has 190 rows (order for disjuncts: delta=<standard>).
[2026-10-08 00:57:21] (0s) Starting to evaluate predicate FlowSummaryImpl::Private::SummarizedCallableImpl.propagatesFlow/6#dispred#29222477#reorder_0_2_4_5_6_1_3/7@i13#489c8wo2 (iteration 13)
[2026-10-08 00:57:21] (0s) 			 - FlowSummaryImpl::Private::SummarizedCallableImpl.propagatesFlow/6#dispred#29222477#reorder_0_2_4_5_6_1_3_delta has 190 rows (order for disjuncts: delta=<standard>).
[2026-10-08 00:57:21] (0s) Starting to evaluate predicate FlowSummaryImpl::Private::summary/5#3148d7fd#reorder_1_3_0_2_4/5@i14#489c8cw2 (iteration 14)
[2026-10-08 00:57:21] (0s) 			 - FlowSummaryImpl::Private::summary/5#3148d7fd#reorder_1_3_0_2_4_delta has 237 rows (order for disjuncts: delta=<standard>).
[2026-10-08 00:57:21] (0s) Starting to evaluate predicate FlowSummaryImpl::Private::summary/5#3148d7fd#reorder_2_3_0_1_4/5@i14#489c8bw2 (iteration 14)
[2026-10-08 00:57:21] (0s) 			 - FlowSummaryImpl::Private::summary/5#3148d7fd#reorder_2_3_0_1_4_delta has 237 rows (order for disjuncts: delta=<standard>).
[2026-10-08 00:57:21] (0s) Starting to evaluate predicate FlowSummaryImpl::Private::summary/5#3148d7fd#reorder_0_2_1_3_4/5@i14#489c8aw2 (iteration 14)
[2026-10-08 00:57:21] (0s) 			 - FlowSummaryImpl::Private::summary/5#3148d7fd#reorder_0_2_1_3_4_delta has 237 rows (order for disjuncts: delta=<standard>).
[2026-10-08 00:57:21] (0s) Starting to evaluate predicate num#FlowSummaryImpl::Private::TConsSummaryComponentStack#67b2ab51/3@i14#489c8yo2 (iteration 14)
[2026-10-08 00:57:21] Evaluating HOP construct<FlowSummaryImpl#b5343dca::Make-Location#d34fd4c8::Location-DataFlowImplSpecific#ea056a88::SwiftDataFlow-FlowSummaryImpl-dbf0bccf,1> with inputs:
                        1 tuples in FlowSummaryImpl::Private::TConsSummaryComponentStack#dom#b699b247#prev_delta
[2026-10-08 00:57:21] (0s) 			 - num#FlowSummaryImpl::Private::TConsSummaryComponentStack#67b2ab51_delta has 1 rows (order for disjuncts: delta=<standard>).
[2026-10-08 00:57:21] (0s) Starting to evaluate predicate FlowSummaryImpl::Private::derivedFluentFlow/6#aeb67702#reorder_2_0_1_3_4_5/6@i15#489c87w2 (iteration 15)
[2026-10-08 00:57:21] (0s) Empty delta for FlowSummaryImpl::Private::derivedFluentFlow/6#aeb67702#reorder_2_0_1_3_4_5_delta (order for disjuncts: delta=<standard>).
[2026-10-08 00:57:21] (0s) Starting to evaluate predicate FlowSummaryImpl::Private::TConsSummaryComponentStack#67b2ab51#reorder_1_0_2/3@i15#489c8zo2 (iteration 15)
[2026-10-08 00:57:21] (0s) 			 - FlowSummaryImpl::Private::TConsSummaryComponentStack#67b2ab51#reorder_1_0_2_delta has 1 rows (order for disjuncts: delta=<standard>).
[2026-10-08 00:57:21] (0s) Starting to evaluate predicate FlowSummaryImpl::Private::TConsSummaryComponentStack#67b2ab51#reorder_2_0_1/3@i15#489c8gw2 (iteration 15)
[2026-10-08 00:57:21] (0s) 			 - FlowSummaryImpl::Private::TConsSummaryComponentStack#67b2ab51#reorder_2_0_1_delta has 1 rows (order for disjuncts: delta=<standard>).
[2026-10-08 00:57:21] (0s) Starting to evaluate predicate FlowSummaryImpl::Private::SummaryComponentStack.length/0#ee06481a/2@i16#489c8kw2 (iteration 16)
[2026-10-08 00:57:21] (0s) 			 - FlowSummaryImpl::Private::SummaryComponentStack.length/0#ee06481a_delta has 1 rows (order for disjuncts: delta=<standard>).
[2026-10-08 00:57:21] (0s) Starting to evaluate predicate FlowSummaryImpl::Private::External::interpretSpec/3#74d70fe5/3@i16#489c8hw2 (iteration 16)
[2026-10-08 00:57:21] (0s) 			 - FlowSummaryImpl::Private::External::interpretSpec/3#74d70fe5_delta has 1 rows (order for disjuncts: delta=<standard>).
[2026-10-08 00:57:21] (0s) Starting to evaluate predicate FlowSummaryImpl::Private::SummaryComponentStack.drop/1#32628814/3@i16#489c8fw2 (iteration 16)
[2026-10-08 00:57:21] (0s) Empty delta for FlowSummaryImpl::Private::SummaryComponentStack.drop/1#32628814_delta (order for disjuncts: delta=<standard>).
[2026-10-08 00:57:21] (0s) Starting to evaluate predicate FlowSummaryImpl::Private::summary/5#3148d7fd#reorder_1_3_0_2_4/5@i16#489c8cw2 (iteration 16)
[2026-10-08 00:57:21] (0s) Empty delta for FlowSummaryImpl::Private::summary/5#3148d7fd#reorder_1_3_0_2_4_delta (order for disjuncts: delta=<standard>).
[2026-10-08 00:57:21] (0s) Starting to evaluate predicate FlowSummaryImpl::Private::derivedFluentFlowPush/6#68d6c632#reorder_2_5_0_1_3_4/6@i16#489c89w2 (iteration 16)
[2026-10-08 00:57:21] (0s) Empty delta for FlowSummaryImpl::Private::derivedFluentFlowPush/6#68d6c632#reorder_2_5_0_1_3_4_delta (order for disjuncts: delta=<standard>).
[2026-10-08 00:57:21] (0s) Starting to evaluate predicate FlowSummaryImpl::Private::SummaryComponentStack#5325cec0/1@i16#489c84w2 (iteration 16)
[2026-10-08 00:57:21] (0s) 			 - FlowSummaryImpl::Private::SummaryComponentStack#5325cec0_delta has 1 rows (order for disjuncts: delta=<standard>).
[2026-10-08 00:57:21] (0s) Starting to evaluate predicate FlowSummaryImpl::Private::isCallbackParameter/1#e883ddd1/1@i16#489c83w2 (iteration 16)
[2026-10-08 00:57:21] (0s) Empty delta for FlowSummaryImpl::Private::isCallbackParameter/1#e883ddd1_delta (order for disjuncts: delta=<standard>).
[2026-10-08 00:57:21] (0s) Starting to evaluate predicate FlowSummaryImpl::Private::SummaryComponentStack.head/0#dispred#86557ad8/2@i16#489c82w2 (iteration 16)
[2026-10-08 00:57:21] (0s) 			 - FlowSummaryImpl::Private::SummaryComponentStack.head/0#dispred#86557ad8_delta has 1 rows (order for disjuncts: delta=<standard>).
[2026-10-08 00:57:21] (0s) Starting to evaluate predicate FlowSummaryImpl::Private::SummaryComponentStack.bottom/0#a87b4264/2@i16#489c81w2 (iteration 16)
[2026-10-08 00:57:21] (0s) 			 - FlowSummaryImpl::Private::SummaryComponentStack.bottom/0#a87b4264_delta has 1 rows (order for disjuncts: delta=<standard>).
[2026-10-08 00:57:21] (0s) Starting to evaluate predicate FlowSummaryImpl::Private::isContentOfArgument/2#b24179f4/2@i16#489c80w2 (iteration 16)
[2026-10-08 00:57:21] (0s) Empty delta for FlowSummaryImpl::Private::isContentOfArgument/2#b24179f4_delta (order for disjuncts: delta=<standard>).
[2026-10-08 00:57:21] (0s) Starting to evaluate predicate FlowSummaryImpl::Private::External::interpretSpec/2#ee7b44fb/2@i17#489c8lw2 (iteration 17)
[2026-10-08 00:57:21] (0s) 			 - FlowSummaryImpl::Private::External::interpretSpec/2#ee7b44fb_delta has 1 rows (order for disjuncts: delta=<standard>).
[2026-10-08 00:57:21] (0s) Starting to evaluate predicate FlowSummaryImpl::Private::SummaryComponentStack.length/0#ee06481a/2@i17#489c8kw2 (iteration 17)
[2026-10-08 00:57:21] (0s) Empty delta for FlowSummaryImpl::Private::SummaryComponentStack.length/0#ee06481a_delta (order for disjuncts: delta=<standard>).
[2026-10-08 00:57:21] (0s) Starting to evaluate predicate FlowSummaryImpl::Private::SummaryComponentStack.drop/1#32628814/3@i17#489c8fw2 (iteration 17)
[2026-10-08 00:57:21] (0s) 			 - FlowSummaryImpl::Private::SummaryComponentStack.drop/1#32628814_delta has 4 rows (order for disjuncts: delta=<standard>).
[2026-10-08 00:57:21] (0s) Starting to evaluate predicate FlowSummaryImpl::Private::SummaryComponentStack.drop/1#32628814#reorder_2_0_1/3@i17#489c8ew2 (iteration 17)
[2026-10-08 00:57:21] (0s) 			 - FlowSummaryImpl::Private::SummaryComponentStack.drop/1#32628814#reorder_2_0_1_delta has 4 rows (order for disjuncts: delta=<standard>).
[2026-10-08 00:57:21] (0s) Starting to evaluate predicate FlowSummaryImpl::Private::External::interpretSpec/4#d1f0bcf0#reorder_2_3_0_1/4@i17#489c8dw2 (iteration 17)
[2026-10-08 00:57:21] (0s) Empty delta for FlowSummaryImpl::Private::External::interpretSpec/4#d1f0bcf0#reorder_2_3_0_1_delta (order for disjuncts: delta=<standard>).
[2026-10-08 00:57:21] (0s) Starting to evaluate predicate FlowSummaryImpl::Private::summary/5#3148d7fd#reorder_1_3_0_2_4/5@i17#489c8cw2 (iteration 17)
[2026-10-08 00:57:21] (0s) Empty delta for FlowSummaryImpl::Private::summary/5#3148d7fd#reorder_1_3_0_2_4_delta (order for disjuncts: delta=<standard>).
[2026-10-08 00:57:21] (0s) Starting to evaluate predicate FlowSummaryImpl::Private::derivedFluentFlowPush/6#68d6c632#reorder_2_5_0_1_3_4/6@i17#489c89w2 (iteration 17)
[2026-10-08 00:57:21] (0s) Empty delta for FlowSummaryImpl::Private::derivedFluentFlowPush/6#68d6c632#reorder_2_5_0_1_3_4_delta (order for disjuncts: delta=<standard>).
[2026-10-08 00:57:21] (0s) Starting to evaluate predicate FlowSummaryImpl::Private::derivedFluentFlow/6#aeb67702#reorder_2_0_1_3_4_5/6@i17#489c87w2 (iteration 17)
[2026-10-08 00:57:21] (0s) Empty delta for FlowSummaryImpl::Private::derivedFluentFlow/6#aeb67702#reorder_2_0_1_3_4_5_delta (order for disjuncts: delta=<standard>).
[2026-10-08 00:57:21] (0s) Starting to evaluate predicate FlowSummaryImpl::Private::isCallbackParameter/1#e883ddd1/1@i17#489c83w2 (iteration 17)
[2026-10-08 00:57:21] (0s) Empty delta for FlowSummaryImpl::Private::isCallbackParameter/1#e883ddd1_delta (order for disjuncts: delta=<standard>).
[2026-10-08 00:57:21] (0s) Starting to evaluate predicate FlowSummaryImpl::Private::SummaryComponentStack.bottom/0#a87b4264/2@i17#489c81w2 (iteration 17)
[2026-10-08 00:57:21] (0s) Empty delta for FlowSummaryImpl::Private::SummaryComponentStack.bottom/0#a87b4264_delta (order for disjuncts: delta=<standard>).
[2026-10-08 00:57:21] (0s) Starting to evaluate predicate FlowSummaryImpl::Private::isContentOfArgument/2#b24179f4/2@i17#489c80w2 (iteration 17)
[2026-10-08 00:57:21] (0s) Empty delta for FlowSummaryImpl::Private::isContentOfArgument/2#b24179f4_delta (order for disjuncts: delta=<standard>).
[2026-10-08 00:57:21] (0s) Starting to evaluate predicate FlowSummaryImpl::Private::SummaryComponentStack.drop/1#32628814/3@i18#489c8fw2 (iteration 18)
[2026-10-08 00:57:21] (0s) Empty delta for FlowSummaryImpl::Private::SummaryComponentStack.drop/1#32628814_delta (order for disjuncts: delta=<standard>).
[2026-10-08 00:57:21] (0s) Starting to evaluate predicate FlowSummaryImpl::Private::summary/5#3148d7fd#reorder_1_3_0_2_4/5@i18#489c8cw2 (iteration 18)
[2026-10-08 00:57:21] (0s) Empty delta for FlowSummaryImpl::Private::summary/5#3148d7fd#reorder_1_3_0_2_4_delta (order for disjuncts: delta=<standard>).
[2026-10-08 00:57:21] (0s) Starting to evaluate predicate FlowSummaryImpl::Private::derivedFluentFlowPush/6#68d6c632#reorder_2_5_0_1_3_4/6@i18#489c89w2 (iteration 18)
[2026-10-08 00:57:21] (0s) Empty delta for FlowSummaryImpl::Private::derivedFluentFlowPush/6#68d6c632#reorder_2_5_0_1_3_4_delta (order for disjuncts: delta=<standard>).
[2026-10-08 00:57:21] (0s)  >>> Created relation Assignment::AssignOperation#fd886dd2/1@1ffc3c6l with 0 rows and digest THIS-RELATION-HAS-NO-TUPLES.
[2026-10-08 00:57:21] (0s) Inferred that Assignment::AssignOperation.getDest/0#dispred#9b53fdf0/2@a0b59e0i is empty, due to Assignment::AssignOperation#fd886dd2/1@1ffc3c6l.
[2026-10-08 00:57:21] (0s) Starting to evaluate predicate FlowSummaryImpl::Private::SummarizedCallableImpl.propagatesFlow/6#dispred#29222477#reorder_1_3_0_2_4_5_6/7@i18#489c86w2 (iteration 18)
[2026-10-08 00:57:21] (0s) Inferred that Assignment::AssignOperation.getSource/0#dispred#ce0d9f6f/2@38ecb67d is empty, due to Assignment::AssignOperation#fd886dd2/1@1ffc3c6l.
[2026-10-08 00:57:21] (0s) 			 - FlowSummaryImpl::Private::SummarizedCallableImpl.propagatesFlow/6#dispred#29222477#reorder_1_3_0_2_4_5_6_delta has 1 rows (order for disjuncts: delta=<standard>).
[2026-10-08 00:57:21] (0s) Starting to evaluate predicate FlowSummaryImpl::Private::SummarizedCallableImpl.propagatesFlow/6#dispred#29222477#reorder_2_3_0_1_4_5_6/7@i18#489c85w2 (iteration 18)
[2026-10-08 00:57:21] (0s) 			 - FlowSummaryImpl::Private::SummarizedCallableImpl.propagatesFlow/6#dispred#29222477#reorder_2_3_0_1_4_5_6_delta has 1 rows (order for disjuncts: delta=<standard>).
[2026-10-08 00:57:21] (0s) Starting to evaluate predicate m#FlowSummaryImpl::Private::Steps::summaryLocalStepImpl/4#808888f6#ffbf/1@14428aur
[2026-10-08 00:57:21] (0s) Starting to evaluate predicate FlowSummaryImpl::Private::SummarizedCallableImpl.propagatesFlow/6#dispred#29222477#reorder_0_1_4_5_6_2_3/7@i18#489c8xo2 (iteration 18)
[2026-10-08 00:57:21] (0s) 			 - FlowSummaryImpl::Private::SummarizedCallableImpl.propagatesFlow/6#dispred#29222477#reorder_0_1_4_5_6_2_3_delta has 1 rows (order for disjuncts: delta=<standard>).
[2026-10-08 00:57:21] (0s)  >>> Created relation m#FlowSummaryImpl::Private::Steps::summaryLocalStepImpl/4#808888f6#ffbf/1@14428aur with 2 rows and digest 3507f8bm05kddme44vro5gg3kj1.
[2026-10-08 00:57:21] (0s) Starting to evaluate predicate FlowSummaryImpl::Private::SummarizedCallableImpl.propagatesFlow/6#dispred#29222477#reorder_0_2_4_5_6_1_3/7@i18#489c8wo2 (iteration 18)
[2026-10-08 00:57:21] (0s) 			 - FlowSummaryImpl::Private::SummarizedCallableImpl.propagatesFlow/6#dispred#29222477#reorder_0_2_4_5_6_1_3_delta has 1 rows (order for disjuncts: delta=<standard>).
[2026-10-08 00:57:21] (0s) Starting to evaluate predicate num#Unit::TMkUnit#de46f2e6/1@d1a4ec9s
[2026-10-08 00:57:21] Evaluating HOP construct<Unit#54592529::TUnit,0> with inputs:
                        1 tuples in DataFlowImplCommon::Cached::forceCachingInSameStage/0#cc97347d/0@dab1424s
[2026-10-08 00:57:21] (0s) Starting to evaluate predicate FlowSummaryImpl::Private::summary/5#3148d7fd#reorder_1_3_0_2_4/5@i19#489c8cw2 (iteration 19)
[2026-10-08 00:57:21] (0s) 			 - FlowSummaryImpl::Private::summary/5#3148d7fd#reorder_1_3_0_2_4_delta has 1 rows (order for disjuncts: delta=<standard>).
[2026-10-08 00:57:21] (0s) Starting to evaluate predicate FlowSummaryImpl::Private::summary/5#3148d7fd#reorder_2_3_0_1_4/5@i19#489c8bw2 (iteration 19)
[2026-10-08 00:57:21] (0s) 			 - FlowSummaryImpl::Private::summary/5#3148d7fd#reorder_2_3_0_1_4_delta has 1 rows (order for disjuncts: delta=<standard>).
[2026-10-08 00:57:21] (0s) Starting to evaluate predicate FlowSummaryImpl::Private::summary/5#3148d7fd#reorder_0_2_1_3_4/5@i19#489c8aw2 (iteration 19)
[2026-10-08 00:57:21] (0s) 			 - FlowSummaryImpl::Private::summary/5#3148d7fd#reorder_0_2_1_3_4_delta has 1 rows (order for disjuncts: delta=<standard>).
[2026-10-08 00:57:21] (0s)  >>> Created relation num#Unit::TMkUnit#de46f2e6/1@d1a4ec9s with 1 rows and digest 19f2cevarof1fbaqkctt3t43if4.
[2026-10-08 00:57:21] (0s) Starting to evaluate predicate Argument::Generated::Argument.getLabel/0#dispred#4e2864ed/2@e8c6a5hg
[2026-10-08 00:57:21] (0s)  >>> Created relation Argument::Generated::Argument.getLabel/0#dispred#4e2864ed/2@e8c6a5hg with 4306 rows and digest 9489f6vjok4hvug61gtvjeuev02.
[2026-10-08 00:57:21] (0s) Starting to evaluate predicate FlowSummaryImpl::Private::derivedFluentFlow/6#aeb67702#reorder_2_0_1_3_4_5/6@i20#489c87w2 (iteration 20)
[2026-10-08 00:57:21] (0s) Starting to evaluate predicate MethodCallExpr::MethodCallExpr#5a7758bf/1@f97faflp
[2026-10-08 00:57:21] (0s) Empty delta for FlowSummaryImpl::Private::derivedFluentFlow/6#aeb67702#reorder_2_0_1_3_4_5_delta (order for disjuncts: delta=<standard>).
[2026-10-08 00:57:21] (0s) Accumulating deltas
[2026-10-08 00:57:21] (0s)  >>> Created relation MethodCallExpr::MethodCallExpr#5a7758bf/1@f97faflp with 943 rows and digest 4d91d185c1lqmhiif8egorb1rnd.
[2026-10-08 00:57:21] (0s) Starting to evaluate predicate InitializerCallExpr::InitializerCallExpr#7ebbc922/1@fbc1a75k
[2026-10-08 00:57:21] (0s)  >>> Created relation InitializerCallExpr::InitializerCallExpr#7ebbc922/1@fbc1a75k with 941 rows and digest 513823io8s34jo63jrd11ghal20.
[2026-10-08 00:57:21] (0s) Starting to evaluate predicate decl_members_2#join_rhs/1@0704d97u
[2026-10-08 00:57:21] (0s)  >>> Created relation FlowSummaryImpl::Private::SummarizedCallableImpl.propagatesFlow/6#dispred#29222477#reorder_0_2_4_5_6_1_3/7@489c8wo2 with 2032 rows and digest 54487d6gf9tqbrle5ane1jjb2ea.
[2026-10-08 00:57:21] (0s)  >>> Created relation FlowSummaryImpl::Private::SummarizedCallableImpl.propagatesFlow/6#dispred#29222477#reorder_0_1_4_5_6_2_3/7@489c8xo2 with 2032 rows and digest e712badbh98281bkgifemtsmbp9.
[2026-10-08 00:57:21] (0s)  >>> Created relation num#FlowSummaryImpl::Private::TConsSummaryComponentStack#67b2ab51/3@489c8yo2 with 29 rows and digest e1b2b406se6v7t4ig8qtgsd6sa3.
[2026-10-08 00:57:21] (0s)  >>> Created relation FlowSummaryImpl::Private::TConsSummaryComponentStack#67b2ab51#reorder_1_0_2/3@489c8zo2 with 29 rows and digest f8f29872g9rr391eq013rms679a.
[2026-10-08 00:57:21] (0s)  >>> Created relation FlowSummaryImpl::Private::isContentOfArgument/2#b24179f4/2@489c80w2 with 15 rows and digest 65309doj9481kibt4k881c4sju8.
[2026-10-08 00:57:21] (0s)  >>> Created relation FlowSummaryImpl::Private::SummaryComponentStack.bottom/0#a87b4264/2@489c81w2 with 56119 rows and digest 70ef1bcdho478rjj6kcdi1vjpq4.
[2026-10-08 00:57:21] (0s)  >>> Created relation FlowSummaryImpl::Private::SummaryComponentStack.head/0#dispred#86557ad8/2@489c82w2 with 56119 rows and digest c3fb797tlihvn6g22sp5su9k38b.
[2026-10-08 00:57:21] (0s)  >>> Created relation FlowSummaryImpl::Private::isCallbackParameter/1#e883ddd1/1@489c83w2 with 6 rows and digest 66fcf086idgbnbmubnunptltal7.
[2026-10-08 00:57:21] (0s)  >>> Created relation FlowSummaryImpl::Private::SummaryComponentStack#5325cec0/1@489c84w2 with 56119 rows and digest 88055bijc06u660bbpbnd90l3se.
[2026-10-08 00:57:21] (0s)  >>> Created relation FlowSummaryImpl::Private::SummarizedCallableImpl.propagatesFlow/6#dispred#29222477#reorder_2_3_0_1_4_5_6/7@489c85w2 with 2032 rows and digest ceeab2vfh6ekjjhatpb7hq7qpu6.
[2026-10-08 00:57:21] (0s)  >>> Created relation FlowSummaryImpl::Private::SummarizedCallableImpl.propagatesFlow/6#dispred#29222477#reorder_1_3_0_2_4_5_6/7@489c86w2 with 2032 rows and digest 93ce301eafdlr5enil36t5vrjg4.
[2026-10-08 00:57:21] (0s)  >>> Created relation FlowSummaryImpl::Private::derivedFluentFlow/6#aeb67702#reorder_2_0_1_3_4_5/6@489c87w2 with 0 rows and digest THIS-RELATION-HAS-NO-TUPLES.
[2026-10-08 00:57:21] (0s)  >>> Created relation FlowSummaryImpl::Private::derivedFluentFlowPush/6#68d6c632#reorder_3_4_5_0_1_2/6@489c88w2 with 0 rows and digest THIS-RELATION-HAS-NO-TUPLES.
[2026-10-08 00:57:21] (0s)  >>> Created relation FlowSummaryImpl::Private::derivedFluentFlowPush/6#68d6c632#reorder_2_5_0_1_3_4/6@489c89w2 with 0 rows and digest THIS-RELATION-HAS-NO-TUPLES.
[2026-10-08 00:57:21] (0s)  >>> Created relation FlowSummaryImpl::Private::summary/5#3148d7fd#reorder_0_2_1_3_4/5@489c8aw2 with 2180 rows and digest 216ef7s3an5vqvfn7222dnqq0v7.
[2026-10-08 00:57:21] (0s)  >>> Created relation FlowSummaryImpl::Private::summary/5#3148d7fd#reorder_2_3_0_1_4/5@489c8bw2 with 2180 rows and digest b3fa96d3r73ln38b70il713ej22.
[2026-10-08 00:57:21] (0s)  >>> Created relation FlowSummaryImpl::Private::summary/5#3148d7fd#reorder_1_3_0_2_4/5@489c8cw2 with 2180 rows and digest 1c8024ig6lh0035cuiguoagv9e5.
[2026-10-08 00:57:21] (0s)  >>> Created relation FlowSummaryImpl::Private::External::interpretSpec/4#d1f0bcf0#reorder_2_3_0_1/4@489c8dw2 with 40 rows and digest 203249ek2t87f0gj5muqenrjm3f.
[2026-10-08 00:57:21] (0s)  >>> Created relation FlowSummaryImpl::Private::SummaryComponentStack.drop/1#32628814#reorder_2_0_1/3@489c8ew2 with 56160 rows and digest 3b2c332hia6c06h7g0dadkbqqnc.
[2026-10-08 00:57:21] (0s)  >>> Created relation FlowSummaryImpl::Private::SummaryComponentStack.drop/1#32628814/3@489c8fw2 with 56160 rows and digest 4f42797crf881bidc11oe9492q7.
[2026-10-08 00:57:21] (0s)  >>> Created relation FlowSummaryImpl::Private::TConsSummaryComponentStack#67b2ab51#reorder_2_0_1/3@489c8gw2 with 29 rows and digest 797bb9v8re8jq97fhjivg6qfve8.
[2026-10-08 00:57:21] (0s)  >>> Created relation FlowSummaryImpl::Private::External::interpretSpec/3#74d70fe5/3@489c8hw2 with 94 rows and digest ad879a7o8cnjathkeq9vsc1fhka.
[2026-10-08 00:57:21] (0s)  >>> Created relation FlowSummaryImpl::Private::TConsSummaryComponentStack#dom#b699b247/2@489c8iw2 with 29 rows and digest 138559tq9d3eda3t88cr26hkpo2.
[2026-10-08 00:57:21] (0s)  >>> Created relation FlowSummaryImpl::Private::isContentOfArgument/2#b24179f4#reorder_1_0/2@489c8jw2 with 15 rows and digest 408b041528r7nablsip4hock5sa.
[2026-10-08 00:57:21] (0s)  >>> Created relation FlowSummaryImpl::Private::SummaryComponentStack.length/0#ee06481a/2@489c8kw2 with 56119 rows and digest 723941mrccvfvokvah6bi22gc06.
[2026-10-08 00:57:21] (0s)  >>> Created relation FlowSummaryImpl::Private::External::interpretSpec/2#ee7b44fb/2@489c8lw2 with 44 rows and digest b7af92mglem8v7bqukq64a93nt0.
[2026-10-08 00:57:21] (0s)  >>> Created relation FlowSummaryImpl::Private::SummaryComponentStack::argument/1#15684b3b_1#join_rhs/1@5619b1qi with 4 rows and digest 2391db4f437hajhp9s1f4hfldsc.
[2026-10-08 00:57:21] (0s) Starting to evaluate predicate project#FlowSummaryImpl::Private::summary/5#3148d7fd/2@ffab3486
[2026-10-08 00:57:21] (0s)  >>> Created relation project#FlowSummaryImpl::Private::summary/5#3148d7fd/2@ffab3486 with 2072 rows and digest baa4640qp26gjdetaa9jkp1b6t5.
[2026-10-08 00:57:21] (0s) Starting to evaluate predicate project#FlowSummaryImpl::Private::summary/5#3148d7fd#2/2@eb792a8b
[2026-10-08 00:57:21] (0s)  >>> Created relation project#FlowSummaryImpl::Private::summary/5#3148d7fd#2/2@eb792a8b with 1855 rows and digest 1b90d6qvj5ct0ku0chnnipd9r65.
[2026-10-08 00:57:21] (0s) Starting to evaluate predicate FlowSummaryImpl::Private::TConsSummaryComponentStack#67b2ab51#reorder_1_0_2_20#join_rhs/2@2d5fb5m2
[2026-10-08 00:57:21] (0s)  >>> Created relation FlowSummaryImpl::Private::TConsSummaryComponentStack#67b2ab51#reorder_1_0_2_20#join_rhs/2@2d5fb5m2 with 29 rows and digest cb6c425so9rvdtleck89cqlclg0.
[2026-10-08 00:57:21] (0s) Starting to evaluate predicate FlowSummaryImpl::Private::outputState/2#0c8efb1a/2@i1#45592x79 (iteration 1)
[2026-10-08 00:57:21] (0s) 			 - FlowSummaryImpl::Private::outputState/2#0c8efb1a_delta has 1855 rows (order for disjuncts: delta=0).
[2026-10-08 00:57:21] (0s) Starting to evaluate predicate FlowSummaryImpl::Private::inputState/2#7a5ac87f/2@i1#45592w79 (iteration 1)
[2026-10-08 00:57:21] (0s) 			 - FlowSummaryImpl::Private::inputState/2#7a5ac87f_delta has 2072 rows (order for disjuncts: delta=0).
[2026-10-08 00:57:21] (0s)  >>> Created relation decl_members_2#join_rhs/1@0704d97u with 53523 rows and digest 61dce6nmk9cl5qli4o23pmr74kc.
[2026-10-08 00:57:21] (0s) Starting to evaluate predicate Raw::Raw::Decl#5bb7b5e2#b/1@762fe727
[2026-10-08 00:57:21] (0s)  >>> Created relation Raw::Raw::Decl#5bb7b5e2#b/1@762fe727 with 18808 rows and digest e07d19jrlce2djpct3qhj3u4pmf.
[2026-10-08 00:57:21] (0s) Starting to evaluate predicate Synth::Synth::convertDeclFromRaw/1#11ddb6a3#bf/2@ba07b36d
[2026-10-08 00:57:21] (0s)  >>> Created relation Synth::Synth::convertDeclFromRaw/1#11ddb6a3#bf/2@ba07b36d with 18400 rows and digest 7b6b2a43u1hrqk8j84864i3lng7.
[2026-10-08 00:57:21] (0s) Starting to evaluate predicate Synth::Synth::convertVarDeclToRaw/1#18475740#fb/2@994c974g
[2026-10-08 00:57:21] (0s)  >>> Created relation Synth::Synth::convertVarDeclToRaw/1#18475740#fb/2@994c974g with 0 rows and digest THIS-RELATION-HAS-NO-TUPLES.
[2026-10-08 00:57:21] (0s) Inferred that Synth::Synth::convertVarDeclToRaw/1#18475740#fb_10#join_rhs/2@bdc1ff5f is empty, due to Synth::Synth::convertVarDeclToRaw/1#18475740#fb/2@994c974g.
[2026-10-08 00:57:21] (0s) Starting to evaluate predicate _FlowSummaryImpl::Private::SummaryComponentStack.head/0#dispred#86557ad8_FlowSummaryImpl::Private::T__#shared/3@i2#L0#45592w79 (iteration 2)
[2026-10-08 00:57:21] (0s) Starting to evaluate predicate Synth::Synth::convertDeclToRaw/1#b63039ab#fb/2@34dccadp
[2026-10-08 00:57:21] (0s) Starting to evaluate predicate FlowSummaryImpl::Private::outputState/2#0c8efb1a/2@i2#45592x79 (iteration 2)
[2026-10-08 00:57:21] (0s) 			 - FlowSummaryImpl::Private::outputState/2#0c8efb1a_delta has 553 rows (order for disjuncts: delta=<standard>).
[2026-10-08 00:57:21] (0s) Starting to evaluate predicate FlowSummaryImpl::Private::inputState/2#7a5ac87f/2@i2#45592w79 (iteration 2)
[2026-10-08 00:57:21] (0s)  >>> Created relation Synth::Synth::convertDeclToRaw/1#b63039ab#fb/2@34dccadp with 7678 rows and digest eb98aes7pot5ci4he0kfribpl3b.
[2026-10-08 00:57:21] (0s) Starting to evaluate predicate Synth::Synth::convertDeclToRaw/1#b63039ab#fb_10#join_rhs/2@84a8e8tf
[2026-10-08 00:57:21] (0s)  >>> Created relation Synth::Synth::convertDeclToRaw/1#b63039ab#fb_10#join_rhs/2@84a8e8tf with 7678 rows and digest 1446dd6jv5b15lpa6kjqui37glc.
[2026-10-08 00:57:21] (0s) Starting to evaluate predicate Decl::Generated::Decl.getAMember/0#dispred#8544abdc/2@f9a8ea5r
[2026-10-08 00:57:21] (0s) 			 - FlowSummaryImpl::Private::inputState/2#7a5ac87f_delta has 586 rows (order for disjuncts: delta=<standard>).
[2026-10-08 00:57:21] (0s) Starting to evaluate predicate _FlowSummaryImpl::Private::SummaryComponentStack.head/0#dispred#86557ad8_FlowSummaryImpl::Private::T__#shared/3@i3#L0#45592w79 (iteration 3)
[2026-10-08 00:57:21] (0s) Starting to evaluate predicate FlowSummaryImpl::Private::outputState/2#0c8efb1a/2@i3#45592x79 (iteration 3)
[2026-10-08 00:57:21] (0s) 			 - FlowSummaryImpl::Private::outputState/2#0c8efb1a_delta has 4 rows (order for disjuncts: delta=<standard>).
[2026-10-08 00:57:21] (0s) Starting to evaluate predicate FlowSummaryImpl::Private::inputState/2#7a5ac87f/2@i3#45592w79 (iteration 3)
[2026-10-08 00:57:21] (0s) 			 - FlowSummaryImpl::Private::inputState/2#7a5ac87f_delta has 122 rows (order for disjuncts: delta=<standard>).
[2026-10-08 00:57:21] (0s) Starting to evaluate predicate _FlowSummaryImpl::Private::SummaryComponentStack.head/0#dispred#86557ad8_FlowSummaryImpl::Private::T__#shared/3@i4#L0#45592w79 (iteration 4)
[2026-10-08 00:57:21] (0s) Starting to evaluate predicate FlowSummaryImpl::Private::outputState/2#0c8efb1a/2@i4#45592x79 (iteration 4)
[2026-10-08 00:57:21] (0s) Empty delta for FlowSummaryImpl::Private::outputState/2#0c8efb1a_delta (order for disjuncts: delta=<standard>).
[2026-10-08 00:57:21] (0s) Starting to evaluate predicate FlowSummaryImpl::Private::inputState/2#7a5ac87f/2@i4#45592w79 (iteration 4)
[2026-10-08 00:57:21] (0s) 			 - FlowSummaryImpl::Private::inputState/2#7a5ac87f_delta has 3 rows (order for disjuncts: delta=<standard>).
[2026-10-08 00:57:21] (0s) Starting to evaluate predicate _FlowSummaryImpl::Private::SummaryComponentStack.head/0#dispred#86557ad8_FlowSummaryImpl::Private::T__#shared/3@i5#L0#45592w79 (iteration 5)
[2026-10-08 00:57:21] (0s) Starting to evaluate predicate FlowSummaryImpl::Private::outputState/2#0c8efb1a/2@i5#45592x79 (iteration 5)
[2026-10-08 00:57:21] (0s) Empty delta for FlowSummaryImpl::Private::outputState/2#0c8efb1a_delta (order for disjuncts: delta=<standard>).
[2026-10-08 00:57:21] (0s) Starting to evaluate predicate FlowSummaryImpl::Private::inputState/2#7a5ac87f/2@i5#45592w79 (iteration 5)
[2026-10-08 00:57:21] (0s) Empty delta for FlowSummaryImpl::Private::inputState/2#7a5ac87f_delta (order for disjuncts: delta=<standard>).
[2026-10-08 00:57:21] (0s) Accumulating deltas
[2026-10-08 00:57:21] (0s)  >>> Created relation FlowSummaryImpl::Private::inputState/2#7a5ac87f/2@45592w79 with 2783 rows and digest 516468jer9qia2c06nves8iicjc.
[2026-10-08 00:57:21] (0s)  >>> Created relation FlowSummaryImpl::Private::outputState/2#0c8efb1a/2@45592x79 with 2412 rows and digest 37516a7qik3kdpfkdb5d54382sd.
[2026-10-08 00:57:21] (0s) Starting to evaluate predicate FlowSummaryImpl::Private::TSummaryNodeOutputState#dom#942465b4/1@23a0b4fo
[2026-10-08 00:57:21] (0s)  >>> Created relation FlowSummaryImpl::Private::TSummaryNodeOutputState#dom#942465b4/1@23a0b4fo with 24 rows and digest e2602fp2vn5vqj7boj7fja9o1rc.
[2026-10-08 00:57:21] (0s) Starting to evaluate predicate num#FlowSummaryImpl::Private::TSummaryNodeOutputState#1152074a/2@2a67afli
[2026-10-08 00:57:21] Evaluating HOP construct<FlowSummaryImpl#b5343dca::Make-Location#d34fd4c8::Location-DataFlowImplSpecific#ea056a88::SwiftDataFlow-FlowSummaryImpl-7471eab8,1> with inputs:
                        24 tuples in FlowSummaryImpl::Private::TSummaryNodeOutputState#dom#942465b4/1@23a0b4fo
[2026-10-08 00:57:21] (0s)  >>> Created relation num#FlowSummaryImpl::Private::TSummaryNodeOutputState#1152074a/2@2a67afli with 24 rows and digest e471a15cu5gm8qplr9ke8i42jb5.
[2026-10-08 00:57:21] (0s) Starting to evaluate predicate FlowSummaryImpl::Private::SummaryNodeState.isOutputState/2#60ec8558/3@07a890s4
[2026-10-08 00:57:21] (0s)  >>> Created relation FlowSummaryImpl::Private::SummaryNodeState.isOutputState/2#60ec8558/3@07a890s4 with 2412 rows and digest 0a9c59bjknfia9tn56kn9sc153b.
[2026-10-08 00:57:21] (0s) Starting to evaluate predicate FlowSummaryImpl::Private::SummaryNodeState.isOutputState/2#60ec8558_21#join_rhs/2@c87207sd
[2026-10-08 00:57:21] (0s)  >>> Created relation FlowSummaryImpl::Private::SummaryNodeState.isOutputState/2#60ec8558_21#join_rhs/2@c87207sd with 2412 rows and digest 92115dvksoemmoumfe04d85jf3b.
[2026-10-08 00:57:21] (0s) Starting to evaluate predicate FlowSummaryImpl::Private::TSummaryNodeInputState#dom#41c7295f/1@f1cef1uf
[2026-10-08 00:57:21] (0s)  >>> Created relation FlowSummaryImpl::Private::TSummaryNodeInputState#dom#41c7295f/1@f1cef1uf with 27 rows and digest 03321fumgib59ln6nvjgvfbo0p9.
[2026-10-08 00:57:21] (0s) Starting to evaluate predicate num#FlowSummaryImpl::Private::TSummaryNodeInputState#cc69de7c/2@3439ff40
[2026-10-08 00:57:21] Evaluating HOP construct<FlowSummaryImpl#b5343dca::Make-Location#d34fd4c8::Location-DataFlowImplSpecific#ea056a88::SwiftDataFlow-FlowSummaryImpl-7471eab8,0> with inputs:
                        27 tuples in FlowSummaryImpl::Private::TSummaryNodeInputState#dom#41c7295f/1@f1cef1uf
[2026-10-08 00:57:21] (0s)  >>> Created relation num#FlowSummaryImpl::Private::TSummaryNodeInputState#cc69de7c/2@3439ff40 with 27 rows and digest 5d0d792ju13rfd3a9te3ku4ssm5.
[2026-10-08 00:57:21] (0s) Starting to evaluate predicate FlowSummaryImpl::Private::SummaryNodeState.isInputState/2#563e6825/3@c493ad96
[2026-10-08 00:57:21] (0s)  >>> Created relation Decl::Generated::Decl.getAMember/0#dispred#8544abdc/2@f9a8ea5r with 18400 rows and digest 6da288efini9vvnbt1nhb50m29c.
[2026-10-08 00:57:21] (0s)  >>> Created relation FlowSummaryImpl::Private::SummaryNodeState.isInputState/2#563e6825/3@c493ad96 with 2783 rows and digest 53ace77bpj6edu4s67bqt37vfpa.
[2026-10-08 00:57:21] (0s) Starting to evaluate predicate Decl::Generated::Decl.getAMember/0#dispred#8544abdc_1#join_rhs/1@c15d6auh
[2026-10-08 00:57:21] (0s) Starting to evaluate predicate FlowSummaryImpl::Private::SummaryNodeState.isInputState/2#563e6825_201#join_rhs/3@1312938q
[2026-10-08 00:57:21] (0s)  >>> Created relation FlowSummaryImpl::Private::SummaryNodeState.isInputState/2#563e6825_201#join_rhs/3@1312938q with 2783 rows and digest 5e47fd2lp2gv8pea2i43pg568ic.
[2026-10-08 00:57:21] (0s) Starting to evaluate predicate FlowSummaryImpl::Impl2::parameterReadState/3#717982d4/3@6ac60f07
[2026-10-08 00:57:21] (0s)  >>> Created relation FlowSummaryImpl::Impl2::parameterReadState/3#717982d4/3@6ac60f07 with 1923 rows and digest 5a34dea201bmji0f5oinnd23os2.
[2026-10-08 00:57:21] (0s) Starting to evaluate predicate FlowSummaryImpl::Impl2::TSummaryParameterNode#dom#5150b7b5/2@3888fe4u
[2026-10-08 00:57:21] (0s)  >>> Created relation FlowSummaryImpl::Impl2::TSummaryParameterNode#dom#5150b7b5/2@3888fe4u with 1923 rows and digest 9fcdf635a69p8a05ca5tr34ohd9.
[2026-10-08 00:57:21] (0s) Starting to evaluate predicate num#FlowSummaryImpl::Impl2::TSummaryParameterNode#87abbcd7/3@64388dqi
[2026-10-08 00:57:21] Evaluating HOP construct<FlowSummaryImpl#b5343dca::Make-Location#d34fd4c8::Location-DataFlowImplSpecific#ea056a88::SwiftDataFlow-FlowSummaryImpl-c30716d5,1> with inputs:
                        1923 tuples in FlowSummaryImpl::Impl2::TSummaryParameterNode#dom#5150b7b5/2@3888fe4u
[2026-10-08 00:57:21] (0s)  >>> Created relation Decl::Generated::Decl.getAMember/0#dispred#8544abdc_1#join_rhs/1@c15d6auh with 18400 rows and digest c8cd481dit3p5vmg2b7psd85g00.
[2026-10-08 00:57:21] (0s) Starting to evaluate predicate FlowSummaryImpl::Impl2::parameterReadState/3#717982d4_01#antijoin_rhs/2@610363ar
[2026-10-08 00:57:21] (0s)  >>> Created relation FlowSummaryImpl::Impl2::parameterReadState/3#717982d4_01#antijoin_rhs/2@610363ar with 1923 rows and digest c07300tglj4ogqk2s04036k20bf.
[2026-10-08 00:57:21] (0s) Starting to evaluate predicate FlowSummaryImpl::Impl2::TSummaryInternalNode#dom#ab53c76f/2@8c2e66bs
[2026-10-08 00:57:21] (0s)  >>> Created relation FlowSummaryImpl::Impl2::TSummaryInternalNode#dom#ab53c76f/2@8c2e66bs with 3272 rows and digest a5e0ee0hgkklmqgltugq9b2lh7f.
[2026-10-08 00:57:21] (0s) Starting to evaluate predicate num#FlowSummaryImpl::Impl2::TSummaryInternalNode#e771ced7/3@8f6425sd
[2026-10-08 00:57:21] Evaluating HOP construct<FlowSummaryImpl#b5343dca::Make-Location#d34fd4c8::Location-DataFlowImplSpecific#ea056a88::SwiftDataFlow-FlowSummaryImpl-c30716d5,0> with inputs:
                        3272 tuples in FlowSummaryImpl::Impl2::TSummaryInternalNode#dom#ab53c76f/2@8c2e66bs
[2026-10-08 00:57:21] (0s)  >>> Created relation num#FlowSummaryImpl::Impl2::TSummaryParameterNode#87abbcd7/3@64388dqi with 1923 rows and digest 6ad65er8o83lli8obj92nto7qu8.
[2026-10-08 00:57:21] (0s)  >>> Created relation num#FlowSummaryImpl::Impl2::TSummaryInternalNode#e771ced7/3@8f6425sd with 3272 rows and digest 43a33fnuo5cf9ksdjebuhf5mkn2.
[2026-10-08 00:57:21] (0s) Starting to evaluate predicate FlowSummaryImpl::Impl2::SummaryNode#fda2959f/1@4486f2s8
[2026-10-08 00:57:21] (0s)  >>> Created relation FlowSummaryImpl::Impl2::SummaryNode#fda2959f/1@4486f2s8 with 5195 rows and digest acf626n6ggehfp1cl6sak8f57s8.
[2026-10-08 00:57:21] (0s) Starting to evaluate predicate Synth::Synth::convertVarDeclToRaw/1#18475740#bf/2@5f4293v3
[2026-10-08 00:57:21] (0s) Starting to evaluate predicate _FlowSummaryImpl::Impl2::SummaryNode#fda2959f_num#FlowSummaryImpl::Impl2::TSummaryInternalNode#e771c__#shared/3@3711ab43
[2026-10-08 00:57:21] (0s)  >>> Created relation _FlowSummaryImpl::Impl2::SummaryNode#fda2959f_num#FlowSummaryImpl::Impl2::TSummaryInternalNode#e771c__#shared/3@3711ab43 with 3272 rows and digest 5f127d74h4s8ahd20j0e5aaogke.
[2026-10-08 00:57:21] (0s) Starting to evaluate predicate FlowSummaryImpl::Impl2::summaryNodeOutputState/2#7ed11d6d/3@ee4ebfij
[2026-10-08 00:57:21] (0s)  >>> Created relation FlowSummaryImpl::Impl2::summaryNodeOutputState/2#7ed11d6d/3@ee4ebfij with 2412 rows and digest d3bc6abrc9s543oer9ps9f57tk3.
[2026-10-08 00:57:21] (0s) Starting to evaluate predicate FlowSummaryImpl::Impl2::summaryNodeInputState/2#f9b97598/3@9733677b
[2026-10-08 00:57:21] (0s)  >>> Created relation Synth::Synth::convertVarDeclToRaw/1#18475740#bf/2@5f4293v3 with 18400 rows and digest 7e5f562mkgqufj52sfi66s9uso9.
[2026-10-08 00:57:21] (0s) Starting to evaluate predicate FlowSummaryImpl::StepsInput::getACall/1#a386d1a1/2@f7727eos
[2026-10-08 00:57:21] (0s)  >>> Created relation FlowSummaryImpl::Impl2::summaryNodeInputState/2#f9b97598/3@9733677b with 2783 rows and digest 9da5ddn5bdimgq9nd4jbic0cnt0.
[2026-10-08 00:57:21] (0s) Starting to evaluate predicate FlowSummaryImpl::Private::SummaryComponentStack.head/0#dispred#86557ad8_10#join_rhs/2@690de99h
[2026-10-08 00:57:21] (0s)  >>> Created relation FlowSummaryImpl::StepsInput::getACall/1#a386d1a1/2@f7727eos with 5 rows and digest 9914e9jsp6c1rl7n3faa2ljhor2.
[2026-10-08 00:57:21] (0s) Starting to evaluate predicate FlowSummaryImpl::Private::summary/5#3148d7fd#reorder_1_3_0_2_4_1203#join_rhs/4@ae5d990e
[2026-10-08 00:57:21] (0s)  >>> Created relation FlowSummaryImpl::Private::summary/5#3148d7fd#reorder_1_3_0_2_4_1203#join_rhs/4@ae5d990e with 2180 rows and digest 7202ff7scjlmjgo4shh2pnp0bp9.
[2026-10-08 00:57:21] (0s) Starting to evaluate predicate project#FlowSummaryImpl::Private::summary/5#3148d7fd#3/3@b421c4ms
[2026-10-08 00:57:21] (0s)  >>> Created relation project#FlowSummaryImpl::Private::summary/5#3148d7fd#3/3@b421c4ms with 669 rows and digest 77391bt6fcvcjpte03lr4ep0pme.
[2026-10-08 00:57:21] (0s)  >>> Created relation FlowSummaryImpl::Private::SummaryComponentStack.head/0#dispred#86557ad8_10#join_rhs/2@690de99h with 56119 rows and digest 22d1c1pidara4l9pj4clood6unc.
[2026-10-08 00:57:21] (0s) Starting to evaluate predicate FlowSummaryImpl::Impl2::callbackInput/4#0f18e139/4@5e73a49r
[2026-10-08 00:57:21] (0s)  >>> Created relation FlowSummaryImpl::Impl2::callbackInput/4#0f18e139/4@5e73a49r with 190 rows and digest b75ae95nqukjltb9pn2sek9p99d.
[2026-10-08 00:57:21] (0s) Starting to evaluate predicate FlowSummaryImpl::Impl2::summaryNodeInputState/2#f9b97598_102#join_rhs/3@5ad84br9
[2026-10-08 00:57:21] (0s) Starting to evaluate predicate project#FlowSummaryImpl::Impl2::callbackInput/4#0f18e139/2@79cbc29g
[2026-10-08 00:57:21] (0s)  >>> Created relation project#FlowSummaryImpl::Impl2::callbackInput/4#0f18e139/2@79cbc29g with 190 rows and digest 43d1fb9ipum07mha4mmsns4pqgc.
[2026-10-08 00:57:21] (0s) Starting to evaluate predicate FlowSummaryImpl::Impl2::summaryPostUpdateNode/2#1b158d10/2@2a61baj7
[2026-10-08 00:57:21] (0s)  >>> Created relation FlowSummaryImpl::Impl2::summaryPostUpdateNode/2#1b158d10/2@2a61baj7 with 437 rows and digest 8e3d3eum6db690j025nbrru3al6.
[2026-10-08 00:57:21] (0s) Starting to evaluate predicate project#FlowSummaryImpl::Impl2::summaryPostUpdateNode/2#1b158d10/1@96447fig
[2026-10-08 00:57:21] (0s)  >>> Created relation project#FlowSummaryImpl::Impl2::summaryPostUpdateNode/2#1b158d10/1@96447fig with 437 rows and digest 7ce765fhqou24r6pg7blgucmja5.
[2026-10-08 00:57:21] (0s)  >>> Created relation FlowSummaryImpl::Impl2::summaryNodeInputState/2#f9b97598_102#join_rhs/3@5ad84br9 with 2783 rows and digest e506721k6jjs7dmvo0tgjkrouha.
[2026-10-08 00:57:21] (0s) Starting to evaluate predicate DataFlowPrivate::PostUpdateNodeImpl.getPreUpdateNode/0#dispred#d950ebb3/2@e09506h2
[2026-10-08 00:57:21] (0s) Starting to evaluate predicate FlowSummaryImpl::Private::Steps::summaryLocalStepImpl/4#808888f6#ffbf/4@c00168vf
[2026-10-08 00:57:21] (0s)  >>> Created relation DataFlowPrivate::PostUpdateNodeImpl.getPreUpdateNode/0#dispred#d950ebb3/2@e09506h2 with 6036 rows and digest c487d6kvf27saddp53iftpkkl5b.
[2026-10-08 00:57:21] (0s) Starting to evaluate predicate DataFlowPrivate::PostUpdateNodeImpl.getPreUpdateNode/0#dispred#d950ebb3_10#join_rhs/2@a8cf83bs
[2026-10-08 00:57:21] (0s)  >>> Created relation DataFlowPrivate::PostUpdateNodeImpl.getPreUpdateNode/0#dispred#d950ebb3_10#join_rhs/2@a8cf83bs with 6036 rows and digest b586d68jeervf2sjnscirdpddp3.
[2026-10-08 00:57:21] (0s) Starting to evaluate predicate FlowSteps::AdditionalTaintStep.step/2#dispred#becb7d26/3@25d8d1oq
[2026-10-08 00:57:21] (0s)  >>> Created relation FlowSummaryImpl::Private::Steps::summaryLocalStepImpl/4#808888f6#ffbf/4@c00168vf with 2180 rows and digest 8fe0b8n5ljm578ask3cjupnf3o5.
[2026-10-08 00:57:21] (0s) Starting to evaluate predicate FlowSummaryImpl::Private::Steps::summaryLocalStepImpl/4#808888f6#ffbf_0213#join_rhs/4@3323c87f
[2026-10-08 00:57:21] (0s)  >>> Created relation FlowSummaryImpl::Private::Steps::summaryLocalStepImpl/4#808888f6#ffbf_0213#join_rhs/4@3323c87f with 2180 rows and digest bc93ea07l24p181eu859qgaha38.
[2026-10-08 00:57:21] (0s) Starting to evaluate predicate FlowSummaryImpl::Private::Steps::viableParam/4#220d2ee5/4@c53e09cb
[2026-10-08 00:57:21] (0s)  >>> Created relation FlowSummaryImpl::Private::Steps::viableParam/4#220d2ee5/4@c53e09cb with 5 rows and digest 47a4a61idskkfsto960nr561ea7.
[2026-10-08 00:57:21] (0s) Starting to evaluate predicate FlowSummaryImpl::Impl2::summaryPostUpdateNode/2#1b158d10_10#join_rhs/2@f4d46cla
[2026-10-08 00:57:21] (0s)  >>> Created relation FlowSummaryImpl::Impl2::summaryPostUpdateNode/2#1b158d10_10#join_rhs/2@f4d46cla with 437 rows and digest bfc337nve7j1lgj1mr3l39ruo7b.
[2026-10-08 00:57:21] (0s) Starting to evaluate predicate project#FlowSummaryImpl::Private::Steps::viableParam/4#220d2ee5/1@9d60eea0
[2026-10-08 00:57:21] (0s)  >>> Created relation project#FlowSummaryImpl::Private::Steps::viableParam/4#220d2ee5/1@9d60eea0 with 5 rows and digest 46473fbjcoqhd4msi46qkuhnde1.
[2026-10-08 00:57:21] (0s) Starting to evaluate predicate FlowSummaryImpl::Private::Steps::summaryLocalStepImpl/4#808888f6#ffbf_201#join_rhs/3@a87c6fiq
[2026-10-08 00:57:21] (0s)  >>> Created relation FlowSummaryImpl::Private::Steps::summaryLocalStepImpl/4#808888f6#ffbf_201#join_rhs/3@a87c6fiq with 2180 rows and digest 875032a4h9m5ft0e1suv4pbml68.
[2026-10-08 00:57:21] (0s) Starting to evaluate predicate project#FlowSummaryImpl::Private::Steps::summaryLocalStepImpl/4#808888f6#ffbf/2@bedc9047
[2026-10-08 00:57:21] (0s)  >>> Created relation project#FlowSummaryImpl::Private::Steps::summaryLocalStepImpl/4#808888f6#ffbf/2@bedc9047 with 669 rows and digest 11b1b2eqsb0nbt80c7j0t2l6c57.
[2026-10-08 00:57:21] (0s) Starting to evaluate predicate FlowSummaryImpl::Impl2::summaryNodeOutputState/2#7ed11d6d_12#join_rhs/2@3e028c42
[2026-10-08 00:57:21] (0s)  >>> Created relation FlowSummaryImpl::Impl2::summaryNodeOutputState/2#7ed11d6d_12#join_rhs/2@3e028c42 with 2412 rows and digest e5e928tvlgge4mgijld284u9a52.
[2026-10-08 00:57:21] (0s) Starting to evaluate predicate project#FlowSummaryImpl::Private::Steps::summaryLocalStepImpl/4#808888f6#ffbf#2/2@36cc412h
[2026-10-08 00:57:21] (0s)  >>> Created relation project#FlowSummaryImpl::Private::Steps::summaryLocalStepImpl/4#808888f6#ffbf#2/2@36cc412h with 1511 rows and digest 7b2c9csvk7av4bq6gh8hesom0k2.
[2026-10-08 00:57:21] (0s) Starting to evaluate predicate Synth::Synth::convertVarDeclToRaw/1#18475740#bf_10#join_rhs/2@80c6aehk
[2026-10-08 00:57:21] (0s)  >>> Created relation Synth::Synth::convertVarDeclToRaw/1#18475740#bf_10#join_rhs/2@80c6aehk with 18400 rows and digest 7b6b2a43u1hrqk8j84864i3lng7.
[2026-10-08 00:57:21] (0s) Starting to evaluate predicate Decl::Generated::Decl.getAMember/0#dispred#8544abdc_10#join_rhs/2@6d2353tm
[2026-10-08 00:57:21] (0s)  >>> Created relation Decl::Generated::Decl.getAMember/0#dispred#8544abdc_10#join_rhs/2@6d2353tm with 18400 rows and digest 10e8b6r491vvssssheku8t7v4j0.
[2026-10-08 00:57:21] (0s) Starting to evaluate predicate NominalTypeDeclImpl::Impl::NominalTypeDecl#25867e20/1@ac9190r4
[2026-10-08 00:57:21] (0s)  >>> Created relation NominalTypeDeclImpl::Impl::NominalTypeDecl#25867e20/1@ac9190r4 with 4050 rows and digest c6b3f6gl7lfmjkkkdctgnp9tl16.
[2026-10-08 00:57:21] (0s) Starting to evaluate predicate Synth::Synth::convertNominalTypeDeclFromRaw/1#053ecc94#bf/2@bfc2b75j
[2026-10-08 00:57:21] (0s)  >>> Created relation FlowSteps::AdditionalTaintStep.step/2#dispred#becb7d26/3@25d8d1oq with 1 rows and digest c866f9bqjv8fs5dhmsjbkltfhob.
[2026-10-08 00:57:21] (0s)  >>> Created relation Synth::Synth::convertNominalTypeDeclFromRaw/1#053ecc94#bf/2@bfc2b75j with 1056 rows and digest 0a4f5alqtl212oqh5ma46hgomae.
[2026-10-08 00:57:21] (0s) Starting to evaluate predicate ExtensionDecl::Generated::ExtensionDecl.getExtendedTypeDecl/0#dispred#9b7f025d#bf/2@8cf536nm
[2026-10-08 00:57:21] (0s)  >>> Created relation ExtensionDecl::Generated::ExtensionDecl.getExtendedTypeDecl/0#dispred#9b7f025d#bf/2@8cf536nm with 1280 rows and digest 97d8cfi6rkgneriqa7dgdk3q2o0.
[2026-10-08 00:57:21] (0s) Starting to evaluate predicate Decl::Decl.asNominalTypeDecl/0#dispred#6841cd82#bf/2@ee6975da
[2026-10-08 00:57:21] (0s)  >>> Created relation Decl::Decl.asNominalTypeDecl/0#dispred#6841cd82#bf/2@ee6975da with 4736 rows and digest 3eaf7bun28clnmco59dn04eccl8.
[2026-10-08 00:57:21] (0s) Starting to evaluate predicate FieldDecl::FieldDecl.hasQualifiedName/2#dispred#e8bd2e83/3@54a742iq
[2026-10-08 00:57:21] (0s)  >>> Created relation locations/6@c9367cqk with 37873 rows and digest dbcc3a34ni43sq6lm8coardiqjc.
[2026-10-08 00:57:21] (0s) Starting to evaluate predicate Location::Generated::Location.getStartLine/0#dispred#1b318da1/2@9ff0d6fe
[2026-10-08 00:57:21] (0s)  >>> Created relation Location::Generated::Location.getStartLine/0#dispred#1b318da1/2@9ff0d6fe with 37874 rows and digest 1c5496oirciet2knlug864d3qg0.
[2026-10-08 00:57:21] (0s) Starting to evaluate predicate DataFlowPublic::Node.getLocation/0#dispred#218f9c4f_10#join_rhs/2@b535d324
[2026-10-08 00:57:21] (0s)  >>> Created relation FieldDecl::FieldDecl.hasQualifiedName/2#dispred#e8bd2e83/3@54a742iq with 18400 rows and digest 6955ae6qae9nq9umnol19aph361.
[2026-10-08 00:57:21] (0s) Promoting strings for FieldDecl::FieldDecl.hasQualifiedName/2#dispred#e8bd2e83/3@54a742iq
[2026-10-08 00:57:21] (0s)  >>> Created relation DataFlowPublic::Node.getLocation/0#dispred#218f9c4f_10#join_rhs/2@b535d324 with 148537 rows and digest 3a47d2eoc27psn2jsvfc1t65cjc.
[2026-10-08 00:57:21] (0s) Starting to evaluate predicate Location::Generated::Location.getFile/0#dispred#58f1445d/2@c3fcd9ke
[2026-10-08 00:57:21] (0s) Promoted strings for FieldDecl::FieldDecl.hasQualifiedName/2#dispred#e8bd2e83/3@54a742iq, took 1ms
[2026-10-08 00:57:21] (0s) Saved stringpool to save strings from FieldDecl::FieldDecl.hasQualifiedName/2#dispred#e8bd2e83/3@54a742iq, took 0ms
[2026-10-08 00:57:21] (0s)  >>> Created relation cached_FieldDecl::FieldDecl.hasQualifiedName/2#dispred#e8bd2e83/3@9a7d53gt with 18400 rows and digest 6955ae6qae9nq9umnol19aph361.
[2026-10-08 00:57:21] (0s) Starting to evaluate predicate FieldDecl::FieldDecl.hasQualifiedName/2#dispred#e8bd2e83_102#join_rhs/3@5936f2e2
[2026-10-08 00:57:21] (0s)  >>> Created relation FieldDecl::FieldDecl.hasQualifiedName/2#dispred#e8bd2e83_102#join_rhs/3@5936f2e2 with 18400 rows and digest 714fc6cl6me7chlecpjo2k8bkr4.
[2026-10-08 00:57:21] (0s) Starting to evaluate predicate FlowSteps::TaintInheritingContent#7e1da0af/1@b49316r2
[2026-10-08 00:57:21] (0s)  >>> Created relation Location::Generated::Location.getFile/0#dispred#58f1445d/2@c3fcd9ke with 37874 rows and digest 062b71h24qe0voj61rtr6p0b02e.
[2026-10-08 00:57:21] (0s) Starting to evaluate predicate num#flow::CorrectedFlow::Flow::TAccessPathNil#601bb63f/1@7d98ccsd
[2026-10-08 00:57:21] Evaluating HOP construct<DataFlowImpl#248dabc3::MakeImpl-Location#d34fd4c8::Location-DataFlowImplSpecific#ea056a88::SwiftDataFlow-::Impl-TaintTr-6b75a916,0> with inputs:
                        1 tuples in flow::CorrectedFlow::Flow::S6Graph::TPathNodeSinkGrp#dom#de5f7ca0/0@dab1424s
[2026-10-08 00:57:21] (0s)  >>> Created relation num#flow::CorrectedFlow::Flow::TAccessPathNil#601bb63f/1@7d98ccsd with 1 rows and digest 19f2cevarof1fbaqkctt3t43if4.
[2026-10-08 00:57:21] (0s) Starting to evaluate predicate num#DataFlowImplCommon::CallContextSensitivity<flow::CorrectedFlow::Flow::Stage6Param::CallContextSensitivityInput>::TAnyCallContext#ebdc65a6/1@d0dc76d8
[2026-10-08 00:57:21] Evaluating HOP construct<DataFlowImplCommon#f7de413b::MakeImplCommon-Location#d34fd4c8::Location-DataFlowImplSpecific#ea056a88::SwiftDataFlow-::-c165d5d5,0> with inputs:
                        1 tuples in flow::CorrectedFlow::Flow::S6Graph::TPathNodeSinkGrp#dom#de5f7ca0/0@dab1424s
[2026-10-08 00:57:21] (0s)  >>> Created relation num#DataFlowImplCommon::CallContextSensitivity<flow::CorrectedFlow::Flow::Stage6Param::CallContextSensitivityInput>::TAnyCallContext#ebdc65a6/1@d0dc76d8 with 1 rows and digest 19f2cevarof1fbaqkctt3t43if4.
[2026-10-08 00:57:21] (0s) Starting to evaluate predicate num#flow::CorrectedFlow::Flow::Stage6::TSummaryCtxNone#90c4964c/1@3c1eff3q
[2026-10-08 00:57:21] Evaluating HOP construct<DataFlowImpl#248dabc3::MakeImpl-Location#d34fd4c8::Location-DataFlowImplSpecific#ea056a88::SwiftDataFlow-::Impl-TaintTr-bc23b378,0> with inputs:
                        1 tuples in flow::CorrectedFlow::Flow::S6Graph::TPathNodeSinkGrp#dom#de5f7ca0/0@dab1424s
[2026-10-08 00:57:21] (0s)  >>> Created relation num#flow::CorrectedFlow::Flow::Stage6::TSummaryCtxNone#90c4964c/1@3c1eff3q with 1 rows and digest 19f2cevarof1fbaqkctt3t43if4.
[2026-10-08 00:57:21] (0s) Starting to evaluate predicate num#flow::CorrectedFlow::Flow::TNil#f5117156/1@eef7368a
[2026-10-08 00:57:21] Evaluating HOP construct<DataFlowImpl#248dabc3::MakeImpl-Location#d34fd4c8::Location-DataFlowImplSpecific#ea056a88::SwiftDataFlow-::Impl-TaintTr-a6023a80,0> with inputs:
                        1 tuples in flow::CorrectedFlow::Flow::S6Graph::TPathNodeSinkGrp#dom#de5f7ca0/0@dab1424s
[2026-10-08 00:57:21] (0s)  >>> Created relation num#flow::CorrectedFlow::Flow::TNil#f5117156/1@eef7368a with 1 rows and digest 19f2cevarof1fbaqkctt3t43if4.
[2026-10-08 00:57:21] (0s) Starting to evaluate predicate DataFlowImplCommon::Cached::TFrontHead#ba92b323_2#join_rhs/1@223062vj
[2026-10-08 00:57:21] (0s)  >>> Created relation DataFlowImplCommon::Cached::TFrontHead#ba92b323_2#join_rhs/1@223062vj with 93360 rows and digest 96869f1clb8l9tcqiomp0un59a3.
[2026-10-08 00:57:21] (0s) Starting to evaluate predicate DataFlowImplCommon::Cached::TApproxFrontHead#c5b7bb4f_2#join_rhs/1@344c6dbe
[2026-10-08 00:57:21] (0s)  >>> Created relation DataFlowImplCommon::Cached::TApproxFrontHead#c5b7bb4f_2#join_rhs/1@344c6dbe with 5 rows and digest e2e9cfhl5ae83ve4okdtnj4m0b3.
[2026-10-08 00:57:21] (0s) Starting to evaluate predicate DataFlowImplCommon::ApproxAccessPathFront.getHead/1#dispred#ce5ff688/3@b893cbqp
[2026-10-08 00:57:21] (0s)  >>> Created relation DataFlowImplCommon::ApproxAccessPathFront.getHead/1#dispred#ce5ff688/3@b893cbqp with 5 rows and digest 79e13dr8ptocqgq04v77n4s7jof.
[2026-10-08 00:57:21] (0s) Starting to evaluate predicate DataFlowImplCommon::ApproxAccessPathFront.getHead/1#dispred#ce5ff688_201#join_rhs/3@ebb42am4
[2026-10-08 00:57:21] (0s)  >>> Created relation DataFlowImplCommon::ApproxAccessPathFront.getHead/1#dispred#ce5ff688_201#join_rhs/3@ebb42am4 with 5 rows and digest 6884f9vqna6o94eu6lo70dfj965.
[2026-10-08 00:57:21] (0s) Starting to evaluate predicate DataFlowImplCommon::ApproxAccessPathFront.getAHead/1#317b73d6/3@566e5b5i
[2026-10-08 00:57:21] (0s)  >>> Created relation DataFlowImplCommon::ApproxAccessPathFront.getAHead/1#317b73d6/3@566e5b5i with 93360 rows and digest 1e5fb9agas80plf1ulhum03obj0.
[2026-10-08 00:57:21] (0s) Starting to evaluate predicate DataFlowImplCommon::ApproxAccessPathFront.getAHead/1#317b73d6_120#join_rhs/3@c9ab2e96
[2026-10-08 00:57:21] (0s)  >>> Created relation DataFlowImplCommon::ApproxAccessPathFront.getAHead/1#317b73d6_120#join_rhs/3@c9ab2e96 with 93360 rows and digest de43beof4kpj077ee7eahpuet5a.
[2026-10-08 00:57:21] (0s) Starting to evaluate predicate DataFlowImplCommon::Cached::TFrontHead#ba92b323_102#join_rhs/3@2b98femh
[2026-10-08 00:57:21] (0s)  >>> Created relation DataFlowImplCommon::Cached::TFrontHead#ba92b323_102#join_rhs/3@2b98femh with 93360 rows and digest a3deaeb7oh2uleb8il1aps99il8.
[2026-10-08 00:57:21] (0s) Starting to evaluate predicate flow::CorrectedFlow::Flow::Stage4Param::getApprox/1#253e5bb7/2@4874d6pb
[2026-10-08 00:57:21] (0s)  >>> Created relation flow::CorrectedFlow::Flow::Stage4Param::getApprox/1#253e5bb7/2@4874d6pb with 93361 rows and digest ceee5d7rp0gnovf47i6peskf9j4.
[2026-10-08 00:57:21] (0s) Starting to evaluate predicate num#flow::CorrectedFlow::Flow::Stage4::TSummaryCtxNone#1d44ac97/1@e79dd4ck
[2026-10-08 00:57:21] Evaluating HOP construct<DataFlowImpl#248dabc3::MakeImpl-Location#d34fd4c8::Location-DataFlowImplSpecific#ea056a88::SwiftDataFlow-::Impl-TaintTr-a6614c3f,0> with inputs:
                        1 tuples in flow::CorrectedFlow::Flow::S6Graph::TPathNodeSinkGrp#dom#de5f7ca0/0@dab1424s
[2026-10-08 00:57:21] (0s)  >>> Created relation num#flow::CorrectedFlow::Flow::Stage4::TSummaryCtxNone#1d44ac97/1@e79dd4ck with 1 rows and digest 19f2cevarof1fbaqkctt3t43if4.
[2026-10-08 00:57:21] (0s) Starting to evaluate predicate DataFlowImplCommon::ApproxAccessPathFront.toBoolNonEmpty/0#dispred#e3e84581/2@1ec30a2d
[2026-10-08 00:57:21] (0s)  >>> Created relation DataFlowImplCommon::ApproxAccessPathFront.toBoolNonEmpty/0#dispred#e3e84581/2@1ec30a2d with 6 rows and digest 088bca2q4bao3bd7f77uteq7994.
[2026-10-08 00:57:21] (0s) Starting to evaluate predicate const_false/1@374feabk
[2026-10-08 00:57:21] (0s)  >>> Created relation const_false/1@374feabk with 1 rows and digest 115afed0qqvfca7qs10l0jdnhce.
[2026-10-08 00:57:21] (0s) Starting to evaluate predicate DataFlowImplCommon::Cached::TBooleanSome#dom#7e7a84ee/1@490e955l
[2026-10-08 00:57:21] (0s)  >>> Created relation DataFlowImplCommon::Cached::TBooleanSome#dom#7e7a84ee/1@490e955l with 2 rows and digest 3507f8bm05kddme44vro5gg3kj1.
[2026-10-08 00:57:21] (0s) Starting to evaluate predicate flow::CorrectedFlow::Flow::Stage3Param::getApprox/1#45215411/2@c34fb4q9
[2026-10-08 00:57:21] (0s)  >>> Created relation flow::CorrectedFlow::Flow::Stage3Param::getApprox/1#45215411/2@c34fb4q9 with 6 rows and digest 088bca2q4bao3bd7f77uteq7994.
[2026-10-08 00:57:21] (0s) Starting to evaluate predicate num#DataFlowImplCommon::CallContextSensitivity<flow::CorrectedFlow::Flow::Stage3Param::CallContextSensitivityInput>::TAnyCallContext#9eee825c/1@9d25a3on
[2026-10-08 00:57:21] Evaluating HOP construct<DataFlowImplCommon#f7de413b::MakeImplCommon-Location#d34fd4c8::Location-DataFlowImplSpecific#ea056a88::SwiftDataFlow-::-285e7140,0> with inputs:
                        1 tuples in flow::CorrectedFlow::Flow::S6Graph::TPathNodeSinkGrp#dom#de5f7ca0/0@dab1424s
[2026-10-08 00:57:21] (0s)  >>> Created relation num#DataFlowImplCommon::CallContextSensitivity<flow::CorrectedFlow::Flow::Stage3Param::CallContextSensitivityInput>::TAnyCallContext#9eee825c/1@9d25a3on with 1 rows and digest 19f2cevarof1fbaqkctt3t43if4.
[2026-10-08 00:57:21] (0s) Starting to evaluate predicate num#flow::CorrectedFlow::Flow::Stage3::TSummaryCtxNone#0522990b/1@e8b401rs
[2026-10-08 00:57:21] Evaluating HOP construct<DataFlowImpl#248dabc3::MakeImpl-Location#d34fd4c8::Location-DataFlowImplSpecific#ea056a88::SwiftDataFlow-::Impl-TaintTr-1c561a18,0> with inputs:
                        1 tuples in flow::CorrectedFlow::Flow::S6Graph::TPathNodeSinkGrp#dom#de5f7ca0/0@dab1424s
[2026-10-08 00:57:21] (0s)  >>> Created relation num#flow::CorrectedFlow::Flow::Stage3::TSummaryCtxNone#0522990b/1@e8b401rs with 1 rows and digest 19f2cevarof1fbaqkctt3t43if4.
[2026-10-08 00:57:21] (0s) Starting to evaluate predicate _DataFlowImplCommon::Cached::TBooleanNone#934a4eb6_DataFlowImplCommon::Cached::TReturnCtxNone#bd267d__#join_rhs/2@924f7dn7
[2026-10-08 00:57:21] (0s)  >>> Created relation _DataFlowImplCommon::Cached::TBooleanNone#934a4eb6_DataFlowImplCommon::Cached::TReturnCtxNone#bd267d__#join_rhs/2@924f7dn7 with 1 rows and digest 54f8de05ms40b6r9grorvr7lckb.
[2026-10-08 00:57:21] (0s) Starting to evaluate predicate _Boolean::Boolean#5dd548d1_const_false#join_rhs/0@bd0bd46c
[2026-10-08 00:57:21] (0s)  >>> Created relation _Boolean::Boolean#5dd548d1_const_false#join_rhs/0@bd0bd46c with 1 rows and digest ac90f0ei322hhreshlvdl215c38.
[2026-10-08 00:57:21] (0s) Starting to evaluate predicate num#DataFlowImplCommon::CallContextSensitivity<Cached::CachedCallContextSensitivity::CallContextSensitivityInput>::TAnyCallContext#5800fbe7/1@6ee59ejq
[2026-10-08 00:57:21] Evaluating HOP construct<DataFlowImplCommon#f7de413b::MakeImplCommon-Location#d34fd4c8::Location-DataFlowImplSpecific#ea056a88::SwiftDataFlow-::-7bc612e0,0> with inputs:
                        1 tuples in DataFlowImplCommon::Cached::forceCachingInSameStage/0#cc97347d/0@dab1424s
[2026-10-08 00:57:21] (0s)  >>> Created relation num#DataFlowImplCommon::CallContextSensitivity<Cached::CachedCallContextSensitivity::CallContextSensitivityInput>::TAnyCallContext#5800fbe7/1@6ee59ejq with 1 rows and digest 19f2cevarof1fbaqkctt3t43if4.
[2026-10-08 00:57:21] (0s) Starting to evaluate predicate num#flow::CorrectedFlow::Flow::Stage2::TSummaryCtxNone#a3a16a3f/1@272dc80d
[2026-10-08 00:57:21] Evaluating HOP construct<DataFlowImpl#248dabc3::MakeImpl-Location#d34fd4c8::Location-DataFlowImplSpecific#ea056a88::SwiftDataFlow-::Impl-TaintTr-39c5bb2a,0> with inputs:
                        1 tuples in flow::CorrectedFlow::Flow::S6Graph::TPathNodeSinkGrp#dom#de5f7ca0/0@dab1424s
[2026-10-08 00:57:21] (0s)  >>> Created relation num#flow::CorrectedFlow::Flow::Stage2::TSummaryCtxNone#a3a16a3f/1@272dc80d with 1 rows and digest 19f2cevarof1fbaqkctt3t43if4.
[2026-10-08 00:57:21] (0s) Starting to evaluate predicate num#Option::Option<Unit::Unit>::TNone#636388ce/1@671b57ft
[2026-10-08 00:57:21] Evaluating HOP construct<Option#8eb11f23::Option-Unit#54592529::Unit-::TOption-51176e26,0> with inputs:
                        1 tuples in DataFlowImplCommon::Cached::forceCachingInSameStage/0#cc97347d/0@dab1424s
[2026-10-08 00:57:21] (0s)  >>> Created relation num#Option::Option<Unit::Unit>::TNone#636388ce/1@671b57ft with 1 rows and digest 19f2cevarof1fbaqkctt3t43if4.
[2026-10-08 00:57:21] (0s) Starting to evaluate predicate DataFlowImplCommon::NodeEx.asNodeOrImplicitRead/0#dispred#76233eab/2@67f741hm
[2026-10-08 00:57:21] (0s)  >>> Created relation DataFlowImplCommon::NodeEx.asNodeOrImplicitRead/0#dispred#76233eab/2@67f741hm with 362338 rows and digest b58bd1n8msurom2j1qlfufm9809.
[2026-10-08 00:57:21] (0s) Starting to evaluate predicate m#Synth::Synth::convertCallableToRaw/1#52a2f9a1#fb/1@9ca53csa
[2026-10-08 00:57:21] (0s)  >>> Created relation m#Synth::Synth::convertCallableToRaw/1#52a2f9a1#fb/1@9ca53csa with 57176 rows and digest 62640d40uf2u7c6q6uabljtr2q0.
[2026-10-08 00:57:21] (0s) Starting to evaluate predicate m#Synth::Synth::convertFunctionToRaw/1#f2c987f6#fb/1@410d0aps
[2026-10-08 00:57:21] (0s)  >>> Created relation m#Synth::Synth::convertFunctionToRaw/1#f2c987f6#fb/1@410d0aps with 209062 rows and digest 7ac724s000grfp3funiqpilehjb.
[2026-10-08 00:57:21] (0s) Starting to evaluate predicate Synth::Synth::convertFunctionToRaw/1#f2c987f6#fb/2@367ad3hj
[2026-10-08 00:57:21] (0s)  >>> Created relation Synth::Synth::convertFunctionToRaw/1#f2c987f6#fb/2@367ad3hj with 57176 rows and digest 2e4c22hoasnv14036u223j701na.
[2026-10-08 00:57:21] (0s) Starting to evaluate predicate Synth::Synth::convertAbstractStorageDeclToRaw/1#52c961eb#fb/2@b8522dpo
[2026-10-08 00:57:21] (0s)  >>> Created relation Synth::Synth::convertAbstractStorageDeclToRaw/1#52c961eb#fb/2@b8522dpo with 121516 rows and digest 346c2972p528jshkq6cvl0hvlf9.
[2026-10-08 00:57:21] (0s) Starting to evaluate predicate Synth::Synth::convertAbstractStorageDeclToRaw/1#52c961eb#fb_10#join_rhs/2@2a773fji
[2026-10-08 00:57:21] (0s)  >>> Created relation Synth::Synth::convertAbstractStorageDeclToRaw/1#52c961eb#fb_10#join_rhs/2@2a773fji with 121516 rows and digest d9f1534c1v3ftr8v1vilvcibrge.
[2026-10-08 00:57:21] (0s) Starting to evaluate predicate Synth::Synth::convertDeclToRaw/1#b63039ab#fb/2@47eface4
[2026-10-08 00:57:21] (0s)  >>> Created relation Synth::Synth::convertDeclToRaw/1#b63039ab#fb/2@47eface4 with 209062 rows and digest bd35329ee54h7g89f31or88ud23.
[2026-10-08 00:57:21] (0s) Starting to evaluate predicate Synth::Synth::convertDeclToRaw/1#b63039ab#fb_10#join_rhs/2@94cd1a5c
[2026-10-08 00:57:21] (0s)  >>> Created relation Synth::Synth::convertDeclToRaw/1#b63039ab#fb_10#join_rhs/2@94cd1a5c with 209062 rows and digest 0d7c14c7c09ovn07tk51ftbbo8f.
[2026-10-08 00:57:21] (0s) Starting to evaluate predicate Decl::Generated::Decl.getModule/0#dispred#6337565b/2@26e894g9
[2026-10-08 00:57:21] (0s)  >>> Created relation Decl::Generated::Decl.getModule/0#dispred#6337565b/2@26e894g9 with 209062 rows and digest 960f1bvldrnpevmt22nsn9fl2j5.
[2026-10-08 00:57:21] (0s) Starting to evaluate predicate _Decl::Generated::Decl.getModule/0#dispred#6337565b_TypeDecl::Generated::TypeDecl.getName/0#dispred#__#shared/1@ba5519sv
[2026-10-08 00:57:21] (0s)  >>> Created relation _Decl::Generated::Decl.getModule/0#dispred#6337565b_TypeDecl::Generated::TypeDecl.getName/0#dispred#__#shared/1@ba5519sv with 53258 rows and digest 505788nbqg0roofkds5ps8vk1e4.
[2026-10-08 00:57:21] (0s) Starting to evaluate predicate m#Raw::Raw::Decl#5bb7b5e2#b/1@314ab5fm
[2026-10-08 00:57:21] (0s)  >>> Created relation FlowSteps::TaintInheritingContent#7e1da0af/1@b49316r2 with 941 rows and digest 258f0b1idsetf4gmmasbe5mb3h6.
[2026-10-08 00:57:21] (0s)  >>> Created relation m#Raw::Raw::Decl#5bb7b5e2#b/1@314ab5fm with 60376 rows and digest b90db1mi5t0vkjrd0qcm4v4pv45.
[2026-10-08 00:57:21] (0s) Starting to evaluate predicate m#DataFlowPrivate::readStep/3#b4d23dda#fbf/1@64599blj
[2026-10-08 00:57:21] (0s) Starting to evaluate predicate Raw::Raw::Decl#5bb7b5e2#b/1@8fb9beo2
[2026-10-08 00:57:21] (0s)  >>> Created relation m#DataFlowPrivate::readStep/3#b4d23dda#fbf/1@64599blj with 941 rows and digest 258f0b1idsetf4gmmasbe5mb3h6.
[2026-10-08 00:57:21] (0s) Starting to evaluate predicate LookupExpr::Generated::LookupExpr.getMember/0#dispred#cfef83c8/2@767703rc
[2026-10-08 00:57:21] (0s)  >>> Created relation LookupExpr::Generated::LookupExpr.getMember/0#dispred#cfef83c8/2@767703rc with 1377 rows and digest 8509cbvqv8lr9pj0bbs9514qb11.
[2026-10-08 00:57:21] (0s) Starting to evaluate predicate LookupExpr::Generated::LookupExpr.getMember/0#dispred#cfef83c8_10#join_rhs/2@a4a21fas
[2026-10-08 00:57:21] (0s)  >>> Created relation LookupExpr::Generated::LookupExpr.getMember/0#dispred#cfef83c8_10#join_rhs/2@a4a21fas with 1377 rows and digest f992dbh2i5no7q2m3n3ole0rrs4.
[2026-10-08 00:57:21] (0s) Starting to evaluate predicate DataFlowPrivate::TPatternNode#da658430_12#join_rhs/2@8e2aa40u
[2026-10-08 00:57:21] (0s)  >>> Created relation DataFlowPrivate::TPatternNode#da658430_12#join_rhs/2@8e2aa40u with 6 rows and digest 8afa30t8l95t95udgqkd066h6rb.
[2026-10-08 00:57:21] (0s) Starting to evaluate predicate OptionalSomePattern::Generated::OptionalSomePattern.getSubPattern/0#dispred#64e9fdc6/2@047119nb
[2026-10-08 00:57:21] (0s)  >>> Created relation OptionalSomePattern::Generated::OptionalSomePattern.getSubPattern/0#dispred#64e9fdc6/2@047119nb with 2 rows and digest c4dd2fln28aduren3h947bvkthd.
[2026-10-08 00:57:21] (0s) Starting to evaluate predicate FlowSummaryImpl::Private::Steps::summaryReadStep/3#d7957796#fbf/3@ece1710d
[2026-10-08 00:57:21] (0s)  >>> Created relation FlowSummaryImpl::Private::Steps::summaryReadStep/3#d7957796#fbf/3@ece1710d with 0 rows and digest THIS-RELATION-HAS-NO-TUPLES.
[2026-10-08 00:57:21] (0s) Starting to evaluate predicate Callable::Generated::Callable.getParam/1#dispred#73056655_102#join_rhs/3@af9d44mm
[2026-10-08 00:57:21] (0s)  >>> Created relation Raw::Raw::Decl#5bb7b5e2#b/1@8fb9beo2 with 47078 rows and digest 2d2326h4bvg4i1cocqt0enm1qk0.
[2026-10-08 00:57:21] (0s) Starting to evaluate predicate Synth::Synth::convertDeclFromRaw/1#11ddb6a3#bf/2@f2345d5g
[2026-10-08 00:57:21] (0s)  >>> Created relation Callable::Generated::Callable.getParam/1#dispred#73056655_102#join_rhs/3@af9d44mm with 48318 rows and digest 0b5ca123l5266em9nssv2703d86.
[2026-10-08 00:57:21] (0s) Starting to evaluate predicate VarDecl::Generated::VarDecl.getImmediateType/0#dispred#494e1bde/2@97bd460g
[2026-10-08 00:57:21] (0s)  >>> Created relation Synth::Synth::convertDeclFromRaw/1#11ddb6a3#bf/2@f2345d5g with 46670 rows and digest 297f0b3orkia2gnsh8l964975rd.
[2026-10-08 00:57:21] (0s) Starting to evaluate predicate Decl::Generated::Decl.getAMember/0#dispred#8544abdc/2@4dda15ce
[2026-10-08 00:57:21] (0s)  >>> Created relation Decl::Generated::Decl.getAMember/0#dispred#8544abdc/2@4dda15ce with 39817 rows and digest 62c9b5co763slu18u5k3rh3b577.
[2026-10-08 00:57:21] (0s) Starting to evaluate predicate Decl::Generated::Decl.getAMember/0#dispred#8544abdc_10#join_rhs/2@d0cf99sg
[2026-10-08 00:57:21] (0s)  >>> Created relation Decl::Generated::Decl.getAMember/0#dispred#8544abdc_10#join_rhs/2@d0cf99sg with 39817 rows and digest 48988fs3vfk7699ae5a5l1qtcnd.
[2026-10-08 00:57:21] (0s) Starting to evaluate predicate Synth::Synth::TProtocolDecl#76ae7699_1#join_rhs/1@148cee5v
[2026-10-08 00:57:21] (0s)  >>> Created relation Synth::Synth::TProtocolDecl#76ae7699_1#join_rhs/1@148cee5v with 268 rows and digest 344e0fkucr38lf5essil5nhi0n2.
[2026-10-08 00:57:21] (0s) Starting to evaluate predicate Synth::Synth::TNominalTypeDecl#f1bfce46/1@ed807fgq
[2026-10-08 00:57:21] (0s)  >>> Created relation Synth::Synth::TNominalTypeDecl#f1bfce46/1@ed807fgq with 4050 rows and digest c6b3f6gl7lfmjkkkdctgnp9tl16.
[2026-10-08 00:57:21] (0s) Starting to evaluate predicate VarDecl::Generated::VarDecl.getName/0#dispred#02eda0d8_10#join_rhs/2@eee24a02
[2026-10-08 00:57:21] (0s)  >>> Created relation VarDecl::Generated::VarDecl.getName/0#dispred#02eda0d8_10#join_rhs/2@eee24a02 with 121108 rows and digest 5b9c19o87fne0grejpcf1vljqu4.
[2026-10-08 00:57:21] (0s) Starting to evaluate predicate #TypeDecl::TypeDecl.getABaseTypeDecl/0#dispred#4bea76f0Plus#bf#sourceBound#4#2#3/1@2204fe41
[2026-10-08 00:57:21] (0s)  >>> Created relation #TypeDecl::TypeDecl.getABaseTypeDecl/0#dispred#4bea76f0Plus#bf#sourceBound#4#2#3/1@2204fe41 with 7193 rows and digest dabe91jigughf7kqoko3ulgs123.
[2026-10-08 00:57:21] (0s) Starting to evaluate predicate m#Decl::Decl.asNominalTypeDecl/0#dispred#6841cd82#bf/1@016a2ej4
[2026-10-08 00:57:21] (0s)  >>> Created relation m#Decl::Decl.asNominalTypeDecl/0#dispred#6841cd82#bf/1@016a2ej4 with 98403 rows and digest 21993286rff8hda777l3kck2kv5.
[2026-10-08 00:57:21] (0s) Starting to evaluate predicate m#@generic_type_decl#b/1@5c6efamj
[2026-10-08 00:57:21] (0s)  >>> Created relation m#@generic_type_decl#b/1@5c6efamj with 63441 rows and digest 5008675c3nqrp1amh3mmnmmeugd.
[2026-10-08 00:57:21] (0s) Starting to evaluate predicate m#@nominal_type_decl#b/1@4055815u
[2026-10-08 00:57:21] (0s)  >>> Created relation m#@nominal_type_decl#b/1@4055815u with 63441 rows and digest 5008675c3nqrp1amh3mmnmmeugd.
[2026-10-08 00:57:21] (0s) Starting to evaluate predicate @nominal_type_decl#b/1@26ce99vk
[2026-10-08 00:57:21] (0s)  >>> Created relation @nominal_type_decl#b/1@26ce99vk with 4050 rows and digest 57c12dft6aiku4k0193hv8fsr85.
[2026-10-08 00:57:21] (0s) Starting to evaluate predicate m#Synth::Synth::convertNominalTypeDeclFromRaw/1#053ecc94#bf/1@00cb82ah
[2026-10-08 00:57:21] (0s)  >>> Created relation VarDecl::Generated::VarDecl.getImmediateType/0#dispred#494e1bde/2@97bd460g with 121108 rows and digest 3a95410tdv3cbna0fq1ni1hm6p5.
[2026-10-08 00:57:21] (0s) Starting to evaluate predicate VarDecl::Generated::VarDecl.getType/0#dispred#e5cf2565/2@19a8c4sq
[2026-10-08 00:57:21] (0s)  >>> Created relation m#Synth::Synth::convertNominalTypeDeclFromRaw/1#053ecc94#bf/1@00cb82ah with 4056 rows and digest 0e1968vidcnq2prhjtts2brts55.
[2026-10-08 00:57:21] (0s) Starting to evaluate predicate Synth::Synth::convertNominalTypeDeclFromRaw/1#053ecc94#bf/2@2640159g
[2026-10-08 00:57:21] (0s)  >>> Created relation Synth::Synth::convertNominalTypeDeclFromRaw/1#053ecc94#bf/2@2640159g with 4050 rows and digest 8bb643rsdb6uhfe3nfj00iql9d1.
[2026-10-08 00:57:21] (0s)  >>> Created relation ExtensionDecl::Generated::ExtensionDecl.getExtendedTypeDecl/0#dispred#9b7f025d/2@6e80703o with 4471 rows and digest 64ff27jmit3nsv8nnhsta3l77a7.
[2026-10-08 00:57:21] (0s)  >>> Created relation Decl::Decl.asNominalTypeDecl/0#dispred#6841cd82#bf/2@5c55cd5m with 8022 rows and digest 73bccb0jbq7f6tqkfjj8jpe6jn4.
[2026-10-08 00:57:21] (0s) Starting to evaluate predicate FoundationIdentity::processMember/1#5451aa48/1@accb81a6
[2026-10-08 00:57:21] (0s)  >>> Created relation FoundationIdentity::processMember/1#5451aa48/1@accb81a6 with 27 rows and digest 38d6bbpma7gn9h196kehv62sft4.
[2026-10-08 00:57:21] (0s)  >>> Created relation any_function_type_param_types/3@78ac1fq9 with 112780 rows and digest 467480pt5iab5fp3scrkg2vp27c.
[2026-10-08 00:57:21] (0s)  >>> Created relation unary_syntax_sugar_types/2@536cc0fh with 3166 rows and digest 2ece64922ekb8id40inoaov0kq9.
[2026-10-08 00:57:21] (0s) Starting to evaluate predicate m#Raw::Raw::Type#99a362c7#b/1@86a06c3g
[2026-10-08 00:57:21] (0s)  >>> Created relation VarDecl::Generated::VarDecl.getType/0#dispred#e5cf2565/2@19a8c4sq with 121108 rows and digest 147f90re3eeo0ncu4e3fm98jpv8.
[2026-10-08 00:57:21] (0s) Starting to evaluate predicate Synth::Synth::TMetatypeType#bfd87215_1#join_rhs/1@c3e66dgp
[2026-10-08 00:57:21] (0s)  >>> Created relation Synth::Synth::TMetatypeType#bfd87215_1#join_rhs/1@c3e66dgp with 16968 rows and digest dcf15999b8o9n4a2g0buigjn077.
[2026-10-08 00:57:21] (0s) Starting to evaluate predicate Method::Method.isStaticOrClassMethod/0#dispred#a434593f#b/1@0e598ce1
[2026-10-08 00:57:21] (0s)  >>> Created relation Method::Method.isStaticOrClassMethod/0#dispred#a434593f#b/1@0e598ce1 with 3841 rows and digest 66f969rdvsls95d28ni6pev6bqf.
[2026-10-08 00:57:21] (0s) Starting to evaluate predicate Method::Method.isInstanceMethod/0#dispred#e92c1e96#b/1@631b7c0r
[2026-10-08 00:57:21] (0s)  >>> Created relation Method::Method.isInstanceMethod/0#dispred#e92c1e96#b/1@631b7c0r with 16494 rows and digest f50fda072g8vternmaojqbfdgpd.
[2026-10-08 00:57:21] (0s) Starting to evaluate predicate Method::Method.hasQualifiedName/2#dispred#77508db1_102#join_rhs/3@1548242d
[2026-10-08 00:57:21] (0s)  >>> Created relation m#Raw::Raw::Type#99a362c7#b/1@86a06c3g with 34867 rows and digest 8283ac5d30do9pj1ehg23e4e8t2.
[2026-10-08 00:57:21] (0s) Starting to evaluate predicate Raw::Raw::Type#99a362c7#b/1@4613682m
[2026-10-08 00:57:21] (0s)  >>> Created relation Method::Method.hasQualifiedName/2#dispred#77508db1_102#join_rhs/3@1548242d with 21417 rows and digest e793cac2595bs313lvgac03lhie.
[2026-10-08 00:57:21] (0s) Starting to evaluate predicate Method::Method.hasQualifiedName/3#dispred#ae9e038b#fbbf#cpe#14/2@37bd5bpn
[2026-10-08 00:57:21] (0s)  >>> Created relation Method::Method.hasQualifiedName/3#dispred#ae9e038b#fbbf#cpe#14/2@37bd5bpn with 34 rows and digest 8892a7pd2f6rd91v988a2n4nkf9.
[2026-10-08 00:57:21] (0s) Starting to evaluate predicate Synth::Synth::TStringLiteralExpr#2798413b_10#join_rhs/2@7371a3km
[2026-10-08 00:57:21] (0s)  >>> Created relation Synth::Synth::TStringLiteralExpr#2798413b_10#join_rhs/2@7371a3km with 474 rows and digest bebe58a8k9cfmq1dgl0qs43cle3.
[2026-10-08 00:57:21] (0s) Starting to evaluate predicate DataFlowPrivate::userDefaultsLiteralKey/3#a599d1c2/3@3d2aeb8f
[2026-10-08 00:57:21] (0s)  >>> Created relation Raw::Raw::Type#99a362c7#b/1@4613682m with 34867 rows and digest 8283ac5d30do9pj1ehg23e4e8t2.
[2026-10-08 00:57:21] (0s) Starting to evaluate predicate Synth::Synth::convertTypeFromRaw/1#69bbb1b7#bf/2@8ccf8buj
[2026-10-08 00:57:21] (0s)  >>> Created relation Synth::Synth::convertTypeFromRaw/1#69bbb1b7#bf/2@8ccf8buj with 34867 rows and digest aac8fbugks7i15t4p37oia9tb2f.
[2026-10-08 00:57:21] (0s) Starting to evaluate predicate VarDecl::Generated::VarDecl.getImmediateType/0#dispred#494e1bde/2@e4c7470j
[2026-10-08 00:57:21] (0s)  >>> Created relation VarDecl::Generated::VarDecl.getImmediateType/0#dispred#494e1bde/2@e4c7470j with 121108 rows and digest 3a95410tdv3cbna0fq1ni1hm6p5.
[2026-10-08 00:57:21] (0s)  >>> Created relation types/3@956870vm with 138829 rows and digest fd30e2g17m5l1jqldnen5jqmj38.
[2026-10-08 00:57:21] (0s) Starting to evaluate predicate m#Raw::Raw::Pattern#6d63e72f#b/1@dd7738fo
[2026-10-08 00:57:21] (0s)  >>> Created relation m#Raw::Raw::Pattern#6d63e72f#b/1@dd7738fo with 2 rows and digest 48a902mubp5sv5vjofvlt776e33.
[2026-10-08 00:57:21] (0s) Starting to evaluate predicate Synth::Synth::convertPatternFromRaw/1#aac7661b#bf/2@5bba58ql
[2026-10-08 00:57:21] (0s)  >>> Created relation Synth::Synth::convertPatternFromRaw/1#aac7661b#bf/2@5bba58ql with 2 rows and digest 36b0b65ues53nvg74ibqf8jo1h2.
[2026-10-08 00:57:21] (0s) Starting to evaluate predicate Raw::Raw::Pattern#6d63e72f#b/1@6bc107u4
[2026-10-08 00:57:21] (0s)  >>> Created relation Raw::Raw::Pattern#6d63e72f#b/1@6bc107u4 with 2 rows and digest 48a902mubp5sv5vjofvlt776e33.
[2026-10-08 00:57:21] (0s) Starting to evaluate predicate m#Raw::Raw::Expr#8a3b61a4#b/1@4703702r
[2026-10-08 00:57:21] (0s)  >>> Created relation m#Raw::Raw::Expr#8a3b61a4#b/1@4703702r with 13738 rows and digest 854830jv7rg3scq3ngj5tg56ard.
[2026-10-08 00:57:21] (0s) Starting to evaluate predicate Raw::Raw::Expr#8a3b61a4#b/1@05807d2b
[2026-10-08 00:57:21] (0s)  >>> Created relation Raw::Raw::Expr#8a3b61a4#b/1@05807d2b with 13738 rows and digest 854830jv7rg3scq3ngj5tg56ard.
[2026-10-08 00:57:21] (0s) Starting to evaluate predicate Raw::Raw::ApplyExpr.getFunction/0#dispred#bd9824c5/2@857e0973
[2026-10-08 00:57:21] (0s)  >>> Created relation Raw::Raw::ApplyExpr.getFunction/0#dispred#bd9824c5/2@857e0973 with 6121 rows and digest 79b9e1rfil44133r2d8bkdj7q49.
[2026-10-08 00:57:21] (0s) Starting to evaluate predicate MethodLookupExpr::MethodLookupExpr.getUnderlying/0#dispred#1cb45815_10#join_rhs/2@8a1ccc21
[2026-10-08 00:57:21] (0s)  >>> Created relation MethodLookupExpr::MethodLookupExpr.getUnderlying/0#dispred#1cb45815_10#join_rhs/2@8a1ccc21 with 951 rows and digest 48a4c68c5l23b90miq6qm2embl9.
[2026-10-08 00:57:21] (0s) Starting to evaluate predicate m#Synth::Synth::convertExprFromRaw/1#05c84b4a#bf/1@c8f84a43
[2026-10-08 00:57:21] (0s)  >>> Created relation m#Synth::Synth::convertExprFromRaw/1#05c84b4a#bf/1@c8f84a43 with 13738 rows and digest 854830jv7rg3scq3ngj5tg56ard.
[2026-10-08 00:57:21] (0s) Starting to evaluate predicate Synth::Synth::convertExprFromRaw/1#05c84b4a#bf/2@eddc52uh
[2026-10-08 00:57:21] (0s)  >>> Created relation Synth::Synth::convertExprFromRaw/1#05c84b4a#bf/2@eddc52uh with 13738 rows and digest b2685ck9jb9g2jirp18463t4ht0.
[2026-10-08 00:57:21] (0s) Starting to evaluate predicate Expr::Expr.getResolveStep/0#dispred#318c6ca3/2@514ffcdd
[2026-10-08 00:57:21] (0s)  >>> Created relation Expr::Expr.getResolveStep/0#dispred#318c6ca3/2@514ffcdd with 958 rows and digest 3bf4car3cmn1jph4najrhje5cte.
[2026-10-08 00:57:21] (0s) Starting to evaluate predicate Element::Generated::Element.getResolveStep/0#dispred#f0bb72ef/2@d37197ce
[2026-10-08 00:57:21] (0s)  >>> Created relation Element::Generated::Element.getResolveStep/0#dispred#f0bb72ef/2@d37197ce with 3237 rows and digest 530794gng4nor85rtp4dar0oi2d.
[2026-10-08 00:57:21] (0s)  >>> Created relation Element::Generated::Element.getResolveStep/0#dispred#f0bb72ef_0#antijoin_rhs/1@a5a254sj with 3237 rows and digest f2f64bmfosl9d9hprv8cin9nhle.
[2026-10-08 00:57:21] (0s) Starting to evaluate predicate m#Synth::Synth::convertAnyFunctionTypeToRaw/1#e6d8e888#fb/1@b85c7duu
[2026-10-08 00:57:21] (0s)  >>> Created relation m#Synth::Synth::convertAnyFunctionTypeToRaw/1#e6d8e888#fb/1@b85c7duu with 138829 rows and digest c407f0i53kd96tqeeetuf2n6htd.
[2026-10-08 00:57:21] (0s) Starting to evaluate predicate Synth::Synth::convertAnyFunctionTypeToRaw/1#e6d8e888#fb/2@324dc6pf
[2026-10-08 00:57:21] (0s)  >>> Created relation Synth::Synth::convertAnyFunctionTypeToRaw/1#e6d8e888#fb/2@324dc6pf with 82763 rows and digest 3b441cocqcs8aqmt3tl9o1juu8a.
[2026-10-08 00:57:21] (0s) Starting to evaluate predicate Synth::Synth::convertAnyFunctionTypeToRaw/1#e6d8e888#fb_10#join_rhs/2@38cd8eul
[2026-10-08 00:57:21] (0s)  >>> Created relation Synth::Synth::convertAnyFunctionTypeToRaw/1#e6d8e888#fb_10#join_rhs/2@38cd8eul with 82763 rows and digest 9cda08egvo4p2h6hvcuk9dpf9eb.
[2026-10-08 00:57:21] (0s) Starting to evaluate predicate AnyFunctionType::Generated::AnyFunctionType.getImmediateParamType/1#dispred#a4fad9eb/3@f4d6ea83
[2026-10-08 00:57:21] (0s)  >>> Created relation AnyFunctionType::Generated::AnyFunctionType.getImmediateParamType/1#dispred#a4fad9eb/3@f4d6ea83 with 112780 rows and digest c56d2968hdmbs5es8khgakgna8f.
[2026-10-08 00:57:21] (0s)  >>> Created relation Expr::Expr.getResolveStep/0#dispred#318c6ca3_0#antijoin_rhs/1@01b625o0 with 958 rows and digest 062188d65nakf34c9m3ufpea9o5.
[2026-10-08 00:57:21] (0s) Starting to evaluate predicate _Expr::Expr.getResolveStep/0#dispred#318c6ca3_0#antijoin_rhs_MethodLookupExpr::MethodLookupExpr.getU__#shared/2@ab05f6cc
[2026-10-08 00:57:21] (0s)  >>> Created relation _Expr::Expr.getResolveStep/0#dispred#318c6ca3_0#antijoin_rhs_MethodLookupExpr::MethodLookupExpr.getU__#shared/2@ab05f6cc with 951 rows and digest e2388420epaajgvlo4h59qqah1e.
[2026-10-08 00:57:21] (0s)  >>> Created relation m#Synth::Synth::convertApplyExprToRaw/1#55467ecc#fb/1@31e052o2 with 40303 rows and digest a4fe0fbhp7fma2t1m6qf90q62e7.
[2026-10-08 00:57:21] (0s)  >>> Created relation Synth::Synth::convertApplyExprToRaw/1#55467ecc#fb/2@804a57if with 5170 rows and digest db17801s5g9ce28vpac57sl7f52.
[2026-10-08 00:57:21] (0s)  >>> Created relation Synth::Synth::convertApplyExprToRaw/1#55467ecc#fb_10#join_rhs/2@e7e15477 with 5170 rows and digest 68c692g9e1amicn8c0fp6ir6ab3.
[2026-10-08 00:57:21] (0s) Starting to evaluate predicate _Expr::Expr.getResolveStep/0#dispred#318c6ca3_0#antijoin_rhs_Raw::Raw::ApplyExpr.getFunction/0#dispr__#shared/2@736851a6
[2026-10-08 00:57:21] (0s)  >>> Created relation _Expr::Expr.getResolveStep/0#dispred#318c6ca3_0#antijoin_rhs_Raw::Raw::ApplyExpr.getFunction/0#dispr__#shared/2@736851a6 with 5170 rows and digest 0ca06ag26ib3o61vh6bloi5q977.
[2026-10-08 00:57:21] (0s) Starting to evaluate predicate m#Synth::Synth::convertLookupExprToRaw/1#ea59557a#fb/1@75fb1fl5
[2026-10-08 00:57:21] (0s)  >>> Created relation m#Synth::Synth::convertLookupExprToRaw/1#ea59557a#fb/1@75fb1fl5 with 40303 rows and digest a4fe0fbhp7fma2t1m6qf90q62e7.
[2026-10-08 00:57:21] (0s)  >>> Created relation Synth::Synth::convertLookupExprToRaw/1#ea59557a#fb/2@37c5ed6n with 2353 rows and digest 752702trfbr2mhl0ntumps2qk68.
[2026-10-08 00:57:21] (0s)  >>> Created relation Synth::Synth::convertLookupExprToRaw/1#ea59557a#fb_10#join_rhs/2@a8ac6bt3 with 2353 rows and digest 47c3287hna071jl0ucs24ishvnc.
[2026-10-08 00:57:21] (0s) Starting to evaluate predicate LookupExpr::Generated::LookupExpr.getImmediateBase/0#dispred#34571f86/2@6113f9b8
[2026-10-08 00:57:21] (0s)  >>> Created relation LookupExpr::Generated::LookupExpr.getImmediateBase/0#dispred#34571f86/2@6113f9b8 with 2353 rows and digest 7f2bc3kavbfmotqhltpu8f82od5.
[2026-10-08 00:57:21] (0s) Starting to evaluate predicate _Expr::Expr.getResolveStep/0#dispred#318c6ca3_0#antijoin_rhs_LookupExpr::Generated::LookupExpr.getIm__#shared/2@99f4dais
[2026-10-08 00:57:21] (0s)  >>> Created relation _Expr::Expr.getResolveStep/0#dispred#318c6ca3_0#antijoin_rhs_LookupExpr::Generated::LookupExpr.getIm__#shared/2@99f4dais with 2353 rows and digest 7f2bc3kavbfmotqhltpu8f82od5.
[2026-10-08 00:57:21] (0s) Starting to evaluate predicate m#Synth::Synth::convertUnarySyntaxSugarTypeToRaw/1#6520379f#fb/1@8b4b89qj
[2026-10-08 00:57:21] (0s)  >>> Created relation m#Synth::Synth::convertUnarySyntaxSugarTypeToRaw/1#6520379f#fb/1@8b4b89qj with 138829 rows and digest c407f0i53kd96tqeeetuf2n6htd.
[2026-10-08 00:57:21] (0s) Starting to evaluate predicate Synth::Synth::convertUnarySyntaxSugarTypeToRaw/1#6520379f#fb/2@f2c5c3tr
[2026-10-08 00:57:21] (0s)  >>> Created relation Synth::Synth::convertUnarySyntaxSugarTypeToRaw/1#6520379f#fb/2@f2c5c3tr with 3166 rows and digest d679075gfj0k75vg50lkhjtq0s8.
[2026-10-08 00:57:21] (0s) Starting to evaluate predicate Synth::Synth::convertUnarySyntaxSugarTypeToRaw/1#6520379f#fb_10#join_rhs/2@4b679buk
[2026-10-08 00:57:21] (0s)  >>> Created relation Synth::Synth::convertUnarySyntaxSugarTypeToRaw/1#6520379f#fb_10#join_rhs/2@4b679buk with 3166 rows and digest 287f48uadd19gb411hirqpjp4fd.
[2026-10-08 00:57:21] (0s) Starting to evaluate predicate UnarySyntaxSugarType::Generated::UnarySyntaxSugarType.getImmediateBaseType/0#dispred#33daf80b/2@87400d3j
[2026-10-08 00:57:21] (0s)  >>> Created relation UnarySyntaxSugarType::Generated::UnarySyntaxSugarType.getImmediateBaseType/0#dispred#33daf80b/2@87400d3j with 3166 rows and digest 4296f3him1giokfuca1dc0nr42b.
[2026-10-08 00:57:21] (0s) Starting to evaluate predicate _Element::Generated::Element.getResolveStep/0#dispred#f0bb72ef_0#antijoin_rhs_UnarySyntaxSugarType::__#shared/2@deb08du1
[2026-10-08 00:57:21] (0s)  >>> Created relation _Element::Generated::Element.getResolveStep/0#dispred#f0bb72ef_0#antijoin_rhs_UnarySyntaxSugarType::__#shared/2@deb08du1 with 3166 rows and digest 4296f3him1giokfuca1dc0nr42b.
[2026-10-08 00:57:21] (0s) Starting to evaluate predicate DictionaryType::Generated::DictionaryType.getImmediateValueType/0#dispred#bba332e8/2@860ee2vj
[2026-10-08 00:57:21] (0s)  >>> Created relation DictionaryType::Generated::DictionaryType.getImmediateValueType/0#dispred#bba332e8/2@860ee2vj with 50 rows and digest 26df5ei5n8k1qmdj6ftd806k8oe.
[2026-10-08 00:57:21] (0s) Starting to evaluate predicate _DictionaryType::Generated::DictionaryType.getImmediateValueType/0#dispred#bba332e8_Element::Generat__#shared/2@90f37e8k
[2026-10-08 00:57:21] (0s)  >>> Created relation _DictionaryType::Generated::DictionaryType.getImmediateValueType/0#dispred#bba332e8_Element::Generat__#shared/2@90f37e8k with 50 rows and digest 26df5ei5n8k1qmdj6ftd806k8oe.
[2026-10-08 00:57:21] (0s) Starting to evaluate predicate TypeDecl::Generated::TypeDecl.getImmediateInheritedType/1#dispred#6dc4c819/3@d2a009nn
[2026-10-08 00:57:21] (0s)  >>> Created relation TypeDecl::Generated::TypeDecl.getImmediateInheritedType/1#dispred#6dc4c819/3@d2a009nn with 2579 rows and digest 93e605i3sv0lo5ol4flkbe472t2.
[2026-10-08 00:57:21] (0s) Starting to evaluate predicate NominalTypeDecl::Generated::NominalTypeDecl.getImmediateType/0#dispred#43af5f09/2@d9b1b3pv
[2026-10-08 00:57:21] (0s)  >>> Created relation NominalTypeDecl::Generated::NominalTypeDecl.getImmediateType/0#dispred#43af5f09/2@d9b1b3pv with 4050 rows and digest 56d48frbgrsb3838prscav9ff73.
[2026-10-08 00:57:21] (0s) Starting to evaluate predicate m#Synth::Synth::convertClosureExprToRaw/1#54e3c165#fb/1@a88fa5ts
[2026-10-08 00:57:21] (0s)  >>> Created relation m#Synth::Synth::convertClosureExprToRaw/1#54e3c165#fb/1@a88fa5ts with 97479 rows and digest f1bfc97koro3r7nb27nm79tjord.
[2026-10-08 00:57:21] (0s)  >>> Created relation Synth::Synth::convertClosureExprToRaw/1#54e3c165#fb/2@3b791711 with 1 rows and digest b8ec8asu34sen9ra9sjibde6m04.
[2026-10-08 00:57:21] (0s)  >>> Created relation Synth::Synth::convertClosureExprToRaw/1#54e3c165#fb_10#join_rhs/2@55a447gp with 1 rows and digest 3642bcbej32sokoa6iu5m633110.
[2026-10-08 00:57:21] (0s)  >>> Created relation Synth::Synth::convertExprToRaw/1#9d4e4c98#fb/2@ebb59eve with 40303 rows and digest 2e5f81sqlah3pd6cpvt74ike602.
[2026-10-08 00:57:21] (0s)  >>> Created relation Synth::Synth::convertExprToRaw/1#9d4e4c98#fb_10#join_rhs/2@dbc43fg7 with 40303 rows and digest c1fc12k5r1n5q10kh03uk9i78od.
[2026-10-08 00:57:21] (0s) Starting to evaluate predicate Expr::Generated::Expr.getImmediateType/0#dispred#c20a3289/2@4759814r
[2026-10-08 00:57:21] (0s)  >>> Created relation Expr::Generated::Expr.getImmediateType/0#dispred#c20a3289/2@4759814r with 40303 rows and digest 33e5ddcsi5ovppml3gc00gvmra5.
[2026-10-08 00:57:21] (0s) Starting to evaluate predicate TypeAliasDecl::Generated::TypeAliasDecl.getImmediateAliasedType/0#dispred#c65f8550/2@c2cf80ir
[2026-10-08 00:57:21] (0s)  >>> Created relation TypeAliasDecl::Generated::TypeAliasDecl.getImmediateAliasedType/0#dispred#c65f8550/2@c2cf80ir with 4123 rows and digest 1aff5522ld436cpj7pfq0829076.
[2026-10-08 00:57:21] (0s) Starting to evaluate predicate Argument::Generated::Argument.getImmediateExpr/0#dispred#bd31ccee/2@2c90d33r
[2026-10-08 00:57:21] (0s)  >>> Created relation Argument::Generated::Argument.getImmediateExpr/0#dispred#bd31ccee/2@2c90d33r with 4306 rows and digest 94e1041v3udvs9id1tdirdm1vvc.
[2026-10-08 00:57:21] (0s) Starting to evaluate predicate DictionaryType::Generated::DictionaryType.getImmediateKeyType/0#dispred#ad6d763e/2@a27eebig
[2026-10-08 00:57:21] (0s)  >>> Created relation DictionaryType::Generated::DictionaryType.getImmediateKeyType/0#dispred#ad6d763e/2@a27eebig with 50 rows and digest b99ebd1n56thnkr9g4chmqm7765.
[2026-10-08 00:57:21] (0s) Starting to evaluate predicate _DictionaryType::Generated::DictionaryType.getImmediateKeyType/0#dispred#ad6d763e_Element::Generated__#shared/1@3f4df39i
[2026-10-08 00:57:21] (0s)  >>> Created relation _DictionaryType::Generated::DictionaryType.getImmediateKeyType/0#dispred#ad6d763e_Element::Generated__#shared/1@3f4df39i with 31 rows and digest bfa311tdusg7aebe5ieh1ojmba3.
[2026-10-08 00:57:21] (0s) Starting to evaluate predicate @generic_type_decl#b/1@0d0a4e0g
[2026-10-08 00:57:21] (0s)  >>> Created relation @generic_type_decl#b/1@0d0a4e0g with 6603 rows and digest e36d33mk6stmk50eljdg48vh3d6.
[2026-10-08 00:57:21] (0s) Starting to evaluate predicate Synth::Synth::convertGenericTypeDeclFromRaw/1#53f2731d#bf/2@3df14dti
[2026-10-08 00:57:21] (0s)  >>> Created relation Synth::Synth::convertGenericTypeDeclFromRaw/1#53f2731d#bf/2@3df14dti with 4056 rows and digest c06342ctg0nglsk7mqaniemkrm7.
[2026-10-08 00:57:21] (0s) Starting to evaluate predicate m#Synth::Synth::convertAnyGenericTypeToRaw/1#7f7b1da2#fb/1@459a9b5k
[2026-10-08 00:57:21] (0s)  >>> Created relation m#Synth::Synth::convertAnyGenericTypeToRaw/1#7f7b1da2#fb/1@459a9b5k with 138829 rows and digest c407f0i53kd96tqeeetuf2n6htd.
[2026-10-08 00:57:21] (0s) Starting to evaluate predicate Synth::Synth::convertAnyGenericTypeToRaw/1#7f7b1da2#fb/2@6b021a5s
[2026-10-08 00:57:21] (0s)  >>> Created relation Synth::Synth::convertAnyGenericTypeToRaw/1#7f7b1da2#fb/2@6b021a5s with 13288 rows and digest 66807e9gi31t259912o7he8h3ic.
[2026-10-08 00:57:21] (0s)  >>> Created relation Synth::Synth::convertAnyGenericTypeToRaw/1#7f7b1da2#fb_10#join_rhs/2@e42669f4 with 13288 rows and digest 65fe539ceeh77veddccc2q3aea7.
[2026-10-08 00:57:21] (0s) Starting to evaluate predicate AnyGenericType::Generated::AnyGenericType.getDeclaration/0#dispred#4c42e1b4/2@a5a525vf
[2026-10-08 00:57:21] (0s)  >>> Created relation AnyGenericType::Generated::AnyGenericType.getDeclaration/0#dispred#4c42e1b4/2@a5a525vf with 13288 rows and digest a914b2ol51m026j3u34j7bb0219.
[2026-10-08 00:57:21] (0s) Starting to evaluate predicate AnyGenericType::Generated::AnyGenericType.getDeclaration/0#dispred#4c42e1b4_1#join_rhs/1@93c346gt
[2026-10-08 00:57:21] (0s)  >>> Created relation AnyGenericType::Generated::AnyGenericType.getDeclaration/0#dispred#4c42e1b4_1#join_rhs/1@93c346gt with 4056 rows and digest ef55221odb4ld93fnas4f8s8al3.
[2026-10-08 00:57:21] (0s) Starting to evaluate predicate _AnyGenericType::Generated::AnyGenericType.getDeclaration/0#dispred#4c42e1b4_1#join_rhs_TypeDecl::Ge__#shared/1@e445a0lv
[2026-10-08 00:57:21] (0s)  >>> Created relation _AnyGenericType::Generated::AnyGenericType.getDeclaration/0#dispred#4c42e1b4_1#join_rhs_TypeDecl::Ge__#shared/1@e445a0lv with 223 rows and digest cf2ab5v9toieigkv2t7nhnt93k5.
[2026-10-08 00:57:21] (0s) Starting to evaluate predicate m#Element::Generated::Element.resolve/0#6937ae00#bf/1@i1#8f635wgs (iteration 1)
[2026-10-08 00:57:21] (0s) 			 - m#Element::Generated::Element.resolve/0#6937ae00#bf_delta has 56102 rows (order for disjuncts: delta=0).
[2026-10-08 00:57:21] (0s) Starting to evaluate predicate m#Element::Generated::Element.resolve/0#6937ae00#bf/1@i2#8f635wgs (iteration 2)
[2026-10-08 00:57:21] (0s) 			 - m#Element::Generated::Element.resolve/0#6937ae00#bf_delta has 762 rows (order for disjuncts: delta=<standard>).
[2026-10-08 00:57:21] (0s) Starting to evaluate predicate m#Element::Generated::Element.resolve/0#6937ae00#bf/1@i3#8f635wgs (iteration 3)
[2026-10-08 00:57:21] (0s) Empty delta for m#Element::Generated::Element.resolve/0#6937ae00#bf_delta (order for disjuncts: delta=<standard>).
[2026-10-08 00:57:21] (0s) Accumulating deltas
[2026-10-08 00:57:21] (0s)  >>> Created relation m#Element::Generated::Element.resolve/0#6937ae00#bf/1@8f635wgs with 48409 rows and digest c1cdd6k6gleglmbe43vbvptmiu5.
[2026-10-08 00:57:21] (0s) Starting to evaluate predicate _Element::Generated::Element.getResolveStep/0#dispred#f0bb72ef_m#Element::Generated::Element.resolve__#join_rhs/2@7297a3rq
[2026-10-08 00:57:21] (0s)  >>> Created relation _Element::Generated::Element.getResolveStep/0#dispred#f0bb72ef_m#Element::Generated::Element.resolve__#join_rhs/2@7297a3rq with 2990 rows and digest 27d76anu0g8sfeevqrc2c0h4nif.
[2026-10-08 00:57:21] (0s) Starting to evaluate predicate Element::Generated::Element.resolve/0#6937ae00#bf/2@i1#58ef6weg (iteration 1)
[2026-10-08 00:57:21] (0s) 			 - Element::Generated::Element.resolve/0#6937ae00#bf_delta has 45419 rows (order for disjuncts: delta=0).
[2026-10-08 00:57:21] (0s) Starting to evaluate predicate Element::Generated::Element.resolve/0#6937ae00#bf/2@i2#58ef6weg (iteration 2)
[2026-10-08 00:57:21] (0s) 			 - Element::Generated::Element.resolve/0#6937ae00#bf_delta has 2990 rows (order for disjuncts: delta=<standard>).
[2026-10-08 00:57:21] (0s) Starting to evaluate predicate Element::Generated::Element.resolve/0#6937ae00#bf/2@i3#58ef6weg (iteration 3)
[2026-10-08 00:57:21] (0s) Empty delta for Element::Generated::Element.resolve/0#6937ae00#bf_delta (order for disjuncts: delta=<standard>).
[2026-10-08 00:57:21] (0s) Accumulating deltas
[2026-10-08 00:57:21] (0s)  >>> Created relation Element::Generated::Element.resolve/0#6937ae00#bf/2@58ef6weg with 48409 rows and digest a1f8dfogmaj3su85tbaj0fd8p2a.
[2026-10-08 00:57:21] (0s) Starting to evaluate predicate VarDecl::Generated::VarDecl.getType/0#dispred#e5cf2565/2@429e9bl1
[2026-10-08 00:57:21] (0s)  >>> Created relation VarDecl::Generated::VarDecl.getType/0#dispred#e5cf2565/2@429e9bl1 with 121108 rows and digest 147f90re3eeo0ncu4e3fm98jpv8.
[2026-10-08 00:57:21] (0s) Starting to evaluate predicate Synth::Synth::TOptionalType#309683f7_1#join_rhs/1@484eb9n3
[2026-10-08 00:57:21] (0s)  >>> Created relation Synth::Synth::TOptionalType#309683f7_1#join_rhs/1@484eb9n3 with 2908 rows and digest dc1e7el8t1dlk267q7mh4tutoe0.
[2026-10-08 00:57:21] (0s) Starting to evaluate predicate UnarySyntaxSugarType::Generated::UnarySyntaxSugarType.getBaseType/0#dispred#36944573/2@722e9a44
[2026-10-08 00:57:21] (0s)  >>> Created relation UnarySyntaxSugarType::Generated::UnarySyntaxSugarType.getBaseType/0#dispred#36944573/2@722e9a44 with 3166 rows and digest e0c2f80mds5lt123l4pbi4b9pu7.
[2026-10-08 00:57:21] (0s) Starting to evaluate predicate Expr::Generated::Expr.getType/0#dispred#9d59fd56/2@e7fcc6il
[2026-10-08 00:57:21] (0s)  >>> Created relation Expr::Generated::Expr.getType/0#dispred#9d59fd56/2@e7fcc6il with 40303 rows and digest 1e6e100kpt5ks77gr6h2hvh115d.
[2026-10-08 00:57:21] (0s) Starting to evaluate predicate AnyFunctionType::Generated::AnyFunctionType.getParamType/1#dispred#db6ff49c/3@2748558q
[2026-10-08 00:57:22] (0s)  >>> Created relation AnyFunctionType::Generated::AnyFunctionType.getParamType/1#dispred#db6ff49c/3@2748558q with 112780 rows and digest c56d2968hdmbs5es8khgakgna8f.
[2026-10-08 00:57:22] (0s) Starting to evaluate predicate m#FoundationIdentity::namedType/3#849af97b#bff/1@0d62d80d
[2026-10-08 00:57:22] (0s)  >>> Created relation m#FoundationIdentity::namedType/3#849af97b#bff/1@0d62d80d with 30884 rows and digest e3dd6d9midcvpp0h6l5jkol3250.
[2026-10-08 00:57:22] (0s) Starting to evaluate predicate m#Type::Type.getUnderlyingType/0#dispred#f83db3fa#bf/1@2f27e4gj
[2026-10-08 00:57:22] (0s)  >>> Created relation m#Type::Type.getUnderlyingType/0#dispred#f83db3fa#bf/1@2f27e4gj with 31989 rows and digest eed6dd8koiii3mulol4l14rpo3b.
[2026-10-08 00:57:22] (0s) Starting to evaluate predicate m#Synth::Synth::TNominalOrBoundGenericNominalType#139a5d87#b/1@c38b3960
[2026-10-08 00:57:22] (0s)  >>> Created relation m#Synth::Synth::TNominalOrBoundGenericNominalType#139a5d87#b/1@c38b3960 with 35228 rows and digest 94a712jjel22vp6l6rnp8vbq148.
[2026-10-08 00:57:22] (0s) Starting to evaluate predicate Synth::Synth::TNominalOrBoundGenericNominalType#139a5d87#b/1@6fa1d4ku
[2026-10-08 00:57:22] (0s)  >>> Created relation Synth::Synth::TNominalOrBoundGenericNominalType#139a5d87#b/1@6fa1d4ku with 12933 rows and digest 763e12ep56f8tp77ptsh3as8mc0.
[2026-10-08 00:57:22] (0s) Starting to evaluate predicate Synth::Synth::TTypeAliasType#474ad5be_1#antijoin_rhs/1@67f9a2cp
[2026-10-08 00:57:22] (0s)  >>> Created relation Synth::Synth::TTypeAliasType#474ad5be_1#antijoin_rhs/1@67f9a2cp with 4483 rows and digest 024f8f1vl5cqi716qm18od2mihc.
[2026-10-08 00:57:22] (0s) Starting to evaluate predicate Synth::Synth::TAnyFunctionType#bd50d391#b/1@e8c2aaal
[2026-10-08 00:57:22] (0s)  >>> Created relation Synth::Synth::TAnyFunctionType#bd50d391#b/1@e8c2aaal with 82763 rows and digest 19f467j9vnnflpr3ds5hrcbu296.
[2026-10-08 00:57:22] (0s) Starting to evaluate predicate Type::Generated::Type#ec8da7f3#b/1@769195rq
[2026-10-08 00:57:22] (0s)  >>> Created relation Type::Generated::Type#ec8da7f3#b/1@769195rq with 31989 rows and digest eed6dd8koiii3mulol4l14rpo3b.
[2026-10-08 00:57:22] (0s) Starting to evaluate predicate _Element::Generated::Element.resolve/0#6937ae00#bf_TypeAliasDecl::Generated::TypeAliasDecl.getImmedi__#join_rhs/2@71e8644p
[2026-10-08 00:57:22] (0s)  >>> Created relation _Element::Generated::Element.resolve/0#6937ae00#bf_TypeAliasDecl::Generated::TypeAliasDecl.getImmedi__#join_rhs/2@71e8644p with 1466 rows and digest 8822e4bqq2s3pskvnv7are8rdl0.
[2026-10-08 00:57:22] (0s) Starting to evaluate predicate Type::Type.getUnderlyingType/0#dispred#f83db3fa#bf/2@i1#b14d7w3c (iteration 1)
[2026-10-08 00:57:22] (0s) 			 - Type::Type.getUnderlyingType/0#dispred#f83db3fa#bf_delta has 30523 rows (order for disjuncts: delta=0).
[2026-10-08 00:57:22] (0s) Starting to evaluate predicate Type::Type.getUnderlyingType/0#dispred#f83db3fa#bf/2@i2#b14d7w3c (iteration 2)
[2026-10-08 00:57:22] (0s) 			 - Type::Type.getUnderlyingType/0#dispred#f83db3fa#bf_delta has 1164 rows (order for disjuncts: delta=<standard>).
[2026-10-08 00:57:22] (0s) Starting to evaluate predicate Type::Type.getUnderlyingType/0#dispred#f83db3fa#bf/2@i3#b14d7w3c (iteration 3)
[2026-10-08 00:57:22] (0s) 			 - Type::Type.getUnderlyingType/0#dispred#f83db3fa#bf_delta has 191 rows (order for disjuncts: delta=<standard>).
[2026-10-08 00:57:22] (0s) Starting to evaluate predicate Type::Type.getUnderlyingType/0#dispred#f83db3fa#bf/2@i4#b14d7w3c (iteration 4)
[2026-10-08 00:57:22] (0s) 			 - Type::Type.getUnderlyingType/0#dispred#f83db3fa#bf_delta has 43 rows (order for disjuncts: delta=<standard>).
[2026-10-08 00:57:22] (0s) Starting to evaluate predicate Type::Type.getUnderlyingType/0#dispred#f83db3fa#bf/2@i5#b14d7w3c (iteration 5)
[2026-10-08 00:57:22] (0s) 			 - Type::Type.getUnderlyingType/0#dispred#f83db3fa#bf_delta has 13 rows (order for disjuncts: delta=<standard>).
[2026-10-08 00:57:22] (0s) Starting to evaluate predicate Type::Type.getUnderlyingType/0#dispred#f83db3fa#bf/2@i6#b14d7w3c (iteration 6)
[2026-10-08 00:57:22] (0s) 			 - Type::Type.getUnderlyingType/0#dispred#f83db3fa#bf_delta has 48 rows (order for disjuncts: delta=<standard>).
[2026-10-08 00:57:22] (0s) Starting to evaluate predicate Type::Type.getUnderlyingType/0#dispred#f83db3fa#bf/2@i7#b14d7w3c (iteration 7)
[2026-10-08 00:57:22] (0s) 			 - Type::Type.getUnderlyingType/0#dispred#f83db3fa#bf_delta has 7 rows (order for disjuncts: delta=<standard>).
[2026-10-08 00:57:22] (0s) Starting to evaluate predicate Type::Type.getUnderlyingType/0#dispred#f83db3fa#bf/2@i8#b14d7w3c (iteration 8)
[2026-10-08 00:57:22] (0s) Empty delta for Type::Type.getUnderlyingType/0#dispred#f83db3fa#bf_delta (order for disjuncts: delta=<standard>).
[2026-10-08 00:57:22] (0s) Accumulating deltas
[2026-10-08 00:57:22] (0s)  >>> Created relation Type::Type.getUnderlyingType/0#dispred#f83db3fa#bf/2@b14d7w3c with 31989 rows and digest 73cd8e727iq86al99mla8n9h8rd.
[2026-10-08 00:57:22] (0s) Starting to evaluate predicate FoundationIdentity::namedType/3#849af97b#bff/3@265ace6u
[2026-10-08 00:57:22] (0s)  >>> Created relation FoundationIdentity::namedType/3#849af97b#bff/3@265ace6u with 10373 rows and digest c51ea2bv22guvne2bf2efbheq31.
[2026-10-08 00:57:22] (0s) Starting to evaluate predicate FoundationIdentity::stringArray/1#482e108f/1@874e5fal
[2026-10-08 00:57:22] (0s)  >>> Created relation FoundationIdentity::stringArray/1#482e108f/1@874e5fal with 2 rows and digest 869086dthcnclsuq0aipr3r60l7.
[2026-10-08 00:57:22] (0s) Starting to evaluate predicate LookupExpr::Generated::LookupExpr.getBase/0#dispred#20e15c6d/2@a69286e4
[2026-10-08 00:57:22] (0s)  >>> Created relation LookupExpr::Generated::LookupExpr.getBase/0#dispred#20e15c6d/2@a69286e4 with 2353 rows and digest 7f2bc3kavbfmotqhltpu8f82od5.
[2026-10-08 00:57:22] (0s) Starting to evaluate predicate Decl::Generated::Decl.getAMember/0#dispred#8544abdc_1#join_rhs/1@817e729m
[2026-10-08 00:57:22] (0s)  >>> Created relation Decl::Generated::Decl.getAMember/0#dispred#8544abdc_1#join_rhs/1@817e729m with 39817 rows and digest 7c21baje9ej3cf7u7gk5fghbjqd.
[2026-10-08 00:57:22] (0s) Starting to evaluate predicate VarDecl::Generated::VarDecl#4107473b#b/1@80432agn
[2026-10-08 00:57:22] (0s)  >>> Created relation VarDecl::Generated::VarDecl#4107473b#b/1@80432agn with 18400 rows and digest c8cd481dit3p5vmg2b7psd85g00.
[2026-10-08 00:57:22] (0s) Starting to evaluate predicate FieldDecl::FieldDecl#96980043/1@704bb685
[2026-10-08 00:57:22] (0s)  >>> Created relation FieldDecl::FieldDecl#96980043/1@704bb685 with 18400 rows and digest c8cd481dit3p5vmg2b7psd85g00.
[2026-10-08 00:57:22] (0s) Starting to evaluate predicate LookupExpr::Generated::LookupExpr.getMember/0#dispred#cfef83c8/2@ffeb3bjk
[2026-10-08 00:57:22] (0s)  >>> Created relation LookupExpr::Generated::LookupExpr.getMember/0#dispred#cfef83c8/2@ffeb3bjk with 1376 rows and digest fa4ef2pu3i79hrpvt548rp9u4pd.
[2026-10-08 00:57:22] (0s) Starting to evaluate predicate LookupExpr::Generated::LookupExpr.getMember/0#dispred#cfef83c8_10#join_rhs/2@b5e793ba
[2026-10-08 00:57:22] (0s)  >>> Created relation LookupExpr::Generated::LookupExpr.getMember/0#dispred#cfef83c8_10#join_rhs/2@b5e793ba with 1376 rows and digest 9124bet4sppgvf9h2vtror99v18.
[2026-10-08 00:57:22] (0s) Starting to evaluate predicate Argument::Generated::Argument.getExpr/0#dispred#34a5811d/2@16c07213
[2026-10-08 00:57:22] (0s)  >>> Created relation Argument::Generated::Argument.getExpr/0#dispred#34a5811d/2@16c07213 with 4306 rows and digest e62cb6aelj4gggtnmqbc5hparj9.
[2026-10-08 00:57:22] (0s)  >>> Created relation ApplyExpr::Generated::ApplyExpr.getArgument/1#dispred#6fb5e17f/3@f29a128t with 4305 rows and digest 9e502afggcbf1l5jaeh4tmg7t62.
[2026-10-08 00:57:22] (0s) Starting to evaluate predicate DataFlowPublic::PostUpdateNode.getPreUpdateNode/0#dispred#05b3b0f2/2@d5cee0fk
[2026-10-08 00:57:22] (0s)  >>> Created relation DataFlowPublic::PostUpdateNode.getPreUpdateNode/0#dispred#05b3b0f2/2@d5cee0fk with 5599 rows and digest db68c436b42si53edaad45jb0a8.
[2026-10-08 00:57:22] (0s) Starting to evaluate predicate DataFlowPublic::PostUpdateNode.getPreUpdateNode/0#dispred#05b3b0f2_10#join_rhs/2@93736bgi
[2026-10-08 00:57:22] (0s)  >>> Created relation DataFlowPublic::PostUpdateNode.getPreUpdateNode/0#dispred#05b3b0f2_10#join_rhs/2@93736bgi with 5599 rows and digest 9ba2f09k0a8jiob7mknssla06i7.
[2026-10-08 00:57:22] (0s) Starting to evaluate predicate Synth::Synth::convertCallableToRaw/1#52a2f9a1#fb/2@1629e7gn
[2026-10-08 00:57:22] (0s)  >>> Created relation Synth::Synth::convertCallableToRaw/1#52a2f9a1#fb/2@1629e7gn with 57176 rows and digest 2e4c22hoasnv14036u223j701na.
[2026-10-08 00:57:22] (0s) Starting to evaluate predicate Synth::Synth::convertCallableToRaw/1#52a2f9a1#fb_10#join_rhs/2@0c79313g
[2026-10-08 00:57:22] (0s)  >>> Created relation Synth::Synth::convertCallableToRaw/1#52a2f9a1#fb_10#join_rhs/2@0c79313g with 57176 rows and digest 386405j7q1vtco1cao2g11gg5u2.
[2026-10-08 00:57:22] (0s) Starting to evaluate predicate Callable::Generated::Callable.getParam/1#dispred#73056655/3@f138ce9m
[2026-10-08 00:57:22] (0s)  >>> Created relation Callable::Generated::Callable.getParam/1#dispred#73056655/3@f138ce9m with 48318 rows and digest 71e8539tglb9dc10vluaq3qbsv7.
[2026-10-08 00:57:22] (0s)  >>> Created relation Callable::Generated::Callable.getParam/1#dispred#73056655_102#join_rhs/3@59e350r4 with 48318 rows and digest 0b5ca123l5266em9nssv2703d86.
[2026-10-08 00:57:22] (0s) Starting to evaluate predicate Callable::Generated::Callable.getSelfParam/0#dispred#f0323ad7/2@b4189b8h
[2026-10-08 00:57:22] (0s)  >>> Created relation Callable::Generated::Callable.getSelfParam/0#dispred#f0323ad7/2@b4189b8h with 36590 rows and digest 6dce674991cqlchb3erj2pufrl8.
[2026-10-08 00:57:22] (0s) Starting to evaluate predicate AbstractStorageDecl::Generated::AbstractStorageDecl.getAnAccessor/0#dispred#ffb51f14/2@5e5d6f3u
[2026-10-08 00:57:22] (0s)  >>> Created relation AbstractStorageDecl::Generated::AbstractStorageDecl.getAnAccessor/0#dispred#ffb51f14/2@5e5d6f3u with 30409 rows and digest de668b6mq5k0h4m4087liac4qe2.
[2026-10-08 00:57:22] (0s) Starting to evaluate predicate MethodImpl::Impl::getAMember/1#292c4cf3/2@c6e024ik
[2026-10-08 00:57:22] (0s)  >>> Created relation MethodImpl::Impl::getAMember/1#292c4cf3/2@c6e024ik with 54074 rows and digest 0fe25912a8etuoah8ai675cua15.
[2026-10-08 00:57:22] (0s) Starting to evaluate predicate Callable::Generated::Callable.getName/0#dispred#1a768ff1/2@5c93d47p
[2026-10-08 00:57:22] (0s)  >>> Created relation Callable::Generated::Callable.getName/0#dispred#1a768ff1/2@5c93d47p with 57176 rows and digest 12c07dgk9pent2d514aoj2tj838.
[2026-10-08 00:57:22] (0s) Starting to evaluate predicate #TypeDecl::TypeDecl.getABaseTypeDecl/0#dispred#4bea76f0Plus#bf#sourceBound#2#2#4/1@e761f4h1
[2026-10-08 00:57:22] (0s)  >>> Created relation #TypeDecl::TypeDecl.getABaseTypeDecl/0#dispred#4bea76f0Plus#bf#sourceBound#2#2#4/1@e761f4h1 with 57176 rows and digest 1f52a6qadc6f5b1f6gv3rnmofpa.
[2026-10-08 00:57:22] (0s) Starting to evaluate predicate m#GenericContextImpl::Impl::GenericContext#655f4e6a#b/1@0a89d4u7
[2026-10-08 00:57:22] (0s)  >>> Created relation m#GenericContextImpl::Impl::GenericContext#655f4e6a#b/1@0a89d4u7 with 57176 rows and digest 1f52a6qadc6f5b1f6gv3rnmofpa.
[2026-10-08 00:57:22] (0s) Starting to evaluate predicate GenericContextImpl::Impl::GenericContext#655f4e6a#b/1@5268dbqo
[2026-10-08 00:57:22] (0s)  >>> Created relation GenericContextImpl::Impl::GenericContext#655f4e6a#b/1@5268dbqo with 57176 rows and digest 1f52a6qadc6f5b1f6gv3rnmofpa.
[2026-10-08 00:57:22] (0s) Starting to evaluate predicate MethodImpl::Impl::Method#1b720671/1@1ca69b86
[2026-10-08 00:57:22] (0s)  >>> Created relation MethodImpl::Impl::Method#1b720671/1@1ca69b86 with 35674 rows and digest 0d296cq0un5i2ii7ve3beju5n14.
[2026-10-08 00:57:22] (0s) Starting to evaluate predicate Method::Method.isStaticOrClassMethod/0#dispred#a434593f/1@ab70932c
[2026-10-08 00:57:22] (0s)  >>> Created relation Method::Method.isStaticOrClassMethod/0#dispred#a434593f/1@ab70932c with 7053 rows and digest 5ea79a78vc6anagn0oo0i6mls63.
[2026-10-08 00:57:22] (0s)  >>> Created relation param_decl_is_inout/1@ca4c40pu with 13649 rows and digest 5ec969rgub6sft0fu61tveou79f.
[2026-10-08 00:57:22] (0s) Starting to evaluate predicate ParamDecl::Generated::ParamDecl.isInout/0#dispred#4d7e21a8/1@e8ebfc9k
[2026-10-08 00:57:22] (0s)  >>> Created relation ParamDecl::Generated::ParamDecl.isInout/0#dispred#4d7e21a8/1@e8ebfc9k with 13649 rows and digest 7875a3dib6idcrb66op8h78qgs6.
[2026-10-08 00:57:22] (0s) Starting to evaluate predicate _Callable::Generated::Callable.getSelfParam/0#dispred#f0323ad7_ParamDecl::Generated::ParamDecl.isIno__#shared/1@c25f98qg
[2026-10-08 00:57:22] (0s)  >>> Created relation _Callable::Generated::Callable.getSelfParam/0#dispred#f0323ad7_ParamDecl::Generated::ParamDecl.isIno__#shared/1@c25f98qg with 12359 rows and digest 1e85827cp62itniepdh3nke8a6e.
[2026-10-08 00:57:22] (0s) Starting to evaluate predicate m#Callable::Generated::Callable.getNumberOfParams/0#dispred#3d83aba3#bf/1@d3264d8n
[2026-10-08 00:57:22] (0s)  >>> Created relation m#Callable::Generated::Callable.getNumberOfParams/0#dispred#3d83aba3#bf/1@d3264d8n with 67462 rows and digest 621a6asjam0kt13go588n7hanna.
[2026-10-08 00:57:22] (0s) Starting to evaluate predicate DeclRefExpr::Generated::DeclRefExpr.getDecl/0#dispred#5e94cea4/2@e2e56acf
[2026-10-08 00:57:22] (0s)  >>> Created relation DeclRefExpr::Generated::DeclRefExpr.getDecl/0#dispred#5e94cea4/2@e2e56acf with 12250 rows and digest 05dd024lqe3r61lkpkp8kn8e6rb.
[2026-10-08 00:57:22] (0s) Starting to evaluate predicate m#Callable::Generated::Callable#c023e786#b/1@e627f3gi
[2026-10-08 00:57:22] (0s)  >>> Created relation m#Callable::Generated::Callable#c023e786#b/1@e627f3gi with 103155 rows and digest 1c1b5eqpjnffki43iuf4c1q37c7.
[2026-10-08 00:57:22] (0s) Starting to evaluate predicate Callable::Generated::Callable#c023e786#b/1@8a998eq3
[2026-10-08 00:57:22] (0s)  >>> Created relation Callable::Generated::Callable#c023e786#b/1@8a998eq3 with 57176 rows and digest 1f52a6qadc6f5b1f6gv3rnmofpa.
[2026-10-08 00:57:22] (0s)  >>> Created relation Callable::Generated::Callable.getParam/1#dispred#73056655_0#antijoin_rhs/1@e3ced29g with 26259 rows and digest 60f378vr6n505eg9mkcn9k5n53b.
[2026-10-08 00:57:22] (0s)  >>> Created relation Callable::Generated::Callable.getParam/1#dispred#73056655_01#count_range/2@2e4961n2 with 48318 rows and digest 3d4cd2ojn6naekbofvqfpn9bm08.
[2026-10-08 00:57:22] (0s)  >>> Created relation _Callable::Generated::Callable.getParam/1#dispred#73056655_01#count_range#join_rhs/2@60138fs6 with 26259 rows and digest c178fcpks51kc0lbn7nm200ouo2.
[2026-10-08 00:57:22] (0s) Starting to evaluate predicate Callable::Generated::Callable.getNumberOfParams/0#dispred#3d83aba3#bf/2@01c2bert
[2026-10-08 00:57:22] (0s)  >>> Created relation Callable::Generated::Callable.getNumberOfParams/0#dispred#3d83aba3#bf/2@01c2bert with 27760 rows and digest 497b04956d50bco7np3f4fafkf2.
[2026-10-08 00:57:22] (0s) Starting to evaluate predicate AnyFunctionType::Generated::AnyFunctionType.getParamType/1#dispred#db6ff49c_102#join_rhs/3@921846g3
[2026-10-08 00:57:22] (0s)  >>> Created relation AnyFunctionType::Generated::AnyFunctionType.getParamType/1#dispred#db6ff49c_102#join_rhs/3@921846g3 with 112780 rows and digest 04413av8u93pra50o5roj9ft712.
[2026-10-08 00:57:22] (0s) Starting to evaluate predicate AnyFunctionType::Generated::AnyFunctionType.getParamType/1#dispred#db6ff49c_0#antijoin_rhs/1@12a5486i
[2026-10-08 00:57:22] (0s)  >>> Created relation AnyFunctionType::Generated::AnyFunctionType.getParamType/1#dispred#db6ff49c_0#antijoin_rhs/1@12a5486i with 76618 rows and digest 1f6663m6dvd4inq10p1ueo1d57c.
[2026-10-08 00:57:22] (0s) Starting to evaluate predicate AnyFunctionType::Generated::AnyFunctionType.getParamType/1#dispred#db6ff49c_01#count_range/2@701233oc
[2026-10-08 00:57:22] (0s)  >>> Created relation AnyFunctionType::Generated::AnyFunctionType.getParamType/1#dispred#db6ff49c_01#count_range/2@701233oc with 112780 rows and digest 58dc987d021toq7ukatqkmjoaa7.
[2026-10-08 00:57:22] (0s) Starting to evaluate predicate _AnyFunctionType::Generated::AnyFunctionType.getParamType/1#dispred#db6ff49c_01#count_range#join_rhs/2@6652c5d6
[2026-10-08 00:57:22] (0s)  >>> Created relation _AnyFunctionType::Generated::AnyFunctionType.getParamType/1#dispred#db6ff49c_01#count_range#join_rhs/2@6652c5d6 with 76618 rows and digest 0342131s8h4v0fbhcds43hns6m8.
[2026-10-08 00:57:22] (0s) Starting to evaluate predicate AnyFunctionType::Generated::AnyFunctionType.getNumberOfParamTypes/0#dispred#e74da5d1#bf/2@29093e05
[2026-10-08 00:57:22] (0s)  >>> Created relation AnyFunctionType::Generated::AnyFunctionType.getNumberOfParamTypes/0#dispred#e74da5d1#bf/2@29093e05 with 42 rows and digest 64b4a43lhtmefnaer1ckktscln3.
[2026-10-08 00:57:22] (0s) Starting to evaluate predicate FoundationIdentity::exactStaticRun/1#631c106a/1@2dbf613e
[2026-10-08 00:57:22] (0s)  >>> Created relation FoundationIdentity::exactStaticRun/1#631c106a/1@2dbf613e with 1 rows and digest ddac01m4hic2p5qmnkvinan7ob3.
[2026-10-08 00:57:22] (0s) Starting to evaluate predicate ApplyExpr::Generated::ApplyExpr.getFunction/0#dispred#12f7b5a0/2@a1125bjk
[2026-10-08 00:57:22] (0s)  >>> Created relation ApplyExpr::Generated::ApplyExpr.getFunction/0#dispred#12f7b5a0/2@a1125bjk with 5170 rows and digest 13ec432jb65ik1u9sh75kfh1u7a.
[2026-10-08 00:57:22] (0s)  >>> Created relation ApplyExprImpl::Impl::MethodApplyExpr#af2ec0bc/2@821f4d1l with 943 rows and digest 53f54fuplqn4p7h5fns7vifmgee.
[2026-10-08 00:57:22] (0s) Starting to evaluate predicate MethodLookupExpr::Generated::MethodLookupExpr.getMethodRef/0#dispred#244b5fea/2@e5c816ds
[2026-10-08 00:57:22] (0s)  >>> Created relation MethodLookupExpr::Generated::MethodLookupExpr.getMethodRef/0#dispred#244b5fea/2@e5c816ds with 951 rows and digest a273canmlj6do33uni6k08vispe.
[2026-10-08 00:57:22] (0s) Starting to evaluate predicate MethodLookupExpr::MethodLookupExpr.getMember/0#dispred#2f9f426a#bb/2@98a38e5a
[2026-10-08 00:57:22] (0s)  >>> Created relation MethodLookupExpr::MethodLookupExpr.getMember/0#dispred#2f9f426a#bb/2@98a38e5a with 943 rows and digest 1d314dvope4pc7nskt416cv3ese.
[2026-10-08 00:57:22] (0s) Starting to evaluate predicate MethodLookupExpr::MethodLookupExpr.getMethod/0#372bac6d#bb/2@9ed313jl
[2026-10-08 00:57:22] (0s)  >>> Created relation MethodLookupExpr::MethodLookupExpr.getMethod/0#372bac6d#bb/2@9ed313jl with 943 rows and digest 1d314dvope4pc7nskt416cv3ese.
[2026-10-08 00:57:22] (0s)  >>> Created relation InitializerImpl::Impl::Initializer#5f0f0482/1@bc6526bj with 8627 rows and digest 7cab5bsi2un6urc9majidbpqvj6.
[2026-10-08 00:57:22] (0s) Starting to evaluate predicate InitializerCallExpr::InitializerCallExpr#7ebbc922/1@4f94a3qk
[2026-10-08 00:57:22] (0s)  >>> Created relation InitializerCallExpr::InitializerCallExpr#7ebbc922/1@4f94a3qk with 941 rows and digest 513823io8s34jo63jrd11ghal20.
[2026-10-08 00:57:22] (0s) Starting to evaluate predicate m#ApplyExpr::ApplyExpr.getStaticTarget/0#dispred#43fd147e#bb#mcpe_this/1@4b56a62k
[2026-10-08 00:57:22] (0s)  >>> Created relation m#ApplyExpr::ApplyExpr.getStaticTarget/0#dispred#43fd147e#bb#mcpe_this/1@4b56a62k with 3539 rows and digest 6a40724g8oraf7be3v619jtdpdb.
[2026-10-08 00:57:22] (0s) Starting to evaluate predicate FunctionImpl::Impl::Function#aceefc95#b/1@2f02296v
[2026-10-08 00:57:22] (0s)  >>> Created relation FunctionImpl::Impl::Function#aceefc95#b/1@2f02296v with 57176 rows and digest 1f52a6qadc6f5b1f6gv3rnmofpa.
[2026-10-08 00:57:22] (0s)  >>> Created relation Function::Function.getShortName/0#dispred#846f4522/2@edc6475l with 57176 rows and digest bf3d4b5pjtfn65h9crd5j89hip0.
[2026-10-08 00:57:22] (0s) Starting to evaluate predicate m#ApplyExpr::ApplyExpr.getStaticTarget/0#dispred#43fd147e#bb#mcpe_result/1@74665c04
[2026-10-08 00:57:22] (0s)  >>> Created relation m#ApplyExpr::ApplyExpr.getStaticTarget/0#dispred#43fd147e#bb#mcpe_result/1@74665c04 with 57176 rows and digest 1f52a6qadc6f5b1f6gv3rnmofpa.
[2026-10-08 00:57:22] (0s) Starting to evaluate predicate _Synth::Synth::TBinaryExpr#db62cefe_1#antijoin_rhs_m#ApplyExpr::ApplyExpr.getStaticTarget/0#dispred#__#shared/1@95346409
[2026-10-08 00:57:22] (0s)  >>> Created relation _Synth::Synth::TBinaryExpr#db62cefe_1#antijoin_rhs_m#ApplyExpr::ApplyExpr.getStaticTarget/0#dispred#__#shared/1@95346409 with 3538 rows and digest 11f44dr0paeo3mv06e9jd32n7g9.
[2026-10-08 00:57:22] (0s)  >>> Created relation ApplyExprImpl::Impl::MethodApplyExpr#af2ec0bc_0#antijoin_rhs/1@1711498b with 943 rows and digest 4d91d185c1lqmhiif8egorb1rnd.
[2026-10-08 00:57:22] (0s) Starting to evaluate predicate ApplyExpr::ApplyExpr_not_BinaryExpr::BinaryExpr_ApplyExprImpl::Impl::FullDotSyntaxBaseIgnoredApplyExpr_MethodApplyExpr::MethodApplyExpr_ApplyExprImpl::Impl::PartialDotSyntaxBaseIgnoredApplyExpr_PrefixUnaryExpr::PrefixUnaryExpr#ce3a3db8#b/1@70fe5ff9
[2026-10-08 00:57:22] (0s)  >>> Created relation ApplyExpr::ApplyExpr_not_BinaryExpr::BinaryExpr_ApplyExprImpl::Impl::FullDotSyntaxBaseIgnoredApplyExpr_MethodApplyExpr::MethodApplyExpr_ApplyExprImpl::Impl::PartialDotSyntaxBaseIgnoredApplyExpr_PrefixUnaryExpr::PrefixUnaryExpr#ce3a3db8#b/1@70fe5ff9 with 2595 rows and digest f5a8e2gta0pgc868c7t30pmgrpf.
[2026-10-08 00:57:22] (0s) Starting to evaluate predicate ApplyExpr::ApplyExpr.getStaticTarget/0#dispred#43fd147e#bb/2@01c47eas
[2026-10-08 00:57:22] (0s)  >>> Created relation ApplyExpr::ApplyExpr.getStaticTarget/0#dispred#43fd147e#bb/2@01c47eas with 3538 rows and digest bcf3cblc27s9017i8dcs6lgd1d0.
[2026-10-08 00:57:22] (0s) Starting to evaluate predicate flow::CorrectedConfig::isSink/1#a4e1c441/1@7457809f
[2026-10-08 00:57:22] (0s)  >>> Created relation flow::CorrectedConfig::isSink/1#a4e1c441/1@7457809f with 2 rows and digest 787fa83uo82r4ppi26qd554kea9.
[2026-10-08 00:57:22] (0s)  >>> Created relation subscript_expr_arguments/3@608bda8l with 1 rows and digest a8ca8esmpm8csnknbcuqfbhp4bd.
[2026-10-08 00:57:22] (0s)  >>> Created relation accessor_is_getter/1@fb4cc5pj with 26002 rows and digest be20fd40ab9bv4tj3hrris27585.
[2026-10-08 00:57:22] (0s) Starting to evaluate predicate CfgNodes::PropertyGetterCfgNode#bc58578b/2@dfb178pa
[2026-10-08 00:57:22] (0s)  >>> Created relation CfgNodes::PropertyGetterCfgNode#bc58578b/2@dfb178pa with 15 rows and digest ee2c00nmu41oq8j85rthd77kc45.
[2026-10-08 00:57:22] (0s) Starting to evaluate predicate CfgNodes::PropertyGetterCfgNode#bc58578b_10#join_rhs/2@9bcf58vh
[2026-10-08 00:57:22] (0s)  >>> Created relation CfgNodes::PropertyGetterCfgNode#bc58578b_10#join_rhs/2@9bcf58vh with 15 rows and digest 5478deip8min1v5hrkjhkp0ot89.
[2026-10-08 00:57:22] (0s) Starting to evaluate predicate Accessor::Generated::Accessor.isGetter/0#dispred#a689cdc3/1@f11469pd
[2026-10-08 00:57:22] (0s)  >>> Created relation Accessor::Generated::Accessor.isGetter/0#dispred#a689cdc3/1@f11469pd with 26002 rows and digest f577fdeg86ri06b0gqk4l4re5ha.
[2026-10-08 00:57:22] (0s) Starting to evaluate predicate CfgNodes::PropertyGetterCfgNode.getAccessor/0#dispred#a82d8b71/2@165d82ks
[2026-10-08 00:57:22] (0s)  >>> Created relation CfgNodes::PropertyGetterCfgNode.getAccessor/0#dispred#a82d8b71/2@165d82ks with 15 rows and digest 97346eh1k3si4cbkl77et1ejjbf.
[2026-10-08 00:57:22] (0s) Starting to evaluate predicate CfgNodes::PropertyGetterCfgNode.getRef/0#dispred#9904be51/2@b1592d4d
[2026-10-08 00:57:22] (0s)  >>> Created relation CfgNodes::PropertyGetterCfgNode.getRef/0#dispred#9904be51/2@b1592d4d with 15 rows and digest c15efa5bs5tasnij1fogcbfq6o4.
[2026-10-08 00:57:22] (0s) Starting to evaluate predicate DataFlowPrivate::TExprNode#c082ac4f_20#join_rhs/2@b9cb75n7
[2026-10-08 00:57:22] (0s)  >>> Created relation DataFlowPrivate::TExprNode#c082ac4f_20#join_rhs/2@b9cb75n7 with 39349 rows and digest f83e7c6u1em2p8d7beeiu3ubmr4.
[2026-10-08 00:57:22] (0s) Starting to evaluate predicate FoundationSources::stringDictionary/1#0a6b6388/1@d0568cq6
[2026-10-08 00:57:22] (0s)  >>> Created relation FoundationSources::stringDictionary/1#0a6b6388/1@d0568cq6 with 1 rows and digest 4cb5c775hp1fnchln8taul5l8je.
[2026-10-08 00:57:22] (0s) Starting to evaluate predicate _FieldDecl::FieldDecl#96980043_VarDecl::Generated::VarDecl.getName/0#dispred#02eda0d8#shared/2@425f2987
[2026-10-08 00:57:22] (0s)  >>> Created relation _FieldDecl::FieldDecl#96980043_VarDecl::Generated::VarDecl.getName/0#dispred#02eda0d8#shared/2@425f2987 with 18400 rows and digest f63897r7a9ntrnmdmk7l8alm3re.
[2026-10-08 00:57:22] (0s)  >>> Created relation Callable::Generated::Callable.getName/0#dispred#1a768ff1_10#join_rhs/2@cae127p9 with 57176 rows and digest 38310erhcqqo2b8l606bui0h4j6.
[2026-10-08 00:57:22] (0s) Starting to evaluate predicate CustomUrlSchemes::LaunchOptionsUrlVarDecl#782e52e5/1@bb5df7hr
[2026-10-08 00:57:22] (0s)  >>> Created relation CustomUrlSchemes::LaunchOptionsUrlVarDecl#782e52e5/1@bb5df7hr with 0 rows and digest THIS-RELATION-HAS-NO-TUPLES.
[2026-10-08 00:57:22] (0s) Inferred that #DataFlowPublic::localFlowStep/2#6f8207dfPlus#sinkBound#2#2#3#2#4/1@c745e9md is empty, due to CustomUrlSchemes::LaunchOptionsUrlVarDecl#782e52e5/1@bb5df7hr.
[2026-10-08 00:57:22] (0s) Inferred that #DataFlowPublic::localFlowStep/2#6f8207dfPlus#sinkBound#2#2#3#2#5/1@9d9546j3 is empty, due to #DataFlowPublic::localFlowStep/2#6f8207dfPlus#sinkBound#2#2#3#2#4/1@c745e9md.
[2026-10-08 00:57:22] (0s) Inferred that #DataFlowPublic::localFlowStep/2#6f8207dfPlus#sinkBound#2#2#3#3/1@61e3170o is empty, due to #DataFlowPublic::localFlowStep/2#6f8207dfPlus#sinkBound#2#2#3#2#5/1@9d9546j3.
[2026-10-08 00:57:22] (0s) Inferred that #DataFlowPublic::localFlowStep/2#6f8207dfPlus#sinkBound#2#2#5/1@c65b3anc is empty, due to #DataFlowPublic::localFlowStep/2#6f8207dfPlus#sinkBound#2#2#3#3/1@61e3170o.
[2026-10-08 00:57:22] (0s) Inferred that #DataFlowPublic::localFlowStep/2#6f8207dfPlus#sinkBound#2#2#6/1@a2bcd96j is empty, due to #DataFlowPublic::localFlowStep/2#6f8207dfPlus#sinkBound#2#2#5/1@c65b3anc.
[2026-10-08 00:57:22] (0s) Inferred that #DataFlowPublic::localFlowStep/2#6f8207dfPlus#sinkBound#2#3/1@8abaca8q is empty, due to #DataFlowPublic::localFlowStep/2#6f8207dfPlus#sinkBound#2#2#6/1@a2bcd96j.
[2026-10-08 00:57:22] (0s) Inferred that #DataFlowPublic::localFlowStep/2#6f8207dfPlus#sinkBound#3/1@060aa4f4 is empty, due to #DataFlowPublic::localFlowStep/2#6f8207dfPlus#sinkBound#2#3/1@8abaca8q.
[2026-10-08 00:57:22] (0s) Inferred that doublyBoundedFastTC:DataFlowPublic::localFlowStep/2#6f8207df:_#DataFlowPublic::localFlowStep/2#6f8207dfPlus#sourceBound#3__Callable::Generated::Callable.getParam__#higher_order_body:#DataFlowPublic::localFlowStep/2#6f8207dfPlus#sinkBound#3/2@8a4b7aoq is empty, due to #DataFlowPublic::localFlowStep/2#6f8207dfPlus#sinkBound#3/1@060aa4f4.
[2026-10-08 00:57:22] (0s) Starting to evaluate predicate SubscriptExpr::Generated::SubscriptExpr.getAnArgument/0#dispred#ad36a471/2@61b077rl
[2026-10-08 00:57:22] (0s)  >>> Created relation SubscriptExpr::Generated::SubscriptExpr.getAnArgument/0#dispred#ad36a471/2@61b077rl with 1 rows and digest 25a4aagil10149rdg4pr3pcas8a.
[2026-10-08 00:57:22] (0s) Starting to evaluate predicate LookupExpr::Generated::LookupExpr.getBase/0#dispred#20e15c6d_10#join_rhs/2@bca3bcbu
[2026-10-08 00:57:22] (0s)  >>> Created relation LookupExpr::Generated::LookupExpr.getBase/0#dispred#20e15c6d_10#join_rhs/2@bca3bcbu with 2353 rows and digest d9b7d9akfu84hon0v9qp1sj48q9.
[2026-10-08 00:57:22] (0s) Starting to evaluate predicate DataFlowPrivate::TExprNode#c082ac4f_21#join_rhs/2@277906gd
[2026-10-08 00:57:22] (0s)  >>> Created relation DataFlowPrivate::TExprNode#c082ac4f_21#join_rhs/2@277906gd with 39349 rows and digest 184752p2pi36qcsa0v9jc28p1i7.
[2026-10-08 00:57:22] (0s) Starting to evaluate predicate ApplyExpr::Generated::ApplyExpr.getArgument/1#dispred#6fb5e17f_20#join_rhs/2@abdaf6a6
[2026-10-08 00:57:22] (0s)  >>> Created relation ApplyExpr::Generated::ApplyExpr.getArgument/1#dispred#6fb5e17f_20#join_rhs/2@abdaf6a6 with 4305 rows and digest 64899fq1r02i7ols6t03slo1tb8.
[2026-10-08 00:57:22] (0s) Starting to evaluate predicate _ApplyExpr::Generated::ApplyExpr.getArgument/1#dispred#6fb5e17f_20#join_rhs_Argument::Generated::Arg__#shared/2@404c74ip
[2026-10-08 00:57:22] (0s)  >>> Created relation _ApplyExpr::Generated::ApplyExpr.getArgument/1#dispred#6fb5e17f_20#join_rhs_Argument::Generated::Arg__#shared/2@404c74ip with 0 rows and digest THIS-RELATION-HAS-NO-TUPLES.
[2026-10-08 00:57:22] (0s) Inferred that _Argument::Generated::Argument.getExpr/0#dispred#34a5811d_Expr::Generated::Expr.getType/0#dispred#9d__#antijoin_rhs/2@ac970bjn is empty, due to _ApplyExpr::Generated::ApplyExpr.getArgument/1#dispred#6fb5e17f_20#join_rhs_Argument::Generated::Arg__#shared/2@404c74ip.
[2026-10-08 00:57:22] (0s) Inferred that Heuristic::contentsOfInitializer/2#b3951db4/2@0f659bin is empty, due to _ApplyExpr::Generated::ApplyExpr.getArgument/1#dispred#6fb5e17f_20#join_rhs_Argument::Generated::Arg__#shared/2@404c74ip.
[2026-10-08 00:57:22] (0s) Inferred that Heuristic::contentsOfInitializer/2#b3951db4_10#join_rhs/2@342a8e29 is empty, due to Heuristic::contentsOfInitializer/2#b3951db4/2@0f659bin.
[2026-10-08 00:57:22] (0s) Starting to evaluate predicate TypeDecl::Generated::TypeDecl.getName/0#dispred#9d4d687f_10#join_rhs/2@63127218
[2026-10-08 00:57:22] (0s)  >>> Created relation TypeDecl::Generated::TypeDecl.getName/0#dispred#9d4d687f_10#join_rhs/2@63127218 with 15777 rows and digest 648503c5e9op1hk9umeab756br6.
[2026-10-08 00:57:22] (0s) Starting to evaluate predicate Decl::Generated::Decl.getModule/0#dispred#6337565b_10#join_rhs/2@bb5cc9t3
[2026-10-08 00:57:22] (0s)  >>> Created relation Decl::Generated::Decl.getModule/0#dispred#6337565b_10#join_rhs/2@bb5cc9t3 with 209062 rows and digest c650041mongftkfjkd8o499tl4a.
[2026-10-08 00:57:22] (0s) Starting to evaluate predicate FoundationSources::ownedField/4#e8b6c743/4@885034bs
[2026-10-08 00:57:22] (0s)  >>> Created relation DataFlowPrivate::userDefaultsLiteralKey/3#a599d1c2/3@3d2aeb8f with 0 rows and digest THIS-RELATION-HAS-NO-TUPLES.
[2026-10-08 00:57:22] (0s) Inferred that DataFlowPrivate::userDefaultsLiteralKey/3#a599d1c2_021#join_rhs/3@31b284u5 is empty, due to DataFlowPrivate::userDefaultsLiteralKey/3#a599d1c2/3@3d2aeb8f.
[2026-10-08 00:57:22] (0s)  >>> Created relation Callable::Generated::Callable.getSelfParam/0#dispred#f0323ad7_1#antijoin_rhs/1@7ad56ca3 with 36590 rows and digest ce5773k4njsh117g23846vkvb75.
[2026-10-08 00:57:22] (0s) Starting to evaluate predicate ParamDecl::ParamDecl_not_SelfParamDecl::SelfParamDecl#29650452/1@0251673b
[2026-10-08 00:57:22] (0s)  >>> Created relation ParamDecl::ParamDecl_not_SelfParamDecl::SelfParamDecl#29650452/1@0251673b with 49058 rows and digest 8b0a6ekbav7itjdg6tneo8eqss9.
[2026-10-08 00:57:22] (0s) Starting to evaluate predicate Callable::Generated::Callable.getParam/1#dispred#73056655_12#join_rhs/2@69ee3a7s
[2026-10-08 00:57:22] (0s)  >>> Created relation Callable::Generated::Callable.getParam/1#dispred#73056655_12#join_rhs/2@69ee3a7s with 48318 rows and digest 11e64al6viasreppum8c334j4n7.
[2026-10-08 00:57:22] (0s) Starting to evaluate predicate ParamDecl::ParamDecl.getIndex/0#dispred#f9bda27e#fb/2@1d8d4fjo
[2026-10-08 00:57:22] (0s)  >>> Created relation ParamDecl::ParamDecl.getIndex/0#dispred#f9bda27e#fb/2@1d8d4fjo with 11861 rows and digest 667465h0dje5ie5qt8c2g1tdbp9.
[2026-10-08 00:57:22] (0s) Starting to evaluate predicate NominalTypeDecl::Generated::NominalTypeDecl.getType/0#dispred#31315fa9/2@6bec58hf
[2026-10-08 00:57:22] (0s)  >>> Created relation NominalTypeDecl::Generated::NominalTypeDecl.getType/0#dispred#31315fa9/2@6bec58hf with 4050 rows and digest 56d48frbgrsb3838prscav9ff73.
[2026-10-08 00:57:22] (0s) Starting to evaluate predicate TypeDecl::TypeDecl.getABaseType/0#dispred#08c5bc47#fb/2@175828io
[2026-10-08 00:57:22] (0s)  >>> Created relation TypeDecl::TypeDecl.getABaseType/0#dispred#08c5bc47#fb/2@175828io with 4927 rows and digest 68d5cbo90gv66vsie5dua3ga5c9.
[2026-10-08 00:57:22] (0s)  >>> Created relation TypeDecl::TypeDecl.getABaseTypeDecl/0#dispred#4bea76f0/2@7217cc94 with 4927 rows and digest 66a5ad0ota1ej10ts93ubvp22nc.
[2026-10-08 00:57:22] (0s) Starting to evaluate predicate #TypeDecl::TypeDecl.getABaseTypeDecl/0#dispred#4bea76f0Plus#bf#sinkBound#7#3/1@f506d8ak
[2026-10-08 00:57:22] (0s)  >>> Created relation #TypeDecl::TypeDecl.getABaseTypeDecl/0#dispred#4bea76f0Plus#bf#sinkBound#7#3/1@f506d8ak with 0 rows and digest THIS-RELATION-HAS-NO-TUPLES.
[2026-10-08 00:57:22] (0s) Inferred that #TypeDecl::TypeDecl.getABaseTypeDecl/0#dispred#4bea76f0Plus#bf#bounded#3/2@80d7adrr is empty, due to #TypeDecl::TypeDecl.getABaseTypeDecl/0#dispred#4bea76f0Plus#bf#sinkBound#7#3/1@f506d8ak.
[2026-10-08 00:57:22] (0s) Inferred that WebView::JsExportedProto#bd17efb9/1@5e0c37lg is empty, due to doublyBoundedFastTC:TypeDecl::TypeDecl.getABaseTypeDecl/0#dispred#4bea76f0:_#TypeDecl::TypeDecl.getABaseTypeDecl/0#dispred#4bea76f0Plus#bf#sourceBound#5#3#higher_order_body:#TypeDecl::TypeDecl.getABaseTypeDecl/0#dispred#4bea76f0Plus#bf#sinkBound#7#3/2@80d7adrr.
[2026-10-08 00:57:22] (0s) Inferred that #TypeDecl::TypeDecl.getABaseTypeDecl/0#dispred#4bea76f0Plus#bf#bounded#4/2@8d09ad4k is empty, due to WebView::JsExportedProto#bd17efb9/1@5e0c37lg.
[2026-10-08 00:57:22] (0s) Inferred that WebView::JsExportedType#4f4fb01c/1@8bf333g9 is empty, due to WebView::JsExportedProto#bd17efb9/1@5e0c37lg.
[2026-10-08 00:57:22] (0s) Starting to evaluate predicate #TypeDecl::TypeDecl.getABaseTypeDecl/0#dispred#4bea76f0Plus#bf#sourceBound#4#3/1@260252ui
[2026-10-08 00:57:22] (0s)  >>> Created relation #TypeDecl::TypeDecl.getABaseTypeDecl/0#dispred#4bea76f0Plus#bf#sourceBound#4#3/1@260252ui with 3798 rows and digest 839e06r3tjf8lplu8jam58vcccf.
[2026-10-08 00:57:22] (0s) Starting to evaluate predicate #TypeDecl::TypeDecl.getABaseTypeDecl/0#dispred#4bea76f0Plus#bf#sinkBound#6#3#3/1@ebdf43ja
[2026-10-08 00:57:22] (0s)  >>> Created relation #TypeDecl::TypeDecl.getABaseTypeDecl/0#dispred#4bea76f0Plus#bf#sinkBound#6#3#3/1@ebdf43ja with 1 rows and digest b646a6t4hkqpc0i5nmtljb8lge5.
[2026-10-08 00:57:22] (0s) Starting to evaluate predicate #TypeDecl::TypeDecl.getABaseTypeDecl/0#dispred#4bea76f0Plus#bf#sinkBound#6#4/1@9190a5gv
[2026-10-08 00:57:22] (0s)  >>> Created relation #TypeDecl::TypeDecl.getABaseTypeDecl/0#dispred#4bea76f0Plus#bf#sinkBound#6#4/1@9190a5gv with 0 rows and digest THIS-RELATION-HAS-NO-TUPLES.
[2026-10-08 00:57:22] (0s) Inferred that #TypeDecl::TypeDecl.getABaseTypeDecl/0#dispred#4bea76f0Plus#bf#sinkBound#6#5/1@27f9d435 is empty, due to #TypeDecl::TypeDecl.getABaseTypeDecl/0#dispred#4bea76f0Plus#bf#sinkBound#6#4/1@9190a5gv.
[2026-10-08 00:57:22] (0s) Inferred that #TypeDecl::TypeDecl.getABaseTypeDecl/0#dispred#4bea76f0Plus#bf#bounded#2/2@352872jo is empty, due to #TypeDecl::TypeDecl.getABaseTypeDecl/0#dispred#4bea76f0Plus#bf#sinkBound#6#5/1@27f9d435.
[2026-10-08 00:57:22] (0s) Starting to evaluate predicate WebView::AdoptsWkNavigationDelegate#7973d3ba#b/1@3de0455c
[2026-10-08 00:57:22] (0s)  >>> Created relation WebView::AdoptsWkNavigationDelegate#7973d3ba#b/1@3de0455c with 0 rows and digest THIS-RELATION-HAS-NO-TUPLES.
[2026-10-08 00:57:22] (0s) Starting to evaluate predicate m#ParamDecl::ParamDecl.getDeclaringFunction/0#dispred#4edbe1e9#fb/1@35863du8
[2026-10-08 00:57:22] (0s)  >>> Created relation m#ParamDecl::ParamDecl.getDeclaringFunction/0#dispred#4edbe1e9#fb/1@35863du8 with 57176 rows and digest 1f52a6qadc6f5b1f6gv3rnmofpa.
[2026-10-08 00:57:22] (0s) Starting to evaluate predicate ParamDecl::ParamDecl.getDeclaringFunction/0#dispred#4edbe1e9#fb/2@0db8ad2m
[2026-10-08 00:57:22] (0s)  >>> Created relation ParamDecl::ParamDecl.getDeclaringFunction/0#dispred#4edbe1e9#fb/2@0db8ad2m with 84908 rows and digest 693833r64pc5os5becqkje3pmq9.
[2026-10-08 00:57:22] (0s) Starting to evaluate predicate ParamDecl::ParamDecl.getDeclaringFunction/0#dispred#4edbe1e9#fb_10#join_rhs/2@10634ebt
[2026-10-08 00:57:22] (1s)  >>> Created relation ParamDecl::ParamDecl.getDeclaringFunction/0#dispred#4edbe1e9#fb_10#join_rhs/2@10634ebt with 84908 rows and digest cd27af86btirevg98d6igjrp7ab.
[2026-10-08 00:57:22] (1s) Starting to evaluate predicate Callable::Generated::Callable.getParam/1#dispred#73056655_120#join_rhs/3@e8a99dtq
[2026-10-08 00:57:22] (1s)  >>> Created relation Callable::Generated::Callable.getParam/1#dispred#73056655_120#join_rhs/3@e8a99dtq with 48318 rows and digest 5a8db71m6p0uf924snruhva68d6.
[2026-10-08 00:57:22] (1s) Starting to evaluate predicate _Callable::Generated::Callable.getName/0#dispred#1a768ff1_FunctionImpl::Impl::Function#aceefc95#b#shared/1@22d385ff
[2026-10-08 00:57:22] (1s)  >>> Created relation _Callable::Generated::Callable.getName/0#dispred#1a768ff1_FunctionImpl::Impl::Function#aceefc95#b#shared/1@22d385ff with 0 rows and digest THIS-RELATION-HAS-NO-TUPLES.
[2026-10-08 00:57:22] (1s) Inferred that _#TypeDecl::TypeDecl.getABaseTypeDecl/0#dispred#4bea76f0Plus#bf#sourceBound#3_AstNodeImpl::Impl::Cac__#higher_order_body/1@34f22fm8 is empty, due to _Callable::Generated::Callable.getName/0#dispred#1a768ff1_FunctionImpl::Impl::Function#aceefc95#b#shared/1@22d385ff.
[2026-10-08 00:57:22] (1s) Inferred that CustomUrlSchemes::ApplicationWithLaunchOptionsFunc#50fbb9b3/1@39df52k8 is empty, due to _Callable::Generated::Callable.getName/0#dispred#1a768ff1_FunctionImpl::Impl::Function#aceefc95#b#shared/1@22d385ff.
[2026-10-08 00:57:22] (1s) Inferred that doublyBoundedFastTC:TypeDecl::TypeDecl.getABaseTypeDecl/0#dispred#4bea76f0:_#TypeDecl::TypeDecl.getABaseTypeDecl/0#dispred#4bea76f0Plus#bf#sourceBound#3_AstNodeImpl::Impl::Cac__#higher_order_body:#TypeDecl::TypeDecl.getABaseTypeDecl/0#dispred#4bea76f0Plus#bf#sinkBound#5/2@086b9fo8 is empty, due to _#TypeDecl::TypeDecl.getABaseTypeDecl/0#dispred#4bea76f0Plus#bf#sourceBound#3_AstNodeImpl::Impl::Cac__#higher_order_body/1@34f22fm8.
[2026-10-08 00:57:22] (1s) Inferred that #DataFlowPublic::localFlowStep/2#6f8207dfPlus#sourceBound#2#2#3/1@27be41al is empty, due to CustomUrlSchemes::ApplicationWithLaunchOptionsFunc#50fbb9b3/1@39df52k8.
[2026-10-08 00:57:22] (1s) Inferred that _Callable::Generated::Callable.getParam/1#dispred#73056655_120#join_rhs_CustomUrlSchemes::Applicatio__#shared/1@1b52dfda is empty, due to CustomUrlSchemes::ApplicationWithLaunchOptionsFunc#50fbb9b3/1@39df52k8.
[2026-10-08 00:57:22] (1s) Inferred that #DataFlowPublic::localFlowStep/2#6f8207dfPlus#sourceBound#2#3/1@22bcfa1s is empty, due to #DataFlowPublic::localFlowStep/2#6f8207dfPlus#sourceBound#2#2#3/1@27be41al.
[2026-10-08 00:57:22] (1s) Inferred that _#DataFlowPublic::localFlowStep/2#6f8207dfPlus#sourceBound#3__Callable::Generated::Callable.getParam__#higher_order_body/1@16426825 is empty, due to _Callable::Generated::Callable.getParam/1#dispred#73056655_120#join_rhs_CustomUrlSchemes::Applicatio__#shared/1@1b52dfda.
[2026-10-08 00:57:22] (1s) Inferred that #DataFlowPublic::localFlowStep/2#6f8207dfPlus#sourceBound#3/1@75ceeasf is empty, due to #DataFlowPublic::localFlowStep/2#6f8207dfPlus#sourceBound#2#3/1@22bcfa1s.
[2026-10-08 00:57:22] (1s) Starting to evaluate predicate EnumElementDecl::Generated::EnumElementDecl.getParam/1#dispred#2f1a9486_120#join_rhs/3@283958ac
[2026-10-08 00:57:22] (1s)  >>> Created relation EnumElementDecl::Generated::EnumElementDecl.getParam/1#dispred#2f1a9486_120#join_rhs/3@283958ac with 271 rows and digest 55bb6dsrc1tqo1549jpj9nv847e.
[2026-10-08 00:57:22] (1s) Starting to evaluate predicate Synth::Synth::TEnumElementDecl#c1e6fb68_10#join_rhs/2@34c9ed22
[2026-10-08 00:57:22] (1s)  >>> Created relation Synth::Synth::TEnumElementDecl#c1e6fb68_10#join_rhs/2@34c9ed22 with 2314 rows and digest 6a0176i24p8cobljjgioju5ltja.
[2026-10-08 00:57:22] (1s) Starting to evaluate predicate DataFlowPrivate::OptionalSomeContentSet#198ac23b/1@f59c09s1
[2026-10-08 00:57:22] (1s)  >>> Created relation DataFlowPrivate::OptionalSomeContentSet#198ac23b/1@f59c09s1 with 1 rows and digest 426f1b8dm2r3n0ue1o4grnhs7e2.
[2026-10-08 00:57:22] (1s) Starting to evaluate predicate DataFlowPrivate::readStep/3#b4d23dda#fbf/3@7fd674i5
[2026-10-08 00:57:22] (1s)  >>> Created relation DataFlowPrivate::readStep/3#b4d23dda#fbf/3@7fd674i5 with 3 rows and digest 8f01dd9k0kbfutvvopeo51jmnfd.
[2026-10-08 00:57:22] (1s) Starting to evaluate predicate DataFlowPrivate::readStep/3#b4d23dda#fbf_102#join_rhs/3@6ea71clc
[2026-10-08 00:57:22] (1s)  >>> Created relation DataFlowPrivate::readStep/3#b4d23dda#fbf_102#join_rhs/3@6ea71clc with 3 rows and digest 23f5d6s6tucpeaqfj44ncr881l8.
[2026-10-08 00:57:22] (1s) Starting to evaluate predicate TaintTrackingPrivate::defaultAdditionalTaintStep/3#bb3f67af/3@c462a7qp
[2026-10-08 00:57:22] (1s)  >>> Created relation TaintTrackingPrivate::defaultAdditionalTaintStep/3#bb3f67af/3@c462a7qp with 1517 rows and digest 590f72rqcnaom0l08gt2biksjq1.
[2026-10-08 00:57:22] (1s) Promoting strings for TaintTrackingPrivate::defaultAdditionalTaintStep/3#bb3f67af/3@c462a7qp
[2026-10-08 00:57:22] (1s) Promoted strings for TaintTrackingPrivate::defaultAdditionalTaintStep/3#bb3f67af/3@c462a7qp, took 0ms
[2026-10-08 00:57:22] (1s) Saved stringpool to save strings from TaintTrackingPrivate::defaultAdditionalTaintStep/3#bb3f67af/3@c462a7qp, took 0ms
[2026-10-08 00:57:22] (1s)  >>> Created relation cached_TaintTrackingPrivate::defaultAdditionalTaintStep/3#bb3f67af/3@610fd469 with 1517 rows and digest 590f72rqcnaom0l08gt2biksjq1.
[2026-10-08 00:57:22] (1s) Starting to evaluate predicate project#TaintTrackingPrivate::defaultAdditionalTaintStep/3#bb3f67af/2@c5a65cph
[2026-10-08 00:57:22] (1s)  >>> Created relation project#TaintTrackingPrivate::defaultAdditionalTaintStep/3#bb3f67af/2@c5a65cph with 1517 rows and digest 99379ett20kiav2jdj5oie2t9t7.
[2026-10-08 00:57:22] (1s) Starting to evaluate predicate m#DataFlowImplCommon::ArgNode.argumentOf/2#dispred#4ae90262#ffb/1@9a497eou
[2026-10-08 00:57:22] (1s)  >>> Created relation m#DataFlowImplCommon::ArgNode.argumentOf/2#dispred#4ae90262#ffb/1@9a497eou with 4 rows and digest 928b83hvk542icmije6r2cktl88.
[2026-10-08 00:57:22] (1s) Starting to evaluate predicate project#DataFlowImplCommon::Cached::argumentNode/3#5c92d692/1@21c06beo
[2026-10-08 00:57:22] (1s)  >>> Created relation project#DataFlowImplCommon::Cached::argumentNode/3#5c92d692/1@21c06beo with 7415 rows and digest 032f71oo20j3590in96j6uil9s4.
[2026-10-08 00:57:22] (1s) Starting to evaluate predicate DataFlowImplCommon::ArgNode.argumentOf/2#dispred#4ae90262#ffb/3@f72de766
[2026-10-08 00:57:22] (1s)  >>> Created relation DataFlowImplCommon::ArgNode.argumentOf/2#dispred#4ae90262#ffb/3@f72de766 with 7415 rows and digest 2bfe73m3q9asl436jh9ior9kbd2.
[2026-10-08 00:57:22] (1s) Starting to evaluate predicate DataFlowImplCommon::ArgNode.argumentOf/2#dispred#4ae90262#ffb_201#join_rhs/3@b01655de
[2026-10-08 00:57:22] (1s)  >>> Created relation DataFlowImplCommon::ArgNode.argumentOf/2#dispred#4ae90262#ffb_201#join_rhs/3@b01655de with 7415 rows and digest e96c49t2f2q3ejgv6mqm0rv1gua.
[2026-10-08 00:57:22] (1s) Starting to evaluate predicate DataFlowImplCommon::getAnOutNodeExt/2#1ecffca5/3@b89cdcdh
[2026-10-08 00:57:22] (1s)  >>> Created relation DataFlowImplCommon::getAnOutNodeExt/2#1ecffca5/3@b89cdcdh with 14748 rows and digest 03f634ai7t7759sv2oasfd189h0.
[2026-10-08 00:57:22] (1s) Starting to evaluate predicate DataFlowImplCommon::argumentPositionMatch/3#ce2e4885/3@860652pe
[2026-10-08 00:57:22] (1s)  >>> Created relation DataFlowImplCommon::argumentPositionMatch/3#ce2e4885/3@860652pe with 7415 rows and digest 1833f2q4d2viurcmdn5sqdnvcr2.
[2026-10-08 00:57:22] (1s) Starting to evaluate predicate DataFlowImplCommon::argumentPositionMatch/3#ce2e4885_021#join_rhs/3@51eb92ag
[2026-10-08 00:57:22] (1s)  >>> Created relation DataFlowImplCommon::argumentPositionMatch/3#ce2e4885_021#join_rhs/3@51eb92ag with 7415 rows and digest d200b8i4vbh92evf0tgfhuup4q7.
[2026-10-08 00:57:22] (1s) Starting to evaluate predicate FlowSummaryImpl::Private::Steps::summaryArgParam/3#9c49be13/4@c7e90fkd
[2026-10-08 00:57:22] (1s)  >>> Created relation FlowSummaryImpl::Private::Steps::summaryArgParam/3#9c49be13/4@c7e90fkd with 5 rows and digest 0f8e78sk1lkatlar4hd2tp4ns1e.
[2026-10-08 00:57:22] (1s) Starting to evaluate predicate FlowSummaryImpl::Private::Steps::summaryArgParam/3#9c49be13_301#join_rhs/3@584334si
[2026-10-08 00:57:22] (1s)  >>> Created relation FlowSummaryImpl::Private::Steps::summaryArgParam/3#9c49be13_301#join_rhs/3@584334si with 5 rows and digest 3f8ffeckio2rfuuv7j703e9rrt8.
[2026-10-08 00:57:22] (1s) Starting to evaluate predicate _FlowSummaryImpl::Private::SummaryComponentStack.head/0#dispred#86557ad8_FlowSummaryImpl::Private::S__#shared/2@4b0544n0
[2026-10-08 00:57:22] (1s)  >>> Created relation _FlowSummaryImpl::Private::SummaryComponentStack.head/0#dispred#86557ad8_FlowSummaryImpl::Private::S__#shared/2@4b0544n0 with 860 rows and digest 415b920qngtght5pr9qak490rb2.
[2026-10-08 00:57:22] (1s) Starting to evaluate predicate num#FlowSummaryImpl::Private::TWithContentSummaryComponent#0b3a3887_10#join_rhs/2@024f7c80
[2026-10-08 00:57:22] (1s)  >>> Created relation num#FlowSummaryImpl::Private::TWithContentSummaryComponent#0b3a3887_10#join_rhs/2@024f7c80 with 18672 rows and digest 63e45fvogp4os8t8g2t59vj8u4e.
[2026-10-08 00:57:22] (1s) Starting to evaluate predicate FlowSummaryImpl::Private::Steps::summaryExpectsContent/2#06eba371/2@67f18a8r
[2026-10-08 00:57:22] (1s)  >>> Created relation FlowSummaryImpl::Private::Steps::summaryExpectsContent/2#06eba371/2@67f18a8r with 0 rows and digest THIS-RELATION-HAS-NO-TUPLES.
[2026-10-08 00:57:22] (1s) Starting to evaluate predicate num#FlowSummaryImpl::Private::TWithoutContentSummaryComponent#374198c2_10#join_rhs/2@fa49379h
[2026-10-08 00:57:22] (1s)  >>> Created relation num#FlowSummaryImpl::Private::TWithoutContentSummaryComponent#374198c2_10#join_rhs/2@fa49379h with 18672 rows and digest 8425e7bunl84quhmtpj8po2qcja.
[2026-10-08 00:57:22] (1s) Starting to evaluate predicate FlowSummaryImpl::Private::Steps::summaryClearsContent/2#9a6934ef/2@833d498p
[2026-10-08 00:57:22] (1s)  >>> Created relation FlowSummaryImpl::Private::Steps::summaryClearsContent/2#9a6934ef/2@833d498p with 0 rows and digest THIS-RELATION-HAS-NO-TUPLES.
[2026-10-08 00:57:22] (1s) Starting to evaluate predicate FlowSummaryImpl::Private::Steps::paramReachesLocal/3#c4a91892/3@i1#e3888w86 (iteration 1)
[2026-10-08 00:57:22] (1s) 			 - FlowSummaryImpl::Private::Steps::paramReachesLocal/3#c4a91892_delta has 5 rows (order for disjuncts: delta=0).
[2026-10-08 00:57:22] (1s) Starting to evaluate predicate _FlowSummaryImpl::Private::Steps::paramReachesLocal/3#c4a91892#prev_delta_FlowSummaryImpl::Private::__#antijoin_rhs/3@i2#L0#e3888w86 (iteration 2)
[2026-10-08 00:57:22] (1s) Starting to evaluate predicate FlowSummaryImpl::Private::Steps::paramReachesLocal/3#c4a91892/3@i2#e3888w86 (iteration 2)
[2026-10-08 00:57:22] (1s) Empty delta for FlowSummaryImpl::Private::Steps::paramReachesLocal/3#c4a91892_delta (order for disjuncts: delta=<standard>).
[2026-10-08 00:57:22] (1s) Accumulating deltas
[2026-10-08 00:57:22] (1s)  >>> Created relation FlowSummaryImpl::Private::Steps::paramReachesLocal/3#c4a91892/3@e3888w86 with 5 rows and digest 96dca0jum6ecs538tajm1jbl9j8.
[2026-10-08 00:57:22] (1s) Starting to evaluate predicate FlowSummaryImpl::Private::Steps::summaryReturnNodeExt/2#7b94452b/2@2a22cbv3
[2026-10-08 00:57:22] (1s)  >>> Created relation FlowSummaryImpl::Private::Steps::summaryReturnNodeExt/2#7b94452b/2@2a22cbv3 with 1271 rows and digest b19c58oi7psevrlefoqi3v0j1mf.
[2026-10-08 00:57:22] (1s) Starting to evaluate predicate TaintTrackingPublic::localTaintStep/2#e946d427/2@37f8355j
[2026-10-08 00:57:22] (1s)  >>> Created relation TaintTrackingPublic::localTaintStep/2#e946d427/2@37f8355j with 24043 rows and digest 1e6cc79tn29jpa37vcqdf56rdid.
[2026-10-08 00:57:22] (1s) No need to promote strings for TaintTrackingPublic::localTaintStep/2#e946d427/2@37f8355j as it does not contain computed strings.
[2026-10-08 00:57:22] (1s)  >>> Created relation cached_TaintTrackingPublic::localTaintStep/2#e946d427/2@371eeffu with 24043 rows and digest 1e6cc79tn29jpa37vcqdf56rdid.
[2026-10-08 00:57:29] (8s)  >>> Created relation FoundationSources::ownedField/4#e8b6c743/4@885034bs with 18281 rows and digest 0c881b8do2anfnv1qnsg31ipbk0.
[2026-10-08 00:57:29] (8s) Starting to evaluate predicate DataFlowImpl::MakeImpl<Location::Location,DataFlowImplSpecific::SwiftDataFlow>::DefaultState<flow::CorrectedConfig>::isSource/2#15a9a3e5#cpe#1/1@2ec99ej7
[2026-10-08 00:57:29] (8s)  >>> Created relation DataFlowImpl::MakeImpl<Location::Location,DataFlowImplSpecific::SwiftDataFlow>::DefaultState<flow::CorrectedConfig>::isSource/2#15a9a3e5#cpe#1/1@2ec99ej7 with 1 rows and digest ea9c9ato453motsfms53tjou3o2.
[2026-10-08 00:57:29] (8s) Starting to evaluate predicate flow::CorrectedFlow::Stage1::SourceSinkFiltering::isFilteredSource/1#db7aa414#nonempty/0@a08ba332
[2026-10-08 00:57:29] (8s)  >>> Created relation flow::CorrectedFlow::Stage1::SourceSinkFiltering::isFilteredSource/1#db7aa414#nonempty/0@a08ba332 with 1 rows and digest ac90f0ei322hhreshlvdl215c38.
[2026-10-08 00:57:29] (8s) Starting to evaluate predicate flow::CorrectedFlow::Stage1::SourceSinkFiltering::isRelevantSink/1#dc11caad/1@6c06b2ke
[2026-10-08 00:57:29] (8s)  >>> Created relation flow::CorrectedFlow::Stage1::SourceSinkFiltering::isRelevantSink/1#dc11caad/1@6c06b2ke with 2 rows and digest 787fa83uo82r4ppi26qd554kea9.
[2026-10-08 00:57:29] (8s) Starting to evaluate predicate flow::CorrectedFlow::Stage1::SourceSinkFiltering::isFilteredSink/1#84614c67#nonempty/0@89b2a9ln
[2026-10-08 00:57:29] (8s)  >>> Created relation flow::CorrectedFlow::Stage1::SourceSinkFiltering::isFilteredSink/1#84614c67#nonempty/0@89b2a9ln with 1 rows and digest ac90f0ei322hhreshlvdl215c38.
[2026-10-08 00:57:29] (8s) Starting to evaluate predicate flow::CorrectedFlow::Stage1::SourceSinkFiltering::isRelevantSource/2#37d6b9e1#cpe#1/1@c105a584
[2026-10-08 00:57:29] (8s)  >>> Created relation flow::CorrectedFlow::Stage1::SourceSinkFiltering::isRelevantSource/2#37d6b9e1#cpe#1/1@c105a584 with 1 rows and digest ea9c9ato453motsfms53tjou3o2.
[2026-10-08 00:57:29] (8s) Starting to evaluate predicate Synth::Synth::convertTypeToRaw/1#15a600d6#fb/2@1136baqd
[2026-10-08 00:57:29] (8s)  >>> Created relation Synth::Synth::convertTypeToRaw/1#15a600d6#fb/2@1136baqd with 138829 rows and digest 234e05shsqkjl4fqvd7bk4lf6s6.
[2026-10-08 00:57:29] (8s) Starting to evaluate predicate Synth::Synth::convertTypeToRaw/1#15a600d6#fb_10#join_rhs/2@2d288429
[2026-10-08 00:57:29] (8s)  >>> Created relation Synth::Synth::convertTypeToRaw/1#15a600d6#fb_10#join_rhs/2@2d288429 with 138829 rows and digest 37137d9jqd2uv0h2o4hi5b9j9k3.
[2026-10-08 00:57:29] (8s) Starting to evaluate predicate Type::Type.getName/0#dispred#d63365a9/2@936f221t
[2026-10-08 00:57:29] (8s)  >>> Created relation Type::Type.getName/0#dispred#d63365a9/2@936f221t with 138829 rows and digest a146f22oqpnujmu9u7ph0pmcnd7.
[2026-10-08 00:57:29] (8s) Starting to evaluate predicate CommandInjectionExtensions::CommandInjectionDefaultBarrier#33c9932e#join_rhs#CSE/1@9db6c435
[2026-10-08 00:57:29] (8s)  >>> Created relation CommandInjectionExtensions::CommandInjectionDefaultBarrier#33c9932e#join_rhs#CSE/1@9db6c435 with 12 rows and digest 2fca9dld0ps0urv99jm7n1h9jvb.
[2026-10-08 00:57:29] (8s) Starting to evaluate predicate Type::Type.getUnderlyingType/0#dispred#f83db3fa#bf_10#join_rhs/2@bc9fedq0
[2026-10-08 00:57:29] (8s)  >>> Created relation Type::Type.getUnderlyingType/0#dispred#f83db3fa#bf_10#join_rhs/2@bc9fedq0 with 31989 rows and digest e50e86api104mttekcmm28k2ol8.
[2026-10-08 00:57:29] (8s) Starting to evaluate predicate Expr::Generated::Expr.getType/0#dispred#9d59fd56_10#join_rhs/2@ec1ff5it
[2026-10-08 00:57:29] (8s)  >>> Created relation Expr::Generated::Expr.getType/0#dispred#9d59fd56_10#join_rhs/2@ec1ff5it with 40303 rows and digest e94efa773ehsba3c5nv5h8b4895.
[2026-10-08 00:57:29] (8s) Starting to evaluate predicate TypeDecl::TypeDecl.getABaseType/0#dispred#08c5bc47#bf/2@d50a08qo
[2026-10-08 00:57:29] (8s)  >>> Created relation TypeDecl::TypeDecl.getABaseType/0#dispred#08c5bc47#bf/2@d50a08qo with 5011 rows and digest f3f507ikn7p930e3kcrh0q62cjb.
[2026-10-08 00:57:29] (8s) Starting to evaluate predicate Type::Type.getABaseType/0#dispred#8deb69e5/2@a115851l
[2026-10-08 00:57:29] (8s)  >>> Created relation Type::Type.getABaseType/0#dispred#8deb69e5/2@a115851l with 84219 rows and digest ba6eebrrl9d5f3jbn2539vh8j87.
[2026-10-08 00:57:29] (8s) Starting to evaluate predicate #Type::Type.getABaseType/0#dispred#8deb69e5Plus#bf/2@i1#07b0cwt5 (iteration 1)
[2026-10-08 00:57:29] (8s) 			 - #Type::Type.getABaseType/0#dispred#8deb69e5Plus#bf_delta has 84219 rows (order for disjuncts: delta=0).
[2026-10-08 00:57:29] (8s) Starting to evaluate predicate #Type::Type.getABaseType/0#dispred#8deb69e5Plus#bf/2@i2#07b0cwt5 (iteration 2)
[2026-10-08 00:57:29] (8s) 			 - #Type::Type.getABaseType/0#dispred#8deb69e5Plus#bf_delta has 6681 rows (order for disjuncts: delta=<standard>).
[2026-10-08 00:57:29] (8s) Starting to evaluate predicate #Type::Type.getABaseType/0#dispred#8deb69e5Plus#bf/2@i3#07b0cwt5 (iteration 3)
[2026-10-08 00:57:29] (8s) 			 - #Type::Type.getABaseType/0#dispred#8deb69e5Plus#bf_delta has 2669 rows (order for disjuncts: delta=<standard>).
[2026-10-08 00:57:29] (8s) Starting to evaluate predicate #Type::Type.getABaseType/0#dispred#8deb69e5Plus#bf/2@i4#07b0cwt5 (iteration 4)
[2026-10-08 00:57:29] (8s) 			 - #Type::Type.getABaseType/0#dispred#8deb69e5Plus#bf_delta has 486 rows (order for disjuncts: delta=<standard>).
[2026-10-08 00:57:29] (8s) Starting to evaluate predicate #Type::Type.getABaseType/0#dispred#8deb69e5Plus#bf/2@i5#07b0cwt5 (iteration 5)
[2026-10-08 00:57:29] (8s) 			 - #Type::Type.getABaseType/0#dispred#8deb69e5Plus#bf_delta has 163 rows (order for disjuncts: delta=<standard>).
[2026-10-08 00:57:29] (8s) Starting to evaluate predicate #Type::Type.getABaseType/0#dispred#8deb69e5Plus#bf/2@i6#07b0cwt5 (iteration 6)
[2026-10-08 00:57:29] (8s) 			 - #Type::Type.getABaseType/0#dispred#8deb69e5Plus#bf_delta has 17 rows (order for disjuncts: delta=<standard>).
[2026-10-08 00:57:29] (8s) Starting to evaluate predicate #Type::Type.getABaseType/0#dispred#8deb69e5Plus#bf/2@i7#07b0cwt5 (iteration 7)
[2026-10-08 00:57:29] (8s) 			 - #Type::Type.getABaseType/0#dispred#8deb69e5Plus#bf_delta has 8 rows (order for disjuncts: delta=<standard>).
[2026-10-08 00:57:29] (8s) Starting to evaluate predicate #Type::Type.getABaseType/0#dispred#8deb69e5Plus#bf/2@i8#07b0cwt5 (iteration 8)
[2026-10-08 00:57:29] (8s) Empty delta for #Type::Type.getABaseType/0#dispred#8deb69e5Plus#bf_delta (order for disjuncts: delta=<standard>).
[2026-10-08 00:57:29] (8s) Accumulating deltas
[2026-10-08 00:57:29] (8s)  >>> Created relation #Type::Type.getABaseType/0#dispred#8deb69e5Plus#bf/2@07b0cwt5 with 94243 rows and digest 87e540lvd5drdsgbto7ubac5rt3.
[2026-10-08 00:57:29] (8s) Starting to evaluate predicate #Type::Type.getABaseType/0#dispred#8deb69e5Plus#bf_10#join_rhs/2@f70ed6qf
[2026-10-08 00:57:29] (8s)  >>> Created relation #Type::Type.getABaseType/0#dispred#8deb69e5Plus#bf_10#join_rhs/2@f70ed6qf with 94243 rows and digest e64138u27psj6htrbqbcnsaj2d2.
[2026-10-08 00:57:29] (8s) Starting to evaluate predicate CommandInjectionExtensions::CommandInjectionDefaultBarrier#33c9932e/1@00afbfli
[2026-10-08 00:57:29] (8s)  >>> Created relation CommandInjectionExtensions::CommandInjectionDefaultBarrier#33c9932e/1@00afbfli with 16473 rows and digest 174c19o5itdil2hqfred8u6ulj7.
[2026-10-08 00:57:29] (8s) Starting to evaluate predicate flow::CorrectedFlow::Stage1::fullBarrier/1#4fa18a22/1@0c5917ac
[2026-10-08 00:57:29] (8s)  >>> Created relation flow::CorrectedFlow::Stage1::fullBarrier/1#4fa18a22/1@0c5917ac with 16473 rows and digest 174c19o5itdil2hqfred8u6ulj7.
[2026-10-08 00:57:29] (8s) Starting to evaluate predicate flow::CorrectedFlow::Stage1::sourceNode/2#0bd82a1f/2@bf52258s
[2026-10-08 00:57:29] (8s)  >>> Created relation flow::CorrectedFlow::Stage1::sourceNode/2#0bd82a1f/2@bf52258s with 1 rows and digest f4d6dbkck18s3mubrh5mb41jgkd.
[2026-10-08 00:57:29] (8s) Starting to evaluate predicate project#flow::CorrectedFlow::Stage1::sourceNode/2#0bd82a1f/1@10be1b5j
[2026-10-08 00:57:29] (8s)  >>> Created relation project#flow::CorrectedFlow::Stage1::sourceNode/2#0bd82a1f/1@10be1b5j with 1 rows and digest 19f2cevarof1fbaqkctt3t43if4.
[2026-10-08 00:57:29] (8s) Starting to evaluate predicate DataFlowImplCommon::NodeEx.projectToNode/0#dispred#b6263780/2@fd86efnu
[2026-10-08 00:57:29] (8s) Starting to evaluate predicate project#DataFlowImplCommon::Cached::parameterNode/3#1221c9ac/1@a126edd1
[2026-10-08 00:57:29] (8s)  >>> Created relation project#DataFlowImplCommon::Cached::parameterNode/3#1221c9ac/1@a126edd1 with 9266 rows and digest 466ceacauje41mpnth33qk376ga.
[2026-10-08 00:57:29] (8s) Starting to evaluate predicate DataFlowImplCommon::ParamNodeEx#76ae9f37/3@3ec1531q
[2026-10-08 00:57:29] (8s)  >>> Created relation DataFlowImplCommon::ParamNodeEx#76ae9f37/3@3ec1531q with 9266 rows and digest dc521aku96d2rq01064b7v7h404.
[2026-10-08 00:57:29] (8s) Starting to evaluate predicate project#DataFlowImplCommon::ParamNodeEx#76ae9f37/2@07cd33f6
[2026-10-08 00:57:29] (8s)  >>> Created relation project#DataFlowImplCommon::ParamNodeEx#76ae9f37/2@07cd33f6 with 9266 rows and digest a1d09ejne9fpp1r83d9g5s7mha4.
[2026-10-08 00:57:29] (8s) Starting to evaluate predicate project#DataFlowImplCommon::ParamNodeEx#76ae9f37_10#join_rhs/2@8fc8f569
[2026-10-08 00:57:29] (8s)  >>> Created relation project#DataFlowImplCommon::ParamNodeEx#76ae9f37_10#join_rhs/2@8fc8f569 with 9266 rows and digest 5f51d1pi4el2o1rtihjbv58jjn5.
[2026-10-08 00:57:29] (8s) Starting to evaluate predicate Option::Option<DataFlowImplCommon::ReturnKindExt>::TSome#dom#256cc0e2/1@d793e1q7
[2026-10-08 00:57:29] (8s)  >>> Created relation Option::Option<DataFlowImplCommon::ReturnKindExt>::TSome#dom#256cc0e2/1@d793e1q7 with 70 rows and digest 557763qasre9357m9op7uaq1d0a.
[2026-10-08 00:57:29] (8s) Starting to evaluate predicate num#Option::Option<DataFlowImplCommon::ReturnKindExt>::TSome#fdff0be9/2@6f3ee5r6
[2026-10-08 00:57:29] Evaluating HOP construct<Option#8eb11f23::Option-DataFlowImplCommon#f7de413b::MakeImplCommon-Location#d34fd4c8::Location-DataFlowImplSpecific#ea-b6605728,1> with inputs:
                        70 tuples in Option::Option<DataFlowImplCommon::ReturnKindExt>::TSome#dom#256cc0e2/1@d793e1q7
[2026-10-08 00:57:29] (8s)  >>> Created relation DataFlowImplCommon::NodeEx.projectToNode/0#dispred#b6263780/2@fd86efnu with 366315 rows and digest fafda2cjs5b1hvl3r3csj3fibi2.
[2026-10-08 00:57:29] (8s) Starting to evaluate predicate num#Option::Option<DataFlowImplCommon::ReturnKindExt>::TNone#d229fb37/1@79c6b5ck
[2026-10-08 00:57:29] Evaluating HOP construct<Option#8eb11f23::Option-DataFlowImplCommon#f7de413b::MakeImplCommon-Location#d34fd4c8::Location-DataFlowImplSpecific#ea-b6605728,0> with inputs:
                        1 tuples in flow::CorrectedFlow::Flow::S6Graph::TPathNodeSinkGrp#dom#de5f7ca0/0@dab1424s
[2026-10-08 00:57:29] (8s)  >>> Created relation num#Option::Option<DataFlowImplCommon::ReturnKindExt>::TSome#fdff0be9/2@6f3ee5r6 with 70 rows and digest 57ecfdri71m4kqm6qcavrahf7lc.
[2026-10-08 00:57:29] (8s) Starting to evaluate predicate DataFlowImplCommon::ReturnKindExtOption.asSome/0#dispred#5f4d1543/2@d2660djo
[2026-10-08 00:57:29] (8s)  >>> Created relation DataFlowImplCommon::ReturnKindExtOption.asSome/0#dispred#5f4d1543/2@d2660djo with 70 rows and digest 57ecfdri71m4kqm6qcavrahf7lc.
[2026-10-08 00:57:29] (8s)  >>> Created relation DataFlowImplCommon::ReturnKindExtOption.asSome/0#dispred#5f4d1543_10#join_rhs/2@ac852cn1 with 70 rows and digest 57ecfdri71m4kqm6qcavrahf7lc.
[2026-10-08 00:57:29] (8s)  >>> Created relation Decl::Decl.asNominalTypeDecl/0#dispred#6841cd82#bf_10#join_rhs/2@cd38e7ob with 8022 rows and digest ce9b5eo43h9igq83th25oc524v2.
[2026-10-08 00:57:29] (8s) Starting to evaluate predicate NominalTypeDecl::Generated::NominalTypeDecl.getType/0#dispred#31315fa9_10#join_rhs/2@a33e6893
[2026-10-08 00:57:29] (8s)  >>> Created relation NominalTypeDecl::Generated::NominalTypeDecl.getType/0#dispred#31315fa9_10#join_rhs/2@a33e6893 with 4050 rows and digest 63d40c2ot8d236hiedntmnmlubf.
[2026-10-08 00:57:29] (8s) Starting to evaluate predicate Type::Type.getABaseType/0#dispred#8deb69e5_10#join_rhs/2@9ef266o1
[2026-10-08 00:57:29] (8s)  >>> Created relation num#Option::Option<DataFlowImplCommon::ReturnKindExt>::TNone#d229fb37/1@79c6b5ck with 1 rows and digest d21c248bcruk2so9aa9ksqufll7.
[2026-10-08 00:57:29] (8s) Starting to evaluate predicate flow::CorrectedFlow::Stage1::Stage1::getDisallowedReturnKind0/1#b5373022/2@ef0b512o
[2026-10-08 00:57:29] (8s)  >>> Created relation flow::CorrectedFlow::Stage1::Stage1::getDisallowedReturnKind0/1#b5373022/2@ef0b512o with 9266 rows and digest fe41704cl7ev7c6tqni1ktutsic.
[2026-10-08 00:57:29] (8s) Starting to evaluate predicate DataFlowImplCommon::Cached::viableParamArgEx/3#db135854_21#join_rhs/2@e74402ig
[2026-10-08 00:57:29] (8s)  >>> Created relation DataFlowImplCommon::Cached::viableParamArgEx/3#db135854_21#join_rhs/2@e74402ig with 3431 rows and digest f8ffe7tqaj3do2t4tdum7tkbh65.
[2026-10-08 00:57:29] (8s) Starting to evaluate predicate project#DataFlowImplCommon::Cached::viableReturnPosOutEx/3#fecc0bfe/2@2396136m
[2026-10-08 00:57:29] (8s)  >>> Created relation project#DataFlowImplCommon::Cached::viableReturnPosOutEx/3#fecc0bfe/2@2396136m with 3441 rows and digest 10e2472c7ojmrsgd585inujegeb.
[2026-10-08 00:57:29] (8s) Starting to evaluate predicate flow::CorrectedFlow::Stage1::localFlowStepEx/3#3260d4f7/3@3771e1d0
[2026-10-08 00:57:29] (8s)  >>> Created relation flow::CorrectedFlow::Stage1::localFlowStepEx/3#3260d4f7/3@3771e1d0 with 26010 rows and digest 820f9aikgk0t5g5bnt81mdhih02.
[2026-10-08 00:57:29] (8s) Starting to evaluate predicate project#flow::CorrectedFlow::Stage1::localFlowStepEx/3#3260d4f7/2@eba54f9t
[2026-10-08 00:57:29] (8s)  >>> Created relation project#flow::CorrectedFlow::Stage1::localFlowStepEx/3#3260d4f7/2@eba54f9t with 26010 rows and digest a91476bi5v4fcevbrl6ha7qd4td.
[2026-10-08 00:57:29] (8s) Starting to evaluate predicate DataFlowImplCommon::NodeEx.getEnclosingCallable0/0#368b0963/2@f7ac82f8
[2026-10-08 00:57:29] (8s)  >>> Created relation Type::Type.getABaseType/0#dispred#8deb69e5_10#join_rhs/2@9ef266o1 with 84219 rows and digest 8c09282haejk97ufsf9tagcp180.
[2026-10-08 00:57:29] (8s) Starting to evaluate predicate #Type::Type.getABaseType/0#dispred#8deb69e5Plus#fb#flipped/2@i1#2a0d2w07 (iteration 1)
[2026-10-08 00:57:29] (8s) 			 - #Type::Type.getABaseType/0#dispred#8deb69e5Plus#fb#flipped_delta has 83180 rows (order for disjuncts: delta=0).
[2026-10-08 00:57:29] (8s) Starting to evaluate predicate #Type::Type.getABaseType/0#dispred#8deb69e5Plus#fb#flipped/2@i2#2a0d2w07 (iteration 2)
[2026-10-08 00:57:29] (8s) 			 - #Type::Type.getABaseType/0#dispred#8deb69e5Plus#fb#flipped_delta has 6577 rows (order for disjuncts: delta=<standard>).
[2026-10-08 00:57:29] (8s) Starting to evaluate predicate #Type::Type.getABaseType/0#dispred#8deb69e5Plus#fb#flipped/2@i3#2a0d2w07 (iteration 3)
[2026-10-08 00:57:29] (8s)  >>> Created relation DataFlowImplCommon::NodeEx.getEnclosingCallable0/0#368b0963/2@f7ac82f8 with 144439 rows and digest 41817akia32j80un3mg62v6do8e.
[2026-10-08 00:57:29] (8s) Starting to evaluate predicate DataFlowImplCommon::Cached::viableParamArgEx/3#db135854_201#join_rhs/3@0f6d67cm
[2026-10-08 00:57:29] (8s)  >>> Created relation DataFlowImplCommon::Cached::viableParamArgEx/3#db135854_201#join_rhs/3@0f6d67cm with 3431 rows and digest ca6f07ssd69go9e7q3vt9s5hmua.
[2026-10-08 00:57:29] (8s) Starting to evaluate predicate DataFlowImplCommon::Cached::viableReturnPosOutEx/3#fecc0bfe_102#join_rhs/3@b71b172p
[2026-10-08 00:57:29] (8s)  >>> Created relation DataFlowImplCommon::Cached::viableReturnPosOutEx/3#fecc0bfe_102#join_rhs/3@b71b172p with 3441 rows and digest 6a7454rceaqh1kv0hcovvlfspt1.
[2026-10-08 00:57:29] (8s) Starting to evaluate predicate DataFlowImplCommon::Cached::TReturnPosition0#3c7bc2a3_12#join_rhs/2@fc98dbmi
[2026-10-08 00:57:29] (8s) 			 - #Type::Type.getABaseType/0#dispred#8deb69e5Plus#fb#flipped_delta has 2618 rows (order for disjuncts: delta=<standard>).
[2026-10-08 00:57:29] (8s) Starting to evaluate predicate #Type::Type.getABaseType/0#dispred#8deb69e5Plus#fb#flipped/2@i4#2a0d2w07 (iteration 4)
[2026-10-08 00:57:29] (8s) 			 - #Type::Type.getABaseType/0#dispred#8deb69e5Plus#fb#flipped_delta has 482 rows (order for disjuncts: delta=<standard>).
[2026-10-08 00:57:29] (8s) Starting to evaluate predicate #Type::Type.getABaseType/0#dispred#8deb69e5Plus#fb#flipped/2@i5#2a0d2w07 (iteration 5)
[2026-10-08 00:57:29] (8s) 			 - #Type::Type.getABaseType/0#dispred#8deb69e5Plus#fb#flipped_delta has 163 rows (order for disjuncts: delta=<standard>).
[2026-10-08 00:57:29] (8s) Starting to evaluate predicate #Type::Type.getABaseType/0#dispred#8deb69e5Plus#fb#flipped/2@i6#2a0d2w07 (iteration 6)
[2026-10-08 00:57:29] (8s) 			 - #Type::Type.getABaseType/0#dispred#8deb69e5Plus#fb#flipped_delta has 17 rows (order for disjuncts: delta=<standard>).
[2026-10-08 00:57:29] (8s) Starting to evaluate predicate #Type::Type.getABaseType/0#dispred#8deb69e5Plus#fb#flipped/2@i7#2a0d2w07 (iteration 7)
[2026-10-08 00:57:29] (8s) 			 - #Type::Type.getABaseType/0#dispred#8deb69e5Plus#fb#flipped_delta has 8 rows (order for disjuncts: delta=<standard>).
[2026-10-08 00:57:29] (8s) Starting to evaluate predicate #Type::Type.getABaseType/0#dispred#8deb69e5Plus#fb#flipped/2@i8#2a0d2w07 (iteration 8)
[2026-10-08 00:57:29] (8s) Empty delta for #Type::Type.getABaseType/0#dispred#8deb69e5Plus#fb#flipped_delta (order for disjuncts: delta=<standard>).
[2026-10-08 00:57:29] (8s) Accumulating deltas
[2026-10-08 00:57:29] (8s)  >>> Created relation #Type::Type.getABaseType/0#dispred#8deb69e5Plus#fb#flipped/2@2a0d2w07 with 93045 rows and digest 5f7f549ogjf7b64kdn6l7euvgv5.
[2026-10-08 00:57:29] (8s)  >>> Created relation DataFlowImplCommon::Cached::TReturnPosition0#3c7bc2a3_12#join_rhs/2@fc98dbmi with 26964 rows and digest 7743dbta0co4bfmmcrbantf5aj1.
[2026-10-08 00:57:29] (8s) Starting to evaluate predicate #Type::Type.getABaseType/0#dispred#8deb69e5Plus#fb#flipped_10#join_rhs/2@4b9ee8mk
[2026-10-08 00:57:29] (8s) Starting to evaluate predicate _DataFlowImplCommon::Cached::TReturnPosition0#3c7bc2a3_12#join_rhs_DataFlowImplCommon::ReturnKindExt__#join_rhs/3@dd14f1dq
[2026-10-08 00:57:29] (8s)  >>> Created relation _DataFlowImplCommon::Cached::TReturnPosition0#3c7bc2a3_12#join_rhs_DataFlowImplCommon::ReturnKindExt__#join_rhs/3@dd14f1dq with 26964 rows and digest 3dfe3ed5epsegpbcoo765b19o79.
[2026-10-08 00:57:29] (8s) Starting to evaluate predicate flow::CorrectedFlow::Stage1::useFieldFlow/0#be33945c/0@24a6ba1q
[2026-10-08 00:57:29] (8s)  >>> Created relation flow::CorrectedFlow::Stage1::useFieldFlow/0#be33945c/0@24a6ba1q with 1 rows and digest ac90f0ei322hhreshlvdl215c38.
[2026-10-08 00:57:29] (8s) Starting to evaluate predicate flow::CorrectedFlow::Stage1::storeUnrestricted/5#30726699/5@dda9409r
[2026-10-08 00:57:29] (8s)  >>> Created relation flow::CorrectedFlow::Stage1::storeUnrestricted/5#30726699/5@dda9409r with 1516 rows and digest 02ae55dv16hpphq3bhakt6emsbe.
[2026-10-08 00:57:29] (8s) Starting to evaluate predicate InitializerCallExpr::InitializerCallExpr.getStaticTarget/0#dispred#05fbf096/2@8f47c4mi
[2026-10-08 00:57:29] (8s)  >>> Created relation InitializerCallExpr::InitializerCallExpr.getStaticTarget/0#dispred#05fbf096/2@8f47c4mi with 941 rows and digest e66021mv16rc1qcbr6ldns26su0.
[2026-10-08 00:57:29] (8s) Starting to evaluate predicate _Callable::Generated::Callable.getName/0#dispred#1a768ff1_Callable::Generated::Callable.getNumberOfP__#antijoin_rhs/2@3002aahk
[2026-10-08 00:57:29] (8s)  >>> Created relation _Callable::Generated::Callable.getName/0#dispred#1a768ff1_Callable::Generated::Callable.getNumberOfP__#antijoin_rhs/2@3002aahk with 1 rows and digest 9ec73ea70039a8057ucg2fgfsk3.
[2026-10-08 00:57:29] (8s) Starting to evaluate predicate ResolvedTaint::rejectedStringDataHeuristic/2#bfe33906/2@6fa35eg2
[2026-10-08 00:57:29] (8s)  >>> Created relation ResolvedTaint::rejectedStringDataHeuristic/2#bfe33906/2@6fa35eg2 with 0 rows and digest THIS-RELATION-HAS-NO-TUPLES.
[2026-10-08 00:57:29] (8s) Starting to evaluate predicate ApplyExpr::ApplyExpr.getQualifier/0#dispred#13afdcd5#bf/2@fc965djr
[2026-10-08 00:57:29] (8s)  >>> Created relation ApplyExpr::ApplyExpr.getQualifier/0#dispred#13afdcd5#bf/2@fc965djr with 943 rows and digest 20e7418lchglmlj6ne5bm6m1fn9.
[2026-10-08 00:57:29] (8s) Starting to evaluate predicate Method::Method.isInstanceMethod/0#dispred#e92c1e96#b/1@04eb082j
[2026-10-08 00:57:29] (8s)  >>> Created relation Method::Method.isInstanceMethod/0#dispred#e92c1e96#b/1@04eb082j with 11989 rows and digest 466468b2rnriimg73gorvhkqnh5.
[2026-10-08 00:57:29] (8s) Starting to evaluate predicate AppendIdentity::exactAppend/1#db7c1432/1@58aea5j7
[2026-10-08 00:57:29] (8s)  >>> Created relation AppendIdentity::exactAppend/1#db7c1432/1@58aea5j7 with 1 rows and digest 2002bd4uufo6o2lmjpd2e5cri5b.
[2026-10-08 00:57:29] (8s) Starting to evaluate predicate ResolvedTaint::rejectedAppendHeuristic/2#8eb90efa/2@a63f1fip
[2026-10-08 00:57:29] (8s)  >>> Created relation #Type::Type.getABaseType/0#dispred#8deb69e5Plus#fb#flipped_10#join_rhs/2@4b9ee8mk with 93045 rows and digest bcaad1l7h294t55f5c8l3oin0u1.
[2026-10-08 00:57:29] (8s)  >>> Created relation ResolvedTaint::rejectedAppendHeuristic/2#8eb90efa/2@a63f1fip with 0 rows and digest THIS-RELATION-HAS-NO-TUPLES.
[2026-10-08 00:57:29] (8s) Starting to evaluate predicate _ResolvedTaint::rejectedAppendHeuristic/2#8eb90efa_ResolvedTaint::rejectedStringDataHeuristic/2#bfe3__#antijoin_rhs/3@a19c250a
[2026-10-08 00:57:29] (8s) Starting to evaluate predicate flow::CorrectedFlow::Stage1::readSetEx/3#b92a5fb8/3@a609d2jj
[2026-10-08 00:57:29] (8s)  >>> Created relation _ResolvedTaint::rejectedAppendHeuristic/2#8eb90efa_ResolvedTaint::rejectedStringDataHeuristic/2#bfe3__#antijoin_rhs/3@a19c250a with 0 rows and digest THIS-RELATION-HAS-NO-TUPLES.
[2026-10-08 00:57:29] (8s) Starting to evaluate predicate TaintTracking::TaintFlowMakeCore<Location::Location,DataFlowImplSpecific::SwiftDataFlow,ResolvedTaint::ResolvedSwiftTaint>::AddTaintDefaults<flow::CorrectedFlow::Config0>::isAdditionalFlowStep/3#3202cdf0/3@245820re
[2026-10-08 00:57:29] (8s)  >>> Created relation TaintTracking::TaintFlowMakeCore<Location::Location,DataFlowImplSpecific::SwiftDataFlow,ResolvedTaint::ResolvedSwiftTaint>::AddTaintDefaults<flow::CorrectedFlow::Config0>::isAdditionalFlowStep/3#3202cdf0/3@245820re with 1517 rows and digest 590f72rqcnaom0l08gt2biksjq1.
[2026-10-08 00:57:29] (8s) Starting to evaluate predicate DataFlowImplCommon::NodeEx.asNodeOrImplicitRead/0#dispred#76233eab_10#join_rhs/2@75ee3763
[2026-10-08 00:57:29] (8s)  >>> Created relation flow::CorrectedFlow::Stage1::readSetEx/3#b92a5fb8/3@a609d2jj with 642 rows and digest f39227fqk2nj0ugueq0ee064396.
[2026-10-08 00:57:29] (8s) Starting to evaluate predicate project#flow::CorrectedFlow::Stage1::readSetEx/3#b92a5fb8/1@c17549fn
[2026-10-08 00:57:29] (8s)  >>> Created relation project#flow::CorrectedFlow::Stage1::readSetEx/3#b92a5fb8/1@c17549fn with 49 rows and digest 71179b88igjkb5dg07ljh0jlu97.
[2026-10-08 00:57:29] (8s) Starting to evaluate predicate flow::CorrectedFlow::Stage1::hasReadStep/1#b43cb8b6/1@b524cdnn
[2026-10-08 00:57:29] (8s)  >>> Created relation flow::CorrectedFlow::Stage1::hasReadStep/1#b43cb8b6/1@b524cdnn with 49 rows and digest 71179b88igjkb5dg07ljh0jlu97.
[2026-10-08 00:57:29] (8s) Starting to evaluate predicate flow::CorrectedFlow::Stage1::store/5#49123699/5@1ea5dakr
[2026-10-08 00:57:29] (8s)  >>> Created relation flow::CorrectedFlow::Stage1::store/5#49123699/5@1ea5dakr with 781 rows and digest 0bbdc7457anc38aabb8kfh4l399.
[2026-10-08 00:57:29] (8s) Starting to evaluate predicate project#flow::CorrectedFlow::Stage1::store/5#49123699/2@053652k7
[2026-10-08 00:57:29] (8s)  >>> Created relation project#flow::CorrectedFlow::Stage1::store/5#49123699/2@053652k7 with 781 rows and digest a6bb33i22vve6qko2esooi6dmf6.
[2026-10-08 00:57:29] (8s)  >>> Created relation DataFlowImplCommon::NodeEx.asNodeOrImplicitRead/0#dispred#76233eab_10#join_rhs/2@75ee3763 with 362338 rows and digest 17b16ba044satjpa2gnd1a02laa.
[2026-10-08 00:57:29] (8s) Starting to evaluate predicate flow::CorrectedFlow::Stage1::additionalLocalFlowStep/3#b72ae782/3@3204dcgd
[2026-10-08 00:57:29] (8s) Starting to evaluate predicate flow::CorrectedFlow::Stage1::additionalJumpStep1/3#84af6d1c/3@7ce05056
[2026-10-08 00:57:29] (8s)  >>> Created relation flow::CorrectedFlow::Stage1::additionalLocalFlowStep/3#b72ae782/3@3204dcgd with 3030 rows and digest 7ec1189vubfl52dj01k4vmi9ad6.
[2026-10-08 00:57:29] (8s) Starting to evaluate predicate project#flow::CorrectedFlow::Stage1::additionalLocalFlowStep/3#b72ae782/2@5c4bfadg
[2026-10-08 00:57:29] (8s)  >>> Created relation project#flow::CorrectedFlow::Stage1::additionalLocalFlowStep/3#b72ae782/2@5c4bfadg with 3030 rows and digest cb4aa2bufm0g56upe6750ehaf91.
[2026-10-08 00:57:29] (8s)  >>> Created relation flow::CorrectedFlow::Stage1::additionalJumpStep1/3#84af6d1c/3@7ce05056 with 0 rows and digest THIS-RELATION-HAS-NO-TUPLES.
[2026-10-08 00:57:29] (8s) Inferred that project#flow::CorrectedFlow::Stage1::additionalJumpStep1/3#84af6d1c/2@79ba21ke is empty, due to flow::CorrectedFlow::Stage1::additionalJumpStep1/3#84af6d1c/3@7ce05056.
[2026-10-08 00:57:29] (8s) Inferred that project#flow::CorrectedFlow::Stage1::additionalJumpStep1/3#84af6d1c#2/1@5fb7bbof is empty, due to flow::CorrectedFlow::Stage1::additionalJumpStep1/3#84af6d1c/3@7ce05056.
[2026-10-08 00:57:29] (8s) Inferred that project#flow::CorrectedFlow::Stage1::additionalJumpStep1/3#84af6d1c_10#join_rhs/2@7dc1b5cp is empty, due to project#flow::CorrectedFlow::Stage1::additionalJumpStep1/3#84af6d1c/2@79ba21ke.
[2026-10-08 00:57:29] (8s) Starting to evaluate predicate flow::CorrectedFlow::Stage1::Stage1::fwdFlowConsCand/1#9f25d303/1@i1#fecfc4w0 (iteration 1)
[2026-10-08 00:57:29] (8s) Empty delta for flow::CorrectedFlow::Stage1::Stage1::fwdFlowConsCand/1#9f25d303_delta (order for disjuncts: delta=0).
[2026-10-08 00:57:29] (8s) Starting to evaluate predicate flow::CorrectedFlow::Stage1::Stage1::fwdFlowOutFromArg/3#5e18f14f/3@i1#fecfc3w0 (iteration 1)
[2026-10-08 00:57:29] (8s) Empty delta for flow::CorrectedFlow::Stage1::Stage1::fwdFlowOutFromArg/3#5e18f14f_delta (order for disjuncts: delta=0).
[2026-10-08 00:57:29] (8s) Starting to evaluate predicate flow::CorrectedFlow::Stage1::Stage1::fwdFlowInReducedViableImplInSomeCallContext/4#8e2b1326#reorder_0_3_1_2/4@i1#fecfc2w0 (iteration 1)
[2026-10-08 00:57:29] (8s) Empty delta for flow::CorrectedFlow::Stage1::Stage1::fwdFlowInReducedViableImplInSomeCallContext/4#8e2b1326#reorder_0_3_1_2_delta (order for disjuncts: delta=0).
[2026-10-08 00:57:29] (8s) Starting to evaluate predicate flow::CorrectedFlow::Stage1::Stage1::fwdFlowReturnPosition/2#0f7fd137/2@i1#fecfc1w0 (iteration 1)
[2026-10-08 00:57:29] (8s) Empty delta for flow::CorrectedFlow::Stage1::Stage1::fwdFlowReturnPosition/2#0f7fd137_delta (order for disjuncts: delta=0).
[2026-10-08 00:57:29] (8s) Starting to evaluate predicate flow::CorrectedFlow::Stage1::Stage1::fwdFlow/2#1fbaf236/2@i1#fecfc0w0 (iteration 1)
[2026-10-08 00:57:29] (8s) 			 - flow::CorrectedFlow::Stage1::Stage1::fwdFlow/2#1fbaf236_delta has 1 rows (order for disjuncts: delta=0).
[2026-10-08 00:57:29] (8s) Starting to evaluate predicate flow::CorrectedFlow::Stage1::Stage1::fwdFlowConsCandSet/2#2449e940/2@i1#fecfczh0 (iteration 1)
[2026-10-08 00:57:29] (8s) Empty delta for flow::CorrectedFlow::Stage1::Stage1::fwdFlowConsCandSet/2#2449e940_delta (order for disjuncts: delta=0).
[2026-10-08 00:57:29] (8s) Starting to evaluate predicate flow::CorrectedFlow::Stage1::Stage1::viableImplInSomeFwdFlowCallContextExt/1#e6a94d5e/2@i1#fecfcyh0 (iteration 1)
[2026-10-08 00:57:29] (8s) Empty delta for flow::CorrectedFlow::Stage1::Stage1::viableImplInSomeFwdFlowCallContextExt/1#e6a94d5e_delta (order for disjuncts: delta=0).
[2026-10-08 00:57:29] (8s) Starting to evaluate predicate flow::CorrectedFlow::Stage1::Stage1::fwdFlowReadSet/3#faa38cd4/3@i1#fecfcxh0 (iteration 1)
[2026-10-08 00:57:29] (8s) Empty delta for flow::CorrectedFlow::Stage1::Stage1::fwdFlowReadSet/3#faa38cd4_delta (order for disjuncts: delta=0).
[2026-10-08 00:57:29] (8s) Starting to evaluate predicate flow::CorrectedFlow::Stage1::Stage1::fwdFlowIsEntered/3#0158fa6e/3@i1#fecfcwh0 (iteration 1)
[2026-10-08 00:57:29] (8s) Empty delta for flow::CorrectedFlow::Stage1::Stage1::fwdFlowIsEntered/3#0158fa6e_delta (order for disjuncts: delta=0).
[2026-10-08 00:57:29] (8s) Starting to evaluate predicate flow::CorrectedFlow::Stage1::Stage1::fwdFlowConsCand/1#9f25d303/1@i2#fecfc4w0 (iteration 2)
[2026-10-08 00:57:29] (8s) Empty delta for flow::CorrectedFlow::Stage1::Stage1::fwdFlowConsCand/1#9f25d303_delta (order for disjuncts: delta=<standard>).
[2026-10-08 00:57:29] (8s) Starting to evaluate predicate flow::CorrectedFlow::Stage1::Stage1::fwdFlowInReducedViableImplInSomeCallContext/4#8e2b1326#reorder_0_3_1_2/4@i2#fecfc2w0 (iteration 2)
[2026-10-08 00:57:29] (8s) Empty delta for flow::CorrectedFlow::Stage1::Stage1::fwdFlowInReducedViableImplInSomeCallContext/4#8e2b1326#reorder_0_3_1_2_delta (order for disjuncts: delta=<standard>).
[2026-10-08 00:57:29] (8s) Starting to evaluate predicate flow::CorrectedFlow::Stage1::Stage1::fwdFlowReturnPosition/2#0f7fd137/2@i2#fecfc1w0 (iteration 2)
[2026-10-08 00:57:29] (8s) Empty delta for flow::CorrectedFlow::Stage1::Stage1::fwdFlowReturnPosition/2#0f7fd137_delta (order for disjuncts: delta=<standard>).
[2026-10-08 00:57:29] (8s) Starting to evaluate predicate flow::CorrectedFlow::Stage1::Stage1::fwdFlow/2#1fbaf236/2@i2#fecfc0w0 (iteration 2)
[2026-10-08 00:57:29] (8s) 			 - flow::CorrectedFlow::Stage1::Stage1::fwdFlow/2#1fbaf236_delta has 1 rows (order for disjuncts: delta=<standard>).
[2026-10-08 00:57:29] (8s) Starting to evaluate predicate flow::CorrectedFlow::Stage1::Stage1::fwdFlowReadSet/3#faa38cd4/3@i2#fecfcxh0 (iteration 2)
[2026-10-08 00:57:29] (8s) 			 - flow::CorrectedFlow::Stage1::Stage1::fwdFlowReadSet/3#faa38cd4_delta has 2 rows (order for disjuncts: delta=<standard>).
[2026-10-08 00:57:29] (8s) Starting to evaluate predicate flow::CorrectedFlow::Stage1::Stage1::fwdFlowIsEntered/3#0158fa6e/3@i2#fecfcwh0 (iteration 2)
[2026-10-08 00:57:29] (8s) Empty delta for flow::CorrectedFlow::Stage1::Stage1::fwdFlowIsEntered/3#0158fa6e_delta (order for disjuncts: delta=<standard>).
[2026-10-08 00:57:29] (8s) Starting to evaluate predicate flow::CorrectedFlow::Stage1::Stage1::fwdFlowConsCand/1#9f25d303/1@i3#fecfc4w0 (iteration 3)
[2026-10-08 00:57:29] (8s) Empty delta for flow::CorrectedFlow::Stage1::Stage1::fwdFlowConsCand/1#9f25d303_delta (order for disjuncts: delta=<standard>).
[2026-10-08 00:57:29] (8s) Starting to evaluate predicate flow::CorrectedFlow::Stage1::Stage1::fwdFlowInReducedViableImplInSomeCallContext/4#8e2b1326#reorder_0_3_1_2/4@i3#fecfc2w0 (iteration 3)
[2026-10-08 00:57:29] (8s) Empty delta for flow::CorrectedFlow::Stage1::Stage1::fwdFlowInReducedViableImplInSomeCallContext/4#8e2b1326#reorder_0_3_1_2_delta (order for disjuncts: delta=<standard>).
[2026-10-08 00:57:29] (8s) Starting to evaluate predicate flow::CorrectedFlow::Stage1::Stage1::fwdFlowReturnPosition/2#0f7fd137/2@i3#fecfc1w0 (iteration 3)
[2026-10-08 00:57:29] (8s) Empty delta for flow::CorrectedFlow::Stage1::Stage1::fwdFlowReturnPosition/2#0f7fd137_delta (order for disjuncts: delta=<standard>).
[2026-10-08 00:57:29] (8s) Starting to evaluate predicate flow::CorrectedFlow::Stage1::Stage1::fwdFlow/2#1fbaf236/2@i3#fecfc0w0 (iteration 3)
[2026-10-08 00:57:29] (8s) 			 - flow::CorrectedFlow::Stage1::Stage1::fwdFlow/2#1fbaf236_delta has 1 rows (order for disjuncts: delta=<standard>).
[2026-10-08 00:57:29] (8s) Starting to evaluate predicate flow::CorrectedFlow::Stage1::Stage1::fwdFlowReadSet/3#faa38cd4/3@i3#fecfcxh0 (iteration 3)
[2026-10-08 00:57:29] (8s) Empty delta for flow::CorrectedFlow::Stage1::Stage1::fwdFlowReadSet/3#faa38cd4_delta (order for disjuncts: delta=<standard>).
[2026-10-08 00:57:29] (8s) Starting to evaluate predicate flow::CorrectedFlow::Stage1::Stage1::fwdFlowIsEntered/3#0158fa6e/3@i3#fecfcwh0 (iteration 3)
[2026-10-08 00:57:29] (8s) Empty delta for flow::CorrectedFlow::Stage1::Stage1::fwdFlowIsEntered/3#0158fa6e_delta (order for disjuncts: delta=<standard>).
[2026-10-08 00:57:29] (8s) Starting to evaluate predicate flow::CorrectedFlow::Stage1::Stage1::fwdFlowConsCand/1#9f25d303/1@i4#fecfc4w0 (iteration 4)
[2026-10-08 00:57:29] (8s) Empty delta for flow::CorrectedFlow::Stage1::Stage1::fwdFlowConsCand/1#9f25d303_delta (order for disjuncts: delta=<standard>).
[2026-10-08 00:57:29] (8s) Starting to evaluate predicate flow::CorrectedFlow::Stage1::Stage1::fwdFlowInReducedViableImplInSomeCallContext/4#8e2b1326#reorder_0_3_1_2/4@i4#fecfc2w0 (iteration 4)
[2026-10-08 00:57:29] (8s) Empty delta for flow::CorrectedFlow::Stage1::Stage1::fwdFlowInReducedViableImplInSomeCallContext/4#8e2b1326#reorder_0_3_1_2_delta (order for disjuncts: delta=<standard>).
[2026-10-08 00:57:29] (8s) Starting to evaluate predicate flow::CorrectedFlow::Stage1::Stage1::fwdFlowReturnPosition/2#0f7fd137/2@i4#fecfc1w0 (iteration 4)
[2026-10-08 00:57:29] (8s) Empty delta for flow::CorrectedFlow::Stage1::Stage1::fwdFlowReturnPosition/2#0f7fd137_delta (order for disjuncts: delta=<standard>).
[2026-10-08 00:57:29] (8s) Starting to evaluate predicate flow::CorrectedFlow::Stage1::Stage1::fwdFlow/2#1fbaf236/2@i4#fecfc0w0 (iteration 4)
[2026-10-08 00:57:29] (8s) 			 - flow::CorrectedFlow::Stage1::Stage1::fwdFlow/2#1fbaf236_delta has 1 rows (order for disjuncts: delta=<standard>).
[2026-10-08 00:57:29] (8s) Starting to evaluate predicate flow::CorrectedFlow::Stage1::Stage1::fwdFlowReadSet/3#faa38cd4/3@i4#fecfcxh0 (iteration 4)
[2026-10-08 00:57:29] (8s) Empty delta for flow::CorrectedFlow::Stage1::Stage1::fwdFlowReadSet/3#faa38cd4_delta (order for disjuncts: delta=<standard>).
[2026-10-08 00:57:29] (8s) Starting to evaluate predicate flow::CorrectedFlow::Stage1::Stage1::fwdFlowIsEntered/3#0158fa6e/3@i4#fecfcwh0 (iteration 4)
[2026-10-08 00:57:29] (8s) Empty delta for flow::CorrectedFlow::Stage1::Stage1::fwdFlowIsEntered/3#0158fa6e_delta (order for disjuncts: delta=<standard>).
[2026-10-08 00:57:29] (8s) Starting to evaluate predicate flow::CorrectedFlow::Stage1::Stage1::fwdFlowConsCand/1#9f25d303/1@i5#fecfc4w0 (iteration 5)
[2026-10-08 00:57:29] (8s) Empty delta for flow::CorrectedFlow::Stage1::Stage1::fwdFlowConsCand/1#9f25d303_delta (order for disjuncts: delta=<standard>).
[2026-10-08 00:57:29] (8s) Starting to evaluate predicate flow::CorrectedFlow::Stage1::Stage1::fwdFlowInReducedViableImplInSomeCallContext/4#8e2b1326#reorder_0_3_1_2/4@i5#fecfc2w0 (iteration 5)
[2026-10-08 00:57:29] (8s) Empty delta for flow::CorrectedFlow::Stage1::Stage1::fwdFlowInReducedViableImplInSomeCallContext/4#8e2b1326#reorder_0_3_1_2_delta (order for disjuncts: delta=<standard>).
[2026-10-08 00:57:29] (8s) Starting to evaluate predicate flow::CorrectedFlow::Stage1::Stage1::fwdFlowReturnPosition/2#0f7fd137/2@i5#fecfc1w0 (iteration 5)
[2026-10-08 00:57:29] (8s) Empty delta for flow::CorrectedFlow::Stage1::Stage1::fwdFlowReturnPosition/2#0f7fd137_delta (order for disjuncts: delta=<standard>).
[2026-10-08 00:57:29] (8s) Starting to evaluate predicate flow::CorrectedFlow::Stage1::Stage1::fwdFlow/2#1fbaf236/2@i5#fecfc0w0 (iteration 5)
[2026-10-08 00:57:29] (8s) 			 - flow::CorrectedFlow::Stage1::Stage1::fwdFlow/2#1fbaf236_delta has 1 rows (order for disjuncts: delta=<standard>).
[2026-10-08 00:57:29] (8s) Starting to evaluate predicate flow::CorrectedFlow::Stage1::Stage1::fwdFlowReadSet/3#faa38cd4/3@i5#fecfcxh0 (iteration 5)
[2026-10-08 00:57:29] (8s) Empty delta for flow::CorrectedFlow::Stage1::Stage1::fwdFlowReadSet/3#faa38cd4_delta (order for disjuncts: delta=<standard>).
[2026-10-08 00:57:29] (8s) Starting to evaluate predicate flow::CorrectedFlow::Stage1::Stage1::fwdFlowIsEntered/3#0158fa6e/3@i5#fecfcwh0 (iteration 5)
[2026-10-08 00:57:29] (8s) Empty delta for flow::CorrectedFlow::Stage1::Stage1::fwdFlowIsEntered/3#0158fa6e_delta (order for disjuncts: delta=<standard>).
[2026-10-08 00:57:29] (8s) Starting to evaluate predicate flow::CorrectedFlow::Stage1::Stage1::fwdFlowConsCand/1#9f25d303/1@i6#fecfc4w0 (iteration 6)
[2026-10-08 00:57:29] (8s) Empty delta for flow::CorrectedFlow::Stage1::Stage1::fwdFlowConsCand/1#9f25d303_delta (order for disjuncts: delta=<standard>).
[2026-10-08 00:57:29] (8s) Starting to evaluate predicate flow::CorrectedFlow::Stage1::Stage1::fwdFlowInReducedViableImplInSomeCallContext/4#8e2b1326#reorder_0_3_1_2/4@i6#fecfc2w0 (iteration 6)
[2026-10-08 00:57:29] (8s) Empty delta for flow::CorrectedFlow::Stage1::Stage1::fwdFlowInReducedViableImplInSomeCallContext/4#8e2b1326#reorder_0_3_1_2_delta (order for disjuncts: delta=<standard>).
[2026-10-08 00:57:29] (8s) Starting to evaluate predicate flow::CorrectedFlow::Stage1::Stage1::fwdFlowReturnPosition/2#0f7fd137/2@i6#fecfc1w0 (iteration 6)
[2026-10-08 00:57:29] (8s) Empty delta for flow::CorrectedFlow::Stage1::Stage1::fwdFlowReturnPosition/2#0f7fd137_delta (order for disjuncts: delta=<standard>).
[2026-10-08 00:57:29] (8s) Starting to evaluate predicate flow::CorrectedFlow::Stage1::Stage1::fwdFlow/2#1fbaf236/2@i6#fecfc0w0 (iteration 6)
[2026-10-08 00:57:29] (8s) 			 - flow::CorrectedFlow::Stage1::Stage1::fwdFlow/2#1fbaf236_delta has 1 rows (order for disjuncts: delta=<standard>).
[2026-10-08 00:57:29] (8s) Starting to evaluate predicate flow::CorrectedFlow::Stage1::Stage1::fwdFlowReadSet/3#faa38cd4/3@i6#fecfcxh0 (iteration 6)
[2026-10-08 00:57:29] (8s) Empty delta for flow::CorrectedFlow::Stage1::Stage1::fwdFlowReadSet/3#faa38cd4_delta (order for disjuncts: delta=<standard>).
[2026-10-08 00:57:29] (8s) Starting to evaluate predicate flow::CorrectedFlow::Stage1::Stage1::fwdFlowIsEntered/3#0158fa6e/3@i6#fecfcwh0 (iteration 6)
[2026-10-08 00:57:29] (8s) Empty delta for flow::CorrectedFlow::Stage1::Stage1::fwdFlowIsEntered/3#0158fa6e_delta (order for disjuncts: delta=<standard>).
[2026-10-08 00:57:29] (8s) Starting to evaluate predicate flow::CorrectedFlow::Stage1::Stage1::fwdFlowConsCand/1#9f25d303/1@i7#fecfc4w0 (iteration 7)
[2026-10-08 00:57:29] (8s) Empty delta for flow::CorrectedFlow::Stage1::Stage1::fwdFlowConsCand/1#9f25d303_delta (order for disjuncts: delta=<standard>).
[2026-10-08 00:57:29] (8s) Starting to evaluate predicate flow::CorrectedFlow::Stage1::Stage1::fwdFlowInReducedViableImplInSomeCallContext/4#8e2b1326#reorder_0_3_1_2/4@i7#fecfc2w0 (iteration 7)
[2026-10-08 00:57:29] (8s) Empty delta for flow::CorrectedFlow::Stage1::Stage1::fwdFlowInReducedViableImplInSomeCallContext/4#8e2b1326#reorder_0_3_1_2_delta (order for disjuncts: delta=<standard>).
[2026-10-08 00:57:29] (8s) Starting to evaluate predicate flow::CorrectedFlow::Stage1::Stage1::fwdFlowReturnPosition/2#0f7fd137/2@i7#fecfc1w0 (iteration 7)
[2026-10-08 00:57:29] (8s) Empty delta for flow::CorrectedFlow::Stage1::Stage1::fwdFlowReturnPosition/2#0f7fd137_delta (order for disjuncts: delta=<standard>).
[2026-10-08 00:57:29] (8s) Starting to evaluate predicate flow::CorrectedFlow::Stage1::Stage1::fwdFlow/2#1fbaf236/2@i7#fecfc0w0 (iteration 7)
[2026-10-08 00:57:29] (8s) Empty delta for flow::CorrectedFlow::Stage1::Stage1::fwdFlow/2#1fbaf236_delta (order for disjuncts: delta=<standard>).
[2026-10-08 00:57:29] (8s) Starting to evaluate predicate flow::CorrectedFlow::Stage1::Stage1::fwdFlowReadSet/3#faa38cd4/3@i7#fecfcxh0 (iteration 7)
[2026-10-08 00:57:29] (8s) Empty delta for flow::CorrectedFlow::Stage1::Stage1::fwdFlowReadSet/3#faa38cd4_delta (order for disjuncts: delta=<standard>).
[2026-10-08 00:57:29] (8s) Starting to evaluate predicate flow::CorrectedFlow::Stage1::Stage1::fwdFlowIsEntered/3#0158fa6e/3@i7#fecfcwh0 (iteration 7)
[2026-10-08 00:57:29] (8s) Empty delta for flow::CorrectedFlow::Stage1::Stage1::fwdFlowIsEntered/3#0158fa6e_delta (order for disjuncts: delta=<standard>).
[2026-10-08 00:57:29] (8s) Accumulating deltas
[2026-10-08 00:57:29] (8s)  >>> Created relation flow::CorrectedFlow::Stage1::Stage1::fwdFlowIsEntered/3#0158fa6e/3@fecfcwh0 with 0 rows and digest THIS-RELATION-HAS-NO-TUPLES.
[2026-10-08 00:57:29] (8s)  >>> Created relation flow::CorrectedFlow::Stage1::Stage1::fwdFlowReadSet/3#faa38cd4/3@fecfcxh0 with 2 rows and digest a364c4b0vhpvm84s9n8gf2fafgb.
[2026-10-08 00:57:29] (8s)  >>> Discarded freshly computed flow::CorrectedFlow::Stage1::Stage1::viableImplInSomeFwdFlowCallContextExt/1#e6a94d5e/2@fecfcyh0, preempted by a cache hit with digest THIS-RELATION-HAS-NO-TUPLES
[2026-10-08 00:57:29] (8s)  >>> Created relation flow::CorrectedFlow::Stage1::Stage1::fwdFlowConsCandSet/2#2449e940/2@fecfczh0 with 0 rows and digest THIS-RELATION-HAS-NO-TUPLES.
[2026-10-08 00:57:29] (8s)  >>> Created relation flow::CorrectedFlow::Stage1::Stage1::fwdFlow/2#1fbaf236/2@fecfc0w0 with 6 rows and digest 72229dreadujsf17rg115r8ml72.
[2026-10-08 00:57:29] (8s)  >>> Created relation flow::CorrectedFlow::Stage1::Stage1::fwdFlowReturnPosition/2#0f7fd137/2@fecfc1w0 with 0 rows and digest THIS-RELATION-HAS-NO-TUPLES.
[2026-10-08 00:57:29] (8s)  >>> Discarded freshly computed flow::CorrectedFlow::Stage1::Stage1::fwdFlowInReducedViableImplInSomeCallContext/4#8e2b1326#reorder_0_3_1_2/4@fecfc2w0, preempted by a cache hit with digest THIS-RELATION-HAS-NO-TUPLES
[2026-10-08 00:57:29] (8s)  >>> Created relation flow::CorrectedFlow::Stage1::Stage1::fwdFlowOutFromArg/3#5e18f14f/3@fecfc3w0 with 0 rows and digest THIS-RELATION-HAS-NO-TUPLES.
[2026-10-08 00:57:29] (8s)  >>> Created relation flow::CorrectedFlow::Stage1::Stage1::fwdFlowConsCand/1#9f25d303/1@fecfc4w0 with 0 rows and digest THIS-RELATION-HAS-NO-TUPLES.
[2026-10-08 00:57:29] (8s) Inferred that flow::CorrectedFlow::Stage1::Stage1::revFlowConsCand/1#cefe9c19/1@f5e8a0wr is empty, due to flow::CorrectedFlow::Stage1::Stage1::fwdFlowConsCandSet/2#2449e940/2@fecfczh0.
[2026-10-08 00:57:29] (8s) Inferred that flow::CorrectedFlow::Stage1::Stage1::viableReturnPosOutNodeCandFwd1/3#371da281/3@3fb9fboj is empty, due to flow::CorrectedFlow::Stage1::Stage1::fwdFlowReturnPosition/2#0f7fd137/2@fecfc1w0.
[2026-10-08 00:57:29] (8s) Inferred that flow::CorrectedFlow::Stage1::Stage1::fwdFlowOutFromArg/3#5e18f14f_201#join_rhs/3@cf1b306g is empty, due to flow::CorrectedFlow::Stage1::Stage1::fwdFlowOutFromArg/3#5e18f14f/3@fecfc3w0.
[2026-10-08 00:57:29] (8s) Inferred that flow::CorrectedFlow::Stage1::Stage1::revFlowStore/3#80d858ad/3@f5e8aw2r is empty, due to flow::CorrectedFlow::Stage1::Stage1::fwdFlowConsCand/1#9f25d303/1@fecfc4w0.
[2026-10-08 00:57:29] (8s) Inferred that flow::CorrectedFlow::Stage1::Stage1::revFlowIsReadAndStored/1#68a33e28/1@9a7da75b is empty, due to flow::CorrectedFlow::Stage1::Stage1::revFlowConsCand/1#cefe9c19/1@f5e8a0wr.
[2026-10-08 00:57:29] (8s) Inferred that project#flow::CorrectedFlow::Stage1::Stage1::viableReturnPosOutNodeCandFwd1/3#371da281/2@35633086 is empty, due to flow::CorrectedFlow::Stage1::Stage1::viableReturnPosOutNodeCandFwd1/3#371da281/3@3fb9fboj.
[2026-10-08 00:57:29] (8s) Inferred that flow::CorrectedFlow::Stage1::viableReturnPosOutNodeCand1/3#1e1524b3/3@cf2565af is empty, due to flow::CorrectedFlow::Stage1::Stage1::viableReturnPosOutNodeCandFwd1/3#371da281/3@3fb9fboj.
[2026-10-08 00:57:29] (8s) Inferred that flow::CorrectedFlow::Stage1::Stage1::revFlowIsReturned/3#31a2ce0b/3@f5e8ax2r is empty, due to flow::CorrectedFlow::Stage1::Stage1::fwdFlowOutFromArg/3#5e18f14f_201#join_rhs/3@cf1b306g.
[2026-10-08 00:57:29] (8s) Inferred that project#flow::CorrectedFlow::Stage1::Stage1::revFlowStore/3#80d858ad/1@d2cb85nd is empty, due to flow::CorrectedFlow::Stage1::Stage1::revFlowStore/3#80d858ad/3@f5e8aw2r.
[2026-10-08 00:57:29] (8s) Inferred that flow::CorrectedFlow::Stage1::Stage1::readStepCand/3#d84209e3/3@7db4bca3 is empty, due to flow::CorrectedFlow::Stage1::Stage1::revFlowIsReadAndStored/1#68a33e28/1@9a7da75b.
[2026-10-08 00:57:29] (8s) Inferred that flow::CorrectedFlow::Stage1::Stage1::storeStepCand/5#886cdde7/5@c767f7d3 is empty, due to flow::CorrectedFlow::Stage1::Stage1::revFlowIsReadAndStored/1#68a33e28/1@9a7da75b.
[2026-10-08 00:57:29] (8s) Inferred that project#flow::CorrectedFlow::Stage1::Stage1::viableReturnPosOutNodeCandFwd1/3#371da281_10#join_rhs/2@42dc4cm2 is empty, due to project#flow::CorrectedFlow::Stage1::Stage1::viableReturnPosOutNodeCandFwd1/3#371da281/2@35633086.
[2026-10-08 00:57:29] (8s) Inferred that flow::CorrectedFlow::Stage1::viableReturnPosOutNodeCand1/3#1e1524b3_102#join_rhs/3@a02183s5 is empty, due to flow::CorrectedFlow::Stage1::viableReturnPosOutNodeCand1/3#1e1524b3/3@cf2565af.
[2026-10-08 00:57:29] (8s) Inferred that flow::CorrectedFlow::Stage1::Stage1::revFlowIsReturned/3#31a2ce0b_021#join_rhs/3@f881e541 is empty, due to flow::CorrectedFlow::Stage1::Stage1::revFlowIsReturned/3#31a2ce0b/3@f5e8ax2r.
[2026-10-08 00:57:29] (8s) Inferred that flow::CorrectedFlow::Flow::Stage2::readStepCand/4#4714f0b5/4@3aa066l5 is empty, due to flow::CorrectedFlow::Stage1::Stage1::readStepCand/3#d84209e3/3@7db4bca3.
[2026-10-08 00:57:29] (8s) Inferred that project#flow::CorrectedFlow::Stage1::Stage1::storeStepCand/5#886cdde7/1@16b668uh is empty, due to flow::CorrectedFlow::Stage1::Stage1::storeStepCand/5#886cdde7/5@c767f7d3.
[2026-10-08 00:57:29] (8s) Inferred that flow::CorrectedFlow::Flow::Stage2::fwdFlowRead/11#7c2f0c33/11@d3e239we is empty, due to flow::CorrectedFlow::Stage1::Stage1::storeStepCand/5#886cdde7/5@c767f7d3.
[2026-10-08 00:57:29] (8s) Inferred that flow::CorrectedFlow::Flow::Stage2::fwdFlowStore/10#e037f288#reorder_2_0_1_3_4_5_6_7_8_9/10@d3e23bwe is empty, due to flow::CorrectedFlow::Stage1::Stage1::storeStepCand/5#886cdde7/5@c767f7d3.
[2026-10-08 00:57:29] (8s) Inferred that flow::CorrectedFlow::Flow::Stage2::fwdFlowConsCand/5#c8d480af#reorder_1_2_0_3_4/5@d3e23lwe is empty, due to flow::CorrectedFlow::Stage1::Stage1::storeStepCand/5#886cdde7/5@c767f7d3.
[2026-10-08 00:57:29] (8s) Inferred that flow::CorrectedFlow::Flow::Stage2::fwdFlowConsCand/5#c8d480af#reorder_4_0_1_2_3/5@d3e23mwe is empty, due to flow::CorrectedFlow::Stage1::Stage1::storeStepCand/5#886cdde7/5@c767f7d3.
[2026-10-08 00:57:29] (8s) Inferred that flow::CorrectedFlow::Stage1::Stage1::revFlowOut/1#d459a64f/1@f5e8a1wr is empty, due to project#flow::CorrectedFlow::Stage1::Stage1::viableReturnPosOutNodeCandFwd1/3#371da281_10#join_rhs/2@42dc4cm2.
[2026-10-08 00:57:29] (8s) Inferred that flow::CorrectedFlow::Stage1::flowOutOfCallNodeCand1/4#6327c8cc/4@5c351b2v is empty, due to flow::CorrectedFlow::Stage1::viableReturnPosOutNodeCand1/3#1e1524b3_102#join_rhs/3@a02183s5.
[2026-10-08 00:57:29] (8s) Inferred that flow::CorrectedFlow::Stage1::Stage1::callMayFlowThroughRev/1#e05a464a/1@bd154c66 is empty, due to flow::CorrectedFlow::Stage1::Stage1::revFlowIsReturned/3#31a2ce0b_021#join_rhs/3@f881e541.
[2026-10-08 00:57:29] (8s) Inferred that flow::CorrectedFlow::Flow::Stage2::fwdFlowRead0/8#f3b83054#reorder_1_3_0_2_4_5_6_7/8@d3e23dwe is empty, due to flow::CorrectedFlow::Flow::Stage2::readStepCand/4#4714f0b5/4@3aa066l5.
[2026-10-08 00:57:29] (8s) Inferred that flow::CorrectedFlow::Flow::Stage2::topTypeContent/1#4d2781a5/1@012d70rh is empty, due to project#flow::CorrectedFlow::Stage1::Stage1::storeStepCand/5#886cdde7/1@16b668uh.
[2026-10-08 00:57:29] (8s) Inferred that flow::CorrectedFlow::Flow::Stage2::compatibleContainer0/2#f2caec87/2@8579596v is empty, due to project#flow::CorrectedFlow::Stage1::Stage1::storeStepCand/5#886cdde7/1@16b668uh.
[2026-10-08 00:57:29] (8s) Inferred that flow::CorrectedFlow::Flow::Stage2::readStepFwd/5#9dd0ef48/5@09f97dj6 is empty, due to flow::CorrectedFlow::Flow::Stage2::fwdFlowRead/11#7c2f0c33/11@d3e239we.
[2026-10-08 00:57:29] (8s) Inferred that project#flow::CorrectedFlow::Flow::Stage2::fwdFlowStore/10#e037f288/4@dab53crk is empty, due to flow::CorrectedFlow::Flow::Stage2::fwdFlowStore/10#e037f288#reorder_2_0_1_3_4_5_6_7_8_9/10@d3e23bwe.
[2026-10-08 00:57:29] (8s) Inferred that project#flow::CorrectedFlow::Stage1::flowOutOfCallNodeCand1/4#6327c8cc/3@4c764b34 is empty, due to flow::CorrectedFlow::Stage1::flowOutOfCallNodeCand1/4#6327c8cc/4@5c351b2v.
[2026-10-08 00:57:29] (8s) Inferred that flow::CorrectedFlow::Stage1::flowOutOfCallNodeCand1/4#6327c8cc_3012#join_rhs/4@99525ftl is empty, due to flow::CorrectedFlow::Stage1::flowOutOfCallNodeCand1/4#6327c8cc/4@5c351b2v.
[2026-10-08 00:57:29] (8s) Inferred that _flow::CorrectedFlow::Stage1::Stage1::callEdgeArgParam/5#1399d736_flow::CorrectedFlow::Stage1::Stage__#antijoin_rhs/5@a1b976jb is empty, due to flow::CorrectedFlow::Stage1::Stage1::callMayFlowThroughRev/1#e05a464a/1@bd154c66.
[2026-10-08 00:57:29] (8s) Inferred that flow::CorrectedFlow::Flow::Stage2::FwdFlowInThrough::callEdgeArgParamRestricted/5#41592717/5@fc09333u is empty, due to flow::CorrectedFlow::Stage1::Stage1::callMayFlowThroughRev/1#e05a464a/1@bd154c66.
[2026-10-08 00:57:29] (8s) Inferred that flow::CorrectedFlow::Flow::Stage2::flowThroughOutOfCall/4#9a905d47/4@b16487s3 is empty, due to flow::CorrectedFlow::Stage1::Stage1::callMayFlowThroughRev/1#e05a464a/1@bd154c66.
[2026-10-08 00:57:29] (8s) Inferred that flow::CorrectedFlow::Flow::Stage2::topTypeContent/1#4d2781a5#nonempty/0@a75668ga is empty, due to flow::CorrectedFlow::Flow::Stage2::topTypeContent/1#4d2781a5/1@012d70rh.
[2026-10-08 00:57:29] (8s) Inferred that project#flow::CorrectedFlow::Flow::Stage2::readStepFwd/5#9dd0ef48/3@5f9bf8v9 is empty, due to flow::CorrectedFlow::Flow::Stage2::readStepFwd/5#9dd0ef48/5@09f97dj6.
[2026-10-08 00:57:29] (8s) Inferred that project#flow::CorrectedFlow::Flow::Stage2::readStepFwd/5#9dd0ef48#2/4@9cd71604 is empty, due to flow::CorrectedFlow::Flow::Stage2::readStepFwd/5#9dd0ef48/5@09f97dj6.
[2026-10-08 00:57:29] (8s) Inferred that project#flow::CorrectedFlow::Flow::Stage2::readStepFwd/5#9dd0ef48#3/4@35b675ss is empty, due to flow::CorrectedFlow::Flow::Stage2::readStepFwd/5#9dd0ef48/5@09f97dj6.
[2026-10-08 00:57:29] (8s) Inferred that project#flow::CorrectedFlow::Flow::Stage2::fwdFlowStore/10#e037f288_1203#join_rhs/4@6b85c1oa is empty, due to project#flow::CorrectedFlow::Flow::Stage2::fwdFlowStore/10#e037f288/4@dab53crk.
[2026-10-08 00:57:29] (8s) Inferred that project#flow::CorrectedFlow::Stage1::flowOutOfCallNodeCand1/4#6327c8cc_102#join_rhs/3@e5aaaal7 is empty, due to project#flow::CorrectedFlow::Stage1::flowOutOfCallNodeCand1/4#6327c8cc/3@4c764b34.
[2026-10-08 00:57:29] (8s) Inferred that flow::CorrectedFlow::Stage1::flowOutOfCallNodeCand1/5#54ff1a84/5@0a00222c is empty, due to flow::CorrectedFlow::Stage1::flowOutOfCallNodeCand1/4#6327c8cc_3012#join_rhs/4@99525ftl.
[2026-10-08 00:57:29] (8s) Inferred that project#flow::CorrectedFlow::Flow::Stage2::FwdFlowInThrough::callEdgeArgParamRestricted/5#41592717/2@daf1274l is empty, due to flow::CorrectedFlow::Flow::Stage2::FwdFlowInThrough::callEdgeArgParamRestricted/5#41592717/5@fc09333u.
[2026-10-08 00:57:29] (8s) Inferred that project#flow::CorrectedFlow::Flow::Stage2::FwdFlowInThrough::callEdgeArgParamRestricted/5#41592717#2/2@298795ru is empty, due to flow::CorrectedFlow::Flow::Stage2::FwdFlowInThrough::callEdgeArgParamRestricted/5#41592717/5@fc09333u.
[2026-10-08 00:57:29] (8s) Inferred that flow::CorrectedFlow::Flow::Stage2::FwdFlowInThrough::callEdgeArgParamRestricted/5#41592717_01243#join_rhs/5@209a25p0 is empty, due to flow::CorrectedFlow::Flow::Stage2::FwdFlowInThrough::callEdgeArgParamRestricted/5#41592717/5@fc09333u.
[2026-10-08 00:57:29] (8s) Inferred that project#flow::CorrectedFlow::Flow::Stage2::flowThroughOutOfCall/4#9a905d47/3@de1006fs is empty, due to flow::CorrectedFlow::Flow::Stage2::flowThroughOutOfCall/4#9a905d47/4@b16487s3.
[2026-10-08 00:57:29] (8s) Inferred that flow::CorrectedFlow::Flow::Stage2::storeStepFwd/5#b62b4327/5@bc04288l is empty, due to project#flow::CorrectedFlow::Flow::Stage2::readStepFwd/5#9dd0ef48/3@5f9bf8v9.
[2026-10-08 00:57:29] (8s) Inferred that project#flow::CorrectedFlow::Flow::Stage2::readStepFwd/5#9dd0ef48#2_2301#join_rhs/4@1c638cqq is empty, due to project#flow::CorrectedFlow::Flow::Stage2::readStepFwd/5#9dd0ef48#2/4@9cd71604.
[2026-10-08 00:57:29] (8s) Inferred that project#flow::CorrectedFlow::Flow::Stage2::readStepFwd/5#9dd0ef48#2_3012#join_rhs/4@8705eb9n is empty, due to project#flow::CorrectedFlow::Flow::Stage2::readStepFwd/5#9dd0ef48#2/4@9cd71604.
[2026-10-08 00:57:29] (8s) Inferred that project#flow::CorrectedFlow::Flow::Stage2::readStepFwd/5#9dd0ef48#3_2301#join_rhs/4@a2d1f5ms is empty, due to project#flow::CorrectedFlow::Flow::Stage2::readStepFwd/5#9dd0ef48#3/4@35b675ss.
[2026-10-08 00:57:29] (8s) Inferred that flow::CorrectedFlow::Stage1::returnCallEdge1/4#ece8ec66/4@59242dcl is empty, due to project#flow::CorrectedFlow::Stage1::flowOutOfCallNodeCand1/4#6327c8cc_102#join_rhs/3@e5aaaal7.
[2026-10-08 00:57:29] (8s) Inferred that flow::CorrectedFlow::Stage1::Stage1::callEdgeReturn/6#bd5644be/6@97c6d1d6 is empty, due to flow::CorrectedFlow::Stage1::flowOutOfCallNodeCand1/5#54ff1a84/5@0a00222c.
[2026-10-08 00:57:29] (8s) Inferred that project#flow::CorrectedFlow::Flow::Stage2::FwdFlowInThrough::callEdgeArgParamRestricted/5#41592717_10#join_rhs/2@6db3acm0 is empty, due to project#flow::CorrectedFlow::Flow::Stage2::FwdFlowInThrough::callEdgeArgParamRestricted/5#41592717/2@daf1274l.
[2026-10-08 00:57:29] (8s) Inferred that flow::CorrectedFlow::Flow::Stage2::fwdFlowThrough/7#e436a992/7@d3e23xde is empty, due to project#flow::CorrectedFlow::Flow::Stage2::FwdFlowInThrough::callEdgeArgParamRestricted/5#41592717_10#join_rhs/2@6db3acm0.
[2026-10-08 00:57:29] (8s) Inferred that flow::CorrectedFlow::Flow::Stage2::fwdFlowRetFromArg/6#edb66a61#reorder_1_2_0_3_4_5/6@d3e23zde is empty, due to project#flow::CorrectedFlow::Flow::Stage2::FwdFlowInThrough::callEdgeArgParamRestricted/5#41592717_10#join_rhs/2@6db3acm0.
[2026-10-08 00:57:29] (8s) Inferred that num#flow::CorrectedFlow::Flow::Stage2::TSummaryCtxSome#ffa30866/6@d3e232we is empty, due to project#flow::CorrectedFlow::Flow::Stage2::FwdFlowInThrough::callEdgeArgParamRestricted/5#41592717_10#join_rhs/2@6db3acm0.
[2026-10-08 00:57:29] (8s) Inferred that flow::CorrectedFlow::Flow::Stage2::TSummaryCtxSome#ffa30866/6@d3e233we is empty, due to project#flow::CorrectedFlow::Flow::Stage2::FwdFlowInThrough::callEdgeArgParamRestricted/5#41592717_10#join_rhs/2@6db3acm0.
[2026-10-08 00:57:29] (8s) Inferred that flow::CorrectedFlow::Flow::Stage2::SummaryCtx.isSome/1#6d42618b/2@d3e237we is empty, due to project#flow::CorrectedFlow::Flow::Stage2::FwdFlowInThrough::callEdgeArgParamRestricted/5#41592717_10#join_rhs/2@6db3acm0.
[2026-10-08 00:57:29] (8s) Inferred that flow::CorrectedFlow::Flow::Stage2::SummaryCtx.isSome/1#dispred#10691f0c/2@d3e238we is empty, due to project#flow::CorrectedFlow::Flow::Stage2::FwdFlowInThrough::callEdgeArgParamRestricted/5#41592717_10#join_rhs/2@6db3acm0.
[2026-10-08 00:57:29] (8s) Inferred that flow::CorrectedFlow::Flow::Stage2::fwdFlowIsEntered0/10#8ca692e0#reorder_5_6_7_8_9_0_1_2_3_4/10@d3e23awe is empty, due to project#flow::CorrectedFlow::Flow::Stage2::FwdFlowInThrough::callEdgeArgParamRestricted/5#41592717_10#join_rhs/2@6db3acm0.
[2026-10-08 00:57:29] (8s) Inferred that flow::CorrectedFlow::Flow::Stage2::fwdFlowIsEntered/6#cc15ad1c#reorder_3_5_0_1_2_4/6@d3e23gwe is empty, due to project#flow::CorrectedFlow::Flow::Stage2::FwdFlowInThrough::callEdgeArgParamRestricted/5#41592717_10#join_rhs/2@6db3acm0.
[2026-10-08 00:57:29] (8s) Inferred that flow::CorrectedFlow::Flow::Stage2::fwdFlowInFlowThrough/6#cd02695e#reorder_0_2_3_4_5_1/6@d3e23iwe is empty, due to project#flow::CorrectedFlow::Flow::Stage2::FwdFlowInThrough::callEdgeArgParamRestricted/5#41592717_10#join_rhs/2@6db3acm0.
[2026-10-08 00:57:29] (8s) Inferred that flow::CorrectedFlow::Flow::Stage2::TSummaryCtxSome#ffa30866#reorder_5_0_1_2_3_4/6@d3e23jwe is empty, due to project#flow::CorrectedFlow::Flow::Stage2::FwdFlowInThrough::callEdgeArgParamRestricted/5#41592717_10#join_rhs/2@6db3acm0.
[2026-10-08 00:57:29] (8s) Inferred that flow::CorrectedFlow::Flow::Stage2::TSummaryCtxSome#dom#c39ecf3f/5@d3e23kwe is empty, due to project#flow::CorrectedFlow::Flow::Stage2::FwdFlowInThrough::callEdgeArgParamRestricted/5#41592717_10#join_rhs/2@6db3acm0.
[2026-10-08 00:57:29] (8s) Inferred that flow::CorrectedFlow::Flow::Stage2::returnFlowsThrough/8#91d17b78/8@245709kc is empty, due to project#flow::CorrectedFlow::Flow::Stage2::flowThroughOutOfCall/4#9a905d47/3@de1006fs.
[2026-10-08 00:57:29] (8s) Inferred that flow::CorrectedFlow::Flow::Stage2::storeStepFwd/5#b62b4327_34012#join_rhs/5@2b68b0g3 is empty, due to flow::CorrectedFlow::Flow::Stage2::storeStepFwd/5#b62b4327/5@bc04288l.
[2026-10-08 00:57:29] (8s) Inferred that flow::CorrectedFlow::Flow::Stage2::revFlowConsCand/3#0622e641#reorder_2_0_1/3@0586a4w2 is empty, due to project#flow::CorrectedFlow::Flow::Stage2::readStepFwd/5#9dd0ef48#3_2301#join_rhs/4@a2d1f5ms.
[2026-10-08 00:57:29] (8s) Inferred that flow::CorrectedFlow::Stage1::returnCallEdge1/4#ece8ec66_2301_1#count_range/5@c005d9hc is empty, due to flow::CorrectedFlow::Stage1::returnCallEdge1/4#ece8ec66/4@59242dcl.
[2026-10-08 00:57:29] (8s) Inferred that project#flow::CorrectedFlow::Stage1::returnCallEdge1/4#ece8ec66/2@a28265gi is empty, due to flow::CorrectedFlow::Stage1::returnCallEdge1/4#ece8ec66/4@59242dcl.
[2026-10-08 00:57:29] (8s) Inferred that flow::CorrectedFlow::Stage1::Stage1::callEdgeReturn/6#bd5644be_501#join_rhs/3@eff9dc0s is empty, due to flow::CorrectedFlow::Stage1::Stage1::callEdgeReturn/6#bd5644be/6@97c6d1d6.
[2026-10-08 00:57:29] (8s) Inferred that flow::CorrectedFlow::Flow::Stage2::FwdTypeFlow::typeFlowValidEdgeOut/2#ffd31656/2@94e599t8 is empty, due to flow::CorrectedFlow::Stage1::Stage1::callEdgeReturn/6#bd5644be/6@97c6d1d6.
[2026-10-08 00:57:29] (8s) Inferred that project#flow::CorrectedFlow::Stage1::Stage1::callEdgeReturn/6#bd5644be/5@7172bano is empty, due to flow::CorrectedFlow::Stage1::Stage1::callEdgeReturn/6#bd5644be/6@97c6d1d6.
[2026-10-08 00:57:29] (8s) Inferred that flow::CorrectedFlow::Stage1::Stage1::callEdgeReturn/6#bd5644be_12045#join_rhs/5@f0d1359l is empty, due to flow::CorrectedFlow::Stage1::Stage1::callEdgeReturn/6#bd5644be/6@97c6d1d6.
[2026-10-08 00:57:29] (8s) Inferred that flow::CorrectedFlow::Flow::Stage2::fwdFlowOutCand/6#685a213f/6@d3e23hwe is empty, due to flow::CorrectedFlow::Stage1::Stage1::callEdgeReturn/6#bd5644be/6@97c6d1d6.
[2026-10-08 00:57:29] (8s) Inferred that project#flow::CorrectedFlow::Stage1::Stage1::callEdgeReturn/6#bd5644be#3/1@fb0146gv is empty, due to flow::CorrectedFlow::Stage1::Stage1::callEdgeReturn/6#bd5644be/6@97c6d1d6.
[2026-10-08 00:57:29] (8s) Inferred that project#flow::CorrectedFlow::Stage1::Stage1::callEdgeReturn/6#bd5644be#4/5@03df45qu is empty, due to flow::CorrectedFlow::Stage1::Stage1::callEdgeReturn/6#bd5644be/6@97c6d1d6.
[2026-10-08 00:57:29] (8s) Inferred that flow::CorrectedFlow::Flow::Stage2::returnFlowsThrough0/5#2d82250b/5@afc2b679 is empty, due to flow::CorrectedFlow::Flow::Stage2::fwdFlowRetFromArg/6#edb66a61#reorder_1_2_0_3_4_5/6@d3e23zde.
[2026-10-08 00:57:29] (8s) Inferred that flow::CorrectedFlow::Flow::Stage2::SummaryCtx.isSome/1#dispred#10691f0c_10#join_rhs/2@a0b402si is empty, due to flow::CorrectedFlow::Flow::Stage2::SummaryCtx.isSome/1#dispred#10691f0c/2@d3e238we.
[2026-10-08 00:57:29] (8s) Inferred that project#flow::CorrectedFlow::Flow::Stage2::fwdFlowIsEntered/6#cc15ad1c/3@8d3dbc1m is empty, due to flow::CorrectedFlow::Flow::Stage2::fwdFlowIsEntered/6#cc15ad1c#reorder_3_5_0_1_2_4/6@d3e23gwe.
[2026-10-08 00:57:29] (8s) Inferred that project#flow::CorrectedFlow::Flow::Stage2::returnFlowsThrough/8#91d17b78/4@45d61dl7 is empty, due to flow::CorrectedFlow::Flow::Stage2::returnFlowsThrough/8#91d17b78/8@245709kc.
[2026-10-08 00:57:29] (8s) Inferred that project#flow::CorrectedFlow::Flow::Stage2::returnFlowsThrough/8#91d17b78#2/3@a94f080d is empty, due to flow::CorrectedFlow::Flow::Stage2::returnFlowsThrough/8#91d17b78/8@245709kc.
[2026-10-08 00:57:29] (8s) Inferred that project#flow::CorrectedFlow::Flow::Stage2::returnFlowsThrough/8#91d17b78#3/4@3e7d169c is empty, due to flow::CorrectedFlow::Flow::Stage2::returnFlowsThrough/8#91d17b78/8@245709kc.
[2026-10-08 00:57:29] (8s) Inferred that project#flow::CorrectedFlow::Flow::Stage2::returnFlowsThrough/8#91d17b78#4/3@79f5c5gp is empty, due to flow::CorrectedFlow::Flow::Stage2::returnFlowsThrough/8#91d17b78/8@245709kc.
[2026-10-08 00:57:29] (8s) Inferred that project#flow::CorrectedFlow::Flow::Stage2::returnFlowsThrough/8#91d17b78#5/5@5a669e25 is empty, due to flow::CorrectedFlow::Flow::Stage2::returnFlowsThrough/8#91d17b78/8@245709kc.
[2026-10-08 00:57:29] (8s) Inferred that flow::CorrectedFlow::Flow::Stage2::revFlowStore/7#1c9121b0/7@0586az72 is empty, due to flow::CorrectedFlow::Flow::Stage2::storeStepFwd/5#b62b4327_34012#join_rhs/5@2b68b0g3.
[2026-10-08 00:57:29] (8s) Inferred that flow::CorrectedFlow::Flow::Stage2::storeStepCand/5#7188a194/5@fe9facq7 is empty, due to flow::CorrectedFlow::Flow::Stage2::revFlowConsCand/3#0622e641#reorder_2_0_1/3@0586a4w2.
[2026-10-08 00:57:29] (8s) Inferred that flow::CorrectedFlow::Stage1::simpleDispatchFanoutOnReturn/2#6f2f8ef2/3@f77836kv is empty, due to flow::CorrectedFlow::Stage1::returnCallEdge1/4#ece8ec66_2301_1#count_range/5@c005d9hc.
[2026-10-08 00:57:29] (8s) Inferred that flow::CorrectedFlow::Flow::allowsFieldFlowThrough/2#4408832d/2@dad85c2h is empty, due to flow::CorrectedFlow::Stage1::Stage1::callEdgeReturn/6#bd5644be_501#join_rhs/3@eff9dc0s.
[2026-10-08 00:57:29] (8s) Inferred that flow::CorrectedFlow::Flow::Stage2::fwdFlowOutValidEdge/7#55d0b510#reorder_1_2_0_3_4_5_6/7@d3e23ewe is empty, due to flow::CorrectedFlow::Flow::Stage2::FwdTypeFlow::typeFlowValidEdgeOut/2#ffd31656/2@94e599t8.
[2026-10-08 00:57:29] (8s) Inferred that flow::CorrectedFlow::Flow::Stage2::FwdTypeFlowInput::fwdFlow1Out/5#62fd7c73/5@09f6a9ou is empty, due to project#flow::CorrectedFlow::Stage1::Stage1::callEdgeReturn/6#bd5644be#3/1@fb0146gv.
[2026-10-08 00:57:29] (8s) Inferred that flow::CorrectedFlow::Flow::Stage2::flowOutOfCallAp/7#1003c642/7@79e0dco5 is empty, due to project#flow::CorrectedFlow::Stage1::Stage1::callEdgeReturn/6#bd5644be#4/5@03df45qu.
[2026-10-08 00:57:29] (8s) Inferred that flow::CorrectedFlow::Flow::Stage2::returnFlowsThrough0/5#2d82250b_40123#join_rhs/5@c1a6673e is empty, due to flow::CorrectedFlow::Flow::Stage2::returnFlowsThrough0/5#2d82250b/5@afc2b679.
[2026-10-08 00:57:29] (8s) Inferred that flow::CorrectedFlow::Flow::Stage2::flowThroughIntoCall/4#eeb63457/4@edc436ic is empty, due to project#flow::CorrectedFlow::Flow::Stage2::returnFlowsThrough/8#91d17b78/4@45d61dl7.
[2026-10-08 00:57:29] (8s) Inferred that project#flow::CorrectedFlow::Flow::Stage2::returnFlowsThrough/8#91d17b78#3_0132#join_rhs/4@40aeb1kd is empty, due to project#flow::CorrectedFlow::Flow::Stage2::returnFlowsThrough/8#91d17b78#3/4@3e7d169c.
[2026-10-08 00:57:29] (8s) Inferred that flow::CorrectedFlow::Flow::Stage2::parameterMayFlowThroughAp/2#3ae718f7/2@84eac8bl is empty, due to project#flow::CorrectedFlow::Flow::Stage2::returnFlowsThrough/8#91d17b78#4/3@79f5c5gp.
[2026-10-08 00:57:29] (8s) Inferred that project#flow::CorrectedFlow::Flow::Stage2::returnFlowsThrough/8#91d17b78#5_12340#join_rhs/5@eff046uo is empty, due to project#flow::CorrectedFlow::Flow::Stage2::returnFlowsThrough/8#91d17b78#5/5@5a669e25.
[2026-10-08 00:57:29] (8s) Inferred that project#flow::CorrectedFlow::Flow::Stage2::revFlowStore/7#1c9121b0/3@70badbav is empty, due to flow::CorrectedFlow::Flow::Stage2::revFlowStore/7#1c9121b0/7@0586az72.
[2026-10-08 00:57:29] (8s) Inferred that project#flow::CorrectedFlow::Flow::Stage2::revFlowStore/7#1c9121b0#2/5@a292ffeo is empty, due to flow::CorrectedFlow::Flow::Stage2::revFlowStore/7#1c9121b0/7@0586az72.
[2026-10-08 00:57:29] (8s) Inferred that project#flow::CorrectedFlow::Flow::Stage2::storeStepCand/5#7188a194/2@6ee09fm1 is empty, due to flow::CorrectedFlow::Flow::Stage2::storeStepCand/5#7188a194/5@fe9facq7.
[2026-10-08 00:57:29] (8s) Inferred that project#flow::CorrectedFlow::Flow::Stage2::storeStepCand/5#7188a194#2/1@24cc79mb is empty, due to flow::CorrectedFlow::Flow::Stage2::storeStepCand/5#7188a194/5@fe9facq7.
[2026-10-08 00:57:29] (8s) Inferred that project#flow::CorrectedFlow::Flow::Stage2::storeStepCand/5#7188a194#3/2@286892hb is empty, due to flow::CorrectedFlow::Flow::Stage2::storeStepCand/5#7188a194/5@fe9facq7.
[2026-10-08 00:57:29] (8s) Inferred that flow::CorrectedFlow::Flow::Stage3::fwdFlowRead/11#cb5c257a/11@bb66dewa is empty, due to flow::CorrectedFlow::Flow::Stage2::storeStepCand/5#7188a194/5@fe9facq7.
[2026-10-08 00:57:29] (8s) Inferred that flow::CorrectedFlow::Flow::Stage3::fwdFlowStore/10#450d2609#reorder_2_0_1_3_4_5_6_7_8_9/10@bb66dfwa is empty, due to flow::CorrectedFlow::Flow::Stage2::storeStepCand/5#7188a194/5@fe9facq7.
[2026-10-08 00:57:29] (8s) Inferred that flow::CorrectedFlow::Flow::Stage3::fwdFlowConsCand/5#be080e13#reorder_4_0_1_2_3/5@bb66dpwa is empty, due to flow::CorrectedFlow::Flow::Stage2::storeStepCand/5#7188a194/5@fe9facq7.
[2026-10-08 00:57:29] (8s) Inferred that flow::CorrectedFlow::Flow::Stage3::fwdFlowConsCand/5#be080e13#reorder_1_2_0_3_4/5@bb66dqwa is empty, due to flow::CorrectedFlow::Flow::Stage2::storeStepCand/5#7188a194/5@fe9facq7.
[2026-10-08 00:57:29] (8s) Inferred that project#flow::CorrectedFlow::Stage1::simpleDispatchFanoutOnReturn/2#6f2f8ef2/2@56e6757l is empty, due to flow::CorrectedFlow::Stage1::simpleDispatchFanoutOnReturn/2#6f2f8ef2/3@f77836kv.
[2026-10-08 00:57:29] (8s) Inferred that flow::CorrectedFlow::Stage1::dispatchFanoutOnReturn/1#ae8237f3/2@fef31ajm is empty, due to flow::CorrectedFlow::Stage1::simpleDispatchFanoutOnReturn/2#6f2f8ef2/3@f77836kv.
[2026-10-08 00:57:29] (8s) Inferred that flow::CorrectedFlow::Flow::Stage2::FwdTypeFlowInput::dataFlowTakenCallEdgeOut0/7#5aa2adbb/7@4521cdok is empty, due to flow::CorrectedFlow::Flow::Stage2::fwdFlowOutValidEdge/7#55d0b510#reorder_1_2_0_3_4_5_6/7@d3e23ewe.
[2026-10-08 00:57:29] (8s) Inferred that flow::CorrectedFlow::Flow::Stage2::FwdTypeFlowInput::dataFlowTakenCallEdgeOut/2#c22a0dcf/2@5cb6d0ei is empty, due to flow::CorrectedFlow::Flow::Stage2::FwdTypeFlowInput::dataFlowTakenCallEdgeOut0/7#5aa2adbb/7@4521cdok.
[2026-10-08 00:57:29] (8s) Inferred that project#flow::CorrectedFlow::Flow::Stage2::flowOutOfCallAp/7#1003c642/2@0a7781pk is empty, due to flow::CorrectedFlow::Flow::Stage2::flowOutOfCallAp/7#1003c642/7@79e0dco5.
[2026-10-08 00:57:29] (8s) Inferred that flow::CorrectedFlow::Flow::Stage2::flowThroughIntoCall/4#eeb63457_0231#join_rhs/4@0287f5rj is empty, due to flow::CorrectedFlow::Flow::Stage2::flowThroughIntoCall/4#eeb63457/4@edc436ic.
[2026-10-08 00:57:29] (8s) Inferred that flow::CorrectedFlow::Flow::Stage2::revFlowThrough/5#24da75c5/5@0586a0w2 is empty, due to project#flow::CorrectedFlow::Flow::Stage2::returnFlowsThrough/8#91d17b78#3_0132#join_rhs/4@40aeb1kd.
[2026-10-08 00:57:29] (8s) Inferred that flow::CorrectedFlow::Flow::Stage2::revFlowIsReturned/5#6bf48196#reorder_3_4_0_1_2/5@0586a1w2 is empty, due to project#flow::CorrectedFlow::Flow::Stage2::returnFlowsThrough/8#91d17b78#3_0132#join_rhs/4@40aeb1kd.
[2026-10-08 00:57:29] (8s) Inferred that flow::CorrectedFlow::Flow::Stage2::parameterMayFlowThrough/2#d615829c/2@d248a8nv is empty, due to flow::CorrectedFlow::Flow::Stage2::parameterMayFlowThroughAp/2#3ae718f7/2@84eac8bl.
[2026-10-08 00:57:29] (8s) Inferred that flow::CorrectedFlow::Flow::Stage2::returnMayFlowThrough/2#5adc331e/2@a8eee8ue is empty, due to project#flow::CorrectedFlow::Flow::Stage2::returnFlowsThrough/8#91d17b78#5_12340#join_rhs/5@eff046uo.
[2026-10-08 00:57:29] (8s) Inferred that flow::CorrectedFlow::Flow::Stage2::readStepCand/3#0b45ea17/3@9b0ac0bl is empty, due to project#flow::CorrectedFlow::Flow::Stage2::revFlowStore/7#1c9121b0/3@70badbav.
[2026-10-08 00:57:29] (8s) Inferred that flow::CorrectedFlow::Flow::Stage3::topTypeContent/1#eba1de3e/1@0b41edpn is empty, due to project#flow::CorrectedFlow::Flow::Stage2::storeStepCand/5#7188a194/2@6ee09fm1.
[2026-10-08 00:57:29] (8s) Inferred that flow::CorrectedFlow::Flow::Stage3::compatibleContainer0/2#8e860ce7/2@488ee6g2 is empty, due to project#flow::CorrectedFlow::Flow::Stage2::storeStepCand/5#7188a194/2@6ee09fm1.
[2026-10-08 00:57:29] (8s) Inferred that flow::CorrectedFlow::Flow::Stage3::readStepCand/4#8b848231/4@a4569bo5 is empty, due to flow::CorrectedFlow::Flow::Stage2::readStepCand/3#0b45ea17/3@9b0ac0bl.
[2026-10-08 00:57:29] (8s) Inferred that flow::CorrectedFlow::Flow::Stage3::readStepFwd/5#44af46a4/5@940304hg is empty, due to flow::CorrectedFlow::Flow::Stage3::fwdFlowRead/11#cb5c257a/11@bb66dewa.
[2026-10-08 00:57:29] (8s) Inferred that project#flow::CorrectedFlow::Flow::Stage3::fwdFlowStore/10#450d2609/4@cf7631c6 is empty, due to flow::CorrectedFlow::Flow::Stage3::fwdFlowStore/10#450d2609#reorder_2_0_1_3_4_5_6_7_8_9/10@bb66dfwa.
[2026-10-08 00:57:29] (8s) Inferred that flow::CorrectedFlow::Flow::Stage2::RevTypeFlow::typeFlowValidEdgeIn/3#32eb520a/3@44aa74pl is empty, due to project#flow::CorrectedFlow::Flow::Stage2::flowOutOfCallAp/7#1003c642/2@0a7781pk.
[2026-10-08 00:57:29] (8s) Inferred that flow::CorrectedFlow::Flow::Stage2::revFlowThroughArg/5#ef3db854/5@8a5c4c5i is empty, due to flow::CorrectedFlow::Flow::Stage2::flowThroughIntoCall/4#eeb63457_0231#join_rhs/4@0287f5rj.
[2026-10-08 00:57:29] (8s) Inferred that flow::CorrectedFlow::Flow::Stage2::revFlowThrough/5#24da75c5_02413#join_rhs/5@0a0c59jm is empty, due to flow::CorrectedFlow::Flow::Stage2::revFlowThrough/5#24da75c5/5@0586a0w2.
[2026-10-08 00:57:29] (8s) Inferred that _flow::CorrectedFlow::Flow::Stage2::callEdgeArgParam/5#07bf5e9e_flow::CorrectedFlow::Flow::Stage2::c__#antijoin_rhs/5@214ae0ur is empty, due to flow::CorrectedFlow::Flow::Stage2::parameterMayFlowThrough/2#d615829c/2@d248a8nv.
[2026-10-08 00:57:29] (8s) Inferred that flow::CorrectedFlow::Flow::Stage3::FwdFlowInThrough::callEdgeArgParamRestricted/5#a7da590f/5@b3a13b00 is empty, due to flow::CorrectedFlow::Flow::Stage2::parameterMayFlowThrough/2#d615829c/2@d248a8nv.
[2026-10-08 00:57:29] (8s) Inferred that flow::CorrectedFlow::Flow::Stage3::revFlowParamToReturn/4#554bea04#reorder_1_2_0_3/4@4fbd2zos is empty, due to flow::CorrectedFlow::Flow::Stage2::parameterMayFlowThrough/2#d615829c/2@d248a8nv.
[2026-10-08 00:57:29] (8s) Inferred that flow::CorrectedFlow::Flow::Stage3::flowThroughOutOfCall/4#613794f7/4@c63f0eph is empty, due to flow::CorrectedFlow::Flow::Stage2::returnMayFlowThrough/2#5adc331e/2@a8eee8ue.
[2026-10-08 00:57:29] (8s) Inferred that flow::CorrectedFlow::Flow::Stage3::fwdFlowThrough/7#f93a2493/7@bb66dz6a is empty, due to flow::CorrectedFlow::Flow::Stage2::returnMayFlowThrough/2#5adc331e/2@a8eee8ue.
[2026-10-08 00:57:29] (8s) Inferred that flow::CorrectedFlow::Flow::Stage3::fwdFlowRetFromArg/6#530fd433#reorder_1_2_0_3_4_5/6@bb66d2wa is empty, due to flow::CorrectedFlow::Flow::Stage2::returnMayFlowThrough/2#5adc331e/2@a8eee8ue.
[2026-10-08 00:57:29] (8s) Inferred that project#flow::CorrectedFlow::Flow::Stage2::readStepCand/3#0b45ea17/1@5ad281k3 is empty, due to flow::CorrectedFlow::Flow::Stage2::readStepCand/3#0b45ea17/3@9b0ac0bl.
[2026-10-08 00:57:29] (8s) Inferred that project#flow::CorrectedFlow::Flow::Stage2::readStepCand/3#0b45ea17#2/2@c1c1b0nj is empty, due to flow::CorrectedFlow::Flow::Stage2::readStepCand/3#0b45ea17/3@9b0ac0bl.
[2026-10-08 00:57:29] (8s) Inferred that flow::CorrectedFlow::Flow::Stage3::fwdFlowRead0/8#49cc3c08#reorder_1_3_0_2_4_5_6_7/8@bb66dhwa is empty, due to flow::CorrectedFlow::Flow::Stage3::readStepCand/4#8b848231/4@a4569bo5.
[2026-10-08 00:57:29] (8s) Inferred that project#flow::CorrectedFlow::Flow::Stage3::readStepFwd/5#44af46a4/3@eb5e85qu is empty, due to flow::CorrectedFlow::Flow::Stage3::readStepFwd/5#44af46a4/5@940304hg.
[2026-10-08 00:57:29] (8s) Inferred that project#flow::CorrectedFlow::Flow::Stage3::readStepFwd/5#44af46a4#2/4@8a8030lt is empty, due to flow::CorrectedFlow::Flow::Stage3::readStepFwd/5#44af46a4/5@940304hg.
[2026-10-08 00:57:29] (8s) Inferred that project#flow::CorrectedFlow::Flow::Stage3::readStepFwd/5#44af46a4#3/4@487768li is empty, due to flow::CorrectedFlow::Flow::Stage3::readStepFwd/5#44af46a4/5@940304hg.
[2026-10-08 00:57:29] (8s) Inferred that project#flow::CorrectedFlow::Flow::Stage3::fwdFlowStore/10#450d2609_1203#join_rhs/4@8a1f5frc is empty, due to project#flow::CorrectedFlow::Flow::Stage3::fwdFlowStore/10#450d2609/4@cf7631c6.
[2026-10-08 00:57:29] (8s) Inferred that flow::CorrectedFlow::Flow::Stage2::flowOutOfCallApValid/6#8e4d2558/6@afc132eh is empty, due to flow::CorrectedFlow::Flow::Stage2::RevTypeFlow::typeFlowValidEdgeIn/3#32eb520a/3@44aa74pl.
[2026-10-08 00:57:29] (8s) Inferred that flow::CorrectedFlow::Flow::Stage2::revFlowThroughArg/5#ef3db854_12340#join_rhs/5@27b4059s is empty, due to flow::CorrectedFlow::Flow::Stage2::revFlowThroughArg/5#ef3db854/5@8a5c4c5i.
[2026-10-08 00:57:29] (8s) Inferred that project#flow::CorrectedFlow::Flow::Stage3::FwdFlowInThrough::callEdgeArgParamRestricted/5#a7da590f/2@2c17a9hb is empty, due to flow::CorrectedFlow::Flow::Stage3::FwdFlowInThrough::callEdgeArgParamRestricted/5#a7da590f/5@b3a13b00.
[2026-10-08 00:57:29] (8s) Inferred that project#flow::CorrectedFlow::Flow::Stage3::FwdFlowInThrough::callEdgeArgParamRestricted/5#a7da590f#2/2@114e073a is empty, due to flow::CorrectedFlow::Flow::Stage3::FwdFlowInThrough::callEdgeArgParamRestricted/5#a7da590f/5@b3a13b00.
[2026-10-08 00:57:29] (8s) Inferred that flow::CorrectedFlow::Flow::Stage3::FwdFlowInThrough::callEdgeArgParamRestricted/5#a7da590f_01243#join_rhs/5@b3495db8 is empty, due to flow::CorrectedFlow::Flow::Stage3::FwdFlowInThrough::callEdgeArgParamRestricted/5#a7da590f/5@b3a13b00.
[2026-10-08 00:57:29] (8s) Inferred that flow::CorrectedFlow::Flow::Stage3::FwdFlowInThrough::callEdgeArgParamRestricted/5#a7da590f_02413#join_rhs/5@431af4ql is empty, due to flow::CorrectedFlow::Flow::Stage3::FwdFlowInThrough::callEdgeArgParamRestricted/5#a7da590f/5@b3a13b00.
[2026-10-08 00:57:29] (8s) Inferred that project#flow::CorrectedFlow::Flow::Stage3::flowThroughOutOfCall/4#613794f7/3@da78a0bb is empty, due to flow::CorrectedFlow::Flow::Stage3::flowThroughOutOfCall/4#613794f7/4@c63f0eph.
[2026-10-08 00:57:29] (8s) Inferred that flow::CorrectedFlow::Flow::Stage3::returnFlowsThrough0/5#94abfae6/5@b4f2492u is empty, due to flow::CorrectedFlow::Flow::Stage3::fwdFlowRetFromArg/6#530fd433#reorder_1_2_0_3_4_5/6@bb66d2wa.
[2026-10-08 00:57:29] (8s) Inferred that flow::CorrectedFlow::Flow::Stage3::storeStepFwd/5#d183a68b/5@b2b5d87r is empty, due to project#flow::CorrectedFlow::Flow::Stage3::readStepFwd/5#44af46a4/3@eb5e85qu.
[2026-10-08 00:57:29] (8s) Inferred that project#flow::CorrectedFlow::Flow::Stage3::readStepFwd/5#44af46a4#2_2301#join_rhs/4@77573b0e is empty, due to project#flow::CorrectedFlow::Flow::Stage3::readStepFwd/5#44af46a4#2/4@8a8030lt.
[2026-10-08 00:57:29] (8s) Inferred that project#flow::CorrectedFlow::Flow::Stage3::readStepFwd/5#44af46a4#2_3012#join_rhs/4@5979dacd is empty, due to project#flow::CorrectedFlow::Flow::Stage3::readStepFwd/5#44af46a4#2/4@8a8030lt.
[2026-10-08 00:57:29] (8s) Inferred that project#flow::CorrectedFlow::Flow::Stage3::readStepFwd/5#44af46a4#3_2301#join_rhs/4@d7a898na is empty, due to project#flow::CorrectedFlow::Flow::Stage3::readStepFwd/5#44af46a4#3/4@487768li.
[2026-10-08 00:57:29] (8s) Inferred that flow::CorrectedFlow::Flow::Stage2::flowOutOfCallApValid/6#8e4d2558_340125#join_rhs/6@b1f52f21 is empty, due to flow::CorrectedFlow::Flow::Stage2::flowOutOfCallApValid/6#8e4d2558/6@afc132eh.
[2026-10-08 00:57:29] (8s) Inferred that flow::CorrectedFlow::Flow::Stage2::callMayFlowThroughRev/1#5f541ad1/1@ab38bb44 is empty, due to flow::CorrectedFlow::Flow::Stage2::revFlowThroughArg/5#ef3db854_12340#join_rhs/5@27b4059s.
[2026-10-08 00:57:29] (8s) Inferred that project#flow::CorrectedFlow::Flow::Stage3::FwdFlowInThrough::callEdgeArgParamRestricted/5#a7da590f#2_10#join_rhs/2@770d8229 is empty, due to project#flow::CorrectedFlow::Flow::Stage3::FwdFlowInThrough::callEdgeArgParamRestricted/5#a7da590f#2/2@114e073a.
[2026-10-08 00:57:29] (8s) Inferred that flow::CorrectedFlow::Flow::Stage3::returnFlowsThrough/8#e225c081/8@d39f7027 is empty, due to project#flow::CorrectedFlow::Flow::Stage3::flowThroughOutOfCall/4#613794f7/3@da78a0bb.
[2026-10-08 00:57:29] (8s) Inferred that flow::CorrectedFlow::Flow::Stage3::returnFlowsThrough0/5#94abfae6_40123#join_rhs/5@d90d6akn is empty, due to flow::CorrectedFlow::Flow::Stage3::returnFlowsThrough0/5#94abfae6/5@b4f2492u.
[2026-10-08 00:57:29] (8s) Inferred that flow::CorrectedFlow::Flow::Stage3::storeStepFwd/5#d183a68b_34012#join_rhs/5@9e7e8fd0 is empty, due to flow::CorrectedFlow::Flow::Stage3::storeStepFwd/5#d183a68b/5@b2b5d87r.
[2026-10-08 00:57:29] (8s) Inferred that flow::CorrectedFlow::Flow::Stage3::revFlowConsCand/3#32dc45ca#reorder_2_0_1/3@4fbd24ws is empty, due to project#flow::CorrectedFlow::Flow::Stage3::readStepFwd/5#44af46a4#3_2301#join_rhs/4@d7a898na.
[2026-10-08 00:57:29] (8s) Inferred that flow::CorrectedFlow::Flow::Stage2::revFlowOut/7#ce2fe460/7@0586ay72 is empty, due to flow::CorrectedFlow::Flow::Stage2::flowOutOfCallApValid/6#8e4d2558_340125#join_rhs/6@b1f52f21.
[2026-10-08 00:57:29] (8s) Inferred that flow::CorrectedFlow::Flow::Stage3::FwdFlowInThrough::fwdFlowInValidEdgeTypeFlowEnabled/8#a29e323f#reorder_1_2_6_7_0_3_4_5/8@bb66dw6a is empty, due to project#flow::CorrectedFlow::Flow::Stage3::FwdFlowInThrough::callEdgeArgParamRestricted/5#a7da590f#2_10#join_rhs/2@770d8229.
[2026-10-08 00:57:29] (8s) Inferred that flow::CorrectedFlow::Flow::Stage3::FwdFlowInThrough::fwdFlowInCandTypeFlowEnabled/7#015b5c39/7@bb66d0wa is empty, due to project#flow::CorrectedFlow::Flow::Stage3::FwdFlowInThrough::callEdgeArgParamRestricted/5#a7da590f#2_10#join_rhs/2@770d8229.
[2026-10-08 00:57:29] (8s) Inferred that flow::CorrectedFlow::Flow::Stage3::fwdFlowIsEntered/6#af726e83#reorder_3_5_0_1_2_4/6@bb66d4wa is empty, due to project#flow::CorrectedFlow::Flow::Stage3::FwdFlowInThrough::callEdgeArgParamRestricted/5#a7da590f#2_10#join_rhs/2@770d8229.
[2026-10-08 00:57:29] (8s) Inferred that num#flow::CorrectedFlow::Flow::Stage3::TSummaryCtxSome#634fbdcf/6@bb66d7wa is empty, due to project#flow::CorrectedFlow::Flow::Stage3::FwdFlowInThrough::callEdgeArgParamRestricted/5#a7da590f#2_10#join_rhs/2@770d8229.
[2026-10-08 00:57:29] (8s) Inferred that flow::CorrectedFlow::Flow::Stage3::TSummaryCtxSome#634fbdcf/6@bb66d8wa is empty, due to project#flow::CorrectedFlow::Flow::Stage3::FwdFlowInThrough::callEdgeArgParamRestricted/5#a7da590f#2_10#join_rhs/2@770d8229.
[2026-10-08 00:57:29] (8s) Inferred that flow::CorrectedFlow::Flow::Stage3::SummaryCtx.isSome/1#e250d318/2@bb66dcwa is empty, due to project#flow::CorrectedFlow::Flow::Stage3::FwdFlowInThrough::callEdgeArgParamRestricted/5#a7da590f#2_10#join_rhs/2@770d8229.
[2026-10-08 00:57:29] (8s) Inferred that flow::CorrectedFlow::Flow::Stage3::SummaryCtx.isSome/1#dispred#38376082/2@bb66ddwa is empty, due to project#flow::CorrectedFlow::Flow::Stage3::FwdFlowInThrough::callEdgeArgParamRestricted/5#a7da590f#2_10#join_rhs/2@770d8229.
[2026-10-08 00:57:29] (8s) Inferred that flow::CorrectedFlow::Flow::Stage3::fwdFlowIsEntered0/10#6604aa78#reorder_5_6_7_8_9_0_1_2_3_4/10@bb66dgwa is empty, due to project#flow::CorrectedFlow::Flow::Stage3::FwdFlowInThrough::callEdgeArgParamRestricted/5#a7da590f#2_10#join_rhs/2@770d8229.
[2026-10-08 00:57:29] (8s) Inferred that flow::CorrectedFlow::Flow::Stage3::fwdFlowInFlowThrough/6#2c223a90#reorder_0_2_3_4_5_1/6@bb66dnwa is empty, due to project#flow::CorrectedFlow::Flow::Stage3::FwdFlowInThrough::callEdgeArgParamRestricted/5#a7da590f#2_10#join_rhs/2@770d8229.
[2026-10-08 00:57:29] (8s) Inferred that flow::CorrectedFlow::Flow::Stage3::TSummaryCtxSome#634fbdcf#reorder_5_0_1_2_3_4/6@bb66dowa is empty, due to project#flow::CorrectedFlow::Flow::Stage3::FwdFlowInThrough::callEdgeArgParamRestricted/5#a7da590f#2_10#join_rhs/2@770d8229.
[2026-10-08 00:57:29] (8s) Inferred that flow::CorrectedFlow::Flow::Stage3::TSummaryCtxSome#dom#c90a13e1/5@bb66drwa is empty, due to project#flow::CorrectedFlow::Flow::Stage3::FwdFlowInThrough::callEdgeArgParamRestricted/5#a7da590f#2_10#join_rhs/2@770d8229.
[2026-10-08 00:57:29] (8s) Inferred that project#flow::CorrectedFlow::Flow::Stage3::returnFlowsThrough/8#e225c081/4@5136c2vj is empty, due to flow::CorrectedFlow::Flow::Stage3::returnFlowsThrough/8#e225c081/8@d39f7027.
[2026-10-08 00:57:29] (8s) Inferred that project#flow::CorrectedFlow::Flow::Stage3::returnFlowsThrough/8#e225c081#2/3@725a5fan is empty, due to flow::CorrectedFlow::Flow::Stage3::returnFlowsThrough/8#e225c081/8@d39f7027.
[2026-10-08 00:57:29] (8s) Inferred that project#flow::CorrectedFlow::Flow::Stage3::returnFlowsThrough/8#e225c081#3/4@54bf8fsq is empty, due to flow::CorrectedFlow::Flow::Stage3::returnFlowsThrough/8#e225c081/8@d39f7027.
[2026-10-08 00:57:29] (8s) Inferred that project#flow::CorrectedFlow::Flow::Stage3::returnFlowsThrough/8#e225c081#4/3@e53dcb9u is empty, due to flow::CorrectedFlow::Flow::Stage3::returnFlowsThrough/8#e225c081/8@d39f7027.
[2026-10-08 00:57:29] (8s) Inferred that project#flow::CorrectedFlow::Flow::Stage3::returnFlowsThrough/8#e225c081#5/5@d5e3c5ne is empty, due to flow::CorrectedFlow::Flow::Stage3::returnFlowsThrough/8#e225c081/8@d39f7027.
[2026-10-08 00:57:29] (8s) Inferred that flow::CorrectedFlow::Flow::Stage3::revFlowStore/7#d2d9822d/7@4fbd22ws is empty, due to flow::CorrectedFlow::Flow::Stage3::storeStepFwd/5#d183a68b_34012#join_rhs/5@9e7e8fd0.
[2026-10-08 00:57:29] (8s) Inferred that flow::CorrectedFlow::Flow::Stage3::storeStepCand/5#ef8bc889/5@8f9698en is empty, due to flow::CorrectedFlow::Flow::Stage3::revFlowConsCand/3#32dc45ca#reorder_2_0_1/3@4fbd24ws.
[2026-10-08 00:57:29] (8s) Inferred that project#flow::CorrectedFlow::Flow::Stage2::revFlowOut/7#ce2fe460/3@9d6a2dm3 is empty, due to flow::CorrectedFlow::Flow::Stage2::revFlowOut/7#ce2fe460/7@0586ay72.
[2026-10-08 00:57:29] (8s) Inferred that project#flow::CorrectedFlow::Flow::Stage3::fwdFlowIsEntered/6#af726e83/3@3c8cf966 is empty, due to flow::CorrectedFlow::Flow::Stage3::fwdFlowIsEntered/6#af726e83#reorder_3_5_0_1_2_4/6@bb66d4wa.
[2026-10-08 00:57:29] (8s) Inferred that flow::CorrectedFlow::Flow::Stage3::SummaryCtx.isSome/1#dispred#38376082_10#join_rhs/2@aeedbb9u is empty, due to flow::CorrectedFlow::Flow::Stage3::SummaryCtx.isSome/1#dispred#38376082/2@bb66ddwa.
[2026-10-08 00:57:29] (8s) Inferred that flow::CorrectedFlow::Flow::Stage3::flowThroughIntoCall/4#78cf7da7/4@f8ec480f is empty, due to project#flow::CorrectedFlow::Flow::Stage3::returnFlowsThrough/8#e225c081/4@5136c2vj.
[2026-10-08 00:57:29] (8s) Inferred that project#flow::CorrectedFlow::Flow::Stage3::returnFlowsThrough/8#e225c081#3_0132#join_rhs/4@7a300euu is empty, due to project#flow::CorrectedFlow::Flow::Stage3::returnFlowsThrough/8#e225c081#3/4@54bf8fsq.
[2026-10-08 00:57:29] (8s) Inferred that flow::CorrectedFlow::Flow::Stage3::parameterMayFlowThroughAp/2#428fa48e/2@58e491e3 is empty, due to project#flow::CorrectedFlow::Flow::Stage3::returnFlowsThrough/8#e225c081#4/3@e53dcb9u.
[2026-10-08 00:57:29] (8s) Inferred that project#flow::CorrectedFlow::Flow::Stage3::returnFlowsThrough/8#e225c081#5_12340#join_rhs/5@b2cd6985 is empty, due to project#flow::CorrectedFlow::Flow::Stage3::returnFlowsThrough/8#e225c081#5/5@d5e3c5ne.
[2026-10-08 00:57:29] (8s) Inferred that project#flow::CorrectedFlow::Flow::Stage3::revFlowStore/7#d2d9822d/3@aa129804 is empty, due to flow::CorrectedFlow::Flow::Stage3::revFlowStore/7#d2d9822d/7@4fbd22ws.
[2026-10-08 00:57:29] (8s) Inferred that project#flow::CorrectedFlow::Flow::Stage3::revFlowStore/7#d2d9822d#2/5@39bb1cdp is empty, due to flow::CorrectedFlow::Flow::Stage3::revFlowStore/7#d2d9822d/7@4fbd22ws.
[2026-10-08 00:57:29] (8s) Inferred that project#flow::CorrectedFlow::Flow::Stage3::storeStepCand/5#ef8bc889/2@0fb1b09f is empty, due to flow::CorrectedFlow::Flow::Stage3::storeStepCand/5#ef8bc889/5@8f9698en.
[2026-10-08 00:57:29] (8s) Inferred that project#flow::CorrectedFlow::Flow::Stage3::storeStepCand/5#ef8bc889#2/1@3291f3k0 is empty, due to flow::CorrectedFlow::Flow::Stage3::storeStepCand/5#ef8bc889/5@8f9698en.
[2026-10-08 00:57:29] (8s) Inferred that flow::CorrectedFlow::Flow::Stage4::fwdFlowRead/11#5d8d3930/11@056e1ew0 is empty, due to flow::CorrectedFlow::Flow::Stage3::storeStepCand/5#ef8bc889/5@8f9698en.
[2026-10-08 00:57:29] (8s) Inferred that flow::CorrectedFlow::Flow::Stage4::fwdFlowStore/10#dfd02233#reorder_2_0_1_3_4_5_6_7_8_9/10@056e1fw0 is empty, due to flow::CorrectedFlow::Flow::Stage3::storeStepCand/5#ef8bc889/5@8f9698en.
[2026-10-08 00:57:29] (8s) Inferred that flow::CorrectedFlow::Flow::Stage4::fwdFlowConsCand/5#2cd0823d#reorder_4_0_1_2_3/5@056e1pw0 is empty, due to flow::CorrectedFlow::Flow::Stage3::storeStepCand/5#ef8bc889/5@8f9698en.
[2026-10-08 00:57:29] (8s) Inferred that flow::CorrectedFlow::Flow::Stage4::fwdFlowConsCand/5#2cd0823d#reorder_1_2_0_3_4/5@056e1qw0 is empty, due to flow::CorrectedFlow::Flow::Stage3::storeStepCand/5#ef8bc889/5@8f9698en.
[2026-10-08 00:57:29] (8s) Inferred that flow::CorrectedFlow::Flow::Stage2::RevTypeFlowInput::dataFlowTakenCallEdgeIn/3#dc0f09d9/3@5de1a198 is empty, due to project#flow::CorrectedFlow::Flow::Stage2::revFlowOut/7#ce2fe460/3@9d6a2dm3.
[2026-10-08 00:57:29] (8s) Inferred that flow::CorrectedFlow::Flow::Stage3::flowThroughIntoCall/4#78cf7da7_0231#join_rhs/4@6e80672k is empty, due to flow::CorrectedFlow::Flow::Stage3::flowThroughIntoCall/4#78cf7da7/4@f8ec480f.
[2026-10-08 00:57:29] (8s) Inferred that flow::CorrectedFlow::Flow::Stage3::revFlowIsReturned/5#5ab9cbfc#reorder_3_4_0_1_2/5@4fbd2wos is empty, due to project#flow::CorrectedFlow::Flow::Stage3::returnFlowsThrough/8#e225c081#3_0132#join_rhs/4@7a300euu.
[2026-10-08 00:57:29] (8s) Inferred that flow::CorrectedFlow::Flow::Stage3::revFlowThrough/5#fefaaa11/5@4fbd2xos is empty, due to project#flow::CorrectedFlow::Flow::Stage3::returnFlowsThrough/8#e225c081#3_0132#join_rhs/4@7a300euu.
[2026-10-08 00:57:29] (8s) Inferred that flow::CorrectedFlow::Flow::Stage3::parameterMayFlowThrough/2#3aaec862/2@015db1nk is empty, due to flow::CorrectedFlow::Flow::Stage3::parameterMayFlowThroughAp/2#428fa48e/2@58e491e3.
[2026-10-08 00:57:29] (8s) Inferred that flow::CorrectedFlow::Flow::Stage3::returnMayFlowThrough/2#093e2b36/2@93ffafh4 is empty, due to project#flow::CorrectedFlow::Flow::Stage3::returnFlowsThrough/8#e225c081#5_12340#join_rhs/5@b2cd6985.
[2026-10-08 00:57:29] (8s) Inferred that flow::CorrectedFlow::Flow::Stage3::readStepCand/3#e59be661/3@86011bo4 is empty, due to project#flow::CorrectedFlow::Flow::Stage3::revFlowStore/7#d2d9822d/3@aa129804.
[2026-10-08 00:57:29] (8s) Inferred that flow::CorrectedFlow::Flow::Stage4::topTypeContent/1#012f086c/1@bf7e589s is empty, due to project#flow::CorrectedFlow::Flow::Stage3::storeStepCand/5#ef8bc889/2@0fb1b09f.
[2026-10-08 00:57:29] (8s) Inferred that flow::CorrectedFlow::Flow::Stage4::compatibleContainer0/2#86af0746/2@076e65gv is empty, due to project#flow::CorrectedFlow::Flow::Stage3::storeStepCand/5#ef8bc889/2@0fb1b09f.
[2026-10-08 00:57:29] (8s) Inferred that flow::CorrectedFlow::Flow::Stage4::readStepCand/4#02e0b218/4@756080ga is empty, due to flow::CorrectedFlow::Flow::Stage3::readStepCand/3#e59be661/3@86011bo4.
[2026-10-08 00:57:29] (8s) Inferred that flow::CorrectedFlow::Flow::Stage4::readStepFwd/5#db25e8b8/5@5a2b71d6 is empty, due to flow::CorrectedFlow::Flow::Stage4::fwdFlowRead/11#5d8d3930/11@056e1ew0.
[2026-10-08 00:57:29] (8s) Inferred that project#flow::CorrectedFlow::Flow::Stage4::fwdFlowStore/10#dfd02233/4@62c2238a is empty, due to flow::CorrectedFlow::Flow::Stage4::fwdFlowStore/10#dfd02233#reorder_2_0_1_3_4_5_6_7_8_9/10@056e1fw0.
[2026-10-08 00:57:29] (8s) Inferred that flow::CorrectedFlow::Flow::Stage2::callEdgeReturn/6#350f3962/6@da0cccbt is empty, due to flow::CorrectedFlow::Flow::Stage2::RevTypeFlowInput::dataFlowTakenCallEdgeIn/3#dc0f09d9/3@5de1a198.
[2026-10-08 00:57:29] (8s) Inferred that flow::CorrectedFlow::Flow::Stage3::revFlowThroughArg/5#8e7036c9/5@b49b2f2l is empty, due to flow::CorrectedFlow::Flow::Stage3::flowThroughIntoCall/4#78cf7da7_0231#join_rhs/4@6e80672k.
[2026-10-08 00:57:29] (8s) Inferred that flow::CorrectedFlow::Flow::Stage3::revFlowThrough/5#fefaaa11_02413#join_rhs/5@aca1ea75 is empty, due to flow::CorrectedFlow::Flow::Stage3::revFlowThrough/5#fefaaa11/5@4fbd2xos.
[2026-10-08 00:57:29] (8s) Inferred that _flow::CorrectedFlow::Flow::Stage3::callEdgeArgParam/5#9d5003ed_flow::CorrectedFlow::Flow::Stage3::c__#antijoin_rhs/5@17de86dt is empty, due to flow::CorrectedFlow::Flow::Stage3::parameterMayFlowThrough/2#3aaec862/2@015db1nk.
[2026-10-08 00:57:29] (8s) Inferred that flow::CorrectedFlow::Flow::Stage4::FwdFlowInThrough::callEdgeArgParamRestricted/5#b21b89f1/5@5a1edcjf is empty, due to flow::CorrectedFlow::Flow::Stage3::parameterMayFlowThrough/2#3aaec862/2@015db1nk.
[2026-10-08 00:57:29] (8s) Inferred that flow::CorrectedFlow::Flow::Stage4::revFlowParamToReturn/4#642bd3d5#reorder_1_2_0_3/4@0dfeazeh is empty, due to flow::CorrectedFlow::Flow::Stage3::parameterMayFlowThrough/2#3aaec862/2@015db1nk.
[2026-10-08 00:57:29] (8s) Inferred that flow::CorrectedFlow::Flow::Stage4::flowThroughOutOfCall/4#ce10e9a8/4@03d7fe8a is empty, due to flow::CorrectedFlow::Flow::Stage3::returnMayFlowThrough/2#093e2b36/2@93ffafh4.
[2026-10-08 00:57:29] (8s) Inferred that flow::CorrectedFlow::Flow::Stage4::fwdFlowThrough/7#31ef8ec5/7@056e12w0 is empty, due to flow::CorrectedFlow::Flow::Stage3::returnMayFlowThrough/2#093e2b36/2@93ffafh4.
[2026-10-08 00:57:29] (8s) Inferred that flow::CorrectedFlow::Flow::Stage4::fwdFlowRetFromArg/6#8dd6156b#reorder_1_2_0_3_4_5/6@056e17w0 is empty, due to flow::CorrectedFlow::Flow::Stage3::returnMayFlowThrough/2#093e2b36/2@93ffafh4.
[2026-10-08 00:57:29] (8s) Inferred that project#flow::CorrectedFlow::Flow::Stage3::readStepCand/3#e59be661/1@5e75c6es is empty, due to flow::CorrectedFlow::Flow::Stage3::readStepCand/3#e59be661/3@86011bo4.
[2026-10-08 00:57:29] (8s) Inferred that flow::CorrectedFlow::Flow::Stage4::fwdFlowRead0/8#42e1ef77#reorder_1_3_0_2_4_5_6_7/8@056e1hw0 is empty, due to flow::CorrectedFlow::Flow::Stage4::readStepCand/4#02e0b218/4@756080ga.
[2026-10-08 00:57:29] (8s) Inferred that project#flow::CorrectedFlow::Flow::Stage4::readStepFwd/5#db25e8b8/3@647f20bv is empty, due to flow::CorrectedFlow::Flow::Stage4::readStepFwd/5#db25e8b8/5@5a2b71d6.
[2026-10-08 00:57:29] (8s) Inferred that project#flow::CorrectedFlow::Flow::Stage4::readStepFwd/5#db25e8b8#2/4@0ad2cfbi is empty, due to flow::CorrectedFlow::Flow::Stage4::readStepFwd/5#db25e8b8/5@5a2b71d6.
[2026-10-08 00:57:29] (8s) Inferred that flow::CorrectedFlow::Flow::Stage4::readStepFwd/5#db25e8b8_3401#join_rhs/4@9bec41iq is empty, due to flow::CorrectedFlow::Flow::Stage4::readStepFwd/5#db25e8b8/5@5a2b71d6.
[2026-10-08 00:57:29] (8s) Inferred that project#flow::CorrectedFlow::Flow::Stage4::fwdFlowStore/10#dfd02233_1203#join_rhs/4@c0caa6s0 is empty, due to project#flow::CorrectedFlow::Flow::Stage4::fwdFlowStore/10#dfd02233/4@62c2238a.
[2026-10-08 00:57:29] (8s) Inferred that flow::CorrectedFlow::Flow::Stage3::FwdTypeFlow::typeFlowValidEdgeOut/2#c6cbd6b8/2@188b3cgs is empty, due to flow::CorrectedFlow::Flow::Stage2::callEdgeReturn/6#350f3962/6@da0cccbt.
[2026-10-08 00:57:29] (8s) Inferred that project#flow::CorrectedFlow::Flow::Stage2::callEdgeReturn/6#350f3962/5@c02dbbel is empty, due to flow::CorrectedFlow::Flow::Stage2::callEdgeReturn/6#350f3962/6@da0cccbt.
[2026-10-08 00:57:29] (8s) Inferred that project#flow::CorrectedFlow::Flow::Stage2::callEdgeReturn/6#350f3962#2/2@9013c7du is empty, due to flow::CorrectedFlow::Flow::Stage2::callEdgeReturn/6#350f3962/6@da0cccbt.
[2026-10-08 00:57:29] (8s) Inferred that project#flow::CorrectedFlow::Flow::Stage2::callEdgeReturn/6#350f3962#4/1@52454ff6 is empty, due to flow::CorrectedFlow::Flow::Stage2::callEdgeReturn/6#350f3962/6@da0cccbt.
[2026-10-08 00:57:29] (8s) Inferred that project#flow::CorrectedFlow::Flow::Stage2::callEdgeReturn/6#350f3962#5/5@36ad2dm6 is empty, due to flow::CorrectedFlow::Flow::Stage2::callEdgeReturn/6#350f3962/6@da0cccbt.
[2026-10-08 00:57:29] (8s) Inferred that flow::CorrectedFlow::Flow::Stage2::callEdgeReturn/6#350f3962_12045#join_rhs/5@437f4aki is empty, due to flow::CorrectedFlow::Flow::Stage2::callEdgeReturn/6#350f3962/6@da0cccbt.
[2026-10-08 00:57:29] (8s) Inferred that flow::CorrectedFlow::Flow::Stage3::fwdFlowOutCand/6#4872a5c8/6@bb66dmwa is empty, due to flow::CorrectedFlow::Flow::Stage2::callEdgeReturn/6#350f3962/6@da0cccbt.
[2026-10-08 00:57:29] (8s) Inferred that flow::CorrectedFlow::Flow::Stage3::revFlowThroughArg/5#8e7036c9_12340#join_rhs/5@dab38fm1 is empty, due to flow::CorrectedFlow::Flow::Stage3::revFlowThroughArg/5#8e7036c9/5@b49b2f2l.
[2026-10-08 00:57:29] (8s) Inferred that project#flow::CorrectedFlow::Flow::Stage4::FwdFlowInThrough::callEdgeArgParamRestricted/5#b21b89f1/2@2a3337ud is empty, due to flow::CorrectedFlow::Flow::Stage4::FwdFlowInThrough::callEdgeArgParamRestricted/5#b21b89f1/5@5a1edcjf.
[2026-10-08 00:57:29] (8s) Inferred that flow::CorrectedFlow::Flow::Stage4::FwdFlowInThrough::callEdgeArgParamRestricted/5#b21b89f1_02413#join_rhs/5@1f5447om is empty, due to flow::CorrectedFlow::Flow::Stage4::FwdFlowInThrough::callEdgeArgParamRestricted/5#b21b89f1/5@5a1edcjf.
[2026-10-08 00:57:29] (8s) Inferred that project#flow::CorrectedFlow::Flow::Stage4::flowThroughOutOfCall/4#ce10e9a8/3@d37f858g is empty, due to flow::CorrectedFlow::Flow::Stage4::flowThroughOutOfCall/4#ce10e9a8/4@03d7fe8a.
[2026-10-08 00:57:29] (8s) Inferred that flow::CorrectedFlow::Flow::Stage4::returnFlowsThrough0/5#1cc28019/5@a63d97ch is empty, due to flow::CorrectedFlow::Flow::Stage4::fwdFlowRetFromArg/6#8dd6156b#reorder_1_2_0_3_4_5/6@056e17w0.
[2026-10-08 00:57:29] (8s) Inferred that flow::CorrectedFlow::Flow::Stage4Param::clearContent/3#88d55b2c/3@e71c449j is empty, due to project#flow::CorrectedFlow::Flow::Stage3::readStepCand/3#e59be661/1@5e75c6es.
[2026-10-08 00:57:29] (8s) Inferred that flow::CorrectedFlow::Flow::Stage4::storeStepFwd/5#61f49b6f/5@4329c5hc is empty, due to project#flow::CorrectedFlow::Flow::Stage4::readStepFwd/5#db25e8b8/3@647f20bv.
[2026-10-08 00:57:29] (8s) Inferred that project#flow::CorrectedFlow::Flow::Stage4::readStepFwd/5#db25e8b8#2_2301#join_rhs/4@51002ba0 is empty, due to project#flow::CorrectedFlow::Flow::Stage4::readStepFwd/5#db25e8b8#2/4@0ad2cfbi.
[2026-10-08 00:57:29] (8s) Inferred that flow::CorrectedFlow::Flow::Stage3::FwdTypeFlow::typeFlowValidEdgeOut/2#c6cbd6b8_10#join_rhs/2@acf3431b is empty, due to flow::CorrectedFlow::Flow::Stage3::FwdTypeFlow::typeFlowValidEdgeOut/2#c6cbd6b8/2@188b3cgs.
[2026-10-08 00:57:29] (8s) Inferred that flow::CorrectedFlow::Flow::Stage3::fwdFlowOutValidEdge/7#3b1d151f#reorder_1_2_0_3_4_5_6/7@bb66dkwa is empty, due to flow::CorrectedFlow::Flow::Stage3::FwdTypeFlow::typeFlowValidEdgeOut/2#c6cbd6b8/2@188b3cgs.
[2026-10-08 00:57:29] (8s) Inferred that flow::CorrectedFlow::Flow::Stage3::FwdTypeFlowInput::fwdFlow1Out/5#41c0d74c/5@7ffbb04u is empty, due to project#flow::CorrectedFlow::Flow::Stage2::callEdgeReturn/6#350f3962#4/1@52454ff6.
[2026-10-08 00:57:29] (8s) Inferred that flow::CorrectedFlow::Flow::Stage3::flowOutOfCallAp/7#c560efc8/7@b0d319tu is empty, due to project#flow::CorrectedFlow::Flow::Stage2::callEdgeReturn/6#350f3962#5/5@36ad2dm6.
[2026-10-08 00:57:29] (8s) Inferred that flow::CorrectedFlow::Flow::Stage3::callMayFlowThroughRev/1#b9c3a576/1@4f6d7a0u is empty, due to flow::CorrectedFlow::Flow::Stage3::revFlowThroughArg/5#8e7036c9_12340#join_rhs/5@dab38fm1.
[2026-10-08 00:57:29] (8s) Inferred that project#flow::CorrectedFlow::Flow::Stage4::FwdFlowInThrough::callEdgeArgParamRestricted/5#b21b89f1_10#join_rhs/2@edd115e4 is empty, due to project#flow::CorrectedFlow::Flow::Stage4::FwdFlowInThrough::callEdgeArgParamRestricted/5#b21b89f1/2@2a3337ud.
[2026-10-08 00:57:29] (8s) Inferred that flow::CorrectedFlow::Flow::Stage4::FwdFlowInThrough::fwdFlowInValidEdgeTypeFlowEnabled/8#5c742231#reorder_1_2_6_7_0_3_4_5/8@056e1w00 is empty, due to project#flow::CorrectedFlow::Flow::Stage4::FwdFlowInThrough::callEdgeArgParamRestricted/5#b21b89f1_10#join_rhs/2@edd115e4.
[2026-10-08 00:57:29] (8s) Inferred that flow::CorrectedFlow::Flow::Stage4::FwdFlowInThrough::fwdFlowInCandTypeFlowEnabled/7#e0473758/7@056e1y00 is empty, due to project#flow::CorrectedFlow::Flow::Stage4::FwdFlowInThrough::callEdgeArgParamRestricted/5#b21b89f1_10#join_rhs/2@edd115e4.
[2026-10-08 00:57:29] (8s) Inferred that num#flow::CorrectedFlow::Flow::Stage4::TSummaryCtxSome#b936a518/6@056e13w0 is empty, due to project#flow::CorrectedFlow::Flow::Stage4::FwdFlowInThrough::callEdgeArgParamRestricted/5#b21b89f1_10#join_rhs/2@edd115e4.
[2026-10-08 00:57:29] (8s) Inferred that flow::CorrectedFlow::Flow::Stage4::TSummaryCtxSome#b936a518/6@056e14w0 is empty, due to project#flow::CorrectedFlow::Flow::Stage4::FwdFlowInThrough::callEdgeArgParamRestricted/5#b21b89f1_10#join_rhs/2@edd115e4.
[2026-10-08 00:57:29] (8s) Inferred that flow::CorrectedFlow::Flow::Stage4::SummaryCtx.isSome/1#448b9a7f/2@056e1cw0 is empty, due to project#flow::CorrectedFlow::Flow::Stage4::FwdFlowInThrough::callEdgeArgParamRestricted/5#b21b89f1_10#join_rhs/2@edd115e4.
[2026-10-08 00:57:29] (8s) Inferred that flow::CorrectedFlow::Flow::Stage4::SummaryCtx.isSome/1#dispred#ff9ab9c7/2@056e1dw0 is empty, due to project#flow::CorrectedFlow::Flow::Stage4::FwdFlowInThrough::callEdgeArgParamRestricted/5#b21b89f1_10#join_rhs/2@edd115e4.
[2026-10-08 00:57:29] (8s) Inferred that flow::CorrectedFlow::Flow::Stage4::fwdFlowIsEntered0/10#50022cad#reorder_5_6_7_8_9_0_1_2_3_4/10@056e1gw0 is empty, due to project#flow::CorrectedFlow::Flow::Stage4::FwdFlowInThrough::callEdgeArgParamRestricted/5#b21b89f1_10#join_rhs/2@edd115e4.
[2026-10-08 00:57:29] (8s) Inferred that flow::CorrectedFlow::Flow::Stage4::fwdFlowInFlowThrough/6#bab1f73e#reorder_0_2_3_4_5_1/6@056e1lw0 is empty, due to project#flow::CorrectedFlow::Flow::Stage4::FwdFlowInThrough::callEdgeArgParamRestricted/5#b21b89f1_10#join_rhs/2@edd115e4.
[2026-10-08 00:57:29] (8s) Inferred that flow::CorrectedFlow::Flow::Stage4::TSummaryCtxSome#b936a518#reorder_5_0_1_2_3_4/6@056e1nw0 is empty, due to project#flow::CorrectedFlow::Flow::Stage4::FwdFlowInThrough::callEdgeArgParamRestricted/5#b21b89f1_10#join_rhs/2@edd115e4.
[2026-10-08 00:57:29] (8s) Inferred that flow::CorrectedFlow::Flow::Stage4::fwdFlowIsEntered/6#b7cbfa04#reorder_3_5_0_1_2_4/6@056e1ow0 is empty, due to project#flow::CorrectedFlow::Flow::Stage4::FwdFlowInThrough::callEdgeArgParamRestricted/5#b21b89f1_10#join_rhs/2@edd115e4.
[2026-10-08 00:57:29] (8s) Inferred that flow::CorrectedFlow::Flow::Stage4::TSummaryCtxSome#dom#a57288b0/5@056e1rw0 is empty, due to project#flow::CorrectedFlow::Flow::Stage4::FwdFlowInThrough::callEdgeArgParamRestricted/5#b21b89f1_10#join_rhs/2@edd115e4.
[2026-10-08 00:57:29] (8s) Inferred that flow::CorrectedFlow::Flow::Stage4::returnFlowsThrough/8#44229e6a/8@b094419d is empty, due to project#flow::CorrectedFlow::Flow::Stage4::flowThroughOutOfCall/4#ce10e9a8/3@d37f858g.
[2026-10-08 00:57:29] (8s) Inferred that flow::CorrectedFlow::Flow::Stage4::returnFlowsThrough0/5#1cc28019_40123#join_rhs/5@40d1c0ie is empty, due to flow::CorrectedFlow::Flow::Stage4::returnFlowsThrough0/5#1cc28019/5@a63d97ch.
[2026-10-08 00:57:29] (8s) Inferred that flow::CorrectedFlow::Flow::Stage4Param::clearContent/3#88d55b2c_120#join_rhs/3@a42a001b is empty, due to flow::CorrectedFlow::Flow::Stage4Param::clearContent/3#88d55b2c/3@e71c449j.
[2026-10-08 00:57:29] (8s) Inferred that flow::CorrectedFlow::Flow::Stage4::storeStepFwd/5#61f49b6f_34012#join_rhs/5@f72ba8fd is empty, due to flow::CorrectedFlow::Flow::Stage4::storeStepFwd/5#61f49b6f/5@4329c5hc.
[2026-10-08 00:57:29] (8s) Inferred that flow::CorrectedFlow::Flow::Stage4::revFlowConsCand/3#911951a5#reorder_2_0_1/3@0dfea4wh is empty, due to project#flow::CorrectedFlow::Flow::Stage4::readStepFwd/5#db25e8b8#2_2301#join_rhs/4@51002ba0.
[2026-10-08 00:57:29] (8s) Inferred that _DataFlowImplCommon::Cached::callEnclosingCallable/2#3284d81e_flow::CorrectedFlow::Flow::Stage3::Fwd__#count_range/2@18190bjt is empty, due to flow::CorrectedFlow::Flow::Stage3::FwdTypeFlow::typeFlowValidEdgeOut/2#c6cbd6b8_10#join_rhs/2@acf3431b.
[2026-10-08 00:57:29] (8s) Inferred that flow::CorrectedFlow::Flow::Stage3::FwdTypeFlowInput::dataFlowTakenCallEdgeOut0/7#e6827aed/7@9e8d7aqh is empty, due to flow::CorrectedFlow::Flow::Stage3::fwdFlowOutValidEdge/7#3b1d151f#reorder_1_2_0_3_4_5_6/7@bb66dkwa.
[2026-10-08 00:57:29] (8s) Inferred that flow::CorrectedFlow::Flow::Stage3::FwdTypeFlowInput::dataFlowTakenCallEdgeOut/2#6b09514f/2@92983974 is empty, due to flow::CorrectedFlow::Flow::Stage3::FwdTypeFlowInput::dataFlowTakenCallEdgeOut0/7#e6827aed/7@9e8d7aqh.
[2026-10-08 00:57:29] (8s) Inferred that project#flow::CorrectedFlow::Flow::Stage3::flowOutOfCallAp/7#c560efc8/2@1e5977ht is empty, due to flow::CorrectedFlow::Flow::Stage3::flowOutOfCallAp/7#c560efc8/7@b0d319tu.
[2026-10-08 00:57:29] (8s) Inferred that flow::CorrectedFlow::Flow::Stage4::SummaryCtx.isSome/1#dispred#ff9ab9c7_10#join_rhs/2@cefa5dp1 is empty, due to flow::CorrectedFlow::Flow::Stage4::SummaryCtx.isSome/1#dispred#ff9ab9c7/2@056e1dw0.
[2026-10-08 00:57:29] (8s) Inferred that project#flow::CorrectedFlow::Flow::Stage4::fwdFlowIsEntered/6#b7cbfa04/3@ec33dfda is empty, due to flow::CorrectedFlow::Flow::Stage4::fwdFlowIsEntered/6#b7cbfa04#reorder_3_5_0_1_2_4/6@056e1ow0.
[2026-10-08 00:57:29] (8s) Inferred that project#flow::CorrectedFlow::Flow::Stage4::returnFlowsThrough/8#44229e6a/4@8c4372nd is empty, due to flow::CorrectedFlow::Flow::Stage4::returnFlowsThrough/8#44229e6a/8@b094419d.
[2026-10-08 00:57:29] (8s) Inferred that project#flow::CorrectedFlow::Flow::Stage4::returnFlowsThrough/8#44229e6a#2/3@12c3085v is empty, due to flow::CorrectedFlow::Flow::Stage4::returnFlowsThrough/8#44229e6a/8@b094419d.
[2026-10-08 00:57:29] (8s) Inferred that project#flow::CorrectedFlow::Flow::Stage4::returnFlowsThrough/8#44229e6a#4/3@e9c52eef is empty, due to flow::CorrectedFlow::Flow::Stage4::returnFlowsThrough/8#44229e6a/8@b094419d.
[2026-10-08 00:57:29] (8s) Inferred that flow::CorrectedFlow::Flow::Stage4::returnFlowsThrough/8#44229e6a_13570#join_rhs/5@648b4e91 is empty, due to flow::CorrectedFlow::Flow::Stage4::returnFlowsThrough/8#44229e6a/8@b094419d.
[2026-10-08 00:57:29] (8s) Inferred that flow::CorrectedFlow::Flow::Stage4Param::clear/2#951400e9/2@7488f4ts is empty, due to flow::CorrectedFlow::Flow::Stage4Param::clearContent/3#88d55b2c_120#join_rhs/3@a42a001b.
[2026-10-08 00:57:29] (8s) Inferred that flow::CorrectedFlow::Flow::Stage6Param::clearExceptStore/2#dc8e7e72/2@84beacen is empty, due to flow::CorrectedFlow::Flow::Stage4Param::clearContent/3#88d55b2c_120#join_rhs/3@a42a001b.
[2026-10-08 00:57:29] (8s) Inferred that flow::CorrectedFlow::Flow::Stage4::revFlowStore/7#9e15c6c9/7@0dfea2wh is empty, due to flow::CorrectedFlow::Flow::Stage4::storeStepFwd/5#61f49b6f_34012#join_rhs/5@f72ba8fd.
[2026-10-08 00:57:29] (8s) Inferred that flow::CorrectedFlow::Flow::Stage4::consCand/2#d42b4cf6/2@86bcbwif is empty, due to flow::CorrectedFlow::Flow::Stage4::revFlowConsCand/3#911951a5#reorder_2_0_1/3@0dfea4wh.
[2026-10-08 00:57:29] (8s) Inferred that flow::CorrectedFlow::Flow::Stage4::storeStepCand/5#cad301a8/5@599e0e50 is empty, due to flow::CorrectedFlow::Flow::Stage4::revFlowConsCand/3#911951a5#reorder_2_0_1/3@0dfea4wh.
[2026-10-08 00:57:29] (8s) Inferred that flow::CorrectedFlow::Flow::Stage3::RevTypeFlow::typeFlowValidEdgeIn/3#2bb9db7b/3@0a94b2jg is empty, due to project#flow::CorrectedFlow::Flow::Stage3::flowOutOfCallAp/7#c560efc8/2@1e5977ht.
[2026-10-08 00:57:29] (8s) Inferred that flow::CorrectedFlow::Flow::Stage4::flowThroughIntoCall/4#e8d1069b/4@cb2f48uo is empty, due to project#flow::CorrectedFlow::Flow::Stage4::returnFlowsThrough/8#44229e6a/4@8c4372nd.
[2026-10-08 00:57:29] (8s) Inferred that flow::CorrectedFlow::Flow::Stage4::revFlowIsReturned/5#1c6841d1#reorder_3_4_0_1_2/5@0dfeaweh is empty, due to project#flow::CorrectedFlow::Flow::Stage4::returnFlowsThrough/8#44229e6a#2/3@12c3085v.
[2026-10-08 00:57:29] (8s) Inferred that flow::CorrectedFlow::Flow::Stage4::revFlowThrough/5#590c0003/5@0dfeaxeh is empty, due to project#flow::CorrectedFlow::Flow::Stage4::returnFlowsThrough/8#44229e6a#2/3@12c3085v.
[2026-10-08 00:57:29] (8s) Inferred that flow::CorrectedFlow::Flow::Stage4::parameterMayFlowThroughAp/2#98b43d19/2@a85274ud is empty, due to project#flow::CorrectedFlow::Flow::Stage4::returnFlowsThrough/8#44229e6a#4/3@e9c52eef.
[2026-10-08 00:57:29] (8s) Inferred that flow::CorrectedFlow::Flow::Stage4::returnMayFlowThrough/2#7469d6b8/2@76d475qf is empty, due to flow::CorrectedFlow::Flow::Stage4::returnFlowsThrough/8#44229e6a_13570#join_rhs/5@648b4e91.
[2026-10-08 00:57:29] (8s) Inferred that project#flow::CorrectedFlow::Flow::Stage4::revFlowStore/7#9e15c6c9/3@a6f57802 is empty, due to flow::CorrectedFlow::Flow::Stage4::revFlowStore/7#9e15c6c9/7@0dfea2wh.
[2026-10-08 00:57:29] (8s) Inferred that project#flow::CorrectedFlow::Flow::Stage4::revFlowStore/7#9e15c6c9#2/5@a7d40335 is empty, due to flow::CorrectedFlow::Flow::Stage4::revFlowStore/7#9e15c6c9/7@0dfea2wh.
[2026-10-08 00:57:29] (8s) Inferred that _DataFlowPrivate::forceHighPrecision/1#f0a9507c_flow::CorrectedFlow::Flow::Stage4::consCand/2#d42b4c__#shared/2@b2b0ed85 is empty, due to flow::CorrectedFlow::Flow::Stage4::consCand/2#d42b4cf6/2@86bcbwif.
[2026-10-08 00:57:29] (8s) Inferred that flow::CorrectedFlow::Flow::Stage4::consCand/2#d42b4cf6_10#join_rhs/2@e29f367e is empty, due to flow::CorrectedFlow::Flow::Stage4::consCand/2#d42b4cf6/2@86bcbwif.
[2026-10-08 00:57:29] (8s) Inferred that flow::CorrectedFlow::Flow::AccessPathApprox.getHead/0#dispred#1719471d/2@2033e71s is empty, due to flow::CorrectedFlow::Flow::Stage4::consCand/2#d42b4cf6/2@86bcbwif.
[2026-10-08 00:57:29] (8s) Inferred that flow::CorrectedFlow::Flow::AccessPathApproxCons#79464ebe/1@5bcc9e1k is empty, due to flow::CorrectedFlow::Flow::Stage4::consCand/2#d42b4cf6/2@86bcbwif.
[2026-10-08 00:57:29] (8s) Inferred that flow::CorrectedFlow::Flow::AccessPathApprox.isCons/2#dispred#df00b174/3@6ff906tk is empty, due to flow::CorrectedFlow::Flow::Stage4::consCand/2#d42b4cf6/2@86bcbwif.
[2026-10-08 00:57:29] (8s) Inferred that flow::CorrectedFlow::Flow::forceUnfold/1#8b7d458f/1@ef1f99fr is empty, due to flow::CorrectedFlow::Flow::Stage4::consCand/2#d42b4cf6/2@86bcbwif.
[2026-10-08 00:57:29] (8s) Inferred that project#flow::CorrectedFlow::Flow::Stage4::storeStepCand/5#cad301a8/2@b8e20fr9 is empty, due to flow::CorrectedFlow::Flow::Stage4::storeStepCand/5#cad301a8/5@599e0e50.
[2026-10-08 00:57:29] (8s) Inferred that project#flow::CorrectedFlow::Flow::Stage4::storeStepCand/5#cad301a8#2/1@c6050ahg is empty, due to flow::CorrectedFlow::Flow::Stage4::storeStepCand/5#cad301a8/5@599e0e50.
[2026-10-08 00:57:29] (8s) Inferred that project#flow::CorrectedFlow::Flow::Stage4::storeStepCand/5#cad301a8#3/2@a2d687fd is empty, due to flow::CorrectedFlow::Flow::Stage4::storeStepCand/5#cad301a8/5@599e0e50.
[2026-10-08 00:57:29] (8s) Inferred that flow::CorrectedFlow::Flow::Stage5::fwdFlowRead/11#8ccf3f5f/11@d7804fwm is empty, due to flow::CorrectedFlow::Flow::Stage4::storeStepCand/5#cad301a8/5@599e0e50.
[2026-10-08 00:57:29] (8s) Inferred that flow::CorrectedFlow::Flow::Stage5::fwdFlowStore/10#263af20c#reorder_2_4_0_1_3_5_6_7_8_9/10@d7804gwm is empty, due to flow::CorrectedFlow::Flow::Stage4::storeStepCand/5#cad301a8/5@599e0e50.
[2026-10-08 00:57:29] (8s) Inferred that flow::CorrectedFlow::Flow::Stage5::fwdFlowConsCand/5#07d164ab#reorder_4_0_1_2_3/5@d7804pwm is empty, due to flow::CorrectedFlow::Flow::Stage4::storeStepCand/5#cad301a8/5@599e0e50.
[2026-10-08 00:57:29] (8s) Inferred that flow::CorrectedFlow::Flow::Stage5::fwdFlowConsCand/5#07d164ab#reorder_1_2_0_3_4/5@d7804qwm is empty, due to flow::CorrectedFlow::Flow::Stage4::storeStepCand/5#cad301a8/5@599e0e50.
[2026-10-08 00:57:29] (8s) Inferred that flow::CorrectedFlow::Flow::Stage3::flowOutOfCallApValid/6#7b226412/6@8c8a0b3m is empty, due to flow::CorrectedFlow::Flow::Stage3::RevTypeFlow::typeFlowValidEdgeIn/3#2bb9db7b/3@0a94b2jg.
[2026-10-08 00:57:29] (8s) Inferred that flow::CorrectedFlow::Flow::Stage4::flowThroughIntoCall/4#e8d1069b_0231#join_rhs/4@59961d2s is empty, due to flow::CorrectedFlow::Flow::Stage4::flowThroughIntoCall/4#e8d1069b/4@cb2f48uo.
[2026-10-08 00:57:29] (8s) Inferred that flow::CorrectedFlow::Flow::Stage4::revFlowThrough/5#590c0003_02413#join_rhs/5@bac586f5 is empty, due to flow::CorrectedFlow::Flow::Stage4::revFlowThrough/5#590c0003/5@0dfeaxeh.
[2026-10-08 00:57:29] (8s) Inferred that flow::CorrectedFlow::Flow::Stage4::parameterMayFlowThrough/2#95ab1f95/2@87b512d9 is empty, due to flow::CorrectedFlow::Flow::Stage4::parameterMayFlowThroughAp/2#98b43d19/2@a85274ud.
[2026-10-08 00:57:29] (8s) Inferred that flow::CorrectedFlow::Flow::Stage5::flowThroughOutOfCall/4#4e2348da/4@f4b2a3oh is empty, due to flow::CorrectedFlow::Flow::Stage4::returnMayFlowThrough/2#7469d6b8/2@76d475qf.
[2026-10-08 00:57:29] (8s) Inferred that flow::CorrectedFlow::Flow::Stage5::fwdFlowThrough/7#db37b4d8/7@d78040wm is empty, due to flow::CorrectedFlow::Flow::Stage4::returnMayFlowThrough/2#7469d6b8/2@76d475qf.
[2026-10-08 00:57:29] (8s) Inferred that flow::CorrectedFlow::Flow::Stage5::fwdFlowRetFromArg/6#3cd6695f#reorder_1_2_0_3_4_5/6@d78043wm is empty, due to flow::CorrectedFlow::Flow::Stage4::returnMayFlowThrough/2#7469d6b8/2@76d475qf.
[2026-10-08 00:57:29] (8s) Inferred that flow::CorrectedFlow::Flow::Stage4::readStepCand/3#e1ecaaa9/3@5a6a9eak is empty, due to project#flow::CorrectedFlow::Flow::Stage4::revFlowStore/7#9e15c6c9/3@a6f57802.
[2026-10-08 00:57:29] (8s) Inferred that _DataFlowImplCommon::AccessPathFront.getHead/1#dispred#b7b0fb32_20#join_rhs__DataFlowPrivate::forceH__#count_range/2@8dc3f01o is empty, due to _DataFlowPrivate::forceHighPrecision/1#f0a9507c_flow::CorrectedFlow::Flow::Stage4::consCand/2#d42b4c__#shared/2@b2b0ed85.
[2026-10-08 00:57:29] (8s) Inferred that flow::CorrectedFlow::Flow::TConsCons#dom#d204bc60/3@d5ef6eji is empty, due to flow::CorrectedFlow::Flow::Stage4::consCand/2#d42b4cf6_10#join_rhs/2@e29f367e.
[2026-10-08 00:57:29] (8s) Inferred that flow::CorrectedFlow::Flow::TConsNil#dom#1e9205d9/1@96d466tm is empty, due to flow::CorrectedFlow::Flow::Stage4::consCand/2#d42b4cf6_10#join_rhs/2@e29f367e.
[2026-10-08 00:57:29] (8s) Inferred that flow::CorrectedFlow::Flow::Stage5::fwdFlowRead0/8#67d77c83#reorder_1_3_0_2_4_5_6_7/8@d7804iwm is empty, due to flow::CorrectedFlow::Flow::AccessPathApprox.getHead/0#dispred#1719471d/2@2033e71s.
[2026-10-08 00:57:29] (8s) Inferred that flow::CorrectedFlow::Flow::AccessPathApprox.isCons/2#dispred#df00b174_120#join_rhs/3@1735bee1 is empty, due to flow::CorrectedFlow::Flow::AccessPathApprox.isCons/2#dispred#df00b174/3@6ff906tk.
[2026-10-08 00:57:29] (8s) Inferred that flow::CorrectedFlow::Flow::AccessPathApprox.isCons/2#dispred#df00b174_201#join_rhs/3@d9000e6q is empty, due to flow::CorrectedFlow::Flow::AccessPathApprox.isCons/2#dispred#df00b174/3@6ff906tk.
[2026-10-08 00:57:29] (8s) Inferred that flow::CorrectedFlow::Flow::Stage5::topTypeContent/1#4dc943ed/1@3f8289u2 is empty, due to project#flow::CorrectedFlow::Flow::Stage4::storeStepCand/5#cad301a8/2@b8e20fr9.
[2026-10-08 00:57:29] (8s) Inferred that flow::CorrectedFlow::Flow::Stage5::compatibleContainer0/2#4a55c5b3/2@027399cc is empty, due to project#flow::CorrectedFlow::Flow::Stage4::storeStepCand/5#cad301a8/2@b8e20fr9.
[2026-10-08 00:57:29] (8s) Inferred that flow::CorrectedFlow::Flow::Stage5::readStepFwd/5#72b24bbf/5@1e229fvv is empty, due to flow::CorrectedFlow::Flow::Stage5::fwdFlowRead/11#8ccf3f5f/11@d7804fwm.
[2026-10-08 00:57:29] (8s) Inferred that project#flow::CorrectedFlow::Flow::Stage5::fwdFlowStore/10#263af20c/4@85406a16 is empty, due to flow::CorrectedFlow::Flow::Stage5::fwdFlowStore/10#263af20c#reorder_2_4_0_1_3_5_6_7_8_9/10@d7804gwm.
[2026-10-08 00:57:29] (8s) Inferred that flow::CorrectedFlow::Flow::Stage3::flowOutOfCallApValid/6#7b226412_340125#join_rhs/6@6bacb4ec is empty, due to flow::CorrectedFlow::Flow::Stage3::flowOutOfCallApValid/6#7b226412/6@8c8a0b3m.
[2026-10-08 00:57:29] (8s) Inferred that flow::CorrectedFlow::Flow::Stage4::revFlowThroughArg/5#222598f3/5@31f339pi is empty, due to flow::CorrectedFlow::Flow::Stage4::flowThroughIntoCall/4#e8d1069b_0231#join_rhs/4@59961d2s.
[2026-10-08 00:57:29] (8s) Inferred that flow::CorrectedFlow::Flow::Stage4::nodeMayUseSummary0/3#9dfc607b/3@637eabqr is empty, due to flow::CorrectedFlow::Flow::Stage4::parameterMayFlowThrough/2#95ab1f95/2@87b512d9.
[2026-10-08 00:57:29] (8s) Inferred that _flow::CorrectedFlow::Flow::Stage4::callEdgeArgParam/5#376188ef_flow::CorrectedFlow::Flow::Stage4::c__#antijoin_rhs/5@437e95ov is empty, due to flow::CorrectedFlow::Flow::Stage4::parameterMayFlowThrough/2#95ab1f95/2@87b512d9.
[2026-10-08 00:57:29] (8s) Inferred that flow::CorrectedFlow::Flow::Stage5::FwdFlowInThrough::callEdgeArgParamRestricted/5#202744f4/5@72ae729c is empty, due to flow::CorrectedFlow::Flow::Stage4::parameterMayFlowThrough/2#95ab1f95/2@87b512d9.
[2026-10-08 00:57:29] (8s) Inferred that flow::CorrectedFlow::Flow::Stage5::revFlowParamToReturn/4#bf4545fa#reorder_1_2_0_3/4@54294zc2 is empty, due to flow::CorrectedFlow::Flow::Stage4::parameterMayFlowThrough/2#95ab1f95/2@87b512d9.
[2026-10-08 00:57:29] (8s) Inferred that project#flow::CorrectedFlow::Flow::Stage5::flowThroughOutOfCall/4#4e2348da/3@e5ab8ee1 is empty, due to flow::CorrectedFlow::Flow::Stage5::flowThroughOutOfCall/4#4e2348da/4@f4b2a3oh.
[2026-10-08 00:57:29] (8s) Inferred that flow::CorrectedFlow::Flow::Stage5::returnFlowsThrough0/5#e9a06486/5@341c2512 is empty, due to flow::CorrectedFlow::Flow::Stage5::fwdFlowRetFromArg/6#3cd6695f#reorder_1_2_0_3_4_5/6@d78043wm.
[2026-10-08 00:57:29] (8s) Inferred that flow::CorrectedFlow::Flow::Stage5::readStepCand/4#411311f8/4@7d9cf8ub is empty, due to flow::CorrectedFlow::Flow::Stage4::readStepCand/3#e1ecaaa9/3@5a6a9eak.
[2026-10-08 00:57:29] (8s) Inferred that project#flow::CorrectedFlow::Flow::Stage4::readStepCand/3#e1ecaaa9/1@d373e247 is empty, due to flow::CorrectedFlow::Flow::Stage4::readStepCand/3#e1ecaaa9/3@5a6a9eak.
[2026-10-08 00:57:29] (8s) Inferred that project#flow::CorrectedFlow::Flow::Stage4::readStepCand/3#e1ecaaa9#2/2@ad0f43dj is empty, due to flow::CorrectedFlow::Flow::Stage4::readStepCand/3#e1ecaaa9/3@5a6a9eak.
[2026-10-08 00:57:29] (8s) Inferred that __DataFlowImplCommon::AccessPathFront.getHead/1#dispred#b7b0fb32_20#join_rhs__DataFlowPrivate::force__#join_rhs/2@e2ff8c7l is empty, due to _DataFlowImplCommon::AccessPathFront.getHead/1#dispred#b7b0fb32_20#join_rhs__DataFlowPrivate::forceH__#count_range/2@8dc3f01o.
[2026-10-08 00:57:29] (8s) Inferred that num#flow::CorrectedFlow::Flow::TConsCons#46eb77f7/4@34f368pm is empty, due to flow::CorrectedFlow::Flow::TConsCons#dom#d204bc60/3@d5ef6eji.
[2026-10-08 00:57:29] (8s) Inferred that num#flow::CorrectedFlow::Flow::TConsNil#47786ba6/2@df0e8e57 is empty, due to flow::CorrectedFlow::Flow::TConsNil#dom#1e9205d9/1@96d466tm.
[2026-10-08 00:57:29] (8s) Inferred that project#flow::CorrectedFlow::Flow::Stage5::readStepFwd/5#72b24bbf/3@e6e2d1jq is empty, due to flow::CorrectedFlow::Flow::Stage5::readStepFwd/5#72b24bbf/5@1e229fvv.
[2026-10-08 00:57:29] (8s) Inferred that project#flow::CorrectedFlow::Flow::Stage5::readStepFwd/5#72b24bbf#2/4@f06597bd is empty, due to flow::CorrectedFlow::Flow::Stage5::readStepFwd/5#72b24bbf/5@1e229fvv.
[2026-10-08 00:57:29] (8s) Inferred that flow::CorrectedFlow::Flow::Stage5::readStepFwd/5#72b24bbf_3401#join_rhs/4@a2d2dchr is empty, due to flow::CorrectedFlow::Flow::Stage5::readStepFwd/5#72b24bbf/5@1e229fvv.
[2026-10-08 00:57:29] (8s) Inferred that project#flow::CorrectedFlow::Flow::Stage5::fwdFlowStore/10#263af20c_1203#join_rhs/4@6f7c810m is empty, due to project#flow::CorrectedFlow::Flow::Stage5::fwdFlowStore/10#263af20c/4@85406a16.
[2026-10-08 00:57:29] (8s) Inferred that flow::CorrectedFlow::Flow::Stage3::revFlowOut/7#c1c438f4/7@4fbd23ws is empty, due to flow::CorrectedFlow::Flow::Stage3::flowOutOfCallApValid/6#7b226412_340125#join_rhs/6@6bacb4ec.
[2026-10-08 00:57:29] (8s) Inferred that flow::CorrectedFlow::Flow::Stage4::revFlowThroughArg/5#222598f3_12340#join_rhs/5@1cd2b72n is empty, due to flow::CorrectedFlow::Flow::Stage4::revFlowThroughArg/5#222598f3/5@31f339pi.
[2026-10-08 00:57:29] (8s) Inferred that flow::CorrectedFlow::Flow::Stage4::nodeMayUseSummary/2#107394d1/2@edb3edi0 is empty, due to flow::CorrectedFlow::Flow::Stage4::nodeMayUseSummary0/3#9dfc607b/3@637eabqr.
[2026-10-08 00:57:29] (8s) Inferred that project#flow::CorrectedFlow::Flow::Stage5::FwdFlowInThrough::callEdgeArgParamRestricted/5#202744f4/2@2e8f3f5q is empty, due to flow::CorrectedFlow::Flow::Stage5::FwdFlowInThrough::callEdgeArgParamRestricted/5#202744f4/5@72ae729c.
[2026-10-08 00:57:29] (8s) Inferred that project#flow::CorrectedFlow::Flow::Stage5::FwdFlowInThrough::callEdgeArgParamRestricted/5#202744f4#2/2@1818662m is empty, due to flow::CorrectedFlow::Flow::Stage5::FwdFlowInThrough::callEdgeArgParamRestricted/5#202744f4/5@72ae729c.
[2026-10-08 00:57:29] (8s) Inferred that flow::CorrectedFlow::Flow::Stage5::FwdFlowInThrough::callEdgeArgParamRestricted/5#202744f4_01243#join_rhs/5@8049ad3m is empty, due to flow::CorrectedFlow::Flow::Stage5::FwdFlowInThrough::callEdgeArgParamRestricted/5#202744f4/5@72ae729c.
[2026-10-08 00:57:29] (8s) Inferred that flow::CorrectedFlow::Flow::Stage5::FwdFlowInThrough::callEdgeArgParamRestricted/5#202744f4_02413#join_rhs/5@bc5b3750 is empty, due to flow::CorrectedFlow::Flow::Stage5::FwdFlowInThrough::callEdgeArgParamRestricted/5#202744f4/5@72ae729c.
[2026-10-08 00:57:29] (8s) Inferred that flow::CorrectedFlow::Flow::Stage5::returnFlowsThrough/8#3c58da74/8@10a240dh is empty, due to project#flow::CorrectedFlow::Flow::Stage5::flowThroughOutOfCall/4#4e2348da/3@e5ab8ee1.
[2026-10-08 00:57:29] (8s) Inferred that flow::CorrectedFlow::Flow::Stage5::returnFlowsThrough0/5#e9a06486_40123#join_rhs/5@673983j8 is empty, due to flow::CorrectedFlow::Flow::Stage5::returnFlowsThrough0/5#e9a06486/5@341c2512.
[2026-10-08 00:57:29] (8s) Inferred that flow::CorrectedFlow::Flow::expensiveLen2unfolding/1#51935771/1@b1009dib is empty, due to __DataFlowImplCommon::AccessPathFront.getHead/1#dispred#b7b0fb32_20#join_rhs__DataFlowPrivate::force__#join_rhs/2@e2ff8c7l.
[2026-10-08 00:57:29] (8s) Inferred that num#flow::CorrectedFlow::Flow::TConsCons#46eb77f7_023#join_rhs/3@029220qq is empty, due to num#flow::CorrectedFlow::Flow::TConsCons#46eb77f7/4@34f368pm.
[2026-10-08 00:57:29] (8s) Inferred that num#flow::CorrectedFlow::Flow::TConsCons#46eb77f7_1203#join_rhs/4@c6ad7405 is empty, due to num#flow::CorrectedFlow::Flow::TConsCons#46eb77f7/4@34f368pm.
[2026-10-08 00:57:29] (8s) Inferred that num#flow::CorrectedFlow::Flow::TConsCons#46eb77f7_1023#join_rhs/4@6ae3f2dv is empty, due to num#flow::CorrectedFlow::Flow::TConsCons#46eb77f7/4@34f368pm.
[2026-10-08 00:57:29] (8s) Inferred that flow::CorrectedFlow::Flow::Stage5::storeStepFwd/5#e33041e4/5@aa953ejj is empty, due to project#flow::CorrectedFlow::Flow::Stage5::readStepFwd/5#72b24bbf/3@e6e2d1jq.
[2026-10-08 00:57:29] (8s) Inferred that project#flow::CorrectedFlow::Flow::Stage5::readStepFwd/5#72b24bbf#2_2301#join_rhs/4@a6f0cfo7 is empty, due to project#flow::CorrectedFlow::Flow::Stage5::readStepFwd/5#72b24bbf#2/4@f06597bd.
[2026-10-08 00:57:29] (8s) Inferred that project#flow::CorrectedFlow::Flow::Stage3::revFlowOut/7#c1c438f4/3@98330as5 is empty, due to flow::CorrectedFlow::Flow::Stage3::revFlowOut/7#c1c438f4/7@4fbd23ws.
[2026-10-08 00:57:29] (8s) Inferred that flow::CorrectedFlow::Flow::Stage4::callMayFlowThroughRev/1#b3c11371/1@e50b9ce7 is empty, due to flow::CorrectedFlow::Flow::Stage4::revFlowThroughArg/5#222598f3_12340#join_rhs/5@1cd2b72n.
[2026-10-08 00:57:29] (8s) Inferred that flow::CorrectedFlow::Flow::Stage4::nodeMayUseSummary/2#107394d1_10#join_rhs/2@5bbdc33b is empty, due to flow::CorrectedFlow::Flow::Stage4::nodeMayUseSummary/2#107394d1/2@edb3edi0.
[2026-10-08 00:57:29] (8s) Inferred that project#flow::CorrectedFlow::Flow::Stage5::FwdFlowInThrough::callEdgeArgParamRestricted/5#202744f4#2_10#join_rhs/2@62770bbf is empty, due to project#flow::CorrectedFlow::Flow::Stage5::FwdFlowInThrough::callEdgeArgParamRestricted/5#202744f4#2/2@1818662m.
[2026-10-08 00:57:29] (8s) Inferred that project#flow::CorrectedFlow::Flow::Stage5::returnFlowsThrough/8#3c58da74/4@1f7560rc is empty, due to flow::CorrectedFlow::Flow::Stage5::returnFlowsThrough/8#3c58da74/8@10a240dh.
[2026-10-08 00:57:29] (8s) Inferred that project#flow::CorrectedFlow::Flow::Stage5::returnFlowsThrough/8#3c58da74#2/3@c280e0k8 is empty, due to flow::CorrectedFlow::Flow::Stage5::returnFlowsThrough/8#3c58da74/8@10a240dh.
[2026-10-08 00:57:29] (8s) Inferred that project#flow::CorrectedFlow::Flow::Stage5::returnFlowsThrough/8#3c58da74#3/4@c0bb11qp is empty, due to flow::CorrectedFlow::Flow::Stage5::returnFlowsThrough/8#3c58da74/8@10a240dh.
[2026-10-08 00:57:29] (8s) Inferred that project#flow::CorrectedFlow::Flow::Stage5::returnFlowsThrough/8#3c58da74#4/3@60062bc3 is empty, due to flow::CorrectedFlow::Flow::Stage5::returnFlowsThrough/8#3c58da74/8@10a240dh.
[2026-10-08 00:57:29] (8s) Inferred that project#flow::CorrectedFlow::Flow::Stage5::returnFlowsThrough/8#3c58da74#5/5@97c9ebvv is empty, due to flow::CorrectedFlow::Flow::Stage5::returnFlowsThrough/8#3c58da74/8@10a240dh.
[2026-10-08 00:57:29] (8s) Inferred that flow::CorrectedFlow::Flow::TCons1#dom#8e22837d/2@770ba4ou is empty, due to flow::CorrectedFlow::Flow::expensiveLen2unfolding/1#51935771/1@b1009dib.
[2026-10-08 00:57:29] (8s) Inferred that flow::CorrectedFlow::Flow::Stage5::storeStepFwd/5#e33041e4_34012#join_rhs/5@949dbe7s is empty, due to flow::CorrectedFlow::Flow::Stage5::storeStepFwd/5#e33041e4/5@aa953ejj.
[2026-10-08 00:57:29] (8s) Inferred that flow::CorrectedFlow::Flow::Stage5::revFlowConsCand/3#28e7ad36#reorder_2_0_1/3@542944w2 is empty, due to project#flow::CorrectedFlow::Flow::Stage5::readStepFwd/5#72b24bbf#2_2301#join_rhs/4@a6f0cfo7.
[2026-10-08 00:57:29] (8s) Inferred that flow::CorrectedFlow::Flow::Stage3::RevTypeFlowInput::dataFlowTakenCallEdgeIn/3#c1dc1252/3@69874cdj is empty, due to project#flow::CorrectedFlow::Flow::Stage3::revFlowOut/7#c1c438f4/3@98330as5.
[2026-10-08 00:57:29] (8s) Inferred that flow::CorrectedFlow::Flow::Stage5::FwdFlowInThrough::fwdFlowInValidEdgeTypeFlowEnabled/8#c7c1897e#reorder_1_2_6_7_0_3_4_5/8@d7804wkm is empty, due to project#flow::CorrectedFlow::Flow::Stage5::FwdFlowInThrough::callEdgeArgParamRestricted/5#202744f4#2_10#join_rhs/2@62770bbf.
[2026-10-08 00:57:29] (8s) Inferred that flow::CorrectedFlow::Flow::Stage5::FwdFlowInThrough::fwdFlowInCandTypeFlowEnabled/7#1836460b/7@d78041wm is empty, due to project#flow::CorrectedFlow::Flow::Stage5::FwdFlowInThrough::callEdgeArgParamRestricted/5#202744f4#2_10#join_rhs/2@62770bbf.
[2026-10-08 00:57:29] (8s) Inferred that flow::CorrectedFlow::Flow::Stage5::fwdFlowIsEntered/6#638087f8#reorder_3_5_0_1_2_4/6@d78045wm is empty, due to project#flow::CorrectedFlow::Flow::Stage5::FwdFlowInThrough::callEdgeArgParamRestricted/5#202744f4#2_10#join_rhs/2@62770bbf.
[2026-10-08 00:57:29] (8s) Inferred that num#flow::CorrectedFlow::Flow::Stage5::TSummaryCtxSome#8894e0b0/6@d78048wm is empty, due to project#flow::CorrectedFlow::Flow::Stage5::FwdFlowInThrough::callEdgeArgParamRestricted/5#202744f4#2_10#join_rhs/2@62770bbf.
[2026-10-08 00:57:29] (8s) Inferred that flow::CorrectedFlow::Flow::Stage5::TSummaryCtxSome#8894e0b0/6@d78049wm is empty, due to project#flow::CorrectedFlow::Flow::Stage5::FwdFlowInThrough::callEdgeArgParamRestricted/5#202744f4#2_10#join_rhs/2@62770bbf.
[2026-10-08 00:57:29] (8s) Inferred that flow::CorrectedFlow::Flow::Stage5::SummaryCtx.isSome/1#ddd544da/2@d7804dwm is empty, due to project#flow::CorrectedFlow::Flow::Stage5::FwdFlowInThrough::callEdgeArgParamRestricted/5#202744f4#2_10#join_rhs/2@62770bbf.
[2026-10-08 00:57:29] (8s) Inferred that flow::CorrectedFlow::Flow::Stage5::SummaryCtx.isSome/1#dispred#9a9a2275/2@d7804ewm is empty, due to project#flow::CorrectedFlow::Flow::Stage5::FwdFlowInThrough::callEdgeArgParamRestricted/5#202744f4#2_10#join_rhs/2@62770bbf.
[2026-10-08 00:57:29] (8s) Inferred that flow::CorrectedFlow::Flow::Stage5::fwdFlowIsEntered0/10#26bdf445#reorder_5_6_7_8_9_0_1_2_3_4/10@d7804hwm is empty, due to project#flow::CorrectedFlow::Flow::Stage5::FwdFlowInThrough::callEdgeArgParamRestricted/5#202744f4#2_10#join_rhs/2@62770bbf.
[2026-10-08 00:57:29] (8s) Inferred that flow::CorrectedFlow::Flow::Stage5::fwdFlowInFlowThrough/6#2a60c749#reorder_0_2_3_4_5_1/6@d7804nwm is empty, due to project#flow::CorrectedFlow::Flow::Stage5::FwdFlowInThrough::callEdgeArgParamRestricted/5#202744f4#2_10#join_rhs/2@62770bbf.
[2026-10-08 00:57:29] (8s) Inferred that flow::CorrectedFlow::Flow::Stage5::TSummaryCtxSome#8894e0b0#reorder_5_0_1_2_3_4/6@d7804owm is empty, due to project#flow::CorrectedFlow::Flow::Stage5::FwdFlowInThrough::callEdgeArgParamRestricted/5#202744f4#2_10#join_rhs/2@62770bbf.
[2026-10-08 00:57:29] (8s) Inferred that flow::CorrectedFlow::Flow::Stage5::TSummaryCtxSome#dom#64e16b65/5@d7804rwm is empty, due to project#flow::CorrectedFlow::Flow::Stage5::FwdFlowInThrough::callEdgeArgParamRestricted/5#202744f4#2_10#join_rhs/2@62770bbf.
[2026-10-08 00:57:29] (8s) Inferred that flow::CorrectedFlow::Flow::Stage5::flowThroughIntoCall/4#edc822e0/4@5cbd12si is empty, due to project#flow::CorrectedFlow::Flow::Stage5::returnFlowsThrough/8#3c58da74/4@1f7560rc.
[2026-10-08 00:57:29] (8s) Inferred that project#flow::CorrectedFlow::Flow::Stage5::returnFlowsThrough/8#3c58da74#3_0132#join_rhs/4@31b5491u is empty, due to project#flow::CorrectedFlow::Flow::Stage5::returnFlowsThrough/8#3c58da74#3/4@c0bb11qp.
[2026-10-08 00:57:29] (8s) Inferred that flow::CorrectedFlow::Flow::Stage5::parameterMayFlowThroughAp/2#edf01621/2@afa41481 is empty, due to project#flow::CorrectedFlow::Flow::Stage5::returnFlowsThrough/8#3c58da74#4/3@60062bc3.
[2026-10-08 00:57:29] (8s) Inferred that project#flow::CorrectedFlow::Flow::Stage5::returnFlowsThrough/8#3c58da74#5_12340#join_rhs/5@cdcb253o is empty, due to project#flow::CorrectedFlow::Flow::Stage5::returnFlowsThrough/8#3c58da74#5/5@97c9ebvv.
[2026-10-08 00:57:29] (8s) Inferred that num#flow::CorrectedFlow::Flow::TCons1#a8c02c76/3@b74b0dak is empty, due to flow::CorrectedFlow::Flow::TCons1#dom#8e22837d/2@770ba4ou.
[2026-10-08 00:57:29] (8s) Inferred that flow::CorrectedFlow::Flow::Stage5::revFlowStore/7#a98aa368/7@542942w2 is empty, due to flow::CorrectedFlow::Flow::Stage5::storeStepFwd/5#e33041e4_34012#join_rhs/5@949dbe7s.
[2026-10-08 00:57:29] (8s) Inferred that flow::CorrectedFlow::Flow::Stage5::consCand/2#0fc699fc/2@e0bceweb is empty, due to flow::CorrectedFlow::Flow::Stage5::revFlowConsCand/3#28e7ad36#reorder_2_0_1/3@542944w2.
[2026-10-08 00:57:29] (8s) Inferred that flow::CorrectedFlow::Flow::Stage5::storeStepCand/5#7be309c5/5@e702102n is empty, due to flow::CorrectedFlow::Flow::Stage5::revFlowConsCand/3#28e7ad36#reorder_2_0_1/3@542944w2.
[2026-10-08 00:57:29] (8s) Inferred that flow::CorrectedFlow::Flow::Stage3::callEdgeReturn/6#3666f6df/6@1553f0cu is empty, due to flow::CorrectedFlow::Flow::Stage3::RevTypeFlowInput::dataFlowTakenCallEdgeIn/3#c1dc1252/3@69874cdj.
[2026-10-08 00:57:29] (8s) Inferred that project#flow::CorrectedFlow::Flow::Stage5::fwdFlowIsEntered/6#638087f8/3@736cc18c is empty, due to flow::CorrectedFlow::Flow::Stage5::fwdFlowIsEntered/6#638087f8#reorder_3_5_0_1_2_4/6@d78045wm.
[2026-10-08 00:57:29] (8s) Inferred that flow::CorrectedFlow::Flow::Stage5::SummaryCtx.isSome/1#dispred#9a9a2275_10#join_rhs/2@ecedf55d is empty, due to flow::CorrectedFlow::Flow::Stage5::SummaryCtx.isSome/1#dispred#9a9a2275/2@d7804ewm.
[2026-10-08 00:57:29] (8s) Inferred that flow::CorrectedFlow::Flow::Stage5::flowThroughIntoCall/4#edc822e0_0231#join_rhs/4@539cecg3 is empty, due to flow::CorrectedFlow::Flow::Stage5::flowThroughIntoCall/4#edc822e0/4@5cbd12si.
[2026-10-08 00:57:29] (8s) Inferred that flow::CorrectedFlow::Flow::Stage5::revFlowIsReturned/5#a6fe62c5#reorder_3_4_0_1_2/5@54294wc2 is empty, due to project#flow::CorrectedFlow::Flow::Stage5::returnFlowsThrough/8#3c58da74#3_0132#join_rhs/4@31b5491u.
[2026-10-08 00:57:29] (8s) Inferred that flow::CorrectedFlow::Flow::Stage5::revFlowThrough/5#d0b595d4/5@54294xc2 is empty, due to project#flow::CorrectedFlow::Flow::Stage5::returnFlowsThrough/8#3c58da74#3_0132#join_rhs/4@31b5491u.
[2026-10-08 00:57:29] (8s) Inferred that flow::CorrectedFlow::Flow::Stage5::parameterMayFlowThrough/2#bade6654/2@649f5238 is empty, due to flow::CorrectedFlow::Flow::Stage5::parameterMayFlowThroughAp/2#edf01621/2@afa41481.
[2026-10-08 00:57:29] (8s) Inferred that flow::CorrectedFlow::Flow::Stage5::returnMayFlowThrough/2#e787704b/2@902c3cpn is empty, due to project#flow::CorrectedFlow::Flow::Stage5::returnFlowsThrough/8#3c58da74#5_12340#join_rhs/5@cdcb253o.
[2026-10-08 00:57:29] (8s) Inferred that num#flow::CorrectedFlow::Flow::TCons1#a8c02c76_2#antijoin_rhs/1@91089f9k is empty, due to num#flow::CorrectedFlow::Flow::TCons1#a8c02c76/3@b74b0dak.
[2026-10-08 00:57:29] (8s) Inferred that flow::CorrectedFlow::Flow::count1to2unfold/1#3b58f6e4/2@49a56aho is empty, due to num#flow::CorrectedFlow::Flow::TCons1#a8c02c76/3@b74b0dak.
[2026-10-08 00:57:29] (8s) Inferred that project#flow::CorrectedFlow::Flow::Stage5::revFlowStore/7#a98aa368/3@079f5an8 is empty, due to flow::CorrectedFlow::Flow::Stage5::revFlowStore/7#a98aa368/7@542942w2.
[2026-10-08 00:57:29] (8s) Inferred that project#flow::CorrectedFlow::Flow::Stage5::revFlowStore/7#a98aa368#2/5@2c2a03dr is empty, due to flow::CorrectedFlow::Flow::Stage5::revFlowStore/7#a98aa368/7@542942w2.
[2026-10-08 00:57:29] (8s) Inferred that flow::CorrectedFlow::Flow::hasTail/2#f31bc652/2@d2e4a05a is empty, due to flow::CorrectedFlow::Flow::Stage5::consCand/2#0fc699fc/2@e0bceweb.
[2026-10-08 00:57:29] (8s) Inferred that flow::CorrectedFlow::Flow::Stage5::consCand/2#0fc699fc_10#join_rhs/2@0a597dk2 is empty, due to flow::CorrectedFlow::Flow::Stage5::consCand/2#0fc699fc/2@e0bceweb.
[2026-10-08 00:57:29] (8s) Inferred that flow::CorrectedFlow::Flow::AccessPath.getHead/0#dispred#4becb2cb/2@f132a3w5 is empty, due to flow::CorrectedFlow::Flow::Stage5::consCand/2#0fc699fc/2@e0bceweb.
[2026-10-08 00:57:29] (8s) Inferred that flow::CorrectedFlow::Flow::AccessPath.isCons/2#dispred#df8df4cc/3@b9a00e4o is empty, due to flow::CorrectedFlow::Flow::Stage5::consCand/2#0fc699fc/2@e0bceweb.
[2026-10-08 00:57:29] (8s) Inferred that project#flow::CorrectedFlow::Flow::Stage5::storeStepCand/5#7be309c5/2@b351e6mf is empty, due to flow::CorrectedFlow::Flow::Stage5::storeStepCand/5#7be309c5/5@e702102n.
[2026-10-08 00:57:29] (8s) Inferred that project#flow::CorrectedFlow::Flow::Stage5::storeStepCand/5#7be309c5#2/1@5cdcdd4f is empty, due to flow::CorrectedFlow::Flow::Stage5::storeStepCand/5#7be309c5/5@e702102n.
[2026-10-08 00:57:29] (8s) Inferred that project#flow::CorrectedFlow::Flow::Stage5::storeStepCand/5#7be309c5#3/2@ead31465 is empty, due to flow::CorrectedFlow::Flow::Stage5::storeStepCand/5#7be309c5/5@e702102n.
[2026-10-08 00:57:29] (8s) Inferred that flow::CorrectedFlow::Flow::Stage6::fwdFlowRead/11#876e2009/11@60cdefwn is empty, due to flow::CorrectedFlow::Flow::Stage5::storeStepCand/5#7be309c5/5@e702102n.
[2026-10-08 00:57:29] (8s) Inferred that flow::CorrectedFlow::Flow::Stage6::fwdFlowStore/10#8d731b05#reorder_2_0_1_3_4_5_6_7_8_9/10@60cdegwn is empty, due to flow::CorrectedFlow::Flow::Stage5::storeStepCand/5#7be309c5/5@e702102n.
[2026-10-08 00:57:29] (8s) Inferred that flow::CorrectedFlow::Flow::Stage6::fwdFlowConsCand/5#c08f5661#reorder_4_0_1_2_3/5@60cdepwn is empty, due to flow::CorrectedFlow::Flow::Stage5::storeStepCand/5#7be309c5/5@e702102n.
[2026-10-08 00:57:29] (8s) Inferred that flow::CorrectedFlow::Flow::Stage6::fwdFlowConsCand/5#c08f5661#reorder_1_2_0_3_4/5@60cdeqwn is empty, due to flow::CorrectedFlow::Flow::Stage5::storeStepCand/5#7be309c5/5@e702102n.
[2026-10-08 00:57:29] (8s) Inferred that flow::CorrectedFlow::Flow::Stage4::FwdTypeFlow::typeFlowValidEdgeOut/2#5bab8031/2@5d8b6cpc is empty, due to flow::CorrectedFlow::Flow::Stage3::callEdgeReturn/6#3666f6df/6@1553f0cu.
[2026-10-08 00:57:29] (8s) Inferred that project#flow::CorrectedFlow::Flow::Stage3::callEdgeReturn/6#3666f6df/5@63d291pu is empty, due to flow::CorrectedFlow::Flow::Stage3::callEdgeReturn/6#3666f6df/6@1553f0cu.
[2026-10-08 00:57:29] (8s) Inferred that project#flow::CorrectedFlow::Flow::Stage3::callEdgeReturn/6#3666f6df#2/1@a9d6a64j is empty, due to flow::CorrectedFlow::Flow::Stage3::callEdgeReturn/6#3666f6df/6@1553f0cu.
[2026-10-08 00:57:29] (8s) Inferred that project#flow::CorrectedFlow::Flow::Stage3::callEdgeReturn/6#3666f6df#3/5@660a2384 is empty, due to flow::CorrectedFlow::Flow::Stage3::callEdgeReturn/6#3666f6df/6@1553f0cu.
[2026-10-08 00:57:29] (8s) Inferred that flow::CorrectedFlow::Flow::Stage3::callEdgeReturn/6#3666f6df_12045#join_rhs/5@47bcbf59 is empty, due to flow::CorrectedFlow::Flow::Stage3::callEdgeReturn/6#3666f6df/6@1553f0cu.
[2026-10-08 00:57:29] (8s) Inferred that flow::CorrectedFlow::Flow::Stage5::revFlowThroughArg/5#cd9165af/5@e10d77lc is empty, due to flow::CorrectedFlow::Flow::Stage5::flowThroughIntoCall/4#edc822e0_0231#join_rhs/4@539cecg3.
[2026-10-08 00:57:29] (8s) Inferred that flow::CorrectedFlow::Flow::Stage5::revFlowThrough/5#d0b595d4_02413#join_rhs/5@1b25f28f is empty, due to flow::CorrectedFlow::Flow::Stage5::revFlowThrough/5#d0b595d4/5@54294xc2.
[2026-10-08 00:57:29] (8s) Inferred that flow::CorrectedFlow::Flow::Stage5::nodeMayUseSummary0/3#6fd79de4/3@6093d1m8 is empty, due to flow::CorrectedFlow::Flow::Stage5::parameterMayFlowThrough/2#bade6654/2@649f5238.
[2026-10-08 00:57:29] (8s) Inferred that _flow::CorrectedFlow::Flow::Stage5::callEdgeArgParam/5#f3477b24_flow::CorrectedFlow::Flow::Stage5::c__#antijoin_rhs/5@fd2abd74 is empty, due to flow::CorrectedFlow::Flow::Stage5::parameterMayFlowThrough/2#bade6654/2@649f5238.
[2026-10-08 00:57:29] (8s) Inferred that flow::CorrectedFlow::Flow::Stage6::FwdFlowInThrough::callEdgeArgParamRestricted/5#04a5db96/5@8040725f is empty, due to flow::CorrectedFlow::Flow::Stage5::parameterMayFlowThrough/2#bade6654/2@649f5238.
[2026-10-08 00:57:29] (8s) Inferred that flow::CorrectedFlow::Flow::Stage6::revFlowParamToReturn/4#783cd9ce#reorder_1_2_0_3/4@07b4fzdc is empty, due to flow::CorrectedFlow::Flow::Stage5::parameterMayFlowThrough/2#bade6654/2@649f5238.
[2026-10-08 00:57:29] (8s) Inferred that flow::CorrectedFlow::Flow::Stage6::flowThroughOutOfCall/4#7846e255/4@e9589edm is empty, due to flow::CorrectedFlow::Flow::Stage5::returnMayFlowThrough/2#e787704b/2@902c3cpn.
[2026-10-08 00:57:29] (8s) Inferred that flow::CorrectedFlow::Flow::Stage6::fwdFlowThrough/7#b0e213e2/7@60cde0wn is empty, due to flow::CorrectedFlow::Flow::Stage5::returnMayFlowThrough/2#e787704b/2@902c3cpn.
[2026-10-08 00:57:29] (8s) Inferred that flow::CorrectedFlow::Flow::Stage6::fwdFlowRetFromArg/6#ad7541c3#reorder_1_2_0_3_4_5/6@60cde3wn is empty, due to flow::CorrectedFlow::Flow::Stage5::returnMayFlowThrough/2#e787704b/2@902c3cpn.
[2026-10-08 00:57:29] (8s) Inferred that flow::CorrectedFlow::Flow::expensiveLen1to2unfolding/1#04a9101c/1@96d85crv is empty, due to flow::CorrectedFlow::Flow::count1to2unfold/1#3b58f6e4/2@49a56aho.
[2026-10-08 00:57:29] (8s) Inferred that flow::CorrectedFlow::Flow::Stage5::readStepCand/3#20d878ea/3@1744db0h is empty, due to project#flow::CorrectedFlow::Flow::Stage5::revFlowStore/7#a98aa368/3@079f5an8.
[2026-10-08 00:57:29] (8s) Inferred that _flow::CorrectedFlow::Flow::hasTail/2#f31bc652#sum_range/2@c145c02d is empty, due to flow::CorrectedFlow::Flow::hasTail/2#f31bc652/2@d2e4a05a.
[2026-10-08 00:57:29] (8s) Inferred that _flow::CorrectedFlow::Flow::hasTail/2#f31bc652#shared/2@e31e66sg is empty, due to flow::CorrectedFlow::Flow::hasTail/2#f31bc652/2@d2e4a05a.
[2026-10-08 00:57:29] (8s) Inferred that _flow::CorrectedFlow::Flow::hasTail/2#f31bc652#loop_invariant_prefix/3@70867022 is empty, due to flow::CorrectedFlow::Flow::hasTail/2#f31bc652/2@d2e4a05a.
[2026-10-08 00:57:29] (8s) Inferred that flow::CorrectedFlow::Flow::TAccessPathCons2#dom#32b99c7f/3@25dd75ej is empty, due to flow::CorrectedFlow::Flow::hasTail/2#f31bc652/2@d2e4a05a.
[2026-10-08 00:57:29] (8s) Inferred that flow::CorrectedFlow::Flow::hasTail/2#f31bc652_10#join_rhs/2@e6778350 is empty, due to flow::CorrectedFlow::Flow::hasTail/2#f31bc652/2@d2e4a05a.
[2026-10-08 00:57:29] (8s) Inferred that flow::CorrectedFlow::Flow::stage5ConsCand/3#25689fb6/3@9c215188 is empty, due to flow::CorrectedFlow::Flow::Stage5::consCand/2#0fc699fc_10#join_rhs/2@0a597dk2.
[2026-10-08 00:57:29] (8s) Inferred that flow::CorrectedFlow::Flow::Stage6::fwdFlowRead0/8#2c0d9593#reorder_1_3_0_2_4_5_6_7/8@60cdeiwn is empty, due to flow::CorrectedFlow::Flow::AccessPath.getHead/0#dispred#4becb2cb/2@f132a3w5.
[2026-10-08 00:57:29] (8s) Inferred that flow::CorrectedFlow::Flow::AccessPath.isCons/2#dispred#df8df4cc_120#join_rhs/3@14acfdll is empty, due to flow::CorrectedFlow::Flow::AccessPath.isCons/2#dispred#df8df4cc/3@b9a00e4o.
[2026-10-08 00:57:29] (8s) Inferred that flow::CorrectedFlow::Flow::Stage6::topTypeContent/1#1b224f7c/1@5445e90r is empty, due to project#flow::CorrectedFlow::Flow::Stage5::storeStepCand/5#7be309c5/2@b351e6mf.
[2026-10-08 00:57:29] (8s) Inferred that flow::CorrectedFlow::Flow::Stage6::compatibleContainer0/2#a9def51e/2@1282bbsc is empty, due to project#flow::CorrectedFlow::Flow::Stage5::storeStepCand/5#7be309c5/2@b351e6mf.
[2026-10-08 00:57:29] (8s) Inferred that flow::CorrectedFlow::Flow::Stage6::readStepFwd/5#1d489f92/5@e0a07fqd is empty, due to flow::CorrectedFlow::Flow::Stage6::fwdFlowRead/11#876e2009/11@60cdefwn.
[2026-10-08 00:57:29] (8s) Inferred that flow::CorrectedFlow::Flow::Stage6::fwdFlowRead/11#876e2009_01239105678#join_rhs/10@413a77i3 is empty, due to flow::CorrectedFlow::Flow::Stage6::fwdFlowRead/11#876e2009/11@60cdefwn.
[2026-10-08 00:57:29] (8s) Inferred that project#flow::CorrectedFlow::Flow::Stage6::fwdFlowStore/10#8d731b05/4@13e6c4md is empty, due to flow::CorrectedFlow::Flow::Stage6::fwdFlowStore/10#8d731b05#reorder_2_0_1_3_4_5_6_7_8_9/10@60cdegwn.
[2026-10-08 00:57:29] (8s) Inferred that flow::CorrectedFlow::Flow::Stage6::fwdFlowStore/10#8d731b05#reorder_2_0_1_3_4_5_6_7_8_9_1203894567#join_rhs/10@631db554 is empty, due to flow::CorrectedFlow::Flow::Stage6::fwdFlowStore/10#8d731b05#reorder_2_0_1_3_4_5_6_7_8_9/10@60cdegwn.
[2026-10-08 00:57:29] (8s) Inferred that flow::CorrectedFlow::Flow::Stage4::fwdFlowOutValidEdge/7#28da5275#reorder_1_2_0_3_4_5_6/7@056e1kw0 is empty, due to flow::CorrectedFlow::Flow::Stage3::callEdgeReturn/6#3666f6df_12045#join_rhs/5@47bcbf59.
[2026-10-08 00:57:29] (8s) Inferred that flow::CorrectedFlow::Flow::Stage4::FwdTypeFlowInput::fwdFlow1Out/5#7651e932/5@fb830c9g is empty, due to project#flow::CorrectedFlow::Flow::Stage3::callEdgeReturn/6#3666f6df#2/1@a9d6a64j.
[2026-10-08 00:57:29] (8s) Inferred that flow::CorrectedFlow::Flow::Stage4::flowOutOfCallAp/7#f4bb5c41/7@ca13d8fs is empty, due to project#flow::CorrectedFlow::Flow::Stage3::callEdgeReturn/6#3666f6df#3/5@660a2384.
[2026-10-08 00:57:29] (8s) Inferred that flow::CorrectedFlow::Flow::Stage4::fwdFlowOutCand/6#e1f7d2a6/6@056e1mw0 is empty, due to flow::CorrectedFlow::Flow::Stage3::callEdgeReturn/6#3666f6df_12045#join_rhs/5@47bcbf59.
[2026-10-08 00:57:29] (8s) Inferred that flow::CorrectedFlow::Flow::Stage5::revFlowThroughArg/5#cd9165af_12340#join_rhs/5@44537f56 is empty, due to flow::CorrectedFlow::Flow::Stage5::revFlowThroughArg/5#cd9165af/5@e10d77lc.
[2026-10-08 00:57:29] (8s) Inferred that flow::CorrectedFlow::Flow::Stage5::nodeMayUseSummary/2#47f7e862/2@168a4bdr is empty, due to flow::CorrectedFlow::Flow::Stage5::nodeMayUseSummary0/3#6fd79de4/3@6093d1m8.
[2026-10-08 00:57:29] (8s) Inferred that project#flow::CorrectedFlow::Flow::Stage6::FwdFlowInThrough::callEdgeArgParamRestricted/5#04a5db96/2@9055949f is empty, due to flow::CorrectedFlow::Flow::Stage6::FwdFlowInThrough::callEdgeArgParamRestricted/5#04a5db96/5@8040725f.
[2026-10-08 00:57:29] (8s) Inferred that project#flow::CorrectedFlow::Flow::Stage6::FwdFlowInThrough::callEdgeArgParamRestricted/5#04a5db96#2/2@2d44539c is empty, due to flow::CorrectedFlow::Flow::Stage6::FwdFlowInThrough::callEdgeArgParamRestricted/5#04a5db96/5@8040725f.
[2026-10-08 00:57:29] (8s) Inferred that flow::CorrectedFlow::Flow::Stage6::FwdFlowInThrough::callEdgeArgParamRestricted/5#04a5db96_01243#join_rhs/5@f95db7uc is empty, due to flow::CorrectedFlow::Flow::Stage6::FwdFlowInThrough::callEdgeArgParamRestricted/5#04a5db96/5@8040725f.
[2026-10-08 00:57:29] (8s) Inferred that flow::CorrectedFlow::Flow::Stage6::FwdFlowInThrough::callEdgeArgParamRestricted/5#04a5db96_02413#join_rhs/5@ba1ba0vs is empty, due to flow::CorrectedFlow::Flow::Stage6::FwdFlowInThrough::callEdgeArgParamRestricted/5#04a5db96/5@8040725f.
[2026-10-08 00:57:29] (8s) Inferred that project#flow::CorrectedFlow::Flow::Stage6::flowThroughOutOfCall/4#7846e255/3@e089b40v is empty, due to flow::CorrectedFlow::Flow::Stage6::flowThroughOutOfCall/4#7846e255/4@e9589edm.
[2026-10-08 00:57:29] (8s) Inferred that flow::CorrectedFlow::Flow::S6Graph::fwdFlowThroughStep2/9#558fb334/9@0ee178ba is empty, due to flow::CorrectedFlow::Flow::Stage6::flowThroughOutOfCall/4#7846e255/4@e9589edm.
[2026-10-08 00:57:29] (8s) Inferred that flow::CorrectedFlow::Flow::S6Graph::fwdFlowThroughStep0/10#6e69f166/10@8bf9bd8q is empty, due to flow::CorrectedFlow::Flow::Stage6::fwdFlowRetFromArg/6#ad7541c3#reorder_1_2_0_3_4_5/6@60cde3wn.
[2026-10-08 00:57:29] (8s) Inferred that flow::CorrectedFlow::Flow::Stage6::returnFlowsThrough0/5#75b397b1/5@e1ac4dmf is empty, due to flow::CorrectedFlow::Flow::Stage6::fwdFlowRetFromArg/6#ad7541c3#reorder_1_2_0_3_4_5/6@60cde3wn.
[2026-10-08 00:57:29] (8s) Inferred that flow::CorrectedFlow::Flow::TAccessPathCons1#dom#ba716259/2@5ea28cmm is empty, due to flow::CorrectedFlow::Flow::expensiveLen1to2unfolding/1#04a9101c/1@96d85crv.
[2026-10-08 00:57:29] (8s) Inferred that flow::CorrectedFlow::Flow::Stage6::readStepCand/4#10d0de33/4@e0ffb0d2 is empty, due to flow::CorrectedFlow::Flow::Stage5::readStepCand/3#20d878ea/3@1744db0h.
[2026-10-08 00:57:29] (8s) Inferred that project#flow::CorrectedFlow::Flow::Stage5::readStepCand/3#20d878ea/1@050e80g8 is empty, due to flow::CorrectedFlow::Flow::Stage5::readStepCand/3#20d878ea/3@1744db0h.
[2026-10-08 00:57:29] (8s) Inferred that project#flow::CorrectedFlow::Flow::Stage5::readStepCand/3#20d878ea#2/2@1f7ce531 is empty, due to flow::CorrectedFlow::Flow::Stage5::readStepCand/3#20d878ea/3@1744db0h.
[2026-10-08 00:57:29] (8s) Inferred that __flow::CorrectedFlow::Flow::hasTail/2#f31bc652#shared_flow::CorrectedFlow::Flow::expensiveLen1to2un__#loop_invariant_prefix/3@99d62cl7 is empty, due to _flow::CorrectedFlow::Flow::hasTail/2#f31bc652#shared/2@e31e66sg.
[2026-10-08 00:57:29] (8s) Inferred that __flow::CorrectedFlow::Flow::hasTail/2#f31bc652#shared_flow::CorrectedFlow::Flow::expensiveLen1to2un__#loop_invariant_prefix#1/3@ab382cpb is empty, due to _flow::CorrectedFlow::Flow::hasTail/2#f31bc652#shared/2@e31e66sg.
[2026-10-08 00:57:29] (8s) Inferred that num#flow::CorrectedFlow::Flow::TAccessPathCons2#f42beee8/4@ed9ce3ou is empty, due to flow::CorrectedFlow::Flow::TAccessPathCons2#dom#32b99c7f/3@25dd75ej.
[2026-10-08 00:57:29] (8s) Inferred that flow::CorrectedFlow::Flow::TAccessPathCons#dom#d80bebdc/2@f132ax05 is empty, due to flow::CorrectedFlow::Flow::hasTail/2#f31bc652_10#join_rhs/2@e6778350.
[2026-10-08 00:57:29] (8s) Inferred that flow::CorrectedFlow::Flow::AccessPathCons.length/0#dispred#16864a80/2@f132ay05 is empty, due to flow::CorrectedFlow::Flow::hasTail/2#f31bc652_10#join_rhs/2@e6778350.
[2026-10-08 00:57:29] (8s) Inferred that flow::CorrectedFlow::Flow::TAccessPathCons#75216732#reorder_1_0_2/3@f132a0w5 is empty, due to flow::CorrectedFlow::Flow::hasTail/2#f31bc652_10#join_rhs/2@e6778350.
[2026-10-08 00:57:29] (8s) Inferred that num#flow::CorrectedFlow::Flow::TAccessPathCons#75216732/3@f132a1w5 is empty, due to flow::CorrectedFlow::Flow::hasTail/2#f31bc652_10#join_rhs/2@e6778350.
[2026-10-08 00:57:29] (8s) Inferred that flow::CorrectedFlow::Flow::TAccessPathCons#75216732#reorder_2_0_1/3@f132a2w5 is empty, due to flow::CorrectedFlow::Flow::hasTail/2#f31bc652_10#join_rhs/2@e6778350.
[2026-10-08 00:57:29] (8s) Inferred that flow::CorrectedFlow::Flow::stage5ConsCand/3#25689fb6_021#count_range/3@c5a249jk is empty, due to flow::CorrectedFlow::Flow::stage5ConsCand/3#25689fb6/3@9c215188.
[2026-10-08 00:57:29] (8s) Inferred that project#flow::CorrectedFlow::Flow::Stage6::readStepFwd/5#1d489f92/3@7237ddc8 is empty, due to flow::CorrectedFlow::Flow::Stage6::readStepFwd/5#1d489f92/5@e0a07fqd.
[2026-10-08 00:57:29] (8s) Inferred that project#flow::CorrectedFlow::Flow::Stage6::readStepFwd/5#1d489f92#2/4@d52c618v is empty, due to flow::CorrectedFlow::Flow::Stage6::readStepFwd/5#1d489f92/5@e0a07fqd.
[2026-10-08 00:57:29] (8s) Inferred that flow::CorrectedFlow::Flow::Stage6::readStepFwd/5#1d489f92_3401#join_rhs/4@708f44uj is empty, due to flow::CorrectedFlow::Flow::Stage6::readStepFwd/5#1d489f92/5@e0a07fqd.
[2026-10-08 00:57:29] (8s) Inferred that project#flow::CorrectedFlow::Flow::Stage6::fwdFlowStore/10#8d731b05_1203#join_rhs/4@0433b4u5 is empty, due to project#flow::CorrectedFlow::Flow::Stage6::fwdFlowStore/10#8d731b05/4@13e6c4md.
[2026-10-08 00:57:29] (8s) Inferred that flow::CorrectedFlow::Flow::Stage4::FwdTypeFlowInput::dataFlowTakenCallEdgeOut0/7#13d47af6/7@38b0c8je is empty, due to flow::CorrectedFlow::Flow::Stage4::fwdFlowOutValidEdge/7#28da5275#reorder_1_2_0_3_4_5_6/7@056e1kw0.
[2026-10-08 00:57:29] (8s) Inferred that flow::CorrectedFlow::Flow::Stage4::FwdTypeFlowInput::dataFlowTakenCallEdgeOut/2#dc1025da/2@2a2f0avq is empty, due to flow::CorrectedFlow::Flow::Stage4::FwdTypeFlowInput::dataFlowTakenCallEdgeOut0/7#13d47af6/7@38b0c8je.
[2026-10-08 00:57:29] (8s) Inferred that project#flow::CorrectedFlow::Flow::Stage4::flowOutOfCallAp/7#f4bb5c41/2@d9df6dsf is empty, due to flow::CorrectedFlow::Flow::Stage4::flowOutOfCallAp/7#f4bb5c41/7@ca13d8fs.
[2026-10-08 00:57:29] (8s) Inferred that flow::CorrectedFlow::Flow::Stage5::callMayFlowThroughRev/1#d8bf5fc5/1@769b5336 is empty, due to flow::CorrectedFlow::Flow::Stage5::revFlowThroughArg/5#cd9165af_12340#join_rhs/5@44537f56.
[2026-10-08 00:57:29] (8s) Inferred that project#flow::CorrectedFlow::Flow::Stage6::FwdFlowInThrough::callEdgeArgParamRestricted/5#04a5db96#2_10#join_rhs/2@18c0e8a1 is empty, due to project#flow::CorrectedFlow::Flow::Stage6::FwdFlowInThrough::callEdgeArgParamRestricted/5#04a5db96#2/2@2d44539c.
[2026-10-08 00:57:29] (8s) Inferred that flow::CorrectedFlow::Flow::Stage6::returnFlowsThrough/8#1573ac8a/8@93b058sb is empty, due to project#flow::CorrectedFlow::Flow::Stage6::flowThroughOutOfCall/4#7846e255/3@e089b40v.
[2026-10-08 00:57:29] (8s) Inferred that flow::CorrectedFlow::Flow::S6Graph::fwdFlowThroughStep2/9#558fb334_345678012#join_rhs/9@d39ec3pr is empty, due to flow::CorrectedFlow::Flow::S6Graph::fwdFlowThroughStep2/9#558fb334/9@0ee178ba.
[2026-10-08 00:57:29] (8s) Inferred that flow::CorrectedFlow::Flow::S6Graph::fwdFlowThroughStep0/10#6e69f166_3901245678#join_rhs/10@7dcceauq is empty, due to flow::CorrectedFlow::Flow::S6Graph::fwdFlowThroughStep0/10#6e69f166/10@8bf9bd8q.
[2026-10-08 00:57:29] (8s) Inferred that flow::CorrectedFlow::Flow::Stage6::returnFlowsThrough0/5#75b397b1_40123#join_rhs/5@ba53bf95 is empty, due to flow::CorrectedFlow::Flow::Stage6::returnFlowsThrough0/5#75b397b1/5@e1ac4dmf.
[2026-10-08 00:57:29] (8s) Inferred that num#flow::CorrectedFlow::Flow::TAccessPathCons1#9b8ff06b/3@2067877n is empty, due to flow::CorrectedFlow::Flow::TAccessPathCons1#dom#ba716259/2@5ea28cmm.
[2026-10-08 00:57:29] (8s) Inferred that num#flow::CorrectedFlow::Flow::TAccessPathCons2#f42beee8_023#join_rhs/3@b3552dac is empty, due to num#flow::CorrectedFlow::Flow::TAccessPathCons2#f42beee8/4@ed9ce3ou.
[2026-10-08 00:57:29] (8s) Inferred that flow::CorrectedFlow::Flow::Stage6::storeStepFwd/5#233c6caa/5@403d8061 is empty, due to project#flow::CorrectedFlow::Flow::Stage6::readStepFwd/5#1d489f92/3@7237ddc8.
[2026-10-08 00:57:29] (8s) Inferred that project#flow::CorrectedFlow::Flow::Stage6::readStepFwd/5#1d489f92#2_2301#join_rhs/4@a4121duq is empty, due to project#flow::CorrectedFlow::Flow::Stage6::readStepFwd/5#1d489f92#2/4@d52c618v.
[2026-10-08 00:57:29] (8s) Inferred that flow::CorrectedFlow::Flow::Stage4::RevTypeFlow::typeFlowValidEdgeIn/3#d2d2ff57/3@37399bnj is empty, due to project#flow::CorrectedFlow::Flow::Stage4::flowOutOfCallAp/7#f4bb5c41/2@d9df6dsf.
[2026-10-08 00:57:29] (8s) Inferred that flow::CorrectedFlow::Flow::Stage6::FwdFlowInThrough::fwdFlowInValidEdgeTypeFlowEnabled/8#83653856#reorder_1_2_6_7_0_3_4_5/8@60cdewcn is empty, due to project#flow::CorrectedFlow::Flow::Stage6::FwdFlowInThrough::callEdgeArgParamRestricted/5#04a5db96#2_10#join_rhs/2@18c0e8a1.
[2026-10-08 00:57:29] (8s) Inferred that flow::CorrectedFlow::Flow::Stage6::FwdFlowInThrough::fwdFlowInCandTypeFlowEnabled/7#cb88890f/7@60cde1wn is empty, due to project#flow::CorrectedFlow::Flow::Stage6::FwdFlowInThrough::callEdgeArgParamRestricted/5#04a5db96#2_10#join_rhs/2@18c0e8a1.
[2026-10-08 00:57:29] (8s) Inferred that flow::CorrectedFlow::Flow::Stage6::fwdFlowIsEntered/6#f2874ba6#reorder_3_5_0_1_2_4/6@60cde5wn is empty, due to project#flow::CorrectedFlow::Flow::Stage6::FwdFlowInThrough::callEdgeArgParamRestricted/5#04a5db96#2_10#join_rhs/2@18c0e8a1.
[2026-10-08 00:57:29] (8s) Inferred that num#flow::CorrectedFlow::Flow::Stage6::TSummaryCtxSome#ada9b11b/6@60cde8wn is empty, due to project#flow::CorrectedFlow::Flow::Stage6::FwdFlowInThrough::callEdgeArgParamRestricted/5#04a5db96#2_10#join_rhs/2@18c0e8a1.
[2026-10-08 00:57:29] (8s) Inferred that flow::CorrectedFlow::Flow::Stage6::TSummaryCtxSome#ada9b11b/6@60cde9wn is empty, due to project#flow::CorrectedFlow::Flow::Stage6::FwdFlowInThrough::callEdgeArgParamRestricted/5#04a5db96#2_10#join_rhs/2@18c0e8a1.
[2026-10-08 00:57:29] (8s) Inferred that flow::CorrectedFlow::Flow::Stage6::SummaryCtx.isSome/1#c67b6dfe/2@60cdedwn is empty, due to project#flow::CorrectedFlow::Flow::Stage6::FwdFlowInThrough::callEdgeArgParamRestricted/5#04a5db96#2_10#join_rhs/2@18c0e8a1.
[2026-10-08 00:57:29] (8s) Inferred that flow::CorrectedFlow::Flow::Stage6::SummaryCtx.isSome/1#dispred#20d53732/2@60cdeewn is empty, due to project#flow::CorrectedFlow::Flow::Stage6::FwdFlowInThrough::callEdgeArgParamRestricted/5#04a5db96#2_10#join_rhs/2@18c0e8a1.
[2026-10-08 00:57:29] (8s) Inferred that flow::CorrectedFlow::Flow::Stage6::fwdFlowIsEntered0/10#71366212#reorder_5_6_7_8_9_0_1_2_3_4/10@60cdehwn is empty, due to project#flow::CorrectedFlow::Flow::Stage6::FwdFlowInThrough::callEdgeArgParamRestricted/5#04a5db96#2_10#join_rhs/2@18c0e8a1.
[2026-10-08 00:57:29] (8s) Inferred that flow::CorrectedFlow::Flow::Stage6::fwdFlowInFlowThrough/6#83fe8201#reorder_0_2_3_4_5_1/6@60cdenwn is empty, due to project#flow::CorrectedFlow::Flow::Stage6::FwdFlowInThrough::callEdgeArgParamRestricted/5#04a5db96#2_10#join_rhs/2@18c0e8a1.
[2026-10-08 00:57:29] (8s) Inferred that flow::CorrectedFlow::Flow::Stage6::TSummaryCtxSome#ada9b11b#reorder_5_0_1_2_3_4/6@60cdeown is empty, due to project#flow::CorrectedFlow::Flow::Stage6::FwdFlowInThrough::callEdgeArgParamRestricted/5#04a5db96#2_10#join_rhs/2@18c0e8a1.
[2026-10-08 00:57:29] (8s) Inferred that flow::CorrectedFlow::Flow::Stage6::TSummaryCtxSome#dom#575d558a/5@60cderwn is empty, due to project#flow::CorrectedFlow::Flow::Stage6::FwdFlowInThrough::callEdgeArgParamRestricted/5#04a5db96#2_10#join_rhs/2@18c0e8a1.
[2026-10-08 00:57:29] (8s) Inferred that project#flow::CorrectedFlow::Flow::Stage6::returnFlowsThrough/8#1573ac8a/4@a1cb4522 is empty, due to flow::CorrectedFlow::Flow::Stage6::returnFlowsThrough/8#1573ac8a/8@93b058sb.
[2026-10-08 00:57:29] (8s) Inferred that project#flow::CorrectedFlow::Flow::Stage6::returnFlowsThrough/8#1573ac8a#2/3@34b3a9af is empty, due to flow::CorrectedFlow::Flow::Stage6::returnFlowsThrough/8#1573ac8a/8@93b058sb.
[2026-10-08 00:57:29] (8s) Inferred that project#flow::CorrectedFlow::Flow::Stage6::returnFlowsThrough/8#1573ac8a#3/4@0b9d92e9 is empty, due to flow::CorrectedFlow::Flow::Stage6::returnFlowsThrough/8#1573ac8a/8@93b058sb.
[2026-10-08 00:57:29] (8s) Inferred that flow::CorrectedFlow::Flow::S6Graph::subpathsImpl/4#c7598abb/4@a2a4518q is empty, due to flow::CorrectedFlow::Flow::S6Graph::fwdFlowThroughStep2/9#558fb334_345678012#join_rhs/9@d39ec3pr.
[2026-10-08 00:57:29] (8s) Inferred that flow::CorrectedFlow::Flow::S6Graph::fwdFlowThroughStep1/10#01c9e4fd/10@c7eeb4aa is empty, due to flow::CorrectedFlow::Flow::S6Graph::fwdFlowThroughStep0/10#6e69f166_3901245678#join_rhs/10@7dcceauq.
[2026-10-08 00:57:29] (8s) Inferred that flow::CorrectedFlow::Flow::Stage6::storeStepFwd/5#233c6caa_34012#join_rhs/5@c48b51m5 is empty, due to flow::CorrectedFlow::Flow::Stage6::storeStepFwd/5#233c6caa/5@403d8061.
[2026-10-08 00:57:29] (8s) Inferred that flow::CorrectedFlow::Flow::Stage6::revFlowConsCand/3#4e9c8f2a#reorder_2_0_1/3@07b4f3wc is empty, due to project#flow::CorrectedFlow::Flow::Stage6::readStepFwd/5#1d489f92#2_2301#join_rhs/4@a4121duq.
[2026-10-08 00:57:29] (8s) Inferred that flow::CorrectedFlow::Flow::Stage4::flowOutOfCallApValid/6#78cde12f/6@308af27a is empty, due to flow::CorrectedFlow::Flow::Stage4::RevTypeFlow::typeFlowValidEdgeIn/3#d2d2ff57/3@37399bnj.
[2026-10-08 00:57:29] (8s) Inferred that project#flow::CorrectedFlow::Flow::Stage6::FwdFlowInThrough::fwdFlowInValidEdgeTypeFlowEnabled/8#83653856/6@d7116cl4 is empty, due to flow::CorrectedFlow::Flow::Stage6::FwdFlowInThrough::fwdFlowInValidEdgeTypeFlowEnabled/8#83653856#reorder_1_2_6_7_0_3_4_5/8@60cdewcn.
[2026-10-08 00:57:29] (8s) Inferred that project#flow::CorrectedFlow::Flow::Stage6::fwdFlowIsEntered/6#f2874ba6/3@c998abhj is empty, due to flow::CorrectedFlow::Flow::Stage6::fwdFlowIsEntered/6#f2874ba6#reorder_3_5_0_1_2_4/6@60cde5wn.
[2026-10-08 00:57:29] (8s) Inferred that flow::CorrectedFlow::Flow::Stage6::TSummaryCtxSome#ada9b11b_01235#join_rhs/5@595b0btc is empty, due to flow::CorrectedFlow::Flow::Stage6::TSummaryCtxSome#ada9b11b/6@60cde9wn.
[2026-10-08 00:57:29] (8s) Inferred that flow::CorrectedFlow::Flow::Stage6::SummaryCtx.isSome/1#dispred#20d53732_10#join_rhs/2@2c487aqc is empty, due to flow::CorrectedFlow::Flow::Stage6::SummaryCtx.isSome/1#dispred#20d53732/2@60cdeewn.
[2026-10-08 00:57:29] (8s) Inferred that flow::CorrectedFlow::Flow::Stage6::flowThroughIntoCall/4#4850f708/4@0f82997h is empty, due to project#flow::CorrectedFlow::Flow::Stage6::returnFlowsThrough/8#1573ac8a/4@a1cb4522.
[2026-10-08 00:57:29] (8s) Inferred that project#flow::CorrectedFlow::Flow::Stage6::returnFlowsThrough/8#1573ac8a#3_0132#join_rhs/4@72c22a3c is empty, due to project#flow::CorrectedFlow::Flow::Stage6::returnFlowsThrough/8#1573ac8a#3/4@0b9d92e9.
[2026-10-08 00:57:29] (8s) Inferred that project#flow::CorrectedFlow::Flow::S6Graph::subpathsImpl/4#c7598abb/1@bbd03a0m is empty, due to flow::CorrectedFlow::Flow::S6Graph::subpathsImpl/4#c7598abb/4@a2a4518q.
[2026-10-08 00:57:29] (8s) Inferred that flow::CorrectedFlow::Flow::S6Graph::subpathsImpl/4#c7598abb_1203#join_rhs/4@f7529b1q is empty, due to flow::CorrectedFlow::Flow::S6Graph::subpathsImpl/4#c7598abb/4@a2a4518q.
[2026-10-08 00:57:29] (8s) Inferred that flow::CorrectedFlow::Flow::S6::subpaths1/4#42888011/4@43b45w9m is empty, due to flow::CorrectedFlow::Flow::S6Graph::subpathsImpl/4#c7598abb/4@a2a4518q.
[2026-10-08 00:57:29] (8s) Inferred that flow::CorrectedFlow::Flow::Stage6::revFlowStore/7#46adf7e8/7@07b4f1wc is empty, due to flow::CorrectedFlow::Flow::Stage6::storeStepFwd/5#233c6caa_34012#join_rhs/5@c48b51m5.
[2026-10-08 00:57:29] (8s) Inferred that flow::CorrectedFlow::Flow::Stage4::flowOutOfCallApValid/6#78cde12f_340125#join_rhs/6@256401kl is empty, due to flow::CorrectedFlow::Flow::Stage4::flowOutOfCallApValid/6#78cde12f/6@308af27a.
[2026-10-08 00:57:29] (8s) Inferred that project#flow::CorrectedFlow::Flow::Stage6::FwdFlowInThrough::fwdFlowInValidEdgeTypeFlowEnabled/8#83653856_014523#join_rhs/6@b5c61dre is empty, due to project#flow::CorrectedFlow::Flow::Stage6::FwdFlowInThrough::fwdFlowInValidEdgeTypeFlowEnabled/8#83653856/6@d7116cl4.
[2026-10-08 00:57:29] (8s) Inferred that flow::CorrectedFlow::Flow::Stage6::flowThroughIntoCall/4#4850f708_0231#join_rhs/4@64c039he is empty, due to flow::CorrectedFlow::Flow::Stage6::flowThroughIntoCall/4#4850f708/4@0f82997h.
[2026-10-08 00:57:29] (8s) Inferred that flow::CorrectedFlow::Flow::Stage6::revFlowIsReturned/5#5249e2b8#reorder_3_4_0_1_2/5@07b4fwdc is empty, due to project#flow::CorrectedFlow::Flow::Stage6::returnFlowsThrough/8#1573ac8a#3_0132#join_rhs/4@72c22a3c.
[2026-10-08 00:57:29] (8s) Inferred that flow::CorrectedFlow::Flow::Stage6::revFlowThrough/5#18f3b365/5@07b4fxdc is empty, due to project#flow::CorrectedFlow::Flow::Stage6::returnFlowsThrough/8#1573ac8a#3_0132#join_rhs/4@72c22a3c.
[2026-10-08 00:57:29] (8s) Inferred that flow::CorrectedFlow::Flow::S6Graph::summaryLabel/3#e9e77015#bff#reorder_1_0_2/3@25d8dwm6 is empty, due to project#flow::CorrectedFlow::Flow::S6Graph::subpathsImpl/4#c7598abb/1@bbd03a0m.
[2026-10-08 00:57:29] (8s) Inferred that flow::CorrectedFlow::Flow::S6::subpaths2/4#ecdeb9dc/4@89002el9 is empty, due to flow::CorrectedFlow::Flow::S6::subpaths1/4#42888011/4@43b45w9m.
[2026-10-08 00:57:29] (8s) Inferred that flow::CorrectedFlow::Flow::Stage4::revFlowOut/7#b326d5fb/7@0dfea3wh is empty, due to flow::CorrectedFlow::Flow::Stage4::flowOutOfCallApValid/6#78cde12f_340125#join_rhs/6@256401kl.
[2026-10-08 00:57:29] (8s) Inferred that project#flow::CorrectedFlow::Flow::S6::subpaths2/4#ecdeb9dc/2@500bcdmg is empty, due to flow::CorrectedFlow::Flow::S6::subpaths2/4#ecdeb9dc/4@89002el9.
[2026-10-08 00:57:29] (8s) Inferred that project#flow::CorrectedFlow::Flow::S6::subpaths2/4#ecdeb9dc#2/1@fbd603mp is empty, due to flow::CorrectedFlow::Flow::S6::subpaths2/4#ecdeb9dc/4@89002el9.
[2026-10-08 00:57:29] (8s) Inferred that project#flow::CorrectedFlow::Flow::Stage4::revFlowOut/7#b326d5fb/3@9ac993pp is empty, due to flow::CorrectedFlow::Flow::Stage4::revFlowOut/7#b326d5fb/7@0dfea3wh.
[2026-10-08 00:57:29] (8s) Inferred that project#flow::CorrectedFlow::Flow::S6::subpaths2/4#ecdeb9dc_10#join_rhs/2@0d7915jd is empty, due to project#flow::CorrectedFlow::Flow::S6::subpaths2/4#ecdeb9dc/2@500bcdmg.
[2026-10-08 00:57:29] (8s) Inferred that flow::CorrectedFlow::Flow::S6::retReach/1#fb304032/1@cc7c3w4q is empty, due to project#flow::CorrectedFlow::Flow::S6::subpaths2/4#ecdeb9dc/2@500bcdmg.
[2026-10-08 00:57:29] (8s) Inferred that flow::CorrectedFlow::Flow::Stage4::RevTypeFlowInput::dataFlowTakenCallEdgeIn/3#011cd3ff/3@18c35ddo is empty, due to project#flow::CorrectedFlow::Flow::Stage4::revFlowOut/7#b326d5fb/3@9ac993pp.
[2026-10-08 00:57:29] (8s) Inferred that flow::CorrectedFlow::Flow::Stage4::callEdgeReturn/6#3b7a2de8/6@4600fcfr is empty, due to flow::CorrectedFlow::Flow::Stage4::RevTypeFlowInput::dataFlowTakenCallEdgeIn/3#011cd3ff/3@18c35ddo.
[2026-10-08 00:57:29] (8s) Inferred that flow::CorrectedFlow::Flow::Stage5::FwdTypeFlow::typeFlowValidEdgeOut/2#57dfc2cf/2@cd63df06 is empty, due to flow::CorrectedFlow::Flow::Stage4::callEdgeReturn/6#3b7a2de8/6@4600fcfr.
[2026-10-08 00:57:29] (8s) Inferred that project#flow::CorrectedFlow::Flow::Stage4::callEdgeReturn/6#3b7a2de8/5@6ce0e076 is empty, due to flow::CorrectedFlow::Flow::Stage4::callEdgeReturn/6#3b7a2de8/6@4600fcfr.
[2026-10-08 00:57:29] (8s) Inferred that project#flow::CorrectedFlow::Flow::Stage4::callEdgeReturn/6#3b7a2de8#2/2@ec0386si is empty, due to flow::CorrectedFlow::Flow::Stage4::callEdgeReturn/6#3b7a2de8/6@4600fcfr.
[2026-10-08 00:57:29] (8s) Inferred that project#flow::CorrectedFlow::Flow::Stage4::callEdgeReturn/6#3b7a2de8#4/1@e56e96qn is empty, due to flow::CorrectedFlow::Flow::Stage4::callEdgeReturn/6#3b7a2de8/6@4600fcfr.
[2026-10-08 00:57:29] (8s) Inferred that project#flow::CorrectedFlow::Flow::Stage4::callEdgeReturn/6#3b7a2de8#5/5@9b8868iq is empty, due to flow::CorrectedFlow::Flow::Stage4::callEdgeReturn/6#3b7a2de8/6@4600fcfr.
[2026-10-08 00:57:29] (8s) Inferred that flow::CorrectedFlow::Flow::Stage4::callEdgeReturn/6#3b7a2de8_12045#join_rhs/5@da0be0ep is empty, due to flow::CorrectedFlow::Flow::Stage4::callEdgeReturn/6#3b7a2de8/6@4600fcfr.
[2026-10-08 00:57:29] (8s) Inferred that flow::CorrectedFlow::Flow::Stage5::fwdFlowOutCand/6#64e52976/6@d7804mwm is empty, due to flow::CorrectedFlow::Flow::Stage4::callEdgeReturn/6#3b7a2de8/6@4600fcfr.
[2026-10-08 00:57:29] (8s) Inferred that flow::CorrectedFlow::Flow::Stage5::FwdTypeFlow::typeFlowValidEdgeOut/2#57dfc2cf_10#join_rhs/2@5614f4v9 is empty, due to flow::CorrectedFlow::Flow::Stage5::FwdTypeFlow::typeFlowValidEdgeOut/2#57dfc2cf/2@cd63df06.
[2026-10-08 00:57:29] (8s) Inferred that flow::CorrectedFlow::Flow::Stage5::fwdFlowOutValidEdge/7#84595bcf#reorder_1_2_0_3_4_5_6/7@d7804lwm is empty, due to flow::CorrectedFlow::Flow::Stage5::FwdTypeFlow::typeFlowValidEdgeOut/2#57dfc2cf/2@cd63df06.
[2026-10-08 00:57:29] (8s) Inferred that flow::CorrectedFlow::Flow::Stage5::FwdTypeFlowInput::fwdFlow1Out/5#1a217041/5@320e944j is empty, due to project#flow::CorrectedFlow::Flow::Stage4::callEdgeReturn/6#3b7a2de8#4/1@e56e96qn.
[2026-10-08 00:57:29] (8s) Inferred that flow::CorrectedFlow::Flow::Stage5::flowOutOfCallAp/7#9b9cdfb8/7@9ad105ia is empty, due to project#flow::CorrectedFlow::Flow::Stage4::callEdgeReturn/6#3b7a2de8#5/5@9b8868iq.
[2026-10-08 00:57:29] (8s) Inferred that _DataFlowImplCommon::Cached::callEnclosingCallable/2#3284d81e_flow::CorrectedFlow::Flow::Stage5::Fwd__#count_range/2@03f290aq is empty, due to flow::CorrectedFlow::Flow::Stage5::FwdTypeFlow::typeFlowValidEdgeOut/2#57dfc2cf_10#join_rhs/2@5614f4v9.
[2026-10-08 00:57:29] (8s) Inferred that flow::CorrectedFlow::Flow::Stage5::FwdTypeFlowInput::dataFlowTakenCallEdgeOut0/7#6a0f4a5c/7@2493f4le is empty, due to flow::CorrectedFlow::Flow::Stage5::fwdFlowOutValidEdge/7#84595bcf#reorder_1_2_0_3_4_5_6/7@d7804lwm.
[2026-10-08 00:57:29] (8s) Inferred that flow::CorrectedFlow::Flow::Stage5::FwdTypeFlowInput::dataFlowTakenCallEdgeOut/2#be7e6361/2@3c81ebtu is empty, due to flow::CorrectedFlow::Flow::Stage5::FwdTypeFlowInput::dataFlowTakenCallEdgeOut0/7#6a0f4a5c/7@2493f4le.
[2026-10-08 00:57:29] (8s) Inferred that project#flow::CorrectedFlow::Flow::Stage5::flowOutOfCallAp/7#9b9cdfb8/2@7d295ebu is empty, due to flow::CorrectedFlow::Flow::Stage5::flowOutOfCallAp/7#9b9cdfb8/7@9ad105ia.
[2026-10-08 00:57:29] (8s) Inferred that flow::CorrectedFlow::Flow::Stage5::RevTypeFlow::typeFlowValidEdgeIn/3#f6069749/3@de237etg is empty, due to project#flow::CorrectedFlow::Flow::Stage5::flowOutOfCallAp/7#9b9cdfb8/2@7d295ebu.
[2026-10-08 00:57:29] (8s) Inferred that flow::CorrectedFlow::Flow::Stage5::flowOutOfCallApValid/6#0d49e84c/6@f593a4fs is empty, due to flow::CorrectedFlow::Flow::Stage5::RevTypeFlow::typeFlowValidEdgeIn/3#f6069749/3@de237etg.
[2026-10-08 00:57:29] (8s) Inferred that flow::CorrectedFlow::Flow::Stage5::flowOutOfCallApValid/6#0d49e84c_340125#join_rhs/6@264dba3t is empty, due to flow::CorrectedFlow::Flow::Stage5::flowOutOfCallApValid/6#0d49e84c/6@f593a4fs.
[2026-10-08 00:57:29] (8s) Inferred that flow::CorrectedFlow::Flow::Stage5::revFlowOut/7#3293cbf2/7@542943w2 is empty, due to flow::CorrectedFlow::Flow::Stage5::flowOutOfCallApValid/6#0d49e84c_340125#join_rhs/6@264dba3t.
[2026-10-08 00:57:29] (8s) Inferred that project#flow::CorrectedFlow::Flow::Stage5::revFlowOut/7#3293cbf2/3@3caca37m is empty, due to flow::CorrectedFlow::Flow::Stage5::revFlowOut/7#3293cbf2/7@542943w2.
[2026-10-08 00:57:29] (8s) Inferred that flow::CorrectedFlow::Flow::Stage5::RevTypeFlowInput::dataFlowTakenCallEdgeIn/3#48d9f717/3@d15e67gl is empty, due to project#flow::CorrectedFlow::Flow::Stage5::revFlowOut/7#3293cbf2/3@3caca37m.
[2026-10-08 00:57:29] (8s) Inferred that flow::CorrectedFlow::Flow::Stage5::callEdgeReturn/6#4fdc4d7f/6@5e054dom is empty, due to flow::CorrectedFlow::Flow::Stage5::RevTypeFlowInput::dataFlowTakenCallEdgeIn/3#48d9f717/3@d15e67gl.
[2026-10-08 00:57:29] (8s) Inferred that flow::CorrectedFlow::Flow::Stage6::FwdTypeFlow::typeFlowValidEdgeOut/2#e82a06d1/2@ddf82frv is empty, due to flow::CorrectedFlow::Flow::Stage5::callEdgeReturn/6#4fdc4d7f/6@5e054dom.
[2026-10-08 00:57:29] (8s) Inferred that project#flow::CorrectedFlow::Flow::Stage5::callEdgeReturn/6#4fdc4d7f/5@c57e62rl is empty, due to flow::CorrectedFlow::Flow::Stage5::callEdgeReturn/6#4fdc4d7f/6@5e054dom.
[2026-10-08 00:57:29] (8s) Inferred that project#flow::CorrectedFlow::Flow::Stage5::callEdgeReturn/6#4fdc4d7f#2/2@844ac561 is empty, due to flow::CorrectedFlow::Flow::Stage5::callEdgeReturn/6#4fdc4d7f/6@5e054dom.
[2026-10-08 00:57:29] (8s) Inferred that project#flow::CorrectedFlow::Flow::Stage5::callEdgeReturn/6#4fdc4d7f#4/1@bd26e5v7 is empty, due to flow::CorrectedFlow::Flow::Stage5::callEdgeReturn/6#4fdc4d7f/6@5e054dom.
[2026-10-08 00:57:29] (8s) Inferred that project#flow::CorrectedFlow::Flow::Stage5::callEdgeReturn/6#4fdc4d7f#5/5@1fa55fii is empty, due to flow::CorrectedFlow::Flow::Stage5::callEdgeReturn/6#4fdc4d7f/6@5e054dom.
[2026-10-08 00:57:29] (8s) Inferred that flow::CorrectedFlow::Flow::Stage5::callEdgeReturn/6#4fdc4d7f_12045#join_rhs/5@96e112of is empty, due to flow::CorrectedFlow::Flow::Stage5::callEdgeReturn/6#4fdc4d7f/6@5e054dom.
[2026-10-08 00:57:29] (8s) Inferred that flow::CorrectedFlow::Flow::Stage6::fwdFlowOutCand/6#9b0fb38c/6@60cdemwn is empty, due to flow::CorrectedFlow::Flow::Stage5::callEdgeReturn/6#4fdc4d7f/6@5e054dom.
[2026-10-08 00:57:29] (8s) Inferred that flow::CorrectedFlow::Flow::Stage6::FwdTypeFlow::typeFlowValidEdgeOut/2#e82a06d1_10#join_rhs/2@757267ru is empty, due to flow::CorrectedFlow::Flow::Stage6::FwdTypeFlow::typeFlowValidEdgeOut/2#e82a06d1/2@ddf82frv.
[2026-10-08 00:57:29] (8s) Inferred that flow::CorrectedFlow::Flow::Stage6::fwdFlowOutValidEdge/7#712c5f81#reorder_1_2_0_3_4_5_6/7@60cdelwn is empty, due to flow::CorrectedFlow::Flow::Stage6::FwdTypeFlow::typeFlowValidEdgeOut/2#e82a06d1/2@ddf82frv.
[2026-10-08 00:57:29] (8s) Inferred that flow::CorrectedFlow::Flow::Stage6::FwdTypeFlowInput::fwdFlow1Out/5#063b0dfe/5@16a74c37 is empty, due to project#flow::CorrectedFlow::Flow::Stage5::callEdgeReturn/6#4fdc4d7f#4/1@bd26e5v7.
[2026-10-08 00:57:29] (8s) Inferred that flow::CorrectedFlow::Flow::Stage6::flowOutOfCallAp/7#ca88dd34/7@54a9cbc0 is empty, due to project#flow::CorrectedFlow::Flow::Stage5::callEdgeReturn/6#4fdc4d7f#5/5@1fa55fii.
[2026-10-08 00:57:29] (8s) Inferred that _DataFlowImplCommon::Cached::callEnclosingCallable/2#3284d81e_flow::CorrectedFlow::Flow::Stage6::Fwd__#count_range/2@40ab08jt is empty, due to flow::CorrectedFlow::Flow::Stage6::FwdTypeFlow::typeFlowValidEdgeOut/2#e82a06d1_10#join_rhs/2@757267ru.
[2026-10-08 00:57:29] (8s) Inferred that flow::CorrectedFlow::Flow::Stage6::FwdTypeFlowInput::dataFlowTakenCallEdgeOut0/7#4475599d/7@8aed8crq is empty, due to flow::CorrectedFlow::Flow::Stage6::fwdFlowOutValidEdge/7#712c5f81#reorder_1_2_0_3_4_5_6/7@60cdelwn.
[2026-10-08 00:57:29] (8s) Inferred that project#flow::CorrectedFlow::Flow::Stage6::fwdFlowOutValidEdge/7#712c5f81/5@5e21a326 is empty, due to flow::CorrectedFlow::Flow::Stage6::fwdFlowOutValidEdge/7#712c5f81#reorder_1_2_0_3_4_5_6/7@60cdelwn.
[2026-10-08 00:57:29] (8s) Inferred that flow::CorrectedFlow::Flow::Stage6::FwdTypeFlowInput::dataFlowTakenCallEdgeOut/2#f4cdaf12/2@45bf19gb is empty, due to flow::CorrectedFlow::Flow::Stage6::FwdTypeFlowInput::dataFlowTakenCallEdgeOut0/7#4475599d/7@8aed8crq.
[2026-10-08 00:57:29] (8s) Inferred that project#flow::CorrectedFlow::Flow::Stage6::flowOutOfCallAp/7#ca88dd34/2@49265cjl is empty, due to flow::CorrectedFlow::Flow::Stage6::flowOutOfCallAp/7#ca88dd34/7@54a9cbc0.
[2026-10-08 00:57:29] (8s) Inferred that flow::CorrectedFlow::Flow::Stage6::RevTypeFlow::typeFlowValidEdgeIn/3#3844d63f/3@9ed9a13j is empty, due to project#flow::CorrectedFlow::Flow::Stage6::flowOutOfCallAp/7#ca88dd34/2@49265cjl.
[2026-10-08 00:57:29] (8s) Inferred that flow::CorrectedFlow::Flow::Stage6::flowOutOfCallApValid/6#e87d4738/6@e3013bd8 is empty, due to flow::CorrectedFlow::Flow::Stage6::RevTypeFlow::typeFlowValidEdgeIn/3#3844d63f/3@9ed9a13j.
[2026-10-08 00:57:29] (8s) Inferred that flow::CorrectedFlow::Flow::Stage6::flowOutOfCallApValid/6#e87d4738_340125#join_rhs/6@f7714eek is empty, due to flow::CorrectedFlow::Flow::Stage6::flowOutOfCallApValid/6#e87d4738/6@e3013bd8.
[2026-10-08 00:57:29] (8s) Inferred that flow::CorrectedFlow::Flow::Stage6::revFlowOut/7#55e8a956/7@07b4f2wc is empty, due to flow::CorrectedFlow::Flow::Stage6::flowOutOfCallApValid/6#e87d4738_340125#join_rhs/6@f7714eek.
[2026-10-08 00:57:29] (8s) Starting to evaluate predicate flow::CorrectedFlow::Flow::AccessPathApprox.getFront/0#dispred#beef3958/2@b16c2cep
[2026-10-08 00:57:29] (8s)  >>> Created relation flow::CorrectedFlow::Flow::AccessPathApprox.getFront/0#dispred#beef3958/2@b16c2cep with 1 rows and digest 52e0bdo7e2rh65bhgmq4lc1b6g3.
[2026-10-08 00:57:29] (8s) Starting to evaluate predicate num#DataFlowImplCommon::CallContextSensitivity<flow::CorrectedFlow::Flow::Stage5Param::CallContextSensitivityInput>::TAnyCallContext#77d7ab80/1@2c4f5ao8
[2026-10-08 00:57:29] Evaluating HOP construct<DataFlowImplCommon#f7de413b::MakeImplCommon-Location#d34fd4c8::Location-DataFlowImplSpecific#ea056a88::SwiftDataFlow-::-1bc8ae8a,0> with inputs:
                        1 tuples in flow::CorrectedFlow::Flow::S6Graph::TPathNodeSinkGrp#dom#de5f7ca0/0@dab1424s
[2026-10-08 00:57:29] (8s)  >>> Created relation num#DataFlowImplCommon::CallContextSensitivity<flow::CorrectedFlow::Flow::Stage5Param::CallContextSensitivityInput>::TAnyCallContext#77d7ab80/1@2c4f5ao8 with 1 rows and digest 19f2cevarof1fbaqkctt3t43if4.
[2026-10-08 00:57:29] (8s) Starting to evaluate predicate num#flow::CorrectedFlow::Flow::Stage5::TSummaryCtxNone#3aa725ff/1@0dd654j7
[2026-10-08 00:57:29] Evaluating HOP construct<DataFlowImpl#248dabc3::MakeImpl-Location#d34fd4c8::Location-DataFlowImplSpecific#ea056a88::SwiftDataFlow-::Impl-TaintTr-2ea6aa3a,0> with inputs:
                        1 tuples in flow::CorrectedFlow::Flow::S6Graph::TPathNodeSinkGrp#dom#de5f7ca0/0@dab1424s
[2026-10-08 00:57:29] (8s)  >>> Created relation num#flow::CorrectedFlow::Flow::Stage5::TSummaryCtxNone#3aa725ff/1@0dd654j7 with 1 rows and digest 19f2cevarof1fbaqkctt3t43if4.
[2026-10-08 00:57:29] (8s) Starting to evaluate predicate num#Option::Option<DataFlowPrivate::DataFlowType>::TNone#e8065926/1@a30f4d0f
[2026-10-08 00:57:29] Evaluating HOP construct<Option#8eb11f23::Option-DataFlowPrivate#80e64a43::DataFlowType-::TOption-87819018,0> with inputs:
                        1 tuples in flow::CorrectedFlow::Flow::S6Graph::TPathNodeSinkGrp#dom#de5f7ca0/0@dab1424s
[2026-10-08 00:57:29] (8s)  >>> Created relation num#Option::Option<DataFlowPrivate::DataFlowType>::TNone#e8065926/1@a30f4d0f with 1 rows and digest 19f2cevarof1fbaqkctt3t43if4.
[2026-10-08 00:57:29] (8s) Starting to evaluate predicate flow::CorrectedFlow::Stage1::sinkNodeWithState/2#d0fe86ee/2@6c70e58e
[2026-10-08 00:57:29] (8s)  >>> Created relation flow::CorrectedFlow::Stage1::sinkNodeWithState/2#d0fe86ee/2@6c70e58e with 4 rows and digest 7a26daddhh5vppad501rmfvgfp3.
[2026-10-08 00:57:29] (8s) Starting to evaluate predicate flow::CorrectedFlow::Stage1::Stage1::sinkNode/2#32530961/2@d60d71rf
[2026-10-08 00:57:29] (8s)  >>> Created relation flow::CorrectedFlow::Stage1::Stage1::sinkNode/2#32530961/2@d60d71rf with 0 rows and digest THIS-RELATION-HAS-NO-TUPLES.
[2026-10-08 00:57:29] (8s) Inferred that flow::CorrectedFlow::Flow::sinkModel/2#e4f34077/2@1fd7b68d is empty, due to flow::CorrectedFlow::Stage1::Stage1::sinkNode/2#32530961/2@d60d71rf.
[2026-10-08 00:57:29] (8s) Inferred that flow::CorrectedFlow::Stage1::Stage1::revFlow0/2#87cf3b29/2@f5e8ay2r is empty, due to flow::CorrectedFlow::Stage1::Stage1::sinkNode/2#32530961/2@d60d71rf.
[2026-10-08 00:57:29] (8s) Inferred that flow::CorrectedFlow::Stage1::Stage1::revFlow/2#4d705b1e/2@f5e8az2r is empty, due to flow::CorrectedFlow::Stage1::Stage1::sinkNode/2#32530961/2@d60d71rf.
[2026-10-08 00:57:29] (8s) Inferred that flow::CorrectedFlow::Stage1::Stage1::revFlowInToReturn/3#24ce5ffc/3@f5e8a2wr is empty, due to flow::CorrectedFlow::Stage1::Stage1::sinkNode/2#32530961/2@d60d71rf.
[2026-10-08 00:57:29] (8s) Inferred that flow::CorrectedFlow::Flow::S6Graph::PathNodeMid.projectToSink/1#dispred#3704d7b6/3@6305edk0 is empty, due to flow::CorrectedFlow::Flow::sinkModel/2#e4f34077/2@1fd7b68d.
[2026-10-08 00:57:29] (8s) Inferred that flow::CorrectedFlow::Stage1::Stage1::revFlow/1#ab0991ad/1@2065afi7 is empty, due to flow::CorrectedFlow::Stage1::Stage1::revFlow/2#4d705b1e/2@f5e8az2r.
[2026-10-08 00:57:29] (8s) Inferred that flow::CorrectedFlow::Stage1::Stage1::throughFlowNodeCand/1#4977b046/1@dca322ld is empty, due to flow::CorrectedFlow::Stage1::Stage1::revFlow/2#4d705b1e/2@f5e8az2r.
[2026-10-08 00:57:29] (8s) Inferred that flow::CorrectedFlow::Flow::S6Graph::PathNodeImpl.getAnImplicitReadSuccessorAtSink/1#83f5a64d/3@0d0d1wjg is empty, due to flow::CorrectedFlow::Flow::S6Graph::PathNodeMid.projectToSink/1#dispred#3704d7b6/3@6305edk0.
[2026-10-08 00:57:29] (8s) Inferred that flow::CorrectedFlow::Flow::S6Graph::PathNodeImpl.getAnImplicitReadSuccessorAtSink/1#dispred#4dba172c/3@0d0d1xjg is empty, due to flow::CorrectedFlow::Flow::S6Graph::PathNodeMid.projectToSink/1#dispred#3704d7b6/3@6305edk0.
[2026-10-08 00:57:29] (8s) Inferred that flow::CorrectedFlow::Flow::Stage2::getNodeTyp/1#b67c9409/2@450b43vr is empty, due to flow::CorrectedFlow::Stage1::Stage1::revFlow/1#ab0991ad/1@2065afi7.
[2026-10-08 00:57:29] (8s) Inferred that flow::CorrectedFlow::Stage1::localStepNodeCand1/6#04446285/6@5b27fevp is empty, due to flow::CorrectedFlow::Stage1::Stage1::revFlow/1#ab0991ad/1@2065afi7.
[2026-10-08 00:57:29] (8s) Inferred that flow::CorrectedFlow::Stage1::viableParamArgNodeCand1/3#482191d8/3@dbdc08p7 is empty, due to flow::CorrectedFlow::Stage1::Stage1::revFlow/1#ab0991ad/1@2065afi7.
[2026-10-08 00:57:29] (8s) Inferred that flow::CorrectedFlow::Stage1::Stage1::returnFlowCallableNodeCand/2#b7b379c7/2@67ad960v is empty, due to flow::CorrectedFlow::Stage1::Stage1::throughFlowNodeCand/1#4977b046/1@dca322ld.
[2026-10-08 00:57:29] (8s) Inferred that flow::CorrectedFlow::Stage1::Stage1::returnMayFlowThrough/2#a5556bc7/2@b4959arr is empty, due to flow::CorrectedFlow::Stage1::Stage1::throughFlowNodeCand/1#4977b046/1@dca322ld.
[2026-10-08 00:57:29] (8s) Inferred that project#flow::CorrectedFlow::Flow::S6Graph::PathNodeImpl.getAnImplicitReadSuccessorAtSink/1#dispred#4dba172c/2@173540s5 is empty, due to flow::CorrectedFlow::Flow::S6Graph::PathNodeImpl.getAnImplicitReadSuccessorAtSink/1#dispred#4dba172c/3@0d0d1xjg.
[2026-10-08 00:57:29] (8s) Inferred that flow::CorrectedFlow::Flow::Stage2::fwdFlow0/7#14fe6353/7@d3e23wde is empty, due to flow::CorrectedFlow::Flow::Stage2::getNodeTyp/1#b67c9409/2@450b43vr.
[2026-10-08 00:57:29] (8s) Inferred that flow::CorrectedFlow::Flow::Stage2::fwdFlowInNoFlowThrough/6#d5402428/6@d3e23yde is empty, due to flow::CorrectedFlow::Flow::Stage2::getNodeTyp/1#b67c9409/2@450b43vr.
[2026-10-08 00:57:29] (8s) Inferred that flow::CorrectedFlow::Flow::Stage2::fwdFlowIntoRet/6#71300197/6@d3e230we is empty, due to flow::CorrectedFlow::Flow::Stage2::getNodeTyp/1#b67c9409/2@450b43vr.
[2026-10-08 00:57:29] (8s) Inferred that flow::CorrectedFlow::Flow::Stage2::fwdFlow/6#884654c8#reorder_2_0_1_3_4_5/6@d3e231we is empty, due to flow::CorrectedFlow::Flow::Stage2::getNodeTyp/1#b67c9409/2@450b43vr.
[2026-10-08 00:57:29] (8s) Inferred that flow::CorrectedFlow::Flow::Stage2::fwdFlowIntoArg/8#a5ac90ec#reorder_2_0_1_3_4_5_6_7/8@d3e23cwe is empty, due to flow::CorrectedFlow::Flow::Stage2::getNodeTyp/1#b67c9409/2@450b43vr.
[2026-10-08 00:57:29] (8s) Inferred that flow::CorrectedFlow::Flow::Stage2::fwdFlow1/7#27dfd93e/7@d3e23fwe is empty, due to flow::CorrectedFlow::Flow::Stage2::getNodeTyp/1#b67c9409/2@450b43vr.
[2026-10-08 00:57:29] (8s) Inferred that flow::CorrectedFlow::Flow::Stage2::fwdFlowJump/4#705a7932/4@d3e23nwe is empty, due to flow::CorrectedFlow::Flow::Stage2::getNodeTyp/1#b67c9409/2@450b43vr.
[2026-10-08 00:57:29] (8s) Inferred that flow::CorrectedFlow::Flow::Stage2Param::localStep/6#3146581b#cpe#1236#ffbf/4@f9ac0fc9 is empty, due to flow::CorrectedFlow::Stage1::localStepNodeCand1/6#04446285/6@5b27fevp.
[2026-10-08 00:57:29] (8s) Inferred that flow::CorrectedFlow::Stage1::localStepNodeCand1/6#04446285_201#join_rhs/3@1a22e6ch is empty, due to flow::CorrectedFlow::Stage1::localStepNodeCand1/6#04446285/6@5b27fevp.
[2026-10-08 00:57:29] (8s) Inferred that flow::CorrectedFlow::Stage1::localStepNodeCand1/6#04446285_041235#join_rhs/6@f01387ij is empty, due to flow::CorrectedFlow::Stage1::localStepNodeCand1/6#04446285/6@5b27fevp.
[2026-10-08 00:57:29] (8s) Inferred that flow::CorrectedFlow::Flow::Stage2::LocalFlowBigStep<flow::CorrectedFlow::Stage1::localStepNodeCand1>::localFlowStepPlus/6#47dc65b0/6@e6ec9wr0 is empty, due to flow::CorrectedFlow::Stage1::localStepNodeCand1/6#04446285/6@5b27fevp.
[2026-10-08 00:57:29] (8s) Inferred that flow::CorrectedFlow::Stage1::flowIntoCallNodeCand1/3#76831d10/3@2caf29cf is empty, due to flow::CorrectedFlow::Stage1::viableParamArgNodeCand1/3#482191d8/3@dbdc08p7.
[2026-10-08 00:57:29] (8s) Inferred that flow::CorrectedFlow::Stage1::Stage1::parameterMayFlowThrough/2#4e274374/2@443edfio is empty, due to flow::CorrectedFlow::Stage1::Stage1::returnFlowCallableNodeCand/2#b7b379c7/2@67ad960v.
[2026-10-08 00:57:29] (8s) Inferred that project#flow::CorrectedFlow::Flow::Stage2::fwdFlowIntoRet/6#71300197/5@35918eu6 is empty, due to flow::CorrectedFlow::Flow::Stage2::fwdFlowIntoRet/6#71300197/6@d3e230we.
[2026-10-08 00:57:29] (8s) Inferred that project#flow::CorrectedFlow::Flow::Stage2::fwdFlow/6#884654c8/2@809e017a is empty, due to flow::CorrectedFlow::Flow::Stage2::fwdFlow/6#884654c8#reorder_2_0_1_3_4_5/6@d3e231we.
[2026-10-08 00:57:29] (8s) Inferred that project#flow::CorrectedFlow::Flow::Stage2::fwdFlow/6#884654c8#2/4@9d6399q0 is empty, due to flow::CorrectedFlow::Flow::Stage2::fwdFlow/6#884654c8#reorder_2_0_1_3_4_5/6@d3e231we.
[2026-10-08 00:57:29] (8s) Inferred that flow::CorrectedFlow::Flow::Stage2::fwdFlow/6#884654c8#reorder_2_0_1_3_4_5_410#join_rhs/3@148bba98 is empty, due to flow::CorrectedFlow::Flow::Stage2::fwdFlow/6#884654c8#reorder_2_0_1_3_4_5/6@d3e231we.
[2026-10-08 00:57:29] (8s) Inferred that project#flow::CorrectedFlow::Flow::Stage2::fwdFlowIntoArg/8#a5ac90ec/7@8cb89625 is empty, due to flow::CorrectedFlow::Flow::Stage2::fwdFlowIntoArg/8#a5ac90ec#reorder_2_0_1_3_4_5_6_7/8@d3e23cwe.
[2026-10-08 00:57:29] (8s) Inferred that project#flow::CorrectedFlow::Flow::Stage2::fwdFlow1/7#27dfd93e/5@ee8ac4sd is empty, due to flow::CorrectedFlow::Flow::Stage2::fwdFlow1/7#27dfd93e/7@d3e23fwe.
[2026-10-08 00:57:29] (8s) Inferred that flow::CorrectedFlow::Flow::Stage2Param::localStep/6#3146581b#cpe#1236#ffbf_201#join_rhs/3@0b485e4m is empty, due to flow::CorrectedFlow::Flow::Stage2Param::localStep/6#3146581b#cpe#1236#ffbf/4@f9ac0fc9.
[2026-10-08 00:57:29] (8s) Inferred that project#flow::CorrectedFlow::Stage1::localStepNodeCand1/6#04446285/2@005d6feu is empty, due to flow::CorrectedFlow::Stage1::localStepNodeCand1/6#04446285_201#join_rhs/3@1a22e6ch.
[2026-10-08 00:57:29] (8s) Inferred that project#flow::CorrectedFlow::Stage1::localStepNodeCand1/6#04446285#2/2@0568d2p2 is empty, due to flow::CorrectedFlow::Stage1::localStepNodeCand1/6#04446285_201#join_rhs/3@1a22e6ch.
[2026-10-08 00:57:29] (8s) Inferred that flow::CorrectedFlow::Flow::Stage2::LocalFlowBigStep<flow::CorrectedFlow::Stage1::localStepNodeCand1>::localFlowBigStep/6#235500d7/6@24ba7337 is empty, due to flow::CorrectedFlow::Flow::Stage2::LocalFlowBigStep<flow::CorrectedFlow::Stage1::localStepNodeCand1>::localFlowStepPlus/6#47dc65b0/6@e6ec9wr0.
[2026-10-08 00:57:29] (8s) Inferred that project#flow::CorrectedFlow::Stage1::flowIntoCallNodeCand1/3#76831d10/2@168231uj is empty, due to flow::CorrectedFlow::Stage1::flowIntoCallNodeCand1/3#76831d10/3@2caf29cf.
[2026-10-08 00:57:29] (8s) Inferred that flow::CorrectedFlow::Flow::Stage2::revFlowParamToReturn/4#6964ac50#reorder_1_2_0_3/4@0586a3w2 is empty, due to project#flow::CorrectedFlow::Flow::Stage2::fwdFlow/6#884654c8/2@809e017a.
[2026-10-08 00:57:29] (8s) Inferred that flow::CorrectedFlow::Flow::Stage2::flowIntoCallAp/5#6f063e3e/5@618d76cd is empty, due to project#flow::CorrectedFlow::Flow::Stage2::fwdFlow/6#884654c8/2@809e017a.
[2026-10-08 00:57:29] (8s) Inferred that flow::CorrectedFlow::Flow::Stage2::revFlow/4#240e5937#reorder_0_3_1_2/4@0586a2w2 is empty, due to project#flow::CorrectedFlow::Flow::Stage2::fwdFlow/6#884654c8/2@809e017a.
[2026-10-08 00:57:29] (8s) Inferred that flow::CorrectedFlow::Flow::Stage2::revFlowJump/2#2624ccd5/2@0586a5w2 is empty, due to project#flow::CorrectedFlow::Flow::Stage2::fwdFlow/6#884654c8/2@809e017a.
[2026-10-08 00:57:29] (8s) Inferred that project#flow::CorrectedFlow::Flow::Stage2::fwdFlow/6#884654c8#3/2@9d90559q is empty, due to flow::CorrectedFlow::Flow::Stage2::fwdFlow/6#884654c8#reorder_2_0_1_3_4_5_410#join_rhs/3@148bba98.
[2026-10-08 00:57:29] (8s) Inferred that flow::CorrectedFlow::Flow::Stage2::FwdTypeFlowInput::dataFlowTakenCallEdgeIn0/8#9803abf5/8@508513nj is empty, due to project#flow::CorrectedFlow::Flow::Stage2::fwdFlowIntoArg/8#a5ac90ec/7@8cb89625.
[2026-10-08 00:57:29] (8s) Inferred that flow::CorrectedFlow::Flow::Stage2::FwdTypeFlowInput::fwdFlow1Param/5#e8e714c3/5@12d59avk is empty, due to project#flow::CorrectedFlow::Flow::Stage2::fwdFlow1/7#27dfd93e/5@ee8ac4sd.
[2026-10-08 00:57:29] (8s) Inferred that project#flow::CorrectedFlow::Flow::Stage2Param::localStep/6#3146581b#cpe#1236#ffbf/2@b7a72fc4 is empty, due to flow::CorrectedFlow::Flow::Stage2Param::localStep/6#3146581b#cpe#1236#ffbf_201#join_rhs/3@0b485e4m.
[2026-10-08 00:57:29] (8s) Inferred that project#flow::CorrectedFlow::Flow::Stage2Param::localStep/6#3146581b#cpe#1236#ffbf#2/2@552361di is empty, due to flow::CorrectedFlow::Flow::Stage2Param::localStep/6#3146581b#cpe#1236#ffbf_201#join_rhs/3@0b485e4m.
[2026-10-08 00:57:29] (8s) Inferred that project#flow::CorrectedFlow::Stage1::localStepNodeCand1/6#04446285_10#join_rhs/2@ff5c41ou is empty, due to project#flow::CorrectedFlow::Stage1::localStepNodeCand1/6#04446285/2@005d6feu.
[2026-10-08 00:57:29] (8s) Inferred that project#flow::CorrectedFlow::Stage1::localStepNodeCand1/6#04446285#2_10#join_rhs/2@712289n6 is empty, due to project#flow::CorrectedFlow::Stage1::localStepNodeCand1/6#04446285#2/2@0568d2p2.
[2026-10-08 00:57:29] (8s) Inferred that flow::CorrectedFlow::Flow::Stage3Param::localStep/6#e8fb663f#cpe#1236#ffbf/4@cde3b276 is empty, due to flow::CorrectedFlow::Flow::Stage2::LocalFlowBigStep<flow::CorrectedFlow::Stage1::localStepNodeCand1>::localFlowBigStep/6#235500d7/6@24ba7337.
[2026-10-08 00:57:29] (8s) Inferred that flow::CorrectedFlow::Flow::Stage2::LocalFlowBigStep<flow::CorrectedFlow::Stage1::localStepNodeCand1>::localFlowBigStep/6#235500d7_201#join_rhs/3@70dd35hc is empty, due to flow::CorrectedFlow::Flow::Stage2::LocalFlowBigStep<flow::CorrectedFlow::Stage1::localStepNodeCand1>::localFlowBigStep/6#235500d7/6@24ba7337.
[2026-10-08 00:57:29] (8s) Inferred that flow::CorrectedFlow::Flow::Stage4Param::localStep/6#54fc5832/6@688936dl is empty, due to flow::CorrectedFlow::Flow::Stage2::LocalFlowBigStep<flow::CorrectedFlow::Stage1::localStepNodeCand1>::localFlowBigStep/6#235500d7/6@24ba7337.
[2026-10-08 00:57:29] (8s) Inferred that flow::CorrectedFlow::Flow::Stage4::LocalFlowBigStep<Stage3Param::localFlowBigStep>::localFlowBigStepTc/6#99f58a12/6@9f8f8cp4 is empty, due to flow::CorrectedFlow::Flow::Stage2::LocalFlowBigStep<flow::CorrectedFlow::Stage1::localStepNodeCand1>::localFlowBigStep/6#235500d7/6@24ba7337.
[2026-10-08 00:57:29] (8s) Inferred that _DataFlowImplCommon::NodeEx.getEnclosingCallable0/0#368b0963_project#flow::CorrectedFlow::Stage1::fl__#count_range/2@28a9e9qn is empty, due to project#flow::CorrectedFlow::Stage1::flowIntoCallNodeCand1/3#76831d10/2@168231uj.
[2026-10-08 00:57:29] (8s) Inferred that _DataFlowImplCommon::NodeEx.getEnclosingCallable0/0#368b0963_project#flow::CorrectedFlow::Stage1::fl__#count_range#1/2@bf7e06a2 is empty, due to project#flow::CorrectedFlow::Stage1::flowIntoCallNodeCand1/3#76831d10/2@168231uj.
[2026-10-08 00:57:29] (8s) Inferred that flow::CorrectedFlow::Flow::Stage2::RevTypeFlow::typeFlowValidEdgeOut/2#5554c59e/2@f0ce5bf0 is empty, due to flow::CorrectedFlow::Flow::Stage2::flowIntoCallAp/5#6f063e3e/5@618d76cd.
[2026-10-08 00:57:29] (8s) Inferred that flow::CorrectedFlow::Flow::Stage2::flowIntoCallAp/5#6f063e3e_34012#join_rhs/5@970a16fg is empty, due to flow::CorrectedFlow::Flow::Stage2::flowIntoCallAp/5#6f063e3e/5@618d76cd.
[2026-10-08 00:57:29] (8s) Inferred that flow::CorrectedFlow::Flow::Stage2::revFlow/4#240e5937#reorder_0_3_1_2_3021#join_rhs/4@a29099sp is empty, due to flow::CorrectedFlow::Flow::Stage2::revFlow/4#240e5937#reorder_0_3_1_2/4@0586a2w2.
[2026-10-08 00:57:29] (8s) Inferred that flow::CorrectedFlow::Flow::Stage2::revFlow/1#82ff6725/1@619d12tj is empty, due to flow::CorrectedFlow::Flow::Stage2::revFlow/4#240e5937#reorder_0_3_1_2/4@0586a2w2.
[2026-10-08 00:57:29] (8s) Inferred that project#flow::CorrectedFlow::Flow::Stage2::revFlow/4#240e5937/2@10d345cb is empty, due to flow::CorrectedFlow::Flow::Stage2::revFlow/4#240e5937#reorder_0_3_1_2/4@0586a2w2.
[2026-10-08 00:57:29] (8s) Inferred that flow::CorrectedFlow::Flow::Stage2::revFlow/4#240e5937#reorder_0_3_1_2_10#join_rhs/2@6d34560m is empty, due to flow::CorrectedFlow::Flow::Stage2::revFlow/4#240e5937#reorder_0_3_1_2/4@0586a2w2.
[2026-10-08 00:57:29] (8s) Inferred that flow::CorrectedFlow::Flow::Stage2::revFlow0/4#b1189491/4@0586aw72 is empty, due to project#flow::CorrectedFlow::Flow::Stage2::fwdFlow/6#884654c8#3/2@9d90559q.
[2026-10-08 00:57:29] (8s) Inferred that flow::CorrectedFlow::Flow::Stage2::revFlowIn/4#60fd1de9/4@0586ax72 is empty, due to project#flow::CorrectedFlow::Flow::Stage2::fwdFlow/6#884654c8#3/2@9d90559q.
[2026-10-08 00:57:29] (8s) Inferred that flow::CorrectedFlow::Flow::Stage2::FwdTypeFlowInput::dataFlowTakenCallEdgeIn/3#b13ff13e/3@b2772bor is empty, due to flow::CorrectedFlow::Flow::Stage2::FwdTypeFlowInput::dataFlowTakenCallEdgeIn0/8#9803abf5/8@508513nj.
[2026-10-08 00:57:29] (8s) Inferred that flow::CorrectedFlow::Flow::Stage3Param::localStep/6#e8fb663f#cpe#1236#ffbf_201#join_rhs/3@e5ce55e6 is empty, due to flow::CorrectedFlow::Flow::Stage3Param::localStep/6#e8fb663f#cpe#1236#ffbf/4@cde3b276.
[2026-10-08 00:57:29] (8s) Inferred that project#flow::CorrectedFlow::Flow::Stage2::LocalFlowBigStep<flow::CorrectedFlow::Stage1::localStepNodeCand1>::localFlowBigStep/6#235500d7/2@fe6646fb is empty, due to flow::CorrectedFlow::Flow::Stage2::LocalFlowBigStep<flow::CorrectedFlow::Stage1::localStepNodeCand1>::localFlowBigStep/6#235500d7_201#join_rhs/3@70dd35hc.
[2026-10-08 00:57:29] (8s) Inferred that project#flow::CorrectedFlow::Flow::Stage2::LocalFlowBigStep<flow::CorrectedFlow::Stage1::localStepNodeCand1>::localFlowBigStep/6#235500d7#2/2@b08c8a26 is empty, due to flow::CorrectedFlow::Flow::Stage2::LocalFlowBigStep<flow::CorrectedFlow::Stage1::localStepNodeCand1>::localFlowBigStep/6#235500d7_201#join_rhs/3@70dd35hc.
[2026-10-08 00:57:29] (8s) Inferred that flow::CorrectedFlow::Flow::Stage4Param::localStep/6#54fc5832_201345#join_rhs/6@aeceb486 is empty, due to flow::CorrectedFlow::Flow::Stage4Param::localStep/6#54fc5832/6@688936dl.
[2026-10-08 00:57:29] (8s) Inferred that flow::CorrectedFlow::Flow::Stage4::LocalFlowBigStep<Stage3Param::localFlowBigStep>::localFlowBigStepTc/6#99f58a12_201#join_rhs/3@2210058k is empty, due to flow::CorrectedFlow::Flow::Stage4::LocalFlowBigStep<Stage3Param::localFlowBigStep>::localFlowBigStepTc/6#99f58a12/6@9f8f8cp4.
[2026-10-08 00:57:29] (8s) Inferred that flow::CorrectedFlow::Flow::Stage4::LocalFlowBigStep<Stage3Param::localFlowBigStep>::localFlowBigStepTc/6#99f58a12_2013#join_rhs/4@aa55bbob is empty, due to flow::CorrectedFlow::Flow::Stage4::LocalFlowBigStep<Stage3Param::localFlowBigStep>::localFlowBigStepTc/6#99f58a12/6@9f8f8cp4.
[2026-10-08 00:57:29] (8s) Inferred that flow::CorrectedFlow::Flow::Stage5::LocalFlowBigStep<Stage4::LocalFlowBigStep<Stage3Param::localFlowBigStep>::localFlowBigStepTc>::localFlowBigStepTc/6#2d6ec3a7/6@405a2a1k is empty, due to flow::CorrectedFlow::Flow::Stage4::LocalFlowBigStep<Stage3Param::localFlowBigStep>::localFlowBigStepTc/6#99f58a12/6@9f8f8cp4.
[2026-10-08 00:57:29] (8s) Inferred that flow::CorrectedFlow::Stage1::branch/1#c124a957/2@77123b3a is empty, due to _DataFlowImplCommon::NodeEx.getEnclosingCallable0/0#368b0963_project#flow::CorrectedFlow::Stage1::fl__#count_range/2@28a9e9qn.
[2026-10-08 00:57:29] (8s) Inferred that flow::CorrectedFlow::Stage1::join/1#98c4e084/2@5869fa8f is empty, due to _DataFlowImplCommon::NodeEx.getEnclosingCallable0/0#368b0963_project#flow::CorrectedFlow::Stage1::fl__#count_range#1/2@bf7e06a2.
[2026-10-08 00:57:29] (8s) Inferred that flow::CorrectedFlow::Flow::Stage2::flowIntoCallApValid/5#163a6052/5@4a80c89e is empty, due to flow::CorrectedFlow::Flow::Stage2::RevTypeFlow::typeFlowValidEdgeOut/2#5554c59e/2@f0ce5bf0.
[2026-10-08 00:57:29] (8s) Inferred that flow::CorrectedFlow::Flow::Stage2::callEdgeArgParam/5#07bf5e9e/5@cbed7507 is empty, due to flow::CorrectedFlow::Flow::Stage2::flowIntoCallAp/5#6f063e3e_34012#join_rhs/5@970a16fg.
[2026-10-08 00:57:29] (8s) Inferred that flow::CorrectedFlow::Flow::Stage2::parameterFlowsThroughRev/4#851d2da1/4@60b1capl is empty, due to flow::CorrectedFlow::Flow::Stage2::revFlow/4#240e5937#reorder_0_3_1_2_3021#join_rhs/4@a29099sp.
[2026-10-08 00:57:29] (8s) Inferred that flow::CorrectedFlow::Flow::Stage3::getNodeTyp/1#8c78a456/2@f15a692j is empty, due to flow::CorrectedFlow::Flow::Stage2::revFlow/1#82ff6725/1@619d12tj.
[2026-10-08 00:57:29] (8s) Inferred that flow::CorrectedFlow::Flow::Stage2::LocalFlowBigStep<flow::CorrectedFlow::Stage1::localStepNodeCand1>::FlowCheckNode#d19a7725/1@0f78b2aa is empty, due to flow::CorrectedFlow::Flow::Stage2::revFlow/1#82ff6725/1@619d12tj.
[2026-10-08 00:57:29] (8s) Inferred that flow::CorrectedFlow::Flow::Stage2::LocalFlowBigStep<flow::CorrectedFlow::Stage1::localStepNodeCand1>::localFlowEntry/2#b9414450/2@3e5b5avr is empty, due to project#flow::CorrectedFlow::Flow::Stage2::revFlow/4#240e5937/2@10d345cb.
[2026-10-08 00:57:29] (8s) Inferred that flow::CorrectedFlow::Flow::Stage2::LocalFlowBigStep<flow::CorrectedFlow::Stage1::localStepNodeCand1>::localFlowExit/2#9d23b78f/2@07785b0h is empty, due to project#flow::CorrectedFlow::Flow::Stage2::revFlow/4#240e5937/2@10d345cb.
[2026-10-08 00:57:29] (8s) Inferred that flow::CorrectedFlow::Flow::Stage3::fwdFlow1/7#8dcc6c0b/7@bb66dy6a is empty, due to flow::CorrectedFlow::Flow::Stage3::getNodeTyp/1#8c78a456/2@f15a692j.
[2026-10-08 00:57:29] (8s) Inferred that flow::CorrectedFlow::Flow::Stage3::fwdFlowIntoRet/6#d0c65d28/6@bb66d5wa is empty, due to flow::CorrectedFlow::Flow::Stage3::getNodeTyp/1#8c78a456/2@f15a692j.
[2026-10-08 00:57:29] (8s) Inferred that flow::CorrectedFlow::Flow::Stage3::fwdFlow/6#2c401efd#reorder_2_0_1_3_4_5/6@bb66d6wa is empty, due to flow::CorrectedFlow::Flow::Stage3::getNodeTyp/1#8c78a456/2@f15a692j.
[2026-10-08 00:57:29] (8s) Inferred that flow::CorrectedFlow::Flow::Stage3::fwdFlowIntoArg/8#71c2969f#reorder_2_0_1_3_4_5_6_7/8@bb66diwa is empty, due to flow::CorrectedFlow::Flow::Stage3::getNodeTyp/1#8c78a456/2@f15a692j.
[2026-10-08 00:57:29] (8s) Inferred that flow::CorrectedFlow::Flow::Stage3::fwdFlowIntoArg/8#71c2969f#reorder_0_1_5_7_2_3_4_6/8@bb66djwa is empty, due to flow::CorrectedFlow::Flow::Stage3::getNodeTyp/1#8c78a456/2@f15a692j.
[2026-10-08 00:57:29] (8s) Inferred that flow::CorrectedFlow::Flow::Stage3::fwdFlowJump/4#c8140ecc/4@bb66dswa is empty, due to flow::CorrectedFlow::Flow::Stage3::getNodeTyp/1#8c78a456/2@f15a692j.
[2026-10-08 00:57:29] (8s) Inferred that project#flow::CorrectedFlow::Flow::Stage2::revFlow/4#240e5937#2/1@04e8921d is empty, due to flow::CorrectedFlow::Flow::Stage2::revFlow/4#240e5937#reorder_0_3_1_2_10#join_rhs/2@6d34560m.
[2026-10-08 00:57:29] (8s) Inferred that flow::CorrectedFlow::Flow::Stage2::RevTypeFlowInput::dataFlowTakenCallEdgeOut/2#2cd035c4/2@cb19a8o0 is empty, due to flow::CorrectedFlow::Flow::Stage2::revFlowIn/4#60fd1de9/4@0586ax72.
[2026-10-08 00:57:29] (8s) Inferred that flow::CorrectedFlow::Flow::Stage2::flowIntoCallTaken/5#034f1ad6/5@b0b9e29s is empty, due to flow::CorrectedFlow::Flow::Stage2::FwdTypeFlowInput::dataFlowTakenCallEdgeIn/3#b13ff13e/3@b2772bor.
[2026-10-08 00:57:29] (8s) Inferred that project#flow::CorrectedFlow::Flow::Stage3Param::localStep/6#e8fb663f#cpe#1236#ffbf/2@71ee7eba is empty, due to flow::CorrectedFlow::Flow::Stage3Param::localStep/6#e8fb663f#cpe#1236#ffbf_201#join_rhs/3@e5ce55e6.
[2026-10-08 00:57:29] (8s) Inferred that project#flow::CorrectedFlow::Flow::Stage3Param::localStep/6#e8fb663f#cpe#1236#ffbf#2/2@aabe508h is empty, due to flow::CorrectedFlow::Flow::Stage3Param::localStep/6#e8fb663f#cpe#1236#ffbf_201#join_rhs/3@e5ce55e6.
[2026-10-08 00:57:29] (8s) Inferred that project#flow::CorrectedFlow::Flow::Stage2::LocalFlowBigStep<flow::CorrectedFlow::Stage1::localStepNodeCand1>::localFlowBigStep/6#235500d7_10#join_rhs/2@d912c8a1 is empty, due to project#flow::CorrectedFlow::Flow::Stage2::LocalFlowBigStep<flow::CorrectedFlow::Stage1::localStepNodeCand1>::localFlowBigStep/6#235500d7/2@fe6646fb.
[2026-10-08 00:57:29] (8s) Inferred that project#flow::CorrectedFlow::Flow::Stage2::LocalFlowBigStep<flow::CorrectedFlow::Stage1::localStepNodeCand1>::localFlowBigStep/6#235500d7#2_10#join_rhs/2@1a181364 is empty, due to project#flow::CorrectedFlow::Flow::Stage2::LocalFlowBigStep<flow::CorrectedFlow::Stage1::localStepNodeCand1>::localFlowBigStep/6#235500d7#2/2@b08c8a26.
[2026-10-08 00:57:29] (8s) Inferred that project#flow::CorrectedFlow::Flow::Stage4Param::localStep/6#54fc5832/2@0f51d7qv is empty, due to flow::CorrectedFlow::Flow::Stage4Param::localStep/6#54fc5832_201345#join_rhs/6@aeceb486.
[2026-10-08 00:57:29] (8s) Inferred that _const_false_flow::CorrectedFlow::Flow::Stage4Param::localStep/6#54fc5832_201345#join_rhs#shared/4@d2e9f18a is empty, due to flow::CorrectedFlow::Flow::Stage4Param::localStep/6#54fc5832_201345#join_rhs/6@aeceb486.
[2026-10-08 00:57:29] (8s) Inferred that project#flow::CorrectedFlow::Flow::Stage4::LocalFlowBigStep<Stage3Param::localFlowBigStep>::localFlowBigStepTc/6#99f58a12/2@066aafm2 is empty, due to flow::CorrectedFlow::Flow::Stage4::LocalFlowBigStep<Stage3Param::localFlowBigStep>::localFlowBigStepTc/6#99f58a12_201#join_rhs/3@2210058k.
[2026-10-08 00:57:29] (8s) Inferred that project#flow::CorrectedFlow::Flow::Stage4::LocalFlowBigStep<Stage3Param::localFlowBigStep>::localFlowBigStepTc/6#99f58a12#4/2@74c8461k is empty, due to flow::CorrectedFlow::Flow::Stage4::LocalFlowBigStep<Stage3Param::localFlowBigStep>::localFlowBigStepTc/6#99f58a12_201#join_rhs/3@2210058k.
[2026-10-08 00:57:29] (8s) Inferred that project#flow::CorrectedFlow::Flow::Stage4::LocalFlowBigStep<Stage3Param::localFlowBigStep>::localFlowBigStepTc/6#99f58a12#2/3@4b0bd5qe is empty, due to flow::CorrectedFlow::Flow::Stage4::LocalFlowBigStep<Stage3Param::localFlowBigStep>::localFlowBigStepTc/6#99f58a12_2013#join_rhs/4@aa55bbob.
[2026-10-08 00:57:29] (8s) Inferred that flow::CorrectedFlow::Flow::Stage5::LocalFlowBigStep<Stage4::LocalFlowBigStep<Stage3Param::localFlowBigStep>::localFlowBigStepTc>::localFlowBigStepTc/6#2d6ec3a7_201#join_rhs/3@2c5f4dg8 is empty, due to flow::CorrectedFlow::Flow::Stage5::LocalFlowBigStep<Stage4::LocalFlowBigStep<Stage3Param::localFlowBigStep>::localFlowBigStepTc>::localFlowBigStepTc/6#2d6ec3a7/6@405a2a1k.
[2026-10-08 00:57:29] (8s) Inferred that flow::CorrectedFlow::Flow::Stage5::LocalFlowBigStep<Stage4::LocalFlowBigStep<Stage3Param::localFlowBigStep>::localFlowBigStepTc>::localFlowBigStepTc/6#2d6ec3a7_2013#join_rhs/4@25e4c9n9 is empty, due to flow::CorrectedFlow::Flow::Stage5::LocalFlowBigStep<Stage4::LocalFlowBigStep<Stage3Param::localFlowBigStep>::localFlowBigStepTc>::localFlowBigStepTc/6#2d6ec3a7/6@405a2a1k.
[2026-10-08 00:57:29] (8s) Inferred that flow::CorrectedFlow::Flow::Stage5::LocalFlowBigStep<Stage4::LocalFlowBigStep<Stage3Param::localFlowBigStep>::localFlowBigStepTc>::localFlowBigStepTc/6#2d6ec3a7_0215#join_rhs/4@83d71248 is empty, due to flow::CorrectedFlow::Flow::Stage5::LocalFlowBigStep<Stage4::LocalFlowBigStep<Stage3Param::localFlowBigStep>::localFlowBigStepTc>::localFlowBigStepTc/6#2d6ec3a7/6@405a2a1k.
[2026-10-08 00:57:29] (8s) Inferred that flow::CorrectedFlow::Flow::Stage5::LocalFlowBigStep<Stage4::LocalFlowBigStep<Stage3Param::localFlowBigStep>::localFlowBigStepTc>::localFlowBigStepTc/6#2d6ec3a7_02135#join_rhs/5@b63da1ta is empty, due to flow::CorrectedFlow::Flow::Stage5::LocalFlowBigStep<Stage4::LocalFlowBigStep<Stage3Param::localFlowBigStep>::localFlowBigStepTc>::localFlowBigStepTc/6#2d6ec3a7/6@405a2a1k.
[2026-10-08 00:57:29] (8s) Inferred that _flow::CorrectedFlow::Stage1::branch/1#c124a957_flow::CorrectedFlow::Stage1::flowIntoCallNodeCand1/3__#shared/4@e6ad805h is empty, due to flow::CorrectedFlow::Stage1::branch/1#c124a957/2@77123b3a.
[2026-10-08 00:57:29] (8s) Inferred that __flow::CorrectedFlow::Stage1::branch/1#c124a957_flow::CorrectedFlow::Stage1::flowIntoCallNodeCand1/__#antijoin_rhs/5@88367apu is empty, due to _flow::CorrectedFlow::Stage1::branch/1#c124a957_flow::CorrectedFlow::Stage1::flowIntoCallNodeCand1/3__#shared/4@e6ad805h.
[2026-10-08 00:57:29] (8s) Inferred that flow::CorrectedFlow::Stage1::flowIntoCallNodeCand1/4#0e833f4c/4@23eb8b8a is empty, due to _flow::CorrectedFlow::Stage1::branch/1#c124a957_flow::CorrectedFlow::Stage1::flowIntoCallNodeCand1/3__#shared/4@e6ad805h.
[2026-10-08 00:57:29] (8s) Inferred that flow::CorrectedFlow::Flow::Stage2::flowIntoCallApValid/5#163a6052_34012#join_rhs/5@32591420 is empty, due to flow::CorrectedFlow::Flow::Stage2::flowIntoCallApValid/5#163a6052/5@4a80c89e.
[2026-10-08 00:57:29] (8s) Inferred that flow::CorrectedFlow::Flow::Stage3::FwdFlowInNoThrough::callEdgeArgParamRestricted/5#c86eec0e/5@29c39e21 is empty, due to flow::CorrectedFlow::Flow::Stage2::callEdgeArgParam/5#07bf5e9e/5@cbed7507.
[2026-10-08 00:57:29] (8s) Inferred that project#flow::CorrectedFlow::Flow::Stage2::callEdgeArgParam/5#07bf5e9e/2@06dda8lv is empty, due to flow::CorrectedFlow::Flow::Stage2::callEdgeArgParam/5#07bf5e9e/5@cbed7507.
[2026-10-08 00:57:29] (8s) Inferred that project#flow::CorrectedFlow::Flow::Stage2::callEdgeArgParam/5#07bf5e9e#2/2@a66473br is empty, due to flow::CorrectedFlow::Flow::Stage2::callEdgeArgParam/5#07bf5e9e/5@cbed7507.
[2026-10-08 00:57:29] (8s) Inferred that flow::CorrectedFlow::Flow::Stage2::parameterFlowsThroughRev/4#851d2da1_2013#join_rhs/4@82011369 is empty, due to flow::CorrectedFlow::Flow::Stage2::parameterFlowsThroughRev/4#851d2da1/4@60b1capl.
[2026-10-08 00:57:29] (8s) Inferred that flow::CorrectedFlow::Flow::Stage3::FwdFlowInNoThrough::fwdFlowInValidEdgeTypeFlowEnabled/8#c977aac5#reorder_1_2_6_7_0_3_4_5/8@bb66dx6a is empty, due to flow::CorrectedFlow::Flow::Stage3::getNodeTyp/1#8c78a456/2@f15a692j.
[2026-10-08 00:57:29] (8s) Inferred that flow::CorrectedFlow::Flow::Stage3::FwdFlowInNoThrough::fwdFlowInCandTypeFlowEnabled/7#48030c39/7@bb66d1wa is empty, due to flow::CorrectedFlow::Flow::Stage3::getNodeTyp/1#8c78a456/2@f15a692j.
[2026-10-08 00:57:29] (8s) Inferred that flow::CorrectedFlow::Flow::Stage3::fwdFlowInNoFlowThrough/6#005d90a2/6@bb66d3wa is empty, due to flow::CorrectedFlow::Flow::Stage3::getNodeTyp/1#8c78a456/2@f15a692j.
[2026-10-08 00:57:29] (8s) Inferred that flow::CorrectedFlow::Flow::Stage3::fwdFlow0/7#27183907/7@bb66dlwa is empty, due to flow::CorrectedFlow::Flow::Stage3::getNodeTyp/1#8c78a456/2@f15a692j.
[2026-10-08 00:57:29] (8s) Inferred that project#flow::CorrectedFlow::Flow::Stage3::fwdFlow1/7#8dcc6c0b/5@4374e0ed is empty, due to flow::CorrectedFlow::Flow::Stage3::fwdFlow1/7#8dcc6c0b/7@bb66dy6a.
[2026-10-08 00:57:29] (8s) Inferred that project#flow::CorrectedFlow::Flow::Stage3::fwdFlowIntoRet/6#d0c65d28/5@0d2fc8a1 is empty, due to flow::CorrectedFlow::Flow::Stage3::fwdFlowIntoRet/6#d0c65d28/6@bb66d5wa.
[2026-10-08 00:57:29] (8s) Inferred that project#flow::CorrectedFlow::Flow::Stage3::fwdFlow/6#2c401efd/2@334f04ud is empty, due to flow::CorrectedFlow::Flow::Stage3::fwdFlow/6#2c401efd#reorder_2_0_1_3_4_5/6@bb66d6wa.
[2026-10-08 00:57:29] (8s) Inferred that project#flow::CorrectedFlow::Flow::Stage3::fwdFlow/6#2c401efd#2/4@d3ccfbv2 is empty, due to flow::CorrectedFlow::Flow::Stage3::fwdFlow/6#2c401efd#reorder_2_0_1_3_4_5/6@bb66d6wa.
[2026-10-08 00:57:29] (8s) Inferred that project#flow::CorrectedFlow::Flow::Stage3::fwdFlow/6#2c401efd#3/3@edbfbbt8 is empty, due to flow::CorrectedFlow::Flow::Stage3::fwdFlow/6#2c401efd#reorder_2_0_1_3_4_5/6@bb66d6wa.
[2026-10-08 00:57:29] (8s) Inferred that project#flow::CorrectedFlow::Flow::Stage3::fwdFlowIntoArg/8#71c2969f/7@73c3d69d is empty, due to flow::CorrectedFlow::Flow::Stage3::fwdFlowIntoArg/8#71c2969f#reorder_2_0_1_3_4_5_6_7/8@bb66diwa.
[2026-10-08 00:57:29] (8s) Inferred that flow::CorrectedFlow::Flow::Stage2::flowIntoCallTaken/5#034f1ad6_20134#join_rhs/5@b6dbf118 is empty, due to flow::CorrectedFlow::Flow::Stage2::flowIntoCallTaken/5#034f1ad6/5@b0b9e29s.
[2026-10-08 00:57:29] (8s) Inferred that project#flow::CorrectedFlow::Flow::Stage2::flowIntoCallTaken/5#034f1ad6/4@ad8d9dvu is empty, due to flow::CorrectedFlow::Flow::Stage2::flowIntoCallTaken/5#034f1ad6/5@b0b9e29s.
[2026-10-08 00:57:29] (8s) Inferred that project#flow::CorrectedFlow::Flow::Stage4Param::localStep/6#54fc5832_10#join_rhs/2@2de184od is empty, due to project#flow::CorrectedFlow::Flow::Stage4Param::localStep/6#54fc5832/2@0f51d7qv.
[2026-10-08 00:57:29] (8s) Inferred that project#flow::CorrectedFlow::Flow::Stage4Param::localStep/6#54fc5832#2/3@438c7dee is empty, due to _const_false_flow::CorrectedFlow::Flow::Stage4Param::localStep/6#54fc5832_201345#join_rhs#shared/4@d2e9f18a.
[2026-10-08 00:57:29] (8s) Inferred that project#flow::CorrectedFlow::Flow::Stage4Param::localStep/6#54fc5832#3/2@e0cc403s is empty, due to _const_false_flow::CorrectedFlow::Flow::Stage4Param::localStep/6#54fc5832_201345#join_rhs#shared/4@d2e9f18a.
[2026-10-08 00:57:29] (8s) Inferred that project#flow::CorrectedFlow::Flow::Stage4::LocalFlowBigStep<Stage3Param::localFlowBigStep>::localFlowBigStepTc/6#99f58a12_10#join_rhs/2@123f1308 is empty, due to project#flow::CorrectedFlow::Flow::Stage4::LocalFlowBigStep<Stage3Param::localFlowBigStep>::localFlowBigStepTc/6#99f58a12/2@066aafm2.
[2026-10-08 00:57:29] (8s) Inferred that project#flow::CorrectedFlow::Flow::Stage4::LocalFlowBigStep<Stage3Param::localFlowBigStep>::localFlowBigStepTc/6#99f58a12#4_10#join_rhs/2@360008a9 is empty, due to project#flow::CorrectedFlow::Flow::Stage4::LocalFlowBigStep<Stage3Param::localFlowBigStep>::localFlowBigStepTc/6#99f58a12#4/2@74c8461k.
[2026-10-08 00:57:29] (8s) Inferred that project#flow::CorrectedFlow::Flow::Stage5::LocalFlowBigStep<Stage4::LocalFlowBigStep<Stage3Param::localFlowBigStep>::localFlowBigStepTc>::localFlowBigStepTc/6#2d6ec3a7/2@dfc05fjd is empty, due to flow::CorrectedFlow::Flow::Stage5::LocalFlowBigStep<Stage4::LocalFlowBigStep<Stage3Param::localFlowBigStep>::localFlowBigStepTc>::localFlowBigStepTc/6#2d6ec3a7_201#join_rhs/3@2c5f4dg8.
[2026-10-08 00:57:29] (8s) Inferred that project#flow::CorrectedFlow::Flow::Stage5::LocalFlowBigStep<Stage4::LocalFlowBigStep<Stage3Param::localFlowBigStep>::localFlowBigStepTc>::localFlowBigStepTc/6#2d6ec3a7#4/2@f8123bi5 is empty, due to flow::CorrectedFlow::Flow::Stage5::LocalFlowBigStep<Stage4::LocalFlowBigStep<Stage3Param::localFlowBigStep>::localFlowBigStepTc>::localFlowBigStepTc/6#2d6ec3a7_201#join_rhs/3@2c5f4dg8.
[2026-10-08 00:57:29] (8s) Inferred that project#flow::CorrectedFlow::Flow::Stage5::LocalFlowBigStep<Stage4::LocalFlowBigStep<Stage3Param::localFlowBigStep>::localFlowBigStepTc>::localFlowBigStepTc/6#2d6ec3a7#2/3@ed4126a7 is empty, due to flow::CorrectedFlow::Flow::Stage5::LocalFlowBigStep<Stage4::LocalFlowBigStep<Stage3Param::localFlowBigStep>::localFlowBigStepTc>::localFlowBigStepTc/6#2d6ec3a7_2013#join_rhs/4@25e4c9n9.
[2026-10-08 00:57:29] (8s) Inferred that flow::CorrectedFlow::Stage1::Stage1::callEdgeArgParam/5#1399d736/5@4deaa7dr is empty, due to flow::CorrectedFlow::Stage1::flowIntoCallNodeCand1/4#0e833f4c/4@23eb8b8a.
[2026-10-08 00:57:29] (8s) Inferred that project#flow::CorrectedFlow::Flow::Stage3::FwdFlowInNoThrough::callEdgeArgParamRestricted/5#c86eec0e/2@60bdbas6 is empty, due to flow::CorrectedFlow::Flow::Stage3::FwdFlowInNoThrough::callEdgeArgParamRestricted/5#c86eec0e/5@29c39e21.
[2026-10-08 00:57:29] (8s) Inferred that project#flow::CorrectedFlow::Flow::Stage3::FwdFlowInNoThrough::callEdgeArgParamRestricted/5#c86eec0e#2/2@e3d195bp is empty, due to flow::CorrectedFlow::Flow::Stage3::FwdFlowInNoThrough::callEdgeArgParamRestricted/5#c86eec0e/5@29c39e21.
[2026-10-08 00:57:29] (8s) Inferred that flow::CorrectedFlow::Flow::Stage3::FwdFlowInNoThrough::callEdgeArgParamRestricted/5#c86eec0e_01243#join_rhs/5@d06bb9lu is empty, due to flow::CorrectedFlow::Flow::Stage3::FwdFlowInNoThrough::callEdgeArgParamRestricted/5#c86eec0e/5@29c39e21.
[2026-10-08 00:57:29] (8s) Inferred that flow::CorrectedFlow::Flow::Stage3::FwdFlowInNoThrough::callEdgeArgParamRestricted/5#c86eec0e_02413#join_rhs/5@b77c0f1o is empty, due to flow::CorrectedFlow::Flow::Stage3::FwdFlowInNoThrough::callEdgeArgParamRestricted/5#c86eec0e/5@29c39e21.
[2026-10-08 00:57:29] (8s) Inferred that flow::CorrectedFlow::Flow::Stage3::FwdTypeFlow::typeFlowValidEdgeIn/3#45a02812/3@9070b8t5 is empty, due to project#flow::CorrectedFlow::Flow::Stage2::callEdgeArgParam/5#07bf5e9e#2/2@a66473br.
[2026-10-08 00:57:29] (8s) Inferred that flow::CorrectedFlow::Flow::Stage3::FwdTypeFlowInput::fwdFlow1Param/5#8bb7caf0/5@8988f0d5 is empty, due to project#flow::CorrectedFlow::Flow::Stage3::fwdFlow1/7#8dcc6c0b/5@4374e0ed.
[2026-10-08 00:57:29] (8s) Inferred that flow::CorrectedFlow::Flow::Stage3::flowIntoCallAp/5#16596a23/5@984cbe15 is empty, due to project#flow::CorrectedFlow::Flow::Stage3::fwdFlow/6#2c401efd/2@334f04ud.
[2026-10-08 00:57:29] (8s) Inferred that flow::CorrectedFlow::Flow::Stage3::revFlow/4#7bb1e166#reorder_0_3_1_2/4@4fbd21ws is empty, due to project#flow::CorrectedFlow::Flow::Stage3::fwdFlow/6#2c401efd/2@334f04ud.
[2026-10-08 00:57:29] (8s) Inferred that flow::CorrectedFlow::Flow::Stage3::revFlowJump/2#a65e6f8e/2@4fbd25ws is empty, due to project#flow::CorrectedFlow::Flow::Stage3::fwdFlow/6#2c401efd/2@334f04ud.
[2026-10-08 00:57:29] (8s) Inferred that project#flow::CorrectedFlow::Flow::Stage3::fwdFlow/6#2c401efd#3_201#join_rhs/3@a8c333r5 is empty, due to project#flow::CorrectedFlow::Flow::Stage3::fwdFlow/6#2c401efd#3/3@edbfbbt8.
[2026-10-08 00:57:29] (8s) Inferred that flow::CorrectedFlow::Flow::Stage3::FwdTypeFlowInput::dataFlowTakenCallEdgeIn0/8#3ff2210a/8@56f6feco is empty, due to project#flow::CorrectedFlow::Flow::Stage3::fwdFlowIntoArg/8#71c2969f/7@73c3d69d.
[2026-10-08 00:57:29] (8s) Inferred that project#flow::CorrectedFlow::Flow::Stage2::flowIntoCallTaken/5#034f1ad6_2013#join_rhs/4@82517857 is empty, due to project#flow::CorrectedFlow::Flow::Stage2::flowIntoCallTaken/5#034f1ad6/4@ad8d9dvu.
[2026-10-08 00:57:29] (8s) Inferred that project#flow::CorrectedFlow::Flow::Stage4Param::localStep/6#54fc5832#3_10#join_rhs/2@73f3c99k is empty, due to project#flow::CorrectedFlow::Flow::Stage4Param::localStep/6#54fc5832#3/2@e0cc403s.
[2026-10-08 00:57:29] (8s) Inferred that project#flow::CorrectedFlow::Flow::Stage5::LocalFlowBigStep<Stage4::LocalFlowBigStep<Stage3Param::localFlowBigStep>::localFlowBigStepTc>::localFlowBigStepTc/6#2d6ec3a7_10#join_rhs/2@846b825q is empty, due to project#flow::CorrectedFlow::Flow::Stage5::LocalFlowBigStep<Stage4::LocalFlowBigStep<Stage3Param::localFlowBigStep>::localFlowBigStepTc>::localFlowBigStepTc/6#2d6ec3a7/2@dfc05fjd.
[2026-10-08 00:57:29] (8s) Inferred that project#flow::CorrectedFlow::Flow::Stage5::LocalFlowBigStep<Stage4::LocalFlowBigStep<Stage3Param::localFlowBigStep>::localFlowBigStepTc>::localFlowBigStepTc/6#2d6ec3a7#4_10#join_rhs/2@3960a1qj is empty, due to project#flow::CorrectedFlow::Flow::Stage5::LocalFlowBigStep<Stage4::LocalFlowBigStep<Stage3Param::localFlowBigStep>::localFlowBigStepTc>::localFlowBigStepTc/6#2d6ec3a7#4/2@f8123bi5.
[2026-10-08 00:57:29] (8s) Inferred that project#flow::CorrectedFlow::Stage1::Stage1::callEdgeArgParam/5#1399d736/2@093f19mc is empty, due to flow::CorrectedFlow::Stage1::Stage1::callEdgeArgParam/5#1399d736/5@4deaa7dr.
[2026-10-08 00:57:29] (8s) Inferred that flow::CorrectedFlow::Flow::Stage2::FwdFlowInNoThrough::callEdgeArgParamRestricted/5#46efa226/5@9edcd2sp is empty, due to flow::CorrectedFlow::Stage1::Stage1::callEdgeArgParam/5#1399d736/5@4deaa7dr.
[2026-10-08 00:57:29] (8s) Inferred that project#flow::CorrectedFlow::Flow::Stage3::FwdFlowInNoThrough::callEdgeArgParamRestricted/5#c86eec0e#2_10#join_rhs/2@922e23f7 is empty, due to project#flow::CorrectedFlow::Flow::Stage3::FwdFlowInNoThrough::callEdgeArgParamRestricted/5#c86eec0e#2/2@e3d195bp.
[2026-10-08 00:57:29] (8s) Inferred that flow::CorrectedFlow::Flow::Stage3::FwdTypeFlowInput::dataFlowTakenCallEdgeIn/3#316cc6b0/3@d4b81duc is empty, due to flow::CorrectedFlow::Flow::Stage3::FwdTypeFlowInput::dataFlowTakenCallEdgeIn0/8#3ff2210a/8@56f6feco.
[2026-10-08 00:57:29] (8s) Inferred that flow::CorrectedFlow::Flow::Stage3::RevTypeFlow::typeFlowValidEdgeOut/2#22fb45c0/2@858674s9 is empty, due to flow::CorrectedFlow::Flow::Stage3::flowIntoCallAp/5#16596a23/5@984cbe15.
[2026-10-08 00:57:29] (8s) Inferred that flow::CorrectedFlow::Flow::Stage3::callEdgeArgParam/5#9d5003ed/5@ae0acc4v is empty, due to flow::CorrectedFlow::Flow::Stage3::flowIntoCallAp/5#16596a23/5@984cbe15.
[2026-10-08 00:57:29] (8s) Inferred that flow::CorrectedFlow::Flow::Stage3::revFlow/4#7bb1e166#reorder_0_3_1_2_2031#join_rhs/4@fb118cjk is empty, due to flow::CorrectedFlow::Flow::Stage3::revFlow/4#7bb1e166#reorder_0_3_1_2/4@4fbd21ws.
[2026-10-08 00:57:29] (8s) Inferred that flow::CorrectedFlow::Flow::Stage3::revFlow/1#d1863a60/1@29863102 is empty, due to flow::CorrectedFlow::Flow::Stage3::revFlow/4#7bb1e166#reorder_0_3_1_2/4@4fbd21ws.
[2026-10-08 00:57:29] (8s) Inferred that project#flow::CorrectedFlow::Flow::Stage3::revFlow/4#7bb1e166/2@fa23a0n2 is empty, due to flow::CorrectedFlow::Flow::Stage3::revFlow/4#7bb1e166#reorder_0_3_1_2/4@4fbd21ws.
[2026-10-08 00:57:29] (8s) Inferred that flow::CorrectedFlow::Flow::Stage3::revFlow0/4#b1ae7c3e/4@4fbd2yos is empty, due to project#flow::CorrectedFlow::Flow::Stage3::fwdFlow/6#2c401efd#3_201#join_rhs/3@a8c333r5.
[2026-10-08 00:57:29] (8s) Inferred that flow::CorrectedFlow::Flow::Stage3::revFlowIn/4#c664b0f0/4@4fbd20ws is empty, due to project#flow::CorrectedFlow::Flow::Stage3::fwdFlow/6#2c401efd#3_201#join_rhs/3@a8c333r5.
[2026-10-08 00:57:29] (8s) Inferred that flow::CorrectedFlow::Flow::Stage2::FwdTypeFlow::typeFlowValidEdgeIn/3#d400f4e8/3@09080511 is empty, due to project#flow::CorrectedFlow::Stage1::Stage1::callEdgeArgParam/5#1399d736/2@093f19mc.
[2026-10-08 00:57:29] (8s) Inferred that project#flow::CorrectedFlow::Flow::Stage2::FwdFlowInNoThrough::callEdgeArgParamRestricted/5#46efa226/2@c67a51rf is empty, due to flow::CorrectedFlow::Flow::Stage2::FwdFlowInNoThrough::callEdgeArgParamRestricted/5#46efa226/5@9edcd2sp.
[2026-10-08 00:57:29] (8s) Inferred that project#flow::CorrectedFlow::Flow::Stage2::FwdFlowInNoThrough::callEdgeArgParamRestricted/5#46efa226#2/2@12ec0d89 is empty, due to flow::CorrectedFlow::Flow::Stage2::FwdFlowInNoThrough::callEdgeArgParamRestricted/5#46efa226/5@9edcd2sp.
[2026-10-08 00:57:29] (8s) Inferred that flow::CorrectedFlow::Flow::Stage2::FwdFlowInNoThrough::callEdgeArgParamRestricted/5#46efa226_01243#join_rhs/5@4d5994a2 is empty, due to flow::CorrectedFlow::Flow::Stage2::FwdFlowInNoThrough::callEdgeArgParamRestricted/5#46efa226/5@9edcd2sp.
[2026-10-08 00:57:29] (8s) Inferred that flow::CorrectedFlow::Flow::Stage3::flowIntoCallTaken/5#c0423ceb/5@6eb6f4ap is empty, due to flow::CorrectedFlow::Flow::Stage3::FwdTypeFlowInput::dataFlowTakenCallEdgeIn/3#316cc6b0/3@d4b81duc.
[2026-10-08 00:57:29] (8s) Inferred that flow::CorrectedFlow::Flow::Stage3::flowIntoCallApValid/5#7cf7e931/5@e341cani is empty, due to flow::CorrectedFlow::Flow::Stage3::RevTypeFlow::typeFlowValidEdgeOut/2#22fb45c0/2@858674s9.
[2026-10-08 00:57:29] (8s) Inferred that flow::CorrectedFlow::Flow::Stage4::FwdFlowInNoThrough::callEdgeArgParamRestricted/5#364c1fd2/5@9afabajh is empty, due to flow::CorrectedFlow::Flow::Stage3::callEdgeArgParam/5#9d5003ed/5@ae0acc4v.
[2026-10-08 00:57:29] (8s) Inferred that project#flow::CorrectedFlow::Flow::Stage3::callEdgeArgParam/5#9d5003ed/2@31a783md is empty, due to flow::CorrectedFlow::Flow::Stage3::callEdgeArgParam/5#9d5003ed/5@ae0acc4v.
[2026-10-08 00:57:29] (8s) Inferred that flow::CorrectedFlow::Flow::Stage3::parameterFlowsThroughRev/4#43f6717f/4@178714ol is empty, due to flow::CorrectedFlow::Flow::Stage3::revFlow/4#7bb1e166#reorder_0_3_1_2_2031#join_rhs/4@fb118cjk.
[2026-10-08 00:57:29] (8s) Inferred that flow::CorrectedFlow::Flow::Stage4::getNodeTyp/1#7764127e/2@1fb46emv is empty, due to flow::CorrectedFlow::Flow::Stage3::revFlow/1#d1863a60/1@29863102.
[2026-10-08 00:57:29] (8s) Inferred that flow::CorrectedFlow::Flow::Stage4Param::clearSet/2#71f8da54/2@4c713c3m is empty, due to flow::CorrectedFlow::Flow::Stage3::revFlow/1#d1863a60/1@29863102.
[2026-10-08 00:57:29] (8s) Inferred that flow::CorrectedFlow::Flow::Stage4::fwdFlow1/7#f855ff24/7@056e11w0 is empty, due to flow::CorrectedFlow::Flow::Stage4::getNodeTyp/1#7764127e/2@1fb46emv.
[2026-10-08 00:57:29] (8s) Inferred that flow::CorrectedFlow::Flow::Stage4::fwdFlowIntoRet/6#3d8cea8f/6@056e16w0 is empty, due to flow::CorrectedFlow::Flow::Stage4::getNodeTyp/1#7764127e/2@1fb46emv.
[2026-10-08 00:57:29] (8s) Inferred that flow::CorrectedFlow::Flow::Stage4::fwdFlow/6#53993fd1#reorder_1_2_0_3_4_5/6@056e18w0 is empty, due to flow::CorrectedFlow::Flow::Stage4::getNodeTyp/1#7764127e/2@1fb46emv.
[2026-10-08 00:57:29] (8s) Inferred that flow::CorrectedFlow::Flow::Stage4::fwdFlowIntoArg/8#5007af51#reorder_2_0_1_3_4_5_6_7/8@056e1iw0 is empty, due to flow::CorrectedFlow::Flow::Stage4::getNodeTyp/1#7764127e/2@1fb46emv.
[2026-10-08 00:57:29] (8s) Inferred that flow::CorrectedFlow::Flow::Stage4::fwdFlowIntoArg/8#5007af51#reorder_0_1_5_7_2_3_4_6/8@056e1jw0 is empty, due to flow::CorrectedFlow::Flow::Stage4::getNodeTyp/1#7764127e/2@1fb46emv.
[2026-10-08 00:57:29] (8s) Inferred that flow::CorrectedFlow::Flow::Stage4::fwdFlowJump/4#57925abe/4@056e1sw0 is empty, due to flow::CorrectedFlow::Flow::Stage4::getNodeTyp/1#7764127e/2@1fb46emv.
[2026-10-08 00:57:29] (8s) Inferred that flow::CorrectedFlow::Flow::Stage3::RevTypeFlowInput::dataFlowTakenCallEdgeOut/2#87ecd052/2@f3a07eh2 is empty, due to flow::CorrectedFlow::Flow::Stage3::revFlowIn/4#c664b0f0/4@4fbd20ws.
[2026-10-08 00:57:29] (8s) Inferred that flow::CorrectedFlow::Flow::Stage2::FwdFlowInNoThrough::fwdFlowInValidEdgeTypeFlowDisabled/4#8bbe59ed/4@3ee24eno is empty, due to flow::CorrectedFlow::Flow::Stage2::FwdTypeFlow::typeFlowValidEdgeIn/3#d400f4e8/3@09080511.
[2026-10-08 00:57:29] (8s) Inferred that project#flow::CorrectedFlow::Flow::Stage2::FwdFlowInNoThrough::callEdgeArgParamRestricted/5#46efa226_10#join_rhs/2@715c7dd1 is empty, due to project#flow::CorrectedFlow::Flow::Stage2::FwdFlowInNoThrough::callEdgeArgParamRestricted/5#46efa226/2@c67a51rf.
[2026-10-08 00:57:29] (8s) Inferred that project#flow::CorrectedFlow::Flow::Stage3::flowIntoCallTaken/5#c0423ceb/4@92c6e7kr is empty, due to flow::CorrectedFlow::Flow::Stage3::flowIntoCallTaken/5#c0423ceb/5@6eb6f4ap.
[2026-10-08 00:57:29] (8s) Inferred that flow::CorrectedFlow::Flow::Stage3::flowIntoCallApValid/5#7cf7e931_34012#join_rhs/5@25f9f8jt is empty, due to flow::CorrectedFlow::Flow::Stage3::flowIntoCallApValid/5#7cf7e931/5@e341cani.
[2026-10-08 00:57:29] (8s) Inferred that project#flow::CorrectedFlow::Flow::Stage4::FwdFlowInNoThrough::callEdgeArgParamRestricted/5#364c1fd2/2@926305qo is empty, due to flow::CorrectedFlow::Flow::Stage4::FwdFlowInNoThrough::callEdgeArgParamRestricted/5#364c1fd2/5@9afabajh.
[2026-10-08 00:57:29] (8s) Inferred that flow::CorrectedFlow::Flow::Stage4::FwdFlowInNoThrough::callEdgeArgParamRestricted/5#364c1fd2_02413#join_rhs/5@8d7f97of is empty, due to flow::CorrectedFlow::Flow::Stage4::FwdFlowInNoThrough::callEdgeArgParamRestricted/5#364c1fd2/5@9afabajh.
[2026-10-08 00:57:29] (8s) Inferred that flow::CorrectedFlow::Flow::Stage4::FwdTypeFlow::typeFlowValidEdgeIn/3#bc032591/3@4792b37k is empty, due to project#flow::CorrectedFlow::Flow::Stage3::callEdgeArgParam/5#9d5003ed/2@31a783md.
[2026-10-08 00:57:29] (8s) Inferred that project#flow::CorrectedFlow::Flow::Stage3::parameterFlowsThroughRev/4#43f6717f/3@889bfbme is empty, due to flow::CorrectedFlow::Flow::Stage3::parameterFlowsThroughRev/4#43f6717f/4@178714ol.
[2026-10-08 00:57:29] (8s) Inferred that flow::CorrectedFlow::Flow::Stage3::parameterFlowsThroughRev/4#43f6717f_2013#join_rhs/4@1dc8f8eq is empty, due to flow::CorrectedFlow::Flow::Stage3::parameterFlowsThroughRev/4#43f6717f/4@178714ol.
[2026-10-08 00:57:29] (8s) Inferred that flow::CorrectedFlow::Flow::Stage4::FwdFlowInNoThrough::fwdFlowInValidEdgeTypeFlowEnabled/8#7034a062#reorder_1_2_6_7_0_3_4_5/8@056e1x00 is empty, due to flow::CorrectedFlow::Flow::Stage4::getNodeTyp/1#7764127e/2@1fb46emv.
[2026-10-08 00:57:29] (8s) Inferred that flow::CorrectedFlow::Flow::Stage4::FwdFlowInNoThrough::fwdFlowInCandTypeFlowEnabled/7#ce8047cd/7@056e1z00 is empty, due to flow::CorrectedFlow::Flow::Stage4::getNodeTyp/1#7764127e/2@1fb46emv.
[2026-10-08 00:57:29] (8s) Inferred that flow::CorrectedFlow::Flow::Stage4::fwdFlow0/7#d8971cc2/7@056e10w0 is empty, due to flow::CorrectedFlow::Flow::Stage4::getNodeTyp/1#7764127e/2@1fb46emv.
[2026-10-08 00:57:29] (8s) Inferred that flow::CorrectedFlow::Flow::Stage4::fwdFlowInNoFlowThrough/6#ebf60a3f/6@056e15w0 is empty, due to flow::CorrectedFlow::Flow::Stage4::getNodeTyp/1#7764127e/2@1fb46emv.
[2026-10-08 00:57:29] (8s) Inferred that flow::CorrectedFlow::Flow::Stage4Param::clearSet/2#71f8da54_10#join_rhs/2@5f59ccag is empty, due to flow::CorrectedFlow::Flow::Stage4Param::clearSet/2#71f8da54/2@4c713c3m.
[2026-10-08 00:57:29] (8s) Inferred that project#flow::CorrectedFlow::Flow::Stage4::fwdFlow1/7#f855ff24/5@98c5eejl is empty, due to flow::CorrectedFlow::Flow::Stage4::fwdFlow1/7#f855ff24/7@056e11w0.
[2026-10-08 00:57:29] (8s) Inferred that flow::CorrectedFlow::Flow::Stage4::fwdFlow1/7#f855ff24_1023456#join_rhs/7@7c6abbmi is empty, due to flow::CorrectedFlow::Flow::Stage4::fwdFlow1/7#f855ff24/7@056e11w0.
[2026-10-08 00:57:29] (8s) Inferred that project#flow::CorrectedFlow::Flow::Stage4::fwdFlowIntoRet/6#3d8cea8f/5@82a2d785 is empty, due to flow::CorrectedFlow::Flow::Stage4::fwdFlowIntoRet/6#3d8cea8f/6@056e16w0.
[2026-10-08 00:57:29] (8s) Inferred that project#flow::CorrectedFlow::Flow::Stage4::fwdFlow/6#53993fd1/2@6d45a4al is empty, due to flow::CorrectedFlow::Flow::Stage4::fwdFlow/6#53993fd1#reorder_1_2_0_3_4_5/6@056e18w0.
[2026-10-08 00:57:29] (8s) Inferred that project#flow::CorrectedFlow::Flow::Stage4::fwdFlow/6#53993fd1#2/4@090da4on is empty, due to flow::CorrectedFlow::Flow::Stage4::fwdFlow/6#53993fd1#reorder_1_2_0_3_4_5/6@056e18w0.
[2026-10-08 00:57:29] (8s) Inferred that project#flow::CorrectedFlow::Flow::Stage4::fwdFlow/6#53993fd1#3/3@0c3ef46s is empty, due to flow::CorrectedFlow::Flow::Stage4::fwdFlow/6#53993fd1#reorder_1_2_0_3_4_5/6@056e18w0.
[2026-10-08 00:57:29] (8s) Inferred that project#flow::CorrectedFlow::Flow::Stage4::fwdFlowIntoArg/8#5007af51/7@d09cfel4 is empty, due to flow::CorrectedFlow::Flow::Stage4::fwdFlowIntoArg/8#5007af51#reorder_2_0_1_3_4_5_6_7/8@056e1iw0.
[2026-10-08 00:57:29] (8s) Inferred that flow::CorrectedFlow::Flow::Stage2::FwdFlowInNoThrough::fwdFlowInValidEdgeTypeFlowDisabled/4#8bbe59ed_0132#join_rhs/4@0ce5bepm is empty, due to flow::CorrectedFlow::Flow::Stage2::FwdFlowInNoThrough::fwdFlowInValidEdgeTypeFlowDisabled/4#8bbe59ed/4@3ee24eno.
[2026-10-08 00:57:29] (8s) Inferred that flow::CorrectedFlow::Flow::Stage2::FwdFlowInNoThrough::fwdFlowInValidEdgeTypeFlowDisabled/4#8bbe59ed_0312#join_rhs/4@1fd17djn is empty, due to flow::CorrectedFlow::Flow::Stage2::FwdFlowInNoThrough::fwdFlowInValidEdgeTypeFlowDisabled/4#8bbe59ed/4@3ee24eno.
[2026-10-08 00:57:29] (8s) Inferred that project#flow::CorrectedFlow::Flow::Stage3::flowIntoCallTaken/5#c0423ceb_2013#join_rhs/4@4d6febv0 is empty, due to project#flow::CorrectedFlow::Flow::Stage3::flowIntoCallTaken/5#c0423ceb/4@92c6e7kr.
[2026-10-08 00:57:29] (8s) Inferred that project#flow::CorrectedFlow::Flow::Stage4::FwdFlowInNoThrough::callEdgeArgParamRestricted/5#364c1fd2_10#join_rhs/2@0618575q is empty, due to project#flow::CorrectedFlow::Flow::Stage4::FwdFlowInNoThrough::callEdgeArgParamRestricted/5#364c1fd2/2@926305qo.
[2026-10-08 00:57:29] (8s) Inferred that flow::CorrectedFlow::Flow::Stage4::FwdTypeFlowInput::dataFlowTakenCallEdgeIn0/8#da2f9c35/8@87e5e7s9 is empty, due to project#flow::CorrectedFlow::Flow::Stage4::fwdFlowIntoArg/8#5007af51/7@d09cfel4.
[2026-10-08 00:57:29] (8s) Query done
[2026-10-08 00:57:29] (8s) Sequence stamp origin is -5859822137417033398
[2026-10-08 00:57:29] (8s) Pausing evaluation to sync to disk at sequence stamp o+0
[2026-10-08 00:57:29] (8s) Will trim disk cache to check for obsolete items before writing 527.05kiB (currently using 12.50MiB).
[2026-10-08 00:57:30] (8s) After trimming, disk cache uses 12.50MiB.
[2026-10-08 00:57:30] (8s) Unpausing evaluation
[2026-10-08 00:57:30] Evaluation of /Users/dave/.codex/worktrees/844d/dataflowbench/execution-state/v090-resume-20261007-05/execution/matrix/adapters/codeql/swift-normal-v1/queries/native/flow.ql produced BQRS results.
[2026-10-08 00:57:30] [PROGRESS] execute queries> [1/1 eval 8.9s] Evaluation done; writing results to /Users/dave/.codex/worktrees/844d/dataflowbench/execution-state/v090-resume-20261007-05/execution/matrix/reports/raw/swift-common-v2/current108-v090-01/dfb-taint-swift-native-summary-negative/flow.bqrs.
[2026-10-08 00:57:30] [PROGRESS] execute queries> Shutting down query evaluator.
[2026-10-08 00:57:30] Pausing evaluation to close the cache at sequence stamp o+1
[2026-10-08 00:57:30] Doing closing disk-cache trim now.
[2026-10-08 00:57:30] After trimming, disk cache uses 12.63MiB.
[2026-10-08 00:57:30] Unpausing evaluation
[2026-10-08 00:57:30] Exiting with code 0
