.installation_root	0	e3b0c44298fc1c149afbf4c8996fb92427ae41e4649b934ca495991b7852b855
abap2cpg	487	ab1cb91e801e7968daa1e4e26dee1e1a4a363a8486df55dca73d4a60de178937
abap2cpg.bat	229	faaa9200df490692840fe82c26cf5e58f900423537f8c089fee839f51ba2df7d
bin/joern-cli	10129	f0c4cb6ed520eaf6f79b79ec68f73a133758bea5c43fcc56ca7304e0f4bb3706
bin/joern-cli.bat	5573	bee756e399979f79aa345660420532de1c937619b3279f9cac24fd5a5c4dd75b
bin/joern-export	10158	70617c4acccade65452ff5562966780ee8e7cd3fe0d4e6cec9b4f571a9dd377b
bin/joern-export.bat	5602	4007a54adbb3ecd8a59a29b4e7f959bee10fc06812868180535dbd0e56fe8c0d
bin/joern-flow	10156	77954f5fe8767a8b27bbf5ac0c60c5d84258eb8287a4094ba22d9c11e296faec
bin/joern-flow.bat	5600	b93d458329f97f5b8326fc46a3a3a5451157749a5acfec284cd3e1f068eda3ba
bin/joern-parse	10157	09cffbd63342f1dd954905266080b8430057d4bd1a0ab9a7cf6e75f9307a2ff0
bin/joern-parse.bat	5601	8b9240d14f61d0ea2084850569e658175035a65e34bc1ee1073a91c3c22821d3
bin/joern-scan	10156	d160d88efd893c9d39eee1dff05b66f6883d0bd06ebb7c5fa10e2f936728865d
bin/joern-scan.bat	5600	5bc77dc815eb2af1cb316dcd53e99ca2cc26322b93915d1857e02dd7492081fa
bin/joern-slice	10157	b2343bf23394ee810b56f11e83a955a57bf02c43fe19d45f473be4820adf550d
bin/joern-slice.bat	5601	7300840ad9c48cea1194db88c68eff0567ca03da63aeaf10a815e7caff5fa113
bin/joern-vectors	10159	8369ada8b4c7fab09a91f721e72569a0235804861e73b77926c28cbc2c0e7dfa
bin/joern-vectors.bat	5603	476051a02bb6f1175fa2abab7ebf4e62f8b6076a9d4937050e3d85a4a4f2eb10
bin/repl-bridge	10165	4506312bb53bcc5eb9c93b982fda29cabe2777297ec30e4c65a006bb5759ecc7
bin/repl-bridge.bat	5609	d997903a5eaf7df9faef665a07ad27fac399cf4108e540d7081d73d3214a9f2b
c2cpg.bat	223	dcd31e4bb41969c4450b1ac3f4cc1d4d48f53df7d9060b05ad3aab21d69348d3
c2cpg.sh	486	7ae79dee9bb9dc918631f11854d71a0f3a50657e84e8740527c28bb9eae0514b
conf/log4j-ghidra.xml	439	0370f5b3f5b1be5a940c3462ab09c92825aff0fa460cc7d79d3aa0d219c5f4c4
conf/log4j2.xml	747	0e9979589d21531e5ca427a0c431de7ab216dadb5a071154906483f668dfde4f
csharpsrc2cpg	497	35708cea590a4a4c34bcfd389af2758b7fa7bd622bdf0e78b258bf00941f85ff
csharpsrc2cpg.bat	238	1e349c0b479c2de8f352b7004dbab1d046f6ea7fb477b413d934babfc54e5d1c
frontends/abap2cpg/bin/abap2cpg	9976	f947e606c27542989be51b4c477dad1feba4087c4a7f74ff0217e219473c5d13
frontends/abap2cpg/bin/abap2cpg.bat	5608	99673c9ce3a5a3645a124db4f30584def201353f0a3cacb113df3512269608fa
frontends/abap2cpg/bin/astgen/abapgen-macos-arm	72268336	7fb1775f006813e5fbc113ce916d4947253b6ef3b57c9b2702214fadce5a27a8
frontends/abap2cpg/bin/main	1370	06a8e8c7932d030a6b11f682268ab73da7a94ea353db2638c80cb42693e7f64c
frontends/abap2cpg/bin/main.bat	86	1ddd2c1520b407262835886920956ad774635b0af78046b26913f6ae43a17005
frontends/abap2cpg/lib/com.fasterxml.jackson.core.jackson-core-2.17.2.jar	581927	721a189241dab0525d9e858e5cb604d3ecc0ede081e2de77d6f34fa5779a5b46
frontends/abap2cpg/lib/com.github.luben.zstd-jni-1.5.7-11.jar	7569993	e45c18832293934924e4f2f1dd97ee2083a74def46caeeea1346cf817a37cea4
frontends/abap2cpg/lib/com.github.pathikrit.better-files_3-3.9.2.jar	321335	136c1770a63aa33b2710745bf7f8441cbbe0eeef0cab6b832bd0a46804158989
frontends/abap2cpg/lib/com.github.scopt.scopt_3-4.1.0.jar	171963	7cfb80743b761b3df8630a818265eb91fd93cd77b32ed5ebd6fba1bb7cff6a3f
frontends/abap2cpg/lib/com.github.tototoshi.scala-csv_3-2.0.0.jar	60826	8f8cf4ddc9665ec76ac3b51c641a215d8485830dd15f355369bc14f9ea95ca70
frontends/abap2cpg/lib/com.google.protobuf.protobuf-java-3.20.1.jar	1692592	dcbc32c81c8689c39e6672896258f76e660d781bb2526c6c069d5c91055ef153
frontends/abap2cpg/lib/com.h2database.h2-mvstore-1.4.200.jar	301338	961c5e4498d7046a85c1507263a0bac227930edeb28c92f8f929437114d46030
frontends/abap2cpg/lib/com.ibm.icu.icu4j-61.1.jar	12328871	55c98eb1838b2a4bb9a07dc36bd378532d64d0cdcb7ceee914236866a7de4464
frontends/abap2cpg/lib/com.lihaoyi.fansi_3-0.5.1.jar	105124	df4b447704664563cb0fba9cf52d3fc7509654ab592824d5c2eb4647e6701ac4
frontends/abap2cpg/lib/com.lihaoyi.geny_3-1.1.1.jar	102389	39658649f90b631a4fd63187724f16ba8a045e1b10a513528f34517fb2edf98b
frontends/abap2cpg/lib/com.lihaoyi.pprint_3-0.9.3.jar	162779	2c06448522447fc7fb5707f9c7d28151f5da50c078b0ed0895617b6789427bdb
frontends/abap2cpg/lib/com.lihaoyi.sourcecode_3-0.4.4.jar	115781	40cc148f8baab769de72892443476a05eed7471a9b5cd2cbc2a47bf22cad30d3
frontends/abap2cpg/lib/com.lihaoyi.ujson_3-4.1.0.jar	265322	6a6fc2c9c8643cedb0ebd02e957b4c50dc09d1aef6573ca1e15a8a424c4fa535
frontends/abap2cpg/lib/com.lihaoyi.upack_3-4.0.2.jar	139746	294b2cf0a4ba6a2803412f0b9a3dbbc2dc1dc420a48c3746d582c7f3f16a4181
frontends/abap2cpg/lib/com.lihaoyi.upickle-core_3-4.1.0.jar	353146	3d4dbd23edca088a83d722998472c1c5c27678bd01f13572c36627d7061cf596
frontends/abap2cpg/lib/com.lihaoyi.upickle-implicits_3-4.0.2.jar	288681	58bea28a70561054701074ca2f7fcc7a4b1abbe2ef7cb5017708e995b61d36ba
frontends/abap2cpg/lib/com.lihaoyi.upickle_3-4.0.2.jar	106552	b19a95c92c2d104ab2feb8ce68dacca1271adce6dcf90d8a40488af3f03dfdfd
frontends/abap2cpg/lib/com.michaelpollmeier.scala-repl-pp-shaded-libs_3-0.6.4.jar	1359117	f468f56871383b3060f5107f328c3cbadd656c159a52c757490b8784f7582d08
frontends/abap2cpg/lib/com.michaelpollmeier.scala-repl-pp_3.8.3-0.6.4.jar	338138	1a45099a3061e31072ba15591caa34361c02946e86f5b7041d06d9532b4bd41a
frontends/abap2cpg/lib/com.michaelpollmeier.versionsort-1.0.11.jar	1096	fe58e64378601e07cb95b8c4d75e5f6a8a991ede55c0653ddb1d8d3885d82146
frontends/abap2cpg/lib/com.thoughtworks.paranamer.paranamer-2.8.jar	34654	688cb118a6021d819138e855208c956031688be4b47a24bb615becc63acedf07
frontends/abap2cpg/lib/com.typesafe.config-1.4.3.jar	296029	8ada4c185ce72416712d63e0b5afdc5f009c0cdf405e5f26efecdf156aa5dfb6
frontends/abap2cpg/lib/commons-io.commons-io-2.22.0.jar	609182	2b9a7b1f726fb86216dbd2c8321eabe0221dbd5b1be81c18e1cb53811b104758
frontends/abap2cpg/lib/io.get-coursier.interface-1.0.28.jar	11106161	7592fe49c789b55429483185ac22ac6da43680a39c53b818c50bca0fb7dd6a78
frontends/abap2cpg/lib/io.joern.abap2cpg-4.0.628-launcher.jar	1342	c1594dc2126e20e213c621c3a3ca6703c9252b2ef8b17bd6e63f214f63553979
frontends/abap2cpg/lib/io.joern.abap2cpg-4.0.628.jar	234017	e0f68a17bf960c599f2abb3c44fdcd0c77634662f655a32ea1d22caa82ddb2df
frontends/abap2cpg/lib/io.joern.dataflowengineoss-4.0.628.jar	873785	e63635788249ef86d87bb75c9f37929ab2309fd557e7e147765b73dbd0ac077b
frontends/abap2cpg/lib/io.joern.flatgraph-core_3-0.1.34.jar	611916	c14dd8e8510f6762078005d747ae8b5e87047db74f94d51bfd18c158a9623699
frontends/abap2cpg/lib/io.joern.flatgraph-formats_3-0.1.34.jar	345490	017dc4cfd37b99131c8506ace929f1943e25c9f3c22d2947a0aa5d67792b09aa
frontends/abap2cpg/lib/io.joern.flatgraph-help_3-0.1.34.jar	35756	9b50d84a9959bbc739ae3d7a2d423c97f6b862705831ce04c9bcc6096450b596
frontends/abap2cpg/lib/io.joern.flatgraph-odb-convert_3-0.1.34.jar	45190	6cc159d5a4714b353ebb7325c3af1807cacaeaca18393ccbd1b1b5fd511ad966
frontends/abap2cpg/lib/io.joern.semanticcpg-4.0.628.jar	1270417	dafa3ed41664922943f901a86c479a954695fb8640ba36b3b486e2e886167cd4
frontends/abap2cpg/lib/io.joern.x2cpg-4.0.628.jar	1795717	5d40b6a1f045495b46337c4a05ed0cf7c6325b4e3d79350e241cf3d8f0c21654
frontends/abap2cpg/lib/io.shiftleft.codepropertygraph-domain-classes_3-1.7.74.jar	4733340	9c6c0865db78ce3d40c98c64c8d76cab935257cb213873902515664d17a80230
frontends/abap2cpg/lib/io.shiftleft.codepropertygraph-protos_3-1.7.74.jar	316819	7a1f931175bc205124b4949dbaab566eab7e54045ce5eaafd3e15c20be3e0fd4
frontends/abap2cpg/lib/io.shiftleft.codepropertygraph_3-1.7.74.jar	120707	d4982e3bf459da75e94fdd1389f4a85d49b0917912ea914cde11ce89a1bc2e45
frontends/abap2cpg/lib/io.shiftleft.overflowdb-core_3-1.194.jar	119891	aacc7f470528ccf44555e0a60cba54f601531b1b551d92cbdf2d6a0ee1899884
frontends/abap2cpg/lib/io.spray.spray-json_3-1.3.6.jar	368491	b92a3ad0ad4a39f1f59c94e8583d078a7335f744ae467812f9bf29f10b774fb7
frontends/abap2cpg/lib/net.oneandone.reflections8.reflections8-0.11.7.jar	145616	721477456f75acab46e1b737ca84627c9d531831e33b54303c6a5bd071bafc22
frontends/abap2cpg/lib/net.sf.trove4j.core-3.1.0.jar	2560395	e1fed4d718a86d27c5ebb427810550fa5c03260e350e41a85ef2c2db6eac0856
frontends/abap2cpg/lib/org.abego.treelayout.org.abego.treelayout.core-1.0.3.jar	26773	fa5e31395c39c2e7d46aca0f81f72060931607b2fa41bd36038eb2cb6fb93326
frontends/abap2cpg/lib/org.antlr.ST4-4.1.jar	253043	8b1ccaed9edc55cd255d9c19c4d8da4756d9b6fcb435671292b43470b16d75d8
frontends/abap2cpg/lib/org.antlr.antlr-runtime-3.5.2.jar	167761	ce3fc8ecb10f39e9a3cddcbb2ce350d272d9cd3d0b1e18e6fe73c3b9389c8734
frontends/abap2cpg/lib/org.antlr.antlr4-4.7.2.jar	1208785	a3811fad1e4cb6dde62c189c204cf931c5fa40e06e43839ead4a9f2e188f2fe5
frontends/abap2cpg/lib/org.antlr.antlr4-runtime-4.7.2.jar	337904	4c518b87d4bdff8b44cd8cbc1af816e944b62a3fe5b80b781501cf1f4759bbc4
frontends/abap2cpg/lib/org.apache.commons.commons-exec-1.4.0.jar	65863	f51cf8bee467efe2be76e46fc08078d96afa280a794283364291beda892a67ef
frontends/abap2cpg/lib/org.apache.commons.commons-lang3-3.17.0.jar	673587	6ee731df5c8e5a2976a1ca023b6bb320ea8d3539fbe64c8a1d5cb765127c33b4
frontends/abap2cpg/lib/org.apache.commons.commons-text-1.13.0.jar	257863	1e323a501127df78ed0987f345d69d65d0ea7fa3d4fb5b3f84aaeba3a8b20f38
frontends/abap2cpg/lib/org.apache.logging.log4j.log4j-api-2.20.0.jar	313296	2f43eea679ea66f14ca0f13fec2a8600ac124f5a5231dcb4df8393eddcb97550
frontends/abap2cpg/lib/org.apache.logging.log4j.log4j-core-2.20.0.jar	1847550	6137df848cdaed9f4d5076f75513c6c85da80b953f4e7acca38098b770763f55
frontends/abap2cpg/lib/org.apache.logging.log4j.log4j-slf4j2-impl-2.20.0.jar	26430	b8dd3e4ea9cffa18db5f301cd8c539158662e691efd4701aa87b4d09961bd8b0
frontends/abap2cpg/lib/org.apache.maven.maven-artifact-3.9.16.jar	58857	54cc1c1ef932e3d4a903352111b42b4d3c3ed8e7a1d0de73b625309d9c3ad3e8
frontends/abap2cpg/lib/org.codehaus.plexus.plexus-utils-3.6.1.jar	272101	05a63effd67e2d6b9d610cc82e2bd7473289d34802e57a529b28110f28af5679
frontends/abap2cpg/lib/org.glassfish.javax.json-1.0.4.jar	85147	0e1dec40a1ede965941251eda968aeee052cc4f50378bc316cc48e8159bdbeb4
frontends/abap2cpg/lib/org.javassist.javassist-3.22.0-GA.jar	739582	59531c00f3e3aa1ff48b3a8cf4ead47d203ab0e2fd9e0ad401f764e05947e252
frontends/abap2cpg/lib/org.jline.jline-native-3.29.0.jar	190157	19cfcc9d3c78a1c6cfe4c6c9599f16a657e4bf8da43940fc4b875373236dc258
frontends/abap2cpg/lib/org.jline.jline-reader-3.29.0.jar	184808	a4cb0a5fde9289f2f1b614e04f94b202f6ff5c9c96476425837b1184c92ef81d
frontends/abap2cpg/lib/org.jline.jline-terminal-3.29.0.jar	264973	fd68a98b32b1132035c62102e5df0b0fdc358e7c87a9f876ce7071450b4d10da
frontends/abap2cpg/lib/org.jline.jline-terminal-jni-3.29.0.jar	49066	13fef8bcc0e4788c8e192dc76c33758683c6bfdbaef6f67b41445eb8986773ad
frontends/abap2cpg/lib/org.json4s.json4s-ast_3-4.0.7.jar	706444	6140e538e53c2c55db445645a65ffe26f73577d0000f0890076b066ca55f2b25
frontends/abap2cpg/lib/org.json4s.json4s-core_3-4.0.7.jar	405716	bdb869db56d60c10a0760a98a3d53ecb632841fa8f1a5001e7c1a0d91877493a
frontends/abap2cpg/lib/org.json4s.json4s-native-core_3-4.0.7.jar	108350	d79432d86ab353840807cbcc8a7e9e48160efa67680db1fe26db6765b778362e
frontends/abap2cpg/lib/org.json4s.json4s-native_3-4.0.7.jar	13319	bd2222e623f020b6d036f1328b306f983365527d2d93eab7c205db223e5c09bf
frontends/abap2cpg/lib/org.json4s.json4s-scalap_3-4.0.7.jar	428143	dc2269e32e3d9cdd296151deb5f61d108d3d4fe99e220de5679dbaf6fb8e140a
frontends/abap2cpg/lib/org.msgpack.msgpack-core-0.9.1.jar	125098	183abb2b7c604a8b13d5f76af487ccddd003b6f0404aef52021dcb20a4358524
frontends/abap2cpg/lib/org.scala-lang.modules.scala-asm-9.9.0-scala-1.jar	323674	75ac366e8ecb691e06a7e85041eed0f67919a646e5262fa0901225698c104375
frontends/abap2cpg/lib/org.scala-lang.modules.scala-parallel-collections_3-1.0.4.jar	1293006	c3bf0d4d057942a78389fa9675823db5e3179f1b503f2df212b74e784da57050
frontends/abap2cpg/lib/org.scala-lang.modules.scala-xml_3-2.3.0.jar	740520	3220723238102107ab83182468e5dbe351b081a0601386710ef46c81a95d38d0
frontends/abap2cpg/lib/org.scala-lang.scala-library-3.8.3.jar	9184481	8b5164c4be2d7a86635966b419a08b393e58b3c7bc0cafb502e0f34248722b4e
frontends/abap2cpg/lib/org.scala-lang.scala3-compiler_3-3.8.3.jar	24620536	cd5e5aa54b610e37522deea19344a9d9614d5fbc9cf052de08a66ceb7c1a8974
frontends/abap2cpg/lib/org.scala-lang.scala3-interfaces-3.8.3.jar	3949	98bb43395ad33b65b7ea59ed3705fc14174b6179f4d21d561ae96ef97be563c0
frontends/abap2cpg/lib/org.scala-lang.scala3-library_3-3.8.3.jar	318	740c79f7fc3dae2c5eef48e85f777d679a1f0f53fdbb780bf84dea0370220a61
frontends/abap2cpg/lib/org.scala-lang.scala3-repl_3-3.8.3.jar	361901	d00e3ab80898f3f0b221535f251f51b21b9d4db50539e6ceec54183a13ae7a01
frontends/abap2cpg/lib/org.scala-lang.tasty-core_3-3.8.3.jar	97055	1c771f2416b4e455b269981a17c0804b237eed120c8807af808f192085c3e516
frontends/abap2cpg/lib/org.scala-sbt.compiler-interface-1.10.7.jar	113853	2bacc5761e03920a228e5c9d20b33d9c51d43aaf2f52e8f839ece630966eb880
frontends/abap2cpg/lib/org.scala-sbt.util-interface-1.10.7.jar	4371	1d6b91efa42b70fc064caed6d62962374e13b27737f885a87c84c667b30be625
frontends/abap2cpg/lib/org.slf4j.slf4j-api-2.0.17.jar	69908	7b751d952061954d5abfed7181c1f645d336091b679891591d63329c622eb832
frontends/abap2cpg/lib/org.virtuslab.using_directives-1.1.4.jar	53161	f905fd8fd0d50e76bcaca3a9ef631a49587159f14cd5cc405fd3ade97c72c555
frontends/c2cpg/bin/c2cpg	9970	3a8574caf7203eb9aeacf12a6c679784e224c234244674f8c2469cd570734f6b
frontends/c2cpg/bin/c2cpg.bat	5578	3d65a39f535a8540eb86316cd1970f30426696aae9a5c4c11bebb3f1e5fbb527
frontends/c2cpg/bin/c2cpg.sh	436	60ee8c3bedbfa08b418faa4bd773cf7d7ff4c3f9105bc001e67e533608d3cf43
frontends/c2cpg/bin/main	1364	cb08cae27587795cedca8cb58808c7639fb466221ba6c17b6dcad97f59404678
frontends/c2cpg/bin/main.bat	80	917527fe8becd54fb9e5387849365305ef2c18878fa921bc693e9601d9b2e717
frontends/c2cpg/lib/com.fasterxml.jackson.core.jackson-core-2.17.2.jar	581927	721a189241dab0525d9e858e5cb604d3ecc0ede081e2de77d6f34fa5779a5b46
frontends/c2cpg/lib/com.github.luben.zstd-jni-1.5.7-11.jar	7569993	e45c18832293934924e4f2f1dd97ee2083a74def46caeeea1346cf817a37cea4
frontends/c2cpg/lib/com.github.pathikrit.better-files_3-3.9.2.jar	321335	136c1770a63aa33b2710745bf7f8441cbbe0eeef0cab6b832bd0a46804158989
frontends/c2cpg/lib/com.github.scopt.scopt_3-4.1.0.jar	171963	7cfb80743b761b3df8630a818265eb91fd93cd77b32ed5ebd6fba1bb7cff6a3f
frontends/c2cpg/lib/com.github.tototoshi.scala-csv_3-2.0.0.jar	60826	8f8cf4ddc9665ec76ac3b51c641a215d8485830dd15f355369bc14f9ea95ca70
frontends/c2cpg/lib/com.google.protobuf.protobuf-java-3.20.1.jar	1692592	dcbc32c81c8689c39e6672896258f76e660d781bb2526c6c069d5c91055ef153
frontends/c2cpg/lib/com.h2database.h2-mvstore-1.4.200.jar	301338	961c5e4498d7046a85c1507263a0bac227930edeb28c92f8f929437114d46030
frontends/c2cpg/lib/com.lihaoyi.fansi_3-0.5.1.jar	105124	df4b447704664563cb0fba9cf52d3fc7509654ab592824d5c2eb4647e6701ac4
frontends/c2cpg/lib/com.lihaoyi.geny_3-1.1.1.jar	102389	39658649f90b631a4fd63187724f16ba8a045e1b10a513528f34517fb2edf98b
frontends/c2cpg/lib/com.lihaoyi.pprint_3-0.9.3.jar	162779	2c06448522447fc7fb5707f9c7d28151f5da50c078b0ed0895617b6789427bdb
frontends/c2cpg/lib/com.lihaoyi.sourcecode_3-0.4.4.jar	115781	40cc148f8baab769de72892443476a05eed7471a9b5cd2cbc2a47bf22cad30d3
frontends/c2cpg/lib/com.lihaoyi.ujson_3-4.1.0.jar	265322	6a6fc2c9c8643cedb0ebd02e957b4c50dc09d1aef6573ca1e15a8a424c4fa535
frontends/c2cpg/lib/com.lihaoyi.upack_3-4.0.2.jar	139746	294b2cf0a4ba6a2803412f0b9a3dbbc2dc1dc420a48c3746d582c7f3f16a4181
frontends/c2cpg/lib/com.lihaoyi.upickle-core_3-4.1.0.jar	353146	3d4dbd23edca088a83d722998472c1c5c27678bd01f13572c36627d7061cf596
frontends/c2cpg/lib/com.lihaoyi.upickle-implicits_3-4.0.2.jar	288681	58bea28a70561054701074ca2f7fcc7a4b1abbe2ef7cb5017708e995b61d36ba
frontends/c2cpg/lib/com.lihaoyi.upickle_3-4.0.2.jar	106552	b19a95c92c2d104ab2feb8ce68dacca1271adce6dcf90d8a40488af3f03dfdfd
frontends/c2cpg/lib/com.michaelpollmeier.scala-repl-pp-shaded-libs_3-0.6.4.jar	1359117	f468f56871383b3060f5107f328c3cbadd656c159a52c757490b8784f7582d08
frontends/c2cpg/lib/com.michaelpollmeier.scala-repl-pp_3.8.3-0.6.4.jar	338138	1a45099a3061e31072ba15591caa34361c02946e86f5b7041d06d9532b4bd41a
frontends/c2cpg/lib/com.michaelpollmeier.versionsort-1.0.11.jar	1096	fe58e64378601e07cb95b8c4d75e5f6a8a991ede55c0653ddb1d8d3885d82146
frontends/c2cpg/lib/com.thoughtworks.paranamer.paranamer-2.8.jar	34654	688cb118a6021d819138e855208c956031688be4b47a24bb615becc63acedf07
frontends/c2cpg/lib/com.typesafe.config-1.4.3.jar	296029	8ada4c185ce72416712d63e0b5afdc5f009c0cdf405e5f26efecdf156aa5dfb6
frontends/c2cpg/lib/commons-io.commons-io-2.22.0.jar	609182	2b9a7b1f726fb86216dbd2c8321eabe0221dbd5b1be81c18e1cb53811b104758
frontends/c2cpg/lib/io.get-coursier.interface-1.0.28.jar	11106161	7592fe49c789b55429483185ac22ac6da43680a39c53b818c50bca0fb7dd6a78
frontends/c2cpg/lib/io.joern.c2cpg-4.0.628-launcher.jar	1528	6506b36690752c173059f160fbc179daaf6cb4324c760362a9942f9263838980
frontends/c2cpg/lib/io.joern.c2cpg-4.0.628.jar	628968	09b821b8f9188fba968c929195be6aa7b84842261c7ca30a04dd3cf28657b432
frontends/c2cpg/lib/io.joern.eclipse-cdt-core-9.2.100.202507101054+1.jar	5881511	14f94a408d2e780378e7d4c9c431dd44f408d56704fd58a216c620abd5aed250
frontends/c2cpg/lib/io.joern.flatgraph-core_3-0.1.34.jar	611916	c14dd8e8510f6762078005d747ae8b5e87047db74f94d51bfd18c158a9623699
frontends/c2cpg/lib/io.joern.flatgraph-formats_3-0.1.34.jar	345490	017dc4cfd37b99131c8506ace929f1943e25c9f3c22d2947a0aa5d67792b09aa
frontends/c2cpg/lib/io.joern.flatgraph-help_3-0.1.34.jar	35756	9b50d84a9959bbc739ae3d7a2d423c97f6b862705831ce04c9bcc6096450b596
frontends/c2cpg/lib/io.joern.flatgraph-odb-convert_3-0.1.34.jar	45190	6cc159d5a4714b353ebb7325c3af1807cacaeaca18393ccbd1b1b5fd511ad966
frontends/c2cpg/lib/io.joern.semanticcpg-4.0.628.jar	1270417	dafa3ed41664922943f901a86c479a954695fb8640ba36b3b486e2e886167cd4
frontends/c2cpg/lib/io.joern.x2cpg-4.0.628.jar	1795717	5d40b6a1f045495b46337c4a05ed0cf7c6325b4e3d79350e241cf3d8f0c21654
frontends/c2cpg/lib/io.shiftleft.codepropertygraph-domain-classes_3-1.7.74.jar	4733340	9c6c0865db78ce3d40c98c64c8d76cab935257cb213873902515664d17a80230
frontends/c2cpg/lib/io.shiftleft.codepropertygraph-protos_3-1.7.74.jar	316819	7a1f931175bc205124b4949dbaab566eab7e54045ce5eaafd3e15c20be3e0fd4
frontends/c2cpg/lib/io.shiftleft.codepropertygraph_3-1.7.74.jar	120707	d4982e3bf459da75e94fdd1389f4a85d49b0917912ea914cde11ce89a1bc2e45
frontends/c2cpg/lib/io.shiftleft.overflowdb-core_3-1.194.jar	119891	aacc7f470528ccf44555e0a60cba54f601531b1b551d92cbdf2d6a0ee1899884
frontends/c2cpg/lib/io.spray.spray-json_3-1.3.6.jar	368491	b92a3ad0ad4a39f1f59c94e8583d078a7335f744ae467812f9bf29f10b774fb7
frontends/c2cpg/lib/net.java.dev.jna.jna-5.17.0.jar	2002589	b3a9408e7c51e08ef0e3bfcc08f443f6ec0f6191ba8cd7c18d53d2b22e5bdbc0
frontends/c2cpg/lib/net.java.dev.jna.jna-platform-5.17.0.jar	1378617	b7e3d46c87bad2eb409b0e704916bcd81206168e357312dfddd0e253679cd9e0
frontends/c2cpg/lib/net.oneandone.reflections8.reflections8-0.11.7.jar	145616	721477456f75acab46e1b737ca84627c9d531831e33b54303c6a5bd071bafc22
frontends/c2cpg/lib/net.sf.trove4j.core-3.1.0.jar	2560395	e1fed4d718a86d27c5ebb427810550fa5c03260e350e41a85ef2c2db6eac0856
frontends/c2cpg/lib/org.apache.commons.commons-exec-1.4.0.jar	65863	f51cf8bee467efe2be76e46fc08078d96afa280a794283364291beda892a67ef
frontends/c2cpg/lib/org.apache.commons.commons-lang3-3.17.0.jar	673587	6ee731df5c8e5a2976a1ca023b6bb320ea8d3539fbe64c8a1d5cb765127c33b4
frontends/c2cpg/lib/org.apache.commons.commons-text-1.13.0.jar	257863	1e323a501127df78ed0987f345d69d65d0ea7fa3d4fb5b3f84aaeba3a8b20f38
frontends/c2cpg/lib/org.apache.logging.log4j.log4j-api-2.19.0.jar	317566	5ccb24ad9f92e768d0bc456d3061a737951262df803e004d2cad096b75a88d60
frontends/c2cpg/lib/org.apache.logging.log4j.log4j-core-2.19.0.jar	1864386	b4a1796fab7bfc36df015c1b4052459147997e8d215a7199d71d05f9e747e4f4
frontends/c2cpg/lib/org.apache.logging.log4j.log4j-slf4j2-impl-2.19.0.jar	27721	825605eacb2d5605b105c53d4108c18125e0f82f62960d0be583278b9c524f3c
frontends/c2cpg/lib/org.apache.maven.maven-artifact-3.9.16.jar	58857	54cc1c1ef932e3d4a903352111b42b4d3c3ed8e7a1d0de73b625309d9c3ad3e8
frontends/c2cpg/lib/org.codehaus.plexus.plexus-utils-3.6.1.jar	272101	05a63effd67e2d6b9d610cc82e2bd7473289d34802e57a529b28110f28af5679
frontends/c2cpg/lib/org.eclipse.platform.org.eclipse.core.commands-3.12.400.jar	122116	d0838fc451335237203145ed5c08e7931236c351f0b86ee0bed418fe8b83fb1b
frontends/c2cpg/lib/org.eclipse.platform.org.eclipse.core.contenttype-3.9.700.jar	107931	5109ea9a787184f57ff829635b9dfd62d736c391d481e7eb28baa3d278fdc006
frontends/c2cpg/lib/org.eclipse.platform.org.eclipse.core.expressions-3.9.500.jar	99192	8444b5de90c9b4ab528c8ea5c341c7e872d0dbe8241ab79085551086d96e7c9e
frontends/c2cpg/lib/org.eclipse.platform.org.eclipse.core.filesystem-1.11.300.jar	79065	eb32494babae0a210662e161abcbc4df7057748e003326a156ea67783ca8acee
frontends/c2cpg/lib/org.eclipse.platform.org.eclipse.core.jobs-3.15.700.jar	120879	37015179a7b9b90d16cb92f4b1be6083a1a6dad25428fa8f6b89626f0cc2da79
frontends/c2cpg/lib/org.eclipse.platform.org.eclipse.core.resources-3.23.0.jar	961349	2e58abe00e35c99b85aaad8d738c2a8771036be2f4a22b65d90bc144a8067270
frontends/c2cpg/lib/org.eclipse.platform.org.eclipse.core.runtime-3.34.0.jar	83305	076b3bf915d3ce037b7877c87d17d1d2442135dd3e78c5f2ee610f5d88379301
frontends/c2cpg/lib/org.eclipse.platform.org.eclipse.equinox.app-1.7.500.jar	93221	19f2e3611347db6433a48a62187c9f6bd46886d0d56836697dafffe985ea93ef
frontends/c2cpg/lib/org.eclipse.platform.org.eclipse.equinox.common-3.20.200.jar	164829	9b8b5c8a342e7f5be5f95154e9faefae686f3987e776dce030f37bd847cd7f35
frontends/c2cpg/lib/org.eclipse.platform.org.eclipse.equinox.preferences-3.12.0.jar	130373	d4c9ea5c4cd808b97f15490bbbd7dd8f58c767c685b6d059194757e66d6eef35
frontends/c2cpg/lib/org.eclipse.platform.org.eclipse.equinox.registry-3.12.500.jar	206143	4e5effd37e3f6e2732a1e788c769f6ebb49d4ad60e9e5d91c57a24cffbc2fafe
frontends/c2cpg/lib/org.eclipse.platform.org.eclipse.osgi-3.23.200.jar	1609191	8d94058ead3f4651900166924a677c3beb6e996f072fabf385ffdd70510bc493
frontends/c2cpg/lib/org.eclipse.platform.org.eclipse.text-3.14.400.jar	360963	04845c661327f7005ed96033cf33822d4f60b01189bc3e9e864e512f57096213
frontends/c2cpg/lib/org.javassist.javassist-3.22.0-GA.jar	739582	59531c00f3e3aa1ff48b3a8cf4ead47d203ab0e2fd9e0ad401f764e05947e252
frontends/c2cpg/lib/org.jline.jline-native-3.29.0.jar	190157	19cfcc9d3c78a1c6cfe4c6c9599f16a657e4bf8da43940fc4b875373236dc258
frontends/c2cpg/lib/org.jline.jline-reader-3.29.0.jar	184808	a4cb0a5fde9289f2f1b614e04f94b202f6ff5c9c96476425837b1184c92ef81d
frontends/c2cpg/lib/org.jline.jline-terminal-3.29.0.jar	264973	fd68a98b32b1132035c62102e5df0b0fdc358e7c87a9f876ce7071450b4d10da
frontends/c2cpg/lib/org.jline.jline-terminal-jni-3.29.0.jar	49066	13fef8bcc0e4788c8e192dc76c33758683c6bfdbaef6f67b41445eb8986773ad
frontends/c2cpg/lib/org.json4s.json4s-ast_3-4.0.7.jar	706444	6140e538e53c2c55db445645a65ffe26f73577d0000f0890076b066ca55f2b25
frontends/c2cpg/lib/org.json4s.json4s-core_3-4.0.7.jar	405716	bdb869db56d60c10a0760a98a3d53ecb632841fa8f1a5001e7c1a0d91877493a
frontends/c2cpg/lib/org.json4s.json4s-native-core_3-4.0.7.jar	108350	d79432d86ab353840807cbcc8a7e9e48160efa67680db1fe26db6765b778362e
frontends/c2cpg/lib/org.json4s.json4s-native_3-4.0.7.jar	13319	bd2222e623f020b6d036f1328b306f983365527d2d93eab7c205db223e5c09bf
frontends/c2cpg/lib/org.json4s.json4s-scalap_3-4.0.7.jar	428143	dc2269e32e3d9cdd296151deb5f61d108d3d4fe99e220de5679dbaf6fb8e140a
frontends/c2cpg/lib/org.msgpack.msgpack-core-0.9.1.jar	125098	183abb2b7c604a8b13d5f76af487ccddd003b6f0404aef52021dcb20a4358524
frontends/c2cpg/lib/org.osgi.org.osgi.service.prefs-1.1.2.jar	20165	43c7c870710e363405d422da653cce0d798a4537f76e4930f79bceadd3a55345
frontends/c2cpg/lib/org.osgi.osgi.annotation-8.0.1.jar	36875	a0e8a4c362bd3600812f37b0ea45fba966c7bc049d01fed56a09ecc74082759e
frontends/c2cpg/lib/org.scala-lang.modules.scala-asm-9.9.0-scala-1.jar	323674	75ac366e8ecb691e06a7e85041eed0f67919a646e5262fa0901225698c104375
frontends/c2cpg/lib/org.scala-lang.modules.scala-parallel-collections_3-1.0.4.jar	1293006	c3bf0d4d057942a78389fa9675823db5e3179f1b503f2df212b74e784da57050
frontends/c2cpg/lib/org.scala-lang.modules.scala-xml_3-2.3.0.jar	740520	3220723238102107ab83182468e5dbe351b081a0601386710ef46c81a95d38d0
frontends/c2cpg/lib/org.scala-lang.scala-library-3.8.3.jar	9184481	8b5164c4be2d7a86635966b419a08b393e58b3c7bc0cafb502e0f34248722b4e
frontends/c2cpg/lib/org.scala-lang.scala3-compiler_3-3.8.3.jar	24620536	cd5e5aa54b610e37522deea19344a9d9614d5fbc9cf052de08a66ceb7c1a8974
frontends/c2cpg/lib/org.scala-lang.scala3-interfaces-3.8.3.jar	3949	98bb43395ad33b65b7ea59ed3705fc14174b6179f4d21d561ae96ef97be563c0
frontends/c2cpg/lib/org.scala-lang.scala3-library_3-3.8.3.jar	318	740c79f7fc3dae2c5eef48e85f777d679a1f0f53fdbb780bf84dea0370220a61
frontends/c2cpg/lib/org.scala-lang.scala3-repl_3-3.8.3.jar	361901	d00e3ab80898f3f0b221535f251f51b21b9d4db50539e6ceec54183a13ae7a01
frontends/c2cpg/lib/org.scala-lang.tasty-core_3-3.8.3.jar	97055	1c771f2416b4e455b269981a17c0804b237eed120c8807af808f192085c3e516
frontends/c2cpg/lib/org.scala-sbt.compiler-interface-1.10.7.jar	113853	2bacc5761e03920a228e5c9d20b33d9c51d43aaf2f52e8f839ece630966eb880
frontends/c2cpg/lib/org.scala-sbt.util-interface-1.10.7.jar	4371	1d6b91efa42b70fc064caed6d62962374e13b27737f885a87c84c667b30be625
frontends/c2cpg/lib/org.slf4j.slf4j-api-2.0.17.jar	69908	7b751d952061954d5abfed7181c1f645d336091b679891591d63329c622eb832
frontends/c2cpg/lib/org.virtuslab.using_directives-1.1.4.jar	53161	f905fd8fd0d50e76bcaca3a9ef631a49587159f14cd5cc405fd3ade97c72c555
frontends/csharpsrc2cpg/bin/astgen/dotnetastgen-macos	60808109	1e7c14c427146f109fbda4398fd661cfcf196e9082776f53f340d13840b5049d
frontends/csharpsrc2cpg/bin/csharpsrc2cpg	9986	7b713f534566173e2e822c3e4acdd41bf88caed0cfdcb456852d5a457792695b
frontends/csharpsrc2cpg/bin/csharpsrc2cpg.bat	5658	99f2d12377e87443f5a9bb286af68cd47f42b4318381c8562e2d654b1169286d
frontends/csharpsrc2cpg/bin/csharpsrc2cpg.sh	444	e9694918e5ecb95c16f985ddc8676e1c19db6435d81021b913b335c96a1ff6d8
frontends/csharpsrc2cpg/bin/main	1380	79f5ce9f1a0a546464dad4e2deabfcb25e477fedfc4a21ab6125f6b8e975823a
frontends/csharpsrc2cpg/bin/main.bat	96	e870323d3f5b58c3817ea309e64f0ac3406e4aa41cb61f2cc7e5a7d98c0750ff
frontends/csharpsrc2cpg/lib/com.fasterxml.jackson.core.jackson-core-2.17.2.jar	581927	721a189241dab0525d9e858e5cb604d3ecc0ede081e2de77d6f34fa5779a5b46
frontends/csharpsrc2cpg/lib/com.github.luben.zstd-jni-1.5.7-11.jar	7569993	e45c18832293934924e4f2f1dd97ee2083a74def46caeeea1346cf817a37cea4
frontends/csharpsrc2cpg/lib/com.github.pathikrit.better-files_3-3.9.2.jar	321335	136c1770a63aa33b2710745bf7f8441cbbe0eeef0cab6b832bd0a46804158989
frontends/csharpsrc2cpg/lib/com.github.scopt.scopt_3-4.1.0.jar	171963	7cfb80743b761b3df8630a818265eb91fd93cd77b32ed5ebd6fba1bb7cff6a3f
frontends/csharpsrc2cpg/lib/com.github.tototoshi.scala-csv_3-2.0.0.jar	60826	8f8cf4ddc9665ec76ac3b51c641a215d8485830dd15f355369bc14f9ea95ca70
frontends/csharpsrc2cpg/lib/com.google.protobuf.protobuf-java-3.20.1.jar	1692592	dcbc32c81c8689c39e6672896258f76e660d781bb2526c6c069d5c91055ef153
frontends/csharpsrc2cpg/lib/com.h2database.h2-mvstore-1.4.200.jar	301338	961c5e4498d7046a85c1507263a0bac227930edeb28c92f8f929437114d46030
frontends/csharpsrc2cpg/lib/com.lihaoyi.fansi_3-0.5.1.jar	105124	df4b447704664563cb0fba9cf52d3fc7509654ab592824d5c2eb4647e6701ac4
frontends/csharpsrc2cpg/lib/com.lihaoyi.geny_3-1.1.1.jar	102389	39658649f90b631a4fd63187724f16ba8a045e1b10a513528f34517fb2edf98b
frontends/csharpsrc2cpg/lib/com.lihaoyi.pprint_3-0.9.3.jar	162779	2c06448522447fc7fb5707f9c7d28151f5da50c078b0ed0895617b6789427bdb
frontends/csharpsrc2cpg/lib/com.lihaoyi.sourcecode_3-0.4.4.jar	115781	40cc148f8baab769de72892443476a05eed7471a9b5cd2cbc2a47bf22cad30d3
frontends/csharpsrc2cpg/lib/com.lihaoyi.ujson_3-4.1.0.jar	265322	6a6fc2c9c8643cedb0ebd02e957b4c50dc09d1aef6573ca1e15a8a424c4fa535
frontends/csharpsrc2cpg/lib/com.lihaoyi.upack_3-4.0.2.jar	139746	294b2cf0a4ba6a2803412f0b9a3dbbc2dc1dc420a48c3746d582c7f3f16a4181
frontends/csharpsrc2cpg/lib/com.lihaoyi.upickle-core_3-4.1.0.jar	353146	3d4dbd23edca088a83d722998472c1c5c27678bd01f13572c36627d7061cf596
frontends/csharpsrc2cpg/lib/com.lihaoyi.upickle-implicits_3-4.0.2.jar	288681	58bea28a70561054701074ca2f7fcc7a4b1abbe2ef7cb5017708e995b61d36ba
frontends/csharpsrc2cpg/lib/com.lihaoyi.upickle_3-4.0.2.jar	106552	b19a95c92c2d104ab2feb8ce68dacca1271adce6dcf90d8a40488af3f03dfdfd
frontends/csharpsrc2cpg/lib/com.michaelpollmeier.scala-repl-pp-shaded-libs_3-0.6.4.jar	1359117	f468f56871383b3060f5107f328c3cbadd656c159a52c757490b8784f7582d08
frontends/csharpsrc2cpg/lib/com.michaelpollmeier.scala-repl-pp_3.8.3-0.6.4.jar	338138	1a45099a3061e31072ba15591caa34361c02946e86f5b7041d06d9532b4bd41a
frontends/csharpsrc2cpg/lib/com.michaelpollmeier.versionsort-1.0.11.jar	1096	fe58e64378601e07cb95b8c4d75e5f6a8a991ede55c0653ddb1d8d3885d82146
frontends/csharpsrc2cpg/lib/com.thoughtworks.paranamer.paranamer-2.8.jar	34654	688cb118a6021d819138e855208c956031688be4b47a24bb615becc63acedf07
frontends/csharpsrc2cpg/lib/com.typesafe.config-1.4.3.jar	296029	8ada4c185ce72416712d63e0b5afdc5f009c0cdf405e5f26efecdf156aa5dfb6
frontends/csharpsrc2cpg/lib/commons-io.commons-io-2.22.0.jar	609182	2b9a7b1f726fb86216dbd2c8321eabe0221dbd5b1be81c18e1cb53811b104758
frontends/csharpsrc2cpg/lib/io.get-coursier.interface-1.0.28.jar	11106161	7592fe49c789b55429483185ac22ac6da43680a39c53b818c50bca0fb7dd6a78
frontends/csharpsrc2cpg/lib/io.joern.csharpsrc2cpg-4.0.628-launcher.jar	1230	87ba0e8b8803de3cf426f46b8c744548b728414e34b46f75284798a41985fbc5
frontends/csharpsrc2cpg/lib/io.joern.csharpsrc2cpg-4.0.628.jar	1502463	a6e2c1fd923fb3de6beff7479754ae283bfb559f76615a8ee0e7750c3b32175f
frontends/csharpsrc2cpg/lib/io.joern.flatgraph-core_3-0.1.34.jar	611916	c14dd8e8510f6762078005d747ae8b5e87047db74f94d51bfd18c158a9623699
frontends/csharpsrc2cpg/lib/io.joern.flatgraph-formats_3-0.1.34.jar	345490	017dc4cfd37b99131c8506ace929f1943e25c9f3c22d2947a0aa5d67792b09aa
frontends/csharpsrc2cpg/lib/io.joern.flatgraph-help_3-0.1.34.jar	35756	9b50d84a9959bbc739ae3d7a2d423c97f6b862705831ce04c9bcc6096450b596
frontends/csharpsrc2cpg/lib/io.joern.flatgraph-odb-convert_3-0.1.34.jar	45190	6cc159d5a4714b353ebb7325c3af1807cacaeaca18393ccbd1b1b5fd511ad966
frontends/csharpsrc2cpg/lib/io.joern.semanticcpg-4.0.628.jar	1270417	dafa3ed41664922943f901a86c479a954695fb8640ba36b3b486e2e886167cd4
frontends/csharpsrc2cpg/lib/io.joern.x2cpg-4.0.628.jar	1795717	5d40b6a1f045495b46337c4a05ed0cf7c6325b4e3d79350e241cf3d8f0c21654
frontends/csharpsrc2cpg/lib/io.shiftleft.codepropertygraph-domain-classes_3-1.7.74.jar	4733340	9c6c0865db78ce3d40c98c64c8d76cab935257cb213873902515664d17a80230
frontends/csharpsrc2cpg/lib/io.shiftleft.codepropertygraph-protos_3-1.7.74.jar	316819	7a1f931175bc205124b4949dbaab566eab7e54045ce5eaafd3e15c20be3e0fd4
frontends/csharpsrc2cpg/lib/io.shiftleft.codepropertygraph_3-1.7.74.jar	120707	d4982e3bf459da75e94fdd1389f4a85d49b0917912ea914cde11ce89a1bc2e45
frontends/csharpsrc2cpg/lib/io.shiftleft.overflowdb-core_3-1.194.jar	119891	aacc7f470528ccf44555e0a60cba54f601531b1b551d92cbdf2d6a0ee1899884
frontends/csharpsrc2cpg/lib/io.spray.spray-json_3-1.3.6.jar	368491	b92a3ad0ad4a39f1f59c94e8583d078a7335f744ae467812f9bf29f10b774fb7
frontends/csharpsrc2cpg/lib/net.oneandone.reflections8.reflections8-0.11.7.jar	145616	721477456f75acab46e1b737ca84627c9d531831e33b54303c6a5bd071bafc22
frontends/csharpsrc2cpg/lib/net.sf.trove4j.core-3.1.0.jar	2560395	e1fed4d718a86d27c5ebb427810550fa5c03260e350e41a85ef2c2db6eac0856
frontends/csharpsrc2cpg/lib/org.apache.commons.commons-exec-1.4.0.jar	65863	f51cf8bee467efe2be76e46fc08078d96afa280a794283364291beda892a67ef
frontends/csharpsrc2cpg/lib/org.apache.commons.commons-lang3-3.17.0.jar	673587	6ee731df5c8e5a2976a1ca023b6bb320ea8d3539fbe64c8a1d5cb765127c33b4
frontends/csharpsrc2cpg/lib/org.apache.commons.commons-text-1.13.0.jar	257863	1e323a501127df78ed0987f345d69d65d0ea7fa3d4fb5b3f84aaeba3a8b20f38
frontends/csharpsrc2cpg/lib/org.apache.logging.log4j.log4j-api-2.20.0.jar	313296	2f43eea679ea66f14ca0f13fec2a8600ac124f5a5231dcb4df8393eddcb97550
frontends/csharpsrc2cpg/lib/org.apache.logging.log4j.log4j-core-2.20.0.jar	1847550	6137df848cdaed9f4d5076f75513c6c85da80b953f4e7acca38098b770763f55
frontends/csharpsrc2cpg/lib/org.apache.logging.log4j.log4j-slf4j2-impl-2.20.0.jar	26430	b8dd3e4ea9cffa18db5f301cd8c539158662e691efd4701aa87b4d09961bd8b0
frontends/csharpsrc2cpg/lib/org.apache.maven.maven-artifact-3.9.16.jar	58857	54cc1c1ef932e3d4a903352111b42b4d3c3ed8e7a1d0de73b625309d9c3ad3e8
frontends/csharpsrc2cpg/lib/org.codehaus.plexus.plexus-utils-3.6.1.jar	272101	05a63effd67e2d6b9d610cc82e2bd7473289d34802e57a529b28110f28af5679
frontends/csharpsrc2cpg/lib/org.javassist.javassist-3.22.0-GA.jar	739582	59531c00f3e3aa1ff48b3a8cf4ead47d203ab0e2fd9e0ad401f764e05947e252
frontends/csharpsrc2cpg/lib/org.jline.jline-native-3.29.0.jar	190157	19cfcc9d3c78a1c6cfe4c6c9599f16a657e4bf8da43940fc4b875373236dc258
frontends/csharpsrc2cpg/lib/org.jline.jline-reader-3.29.0.jar	184808	a4cb0a5fde9289f2f1b614e04f94b202f6ff5c9c96476425837b1184c92ef81d
frontends/csharpsrc2cpg/lib/org.jline.jline-terminal-3.29.0.jar	264973	fd68a98b32b1132035c62102e5df0b0fdc358e7c87a9f876ce7071450b4d10da
frontends/csharpsrc2cpg/lib/org.jline.jline-terminal-jni-3.29.0.jar	49066	13fef8bcc0e4788c8e192dc76c33758683c6bfdbaef6f67b41445eb8986773ad
frontends/csharpsrc2cpg/lib/org.json4s.json4s-ast_3-4.0.7.jar	706444	6140e538e53c2c55db445645a65ffe26f73577d0000f0890076b066ca55f2b25
frontends/csharpsrc2cpg/lib/org.json4s.json4s-core_3-4.0.7.jar	405716	bdb869db56d60c10a0760a98a3d53ecb632841fa8f1a5001e7c1a0d91877493a
frontends/csharpsrc2cpg/lib/org.json4s.json4s-native-core_3-4.0.7.jar	108350	d79432d86ab353840807cbcc8a7e9e48160efa67680db1fe26db6765b778362e
frontends/csharpsrc2cpg/lib/org.json4s.json4s-native_3-4.0.7.jar	13319	bd2222e623f020b6d036f1328b306f983365527d2d93eab7c205db223e5c09bf
frontends/csharpsrc2cpg/lib/org.json4s.json4s-scalap_3-4.0.7.jar	428143	dc2269e32e3d9cdd296151deb5f61d108d3d4fe99e220de5679dbaf6fb8e140a
frontends/csharpsrc2cpg/lib/org.msgpack.msgpack-core-0.9.1.jar	125098	183abb2b7c604a8b13d5f76af487ccddd003b6f0404aef52021dcb20a4358524
frontends/csharpsrc2cpg/lib/org.scala-lang.modules.scala-asm-9.9.0-scala-1.jar	323674	75ac366e8ecb691e06a7e85041eed0f67919a646e5262fa0901225698c104375
frontends/csharpsrc2cpg/lib/org.scala-lang.modules.scala-xml_3-2.3.0.jar	740520	3220723238102107ab83182468e5dbe351b081a0601386710ef46c81a95d38d0
frontends/csharpsrc2cpg/lib/org.scala-lang.scala-library-3.8.3.jar	9184481	8b5164c4be2d7a86635966b419a08b393e58b3c7bc0cafb502e0f34248722b4e
frontends/csharpsrc2cpg/lib/org.scala-lang.scala3-compiler_3-3.8.3.jar	24620536	cd5e5aa54b610e37522deea19344a9d9614d5fbc9cf052de08a66ceb7c1a8974
frontends/csharpsrc2cpg/lib/org.scala-lang.scala3-interfaces-3.8.3.jar	3949	98bb43395ad33b65b7ea59ed3705fc14174b6179f4d21d561ae96ef97be563c0
frontends/csharpsrc2cpg/lib/org.scala-lang.scala3-library_3-3.8.3.jar	318	740c79f7fc3dae2c5eef48e85f777d679a1f0f53fdbb780bf84dea0370220a61
frontends/csharpsrc2cpg/lib/org.scala-lang.scala3-repl_3-3.8.3.jar	361901	d00e3ab80898f3f0b221535f251f51b21b9d4db50539e6ceec54183a13ae7a01
frontends/csharpsrc2cpg/lib/org.scala-lang.tasty-core_3-3.8.3.jar	97055	1c771f2416b4e455b269981a17c0804b237eed120c8807af808f192085c3e516
frontends/csharpsrc2cpg/lib/org.scala-sbt.compiler-interface-1.10.7.jar	113853	2bacc5761e03920a228e5c9d20b33d9c51d43aaf2f52e8f839ece630966eb880
frontends/csharpsrc2cpg/lib/org.scala-sbt.util-interface-1.10.7.jar	4371	1d6b91efa42b70fc064caed6d62962374e13b27737f885a87c84c667b30be625
frontends/csharpsrc2cpg/lib/org.slf4j.slf4j-api-2.0.17.jar	69908	7b751d952061954d5abfed7181c1f645d336091b679891591d63329c622eb832
frontends/csharpsrc2cpg/lib/org.virtuslab.using_directives-1.1.4.jar	53161	f905fd8fd0d50e76bcaca3a9ef631a49587159f14cd5cc405fd3ade97c72c555
frontends/ghidra2cpg/bin/ghidra2cpg	9980	10679704960d5d0c1ef59540b89576e2d7a2a9e21375157768ddc885c2de6315
frontends/ghidra2cpg/bin/ghidra2cpg.bat	5628	167954d6c578d99431bc1c1a22345662e19fa7ba316d08c79bb7fb33e0bae57e
frontends/ghidra2cpg/bin/ghidra2cpg.sh	441	4e8e13559e655e51edfe72c09d60843f85de18d2e428271ad24ee5d279ce9bd1
frontends/ghidra2cpg/bin/main	1374	d7a919fe8a7c0e6f6719a9c5013262706025fca36eb9aecfd074e8b63c228b2c
frontends/ghidra2cpg/bin/main.bat	90	4aa602fdd06e3a1db1d54a6005dbef8f2a621088bd9b199d0105046c47350476
frontends/ghidra2cpg/lib/com.fasterxml.jackson.core.jackson-core-2.17.2.jar	581927	721a189241dab0525d9e858e5cb604d3ecc0ede081e2de77d6f34fa5779a5b46
frontends/ghidra2cpg/lib/com.github.luben.zstd-jni-1.5.7-11.jar	7569993	e45c18832293934924e4f2f1dd97ee2083a74def46caeeea1346cf817a37cea4
frontends/ghidra2cpg/lib/com.github.pathikrit.better-files_3-3.9.2.jar	321335	136c1770a63aa33b2710745bf7f8441cbbe0eeef0cab6b832bd0a46804158989
frontends/ghidra2cpg/lib/com.github.scopt.scopt_3-4.1.0.jar	171963	7cfb80743b761b3df8630a818265eb91fd93cd77b32ed5ebd6fba1bb7cff6a3f
frontends/ghidra2cpg/lib/com.github.tototoshi.scala-csv_3-2.0.0.jar	60826	8f8cf4ddc9665ec76ac3b51c641a215d8485830dd15f355369bc14f9ea95ca70
frontends/ghidra2cpg/lib/com.google.protobuf.protobuf-java-3.20.1.jar	1692592	dcbc32c81c8689c39e6672896258f76e660d781bb2526c6c069d5c91055ef153
frontends/ghidra2cpg/lib/com.h2database.h2-mvstore-1.4.200.jar	301338	961c5e4498d7046a85c1507263a0bac227930edeb28c92f8f929437114d46030
frontends/ghidra2cpg/lib/com.lihaoyi.fansi_3-0.5.1.jar	105124	df4b447704664563cb0fba9cf52d3fc7509654ab592824d5c2eb4647e6701ac4
frontends/ghidra2cpg/lib/com.lihaoyi.geny_3-1.1.1.jar	102389	39658649f90b631a4fd63187724f16ba8a045e1b10a513528f34517fb2edf98b
frontends/ghidra2cpg/lib/com.lihaoyi.pprint_3-0.9.3.jar	162779	2c06448522447fc7fb5707f9c7d28151f5da50c078b0ed0895617b6789427bdb
frontends/ghidra2cpg/lib/com.lihaoyi.sourcecode_3-0.4.4.jar	115781	40cc148f8baab769de72892443476a05eed7471a9b5cd2cbc2a47bf22cad30d3
frontends/ghidra2cpg/lib/com.lihaoyi.ujson_3-4.1.0.jar	265322	6a6fc2c9c8643cedb0ebd02e957b4c50dc09d1aef6573ca1e15a8a424c4fa535
frontends/ghidra2cpg/lib/com.lihaoyi.upack_3-4.0.2.jar	139746	294b2cf0a4ba6a2803412f0b9a3dbbc2dc1dc420a48c3746d582c7f3f16a4181
frontends/ghidra2cpg/lib/com.lihaoyi.upickle-core_3-4.1.0.jar	353146	3d4dbd23edca088a83d722998472c1c5c27678bd01f13572c36627d7061cf596
frontends/ghidra2cpg/lib/com.lihaoyi.upickle-implicits_3-4.0.2.jar	288681	58bea28a70561054701074ca2f7fcc7a4b1abbe2ef7cb5017708e995b61d36ba
frontends/ghidra2cpg/lib/com.lihaoyi.upickle_3-4.0.2.jar	106552	b19a95c92c2d104ab2feb8ce68dacca1271adce6dcf90d8a40488af3f03dfdfd
frontends/ghidra2cpg/lib/com.michaelpollmeier.scala-repl-pp-shaded-libs_3-0.6.4.jar	1359117	f468f56871383b3060f5107f328c3cbadd656c159a52c757490b8784f7582d08
frontends/ghidra2cpg/lib/com.michaelpollmeier.scala-repl-pp_3.8.3-0.6.4.jar	338138	1a45099a3061e31072ba15591caa34361c02946e86f5b7041d06d9532b4bd41a
frontends/ghidra2cpg/lib/com.michaelpollmeier.versionsort-1.0.11.jar	1096	fe58e64378601e07cb95b8c4d75e5f6a8a991ede55c0653ddb1d8d3885d82146
frontends/ghidra2cpg/lib/com.thoughtworks.paranamer.paranamer-2.8.jar	34654	688cb118a6021d819138e855208c956031688be4b47a24bb615becc63acedf07
frontends/ghidra2cpg/lib/com.typesafe.config-1.4.3.jar	296029	8ada4c185ce72416712d63e0b5afdc5f009c0cdf405e5f26efecdf156aa5dfb6
frontends/ghidra2cpg/lib/commons-io.commons-io-2.22.0.jar	609182	2b9a7b1f726fb86216dbd2c8321eabe0221dbd5b1be81c18e1cb53811b104758
frontends/ghidra2cpg/lib/io.get-coursier.interface-1.0.28.jar	11106161	7592fe49c789b55429483185ac22ac6da43680a39c53b818c50bca0fb7dd6a78
frontends/ghidra2cpg/lib/io.joern.flatgraph-core_3-0.1.34.jar	611916	c14dd8e8510f6762078005d747ae8b5e87047db74f94d51bfd18c158a9623699
frontends/ghidra2cpg/lib/io.joern.flatgraph-formats_3-0.1.34.jar	345490	017dc4cfd37b99131c8506ace929f1943e25c9f3c22d2947a0aa5d67792b09aa
frontends/ghidra2cpg/lib/io.joern.flatgraph-help_3-0.1.34.jar	35756	9b50d84a9959bbc739ae3d7a2d423c97f6b862705831ce04c9bcc6096450b596
frontends/ghidra2cpg/lib/io.joern.flatgraph-odb-convert_3-0.1.34.jar	45190	6cc159d5a4714b353ebb7325c3af1807cacaeaca18393ccbd1b1b5fd511ad966
frontends/ghidra2cpg/lib/io.joern.ghidra-12.2_744c5dee92-202605281342.jar	242758237	f94bbed5982a2711671d6927f61ba46e8435e1ed3b7421ed10154b20fef1b54f
frontends/ghidra2cpg/lib/io.joern.ghidra2cpg-4.0.628-launcher.jar	1206	32066cf07e906f7b337be5ebeb927171049140a7def9a5848ef309bfe96d6542
frontends/ghidra2cpg/lib/io.joern.ghidra2cpg-4.0.628.jar	200280	1ff9df953fe14e8691a090a985d09a7e7f581e7fa81cba4924d904e58026f142
frontends/ghidra2cpg/lib/io.joern.semanticcpg-4.0.628.jar	1270417	dafa3ed41664922943f901a86c479a954695fb8640ba36b3b486e2e886167cd4
frontends/ghidra2cpg/lib/io.joern.x2cpg-4.0.628.jar	1795717	5d40b6a1f045495b46337c4a05ed0cf7c6325b4e3d79350e241cf3d8f0c21654
frontends/ghidra2cpg/lib/io.shiftleft.codepropertygraph-domain-classes_3-1.7.74.jar	4733340	9c6c0865db78ce3d40c98c64c8d76cab935257cb213873902515664d17a80230
frontends/ghidra2cpg/lib/io.shiftleft.codepropertygraph-protos_3-1.7.74.jar	316819	7a1f931175bc205124b4949dbaab566eab7e54045ce5eaafd3e15c20be3e0fd4
frontends/ghidra2cpg/lib/io.shiftleft.codepropertygraph_3-1.7.74.jar	120707	d4982e3bf459da75e94fdd1389f4a85d49b0917912ea914cde11ce89a1bc2e45
frontends/ghidra2cpg/lib/io.shiftleft.overflowdb-core_3-1.194.jar	119891	aacc7f470528ccf44555e0a60cba54f601531b1b551d92cbdf2d6a0ee1899884
frontends/ghidra2cpg/lib/io.spray.spray-json_3-1.3.6.jar	368491	b92a3ad0ad4a39f1f59c94e8583d078a7335f744ae467812f9bf29f10b774fb7
frontends/ghidra2cpg/lib/net.oneandone.reflections8.reflections8-0.11.7.jar	145616	721477456f75acab46e1b737ca84627c9d531831e33b54303c6a5bd071bafc22
frontends/ghidra2cpg/lib/net.sf.trove4j.core-3.1.0.jar	2560395	e1fed4d718a86d27c5ebb427810550fa5c03260e350e41a85ef2c2db6eac0856
frontends/ghidra2cpg/lib/org.apache.commons.commons-exec-1.4.0.jar	65863	f51cf8bee467efe2be76e46fc08078d96afa280a794283364291beda892a67ef
frontends/ghidra2cpg/lib/org.apache.commons.commons-lang3-3.17.0.jar	673587	6ee731df5c8e5a2976a1ca023b6bb320ea8d3539fbe64c8a1d5cb765127c33b4
frontends/ghidra2cpg/lib/org.apache.commons.commons-text-1.13.0.jar	257863	1e323a501127df78ed0987f345d69d65d0ea7fa3d4fb5b3f84aaeba3a8b20f38
frontends/ghidra2cpg/lib/org.apache.maven.maven-artifact-3.9.16.jar	58857	54cc1c1ef932e3d4a903352111b42b4d3c3ed8e7a1d0de73b625309d9c3ad3e8
frontends/ghidra2cpg/lib/org.codehaus.plexus.plexus-utils-3.6.1.jar	272101	05a63effd67e2d6b9d610cc82e2bd7473289d34802e57a529b28110f28af5679
frontends/ghidra2cpg/lib/org.javassist.javassist-3.22.0-GA.jar	739582	59531c00f3e3aa1ff48b3a8cf4ead47d203ab0e2fd9e0ad401f764e05947e252
frontends/ghidra2cpg/lib/org.jline.jline-native-3.29.0.jar	190157	19cfcc9d3c78a1c6cfe4c6c9599f16a657e4bf8da43940fc4b875373236dc258
frontends/ghidra2cpg/lib/org.jline.jline-reader-3.29.0.jar	184808	a4cb0a5fde9289f2f1b614e04f94b202f6ff5c9c96476425837b1184c92ef81d
frontends/ghidra2cpg/lib/org.jline.jline-terminal-3.29.0.jar	264973	fd68a98b32b1132035c62102e5df0b0fdc358e7c87a9f876ce7071450b4d10da
frontends/ghidra2cpg/lib/org.jline.jline-terminal-jni-3.29.0.jar	49066	13fef8bcc0e4788c8e192dc76c33758683c6bfdbaef6f67b41445eb8986773ad
frontends/ghidra2cpg/lib/org.json4s.json4s-ast_3-4.0.7.jar	706444	6140e538e53c2c55db445645a65ffe26f73577d0000f0890076b066ca55f2b25
frontends/ghidra2cpg/lib/org.json4s.json4s-core_3-4.0.7.jar	405716	bdb869db56d60c10a0760a98a3d53ecb632841fa8f1a5001e7c1a0d91877493a
frontends/ghidra2cpg/lib/org.json4s.json4s-native-core_3-4.0.7.jar	108350	d79432d86ab353840807cbcc8a7e9e48160efa67680db1fe26db6765b778362e
frontends/ghidra2cpg/lib/org.json4s.json4s-native_3-4.0.7.jar	13319	bd2222e623f020b6d036f1328b306f983365527d2d93eab7c205db223e5c09bf
frontends/ghidra2cpg/lib/org.json4s.json4s-scalap_3-4.0.7.jar	428143	dc2269e32e3d9cdd296151deb5f61d108d3d4fe99e220de5679dbaf6fb8e140a
frontends/ghidra2cpg/lib/org.msgpack.msgpack-core-0.9.1.jar	125098	183abb2b7c604a8b13d5f76af487ccddd003b6f0404aef52021dcb20a4358524
frontends/ghidra2cpg/lib/org.scala-lang.modules.scala-asm-9.9.0-scala-1.jar	323674	75ac366e8ecb691e06a7e85041eed0f67919a646e5262fa0901225698c104375
frontends/ghidra2cpg/lib/org.scala-lang.modules.scala-xml_3-2.3.0.jar	740520	3220723238102107ab83182468e5dbe351b081a0601386710ef46c81a95d38d0
frontends/ghidra2cpg/lib/org.scala-lang.scala-library-3.8.3.jar	9184481	8b5164c4be2d7a86635966b419a08b393e58b3c7bc0cafb502e0f34248722b4e
frontends/ghidra2cpg/lib/org.scala-lang.scala3-compiler_3-3.8.3.jar	24620536	cd5e5aa54b610e37522deea19344a9d9614d5fbc9cf052de08a66ceb7c1a8974
frontends/ghidra2cpg/lib/org.scala-lang.scala3-interfaces-3.8.3.jar	3949	98bb43395ad33b65b7ea59ed3705fc14174b6179f4d21d561ae96ef97be563c0
frontends/ghidra2cpg/lib/org.scala-lang.scala3-library_3-3.8.3.jar	318	740c79f7fc3dae2c5eef48e85f777d679a1f0f53fdbb780bf84dea0370220a61
frontends/ghidra2cpg/lib/org.scala-lang.scala3-repl_3-3.8.3.jar	361901	d00e3ab80898f3f0b221535f251f51b21b9d4db50539e6ceec54183a13ae7a01
frontends/ghidra2cpg/lib/org.scala-lang.tasty-core_3-3.8.3.jar	97055	1c771f2416b4e455b269981a17c0804b237eed120c8807af808f192085c3e516
frontends/ghidra2cpg/lib/org.scala-sbt.compiler-interface-1.10.7.jar	113853	2bacc5761e03920a228e5c9d20b33d9c51d43aaf2f52e8f839ece630966eb880
frontends/ghidra2cpg/lib/org.scala-sbt.util-interface-1.10.7.jar	4371	1d6b91efa42b70fc064caed6d62962374e13b27737f885a87c84c667b30be625
frontends/ghidra2cpg/lib/org.slf4j.slf4j-api-2.0.17.jar	69908	7b751d952061954d5abfed7181c1f645d336091b679891591d63329c622eb832
frontends/ghidra2cpg/lib/org.virtuslab.using_directives-1.1.4.jar	53161	f905fd8fd0d50e76bcaca3a9ef631a49587159f14cd5cc405fd3ade97c72c555
frontends/gosrc2cpg/bin/astgen/goastgen-macos-arm64	3396610	31160e4ecfb34c760698e22efe61e1f9bfe311b0dffc1fb89ff60d1f4b96b1f7
frontends/gosrc2cpg/bin/gosrc2cpg	9978	ea501c662dc96fc2527728a3180e94b060b2b9d51a6d4c1b7f79c0e5b05c22c9
frontends/gosrc2cpg/bin/gosrc2cpg.bat	5618	f58e153dfab8dee77e1667d802fb4a86a5450d84471ebe6ac7e63dceab71e0c6
frontends/gosrc2cpg/bin/main	1372	3f3852bfee858e1c0ba7edf1c5655d40faa83e9af6561bf4740065c2a206fda5
frontends/gosrc2cpg/bin/main.bat	88	a883a6144fefb97a5c897a6d6bd5996cc3f9af8423915a3cb9b877d0bf1f58c5
frontends/gosrc2cpg/lib/com.fasterxml.jackson.core.jackson-core-2.17.2.jar	581927	721a189241dab0525d9e858e5cb604d3ecc0ede081e2de77d6f34fa5779a5b46
frontends/gosrc2cpg/lib/com.github.luben.zstd-jni-1.5.7-11.jar	7569993	e45c18832293934924e4f2f1dd97ee2083a74def46caeeea1346cf817a37cea4
frontends/gosrc2cpg/lib/com.github.pathikrit.better-files_3-3.9.2.jar	321335	136c1770a63aa33b2710745bf7f8441cbbe0eeef0cab6b832bd0a46804158989
frontends/gosrc2cpg/lib/com.github.scopt.scopt_3-4.1.0.jar	171963	7cfb80743b761b3df8630a818265eb91fd93cd77b32ed5ebd6fba1bb7cff6a3f
frontends/gosrc2cpg/lib/com.github.tototoshi.scala-csv_3-2.0.0.jar	60826	8f8cf4ddc9665ec76ac3b51c641a215d8485830dd15f355369bc14f9ea95ca70
frontends/gosrc2cpg/lib/com.google.protobuf.protobuf-java-3.20.1.jar	1692592	dcbc32c81c8689c39e6672896258f76e660d781bb2526c6c069d5c91055ef153
frontends/gosrc2cpg/lib/com.h2database.h2-mvstore-1.4.200.jar	301338	961c5e4498d7046a85c1507263a0bac227930edeb28c92f8f929437114d46030
frontends/gosrc2cpg/lib/com.lihaoyi.fansi_3-0.5.1.jar	105124	df4b447704664563cb0fba9cf52d3fc7509654ab592824d5c2eb4647e6701ac4
frontends/gosrc2cpg/lib/com.lihaoyi.geny_3-1.1.1.jar	102389	39658649f90b631a4fd63187724f16ba8a045e1b10a513528f34517fb2edf98b
frontends/gosrc2cpg/lib/com.lihaoyi.os-lib_3-0.10.1.jar	502059	8b36a17ba2e1ed31e48dffba19eadba4e67dd452e25691038e69127e134dd607
frontends/gosrc2cpg/lib/com.lihaoyi.pprint_3-0.9.3.jar	162779	2c06448522447fc7fb5707f9c7d28151f5da50c078b0ed0895617b6789427bdb
frontends/gosrc2cpg/lib/com.lihaoyi.sourcecode_3-0.4.4.jar	115781	40cc148f8baab769de72892443476a05eed7471a9b5cd2cbc2a47bf22cad30d3
frontends/gosrc2cpg/lib/com.lihaoyi.ujson_3-4.1.0.jar	265322	6a6fc2c9c8643cedb0ebd02e957b4c50dc09d1aef6573ca1e15a8a424c4fa535
frontends/gosrc2cpg/lib/com.lihaoyi.upack_3-4.0.2.jar	139746	294b2cf0a4ba6a2803412f0b9a3dbbc2dc1dc420a48c3746d582c7f3f16a4181
frontends/gosrc2cpg/lib/com.lihaoyi.upickle-core_3-4.1.0.jar	353146	3d4dbd23edca088a83d722998472c1c5c27678bd01f13572c36627d7061cf596
frontends/gosrc2cpg/lib/com.lihaoyi.upickle-implicits_3-4.0.2.jar	288681	58bea28a70561054701074ca2f7fcc7a4b1abbe2ef7cb5017708e995b61d36ba
frontends/gosrc2cpg/lib/com.lihaoyi.upickle_3-4.0.2.jar	106552	b19a95c92c2d104ab2feb8ce68dacca1271adce6dcf90d8a40488af3f03dfdfd
frontends/gosrc2cpg/lib/com.michaelpollmeier.scala-repl-pp-shaded-libs_3-0.6.4.jar	1359117	f468f56871383b3060f5107f328c3cbadd656c159a52c757490b8784f7582d08
frontends/gosrc2cpg/lib/com.michaelpollmeier.scala-repl-pp_3.8.3-0.6.4.jar	338138	1a45099a3061e31072ba15591caa34361c02946e86f5b7041d06d9532b4bd41a
frontends/gosrc2cpg/lib/com.michaelpollmeier.versionsort-1.0.11.jar	1096	fe58e64378601e07cb95b8c4d75e5f6a8a991ede55c0653ddb1d8d3885d82146
frontends/gosrc2cpg/lib/com.thoughtworks.paranamer.paranamer-2.8.jar	34654	688cb118a6021d819138e855208c956031688be4b47a24bb615becc63acedf07
frontends/gosrc2cpg/lib/com.typesafe.config-1.4.3.jar	296029	8ada4c185ce72416712d63e0b5afdc5f009c0cdf405e5f26efecdf156aa5dfb6
frontends/gosrc2cpg/lib/commons-io.commons-io-2.22.0.jar	609182	2b9a7b1f726fb86216dbd2c8321eabe0221dbd5b1be81c18e1cb53811b104758
frontends/gosrc2cpg/lib/io.get-coursier.interface-1.0.28.jar	11106161	7592fe49c789b55429483185ac22ac6da43680a39c53b818c50bca0fb7dd6a78
frontends/gosrc2cpg/lib/io.joern.flatgraph-core_3-0.1.34.jar	611916	c14dd8e8510f6762078005d747ae8b5e87047db74f94d51bfd18c158a9623699
frontends/gosrc2cpg/lib/io.joern.flatgraph-formats_3-0.1.34.jar	345490	017dc4cfd37b99131c8506ace929f1943e25c9f3c22d2947a0aa5d67792b09aa
frontends/gosrc2cpg/lib/io.joern.flatgraph-help_3-0.1.34.jar	35756	9b50d84a9959bbc739ae3d7a2d423c97f6b862705831ce04c9bcc6096450b596
frontends/gosrc2cpg/lib/io.joern.flatgraph-odb-convert_3-0.1.34.jar	45190	6cc159d5a4714b353ebb7325c3af1807cacaeaca18393ccbd1b1b5fd511ad966
frontends/gosrc2cpg/lib/io.joern.gosrc2cpg-4.0.628-launcher.jar	1240	56671f29a87b135286286abb26ed2f69f97573e3a0af771fb85ec39af1ad7942
frontends/gosrc2cpg/lib/io.joern.gosrc2cpg-4.0.628.jar	445100	6b3f6fccfb6836a411b14dbc397cba99479721ba85ffe22c7e6327ef897541fd
frontends/gosrc2cpg/lib/io.joern.semanticcpg-4.0.628.jar	1270417	dafa3ed41664922943f901a86c479a954695fb8640ba36b3b486e2e886167cd4
frontends/gosrc2cpg/lib/io.joern.x2cpg-4.0.628.jar	1795717	5d40b6a1f045495b46337c4a05ed0cf7c6325b4e3d79350e241cf3d8f0c21654
frontends/gosrc2cpg/lib/io.shiftleft.codepropertygraph-domain-classes_3-1.7.74.jar	4733340	9c6c0865db78ce3d40c98c64c8d76cab935257cb213873902515664d17a80230
frontends/gosrc2cpg/lib/io.shiftleft.codepropertygraph-protos_3-1.7.74.jar	316819	7a1f931175bc205124b4949dbaab566eab7e54045ce5eaafd3e15c20be3e0fd4
frontends/gosrc2cpg/lib/io.shiftleft.codepropertygraph_3-1.7.74.jar	120707	d4982e3bf459da75e94fdd1389f4a85d49b0917912ea914cde11ce89a1bc2e45
frontends/gosrc2cpg/lib/io.shiftleft.overflowdb-core_3-1.194.jar	119891	aacc7f470528ccf44555e0a60cba54f601531b1b551d92cbdf2d6a0ee1899884
frontends/gosrc2cpg/lib/io.spray.spray-json_3-1.3.6.jar	368491	b92a3ad0ad4a39f1f59c94e8583d078a7335f744ae467812f9bf29f10b774fb7
frontends/gosrc2cpg/lib/net.oneandone.reflections8.reflections8-0.11.7.jar	145616	721477456f75acab46e1b737ca84627c9d531831e33b54303c6a5bd071bafc22
frontends/gosrc2cpg/lib/net.sf.trove4j.core-3.1.0.jar	2560395	e1fed4d718a86d27c5ebb427810550fa5c03260e350e41a85ef2c2db6eac0856
frontends/gosrc2cpg/lib/org.apache.commons.commons-exec-1.4.0.jar	65863	f51cf8bee467efe2be76e46fc08078d96afa280a794283364291beda892a67ef
frontends/gosrc2cpg/lib/org.apache.commons.commons-lang3-3.17.0.jar	673587	6ee731df5c8e5a2976a1ca023b6bb320ea8d3539fbe64c8a1d5cb765127c33b4
frontends/gosrc2cpg/lib/org.apache.commons.commons-text-1.13.0.jar	257863	1e323a501127df78ed0987f345d69d65d0ea7fa3d4fb5b3f84aaeba3a8b20f38
frontends/gosrc2cpg/lib/org.apache.logging.log4j.log4j-api-2.20.0.jar	313296	2f43eea679ea66f14ca0f13fec2a8600ac124f5a5231dcb4df8393eddcb97550
frontends/gosrc2cpg/lib/org.apache.logging.log4j.log4j-core-2.20.0.jar	1847550	6137df848cdaed9f4d5076f75513c6c85da80b953f4e7acca38098b770763f55
frontends/gosrc2cpg/lib/org.apache.logging.log4j.log4j-slf4j2-impl-2.20.0.jar	26430	b8dd3e4ea9cffa18db5f301cd8c539158662e691efd4701aa87b4d09961bd8b0
frontends/gosrc2cpg/lib/org.apache.maven.maven-artifact-3.9.16.jar	58857	54cc1c1ef932e3d4a903352111b42b4d3c3ed8e7a1d0de73b625309d9c3ad3e8
frontends/gosrc2cpg/lib/org.codehaus.plexus.plexus-utils-3.6.1.jar	272101	05a63effd67e2d6b9d610cc82e2bd7473289d34802e57a529b28110f28af5679
frontends/gosrc2cpg/lib/org.javassist.javassist-3.22.0-GA.jar	739582	59531c00f3e3aa1ff48b3a8cf4ead47d203ab0e2fd9e0ad401f764e05947e252
frontends/gosrc2cpg/lib/org.jline.jline-native-3.29.0.jar	190157	19cfcc9d3c78a1c6cfe4c6c9599f16a657e4bf8da43940fc4b875373236dc258
frontends/gosrc2cpg/lib/org.jline.jline-reader-3.29.0.jar	184808	a4cb0a5fde9289f2f1b614e04f94b202f6ff5c9c96476425837b1184c92ef81d
frontends/gosrc2cpg/lib/org.jline.jline-terminal-3.29.0.jar	264973	fd68a98b32b1132035c62102e5df0b0fdc358e7c87a9f876ce7071450b4d10da
frontends/gosrc2cpg/lib/org.jline.jline-terminal-jni-3.29.0.jar	49066	13fef8bcc0e4788c8e192dc76c33758683c6bfdbaef6f67b41445eb8986773ad
frontends/gosrc2cpg/lib/org.json4s.json4s-ast_3-4.0.7.jar	706444	6140e538e53c2c55db445645a65ffe26f73577d0000f0890076b066ca55f2b25
frontends/gosrc2cpg/lib/org.json4s.json4s-core_3-4.0.7.jar	405716	bdb869db56d60c10a0760a98a3d53ecb632841fa8f1a5001e7c1a0d91877493a
frontends/gosrc2cpg/lib/org.json4s.json4s-native-core_3-4.0.7.jar	108350	d79432d86ab353840807cbcc8a7e9e48160efa67680db1fe26db6765b778362e
frontends/gosrc2cpg/lib/org.json4s.json4s-native_3-4.0.7.jar	13319	bd2222e623f020b6d036f1328b306f983365527d2d93eab7c205db223e5c09bf
frontends/gosrc2cpg/lib/org.json4s.json4s-scalap_3-4.0.7.jar	428143	dc2269e32e3d9cdd296151deb5f61d108d3d4fe99e220de5679dbaf6fb8e140a
frontends/gosrc2cpg/lib/org.msgpack.msgpack-core-0.9.1.jar	125098	183abb2b7c604a8b13d5f76af487ccddd003b6f0404aef52021dcb20a4358524
frontends/gosrc2cpg/lib/org.scala-lang.modules.scala-asm-9.9.0-scala-1.jar	323674	75ac366e8ecb691e06a7e85041eed0f67919a646e5262fa0901225698c104375
frontends/gosrc2cpg/lib/org.scala-lang.modules.scala-xml_3-2.3.0.jar	740520	3220723238102107ab83182468e5dbe351b081a0601386710ef46c81a95d38d0
frontends/gosrc2cpg/lib/org.scala-lang.scala-library-3.8.3.jar	9184481	8b5164c4be2d7a86635966b419a08b393e58b3c7bc0cafb502e0f34248722b4e
frontends/gosrc2cpg/lib/org.scala-lang.scala3-compiler_3-3.8.3.jar	24620536	cd5e5aa54b610e37522deea19344a9d9614d5fbc9cf052de08a66ceb7c1a8974
frontends/gosrc2cpg/lib/org.scala-lang.scala3-interfaces-3.8.3.jar	3949	98bb43395ad33b65b7ea59ed3705fc14174b6179f4d21d561ae96ef97be563c0
frontends/gosrc2cpg/lib/org.scala-lang.scala3-library_3-3.8.3.jar	318	740c79f7fc3dae2c5eef48e85f777d679a1f0f53fdbb780bf84dea0370220a61
frontends/gosrc2cpg/lib/org.scala-lang.scala3-repl_3-3.8.3.jar	361901	d00e3ab80898f3f0b221535f251f51b21b9d4db50539e6ceec54183a13ae7a01
frontends/gosrc2cpg/lib/org.scala-lang.tasty-core_3-3.8.3.jar	97055	1c771f2416b4e455b269981a17c0804b237eed120c8807af808f192085c3e516
frontends/gosrc2cpg/lib/org.scala-sbt.compiler-interface-1.10.7.jar	113853	2bacc5761e03920a228e5c9d20b33d9c51d43aaf2f52e8f839ece630966eb880
frontends/gosrc2cpg/lib/org.scala-sbt.util-interface-1.10.7.jar	4371	1d6b91efa42b70fc064caed6d62962374e13b27737f885a87c84c667b30be625
frontends/gosrc2cpg/lib/org.slf4j.slf4j-api-2.0.17.jar	69908	7b751d952061954d5abfed7181c1f645d336091b679891591d63329c622eb832
frontends/gosrc2cpg/lib/org.virtuslab.using_directives-1.1.4.jar	53161	f905fd8fd0d50e76bcaca3a9ef631a49587159f14cd5cc405fd3ade97c72c555
frontends/javasrc2cpg/bin/javasrc2cpg	9982	af05e5a982029f3ecc67b4f0b322b1fb56568c97f55e49b86f963eb3b33891df
frontends/javasrc2cpg/bin/javasrc2cpg.bat	5638	ee5132c681d26ba8bdd72d1dd04121638e8a179e637c109b3c8d58d13fff7586
frontends/javasrc2cpg/bin/javasrc2cpg.sh	442	5686c98fb3cd5a685254c6b6ff044f475b03aed643c8a07133b6fde05c77d300
frontends/javasrc2cpg/bin/main	1376	346b927eca6b78d78204d0ddbac82135b4cbc28877ee3c7471ca0324c66e02cf
frontends/javasrc2cpg/bin/main.bat	92	608a0154c395b4a694575297702c28c34f0e53ae39f453d566977997f3a4e602
frontends/javasrc2cpg/lib/com.fasterxml.jackson.core.jackson-core-2.17.2.jar	581927	721a189241dab0525d9e858e5cb604d3ecc0ede081e2de77d6f34fa5779a5b46
frontends/javasrc2cpg/lib/com.github.javaparser.javaparser-core-3.28.0.jar	1472249	d3852d78461c02602eb9bfc15e9fc21ad7c765e6013a1b6d5809a5d0e7db5309
frontends/javasrc2cpg/lib/com.github.javaparser.javaparser-symbol-solver-core-3.28.0.jar	521854	f7bd9d75c66977d8888851f75dc031397274e73f96e5352472edd4cd3a56a790
frontends/javasrc2cpg/lib/com.github.luben.zstd-jni-1.5.7-11.jar	7569993	e45c18832293934924e4f2f1dd97ee2083a74def46caeeea1346cf817a37cea4
frontends/javasrc2cpg/lib/com.github.pathikrit.better-files_3-3.9.2.jar	321335	136c1770a63aa33b2710745bf7f8441cbbe0eeef0cab6b832bd0a46804158989
frontends/javasrc2cpg/lib/com.github.scopt.scopt_3-4.1.0.jar	171963	7cfb80743b761b3df8630a818265eb91fd93cd77b32ed5ebd6fba1bb7cff6a3f
frontends/javasrc2cpg/lib/com.github.tototoshi.scala-csv_3-2.0.0.jar	60826	8f8cf4ddc9665ec76ac3b51c641a215d8485830dd15f355369bc14f9ea95ca70
frontends/javasrc2cpg/lib/com.google.errorprone.error_prone_annotations-2.41.0.jar	20389	a56e782b5b50811ac204073a355a21d915a2107fce13ec711331ad036f660fcc
frontends/javasrc2cpg/lib/com.google.guava.failureaccess-1.0.3.jar	10763	cbfc3906b19b8f55dd7cfd6dfe0aa4532e834250d7f080bd8d211a3e246b59cb
frontends/javasrc2cpg/lib/com.google.guava.guava-33.5.0-jre.jar	3017283	1e301f0c52ac248b0b14fdc3d12283c77252d4d6f48521d572e7d8c4c2cc4ac7
frontends/javasrc2cpg/lib/com.google.guava.listenablefuture-9999.0-empty-to-avoid-conflict-with-guava.jar	2199	b372a037d4230aa57fbeffdef30fd6123f9c0c2db85d0aced00c91b974f33f99
frontends/javasrc2cpg/lib/com.google.j2objc.j2objc-annotations-3.1.jar	16762	84d3a150518485f8140ea99b8a985656749629f6433c92b80c75b36aba3b099b
frontends/javasrc2cpg/lib/com.google.protobuf.protobuf-java-3.20.1.jar	1692592	dcbc32c81c8689c39e6672896258f76e660d781bb2526c6c069d5c91055ef153
frontends/javasrc2cpg/lib/com.h2database.h2-mvstore-1.4.200.jar	301338	961c5e4498d7046a85c1507263a0bac227930edeb28c92f8f929437114d46030
frontends/javasrc2cpg/lib/com.lihaoyi.fansi_3-0.5.1.jar	105124	df4b447704664563cb0fba9cf52d3fc7509654ab592824d5c2eb4647e6701ac4
frontends/javasrc2cpg/lib/com.lihaoyi.geny_3-1.1.1.jar	102389	39658649f90b631a4fd63187724f16ba8a045e1b10a513528f34517fb2edf98b
frontends/javasrc2cpg/lib/com.lihaoyi.pprint_3-0.9.3.jar	162779	2c06448522447fc7fb5707f9c7d28151f5da50c078b0ed0895617b6789427bdb
frontends/javasrc2cpg/lib/com.lihaoyi.sourcecode_3-0.4.4.jar	115781	40cc148f8baab769de72892443476a05eed7471a9b5cd2cbc2a47bf22cad30d3
frontends/javasrc2cpg/lib/com.lihaoyi.ujson_3-4.1.0.jar	265322	6a6fc2c9c8643cedb0ebd02e957b4c50dc09d1aef6573ca1e15a8a424c4fa535
frontends/javasrc2cpg/lib/com.lihaoyi.upack_3-4.0.2.jar	139746	294b2cf0a4ba6a2803412f0b9a3dbbc2dc1dc420a48c3746d582c7f3f16a4181
frontends/javasrc2cpg/lib/com.lihaoyi.upickle-core_3-4.1.0.jar	353146	3d4dbd23edca088a83d722998472c1c5c27678bd01f13572c36627d7061cf596
frontends/javasrc2cpg/lib/com.lihaoyi.upickle-implicits_3-4.0.2.jar	288681	58bea28a70561054701074ca2f7fcc7a4b1abbe2ef7cb5017708e995b61d36ba
frontends/javasrc2cpg/lib/com.lihaoyi.upickle_3-4.0.2.jar	106552	b19a95c92c2d104ab2feb8ce68dacca1271adce6dcf90d8a40488af3f03dfdfd
frontends/javasrc2cpg/lib/com.michaelpollmeier.scala-repl-pp-shaded-libs_3-0.6.4.jar	1359117	f468f56871383b3060f5107f328c3cbadd656c159a52c757490b8784f7582d08
frontends/javasrc2cpg/lib/com.michaelpollmeier.scala-repl-pp_3.8.3-0.6.4.jar	338138	1a45099a3061e31072ba15591caa34361c02946e86f5b7041d06d9532b4bd41a
frontends/javasrc2cpg/lib/com.michaelpollmeier.versionsort-1.0.11.jar	1096	fe58e64378601e07cb95b8c4d75e5f6a8a991ede55c0653ddb1d8d3885d82146
frontends/javasrc2cpg/lib/com.thoughtworks.paranamer.paranamer-2.8.jar	34654	688cb118a6021d819138e855208c956031688be4b47a24bb615becc63acedf07
frontends/javasrc2cpg/lib/com.typesafe.config-1.4.3.jar	296029	8ada4c185ce72416712d63e0b5afdc5f009c0cdf405e5f26efecdf156aa5dfb6
frontends/javasrc2cpg/lib/commons-io.commons-io-2.22.0.jar	609182	2b9a7b1f726fb86216dbd2c8321eabe0221dbd5b1be81c18e1cb53811b104758
frontends/javasrc2cpg/lib/io.get-coursier.interface-1.0.28.jar	11106161	7592fe49c789b55429483185ac22ac6da43680a39c53b818c50bca0fb7dd6a78
frontends/javasrc2cpg/lib/io.joern.flatgraph-core_3-0.1.34.jar	611916	c14dd8e8510f6762078005d747ae8b5e87047db74f94d51bfd18c158a9623699
frontends/javasrc2cpg/lib/io.joern.flatgraph-formats_3-0.1.34.jar	345490	017dc4cfd37b99131c8506ace929f1943e25c9f3c22d2947a0aa5d67792b09aa
frontends/javasrc2cpg/lib/io.joern.flatgraph-help_3-0.1.34.jar	35756	9b50d84a9959bbc739ae3d7a2d423c97f6b862705831ce04c9bcc6096450b596
frontends/javasrc2cpg/lib/io.joern.flatgraph-odb-convert_3-0.1.34.jar	45190	6cc159d5a4714b353ebb7325c3af1807cacaeaca18393ccbd1b1b5fd511ad966
frontends/javasrc2cpg/lib/io.joern.javasrc2cpg-4.0.628-launcher.jar	1500	4876b20f4018fe6052a3b3ccd3b0c1a88b3504136a6a2a2742b83e6a27b4bfb4
frontends/javasrc2cpg/lib/io.joern.javasrc2cpg-4.0.628.jar	1232881	4e17a51a85bf498892f167ad36eb67819c7c17a7f840f3e07b3fa692799718ca
frontends/javasrc2cpg/lib/io.joern.semanticcpg-4.0.628.jar	1270417	dafa3ed41664922943f901a86c479a954695fb8640ba36b3b486e2e886167cd4
frontends/javasrc2cpg/lib/io.joern.x2cpg-4.0.628.jar	1795717	5d40b6a1f045495b46337c4a05ed0cf7c6325b4e3d79350e241cf3d8f0c21654
frontends/javasrc2cpg/lib/io.shiftleft.codepropertygraph-domain-classes_3-1.7.74.jar	4733340	9c6c0865db78ce3d40c98c64c8d76cab935257cb213873902515664d17a80230
frontends/javasrc2cpg/lib/io.shiftleft.codepropertygraph-protos_3-1.7.74.jar	316819	7a1f931175bc205124b4949dbaab566eab7e54045ce5eaafd3e15c20be3e0fd4
frontends/javasrc2cpg/lib/io.shiftleft.codepropertygraph_3-1.7.74.jar	120707	d4982e3bf459da75e94fdd1389f4a85d49b0917912ea914cde11ce89a1bc2e45
frontends/javasrc2cpg/lib/io.shiftleft.overflowdb-core_3-1.194.jar	119891	aacc7f470528ccf44555e0a60cba54f601531b1b551d92cbdf2d6a0ee1899884
frontends/javasrc2cpg/lib/io.spray.spray-json_3-1.3.6.jar	368491	b92a3ad0ad4a39f1f59c94e8583d078a7335f744ae467812f9bf29f10b774fb7
frontends/javasrc2cpg/lib/net.lingala.zip4j.zip4j-2.11.5.jar	210027	fee9a941f286166d4a19719d818f20e9f3addb3cbd7291c08b67f0e0ce75a9fd
frontends/javasrc2cpg/lib/net.oneandone.reflections8.reflections8-0.11.7.jar	145616	721477456f75acab46e1b737ca84627c9d531831e33b54303c6a5bd071bafc22
frontends/javasrc2cpg/lib/net.sf.trove4j.core-3.1.0.jar	2560395	e1fed4d718a86d27c5ebb427810550fa5c03260e350e41a85ef2c2db6eac0856
frontends/javasrc2cpg/lib/org.apache.commons.commons-exec-1.4.0.jar	65863	f51cf8bee467efe2be76e46fc08078d96afa280a794283364291beda892a67ef
frontends/javasrc2cpg/lib/org.apache.commons.commons-lang3-3.17.0.jar	673587	6ee731df5c8e5a2976a1ca023b6bb320ea8d3539fbe64c8a1d5cb765127c33b4
frontends/javasrc2cpg/lib/org.apache.commons.commons-text-1.13.0.jar	257863	1e323a501127df78ed0987f345d69d65d0ea7fa3d4fb5b3f84aaeba3a8b20f38
frontends/javasrc2cpg/lib/org.apache.logging.log4j.log4j-api-2.20.0.jar	313296	2f43eea679ea66f14ca0f13fec2a8600ac124f5a5231dcb4df8393eddcb97550
frontends/javasrc2cpg/lib/org.apache.logging.log4j.log4j-core-2.20.0.jar	1847550	6137df848cdaed9f4d5076f75513c6c85da80b953f4e7acca38098b770763f55
frontends/javasrc2cpg/lib/org.apache.logging.log4j.log4j-slf4j2-impl-2.20.0.jar	26430	b8dd3e4ea9cffa18db5f301cd8c539158662e691efd4701aa87b4d09961bd8b0
frontends/javasrc2cpg/lib/org.apache.maven.maven-artifact-3.9.16.jar	58857	54cc1c1ef932e3d4a903352111b42b4d3c3ed8e7a1d0de73b625309d9c3ad3e8
frontends/javasrc2cpg/lib/org.checkerframework.checker-qual-3.53.0.jar	241630	7ca002815d92fad79e966b375c2ee7b2b4bf953024bc9a5d5e0c59df13ff5af8
frontends/javasrc2cpg/lib/org.codehaus.plexus.plexus-utils-3.6.1.jar	272101	05a63effd67e2d6b9d610cc82e2bd7473289d34802e57a529b28110f28af5679
frontends/javasrc2cpg/lib/org.gradle.gradle-tooling-api-8.3.jar	2717591	57cee640b33447d147e3fdd7e4075bf84e2a2e7c7b56bdc8489dfb2e02597a4c
frontends/javasrc2cpg/lib/org.javassist.javassist-3.30.2-GA.jar	794714	eba37290994b5e4868f3af98ff113f6244a6b099385d9ad46881307d3cb01aaf
frontends/javasrc2cpg/lib/org.jline.jline-native-3.29.0.jar	190157	19cfcc9d3c78a1c6cfe4c6c9599f16a657e4bf8da43940fc4b875373236dc258
frontends/javasrc2cpg/lib/org.jline.jline-reader-3.29.0.jar	184808	a4cb0a5fde9289f2f1b614e04f94b202f6ff5c9c96476425837b1184c92ef81d
frontends/javasrc2cpg/lib/org.jline.jline-terminal-3.29.0.jar	264973	fd68a98b32b1132035c62102e5df0b0fdc358e7c87a9f876ce7071450b4d10da
frontends/javasrc2cpg/lib/org.jline.jline-terminal-jni-3.29.0.jar	49066	13fef8bcc0e4788c8e192dc76c33758683c6bfdbaef6f67b41445eb8986773ad
frontends/javasrc2cpg/lib/org.json4s.json4s-ast_3-4.0.7.jar	706444	6140e538e53c2c55db445645a65ffe26f73577d0000f0890076b066ca55f2b25
frontends/javasrc2cpg/lib/org.json4s.json4s-core_3-4.0.7.jar	405716	bdb869db56d60c10a0760a98a3d53ecb632841fa8f1a5001e7c1a0d91877493a
frontends/javasrc2cpg/lib/org.json4s.json4s-native-core_3-4.0.7.jar	108350	d79432d86ab353840807cbcc8a7e9e48160efa67680db1fe26db6765b778362e
frontends/javasrc2cpg/lib/org.json4s.json4s-native_3-4.0.7.jar	13319	bd2222e623f020b6d036f1328b306f983365527d2d93eab7c205db223e5c09bf
frontends/javasrc2cpg/lib/org.json4s.json4s-scalap_3-4.0.7.jar	428143	dc2269e32e3d9cdd296151deb5f61d108d3d4fe99e220de5679dbaf6fb8e140a
frontends/javasrc2cpg/lib/org.jspecify.jspecify-1.0.0.jar	3819	1fad6e6be7557781e4d33729d49ae1cdc8fdda6fe477bb0cc68ce351eafdfbab
frontends/javasrc2cpg/lib/org.msgpack.msgpack-core-0.9.1.jar	125098	183abb2b7c604a8b13d5f76af487ccddd003b6f0404aef52021dcb20a4358524
frontends/javasrc2cpg/lib/org.ow2.asm.asm-9.9.1.jar	126252	6f3828a215c920059a5efa2fb55c233d6c54ec5cadca99ce1b1bdd10077c7ddd
frontends/javasrc2cpg/lib/org.projectlombok.lombok-1.18.42.jar	2031660	3488a4e9994c26596baaceebee58cad36a50e3bdaec5be72b5834d3c3b560306
frontends/javasrc2cpg/lib/org.scala-lang.modules.scala-asm-9.9.0-scala-1.jar	323674	75ac366e8ecb691e06a7e85041eed0f67919a646e5262fa0901225698c104375
frontends/javasrc2cpg/lib/org.scala-lang.modules.scala-parallel-collections_3-1.0.4.jar	1293006	c3bf0d4d057942a78389fa9675823db5e3179f1b503f2df212b74e784da57050
frontends/javasrc2cpg/lib/org.scala-lang.modules.scala-parser-combinators_3-2.4.0.jar	264899	50f1b3dcf8f14975702dc6da287797e391fc5d4834e4d3e7e9f9125efdb2de9a
frontends/javasrc2cpg/lib/org.scala-lang.modules.scala-xml_3-2.3.0.jar	740520	3220723238102107ab83182468e5dbe351b081a0601386710ef46c81a95d38d0
frontends/javasrc2cpg/lib/org.scala-lang.scala-library-3.8.3.jar	9184481	8b5164c4be2d7a86635966b419a08b393e58b3c7bc0cafb502e0f34248722b4e
frontends/javasrc2cpg/lib/org.scala-lang.scala3-compiler_3-3.8.3.jar	24620536	cd5e5aa54b610e37522deea19344a9d9614d5fbc9cf052de08a66ceb7c1a8974
frontends/javasrc2cpg/lib/org.scala-lang.scala3-interfaces-3.8.3.jar	3949	98bb43395ad33b65b7ea59ed3705fc14174b6179f4d21d561ae96ef97be563c0
frontends/javasrc2cpg/lib/org.scala-lang.scala3-library_3-3.8.3.jar	318	740c79f7fc3dae2c5eef48e85f777d679a1f0f53fdbb780bf84dea0370220a61
frontends/javasrc2cpg/lib/org.scala-lang.scala3-repl_3-3.8.3.jar	361901	d00e3ab80898f3f0b221535f251f51b21b9d4db50539e6ceec54183a13ae7a01
frontends/javasrc2cpg/lib/org.scala-lang.tasty-core_3-3.8.3.jar	97055	1c771f2416b4e455b269981a17c0804b237eed120c8807af808f192085c3e516
frontends/javasrc2cpg/lib/org.scala-sbt.compiler-interface-1.10.7.jar	113853	2bacc5761e03920a228e5c9d20b33d9c51d43aaf2f52e8f839ece630966eb880
frontends/javasrc2cpg/lib/org.scala-sbt.util-interface-1.10.7.jar	4371	1d6b91efa42b70fc064caed6d62962374e13b27737f885a87c84c667b30be625
frontends/javasrc2cpg/lib/org.slf4j.slf4j-api-2.0.17.jar	69908	7b751d952061954d5abfed7181c1f645d336091b679891591d63329c622eb832
frontends/javasrc2cpg/lib/org.virtuslab.using_directives-1.1.4.jar	53161	f905fd8fd0d50e76bcaca3a9ef631a49587159f14cd5cc405fd3ade97c72c555
frontends/jimple2cpg/bin/jimple2cpg	9980	73534d76ffcc07195c72b0abecbac0a4477ade1ccb8e749c86740f975963eb2c
frontends/jimple2cpg/bin/jimple2cpg.bat	5628	31f8614b3c0beefe74b0f858be6836e1518104c1b5a879af7251117beac34990
frontends/jimple2cpg/bin/jimple2cpg.sh	441	aac54e3295ba2d49ef34446b8e1522af0aac667afc237902e691ef2ed39d562c
frontends/jimple2cpg/bin/main	1374	3820ef04d749124a774bcc43d8ff3078f845101c7200c24669551c13bc938e17
frontends/jimple2cpg/bin/main.bat	90	bfd142b1a77628d59504ba89fa63559d93827189a0d56ce11e7e1edd4e66295e
frontends/jimple2cpg/lib/com.android.tools.smali.smali-dexlib2-3.0.9.jar	1194123	8b547506f62f91d74b70f4beb4989b99e1ff61fc50b2525e9796ca35f0a351dc
frontends/jimple2cpg/lib/com.fasterxml.jackson.core.jackson-core-2.17.2.jar	581927	721a189241dab0525d9e858e5cb604d3ecc0ede081e2de77d6f34fa5779a5b46
frontends/jimple2cpg/lib/com.github.luben.zstd-jni-1.5.7-11.jar	7569993	e45c18832293934924e4f2f1dd97ee2083a74def46caeeea1346cf817a37cea4
frontends/jimple2cpg/lib/com.github.pathikrit.better-files_3-3.9.2.jar	321335	136c1770a63aa33b2710745bf7f8441cbbe0eeef0cab6b832bd0a46804158989
frontends/jimple2cpg/lib/com.github.scopt.scopt_3-4.1.0.jar	171963	7cfb80743b761b3df8630a818265eb91fd93cd77b32ed5ebd6fba1bb7cff6a3f
frontends/jimple2cpg/lib/com.github.tototoshi.scala-csv_3-2.0.0.jar	60826	8f8cf4ddc9665ec76ac3b51c641a215d8485830dd15f355369bc14f9ea95ca70
frontends/jimple2cpg/lib/com.google.code.findbugs.jsr305-3.0.2.jar	19936	766ad2a0783f2687962c8ad74ceecc38a28b9f72a2d085ee438b7813e928d0c7
frontends/jimple2cpg/lib/com.google.code.gson.gson-2.8.9.jar	258075	d3999291855de495c94c743761b8ab5176cfeabe281a5ab0d8e8d45326fd703e
frontends/jimple2cpg/lib/com.google.errorprone.error_prone_annotations-2.41.0.jar	20389	a56e782b5b50811ac204073a355a21d915a2107fce13ec711331ad036f660fcc
frontends/jimple2cpg/lib/com.google.guava.failureaccess-1.0.3.jar	10763	cbfc3906b19b8f55dd7cfd6dfe0aa4532e834250d7f080bd8d211a3e246b59cb
frontends/jimple2cpg/lib/com.google.guava.guava-33.5.0-jre.jar	3017283	1e301f0c52ac248b0b14fdc3d12283c77252d4d6f48521d572e7d8c4c2cc4ac7
frontends/jimple2cpg/lib/com.google.guava.listenablefuture-9999.0-empty-to-avoid-conflict-with-guava.jar	2199	b372a037d4230aa57fbeffdef30fd6123f9c0c2db85d0aced00c91b974f33f99
frontends/jimple2cpg/lib/com.google.j2objc.j2objc-annotations-3.1.jar	16762	84d3a150518485f8140ea99b8a985656749629f6433c92b80c75b36aba3b099b
frontends/jimple2cpg/lib/com.google.protobuf.protobuf-java-3.25.8.jar	1876626	72bdb32eb38cafb7dcd288262c29a34d57cba2e19101af9685155ba8c0a56008
frontends/jimple2cpg/lib/com.google.protobuf.protobuf-java-util-3.25.8.jar	73138	e7196eaefc3f81afa1571821635c7aefe2933f4be4a9df9e601fb59214b50269
frontends/jimple2cpg/lib/com.h2database.h2-mvstore-1.4.200.jar	301338	961c5e4498d7046a85c1507263a0bac227930edeb28c92f8f929437114d46030
frontends/jimple2cpg/lib/com.lihaoyi.fansi_3-0.5.1.jar	105124	df4b447704664563cb0fba9cf52d3fc7509654ab592824d5c2eb4647e6701ac4
frontends/jimple2cpg/lib/com.lihaoyi.geny_3-1.1.1.jar	102389	39658649f90b631a4fd63187724f16ba8a045e1b10a513528f34517fb2edf98b
frontends/jimple2cpg/lib/com.lihaoyi.pprint_3-0.9.3.jar	162779	2c06448522447fc7fb5707f9c7d28151f5da50c078b0ed0895617b6789427bdb
frontends/jimple2cpg/lib/com.lihaoyi.sourcecode_3-0.4.4.jar	115781	40cc148f8baab769de72892443476a05eed7471a9b5cd2cbc2a47bf22cad30d3
frontends/jimple2cpg/lib/com.lihaoyi.ujson_3-4.1.0.jar	265322	6a6fc2c9c8643cedb0ebd02e957b4c50dc09d1aef6573ca1e15a8a424c4fa535
frontends/jimple2cpg/lib/com.lihaoyi.upack_3-4.0.2.jar	139746	294b2cf0a4ba6a2803412f0b9a3dbbc2dc1dc420a48c3746d582c7f3f16a4181
frontends/jimple2cpg/lib/com.lihaoyi.upickle-core_3-4.1.0.jar	353146	3d4dbd23edca088a83d722998472c1c5c27678bd01f13572c36627d7061cf596
frontends/jimple2cpg/lib/com.lihaoyi.upickle-implicits_3-4.0.2.jar	288681	58bea28a70561054701074ca2f7fcc7a4b1abbe2ef7cb5017708e995b61d36ba
frontends/jimple2cpg/lib/com.lihaoyi.upickle_3-4.0.2.jar	106552	b19a95c92c2d104ab2feb8ce68dacca1271adce6dcf90d8a40488af3f03dfdfd
frontends/jimple2cpg/lib/com.michaelpollmeier.scala-repl-pp-shaded-libs_3-0.6.4.jar	1359117	f468f56871383b3060f5107f328c3cbadd656c159a52c757490b8784f7582d08
frontends/jimple2cpg/lib/com.michaelpollmeier.scala-repl-pp_3.8.3-0.6.4.jar	338138	1a45099a3061e31072ba15591caa34361c02946e86f5b7041d06d9532b4bd41a
frontends/jimple2cpg/lib/com.michaelpollmeier.versionsort-1.0.11.jar	1096	fe58e64378601e07cb95b8c4d75e5f6a8a991ede55c0653ddb1d8d3885d82146
frontends/jimple2cpg/lib/com.thoughtworks.paranamer.paranamer-2.8.jar	34654	688cb118a6021d819138e855208c956031688be4b47a24bb615becc63acedf07
frontends/jimple2cpg/lib/com.typesafe.config-1.4.3.jar	296029	8ada4c185ce72416712d63e0b5afdc5f009c0cdf405e5f26efecdf156aa5dfb6
frontends/jimple2cpg/lib/commons-io.commons-io-2.22.0.jar	609182	2b9a7b1f726fb86216dbd2c8321eabe0221dbd5b1be81c18e1cb53811b104758
frontends/jimple2cpg/lib/io.get-coursier.interface-1.0.28.jar	11106161	7592fe49c789b55429483185ac22ac6da43680a39c53b818c50bca0fb7dd6a78
frontends/jimple2cpg/lib/io.joern.flatgraph-core_3-0.1.34.jar	611916	c14dd8e8510f6762078005d747ae8b5e87047db74f94d51bfd18c158a9623699
frontends/jimple2cpg/lib/io.joern.flatgraph-formats_3-0.1.34.jar	345490	017dc4cfd37b99131c8506ace929f1943e25c9f3c22d2947a0aa5d67792b09aa
frontends/jimple2cpg/lib/io.joern.flatgraph-help_3-0.1.34.jar	35756	9b50d84a9959bbc739ae3d7a2d423c97f6b862705831ce04c9bcc6096450b596
frontends/jimple2cpg/lib/io.joern.flatgraph-odb-convert_3-0.1.34.jar	45190	6cc159d5a4714b353ebb7325c3af1807cacaeaca18393ccbd1b1b5fd511ad966
frontends/jimple2cpg/lib/io.joern.jimple2cpg-4.0.628-launcher.jar	1563	b7a5edaf666dc319fd72d9a4ad9de044b187df6edce44784c4e257883396b4ab
frontends/jimple2cpg/lib/io.joern.jimple2cpg-4.0.628.jar	237603	4befadb6376abe4ceb04c04fbef6b04435a33e6965b87deb9a825eb2bf386bbb
frontends/jimple2cpg/lib/io.joern.semanticcpg-4.0.628.jar	1270417	dafa3ed41664922943f901a86c479a954695fb8640ba36b3b486e2e886167cd4
frontends/jimple2cpg/lib/io.joern.x2cpg-4.0.628.jar	1795717	5d40b6a1f045495b46337c4a05ed0cf7c6325b4e3d79350e241cf3d8f0c21654
frontends/jimple2cpg/lib/io.shiftleft.codepropertygraph-domain-classes_3-1.7.74.jar	4733340	9c6c0865db78ce3d40c98c64c8d76cab935257cb213873902515664d17a80230
frontends/jimple2cpg/lib/io.shiftleft.codepropertygraph-protos_3-1.7.74.jar	316819	7a1f931175bc205124b4949dbaab566eab7e54045ce5eaafd3e15c20be3e0fd4
frontends/jimple2cpg/lib/io.shiftleft.codepropertygraph_3-1.7.74.jar	120707	d4982e3bf459da75e94fdd1389f4a85d49b0917912ea914cde11ce89a1bc2e45
frontends/jimple2cpg/lib/io.shiftleft.overflowdb-core_3-1.194.jar	119891	aacc7f470528ccf44555e0a60cba54f601531b1b551d92cbdf2d6a0ee1899884
frontends/jimple2cpg/lib/io.spray.spray-json_3-1.3.6.jar	368491	b92a3ad0ad4a39f1f59c94e8583d078a7335f744ae467812f9bf29f10b774fb7
frontends/jimple2cpg/lib/jakarta.annotation.jakarta.annotation-api-3.0.0.jar	26378	b01f55552284cfb149411e64eabca75e942d26d2e1786b32914250e4330afaa2
frontends/jimple2cpg/lib/net.oneandone.reflections8.reflections8-0.11.7.jar	145616	721477456f75acab46e1b737ca84627c9d531831e33b54303c6a5bd071bafc22
frontends/jimple2cpg/lib/net.sf.trove4j.core-3.1.0.jar	2560395	e1fed4d718a86d27c5ebb427810550fa5c03260e350e41a85ef2c2db6eac0856
frontends/jimple2cpg/lib/org.apache.commons.commons-exec-1.4.0.jar	65863	f51cf8bee467efe2be76e46fc08078d96afa280a794283364291beda892a67ef
frontends/jimple2cpg/lib/org.apache.commons.commons-lang3-3.17.0.jar	673587	6ee731df5c8e5a2976a1ca023b6bb320ea8d3539fbe64c8a1d5cb765127c33b4
frontends/jimple2cpg/lib/org.apache.commons.commons-text-1.13.0.jar	257863	1e323a501127df78ed0987f345d69d65d0ea7fa3d4fb5b3f84aaeba3a8b20f38
frontends/jimple2cpg/lib/org.apache.logging.log4j.log4j-api-2.20.0.jar	313296	2f43eea679ea66f14ca0f13fec2a8600ac124f5a5231dcb4df8393eddcb97550
frontends/jimple2cpg/lib/org.apache.logging.log4j.log4j-core-2.20.0.jar	1847550	6137df848cdaed9f4d5076f75513c6c85da80b953f4e7acca38098b770763f55
frontends/jimple2cpg/lib/org.apache.logging.log4j.log4j-slf4j2-impl-2.20.0.jar	26430	b8dd3e4ea9cffa18db5f301cd8c539158662e691efd4701aa87b4d09961bd8b0
frontends/jimple2cpg/lib/org.apache.maven.maven-artifact-3.9.16.jar	58857	54cc1c1ef932e3d4a903352111b42b4d3c3ed8e7a1d0de73b625309d9c3ad3e8
frontends/jimple2cpg/lib/org.benf.cfr-0.152.jar	2162315	f686e8f3ded377d7bc87d216a90e9e9512df4156e75b06c655a16648ae8765b2
frontends/jimple2cpg/lib/org.codehaus.plexus.plexus-utils-3.6.1.jar	272101	05a63effd67e2d6b9d610cc82e2bd7473289d34802e57a529b28110f28af5679
frontends/jimple2cpg/lib/org.javassist.javassist-3.22.0-GA.jar	739582	59531c00f3e3aa1ff48b3a8cf4ead47d203ab0e2fd9e0ad401f764e05947e252
frontends/jimple2cpg/lib/org.jline.jline-native-3.29.0.jar	190157	19cfcc9d3c78a1c6cfe4c6c9599f16a657e4bf8da43940fc4b875373236dc258
frontends/jimple2cpg/lib/org.jline.jline-reader-3.29.0.jar	184808	a4cb0a5fde9289f2f1b614e04f94b202f6ff5c9c96476425837b1184c92ef81d
frontends/jimple2cpg/lib/org.jline.jline-terminal-3.29.0.jar	264973	fd68a98b32b1132035c62102e5df0b0fdc358e7c87a9f876ce7071450b4d10da
frontends/jimple2cpg/lib/org.jline.jline-terminal-jni-3.29.0.jar	49066	13fef8bcc0e4788c8e192dc76c33758683c6bfdbaef6f67b41445eb8986773ad
frontends/jimple2cpg/lib/org.json4s.json4s-ast_3-4.0.7.jar	706444	6140e538e53c2c55db445645a65ffe26f73577d0000f0890076b066ca55f2b25
frontends/jimple2cpg/lib/org.json4s.json4s-core_3-4.0.7.jar	405716	bdb869db56d60c10a0760a98a3d53ecb632841fa8f1a5001e7c1a0d91877493a
frontends/jimple2cpg/lib/org.json4s.json4s-native-core_3-4.0.7.jar	108350	d79432d86ab353840807cbcc8a7e9e48160efa67680db1fe26db6765b778362e
frontends/jimple2cpg/lib/org.json4s.json4s-native_3-4.0.7.jar	13319	bd2222e623f020b6d036f1328b306f983365527d2d93eab7c205db223e5c09bf
frontends/jimple2cpg/lib/org.json4s.json4s-scalap_3-4.0.7.jar	428143	dc2269e32e3d9cdd296151deb5f61d108d3d4fe99e220de5679dbaf6fb8e140a
frontends/jimple2cpg/lib/org.jspecify.jspecify-1.0.0.jar	3819	1fad6e6be7557781e4d33729d49ae1cdc8fdda6fe477bb0cc68ce351eafdfbab
frontends/jimple2cpg/lib/org.msgpack.msgpack-core-0.9.1.jar	125098	183abb2b7c604a8b13d5f76af487ccddd003b6f0404aef52021dcb20a4358524
frontends/jimple2cpg/lib/org.ow2.asm.asm-9.9.1.jar	126252	6f3828a215c920059a5efa2fb55c233d6c54ec5cadca99ce1b1bdd10077c7ddd
frontends/jimple2cpg/lib/org.ow2.asm.asm-analysis-9.9.1.jar	35170	6260bffc8ec008dd1b713702c7994e2c94d188a3da5bef9e87278a16df6a7522
frontends/jimple2cpg/lib/org.ow2.asm.asm-commons-9.9.1.jar	75010	c2319e014ce7199f2b7f7d56d6bb991863168c3f4b6cd6c9f542a4937ef7ef88
frontends/jimple2cpg/lib/org.ow2.asm.asm-tree-9.9.1.jar	51963	0f3555096b720b820bbacab0b515589bee0200bee099bda14c561738ae837ba1
frontends/jimple2cpg/lib/org.ow2.asm.asm-util-9.9.1.jar	94643	c5ebbbeaf68126af094b42fa4800f59bc4413abd02d95b9aefad722cd257e207
frontends/jimple2cpg/lib/org.scala-lang.modules.scala-asm-9.9.0-scala-1.jar	323674	75ac366e8ecb691e06a7e85041eed0f67919a646e5262fa0901225698c104375
frontends/jimple2cpg/lib/org.scala-lang.modules.scala-xml_3-2.3.0.jar	740520	3220723238102107ab83182468e5dbe351b081a0601386710ef46c81a95d38d0
frontends/jimple2cpg/lib/org.scala-lang.scala-library-3.8.3.jar	9184481	8b5164c4be2d7a86635966b419a08b393e58b3c7bc0cafb502e0f34248722b4e
frontends/jimple2cpg/lib/org.scala-lang.scala3-compiler_3-3.8.3.jar	24620536	cd5e5aa54b610e37522deea19344a9d9614d5fbc9cf052de08a66ceb7c1a8974
frontends/jimple2cpg/lib/org.scala-lang.scala3-interfaces-3.8.3.jar	3949	98bb43395ad33b65b7ea59ed3705fc14174b6179f4d21d561ae96ef97be563c0
frontends/jimple2cpg/lib/org.scala-lang.scala3-library_3-3.8.3.jar	318	740c79f7fc3dae2c5eef48e85f777d679a1f0f53fdbb780bf84dea0370220a61
frontends/jimple2cpg/lib/org.scala-lang.scala3-repl_3-3.8.3.jar	361901	d00e3ab80898f3f0b221535f251f51b21b9d4db50539e6ceec54183a13ae7a01
frontends/jimple2cpg/lib/org.scala-lang.tasty-core_3-3.8.3.jar	97055	1c771f2416b4e455b269981a17c0804b237eed120c8807af808f192085c3e516
frontends/jimple2cpg/lib/org.scala-sbt.compiler-interface-1.10.7.jar	113853	2bacc5761e03920a228e5c9d20b33d9c51d43aaf2f52e8f839ece630966eb880
frontends/jimple2cpg/lib/org.scala-sbt.util-interface-1.10.7.jar	4371	1d6b91efa42b70fc064caed6d62962374e13b27737f885a87c84c667b30be625
frontends/jimple2cpg/lib/org.slf4j.slf4j-api-2.0.17.jar	69908	7b751d952061954d5abfed7181c1f645d336091b679891591d63329c622eb832
frontends/jimple2cpg/lib/org.soot-oss.axml-2.1.4.jar	49871	72a031be9caecbca5f9838f9ad553c932926ca41fe3fd7a996358d6126778875
frontends/jimple2cpg/lib/org.soot-oss.heros-1.2.4.jar	190562	f79d064e554d2934d53292dc01b22595821044c0db9a714deb89a6ea6365d47e
frontends/jimple2cpg/lib/org.soot-oss.soot-4.7.1.jar	4907041	2db090fed223d34d08206e4986c82ffd5bbb7a470d8e5367445f08ee36648d52
frontends/jimple2cpg/lib/org.typelevel.cats-core_3-2.12.0.jar	6983105	db8754981281215078991aa8228562e806d845ebe8441f6c538ef9e85b4560a4
frontends/jimple2cpg/lib/org.typelevel.cats-kernel_3-2.12.0.jar	1594558	5aa57d0c906b4c6e4575e5548f4ea7523a2c4140424b7df92239162a0ca17f77
frontends/jimple2cpg/lib/org.virtuslab.using_directives-1.1.4.jar	53161	f905fd8fd0d50e76bcaca3a9ef631a49587159f14cd5cc405fd3ade97c72c555
frontends/jssrc2cpg/bin/astgen/astgen-macos-arm	98583248	97bc564f54b1b765141788e1be60eb2c6a81258cc4797be8f06c205d371fa863
frontends/jssrc2cpg/bin/jssrc2cpg	9978	8170c710bfdd041674b65da4cb15d6d9c35648ab05e562cc6a497872849949d2
frontends/jssrc2cpg/bin/jssrc2cpg.bat	5618	1fb4e795e3cbf62e53e6218455112cc690a64306e1b2e845aa35ca96b7d90153
frontends/jssrc2cpg/bin/jssrc2cpg.sh	454	1c72950255c00e4e3f0efda6729cfd9e1c509de2395998e6692fe4e823d69ec0
frontends/jssrc2cpg/bin/main	1372	fee5ef438384eab4fa8dbb42ceff2a8294d7b5963e7784ae488d9c9fff93e01a
frontends/jssrc2cpg/bin/main.bat	88	0bbb4d08f27265526356ff141fea3b76058f4bde2e6bbf0b6642585bbd4b7a21
frontends/jssrc2cpg/lib/com.fasterxml.jackson.core.jackson-core-2.17.2.jar	581927	721a189241dab0525d9e858e5cb604d3ecc0ede081e2de77d6f34fa5779a5b46
frontends/jssrc2cpg/lib/com.github.luben.zstd-jni-1.5.7-11.jar	7569993	e45c18832293934924e4f2f1dd97ee2083a74def46caeeea1346cf817a37cea4
frontends/jssrc2cpg/lib/com.github.pathikrit.better-files_3-3.9.2.jar	321335	136c1770a63aa33b2710745bf7f8441cbbe0eeef0cab6b832bd0a46804158989
frontends/jssrc2cpg/lib/com.github.scopt.scopt_3-4.1.0.jar	171963	7cfb80743b761b3df8630a818265eb91fd93cd77b32ed5ebd6fba1bb7cff6a3f
frontends/jssrc2cpg/lib/com.github.tototoshi.scala-csv_3-2.0.0.jar	60826	8f8cf4ddc9665ec76ac3b51c641a215d8485830dd15f355369bc14f9ea95ca70
frontends/jssrc2cpg/lib/com.google.protobuf.protobuf-java-3.20.1.jar	1692592	dcbc32c81c8689c39e6672896258f76e660d781bb2526c6c069d5c91055ef153
frontends/jssrc2cpg/lib/com.h2database.h2-mvstore-1.4.200.jar	301338	961c5e4498d7046a85c1507263a0bac227930edeb28c92f8f929437114d46030
frontends/jssrc2cpg/lib/com.lihaoyi.fansi_3-0.5.1.jar	105124	df4b447704664563cb0fba9cf52d3fc7509654ab592824d5c2eb4647e6701ac4
frontends/jssrc2cpg/lib/com.lihaoyi.geny_3-1.1.1.jar	102389	39658649f90b631a4fd63187724f16ba8a045e1b10a513528f34517fb2edf98b
frontends/jssrc2cpg/lib/com.lihaoyi.pprint_3-0.9.3.jar	162779	2c06448522447fc7fb5707f9c7d28151f5da50c078b0ed0895617b6789427bdb
frontends/jssrc2cpg/lib/com.lihaoyi.sourcecode_3-0.4.4.jar	115781	40cc148f8baab769de72892443476a05eed7471a9b5cd2cbc2a47bf22cad30d3
frontends/jssrc2cpg/lib/com.lihaoyi.ujson_3-4.1.0.jar	265322	6a6fc2c9c8643cedb0ebd02e957b4c50dc09d1aef6573ca1e15a8a424c4fa535
frontends/jssrc2cpg/lib/com.lihaoyi.upack_3-4.0.2.jar	139746	294b2cf0a4ba6a2803412f0b9a3dbbc2dc1dc420a48c3746d582c7f3f16a4181
frontends/jssrc2cpg/lib/com.lihaoyi.upickle-core_3-4.1.0.jar	353146	3d4dbd23edca088a83d722998472c1c5c27678bd01f13572c36627d7061cf596
frontends/jssrc2cpg/lib/com.lihaoyi.upickle-implicits_3-4.0.2.jar	288681	58bea28a70561054701074ca2f7fcc7a4b1abbe2ef7cb5017708e995b61d36ba
frontends/jssrc2cpg/lib/com.lihaoyi.upickle_3-4.0.2.jar	106552	b19a95c92c2d104ab2feb8ce68dacca1271adce6dcf90d8a40488af3f03dfdfd
frontends/jssrc2cpg/lib/com.michaelpollmeier.scala-repl-pp-shaded-libs_3-0.6.4.jar	1359117	f468f56871383b3060f5107f328c3cbadd656c159a52c757490b8784f7582d08
frontends/jssrc2cpg/lib/com.michaelpollmeier.scala-repl-pp_3.8.3-0.6.4.jar	338138	1a45099a3061e31072ba15591caa34361c02946e86f5b7041d06d9532b4bd41a
frontends/jssrc2cpg/lib/com.michaelpollmeier.versionsort-1.0.11.jar	1096	fe58e64378601e07cb95b8c4d75e5f6a8a991ede55c0653ddb1d8d3885d82146
frontends/jssrc2cpg/lib/com.thoughtworks.paranamer.paranamer-2.8.jar	34654	688cb118a6021d819138e855208c956031688be4b47a24bb615becc63acedf07
frontends/jssrc2cpg/lib/com.typesafe.config-1.4.3.jar	296029	8ada4c185ce72416712d63e0b5afdc5f009c0cdf405e5f26efecdf156aa5dfb6
frontends/jssrc2cpg/lib/commons-io.commons-io-2.22.0.jar	609182	2b9a7b1f726fb86216dbd2c8321eabe0221dbd5b1be81c18e1cb53811b104758
frontends/jssrc2cpg/lib/io.get-coursier.interface-1.0.28.jar	11106161	7592fe49c789b55429483185ac22ac6da43680a39c53b818c50bca0fb7dd6a78
frontends/jssrc2cpg/lib/io.joern.flatgraph-core_3-0.1.34.jar	611916	c14dd8e8510f6762078005d747ae8b5e87047db74f94d51bfd18c158a9623699
frontends/jssrc2cpg/lib/io.joern.flatgraph-formats_3-0.1.34.jar	345490	017dc4cfd37b99131c8506ace929f1943e25c9f3c22d2947a0aa5d67792b09aa
frontends/jssrc2cpg/lib/io.joern.flatgraph-help_3-0.1.34.jar	35756	9b50d84a9959bbc739ae3d7a2d423c97f6b862705831ce04c9bcc6096450b596
frontends/jssrc2cpg/lib/io.joern.flatgraph-odb-convert_3-0.1.34.jar	45190	6cc159d5a4714b353ebb7325c3af1807cacaeaca18393ccbd1b1b5fd511ad966
frontends/jssrc2cpg/lib/io.joern.jssrc2cpg-4.0.628-launcher.jar	1231	87f3bde0008586b629691fa35111fd1ff8c6c7958e9d49f369c64f7b69ab6858
frontends/jssrc2cpg/lib/io.joern.jssrc2cpg-4.0.628.jar	705227	6e543bb4a332290524cc6482fff833ce8b28733319ef627dae4f12b03f932d92
frontends/jssrc2cpg/lib/io.joern.semanticcpg-4.0.628.jar	1270417	dafa3ed41664922943f901a86c479a954695fb8640ba36b3b486e2e886167cd4
frontends/jssrc2cpg/lib/io.joern.x2cpg-4.0.628.jar	1795717	5d40b6a1f045495b46337c4a05ed0cf7c6325b4e3d79350e241cf3d8f0c21654
frontends/jssrc2cpg/lib/io.shiftleft.codepropertygraph-domain-classes_3-1.7.74.jar	4733340	9c6c0865db78ce3d40c98c64c8d76cab935257cb213873902515664d17a80230
frontends/jssrc2cpg/lib/io.shiftleft.codepropertygraph-protos_3-1.7.74.jar	316819	7a1f931175bc205124b4949dbaab566eab7e54045ce5eaafd3e15c20be3e0fd4
frontends/jssrc2cpg/lib/io.shiftleft.codepropertygraph_3-1.7.74.jar	120707	d4982e3bf459da75e94fdd1389f4a85d49b0917912ea914cde11ce89a1bc2e45
frontends/jssrc2cpg/lib/io.shiftleft.overflowdb-core_3-1.194.jar	119891	aacc7f470528ccf44555e0a60cba54f601531b1b551d92cbdf2d6a0ee1899884
frontends/jssrc2cpg/lib/io.spray.spray-json_3-1.3.6.jar	368491	b92a3ad0ad4a39f1f59c94e8583d078a7335f744ae467812f9bf29f10b774fb7
frontends/jssrc2cpg/lib/net.oneandone.reflections8.reflections8-0.11.7.jar	145616	721477456f75acab46e1b737ca84627c9d531831e33b54303c6a5bd071bafc22
frontends/jssrc2cpg/lib/net.sf.trove4j.core-3.1.0.jar	2560395	e1fed4d718a86d27c5ebb427810550fa5c03260e350e41a85ef2c2db6eac0856
frontends/jssrc2cpg/lib/org.apache.commons.commons-exec-1.4.0.jar	65863	f51cf8bee467efe2be76e46fc08078d96afa280a794283364291beda892a67ef
frontends/jssrc2cpg/lib/org.apache.commons.commons-lang3-3.17.0.jar	673587	6ee731df5c8e5a2976a1ca023b6bb320ea8d3539fbe64c8a1d5cb765127c33b4
frontends/jssrc2cpg/lib/org.apache.commons.commons-text-1.13.0.jar	257863	1e323a501127df78ed0987f345d69d65d0ea7fa3d4fb5b3f84aaeba3a8b20f38
frontends/jssrc2cpg/lib/org.apache.logging.log4j.log4j-api-2.20.0.jar	313296	2f43eea679ea66f14ca0f13fec2a8600ac124f5a5231dcb4df8393eddcb97550
frontends/jssrc2cpg/lib/org.apache.logging.log4j.log4j-core-2.20.0.jar	1847550	6137df848cdaed9f4d5076f75513c6c85da80b953f4e7acca38098b770763f55
frontends/jssrc2cpg/lib/org.apache.logging.log4j.log4j-slf4j2-impl-2.20.0.jar	26430	b8dd3e4ea9cffa18db5f301cd8c539158662e691efd4701aa87b4d09961bd8b0
frontends/jssrc2cpg/lib/org.apache.maven.maven-artifact-3.9.16.jar	58857	54cc1c1ef932e3d4a903352111b42b4d3c3ed8e7a1d0de73b625309d9c3ad3e8
frontends/jssrc2cpg/lib/org.codehaus.plexus.plexus-utils-3.6.1.jar	272101	05a63effd67e2d6b9d610cc82e2bd7473289d34802e57a529b28110f28af5679
frontends/jssrc2cpg/lib/org.javassist.javassist-3.22.0-GA.jar	739582	59531c00f3e3aa1ff48b3a8cf4ead47d203ab0e2fd9e0ad401f764e05947e252
frontends/jssrc2cpg/lib/org.jline.jline-native-3.29.0.jar	190157	19cfcc9d3c78a1c6cfe4c6c9599f16a657e4bf8da43940fc4b875373236dc258
frontends/jssrc2cpg/lib/org.jline.jline-reader-3.29.0.jar	184808	a4cb0a5fde9289f2f1b614e04f94b202f6ff5c9c96476425837b1184c92ef81d
frontends/jssrc2cpg/lib/org.jline.jline-terminal-3.29.0.jar	264973	fd68a98b32b1132035c62102e5df0b0fdc358e7c87a9f876ce7071450b4d10da
frontends/jssrc2cpg/lib/org.jline.jline-terminal-jni-3.29.0.jar	49066	13fef8bcc0e4788c8e192dc76c33758683c6bfdbaef6f67b41445eb8986773ad
frontends/jssrc2cpg/lib/org.json4s.json4s-ast_3-4.0.7.jar	706444	6140e538e53c2c55db445645a65ffe26f73577d0000f0890076b066ca55f2b25
frontends/jssrc2cpg/lib/org.json4s.json4s-core_3-4.0.7.jar	405716	bdb869db56d60c10a0760a98a3d53ecb632841fa8f1a5001e7c1a0d91877493a
frontends/jssrc2cpg/lib/org.json4s.json4s-native-core_3-4.0.7.jar	108350	d79432d86ab353840807cbcc8a7e9e48160efa67680db1fe26db6765b778362e
frontends/jssrc2cpg/lib/org.json4s.json4s-native_3-4.0.7.jar	13319	bd2222e623f020b6d036f1328b306f983365527d2d93eab7c205db223e5c09bf
frontends/jssrc2cpg/lib/org.json4s.json4s-scalap_3-4.0.7.jar	428143	dc2269e32e3d9cdd296151deb5f61d108d3d4fe99e220de5679dbaf6fb8e140a
frontends/jssrc2cpg/lib/org.msgpack.msgpack-core-0.9.1.jar	125098	183abb2b7c604a8b13d5f76af487ccddd003b6f0404aef52021dcb20a4358524
frontends/jssrc2cpg/lib/org.scala-lang.modules.scala-asm-9.9.0-scala-1.jar	323674	75ac366e8ecb691e06a7e85041eed0f67919a646e5262fa0901225698c104375
frontends/jssrc2cpg/lib/org.scala-lang.modules.scala-xml_3-2.3.0.jar	740520	3220723238102107ab83182468e5dbe351b081a0601386710ef46c81a95d38d0
frontends/jssrc2cpg/lib/org.scala-lang.scala-library-3.8.3.jar	9184481	8b5164c4be2d7a86635966b419a08b393e58b3c7bc0cafb502e0f34248722b4e
frontends/jssrc2cpg/lib/org.scala-lang.scala3-compiler_3-3.8.3.jar	24620536	cd5e5aa54b610e37522deea19344a9d9614d5fbc9cf052de08a66ceb7c1a8974
frontends/jssrc2cpg/lib/org.scala-lang.scala3-interfaces-3.8.3.jar	3949	98bb43395ad33b65b7ea59ed3705fc14174b6179f4d21d561ae96ef97be563c0
frontends/jssrc2cpg/lib/org.scala-lang.scala3-library_3-3.8.3.jar	318	740c79f7fc3dae2c5eef48e85f777d679a1f0f53fdbb780bf84dea0370220a61
frontends/jssrc2cpg/lib/org.scala-lang.scala3-repl_3-3.8.3.jar	361901	d00e3ab80898f3f0b221535f251f51b21b9d4db50539e6ceec54183a13ae7a01
frontends/jssrc2cpg/lib/org.scala-lang.tasty-core_3-3.8.3.jar	97055	1c771f2416b4e455b269981a17c0804b237eed120c8807af808f192085c3e516
frontends/jssrc2cpg/lib/org.scala-sbt.compiler-interface-1.10.7.jar	113853	2bacc5761e03920a228e5c9d20b33d9c51d43aaf2f52e8f839ece630966eb880
frontends/jssrc2cpg/lib/org.scala-sbt.util-interface-1.10.7.jar	4371	1d6b91efa42b70fc064caed6d62962374e13b27737f885a87c84c667b30be625
frontends/jssrc2cpg/lib/org.slf4j.slf4j-api-2.0.17.jar	69908	7b751d952061954d5abfed7181c1f645d336091b679891591d63329c622eb832
frontends/jssrc2cpg/lib/org.virtuslab.using_directives-1.1.4.jar	53161	f905fd8fd0d50e76bcaca3a9ef631a49587159f14cd5cc405fd3ade97c72c555
frontends/kotlin2cpg/bin/kotlin2cpg	9980	03c388b3b5d4c9ce9666a012004178f37d11bc864740ceb4c115c1ead2b5b5ec
frontends/kotlin2cpg/bin/kotlin2cpg.bat	5628	47eeca2b5ff9109aecd98be574fd9ecd4ec679913ab931951008646ee8ff2302
frontends/kotlin2cpg/bin/main	1374	b82b7fd2abfe474c04482a2238a8b7893827574f8e9a779378f59b30012e29ee
frontends/kotlin2cpg/bin/main.bat	90	960225b316e1b83d45e9be4e66c62808ca2772fffefaac8037f730b0e8ca418a
frontends/kotlin2cpg/lib/com.fasterxml.jackson.core.jackson-core-2.17.2.jar	581927	721a189241dab0525d9e858e5cb604d3ecc0ede081e2de77d6f34fa5779a5b46
frontends/kotlin2cpg/lib/com.github.javaparser.javaparser-core-3.28.0.jar	1472249	d3852d78461c02602eb9bfc15e9fc21ad7c765e6013a1b6d5809a5d0e7db5309
frontends/kotlin2cpg/lib/com.github.javaparser.javaparser-symbol-solver-core-3.28.0.jar	521854	f7bd9d75c66977d8888851f75dc031397274e73f96e5352472edd4cd3a56a790
frontends/kotlin2cpg/lib/com.github.luben.zstd-jni-1.5.7-11.jar	7569993	e45c18832293934924e4f2f1dd97ee2083a74def46caeeea1346cf817a37cea4
frontends/kotlin2cpg/lib/com.github.pathikrit.better-files_3-3.9.2.jar	321335	136c1770a63aa33b2710745bf7f8441cbbe0eeef0cab6b832bd0a46804158989
frontends/kotlin2cpg/lib/com.github.scopt.scopt_3-4.1.0.jar	171963	7cfb80743b761b3df8630a818265eb91fd93cd77b32ed5ebd6fba1bb7cff6a3f
frontends/kotlin2cpg/lib/com.github.tototoshi.scala-csv_3-2.0.0.jar	60826	8f8cf4ddc9665ec76ac3b51c641a215d8485830dd15f355369bc14f9ea95ca70
frontends/kotlin2cpg/lib/com.google.errorprone.error_prone_annotations-2.41.0.jar	20389	a56e782b5b50811ac204073a355a21d915a2107fce13ec711331ad036f660fcc
frontends/kotlin2cpg/lib/com.google.guava.failureaccess-1.0.3.jar	10763	cbfc3906b19b8f55dd7cfd6dfe0aa4532e834250d7f080bd8d211a3e246b59cb
frontends/kotlin2cpg/lib/com.google.guava.guava-33.5.0-jre.jar	3017283	1e301f0c52ac248b0b14fdc3d12283c77252d4d6f48521d572e7d8c4c2cc4ac7
frontends/kotlin2cpg/lib/com.google.guava.listenablefuture-9999.0-empty-to-avoid-conflict-with-guava.jar	2199	b372a037d4230aa57fbeffdef30fd6123f9c0c2db85d0aced00c91b974f33f99
frontends/kotlin2cpg/lib/com.google.j2objc.j2objc-annotations-3.1.jar	16762	84d3a150518485f8140ea99b8a985656749629f6433c92b80c75b36aba3b099b
frontends/kotlin2cpg/lib/com.google.protobuf.protobuf-java-3.20.1.jar	1692592	dcbc32c81c8689c39e6672896258f76e660d781bb2526c6c069d5c91055ef153
frontends/kotlin2cpg/lib/com.h2database.h2-mvstore-1.4.200.jar	301338	961c5e4498d7046a85c1507263a0bac227930edeb28c92f8f929437114d46030
frontends/kotlin2cpg/lib/com.lihaoyi.fansi_3-0.5.1.jar	105124	df4b447704664563cb0fba9cf52d3fc7509654ab592824d5c2eb4647e6701ac4
frontends/kotlin2cpg/lib/com.lihaoyi.geny_3-1.1.1.jar	102389	39658649f90b631a4fd63187724f16ba8a045e1b10a513528f34517fb2edf98b
frontends/kotlin2cpg/lib/com.lihaoyi.pprint_3-0.9.3.jar	162779	2c06448522447fc7fb5707f9c7d28151f5da50c078b0ed0895617b6789427bdb
frontends/kotlin2cpg/lib/com.lihaoyi.requests_3-0.8.0.jar	160538	b7b62f7320a94d94895f169b4151a73aed2cf3925790aa3082360052cb22a955
frontends/kotlin2cpg/lib/com.lihaoyi.sourcecode_3-0.4.4.jar	115781	40cc148f8baab769de72892443476a05eed7471a9b5cd2cbc2a47bf22cad30d3
frontends/kotlin2cpg/lib/com.lihaoyi.ujson_3-4.1.0.jar	265322	6a6fc2c9c8643cedb0ebd02e957b4c50dc09d1aef6573ca1e15a8a424c4fa535
frontends/kotlin2cpg/lib/com.lihaoyi.upack_3-4.0.2.jar	139746	294b2cf0a4ba6a2803412f0b9a3dbbc2dc1dc420a48c3746d582c7f3f16a4181
frontends/kotlin2cpg/lib/com.lihaoyi.upickle-core_3-4.1.0.jar	353146	3d4dbd23edca088a83d722998472c1c5c27678bd01f13572c36627d7061cf596
frontends/kotlin2cpg/lib/com.lihaoyi.upickle-implicits_3-4.0.2.jar	288681	58bea28a70561054701074ca2f7fcc7a4b1abbe2ef7cb5017708e995b61d36ba
frontends/kotlin2cpg/lib/com.lihaoyi.upickle_3-4.0.2.jar	106552	b19a95c92c2d104ab2feb8ce68dacca1271adce6dcf90d8a40488af3f03dfdfd
frontends/kotlin2cpg/lib/com.michaelpollmeier.scala-repl-pp-shaded-libs_3-0.6.4.jar	1359117	f468f56871383b3060f5107f328c3cbadd656c159a52c757490b8784f7582d08
frontends/kotlin2cpg/lib/com.michaelpollmeier.scala-repl-pp_3.8.3-0.6.4.jar	338138	1a45099a3061e31072ba15591caa34361c02946e86f5b7041d06d9532b4bd41a
frontends/kotlin2cpg/lib/com.michaelpollmeier.versionsort-1.0.11.jar	1096	fe58e64378601e07cb95b8c4d75e5f6a8a991ede55c0653ddb1d8d3885d82146
frontends/kotlin2cpg/lib/com.squareup.moshi.moshi-1.9.3.jar	143694	75258fda61c1266c7c5606b297b1c70db35d76258cd170c1aac04e8665a6d59e
frontends/kotlin2cpg/lib/com.squareup.moshi.moshi-kotlin-1.9.3.jar	20274	9ec83f9a5ae27ec529a88e646372386c8ff1692cf60f816ab97265ab716bec1e
frontends/kotlin2cpg/lib/com.squareup.okhttp3.okhttp-4.7.2.jar	792699	6b64ca1d2069751242984537d5de2cbe627ae000430f5117c47d8cb3d272facd
frontends/kotlin2cpg/lib/com.squareup.okio.okio-2.6.0.jar	243330	4d84ef686277b58eb05691ac19cd3befa3429a27274982ee65ea0f07044bcc00
frontends/kotlin2cpg/lib/com.squareup.tools.build.maven-archeologist-0.0.10.jar	171105	237af3398a31778a638a6131dcd6873c4a51024e607ea60f08019db86de9d169
frontends/kotlin2cpg/lib/com.thoughtworks.paranamer.paranamer-2.8.jar	34654	688cb118a6021d819138e855208c956031688be4b47a24bb615becc63acedf07
frontends/kotlin2cpg/lib/com.typesafe.config-1.4.3.jar	296029	8ada4c185ce72416712d63e0b5afdc5f009c0cdf405e5f26efecdf156aa5dfb6
frontends/kotlin2cpg/lib/commons-io.commons-io-2.22.0.jar	609182	2b9a7b1f726fb86216dbd2c8321eabe0221dbd5b1be81c18e1cb53811b104758
frontends/kotlin2cpg/lib/io.get-coursier.interface-1.0.28.jar	11106161	7592fe49c789b55429483185ac22ac6da43680a39c53b818c50bca0fb7dd6a78
frontends/kotlin2cpg/lib/io.joern.flatgraph-core_3-0.1.34.jar	611916	c14dd8e8510f6762078005d747ae8b5e87047db74f94d51bfd18c158a9623699
frontends/kotlin2cpg/lib/io.joern.flatgraph-formats_3-0.1.34.jar	345490	017dc4cfd37b99131c8506ace929f1943e25c9f3c22d2947a0aa5d67792b09aa
frontends/kotlin2cpg/lib/io.joern.flatgraph-help_3-0.1.34.jar	35756	9b50d84a9959bbc739ae3d7a2d423c97f6b862705831ce04c9bcc6096450b596
frontends/kotlin2cpg/lib/io.joern.flatgraph-odb-convert_3-0.1.34.jar	45190	6cc159d5a4714b353ebb7325c3af1807cacaeaca18393ccbd1b1b5fd511ad966
frontends/kotlin2cpg/lib/io.joern.javasrc2cpg-4.0.628.jar	1232881	4e17a51a85bf498892f167ad36eb67819c7c17a7f840f3e07b3fa692799718ca
frontends/kotlin2cpg/lib/io.joern.kotlin2cpg-4.0.628-launcher.jar	1899	14215daa252dafbe06ffaebbedc63d02e0b934f8d6599b5440958ad459d67f08
frontends/kotlin2cpg/lib/io.joern.kotlin2cpg-4.0.628.jar	2439138	134bd3b242101edfa268d597e3adb7b334e5382e61e8fa31ed2d2887921a92c2
frontends/kotlin2cpg/lib/io.joern.semanticcpg-4.0.628.jar	1270417	dafa3ed41664922943f901a86c479a954695fb8640ba36b3b486e2e886167cd4
frontends/kotlin2cpg/lib/io.joern.x2cpg-4.0.628.jar	1795717	5d40b6a1f045495b46337c4a05ed0cf7c6325b4e3d79350e241cf3d8f0c21654
frontends/kotlin2cpg/lib/io.shiftleft.codepropertygraph-domain-classes_3-1.7.74.jar	4733340	9c6c0865db78ce3d40c98c64c8d76cab935257cb213873902515664d17a80230
frontends/kotlin2cpg/lib/io.shiftleft.codepropertygraph-protos_3-1.7.74.jar	316819	7a1f931175bc205124b4949dbaab566eab7e54045ce5eaafd3e15c20be3e0fd4
frontends/kotlin2cpg/lib/io.shiftleft.codepropertygraph_3-1.7.74.jar	120707	d4982e3bf459da75e94fdd1389f4a85d49b0917912ea914cde11ce89a1bc2e45
frontends/kotlin2cpg/lib/io.shiftleft.overflowdb-core_3-1.194.jar	119891	aacc7f470528ccf44555e0a60cba54f601531b1b551d92cbdf2d6a0ee1899884
frontends/kotlin2cpg/lib/io.spray.spray-json_3-1.3.6.jar	368491	b92a3ad0ad4a39f1f59c94e8583d078a7335f744ae467812f9bf29f10b774fb7
frontends/kotlin2cpg/lib/javax.inject.javax.inject-1.jar	2497	91c77044a50c481636c32d916fd89c9118a72195390452c81065080f957de7ff
frontends/kotlin2cpg/lib/net.lingala.zip4j.zip4j-2.11.5.jar	210027	fee9a941f286166d4a19719d818f20e9f3addb3cbd7291c08b67f0e0ce75a9fd
frontends/kotlin2cpg/lib/net.oneandone.reflections8.reflections8-0.11.7.jar	145616	721477456f75acab46e1b737ca84627c9d531831e33b54303c6a5bd071bafc22
frontends/kotlin2cpg/lib/net.sf.trove4j.core-3.1.0.jar	2560395	e1fed4d718a86d27c5ebb427810550fa5c03260e350e41a85ef2c2db6eac0856
frontends/kotlin2cpg/lib/org.apache.commons.commons-exec-1.4.0.jar	65863	f51cf8bee467efe2be76e46fc08078d96afa280a794283364291beda892a67ef
frontends/kotlin2cpg/lib/org.apache.commons.commons-lang3-3.17.0.jar	673587	6ee731df5c8e5a2976a1ca023b6bb320ea8d3539fbe64c8a1d5cb765127c33b4
frontends/kotlin2cpg/lib/org.apache.commons.commons-text-1.13.0.jar	257863	1e323a501127df78ed0987f345d69d65d0ea7fa3d4fb5b3f84aaeba3a8b20f38
frontends/kotlin2cpg/lib/org.apache.logging.log4j.log4j-api-2.20.0.jar	313296	2f43eea679ea66f14ca0f13fec2a8600ac124f5a5231dcb4df8393eddcb97550
frontends/kotlin2cpg/lib/org.apache.logging.log4j.log4j-core-2.20.0.jar	1847550	6137df848cdaed9f4d5076f75513c6c85da80b953f4e7acca38098b770763f55
frontends/kotlin2cpg/lib/org.apache.logging.log4j.log4j-slf4j2-impl-2.20.0.jar	26430	b8dd3e4ea9cffa18db5f301cd8c539158662e691efd4701aa87b4d09961bd8b0
frontends/kotlin2cpg/lib/org.apache.maven.maven-artifact-3.9.16.jar	58857	54cc1c1ef932e3d4a903352111b42b4d3c3ed8e7a1d0de73b625309d9c3ad3e8
frontends/kotlin2cpg/lib/org.apache.maven.maven-builder-support-3.6.3.jar	14262	3285308ea243a9967785417af5e21ae0c094099b20dfb0b7e1c3d211a87a5e59
frontends/kotlin2cpg/lib/org.apache.maven.maven-model-3.6.3.jar	215412	17cef1f58e146ef0d7d9e96b3b92d98a1d6fd7d2b3288ba538e8ff1e0d9160cf
frontends/kotlin2cpg/lib/org.apache.maven.maven-model-builder-3.6.3.jar	192302	7d9a508edae881054fdb6ad530a5e053a0689ab1318bf7a099016e758b8323ba
frontends/kotlin2cpg/lib/org.checkerframework.checker-qual-3.53.0.jar	241630	7ca002815d92fad79e966b375c2ee7b2b4bf953024bc9a5d5e0c59df13ff5af8
frontends/kotlin2cpg/lib/org.codehaus.plexus.plexus-interpolation-1.25.jar	85327	e003802501574637f7abdc4e83e6d509a31e9ff825d12da6d1e419acf9688705
frontends/kotlin2cpg/lib/org.codehaus.plexus.plexus-utils-3.6.1.jar	272101	05a63effd67e2d6b9d610cc82e2bd7473289d34802e57a529b28110f28af5679
frontends/kotlin2cpg/lib/org.eclipse.sisu.org.eclipse.sisu.inject-0.3.4.jar	379197	8c0e6aa7f35593016f2c5e78b604b57f023cdaca3561fe2fe36f2b5dbbae1d16
frontends/kotlin2cpg/lib/org.gradle.gradle-tooling-api-8.3.jar	2717591	57cee640b33447d147e3fdd7e4075bf84e2a2e7c7b56bdc8489dfb2e02597a4c
frontends/kotlin2cpg/lib/org.javassist.javassist-3.30.2-GA.jar	794714	eba37290994b5e4868f3af98ff113f6244a6b099385d9ad46881307d3cb01aaf
frontends/kotlin2cpg/lib/org.jetbrains.annotations-13.0.jar	17536	ace2a10dc8e2d5fd34925ecac03e4988b2c0f851650c94b8cef49ba1bd111478
frontends/kotlin2cpg/lib/org.jetbrains.kotlin.kotlin-allopen-2.3.21.jar	10619	1adb5f98598578acfe2b6e41b0d06e2d8e104080896130fa968a9318bdad3fc6
frontends/kotlin2cpg/lib/org.jetbrains.kotlin.kotlin-build-tools-api-2.3.21.jar	168792	b2e5cc2666c100079ed343618528eb820dcfa5095095e30f2dd19c60dff7e462
frontends/kotlin2cpg/lib/org.jetbrains.kotlin.kotlin-compiler-embeddable-2.3.21.jar	59720376	d3e70fb011675e77ef00f1a68918d3cd91eed26058977d1e3ea2a37a293233af
frontends/kotlin2cpg/lib/org.jetbrains.kotlin.kotlin-daemon-embeddable-2.3.21.jar	368344	222fc10a3c22e74d30369bf8a0ca6c4f9372eac7d4a0081e290c256fa4d30fb2
frontends/kotlin2cpg/lib/org.jetbrains.kotlin.kotlin-gradle-plugin-annotations-2.3.21.jar	4689	e24dfa810bb5d36f83bf320f25c23034b2d280cc7903e29014c4b7bd12485062
frontends/kotlin2cpg/lib/org.jetbrains.kotlin.kotlin-gradle-plugin-api-2.3.21.jar	300839	97bb77eba1fb96050d4b6a5f54deafd33e34b529b154baa04bd06b7b78c642bd
frontends/kotlin2cpg/lib/org.jetbrains.kotlin.kotlin-native-utils-2.3.21.jar	404600	080e8b3ceeeb2efce51d02384f5e22ff0d8df1a9bba94ae9015e30ac21a17490
frontends/kotlin2cpg/lib/org.jetbrains.kotlin.kotlin-reflect-1.6.10.jar	3038560	3277ac102ae17aad10a55abec75ff5696c8d109790396434b496e75087854203
frontends/kotlin2cpg/lib/org.jetbrains.kotlin.kotlin-script-runtime-2.3.21.jar	44972	ec61bf1229c837fa9f4255f34ca69816138b73158e7ae9b8d964cf92ca6dfd2e
frontends/kotlin2cpg/lib/org.jetbrains.kotlin.kotlin-stdlib-2.3.21.jar	1804721	6f64eac736db9434dd6925b4a518b9d1d17177652320c37916cf9ba3ce7d7d7a
frontends/kotlin2cpg/lib/org.jetbrains.kotlin.kotlin-stdlib-common-1.3.70.jar	179597	6e2377cfc4898f2fb24429951b133b570b250e3f860a8458b2a1f8a63cf53a50
frontends/kotlin2cpg/lib/org.jetbrains.kotlin.kotlin-stdlib-jdk7-2.3.21.jar	947	e2243abac2bed6e0b47be18b2b7fe1c1b4cf6a431480353dcd49d1ed35f31199
frontends/kotlin2cpg/lib/org.jetbrains.kotlin.kotlin-stdlib-jdk8-2.3.21.jar	951	63091929246beba86b5fb2b020a6f5d06e01693a960b58a59959c8713667991c
frontends/kotlin2cpg/lib/org.jetbrains.kotlin.kotlin-tooling-core-2.3.21.jar	99749	367142781299bc0f9120c1deec0e62934a1af9ea7f01aaa9c5a5354dc5d8d7d9
frontends/kotlin2cpg/lib/org.jetbrains.kotlin.kotlin-util-io-2.3.21.jar	57195	b768405cb843bc300ece1a5e80323e70f11bde12f0d91506d0cc99011be2f2d7
frontends/kotlin2cpg/lib/org.jetbrains.kotlinx.kotlinx-coroutines-core-jvm-1.8.0.jar	1548360	9860906a1937490bf5f3b06d2f0e10ef451e65b95b269f22daf68a3d1f5065c5
frontends/kotlin2cpg/lib/org.jline.jline-native-3.29.0.jar	190157	19cfcc9d3c78a1c6cfe4c6c9599f16a657e4bf8da43940fc4b875373236dc258
frontends/kotlin2cpg/lib/org.jline.jline-reader-3.29.0.jar	184808	a4cb0a5fde9289f2f1b614e04f94b202f6ff5c9c96476425837b1184c92ef81d
frontends/kotlin2cpg/lib/org.jline.jline-terminal-3.29.0.jar	264973	fd68a98b32b1132035c62102e5df0b0fdc358e7c87a9f876ce7071450b4d10da
frontends/kotlin2cpg/lib/org.jline.jline-terminal-jni-3.29.0.jar	49066	13fef8bcc0e4788c8e192dc76c33758683c6bfdbaef6f67b41445eb8986773ad
frontends/kotlin2cpg/lib/org.json4s.json4s-ast_3-4.0.7.jar	706444	6140e538e53c2c55db445645a65ffe26f73577d0000f0890076b066ca55f2b25
frontends/kotlin2cpg/lib/org.json4s.json4s-core_3-4.0.7.jar	405716	bdb869db56d60c10a0760a98a3d53ecb632841fa8f1a5001e7c1a0d91877493a
frontends/kotlin2cpg/lib/org.json4s.json4s-native-core_3-4.0.7.jar	108350	d79432d86ab353840807cbcc8a7e9e48160efa67680db1fe26db6765b778362e
frontends/kotlin2cpg/lib/org.json4s.json4s-native_3-4.0.7.jar	13319	bd2222e623f020b6d036f1328b306f983365527d2d93eab7c205db223e5c09bf
frontends/kotlin2cpg/lib/org.json4s.json4s-scalap_3-4.0.7.jar	428143	dc2269e32e3d9cdd296151deb5f61d108d3d4fe99e220de5679dbaf6fb8e140a
frontends/kotlin2cpg/lib/org.jspecify.jspecify-1.0.0.jar	3819	1fad6e6be7557781e4d33729d49ae1cdc8fdda6fe477bb0cc68ce351eafdfbab
frontends/kotlin2cpg/lib/org.msgpack.msgpack-core-0.9.1.jar	125098	183abb2b7c604a8b13d5f76af487ccddd003b6f0404aef52021dcb20a4358524
frontends/kotlin2cpg/lib/org.ow2.asm.asm-9.9.1.jar	126252	6f3828a215c920059a5efa2fb55c233d6c54ec5cadca99ce1b1bdd10077c7ddd
frontends/kotlin2cpg/lib/org.projectlombok.lombok-1.18.42.jar	2031660	3488a4e9994c26596baaceebee58cad36a50e3bdaec5be72b5834d3c3b560306
frontends/kotlin2cpg/lib/org.scala-lang.modules.scala-asm-9.9.0-scala-1.jar	323674	75ac366e8ecb691e06a7e85041eed0f67919a646e5262fa0901225698c104375
frontends/kotlin2cpg/lib/org.scala-lang.modules.scala-parallel-collections_3-1.0.4.jar	1293006	c3bf0d4d057942a78389fa9675823db5e3179f1b503f2df212b74e784da57050
frontends/kotlin2cpg/lib/org.scala-lang.modules.scala-parser-combinators_3-2.4.0.jar	264899	50f1b3dcf8f14975702dc6da287797e391fc5d4834e4d3e7e9f9125efdb2de9a
frontends/kotlin2cpg/lib/org.scala-lang.modules.scala-xml_3-2.3.0.jar	740520	3220723238102107ab83182468e5dbe351b081a0601386710ef46c81a95d38d0
frontends/kotlin2cpg/lib/org.scala-lang.scala-library-3.8.3.jar	9184481	8b5164c4be2d7a86635966b419a08b393e58b3c7bc0cafb502e0f34248722b4e
frontends/kotlin2cpg/lib/org.scala-lang.scala3-compiler_3-3.8.3.jar	24620536	cd5e5aa54b610e37522deea19344a9d9614d5fbc9cf052de08a66ceb7c1a8974
frontends/kotlin2cpg/lib/org.scala-lang.scala3-interfaces-3.8.3.jar	3949	98bb43395ad33b65b7ea59ed3705fc14174b6179f4d21d561ae96ef97be563c0
frontends/kotlin2cpg/lib/org.scala-lang.scala3-library_3-3.8.3.jar	318	740c79f7fc3dae2c5eef48e85f777d679a1f0f53fdbb780bf84dea0370220a61
frontends/kotlin2cpg/lib/org.scala-lang.scala3-repl_3-3.8.3.jar	361901	d00e3ab80898f3f0b221535f251f51b21b9d4db50539e6ceec54183a13ae7a01
frontends/kotlin2cpg/lib/org.scala-lang.tasty-core_3-3.8.3.jar	97055	1c771f2416b4e455b269981a17c0804b237eed120c8807af808f192085c3e516
frontends/kotlin2cpg/lib/org.scala-sbt.compiler-interface-1.10.7.jar	113853	2bacc5761e03920a228e5c9d20b33d9c51d43aaf2f52e8f839ece630966eb880
frontends/kotlin2cpg/lib/org.scala-sbt.util-interface-1.10.7.jar	4371	1d6b91efa42b70fc064caed6d62962374e13b27737f885a87c84c667b30be625
frontends/kotlin2cpg/lib/org.slf4j.slf4j-api-2.0.17.jar	69908	7b751d952061954d5abfed7181c1f645d336091b679891591d63329c622eb832
frontends/kotlin2cpg/lib/org.virtuslab.using_directives-1.1.4.jar	53161	f905fd8fd0d50e76bcaca3a9ef631a49587159f14cd5cc405fd3ade97c72c555
frontends/php2cpg/bin/main	1368	184d7b48349279a2f88e6e73b51f6690d50b86e5a777c5548765326b9daa3895
frontends/php2cpg/bin/main.bat	84	b0f05ce4958706e5b951e4aac3d4fca99b0685c79f466cee6d9e18f06419f467
frontends/php2cpg/bin/php-parser/php-parser-4.15.10.phar	940076	9e33ef03889717059ee6fccb00f47ef05831599c10065ecc762d5d32ddd8b931
frontends/php2cpg/bin/php-parser/php-parser.php	43	536544dd162ffca16f4de1bad724daeacb5f7e933789a153a0c8cc094aadfb6e
frontends/php2cpg/bin/php2cpg	9974	8571c698049610a898abb5ee7c777f0fe39cae888710aeb69b7498904c0d5ae0
frontends/php2cpg/bin/php2cpg.bat	5598	b913afba79e920b8a94f4e564e34dd6eae883ccdbaa183db25bc5bf8252500ca
frontends/php2cpg/bin/php2cpg.sh	438	f67eaa206333514f1d1b07022577db6b2828741c121b85e8e44a6073a1e233c8
frontends/php2cpg/lib/com.fasterxml.jackson.core.jackson-core-2.17.2.jar	581927	721a189241dab0525d9e858e5cb604d3ecc0ede081e2de77d6f34fa5779a5b46
frontends/php2cpg/lib/com.github.albfernandez.juniversalchardet-2.5.0.jar	245229	ceb271653ed99e15ffe52e4aedecdef8918434f19a4378a67f7ebe0ea8439058
frontends/php2cpg/lib/com.github.luben.zstd-jni-1.5.7-11.jar	7569993	e45c18832293934924e4f2f1dd97ee2083a74def46caeeea1346cf817a37cea4
frontends/php2cpg/lib/com.github.pathikrit.better-files_3-3.9.2.jar	321335	136c1770a63aa33b2710745bf7f8441cbbe0eeef0cab6b832bd0a46804158989
frontends/php2cpg/lib/com.github.scopt.scopt_3-4.1.0.jar	171963	7cfb80743b761b3df8630a818265eb91fd93cd77b32ed5ebd6fba1bb7cff6a3f
frontends/php2cpg/lib/com.github.sh4869.semver-parser-scala_3-0.0.6.jar	102011	668e4e372caeb9f2c490ae03f286b91535de568a7351a59d3086b367d7db98fb
frontends/php2cpg/lib/com.github.tototoshi.scala-csv_3-2.0.0.jar	60826	8f8cf4ddc9665ec76ac3b51c641a215d8485830dd15f355369bc14f9ea95ca70
frontends/php2cpg/lib/com.google.protobuf.protobuf-java-3.20.1.jar	1692592	dcbc32c81c8689c39e6672896258f76e660d781bb2526c6c069d5c91055ef153
frontends/php2cpg/lib/com.h2database.h2-mvstore-1.4.200.jar	301338	961c5e4498d7046a85c1507263a0bac227930edeb28c92f8f929437114d46030
frontends/php2cpg/lib/com.lihaoyi.fansi_3-0.5.1.jar	105124	df4b447704664563cb0fba9cf52d3fc7509654ab592824d5c2eb4647e6701ac4
frontends/php2cpg/lib/com.lihaoyi.geny_3-1.1.1.jar	102389	39658649f90b631a4fd63187724f16ba8a045e1b10a513528f34517fb2edf98b
frontends/php2cpg/lib/com.lihaoyi.pprint_3-0.9.3.jar	162779	2c06448522447fc7fb5707f9c7d28151f5da50c078b0ed0895617b6789427bdb
frontends/php2cpg/lib/com.lihaoyi.sourcecode_3-0.4.4.jar	115781	40cc148f8baab769de72892443476a05eed7471a9b5cd2cbc2a47bf22cad30d3
frontends/php2cpg/lib/com.lihaoyi.ujson_3-4.1.0.jar	265322	6a6fc2c9c8643cedb0ebd02e957b4c50dc09d1aef6573ca1e15a8a424c4fa535
frontends/php2cpg/lib/com.lihaoyi.upack_3-4.0.2.jar	139746	294b2cf0a4ba6a2803412f0b9a3dbbc2dc1dc420a48c3746d582c7f3f16a4181
frontends/php2cpg/lib/com.lihaoyi.upickle-core_3-4.1.0.jar	353146	3d4dbd23edca088a83d722998472c1c5c27678bd01f13572c36627d7061cf596
frontends/php2cpg/lib/com.lihaoyi.upickle-implicits_3-4.0.2.jar	288681	58bea28a70561054701074ca2f7fcc7a4b1abbe2ef7cb5017708e995b61d36ba
frontends/php2cpg/lib/com.lihaoyi.upickle_3-4.0.2.jar	106552	b19a95c92c2d104ab2feb8ce68dacca1271adce6dcf90d8a40488af3f03dfdfd
frontends/php2cpg/lib/com.michaelpollmeier.scala-repl-pp-shaded-libs_3-0.6.4.jar	1359117	f468f56871383b3060f5107f328c3cbadd656c159a52c757490b8784f7582d08
frontends/php2cpg/lib/com.michaelpollmeier.scala-repl-pp_3.8.3-0.6.4.jar	338138	1a45099a3061e31072ba15591caa34361c02946e86f5b7041d06d9532b4bd41a
frontends/php2cpg/lib/com.michaelpollmeier.versionsort-1.0.11.jar	1096	fe58e64378601e07cb95b8c4d75e5f6a8a991ede55c0653ddb1d8d3885d82146
frontends/php2cpg/lib/com.thoughtworks.paranamer.paranamer-2.8.jar	34654	688cb118a6021d819138e855208c956031688be4b47a24bb615becc63acedf07
frontends/php2cpg/lib/com.typesafe.config-1.4.3.jar	296029	8ada4c185ce72416712d63e0b5afdc5f009c0cdf405e5f26efecdf156aa5dfb6
frontends/php2cpg/lib/commons-io.commons-io-2.22.0.jar	609182	2b9a7b1f726fb86216dbd2c8321eabe0221dbd5b1be81c18e1cb53811b104758
frontends/php2cpg/lib/io.get-coursier.interface-1.0.28.jar	11106161	7592fe49c789b55429483185ac22ac6da43680a39c53b818c50bca0fb7dd6a78
frontends/php2cpg/lib/io.joern.flatgraph-core_3-0.1.34.jar	611916	c14dd8e8510f6762078005d747ae8b5e87047db74f94d51bfd18c158a9623699
frontends/php2cpg/lib/io.joern.flatgraph-formats_3-0.1.34.jar	345490	017dc4cfd37b99131c8506ace929f1943e25c9f3c22d2947a0aa5d67792b09aa
frontends/php2cpg/lib/io.joern.flatgraph-help_3-0.1.34.jar	35756	9b50d84a9959bbc739ae3d7a2d423c97f6b862705831ce04c9bcc6096450b596
frontends/php2cpg/lib/io.joern.flatgraph-odb-convert_3-0.1.34.jar	45190	6cc159d5a4714b353ebb7325c3af1807cacaeaca18393ccbd1b1b5fd511ad966
frontends/php2cpg/lib/io.joern.php2cpg-4.0.628-launcher.jar	1274	13a2039154ea5d12aae71c876260d8ab4caa1af45349dd9e9930a35f96f95ddd
frontends/php2cpg/lib/io.joern.php2cpg-4.0.628.jar	1046685	235c66d8e0c7adb982aac8fa732ec0ae715a7049c193acd9d29a4a23b725e1df
frontends/php2cpg/lib/io.joern.semanticcpg-4.0.628.jar	1270417	dafa3ed41664922943f901a86c479a954695fb8640ba36b3b486e2e886167cd4
frontends/php2cpg/lib/io.joern.x2cpg-4.0.628.jar	1795717	5d40b6a1f045495b46337c4a05ed0cf7c6325b4e3d79350e241cf3d8f0c21654
frontends/php2cpg/lib/io.shiftleft.codepropertygraph-domain-classes_3-1.7.74.jar	4733340	9c6c0865db78ce3d40c98c64c8d76cab935257cb213873902515664d17a80230
frontends/php2cpg/lib/io.shiftleft.codepropertygraph-protos_3-1.7.74.jar	316819	7a1f931175bc205124b4949dbaab566eab7e54045ce5eaafd3e15c20be3e0fd4
frontends/php2cpg/lib/io.shiftleft.codepropertygraph_3-1.7.74.jar	120707	d4982e3bf459da75e94fdd1389f4a85d49b0917912ea914cde11ce89a1bc2e45
frontends/php2cpg/lib/io.shiftleft.overflowdb-core_3-1.194.jar	119891	aacc7f470528ccf44555e0a60cba54f601531b1b551d92cbdf2d6a0ee1899884
frontends/php2cpg/lib/io.spray.spray-json_3-1.3.6.jar	368491	b92a3ad0ad4a39f1f59c94e8583d078a7335f744ae467812f9bf29f10b774fb7
frontends/php2cpg/lib/net.oneandone.reflections8.reflections8-0.11.7.jar	145616	721477456f75acab46e1b737ca84627c9d531831e33b54303c6a5bd071bafc22
frontends/php2cpg/lib/net.sf.trove4j.core-3.1.0.jar	2560395	e1fed4d718a86d27c5ebb427810550fa5c03260e350e41a85ef2c2db6eac0856
frontends/php2cpg/lib/org.apache.commons.commons-exec-1.4.0.jar	65863	f51cf8bee467efe2be76e46fc08078d96afa280a794283364291beda892a67ef
frontends/php2cpg/lib/org.apache.commons.commons-lang3-3.17.0.jar	673587	6ee731df5c8e5a2976a1ca023b6bb320ea8d3539fbe64c8a1d5cb765127c33b4
frontends/php2cpg/lib/org.apache.commons.commons-text-1.13.0.jar	257863	1e323a501127df78ed0987f345d69d65d0ea7fa3d4fb5b3f84aaeba3a8b20f38
frontends/php2cpg/lib/org.apache.logging.log4j.log4j-api-2.20.0.jar	313296	2f43eea679ea66f14ca0f13fec2a8600ac124f5a5231dcb4df8393eddcb97550
frontends/php2cpg/lib/org.apache.logging.log4j.log4j-core-2.20.0.jar	1847550	6137df848cdaed9f4d5076f75513c6c85da80b953f4e7acca38098b770763f55
frontends/php2cpg/lib/org.apache.logging.log4j.log4j-slf4j2-impl-2.20.0.jar	26430	b8dd3e4ea9cffa18db5f301cd8c539158662e691efd4701aa87b4d09961bd8b0
frontends/php2cpg/lib/org.apache.maven.maven-artifact-3.9.16.jar	58857	54cc1c1ef932e3d4a903352111b42b4d3c3ed8e7a1d0de73b625309d9c3ad3e8
frontends/php2cpg/lib/org.codehaus.plexus.plexus-utils-3.6.1.jar	272101	05a63effd67e2d6b9d610cc82e2bd7473289d34802e57a529b28110f28af5679
frontends/php2cpg/lib/org.javassist.javassist-3.22.0-GA.jar	739582	59531c00f3e3aa1ff48b3a8cf4ead47d203ab0e2fd9e0ad401f764e05947e252
frontends/php2cpg/lib/org.jline.jline-native-3.29.0.jar	190157	19cfcc9d3c78a1c6cfe4c6c9599f16a657e4bf8da43940fc4b875373236dc258
frontends/php2cpg/lib/org.jline.jline-reader-3.29.0.jar	184808	a4cb0a5fde9289f2f1b614e04f94b202f6ff5c9c96476425837b1184c92ef81d
frontends/php2cpg/lib/org.jline.jline-terminal-3.29.0.jar	264973	fd68a98b32b1132035c62102e5df0b0fdc358e7c87a9f876ce7071450b4d10da
frontends/php2cpg/lib/org.jline.jline-terminal-jni-3.29.0.jar	49066	13fef8bcc0e4788c8e192dc76c33758683c6bfdbaef6f67b41445eb8986773ad
frontends/php2cpg/lib/org.json4s.json4s-ast_3-4.0.7.jar	706444	6140e538e53c2c55db445645a65ffe26f73577d0000f0890076b066ca55f2b25
frontends/php2cpg/lib/org.json4s.json4s-core_3-4.0.7.jar	405716	bdb869db56d60c10a0760a98a3d53ecb632841fa8f1a5001e7c1a0d91877493a
frontends/php2cpg/lib/org.json4s.json4s-native-core_3-4.0.7.jar	108350	d79432d86ab353840807cbcc8a7e9e48160efa67680db1fe26db6765b778362e
frontends/php2cpg/lib/org.json4s.json4s-native_3-4.0.7.jar	13319	bd2222e623f020b6d036f1328b306f983365527d2d93eab7c205db223e5c09bf
frontends/php2cpg/lib/org.json4s.json4s-scalap_3-4.0.7.jar	428143	dc2269e32e3d9cdd296151deb5f61d108d3d4fe99e220de5679dbaf6fb8e140a
frontends/php2cpg/lib/org.msgpack.msgpack-core-0.9.1.jar	125098	183abb2b7c604a8b13d5f76af487ccddd003b6f0404aef52021dcb20a4358524
frontends/php2cpg/lib/org.scala-lang.modules.scala-asm-9.9.0-scala-1.jar	323674	75ac366e8ecb691e06a7e85041eed0f67919a646e5262fa0901225698c104375
frontends/php2cpg/lib/org.scala-lang.modules.scala-parser-combinators_3-2.1.0.jar	258403	9c89c87206aab894492fcb94e380cb7db47ba32aa4977238484bff633d4d6172
frontends/php2cpg/lib/org.scala-lang.modules.scala-xml_3-2.3.0.jar	740520	3220723238102107ab83182468e5dbe351b081a0601386710ef46c81a95d38d0
frontends/php2cpg/lib/org.scala-lang.scala-library-3.8.3.jar	9184481	8b5164c4be2d7a86635966b419a08b393e58b3c7bc0cafb502e0f34248722b4e
frontends/php2cpg/lib/org.scala-lang.scala3-compiler_3-3.8.3.jar	24620536	cd5e5aa54b610e37522deea19344a9d9614d5fbc9cf052de08a66ceb7c1a8974
frontends/php2cpg/lib/org.scala-lang.scala3-interfaces-3.8.3.jar	3949	98bb43395ad33b65b7ea59ed3705fc14174b6179f4d21d561ae96ef97be563c0
frontends/php2cpg/lib/org.scala-lang.scala3-library_3-3.8.3.jar	318	740c79f7fc3dae2c5eef48e85f777d679a1f0f53fdbb780bf84dea0370220a61
frontends/php2cpg/lib/org.scala-lang.scala3-repl_3-3.8.3.jar	361901	d00e3ab80898f3f0b221535f251f51b21b9d4db50539e6ceec54183a13ae7a01
frontends/php2cpg/lib/org.scala-lang.tasty-core_3-3.8.3.jar	97055	1c771f2416b4e455b269981a17c0804b237eed120c8807af808f192085c3e516
frontends/php2cpg/lib/org.scala-sbt.compiler-interface-1.10.7.jar	113853	2bacc5761e03920a228e5c9d20b33d9c51d43aaf2f52e8f839ece630966eb880
frontends/php2cpg/lib/org.scala-sbt.util-interface-1.10.7.jar	4371	1d6b91efa42b70fc064caed6d62962374e13b27737f885a87c84c667b30be625
frontends/php2cpg/lib/org.slf4j.slf4j-api-2.0.17.jar	69908	7b751d952061954d5abfed7181c1f645d336091b679891591d63329c622eb832
frontends/php2cpg/lib/org.virtuslab.using_directives-1.1.4.jar	53161	f905fd8fd0d50e76bcaca3a9ef631a49587159f14cd5cc405fd3ade97c72c555
frontends/pysrc2cpg/bin/new-main	1375	8e7d35b6db5df5c81b88c8c2bc053060ffa905c68f57440a04aaed9a80bf932a
frontends/pysrc2cpg/bin/new-main.bat	91	bee3280f90afdd3293d950a5c2c51aabeef9b6bda7e2fbc2377d3b81a6c95dda
frontends/pysrc2cpg/bin/pysrc2cpg	9981	5d8bd8312b4f238512b407bbb63817dc7a72c7b538add922c7624c1bc25c6b54
frontends/pysrc2cpg/bin/pysrc2cpg.bat	5618	c9fa2228ada335db232affdedebbc99dbc2621a1af970fa330b2dfab95230114
frontends/pysrc2cpg/lib/com.fasterxml.jackson.core.jackson-core-2.17.2.jar	581927	721a189241dab0525d9e858e5cb604d3ecc0ede081e2de77d6f34fa5779a5b46
frontends/pysrc2cpg/lib/com.github.luben.zstd-jni-1.5.7-11.jar	7569993	e45c18832293934924e4f2f1dd97ee2083a74def46caeeea1346cf817a37cea4
frontends/pysrc2cpg/lib/com.github.pathikrit.better-files_3-3.9.2.jar	321335	136c1770a63aa33b2710745bf7f8441cbbe0eeef0cab6b832bd0a46804158989
frontends/pysrc2cpg/lib/com.github.scopt.scopt_3-4.1.0.jar	171963	7cfb80743b761b3df8630a818265eb91fd93cd77b32ed5ebd6fba1bb7cff6a3f
frontends/pysrc2cpg/lib/com.github.tototoshi.scala-csv_3-2.0.0.jar	60826	8f8cf4ddc9665ec76ac3b51c641a215d8485830dd15f355369bc14f9ea95ca70
frontends/pysrc2cpg/lib/com.google.protobuf.protobuf-java-3.20.1.jar	1692592	dcbc32c81c8689c39e6672896258f76e660d781bb2526c6c069d5c91055ef153
frontends/pysrc2cpg/lib/com.h2database.h2-mvstore-1.4.200.jar	301338	961c5e4498d7046a85c1507263a0bac227930edeb28c92f8f929437114d46030
frontends/pysrc2cpg/lib/com.lihaoyi.fansi_3-0.5.1.jar	105124	df4b447704664563cb0fba9cf52d3fc7509654ab592824d5c2eb4647e6701ac4
frontends/pysrc2cpg/lib/com.lihaoyi.geny_3-1.1.1.jar	102389	39658649f90b631a4fd63187724f16ba8a045e1b10a513528f34517fb2edf98b
frontends/pysrc2cpg/lib/com.lihaoyi.pprint_3-0.9.3.jar	162779	2c06448522447fc7fb5707f9c7d28151f5da50c078b0ed0895617b6789427bdb
frontends/pysrc2cpg/lib/com.lihaoyi.sourcecode_3-0.4.4.jar	115781	40cc148f8baab769de72892443476a05eed7471a9b5cd2cbc2a47bf22cad30d3
frontends/pysrc2cpg/lib/com.lihaoyi.ujson_3-4.1.0.jar	265322	6a6fc2c9c8643cedb0ebd02e957b4c50dc09d1aef6573ca1e15a8a424c4fa535
frontends/pysrc2cpg/lib/com.lihaoyi.upack_3-4.0.2.jar	139746	294b2cf0a4ba6a2803412f0b9a3dbbc2dc1dc420a48c3746d582c7f3f16a4181
frontends/pysrc2cpg/lib/com.lihaoyi.upickle-core_3-4.1.0.jar	353146	3d4dbd23edca088a83d722998472c1c5c27678bd01f13572c36627d7061cf596
frontends/pysrc2cpg/lib/com.lihaoyi.upickle-implicits_3-4.0.2.jar	288681	58bea28a70561054701074ca2f7fcc7a4b1abbe2ef7cb5017708e995b61d36ba
frontends/pysrc2cpg/lib/com.lihaoyi.upickle_3-4.0.2.jar	106552	b19a95c92c2d104ab2feb8ce68dacca1271adce6dcf90d8a40488af3f03dfdfd
frontends/pysrc2cpg/lib/com.michaelpollmeier.scala-repl-pp-shaded-libs_3-0.6.4.jar	1359117	f468f56871383b3060f5107f328c3cbadd656c159a52c757490b8784f7582d08
frontends/pysrc2cpg/lib/com.michaelpollmeier.scala-repl-pp_3.8.3-0.6.4.jar	338138	1a45099a3061e31072ba15591caa34361c02946e86f5b7041d06d9532b4bd41a
frontends/pysrc2cpg/lib/com.michaelpollmeier.versionsort-1.0.11.jar	1096	fe58e64378601e07cb95b8c4d75e5f6a8a991ede55c0653ddb1d8d3885d82146
frontends/pysrc2cpg/lib/com.thoughtworks.paranamer.paranamer-2.8.jar	34654	688cb118a6021d819138e855208c956031688be4b47a24bb615becc63acedf07
frontends/pysrc2cpg/lib/com.typesafe.config-1.4.3.jar	296029	8ada4c185ce72416712d63e0b5afdc5f009c0cdf405e5f26efecdf156aa5dfb6
frontends/pysrc2cpg/lib/commons-io.commons-io-2.22.0.jar	609182	2b9a7b1f726fb86216dbd2c8321eabe0221dbd5b1be81c18e1cb53811b104758
frontends/pysrc2cpg/lib/io.get-coursier.interface-1.0.28.jar	11106161	7592fe49c789b55429483185ac22ac6da43680a39c53b818c50bca0fb7dd6a78
frontends/pysrc2cpg/lib/io.joern.flatgraph-core_3-0.1.34.jar	611916	c14dd8e8510f6762078005d747ae8b5e87047db74f94d51bfd18c158a9623699
frontends/pysrc2cpg/lib/io.joern.flatgraph-formats_3-0.1.34.jar	345490	017dc4cfd37b99131c8506ace929f1943e25c9f3c22d2947a0aa5d67792b09aa
frontends/pysrc2cpg/lib/io.joern.flatgraph-help_3-0.1.34.jar	35756	9b50d84a9959bbc739ae3d7a2d423c97f6b862705831ce04c9bcc6096450b596
frontends/pysrc2cpg/lib/io.joern.flatgraph-odb-convert_3-0.1.34.jar	45190	6cc159d5a4714b353ebb7325c3af1807cacaeaca18393ccbd1b1b5fd511ad966
frontends/pysrc2cpg/lib/io.joern.pysrc2cpg-4.0.628-launcher.jar	1235	c5b20bacac0d77d75f31374e3e7bc62458f246b8bf4783b3607d1ea4375a9ce4
frontends/pysrc2cpg/lib/io.joern.pysrc2cpg-4.0.628.jar	1204346	96f5985bb4d8de5835ed6a96db17a62b42a5a288bf2a919ea75c3ac81a3d2ea1
frontends/pysrc2cpg/lib/io.joern.semanticcpg-4.0.628.jar	1270417	dafa3ed41664922943f901a86c479a954695fb8640ba36b3b486e2e886167cd4
frontends/pysrc2cpg/lib/io.joern.x2cpg-4.0.628.jar	1795717	5d40b6a1f045495b46337c4a05ed0cf7c6325b4e3d79350e241cf3d8f0c21654
frontends/pysrc2cpg/lib/io.shiftleft.codepropertygraph-domain-classes_3-1.7.74.jar	4733340	9c6c0865db78ce3d40c98c64c8d76cab935257cb213873902515664d17a80230
frontends/pysrc2cpg/lib/io.shiftleft.codepropertygraph-protos_3-1.7.74.jar	316819	7a1f931175bc205124b4949dbaab566eab7e54045ce5eaafd3e15c20be3e0fd4
frontends/pysrc2cpg/lib/io.shiftleft.codepropertygraph_3-1.7.74.jar	120707	d4982e3bf459da75e94fdd1389f4a85d49b0917912ea914cde11ce89a1bc2e45
frontends/pysrc2cpg/lib/io.shiftleft.overflowdb-core_3-1.194.jar	119891	aacc7f470528ccf44555e0a60cba54f601531b1b551d92cbdf2d6a0ee1899884
frontends/pysrc2cpg/lib/io.spray.spray-json_3-1.3.6.jar	368491	b92a3ad0ad4a39f1f59c94e8583d078a7335f744ae467812f9bf29f10b774fb7
frontends/pysrc2cpg/lib/net.oneandone.reflections8.reflections8-0.11.7.jar	145616	721477456f75acab46e1b737ca84627c9d531831e33b54303c6a5bd071bafc22
frontends/pysrc2cpg/lib/net.sf.trove4j.core-3.1.0.jar	2560395	e1fed4d718a86d27c5ebb427810550fa5c03260e350e41a85ef2c2db6eac0856
frontends/pysrc2cpg/lib/org.apache.commons.commons-exec-1.4.0.jar	65863	f51cf8bee467efe2be76e46fc08078d96afa280a794283364291beda892a67ef
frontends/pysrc2cpg/lib/org.apache.commons.commons-lang3-3.17.0.jar	673587	6ee731df5c8e5a2976a1ca023b6bb320ea8d3539fbe64c8a1d5cb765127c33b4
frontends/pysrc2cpg/lib/org.apache.commons.commons-text-1.13.0.jar	257863	1e323a501127df78ed0987f345d69d65d0ea7fa3d4fb5b3f84aaeba3a8b20f38
frontends/pysrc2cpg/lib/org.apache.logging.log4j.log4j-api-2.20.0.jar	313296	2f43eea679ea66f14ca0f13fec2a8600ac124f5a5231dcb4df8393eddcb97550
frontends/pysrc2cpg/lib/org.apache.logging.log4j.log4j-core-2.20.0.jar	1847550	6137df848cdaed9f4d5076f75513c6c85da80b953f4e7acca38098b770763f55
frontends/pysrc2cpg/lib/org.apache.logging.log4j.log4j-slf4j2-impl-2.20.0.jar	26430	b8dd3e4ea9cffa18db5f301cd8c539158662e691efd4701aa87b4d09961bd8b0
frontends/pysrc2cpg/lib/org.apache.maven.maven-artifact-3.9.16.jar	58857	54cc1c1ef932e3d4a903352111b42b4d3c3ed8e7a1d0de73b625309d9c3ad3e8
frontends/pysrc2cpg/lib/org.codehaus.plexus.plexus-utils-3.6.1.jar	272101	05a63effd67e2d6b9d610cc82e2bd7473289d34802e57a529b28110f28af5679
frontends/pysrc2cpg/lib/org.javassist.javassist-3.22.0-GA.jar	739582	59531c00f3e3aa1ff48b3a8cf4ead47d203ab0e2fd9e0ad401f764e05947e252
frontends/pysrc2cpg/lib/org.jline.jline-native-3.29.0.jar	190157	19cfcc9d3c78a1c6cfe4c6c9599f16a657e4bf8da43940fc4b875373236dc258
frontends/pysrc2cpg/lib/org.jline.jline-reader-3.29.0.jar	184808	a4cb0a5fde9289f2f1b614e04f94b202f6ff5c9c96476425837b1184c92ef81d
frontends/pysrc2cpg/lib/org.jline.jline-terminal-3.29.0.jar	264973	fd68a98b32b1132035c62102e5df0b0fdc358e7c87a9f876ce7071450b4d10da
frontends/pysrc2cpg/lib/org.jline.jline-terminal-jni-3.29.0.jar	49066	13fef8bcc0e4788c8e192dc76c33758683c6bfdbaef6f67b41445eb8986773ad
frontends/pysrc2cpg/lib/org.json4s.json4s-ast_3-4.0.7.jar	706444	6140e538e53c2c55db445645a65ffe26f73577d0000f0890076b066ca55f2b25
frontends/pysrc2cpg/lib/org.json4s.json4s-core_3-4.0.7.jar	405716	bdb869db56d60c10a0760a98a3d53ecb632841fa8f1a5001e7c1a0d91877493a
frontends/pysrc2cpg/lib/org.json4s.json4s-native-core_3-4.0.7.jar	108350	d79432d86ab353840807cbcc8a7e9e48160efa67680db1fe26db6765b778362e
frontends/pysrc2cpg/lib/org.json4s.json4s-native_3-4.0.7.jar	13319	bd2222e623f020b6d036f1328b306f983365527d2d93eab7c205db223e5c09bf
frontends/pysrc2cpg/lib/org.json4s.json4s-scalap_3-4.0.7.jar	428143	dc2269e32e3d9cdd296151deb5f61d108d3d4fe99e220de5679dbaf6fb8e140a
frontends/pysrc2cpg/lib/org.msgpack.msgpack-core-0.9.1.jar	125098	183abb2b7c604a8b13d5f76af487ccddd003b6f0404aef52021dcb20a4358524
frontends/pysrc2cpg/lib/org.scala-lang.modules.scala-asm-9.9.0-scala-1.jar	323674	75ac366e8ecb691e06a7e85041eed0f67919a646e5262fa0901225698c104375
frontends/pysrc2cpg/lib/org.scala-lang.modules.scala-parallel-collections_3-1.0.4.jar	1293006	c3bf0d4d057942a78389fa9675823db5e3179f1b503f2df212b74e784da57050
frontends/pysrc2cpg/lib/org.scala-lang.modules.scala-xml_3-2.3.0.jar	740520	3220723238102107ab83182468e5dbe351b081a0601386710ef46c81a95d38d0
frontends/pysrc2cpg/lib/org.scala-lang.scala-library-3.8.3.jar	9184481	8b5164c4be2d7a86635966b419a08b393e58b3c7bc0cafb502e0f34248722b4e
frontends/pysrc2cpg/lib/org.scala-lang.scala3-compiler_3-3.8.3.jar	24620536	cd5e5aa54b610e37522deea19344a9d9614d5fbc9cf052de08a66ceb7c1a8974
frontends/pysrc2cpg/lib/org.scala-lang.scala3-interfaces-3.8.3.jar	3949	98bb43395ad33b65b7ea59ed3705fc14174b6179f4d21d561ae96ef97be563c0
frontends/pysrc2cpg/lib/org.scala-lang.scala3-library_3-3.8.3.jar	318	740c79f7fc3dae2c5eef48e85f777d679a1f0f53fdbb780bf84dea0370220a61
frontends/pysrc2cpg/lib/org.scala-lang.scala3-repl_3-3.8.3.jar	361901	d00e3ab80898f3f0b221535f251f51b21b9d4db50539e6ceec54183a13ae7a01
frontends/pysrc2cpg/lib/org.scala-lang.tasty-core_3-3.8.3.jar	97055	1c771f2416b4e455b269981a17c0804b237eed120c8807af808f192085c3e516
frontends/pysrc2cpg/lib/org.scala-sbt.compiler-interface-1.10.7.jar	113853	2bacc5761e03920a228e5c9d20b33d9c51d43aaf2f52e8f839ece630966eb880
frontends/pysrc2cpg/lib/org.scala-sbt.util-interface-1.10.7.jar	4371	1d6b91efa42b70fc064caed6d62962374e13b27737f885a87c84c667b30be625
frontends/pysrc2cpg/lib/org.slf4j.slf4j-api-2.0.17.jar	69908	7b751d952061954d5abfed7181c1f645d336091b679891591d63329c622eb832
frontends/pysrc2cpg/lib/org.virtuslab.using_directives-1.1.4.jar	53161	f905fd8fd0d50e76bcaca3a9ef631a49587159f14cd5cc405fd3ade97c72c555
frontends/rubysrc2cpg/bin/main	1376	d2e9e2ccdbc2a5f6911ed3e316763ca073265944eb1bd819f7419659ed840bca
frontends/rubysrc2cpg/bin/main.bat	92	d305cbda6063f4ff8ef62c06b342041ac277a692f1f957bcdcf5252247789bac
frontends/rubysrc2cpg/bin/rubysrc2cpg	9982	239472eeaf76c75c57b69ba884434e3ab83e7f58eeffa40e58685c23a05b164d
frontends/rubysrc2cpg/bin/rubysrc2cpg.bat	5638	abc27975aca7f441674f37978c1f4f28d08aee631c083a86b2ac6569b544cad8
frontends/rubysrc2cpg/lib/com.fasterxml.jackson.core.jackson-core-2.17.2.jar	581927	721a189241dab0525d9e858e5cb604d3ecc0ede081e2de77d6f34fa5779a5b46
frontends/rubysrc2cpg/lib/com.github.luben.zstd-jni-1.5.7-11.jar	7569993	e45c18832293934924e4f2f1dd97ee2083a74def46caeeea1346cf817a37cea4
frontends/rubysrc2cpg/lib/com.github.pathikrit.better-files_3-3.9.2.jar	321335	136c1770a63aa33b2710745bf7f8441cbbe0eeef0cab6b832bd0a46804158989
frontends/rubysrc2cpg/lib/com.github.scopt.scopt_3-4.1.0.jar	171963	7cfb80743b761b3df8630a818265eb91fd93cd77b32ed5ebd6fba1bb7cff6a3f
frontends/rubysrc2cpg/lib/com.github.tototoshi.scala-csv_3-2.0.0.jar	60826	8f8cf4ddc9665ec76ac3b51c641a215d8485830dd15f355369bc14f9ea95ca70
frontends/rubysrc2cpg/lib/com.google.protobuf.protobuf-java-3.20.1.jar	1692592	dcbc32c81c8689c39e6672896258f76e660d781bb2526c6c069d5c91055ef153
frontends/rubysrc2cpg/lib/com.h2database.h2-mvstore-1.4.200.jar	301338	961c5e4498d7046a85c1507263a0bac227930edeb28c92f8f929437114d46030
frontends/rubysrc2cpg/lib/com.lihaoyi.fansi_3-0.5.1.jar	105124	df4b447704664563cb0fba9cf52d3fc7509654ab592824d5c2eb4647e6701ac4
frontends/rubysrc2cpg/lib/com.lihaoyi.geny_3-1.1.1.jar	102389	39658649f90b631a4fd63187724f16ba8a045e1b10a513528f34517fb2edf98b
frontends/rubysrc2cpg/lib/com.lihaoyi.pprint_3-0.9.3.jar	162779	2c06448522447fc7fb5707f9c7d28151f5da50c078b0ed0895617b6789427bdb
frontends/rubysrc2cpg/lib/com.lihaoyi.sourcecode_3-0.4.4.jar	115781	40cc148f8baab769de72892443476a05eed7471a9b5cd2cbc2a47bf22cad30d3
frontends/rubysrc2cpg/lib/com.lihaoyi.ujson_3-4.1.0.jar	265322	6a6fc2c9c8643cedb0ebd02e957b4c50dc09d1aef6573ca1e15a8a424c4fa535
frontends/rubysrc2cpg/lib/com.lihaoyi.upack_3-4.0.2.jar	139746	294b2cf0a4ba6a2803412f0b9a3dbbc2dc1dc420a48c3746d582c7f3f16a4181
frontends/rubysrc2cpg/lib/com.lihaoyi.upickle-core_3-4.1.0.jar	353146	3d4dbd23edca088a83d722998472c1c5c27678bd01f13572c36627d7061cf596
frontends/rubysrc2cpg/lib/com.lihaoyi.upickle-implicits_3-4.0.2.jar	288681	58bea28a70561054701074ca2f7fcc7a4b1abbe2ef7cb5017708e995b61d36ba
frontends/rubysrc2cpg/lib/com.lihaoyi.upickle_3-4.0.2.jar	106552	b19a95c92c2d104ab2feb8ce68dacca1271adce6dcf90d8a40488af3f03dfdfd
frontends/rubysrc2cpg/lib/com.michaelpollmeier.scala-repl-pp-shaded-libs_3-0.6.4.jar	1359117	f468f56871383b3060f5107f328c3cbadd656c159a52c757490b8784f7582d08
frontends/rubysrc2cpg/lib/com.michaelpollmeier.scala-repl-pp_3.8.3-0.6.4.jar	338138	1a45099a3061e31072ba15591caa34361c02946e86f5b7041d06d9532b4bd41a
frontends/rubysrc2cpg/lib/com.michaelpollmeier.versionsort-1.0.11.jar	1096	fe58e64378601e07cb95b8c4d75e5f6a8a991ede55c0653ddb1d8d3885d82146
frontends/rubysrc2cpg/lib/com.thoughtworks.paranamer.paranamer-2.8.jar	34654	688cb118a6021d819138e855208c956031688be4b47a24bb615becc63acedf07
frontends/rubysrc2cpg/lib/com.typesafe.config-1.4.3.jar	296029	8ada4c185ce72416712d63e0b5afdc5f009c0cdf405e5f26efecdf156aa5dfb6
frontends/rubysrc2cpg/lib/commons-codec.commons-codec-1.17.0.jar	372608	f700de80ac270d0344fdea7468201d8b9c805e5c648331c3619f2ee067ccfc59
frontends/rubysrc2cpg/lib/commons-io.commons-io-2.22.0.jar	609182	2b9a7b1f726fb86216dbd2c8321eabe0221dbd5b1be81c18e1cb53811b104758
frontends/rubysrc2cpg/lib/io.get-coursier.interface-1.0.28.jar	11106161	7592fe49c789b55429483185ac22ac6da43680a39c53b818c50bca0fb7dd6a78
frontends/rubysrc2cpg/lib/io.joern.flatgraph-core_3-0.1.34.jar	611916	c14dd8e8510f6762078005d747ae8b5e87047db74f94d51bfd18c158a9623699
frontends/rubysrc2cpg/lib/io.joern.flatgraph-formats_3-0.1.34.jar	345490	017dc4cfd37b99131c8506ace929f1943e25c9f3c22d2947a0aa5d67792b09aa
frontends/rubysrc2cpg/lib/io.joern.flatgraph-help_3-0.1.34.jar	35756	9b50d84a9959bbc739ae3d7a2d423c97f6b862705831ce04c9bcc6096450b596
frontends/rubysrc2cpg/lib/io.joern.flatgraph-odb-convert_3-0.1.34.jar	45190	6cc159d5a4714b353ebb7325c3af1807cacaeaca18393ccbd1b1b5fd511ad966
frontends/rubysrc2cpg/lib/io.joern.rubysrc2cpg-4.0.628-launcher.jar	1269	f2007a25efc0b9c9ef7d1fb5341ebd820fac1aefda73a8e3de08e55e20d2764c
frontends/rubysrc2cpg/lib/io.joern.rubysrc2cpg-4.0.628.jar	5604724	02b457aaf0654e651d83db082ac3b211ba9e61c2f301224d3face52587da9264
frontends/rubysrc2cpg/lib/io.joern.semanticcpg-4.0.628.jar	1270417	dafa3ed41664922943f901a86c479a954695fb8640ba36b3b486e2e886167cd4
frontends/rubysrc2cpg/lib/io.joern.x2cpg-4.0.628.jar	1795717	5d40b6a1f045495b46337c4a05ed0cf7c6325b4e3d79350e241cf3d8f0c21654
frontends/rubysrc2cpg/lib/io.shiftleft.codepropertygraph-domain-classes_3-1.7.74.jar	4733340	9c6c0865db78ce3d40c98c64c8d76cab935257cb213873902515664d17a80230
frontends/rubysrc2cpg/lib/io.shiftleft.codepropertygraph-protos_3-1.7.74.jar	316819	7a1f931175bc205124b4949dbaab566eab7e54045ce5eaafd3e15c20be3e0fd4
frontends/rubysrc2cpg/lib/io.shiftleft.codepropertygraph_3-1.7.74.jar	120707	d4982e3bf459da75e94fdd1389f4a85d49b0917912ea914cde11ce89a1bc2e45
frontends/rubysrc2cpg/lib/io.shiftleft.overflowdb-core_3-1.194.jar	119891	aacc7f470528ccf44555e0a60cba54f601531b1b551d92cbdf2d6a0ee1899884
frontends/rubysrc2cpg/lib/io.spray.spray-json_3-1.3.6.jar	368491	b92a3ad0ad4a39f1f59c94e8583d078a7335f744ae467812f9bf29f10b774fb7
frontends/rubysrc2cpg/lib/net.oneandone.reflections8.reflections8-0.11.7.jar	145616	721477456f75acab46e1b737ca84627c9d531831e33b54303c6a5bd071bafc22
frontends/rubysrc2cpg/lib/net.sf.trove4j.core-3.1.0.jar	2560395	e1fed4d718a86d27c5ebb427810550fa5c03260e350e41a85ef2c2db6eac0856
frontends/rubysrc2cpg/lib/org.apache.commons.commons-compress-1.26.2.jar	1083634	9168a03141d8fc7eda21a2360d83cc0412bcbb1d6204d992bd48c2573cb3c6b8
frontends/rubysrc2cpg/lib/org.apache.commons.commons-exec-1.4.0.jar	65863	f51cf8bee467efe2be76e46fc08078d96afa280a794283364291beda892a67ef
frontends/rubysrc2cpg/lib/org.apache.commons.commons-lang3-3.17.0.jar	673587	6ee731df5c8e5a2976a1ca023b6bb320ea8d3539fbe64c8a1d5cb765127c33b4
frontends/rubysrc2cpg/lib/org.apache.commons.commons-text-1.13.0.jar	257863	1e323a501127df78ed0987f345d69d65d0ea7fa3d4fb5b3f84aaeba3a8b20f38
frontends/rubysrc2cpg/lib/org.apache.logging.log4j.log4j-api-2.20.0.jar	313296	2f43eea679ea66f14ca0f13fec2a8600ac124f5a5231dcb4df8393eddcb97550
frontends/rubysrc2cpg/lib/org.apache.logging.log4j.log4j-core-2.20.0.jar	1847550	6137df848cdaed9f4d5076f75513c6c85da80b953f4e7acca38098b770763f55
frontends/rubysrc2cpg/lib/org.apache.logging.log4j.log4j-slf4j2-impl-2.20.0.jar	26430	b8dd3e4ea9cffa18db5f301cd8c539158662e691efd4701aa87b4d09961bd8b0
frontends/rubysrc2cpg/lib/org.apache.maven.maven-artifact-3.9.16.jar	58857	54cc1c1ef932e3d4a903352111b42b4d3c3ed8e7a1d0de73b625309d9c3ad3e8
frontends/rubysrc2cpg/lib/org.codehaus.plexus.plexus-utils-3.6.1.jar	272101	05a63effd67e2d6b9d610cc82e2bd7473289d34802e57a529b28110f28af5679
frontends/rubysrc2cpg/lib/org.javassist.javassist-3.22.0-GA.jar	739582	59531c00f3e3aa1ff48b3a8cf4ead47d203ab0e2fd9e0ad401f764e05947e252
frontends/rubysrc2cpg/lib/org.jline.jline-native-3.29.0.jar	190157	19cfcc9d3c78a1c6cfe4c6c9599f16a657e4bf8da43940fc4b875373236dc258
frontends/rubysrc2cpg/lib/org.jline.jline-reader-3.29.0.jar	184808	a4cb0a5fde9289f2f1b614e04f94b202f6ff5c9c96476425837b1184c92ef81d
frontends/rubysrc2cpg/lib/org.jline.jline-terminal-3.29.0.jar	264973	fd68a98b32b1132035c62102e5df0b0fdc358e7c87a9f876ce7071450b4d10da
frontends/rubysrc2cpg/lib/org.jline.jline-terminal-jni-3.29.0.jar	49066	13fef8bcc0e4788c8e192dc76c33758683c6bfdbaef6f67b41445eb8986773ad
frontends/rubysrc2cpg/lib/org.jruby.jruby-complete-9.4.15.0.jar	34375288	e8a461c48da851d839b8deb8b67b1987542ba5e23b8febfa0e60f0065e2639d2
frontends/rubysrc2cpg/lib/org.json4s.json4s-ast_3-4.0.7.jar	706444	6140e538e53c2c55db445645a65ffe26f73577d0000f0890076b066ca55f2b25
frontends/rubysrc2cpg/lib/org.json4s.json4s-core_3-4.0.7.jar	405716	bdb869db56d60c10a0760a98a3d53ecb632841fa8f1a5001e7c1a0d91877493a
frontends/rubysrc2cpg/lib/org.json4s.json4s-native-core_3-4.0.7.jar	108350	d79432d86ab353840807cbcc8a7e9e48160efa67680db1fe26db6765b778362e
frontends/rubysrc2cpg/lib/org.json4s.json4s-native_3-4.0.7.jar	13319	bd2222e623f020b6d036f1328b306f983365527d2d93eab7c205db223e5c09bf
frontends/rubysrc2cpg/lib/org.json4s.json4s-scalap_3-4.0.7.jar	428143	dc2269e32e3d9cdd296151deb5f61d108d3d4fe99e220de5679dbaf6fb8e140a
frontends/rubysrc2cpg/lib/org.msgpack.msgpack-core-0.9.1.jar	125098	183abb2b7c604a8b13d5f76af487ccddd003b6f0404aef52021dcb20a4358524
frontends/rubysrc2cpg/lib/org.scala-lang.modules.scala-asm-9.9.0-scala-1.jar	323674	75ac366e8ecb691e06a7e85041eed0f67919a646e5262fa0901225698c104375
frontends/rubysrc2cpg/lib/org.scala-lang.modules.scala-xml_3-2.3.0.jar	740520	3220723238102107ab83182468e5dbe351b081a0601386710ef46c81a95d38d0
frontends/rubysrc2cpg/lib/org.scala-lang.scala-library-3.8.3.jar	9184481	8b5164c4be2d7a86635966b419a08b393e58b3c7bc0cafb502e0f34248722b4e
frontends/rubysrc2cpg/lib/org.scala-lang.scala3-compiler_3-3.8.3.jar	24620536	cd5e5aa54b610e37522deea19344a9d9614d5fbc9cf052de08a66ceb7c1a8974
frontends/rubysrc2cpg/lib/org.scala-lang.scala3-interfaces-3.8.3.jar	3949	98bb43395ad33b65b7ea59ed3705fc14174b6179f4d21d561ae96ef97be563c0
frontends/rubysrc2cpg/lib/org.scala-lang.scala3-library_3-3.8.3.jar	318	740c79f7fc3dae2c5eef48e85f777d679a1f0f53fdbb780bf84dea0370220a61
frontends/rubysrc2cpg/lib/org.scala-lang.scala3-repl_3-3.8.3.jar	361901	d00e3ab80898f3f0b221535f251f51b21b9d4db50539e6ceec54183a13ae7a01
frontends/rubysrc2cpg/lib/org.scala-lang.tasty-core_3-3.8.3.jar	97055	1c771f2416b4e455b269981a17c0804b237eed120c8807af808f192085c3e516
frontends/rubysrc2cpg/lib/org.scala-sbt.compiler-interface-1.10.7.jar	113853	2bacc5761e03920a228e5c9d20b33d9c51d43aaf2f52e8f839ece630966eb880
frontends/rubysrc2cpg/lib/org.scala-sbt.util-interface-1.10.7.jar	4371	1d6b91efa42b70fc064caed6d62962374e13b27737f885a87c84c667b30be625
frontends/rubysrc2cpg/lib/org.slf4j.slf4j-api-2.0.17.jar	69908	7b751d952061954d5abfed7181c1f645d336091b679891591d63329c622eb832
frontends/rubysrc2cpg/lib/org.virtuslab.using_directives-1.1.4.jar	53161	f905fd8fd0d50e76bcaca3a9ef631a49587159f14cd5cc405fd3ade97c72c555
frontends/rubysrc2cpg/type_stubs/rubysrc_builtin_types.zip	174683	1b14a87a5e2080bf22b83b7af76805b621f2d959cf21a35b7b21f207f53e755d
frontends/rubysrc2cpg/type_stubs/rubysrc_builtin_types.zip.sha512	167	a56f4f29679ce8b43e56de82d3a88c7a893daa50125f5e75972f1801660e87d7
frontends/rust2cpg/bin/astgen/rust_ast_gen-macos-arm	25221568	bc43f42a404d3cf5b69669b7abd4498b4090cd8bd74867a898daf8bae161db10
frontends/rust2cpg/bin/main	1370	68f8873143006bfb21a6d061cdb2317541078feb891b47527a50db4ee7d7013f
frontends/rust2cpg/bin/main.bat	86	34cb80d03e092c743aa21a00a0af56d1c208dee2621c0664ffa8b069a49fe680
frontends/rust2cpg/bin/rust2cpg	9976	d660e38f44957654402f6c13b69e97af6d2e10b05aed4babd829ff5706302577
frontends/rust2cpg/bin/rust2cpg.bat	5608	755f7aef14818061d0bf08cf6f5b57f54e02865a22634f104e8d18503e6808e2
frontends/rust2cpg/lib/com.fasterxml.jackson.core.jackson-core-2.17.2.jar	581927	721a189241dab0525d9e858e5cb604d3ecc0ede081e2de77d6f34fa5779a5b46
frontends/rust2cpg/lib/com.github.luben.zstd-jni-1.5.7-11.jar	7569993	e45c18832293934924e4f2f1dd97ee2083a74def46caeeea1346cf817a37cea4
frontends/rust2cpg/lib/com.github.pathikrit.better-files_3-3.9.2.jar	321335	136c1770a63aa33b2710745bf7f8441cbbe0eeef0cab6b832bd0a46804158989
frontends/rust2cpg/lib/com.github.scopt.scopt_3-4.1.0.jar	171963	7cfb80743b761b3df8630a818265eb91fd93cd77b32ed5ebd6fba1bb7cff6a3f
frontends/rust2cpg/lib/com.github.tototoshi.scala-csv_3-2.0.0.jar	60826	8f8cf4ddc9665ec76ac3b51c641a215d8485830dd15f355369bc14f9ea95ca70
frontends/rust2cpg/lib/com.google.protobuf.protobuf-java-3.20.1.jar	1692592	dcbc32c81c8689c39e6672896258f76e660d781bb2526c6c069d5c91055ef153
frontends/rust2cpg/lib/com.h2database.h2-mvstore-1.4.200.jar	301338	961c5e4498d7046a85c1507263a0bac227930edeb28c92f8f929437114d46030
frontends/rust2cpg/lib/com.lihaoyi.fansi_3-0.5.1.jar	105124	df4b447704664563cb0fba9cf52d3fc7509654ab592824d5c2eb4647e6701ac4
frontends/rust2cpg/lib/com.lihaoyi.geny_3-1.1.1.jar	102389	39658649f90b631a4fd63187724f16ba8a045e1b10a513528f34517fb2edf98b
frontends/rust2cpg/lib/com.lihaoyi.pprint_3-0.9.3.jar	162779	2c06448522447fc7fb5707f9c7d28151f5da50c078b0ed0895617b6789427bdb
frontends/rust2cpg/lib/com.lihaoyi.sourcecode_3-0.4.4.jar	115781	40cc148f8baab769de72892443476a05eed7471a9b5cd2cbc2a47bf22cad30d3
frontends/rust2cpg/lib/com.lihaoyi.ujson_3-4.1.0.jar	265322	6a6fc2c9c8643cedb0ebd02e957b4c50dc09d1aef6573ca1e15a8a424c4fa535
frontends/rust2cpg/lib/com.lihaoyi.upack_3-4.0.2.jar	139746	294b2cf0a4ba6a2803412f0b9a3dbbc2dc1dc420a48c3746d582c7f3f16a4181
frontends/rust2cpg/lib/com.lihaoyi.upickle-core_3-4.1.0.jar	353146	3d4dbd23edca088a83d722998472c1c5c27678bd01f13572c36627d7061cf596
frontends/rust2cpg/lib/com.lihaoyi.upickle-implicits_3-4.0.2.jar	288681	58bea28a70561054701074ca2f7fcc7a4b1abbe2ef7cb5017708e995b61d36ba
frontends/rust2cpg/lib/com.lihaoyi.upickle_3-4.0.2.jar	106552	b19a95c92c2d104ab2feb8ce68dacca1271adce6dcf90d8a40488af3f03dfdfd
frontends/rust2cpg/lib/com.michaelpollmeier.scala-repl-pp-shaded-libs_3-0.6.4.jar	1359117	f468f56871383b3060f5107f328c3cbadd656c159a52c757490b8784f7582d08
frontends/rust2cpg/lib/com.michaelpollmeier.scala-repl-pp_3.8.3-0.6.4.jar	338138	1a45099a3061e31072ba15591caa34361c02946e86f5b7041d06d9532b4bd41a
frontends/rust2cpg/lib/com.michaelpollmeier.versionsort-1.0.11.jar	1096	fe58e64378601e07cb95b8c4d75e5f6a8a991ede55c0653ddb1d8d3885d82146
frontends/rust2cpg/lib/com.thoughtworks.paranamer.paranamer-2.8.jar	34654	688cb118a6021d819138e855208c956031688be4b47a24bb615becc63acedf07
frontends/rust2cpg/lib/com.typesafe.config-1.4.3.jar	296029	8ada4c185ce72416712d63e0b5afdc5f009c0cdf405e5f26efecdf156aa5dfb6
frontends/rust2cpg/lib/commons-io.commons-io-2.22.0.jar	609182	2b9a7b1f726fb86216dbd2c8321eabe0221dbd5b1be81c18e1cb53811b104758
frontends/rust2cpg/lib/io.get-coursier.interface-1.0.28.jar	11106161	7592fe49c789b55429483185ac22ac6da43680a39c53b818c50bca0fb7dd6a78
frontends/rust2cpg/lib/io.joern.flatgraph-core_3-0.1.34.jar	611916	c14dd8e8510f6762078005d747ae8b5e87047db74f94d51bfd18c158a9623699
frontends/rust2cpg/lib/io.joern.flatgraph-formats_3-0.1.34.jar	345490	017dc4cfd37b99131c8506ace929f1943e25c9f3c22d2947a0aa5d67792b09aa
frontends/rust2cpg/lib/io.joern.flatgraph-help_3-0.1.34.jar	35756	9b50d84a9959bbc739ae3d7a2d423c97f6b862705831ce04c9bcc6096450b596
frontends/rust2cpg/lib/io.joern.flatgraph-odb-convert_3-0.1.34.jar	45190	6cc159d5a4714b353ebb7325c3af1807cacaeaca18393ccbd1b1b5fd511ad966
frontends/rust2cpg/lib/io.joern.rust2cpg-4.0.628-launcher.jar	1230	43614b64c29b11f098788a2fe150a29609eedc17f6133d19a1d3e34b8afb5316
frontends/rust2cpg/lib/io.joern.rust2cpg-4.0.628.jar	1912570	f1c45de95a02329b7ae9ccab2e8d9b5a37867284e90d562052f410d6d6491dde
frontends/rust2cpg/lib/io.joern.semanticcpg-4.0.628.jar	1270417	dafa3ed41664922943f901a86c479a954695fb8640ba36b3b486e2e886167cd4
frontends/rust2cpg/lib/io.joern.x2cpg-4.0.628.jar	1795717	5d40b6a1f045495b46337c4a05ed0cf7c6325b4e3d79350e241cf3d8f0c21654
frontends/rust2cpg/lib/io.shiftleft.codepropertygraph-domain-classes_3-1.7.74.jar	4733340	9c6c0865db78ce3d40c98c64c8d76cab935257cb213873902515664d17a80230
frontends/rust2cpg/lib/io.shiftleft.codepropertygraph-protos_3-1.7.74.jar	316819	7a1f931175bc205124b4949dbaab566eab7e54045ce5eaafd3e15c20be3e0fd4
frontends/rust2cpg/lib/io.shiftleft.codepropertygraph_3-1.7.74.jar	120707	d4982e3bf459da75e94fdd1389f4a85d49b0917912ea914cde11ce89a1bc2e45
frontends/rust2cpg/lib/io.shiftleft.overflowdb-core_3-1.194.jar	119891	aacc7f470528ccf44555e0a60cba54f601531b1b551d92cbdf2d6a0ee1899884
frontends/rust2cpg/lib/io.spray.spray-json_3-1.3.6.jar	368491	b92a3ad0ad4a39f1f59c94e8583d078a7335f744ae467812f9bf29f10b774fb7
frontends/rust2cpg/lib/net.oneandone.reflections8.reflections8-0.11.7.jar	145616	721477456f75acab46e1b737ca84627c9d531831e33b54303c6a5bd071bafc22
frontends/rust2cpg/lib/net.sf.trove4j.core-3.1.0.jar	2560395	e1fed4d718a86d27c5ebb427810550fa5c03260e350e41a85ef2c2db6eac0856
frontends/rust2cpg/lib/org.apache.commons.commons-exec-1.4.0.jar	65863	f51cf8bee467efe2be76e46fc08078d96afa280a794283364291beda892a67ef
frontends/rust2cpg/lib/org.apache.commons.commons-lang3-3.17.0.jar	673587	6ee731df5c8e5a2976a1ca023b6bb320ea8d3539fbe64c8a1d5cb765127c33b4
frontends/rust2cpg/lib/org.apache.commons.commons-text-1.13.0.jar	257863	1e323a501127df78ed0987f345d69d65d0ea7fa3d4fb5b3f84aaeba3a8b20f38
frontends/rust2cpg/lib/org.apache.logging.log4j.log4j-api-2.20.0.jar	313296	2f43eea679ea66f14ca0f13fec2a8600ac124f5a5231dcb4df8393eddcb97550
frontends/rust2cpg/lib/org.apache.logging.log4j.log4j-core-2.20.0.jar	1847550	6137df848cdaed9f4d5076f75513c6c85da80b953f4e7acca38098b770763f55
frontends/rust2cpg/lib/org.apache.logging.log4j.log4j-slf4j2-impl-2.20.0.jar	26430	b8dd3e4ea9cffa18db5f301cd8c539158662e691efd4701aa87b4d09961bd8b0
frontends/rust2cpg/lib/org.apache.maven.maven-artifact-3.9.16.jar	58857	54cc1c1ef932e3d4a903352111b42b4d3c3ed8e7a1d0de73b625309d9c3ad3e8
frontends/rust2cpg/lib/org.codehaus.plexus.plexus-utils-3.6.1.jar	272101	05a63effd67e2d6b9d610cc82e2bd7473289d34802e57a529b28110f28af5679
frontends/rust2cpg/lib/org.javassist.javassist-3.22.0-GA.jar	739582	59531c00f3e3aa1ff48b3a8cf4ead47d203ab0e2fd9e0ad401f764e05947e252
frontends/rust2cpg/lib/org.jline.jline-native-3.29.0.jar	190157	19cfcc9d3c78a1c6cfe4c6c9599f16a657e4bf8da43940fc4b875373236dc258
frontends/rust2cpg/lib/org.jline.jline-reader-3.29.0.jar	184808	a4cb0a5fde9289f2f1b614e04f94b202f6ff5c9c96476425837b1184c92ef81d
frontends/rust2cpg/lib/org.jline.jline-terminal-3.29.0.jar	264973	fd68a98b32b1132035c62102e5df0b0fdc358e7c87a9f876ce7071450b4d10da
frontends/rust2cpg/lib/org.jline.jline-terminal-jni-3.29.0.jar	49066	13fef8bcc0e4788c8e192dc76c33758683c6bfdbaef6f67b41445eb8986773ad
frontends/rust2cpg/lib/org.json4s.json4s-ast_3-4.0.7.jar	706444	6140e538e53c2c55db445645a65ffe26f73577d0000f0890076b066ca55f2b25
frontends/rust2cpg/lib/org.json4s.json4s-core_3-4.0.7.jar	405716	bdb869db56d60c10a0760a98a3d53ecb632841fa8f1a5001e7c1a0d91877493a
frontends/rust2cpg/lib/org.json4s.json4s-native-core_3-4.0.7.jar	108350	d79432d86ab353840807cbcc8a7e9e48160efa67680db1fe26db6765b778362e
frontends/rust2cpg/lib/org.json4s.json4s-native_3-4.0.7.jar	13319	bd2222e623f020b6d036f1328b306f983365527d2d93eab7c205db223e5c09bf
frontends/rust2cpg/lib/org.json4s.json4s-scalap_3-4.0.7.jar	428143	dc2269e32e3d9cdd296151deb5f61d108d3d4fe99e220de5679dbaf6fb8e140a
frontends/rust2cpg/lib/org.msgpack.msgpack-core-0.9.1.jar	125098	183abb2b7c604a8b13d5f76af487ccddd003b6f0404aef52021dcb20a4358524
frontends/rust2cpg/lib/org.scala-lang.modules.scala-asm-9.9.0-scala-1.jar	323674	75ac366e8ecb691e06a7e85041eed0f67919a646e5262fa0901225698c104375
frontends/rust2cpg/lib/org.scala-lang.modules.scala-xml_3-2.3.0.jar	740520	3220723238102107ab83182468e5dbe351b081a0601386710ef46c81a95d38d0
frontends/rust2cpg/lib/org.scala-lang.scala-library-3.8.3.jar	9184481	8b5164c4be2d7a86635966b419a08b393e58b3c7bc0cafb502e0f34248722b4e
frontends/rust2cpg/lib/org.scala-lang.scala3-compiler_3-3.8.3.jar	24620536	cd5e5aa54b610e37522deea19344a9d9614d5fbc9cf052de08a66ceb7c1a8974
frontends/rust2cpg/lib/org.scala-lang.scala3-interfaces-3.8.3.jar	3949	98bb43395ad33b65b7ea59ed3705fc14174b6179f4d21d561ae96ef97be563c0
frontends/rust2cpg/lib/org.scala-lang.scala3-library_3-3.8.3.jar	318	740c79f7fc3dae2c5eef48e85f777d679a1f0f53fdbb780bf84dea0370220a61
frontends/rust2cpg/lib/org.scala-lang.scala3-repl_3-3.8.3.jar	361901	d00e3ab80898f3f0b221535f251f51b21b9d4db50539e6ceec54183a13ae7a01
frontends/rust2cpg/lib/org.scala-lang.tasty-core_3-3.8.3.jar	97055	1c771f2416b4e455b269981a17c0804b237eed120c8807af808f192085c3e516
frontends/rust2cpg/lib/org.scala-sbt.compiler-interface-1.10.7.jar	113853	2bacc5761e03920a228e5c9d20b33d9c51d43aaf2f52e8f839ece630966eb880
frontends/rust2cpg/lib/org.scala-sbt.util-interface-1.10.7.jar	4371	1d6b91efa42b70fc064caed6d62962374e13b27737f885a87c84c667b30be625
frontends/rust2cpg/lib/org.slf4j.slf4j-api-2.0.17.jar	69908	7b751d952061954d5abfed7181c1f645d336091b679891591d63329c622eb832
frontends/rust2cpg/lib/org.virtuslab.using_directives-1.1.4.jar	53161	f905fd8fd0d50e76bcaca3a9ef631a49587159f14cd5cc405fd3ade97c72c555
frontends/swiftsrc2cpg/bin/astgen/SwiftAstGen-mac	41284408	af6c202b40247bbd8bd50dd15d9f8c635290227af3dabff96c743ffc63c19374
frontends/swiftsrc2cpg/bin/main	1378	9ab2787d3cb38acffb46569f90821ae6d1d623a5ed0e8dbaf81bdfec85b5511f
frontends/swiftsrc2cpg/bin/main.bat	94	8c7d08fe0f1bf0fa96a8eb5e62923d7755cfee987e07903a75465bcc4308435e
frontends/swiftsrc2cpg/bin/swiftsrc2cpg	9984	63be824c499c9693d7c2b7f242ea98e09df9490c012fca9536ab68a6d3654b68
frontends/swiftsrc2cpg/bin/swiftsrc2cpg.bat	5648	9ef9f112347b2fb9e8551911a7ee4015d79fd596876fd00a9aa9473d3532bdf4
frontends/swiftsrc2cpg/bin/swiftsrc2cpg.sh	457	1a8656eb4fe8614218461b32be64dcdaca8bc5dd69c87d6c9d0c6c70b8d34596
frontends/swiftsrc2cpg/lib/com.fasterxml.jackson.core.jackson-core-2.17.2.jar	581927	721a189241dab0525d9e858e5cb604d3ecc0ede081e2de77d6f34fa5779a5b46
frontends/swiftsrc2cpg/lib/com.github.luben.zstd-jni-1.5.7-11.jar	7569993	e45c18832293934924e4f2f1dd97ee2083a74def46caeeea1346cf817a37cea4
frontends/swiftsrc2cpg/lib/com.github.pathikrit.better-files_3-3.9.2.jar	321335	136c1770a63aa33b2710745bf7f8441cbbe0eeef0cab6b832bd0a46804158989
frontends/swiftsrc2cpg/lib/com.github.scopt.scopt_3-4.1.0.jar	171963	7cfb80743b761b3df8630a818265eb91fd93cd77b32ed5ebd6fba1bb7cff6a3f
frontends/swiftsrc2cpg/lib/com.github.tototoshi.scala-csv_3-2.0.0.jar	60826	8f8cf4ddc9665ec76ac3b51c641a215d8485830dd15f355369bc14f9ea95ca70
frontends/swiftsrc2cpg/lib/com.google.code.gson.gson-2.13.1.jar	286972	94855942d4992f112946d3de1c334e709237b8126d8130bf07807c018a4a2120
frontends/swiftsrc2cpg/lib/com.google.errorprone.error_prone_annotations-2.38.0.jar	20389	6661d5335090a5fc61dd869d2095bc6c1e2156e3aa47a6e4ababdf64c99a7889
frontends/swiftsrc2cpg/lib/com.google.protobuf.protobuf-java-3.20.1.jar	1692592	dcbc32c81c8689c39e6672896258f76e660d781bb2526c6c069d5c91055ef153
frontends/swiftsrc2cpg/lib/com.googlecode.plist.dd-plist-1.28.jar	100576	88ed8e730f7386297485176c4387146c6914a38c0e58fc296e8a01cdc3b621e1
frontends/swiftsrc2cpg/lib/com.h2database.h2-mvstore-1.4.200.jar	301338	961c5e4498d7046a85c1507263a0bac227930edeb28c92f8f929437114d46030
frontends/swiftsrc2cpg/lib/com.lihaoyi.fansi_3-0.5.1.jar	105124	df4b447704664563cb0fba9cf52d3fc7509654ab592824d5c2eb4647e6701ac4
frontends/swiftsrc2cpg/lib/com.lihaoyi.geny_3-1.1.1.jar	102389	39658649f90b631a4fd63187724f16ba8a045e1b10a513528f34517fb2edf98b
frontends/swiftsrc2cpg/lib/com.lihaoyi.pprint_3-0.9.3.jar	162779	2c06448522447fc7fb5707f9c7d28151f5da50c078b0ed0895617b6789427bdb
frontends/swiftsrc2cpg/lib/com.lihaoyi.sourcecode_3-0.4.4.jar	115781	40cc148f8baab769de72892443476a05eed7471a9b5cd2cbc2a47bf22cad30d3
frontends/swiftsrc2cpg/lib/com.lihaoyi.ujson_3-4.1.0.jar	265322	6a6fc2c9c8643cedb0ebd02e957b4c50dc09d1aef6573ca1e15a8a424c4fa535
frontends/swiftsrc2cpg/lib/com.lihaoyi.upack_3-4.0.2.jar	139746	294b2cf0a4ba6a2803412f0b9a3dbbc2dc1dc420a48c3746d582c7f3f16a4181
frontends/swiftsrc2cpg/lib/com.lihaoyi.upickle-core_3-4.1.0.jar	353146	3d4dbd23edca088a83d722998472c1c5c27678bd01f13572c36627d7061cf596
frontends/swiftsrc2cpg/lib/com.lihaoyi.upickle-implicits_3-4.0.2.jar	288681	58bea28a70561054701074ca2f7fcc7a4b1abbe2ef7cb5017708e995b61d36ba
frontends/swiftsrc2cpg/lib/com.lihaoyi.upickle_3-4.0.2.jar	106552	b19a95c92c2d104ab2feb8ce68dacca1271adce6dcf90d8a40488af3f03dfdfd
frontends/swiftsrc2cpg/lib/com.michaelpollmeier.scala-repl-pp-shaded-libs_3-0.6.4.jar	1359117	f468f56871383b3060f5107f328c3cbadd656c159a52c757490b8784f7582d08
frontends/swiftsrc2cpg/lib/com.michaelpollmeier.scala-repl-pp_3.8.3-0.6.4.jar	338138	1a45099a3061e31072ba15591caa34361c02946e86f5b7041d06d9532b4bd41a
frontends/swiftsrc2cpg/lib/com.michaelpollmeier.versionsort-1.0.11.jar	1096	fe58e64378601e07cb95b8c4d75e5f6a8a991ede55c0653ddb1d8d3885d82146
frontends/swiftsrc2cpg/lib/com.thoughtworks.paranamer.paranamer-2.8.jar	34654	688cb118a6021d819138e855208c956031688be4b47a24bb615becc63acedf07
frontends/swiftsrc2cpg/lib/com.typesafe.config-1.4.3.jar	296029	8ada4c185ce72416712d63e0b5afdc5f009c0cdf405e5f26efecdf156aa5dfb6
frontends/swiftsrc2cpg/lib/commons-io.commons-io-2.22.0.jar	609182	2b9a7b1f726fb86216dbd2c8321eabe0221dbd5b1be81c18e1cb53811b104758
frontends/swiftsrc2cpg/lib/io.get-coursier.interface-1.0.28.jar	11106161	7592fe49c789b55429483185ac22ac6da43680a39c53b818c50bca0fb7dd6a78
frontends/swiftsrc2cpg/lib/io.joern.flatgraph-core_3-0.1.34.jar	611916	c14dd8e8510f6762078005d747ae8b5e87047db74f94d51bfd18c158a9623699
frontends/swiftsrc2cpg/lib/io.joern.flatgraph-formats_3-0.1.34.jar	345490	017dc4cfd37b99131c8506ace929f1943e25c9f3c22d2947a0aa5d67792b09aa
frontends/swiftsrc2cpg/lib/io.joern.flatgraph-help_3-0.1.34.jar	35756	9b50d84a9959bbc739ae3d7a2d423c97f6b862705831ce04c9bcc6096450b596
frontends/swiftsrc2cpg/lib/io.joern.flatgraph-odb-convert_3-0.1.34.jar	45190	6cc159d5a4714b353ebb7325c3af1807cacaeaca18393ccbd1b1b5fd511ad966
frontends/swiftsrc2cpg/lib/io.joern.semanticcpg-4.0.628.jar	1270417	dafa3ed41664922943f901a86c479a954695fb8640ba36b3b486e2e886167cd4
frontends/swiftsrc2cpg/lib/io.joern.swiftsrc2cpg-4.0.628-launcher.jar	1297	ab84aed133353324a685abe0f2f01f76d04bc9b7e8af676089410dba2078890d
frontends/swiftsrc2cpg/lib/io.joern.swiftsrc2cpg-4.0.628.jar	2548279	4ff227bc75781d846d1076221032df8b47c0ee7f4fa1687a161c791e59006f19
frontends/swiftsrc2cpg/lib/io.joern.x2cpg-4.0.628.jar	1795717	5d40b6a1f045495b46337c4a05ed0cf7c6325b4e3d79350e241cf3d8f0c21654
frontends/swiftsrc2cpg/lib/io.shiftleft.codepropertygraph-domain-classes_3-1.7.74.jar	4733340	9c6c0865db78ce3d40c98c64c8d76cab935257cb213873902515664d17a80230
frontends/swiftsrc2cpg/lib/io.shiftleft.codepropertygraph-protos_3-1.7.74.jar	316819	7a1f931175bc205124b4949dbaab566eab7e54045ce5eaafd3e15c20be3e0fd4
frontends/swiftsrc2cpg/lib/io.shiftleft.codepropertygraph_3-1.7.74.jar	120707	d4982e3bf459da75e94fdd1389f4a85d49b0917912ea914cde11ce89a1bc2e45
frontends/swiftsrc2cpg/lib/io.shiftleft.overflowdb-core_3-1.194.jar	119891	aacc7f470528ccf44555e0a60cba54f601531b1b551d92cbdf2d6a0ee1899884
frontends/swiftsrc2cpg/lib/io.spray.spray-json_3-1.3.6.jar	368491	b92a3ad0ad4a39f1f59c94e8583d078a7335f744ae467812f9bf29f10b774fb7
frontends/swiftsrc2cpg/lib/net.oneandone.reflections8.reflections8-0.11.7.jar	145616	721477456f75acab46e1b737ca84627c9d531831e33b54303c6a5bd071bafc22
frontends/swiftsrc2cpg/lib/net.sf.trove4j.core-3.1.0.jar	2560395	e1fed4d718a86d27c5ebb427810550fa5c03260e350e41a85ef2c2db6eac0856
frontends/swiftsrc2cpg/lib/org.apache.commons.commons-exec-1.4.0.jar	65863	f51cf8bee467efe2be76e46fc08078d96afa280a794283364291beda892a67ef
frontends/swiftsrc2cpg/lib/org.apache.commons.commons-lang3-3.17.0.jar	673587	6ee731df5c8e5a2976a1ca023b6bb320ea8d3539fbe64c8a1d5cb765127c33b4
frontends/swiftsrc2cpg/lib/org.apache.commons.commons-text-1.13.0.jar	257863	1e323a501127df78ed0987f345d69d65d0ea7fa3d4fb5b3f84aaeba3a8b20f38
frontends/swiftsrc2cpg/lib/org.apache.logging.log4j.log4j-api-2.20.0.jar	313296	2f43eea679ea66f14ca0f13fec2a8600ac124f5a5231dcb4df8393eddcb97550
frontends/swiftsrc2cpg/lib/org.apache.logging.log4j.log4j-core-2.20.0.jar	1847550	6137df848cdaed9f4d5076f75513c6c85da80b953f4e7acca38098b770763f55
frontends/swiftsrc2cpg/lib/org.apache.logging.log4j.log4j-slf4j2-impl-2.20.0.jar	26430	b8dd3e4ea9cffa18db5f301cd8c539158662e691efd4701aa87b4d09961bd8b0
frontends/swiftsrc2cpg/lib/org.apache.maven.maven-artifact-3.9.16.jar	58857	54cc1c1ef932e3d4a903352111b42b4d3c3ed8e7a1d0de73b625309d9c3ad3e8
frontends/swiftsrc2cpg/lib/org.codehaus.plexus.plexus-utils-3.6.1.jar	272101	05a63effd67e2d6b9d610cc82e2bd7473289d34802e57a529b28110f28af5679
frontends/swiftsrc2cpg/lib/org.javassist.javassist-3.22.0-GA.jar	739582	59531c00f3e3aa1ff48b3a8cf4ead47d203ab0e2fd9e0ad401f764e05947e252
frontends/swiftsrc2cpg/lib/org.jline.jline-native-3.29.0.jar	190157	19cfcc9d3c78a1c6cfe4c6c9599f16a657e4bf8da43940fc4b875373236dc258
frontends/swiftsrc2cpg/lib/org.jline.jline-reader-3.29.0.jar	184808	a4cb0a5fde9289f2f1b614e04f94b202f6ff5c9c96476425837b1184c92ef81d
frontends/swiftsrc2cpg/lib/org.jline.jline-terminal-3.29.0.jar	264973	fd68a98b32b1132035c62102e5df0b0fdc358e7c87a9f876ce7071450b4d10da
frontends/swiftsrc2cpg/lib/org.jline.jline-terminal-jni-3.29.0.jar	49066	13fef8bcc0e4788c8e192dc76c33758683c6bfdbaef6f67b41445eb8986773ad
frontends/swiftsrc2cpg/lib/org.json4s.json4s-ast_3-4.0.7.jar	706444	6140e538e53c2c55db445645a65ffe26f73577d0000f0890076b066ca55f2b25
frontends/swiftsrc2cpg/lib/org.json4s.json4s-core_3-4.0.7.jar	405716	bdb869db56d60c10a0760a98a3d53ecb632841fa8f1a5001e7c1a0d91877493a
frontends/swiftsrc2cpg/lib/org.json4s.json4s-native-core_3-4.0.7.jar	108350	d79432d86ab353840807cbcc8a7e9e48160efa67680db1fe26db6765b778362e
frontends/swiftsrc2cpg/lib/org.json4s.json4s-native_3-4.0.7.jar	13319	bd2222e623f020b6d036f1328b306f983365527d2d93eab7c205db223e5c09bf
frontends/swiftsrc2cpg/lib/org.json4s.json4s-scalap_3-4.0.7.jar	428143	dc2269e32e3d9cdd296151deb5f61d108d3d4fe99e220de5679dbaf6fb8e140a
frontends/swiftsrc2cpg/lib/org.msgpack.msgpack-core-0.9.1.jar	125098	183abb2b7c604a8b13d5f76af487ccddd003b6f0404aef52021dcb20a4358524
frontends/swiftsrc2cpg/lib/org.scala-lang.modules.scala-asm-9.9.0-scala-1.jar	323674	75ac366e8ecb691e06a7e85041eed0f67919a646e5262fa0901225698c104375
frontends/swiftsrc2cpg/lib/org.scala-lang.modules.scala-parallel-collections_3-1.0.4.jar	1293006	c3bf0d4d057942a78389fa9675823db5e3179f1b503f2df212b74e784da57050
frontends/swiftsrc2cpg/lib/org.scala-lang.modules.scala-xml_3-2.3.0.jar	740520	3220723238102107ab83182468e5dbe351b081a0601386710ef46c81a95d38d0
frontends/swiftsrc2cpg/lib/org.scala-lang.scala-library-3.8.3.jar	9184481	8b5164c4be2d7a86635966b419a08b393e58b3c7bc0cafb502e0f34248722b4e
frontends/swiftsrc2cpg/lib/org.scala-lang.scala3-compiler_3-3.8.3.jar	24620536	cd5e5aa54b610e37522deea19344a9d9614d5fbc9cf052de08a66ceb7c1a8974
frontends/swiftsrc2cpg/lib/org.scala-lang.scala3-interfaces-3.8.3.jar	3949	98bb43395ad33b65b7ea59ed3705fc14174b6179f4d21d561ae96ef97be563c0
frontends/swiftsrc2cpg/lib/org.scala-lang.scala3-library_3-3.8.3.jar	318	740c79f7fc3dae2c5eef48e85f777d679a1f0f53fdbb780bf84dea0370220a61
frontends/swiftsrc2cpg/lib/org.scala-lang.scala3-repl_3-3.8.3.jar	361901	d00e3ab80898f3f0b221535f251f51b21b9d4db50539e6ceec54183a13ae7a01
frontends/swiftsrc2cpg/lib/org.scala-lang.tasty-core_3-3.8.3.jar	97055	1c771f2416b4e455b269981a17c0804b237eed120c8807af808f192085c3e516
frontends/swiftsrc2cpg/lib/org.scala-sbt.compiler-interface-1.10.7.jar	113853	2bacc5761e03920a228e5c9d20b33d9c51d43aaf2f52e8f839ece630966eb880
frontends/swiftsrc2cpg/lib/org.scala-sbt.util-interface-1.10.7.jar	4371	1d6b91efa42b70fc064caed6d62962374e13b27737f885a87c84c667b30be625
frontends/swiftsrc2cpg/lib/org.slf4j.slf4j-api-2.0.17.jar	69908	7b751d952061954d5abfed7181c1f645d336091b679891591d63329c622eb832
frontends/swiftsrc2cpg/lib/org.virtuslab.using_directives-1.1.4.jar	53161	f905fd8fd0d50e76bcaca3a9ef631a49587159f14cd5cc405fd3ade97c72c555
ghidra2cpg	441	6b3a3a9ee255a3d940d81d37474d32b6026e0cd2690f1a0fea5670382b6853b1
ghidra2cpg.bat	233	afa04d7a0f29b32e241708abd876fd6ac7ba44692a1d06cc241a352d099bf2ed
gosrc2cpg	489	4210200b525b35126020c26b966c481a1f619bce40d13ad4377bb7453d3939df
gosrc2cpg.bat	231	06ce810a7a0a0de65f8feb2a2c8fcc1c9bd16f5b921cd66d450156a2f7797dc2
javasrc2cpg	492	a69485ca5e5fc8220716e2f37fcb7e87e5c5214f96f4e38a1578d0f9e982ccc0
javasrc2cpg.bat	235	b0df21e29410c765299f9185d278a2cd2993938562b35c1834bbeb7e42f58112
jimple2cpg	490	477fdcec3cf5bd4081bdbbc0cefd2e31fa5fb66d1effb47558f1ccfe313415de
jimple2cpg.bat	233	6fdc06d72ad26d0b6be25a169139b31aaeed2aa14ea752f57feae0bfc11602ab
joern	501	0df7e8db4282ef2c6fc37998917aca694176e23192de5f0c631511d993e99736
joern-cpg2scpg	469	aae9e9029cf9024122ac38c03a9a038d18fe719bb85fbb022b7d21116ef93af4
joern-export	471	2cfa7b0323a70858bbbfb12be67c7d0e744f8b00907039578a7ad9d16639230f
joern-export.bat	214	4b55787e637b3c6e5e7eb4b90abc4b223f67f6690fcd4ace49370032f9aff54b
joern-flow	469	248756902717f2159a78f6a8468cc59fc76e3079bcfbd392c91519ad396050fc
joern-flow.bat	212	2e9d4b4d3163be07648cc557124193b59d88648d827ba3aae51225e0cfdd3bce
joern-parse	470	93e88d1b810383e3b1bccc1350501129a28f1ae80a44c0a34179673fd76fd4cd
joern-parse.bat	213	db35da2f77ce97036b52adec3fbe83323243d3745e4e1427f02eb152f328c368
joern-scan	823	90f70e2429a24417e92d1549ecf75cabbe6d024f874172536ca4124c31a7b3c7
joern-scan.bat	212	fd22d6b66a4af9f1f1bb26e34215467b32e7ed8393698ff1800f8d357b9b6e8c
joern-slice	470	77a425324c04c2f7c7541d54e0e1d00ef7ae6a0301d71b90f36a8a389b7076f8
joern-slice.bat	213	369216c12aa460afd5e25909c842d452486803052ad053947685523acc511d02
joern-vectors	472	f22565545943d5b20761ac9c90a9eae2fd55748e4abcca6d00f50e387b5d8015
joern-vectors.bat	215	84fac302ad1d0b54b57956d819ef44bee35d1f8ae8d5bff2a1c6e654aa4e9ebe
joern.bat	213	b84fbddb36e2b92ce3f2fae489149cbd16a5d799b5a725e8bc86ee8dc999a429
jssrc2cpg.bat	231	45e23d742f9079a87ffc0c987b867c4619c80269e78c0ca487a13b6a3fab1f5e
jssrc2cpg.sh	494	0ac7ecc7582ef370fee73f5026def2b14356b551a772cdab3d28ecda82dee026
kotlin2cpg	208	ddcd747ee077ed8f8e8e656c84f73274adf463631c0866552a15c77be7a51767
kotlin2cpg.bat	233	e986c8a4f385b0969d26076b2b3569745ba9af97f896515cf7a4a69a974c8da0
lib/com.fasterxml.jackson.core.jackson-core-2.17.2.jar	581927	721a189241dab0525d9e858e5cb604d3ecc0ede081e2de77d6f34fa5779a5b46
lib/com.github.luben.zstd-jni-1.5.7-11.jar	7570466	a11e7427c57364053c9c94eb7e4e867355f18d017328119e319370050c10554a
lib/com.github.pathikrit.better-files_3-3.9.2.jar	321335	136c1770a63aa33b2710745bf7f8441cbbe0eeef0cab6b832bd0a46804158989
lib/com.github.scopt.scopt_3-4.1.0.jar	171963	7cfb80743b761b3df8630a818265eb91fd93cd77b32ed5ebd6fba1bb7cff6a3f
lib/com.github.tototoshi.scala-csv_3-2.0.0.jar	60826	8f8cf4ddc9665ec76ac3b51c641a215d8485830dd15f355369bc14f9ea95ca70
lib/com.google.code.findbugs.jsr305-3.0.2.jar	19936	766ad2a0783f2687962c8ad74ceecc38a28b9f72a2d085ee438b7813e928d0c7
lib/com.google.protobuf.protobuf-java-3.20.1.jar	1692592	dcbc32c81c8689c39e6672896258f76e660d781bb2526c6c069d5c91055ef153
lib/com.h2database.h2-mvstore-1.4.200.jar	301338	961c5e4498d7046a85c1507263a0bac227930edeb28c92f8f929437114d46030
lib/com.ibm.icu.icu4j-61.1.jar	12328871	55c98eb1838b2a4bb9a07dc36bd378532d64d0cdcb7ceee914236866a7de4464
lib/com.lihaoyi.cask-util_3-0.9.5.jar	47920	16aeac8e03fab7f1920c353913cd723dca8b99a65df9574feb07c4470549b3ae
lib/com.lihaoyi.cask_3-0.9.5.jar	522904	4f9df14c02a1288c27e5a7bbbf1f326fc220cd67597805e9f48f388926ef5bb2
lib/com.lihaoyi.castor_3-0.3.0.jar	65532	202cd24b2299f9f41361d6f1ae92b2e5dd2a578b0b735ae1f1b1a1c29e1772d4
lib/com.lihaoyi.fansi_3-0.5.1.jar	105124	df4b447704664563cb0fba9cf52d3fc7509654ab592824d5c2eb4647e6701ac4
lib/com.lihaoyi.geny_3-1.1.1.jar	102389	39658649f90b631a4fd63187724f16ba8a045e1b10a513528f34517fb2edf98b
lib/com.lihaoyi.os-lib_3-0.10.1.jar	502059	8b36a17ba2e1ed31e48dffba19eadba4e67dd452e25691038e69127e134dd607
lib/com.lihaoyi.pprint_3-0.9.3.jar	162779	2c06448522447fc7fb5707f9c7d28151f5da50c078b0ed0895617b6789427bdb
lib/com.lihaoyi.requests_3-0.8.0.jar	160538	b7b62f7320a94d94895f169b4151a73aed2cf3925790aa3082360052cb22a955
lib/com.lihaoyi.sourcecode_3-0.4.4.jar	115781	40cc148f8baab769de72892443476a05eed7471a9b5cd2cbc2a47bf22cad30d3
lib/com.lihaoyi.ujson_3-4.1.0.jar	265322	6a6fc2c9c8643cedb0ebd02e957b4c50dc09d1aef6573ca1e15a8a424c4fa535
lib/com.lihaoyi.upack_3-4.0.2.jar	139746	294b2cf0a4ba6a2803412f0b9a3dbbc2dc1dc420a48c3746d582c7f3f16a4181
lib/com.lihaoyi.upickle-core_3-4.1.0.jar	353146	3d4dbd23edca088a83d722998472c1c5c27678bd01f13572c36627d7061cf596
lib/com.lihaoyi.upickle-implicits_3-4.0.2.jar	288681	58bea28a70561054701074ca2f7fcc7a4b1abbe2ef7cb5017708e995b61d36ba
lib/com.lihaoyi.upickle_3-4.0.2.jar	106552	b19a95c92c2d104ab2feb8ce68dacca1271adce6dcf90d8a40488af3f03dfdfd
lib/com.michaelpollmeier.scala-repl-pp-server_3.8.3-0.6.4.jar	77599	764948892bad57aa950dd1c888aa73ca83efc6420a2b53bf7087c6d988232ffa
lib/com.michaelpollmeier.scala-repl-pp-shaded-libs_3-0.6.4.jar	1359117	f468f56871383b3060f5107f328c3cbadd656c159a52c757490b8784f7582d08
lib/com.michaelpollmeier.scala-repl-pp_3.8.3-0.6.4.jar	338138	1a45099a3061e31072ba15591caa34361c02946e86f5b7041d06d9532b4bd41a
lib/com.michaelpollmeier.versionsort-1.0.11.jar	1096	fe58e64378601e07cb95b8c4d75e5f6a8a991ede55c0653ddb1d8d3885d82146
lib/com.thoughtworks.paranamer.paranamer-2.8.jar	34654	688cb118a6021d819138e855208c956031688be4b47a24bb615becc63acedf07
lib/com.typesafe.config-1.4.3.jar	296029	8ada4c185ce72416712d63e0b5afdc5f009c0cdf405e5f26efecdf156aa5dfb6
lib/commons-codec.commons-codec-1.17.0.jar	372608	f700de80ac270d0344fdea7468201d8b9c805e5c648331c3619f2ee067ccfc59
lib/commons-io.commons-io-2.22.0.jar	609182	2b9a7b1f726fb86216dbd2c8321eabe0221dbd5b1be81c18e1cb53811b104758
lib/io.get-coursier.interface-1.0.28.jar	11106161	7592fe49c789b55429483185ac22ac6da43680a39c53b818c50bca0fb7dd6a78
lib/io.joern.console-4.0.628.jar	467482	7fcc99548ff84f83124e51d043841930ca3ea8f1494ceb3b4b288b559a605b8e
lib/io.joern.dataflowengineoss-4.0.628.jar	873785	e63635788249ef86d87bb75c9f37929ab2309fd557e7e147765b73dbd0ac077b
lib/io.joern.flatgraph-core_3-0.1.34.jar	611916	c14dd8e8510f6762078005d747ae8b5e87047db74f94d51bfd18c158a9623699
lib/io.joern.flatgraph-formats_3-0.1.34.jar	345490	017dc4cfd37b99131c8506ace929f1943e25c9f3c22d2947a0aa5d67792b09aa
lib/io.joern.flatgraph-help_3-0.1.34.jar	35756	9b50d84a9959bbc739ae3d7a2d423c97f6b862705831ce04c9bcc6096450b596
lib/io.joern.flatgraph-odb-convert_3-0.1.34.jar	45190	6cc159d5a4714b353ebb7325c3af1807cacaeaca18393ccbd1b1b5fd511ad966
lib/io.joern.joern-cli-4.0.628.jar	255712	ff3cf47e8956b8420d6f95fba7edcda656e3d79f901d06572beabf178bb02f71
lib/io.joern.macros-4.0.628.jar	50403	c2a6ec4e7539ba305c4e783c5907d0cb4b9cf211d88a0c4ebf8405916f68aa7b
lib/io.joern.rubysrc2cpg-4.0.628.jar	5604724	02b457aaf0654e651d83db082ac3b211ba9e61c2f301224d3face52587da9264
lib/io.joern.semanticcpg-4.0.628.jar	1270417	dafa3ed41664922943f901a86c479a954695fb8640ba36b3b486e2e886167cd4
lib/io.joern.x2cpg-4.0.628.jar	1795717	5d40b6a1f045495b46337c4a05ed0cf7c6325b4e3d79350e241cf3d8f0c21654
lib/io.shiftleft.codepropertygraph-domain-classes_3-1.7.74.jar	4733340	9c6c0865db78ce3d40c98c64c8d76cab935257cb213873902515664d17a80230
lib/io.shiftleft.codepropertygraph-protos_3-1.7.74.jar	316819	7a1f931175bc205124b4949dbaab566eab7e54045ce5eaafd3e15c20be3e0fd4
lib/io.shiftleft.codepropertygraph_3-1.7.74.jar	120707	d4982e3bf459da75e94fdd1389f4a85d49b0917912ea914cde11ce89a1bc2e45
lib/io.shiftleft.overflowdb-core_3-1.194.jar	119891	aacc7f470528ccf44555e0a60cba54f601531b1b551d92cbdf2d6a0ee1899884
lib/io.spray.spray-json_3-1.3.6.jar	368491	b92a3ad0ad4a39f1f59c94e8583d078a7335f744ae467812f9bf29f10b774fb7
lib/io.undertow.undertow-core-2.3.18.Final.jar	2330081	7dabc02f846910d72591055df33913959130262b1071477ef3f25db45058110e
lib/net.oneandone.reflections8.reflections8-0.11.7.jar	145616	721477456f75acab46e1b737ca84627c9d531831e33b54303c6a5bd071bafc22
lib/net.sf.trove4j.core-3.1.0.jar	2560395	e1fed4d718a86d27c5ebb427810550fa5c03260e350e41a85ef2c2db6eac0856
lib/org.abego.treelayout.org.abego.treelayout.core-1.0.3.jar	26773	fa5e31395c39c2e7d46aca0f81f72060931607b2fa41bd36038eb2cb6fb93326
lib/org.antlr.ST4-4.1.jar	253043	8b1ccaed9edc55cd255d9c19c4d8da4756d9b6fcb435671292b43470b16d75d8
lib/org.antlr.antlr-runtime-3.5.2.jar	167761	ce3fc8ecb10f39e9a3cddcbb2ce350d272d9cd3d0b1e18e6fe73c3b9389c8734
lib/org.antlr.antlr4-4.7.2.jar	1208785	a3811fad1e4cb6dde62c189c204cf931c5fa40e06e43839ead4a9f2e188f2fe5
lib/org.antlr.antlr4-runtime-4.7.2.jar	337904	4c518b87d4bdff8b44cd8cbc1af816e944b62a3fe5b80b781501cf1f4759bbc4
lib/org.apache.commons.commons-compress-1.26.2.jar	1083634	9168a03141d8fc7eda21a2360d83cc0412bcbb1d6204d992bd48c2573cb3c6b8
lib/org.apache.commons.commons-exec-1.4.0.jar	65863	f51cf8bee467efe2be76e46fc08078d96afa280a794283364291beda892a67ef
lib/org.apache.commons.commons-lang3-3.17.0.jar	673587	6ee731df5c8e5a2976a1ca023b6bb320ea8d3539fbe64c8a1d5cb765127c33b4
lib/org.apache.commons.commons-text-1.13.0.jar	257863	1e323a501127df78ed0987f345d69d65d0ea7fa3d4fb5b3f84aaeba3a8b20f38
lib/org.apache.logging.log4j.log4j-api-2.20.0.jar	313296	2f43eea679ea66f14ca0f13fec2a8600ac124f5a5231dcb4df8393eddcb97550
lib/org.apache.logging.log4j.log4j-core-2.20.0.jar	1847550	6137df848cdaed9f4d5076f75513c6c85da80b953f4e7acca38098b770763f55
lib/org.apache.logging.log4j.log4j-slf4j2-impl-2.20.0.jar	26430	b8dd3e4ea9cffa18db5f301cd8c539158662e691efd4701aa87b4d09961bd8b0
lib/org.apache.maven.maven-artifact-3.9.16.jar	58857	54cc1c1ef932e3d4a903352111b42b4d3c3ed8e7a1d0de73b625309d9c3ad3e8
lib/org.codehaus.plexus.plexus-utils-3.6.1.jar	272101	05a63effd67e2d6b9d610cc82e2bd7473289d34802e57a529b28110f28af5679
lib/org.glassfish.javax.json-1.0.4.jar	85147	0e1dec40a1ede965941251eda968aeee052cc4f50378bc316cc48e8159bdbeb4
lib/org.java-websocket.Java-WebSocket-1.5.3.jar	134209	4d6fc21dc9b657e76dcd74969079d18f30e7796a563f34c9a61e659a485e7a3f
lib/org.javassist.javassist-3.28.0-GA.jar	851531	57d0a9e9286f82f4eaa851125186997f811befce0e2060ff0a15a77f5a9dd9a7
lib/org.jboss.logging.jboss-logging-3.4.3.Final.jar	60782	0b324cca4d550060e51e70cc0045a6cce62f264278ec1f5082aafeb670fcac49
lib/org.jboss.threads.jboss-threads-3.5.0.Final.jar	122607	e150b67a7f528525fe68dd60841520c22d59e0a831ea237c45a704de48b990b1
lib/org.jboss.xnio.xnio-api-3.8.16.Final.jar	588677	3572098fe1687dabd90f0222080fb158f63ca771c42ef1d39974434849f78bc4
lib/org.jboss.xnio.xnio-nio-3.8.16.Final.jar	111648	cee1ad9674ff4615f492a314a986c77b7c223ae03255c77aacc60c6cea62d59c
lib/org.jline.jline-native-3.29.0.jar	190157	19cfcc9d3c78a1c6cfe4c6c9599f16a657e4bf8da43940fc4b875373236dc258
lib/org.jline.jline-reader-3.29.0.jar	184808	a4cb0a5fde9289f2f1b614e04f94b202f6ff5c9c96476425837b1184c92ef81d
lib/org.jline.jline-terminal-3.29.0.jar	264973	fd68a98b32b1132035c62102e5df0b0fdc358e7c87a9f876ce7071450b4d10da
lib/org.jline.jline-terminal-jni-3.29.0.jar	49066	13fef8bcc0e4788c8e192dc76c33758683c6bfdbaef6f67b41445eb8986773ad
lib/org.jruby.jruby-complete-9.4.15.0.jar	34375288	e8a461c48da851d839b8deb8b67b1987542ba5e23b8febfa0e60f0065e2639d2
lib/org.json4s.json4s-ast_3-4.0.7.jar	706444	6140e538e53c2c55db445645a65ffe26f73577d0000f0890076b066ca55f2b25
lib/org.json4s.json4s-core_3-4.0.7.jar	405716	bdb869db56d60c10a0760a98a3d53ecb632841fa8f1a5001e7c1a0d91877493a
lib/org.json4s.json4s-native-core_3-4.0.7.jar	108350	d79432d86ab353840807cbcc8a7e9e48160efa67680db1fe26db6765b778362e
lib/org.json4s.json4s-native_3-4.0.7.jar	13319	bd2222e623f020b6d036f1328b306f983365527d2d93eab7c205db223e5c09bf
lib/org.json4s.json4s-scalap_3-4.0.7.jar	428143	dc2269e32e3d9cdd296151deb5f61d108d3d4fe99e220de5679dbaf6fb8e140a
lib/org.msgpack.msgpack-core-0.9.1.jar	125098	183abb2b7c604a8b13d5f76af487ccddd003b6f0404aef52021dcb20a4358524
lib/org.reflections.reflections-0.10.2.jar	130398	938a2d08fe54050d7610b944d8ddc3a09355710d9e6be0aac838dbc04e9a2825
lib/org.scala-lang.modules.scala-asm-9.9.0-scala-1.jar	323674	75ac366e8ecb691e06a7e85041eed0f67919a646e5262fa0901225698c104375
lib/org.scala-lang.modules.scala-parallel-collections_3-1.0.4.jar	1293006	c3bf0d4d057942a78389fa9675823db5e3179f1b503f2df212b74e784da57050
lib/org.scala-lang.modules.scala-xml_3-2.3.0.jar	740520	3220723238102107ab83182468e5dbe351b081a0601386710ef46c81a95d38d0
lib/org.scala-lang.scala-library-3.8.3.jar	9184481	8b5164c4be2d7a86635966b419a08b393e58b3c7bc0cafb502e0f34248722b4e
lib/org.scala-lang.scala3-compiler_3-3.8.3.jar	24620536	cd5e5aa54b610e37522deea19344a9d9614d5fbc9cf052de08a66ceb7c1a8974
lib/org.scala-lang.scala3-interfaces-3.8.3.jar	3949	98bb43395ad33b65b7ea59ed3705fc14174b6179f4d21d561ae96ef97be563c0
lib/org.scala-lang.scala3-library_3-3.8.3.jar	318	740c79f7fc3dae2c5eef48e85f777d679a1f0f53fdbb780bf84dea0370220a61
lib/org.scala-lang.scala3-repl_3-3.8.3.jar	361901	d00e3ab80898f3f0b221535f251f51b21b9d4db50539e6ceec54183a13ae7a01
lib/org.scala-lang.tasty-core_3-3.8.3.jar	97055	1c771f2416b4e455b269981a17c0804b237eed120c8807af808f192085c3e516
lib/org.scala-sbt.compiler-interface-1.10.7.jar	113853	2bacc5761e03920a228e5c9d20b33d9c51d43aaf2f52e8f839ece630966eb880
lib/org.scala-sbt.util-interface-1.10.7.jar	4371	1d6b91efa42b70fc064caed6d62962374e13b27737f885a87c84c667b30be625
lib/org.slf4j.slf4j-api-2.0.17.jar	69908	7b751d952061954d5abfed7181c1f645d336091b679891591d63329c622eb832
lib/org.typelevel.cats-core_3-2.9.0.jar	6806814	158fe49b9d83ce1530c394c701054c91f78328b774064dc33bfd4c39252bedcd
lib/org.typelevel.cats-effect-kernel_3-3.5.4.jar	1283984	03375636fdd1086417531e0305b4b7fba3e2f62bd7b241587df05b5cb95aa5c7
lib/org.typelevel.cats-effect-std_3-3.5.4.jar	688710	748eb2ef8d015c75e96842280c2c648782a5b0fec7cc4a4b3a80a2f26f6a2baa
lib/org.typelevel.cats-effect_3-3.5.4.jar	759453	ac62797add23b03c9185f5742039246712aad2dda4c2b2d19d0564d23dab2c97
lib/org.typelevel.cats-kernel_3-2.9.0.jar	1589002	2a362c36c835b922a2d88cede8be5dd9bc434dbafc1052a252dfed96da9c5a76
lib/org.virtuslab.using_directives-1.1.4.jar	53161	f905fd8fd0d50e76bcaca3a9ef631a49587159f14cd5cc405fd3ade97c72c555
lib/org.wildfly.client.wildfly-client-config-1.0.1.Final.jar	47396	80a4e963ce94ebb043ecb0f2c0e77d327f23dc87d81350b863752eedfa2c3bb3
lib/org.wildfly.common.wildfly-common-1.5.4.Final.jar	284642	9fda3caf8bd528dec56ebc70daf78f5a9ff5d0bfcea8b3e41ab7ae838747e46a
lib/org.zeroturnaround.zt-zip-1.17.jar	111592	fec7e33c4bea6ce42a427e3fbf21a3aad33878289dfd06a849282ce33e7f8de3
php2cpg	485	56e3fb2c088d52bba9aa5c6a040cb133e88645f855f4272c97bc7b8ba5617db6
php2cpg.bat	227	92c9812a4b5054257f8184cd1e7bd962dc989560ba75d417fc4342b2fd8c7233
pysrc2cpg	500	a22eac9b4cdb360161bfca53d066c406a5cff52c553284a9622974fa6983823c
pysrc2cpg.bat	231	5ecb7b5bc6bfb7251a4993aa0cb02481b4a9813f04e48a18bc5156dc7b295797
rubysrc2cpg	493	370389df847226e64bcc3e1aee0cbe97c51a4887eb008761dfdf7d5edec7bc80
rubysrc2cpg.bat	235	5701a0dd4a1bace4b2f9f17943385f0428d585bab554a78571ab9e89ea23b856
rust2cpg	487	cb08c5e87a8ccf2d2720b48b958ae28e4ae76c8334dfffc09c608415342388b2
rust2cpg.bat	229	f48001cfab19881dc9b49787ebe2b280d457d9a0f4d1ea6817790d85b840028c
schema-extender/build.sbt	1745	b9c151c4ee4b086ed3a30dff10bdf388e0722a283312b4927acf56d12c1a3106
schema-extender/cpg-version	6	78b2acceee4eebbee247a0b524b778e18105530f2b391a4d49ea43559603b3a7
schema-extender/project/FileUtils.scala	573	4dc58db30017339fce3949c9a53464dbd93dff27505a73e4e66b2401d08a2344
schema-extender/project/build.properties	19	7eec732340313479433996321d158c6fb684d2df4b0e80648c10fa3603c763da
schema-extender/schema/src/main/scala/CpgExtCodegen.scala	1107	ff6cde352428c2a9839accab63900ac96b81d9b710f6124d56fa6684ae91d546
schema-extender.sh	122	de69476c5fc167caf492a7cf8c5728f7266b689a3ad37fdcbc11d4410024af95
scripts/README.md	844	2191bdde94da5ae6927a56e65d95c4b435dbfb10dc8fcf6b5eeafbd949a05f6b
scripts/assertions.sc	477	bca4e45c0a49e07032ad5918ed49bfd44a16662b56e1d233a7737f3b34f69f1e
scripts/binary/gadgets.sc	187	3f5ce740d2f7fc49c3f1ea7e8ad450317c6658127134d65a67ad3b80370d586e
scripts/c/assertions.sc	477	bca4e45c0a49e07032ad5918ed49bfd44a16662b56e1d233a7737f3b34f69f1e
scripts/c/const-ish.sc	507	e48021eefb0b2a1d5f3043901edaff3f9e83dbe736ce44bad3137f8403618fc0
scripts/c/malloc-leak.sc	478	ace0a41fcd10ff46502702e38346f12501ad925fd02ace2616e487d3f28b3c79
scripts/c/malloc-overflow.sc	518	e7227a61e028979838caf3a524d56dae39bea537c71fedafc6c339b0fdf15a35
scripts/c/pointer-to-int.sc	1823	5e52f0dc19f1439a1bb86dc0c16b0741a611c236627e15d5e2a163a8fd1de1ec
scripts/c/scripts.json	1078	a1ac6f0130d1175d250144b07b3dfcafa6f72f981500cb4f1a9bc13efbd66cb7
scripts/c/syscalls.sc	6331	3762bd2740435b9be5b479547afb137374c00c8017bfa32abf2d4f938ef9649d
scripts/c/userspace-memory-access.sc	653	ff40a0e5fe6f95eca54b70be01f157d00232e91f5bb84aa3e8b2874cacb450b2
scripts/general/help.sc	191	a77a310458e4e7d4403fc4e8ae28ad3eacd8db7667202f1c6affd85ff698aaae
scripts/general/list-funcs.sc	461	3f1d1a1c16f0d174ce3b7ee88d85ee0563fe57eb482cfd6341adb64c16dcf74f
scripts/general/run.sc	255	0ac2612ef640d18d9f2a44410805520f88409d54b842fe27865fc042b95598a8
scripts/general/scripts.json	170	c608b16dd7c6d8d7b741d5e2b5ad43710301ee9d8fcf7e28ef72949f853bd15b
scripts/trigger-error.sc	121	4bfc247bff66357de7a373a82203f1cb1efcb559a1b2d19693dfe4050b234be4
swiftsrc2cpg.bat	237	5b33197d3cfa5c6dd7e9bd84b0c1c07584de67996498452413d70274b80d9c3d
swiftsrc2cpg.sh	500	246e40c8c816ee2729302abc69b267e9ee9b2c1d28515d4a5a3dc8366b2b7129
