[2026-10-08 00:42:06] This is codeql execute queries -J-Xmx1065M --verbosity=progress --logdir=/Users/dave/.codex/worktrees/844d/dataflowbench/execution-state/v090-resume-20261007-05/execution/matrix/reports/raw/swift-common-v2/current108-v090-01/dfb-taint-swift-native-persistence-negative/database/log --evaluator-log-level=5 --threads=2 --warnings=show --additional-packs=/Users/dave/.codex/worktrees/844d/dataflowbench/execution-state/v090-resume-20261007-01/extractor-build/repaired-packs --qlconfig-file=/Users/dave/.codex/worktrees/844d/dataflowbench/execution-state/v090-resume-20261007-05/execution/matrix/qlconfig.yml --dynamic-join-order-mode=none --output=/Users/dave/.codex/worktrees/844d/dataflowbench/execution-state/v090-resume-20261007-05/execution/matrix/reports/raw/swift-common-v2/current108-v090-01/dfb-taint-swift-native-persistence-negative/coverage.bqrs -- /Users/dave/.codex/worktrees/844d/dataflowbench/execution-state/v090-resume-20261007-05/execution/matrix/reports/raw/swift-common-v2/current108-v090-01/dfb-taint-swift-native-persistence-negative/database/db-swift path:/Users/dave/.codex/worktrees/844d/dataflowbench/execution-state/v090-resume-20261007-05/execution/matrix/adapters/codeql/swift-normal-v1/queries/native/coverage.ql
[2026-10-08 00:42:06] Calling plumbing command: codeql resolve queries --additional-packs=/Users/dave/.codex/worktrees/844d/dataflowbench/execution-state/v090-resume-20261007-01/extractor-build/repaired-packs --qlconfig-file=/Users/dave/.codex/worktrees/844d/dataflowbench/execution-state/v090-resume-20261007-05/execution/matrix/qlconfig.yml --format=json -- path:/Users/dave/.codex/worktrees/844d/dataflowbench/execution-state/v090-resume-20261007-05/execution/matrix/adapters/codeql/swift-normal-v1/queries/native/coverage.ql
[2026-10-08 00:42:06] [PROGRESS] resolve queries> Recording pack reference dfb/swift-normal-native at /Users/dave/.codex/worktrees/844d/dataflowbench/execution-state/v090-resume-20261007-05/execution/matrix/adapters/codeql/swift-normal-v1/queries/native.
[2026-10-08 00:42:06] Plumbing command codeql resolve queries completed:
                      [
                        "/Users/dave/.codex/worktrees/844d/dataflowbench/execution-state/v090-resume-20261007-05/execution/matrix/adapters/codeql/swift-normal-v1/queries/native/coverage.ql"
                      ]
[2026-10-08 00:42:06] Refusing fancy output: The terminal is not an xterm: 
[2026-10-08 00:42:06] Creating executor with 2 threads.
[2026-10-08 00:42:06] [PROGRESS] execute queries> Resolving data extensions.
[2026-10-08 00:42:07] Calling plumbing command: codeql resolve extensions --additional-packs=/Users/dave/.codex/worktrees/844d/dataflowbench/execution-state/v090-resume-20261007-01/extractor-build/repaired-packs --qlconfig-file=/Users/dave/.codex/worktrees/844d/dataflowbench/execution-state/v090-resume-20261007-05/execution/matrix/qlconfig.yml --include-extension-row-locations path:/Users/dave/.codex/worktrees/844d/dataflowbench/execution-state/v090-resume-20261007-05/execution/matrix/adapters/codeql/swift-normal-v1/queries/native/coverage.ql
[2026-10-08 00:42:07] Calling plumbing command: codeql resolve queries --additional-packs=/Users/dave/.codex/worktrees/844d/dataflowbench/execution-state/v090-resume-20261007-01/extractor-build/repaired-packs --qlconfig-file=/Users/dave/.codex/worktrees/844d/dataflowbench/execution-state/v090-resume-20261007-05/execution/matrix/qlconfig.yml --allow-library-packs --format startingpacks -- path:/Users/dave/.codex/worktrees/844d/dataflowbench/execution-state/v090-resume-20261007-05/execution/matrix/adapters/codeql/swift-normal-v1/queries/native/coverage.ql
[2026-10-08 00:42:07] [PROGRESS] resolve queries> Recording pack reference dfb/swift-normal-native at /Users/dave/.codex/worktrees/844d/dataflowbench/execution-state/v090-resume-20261007-05/execution/matrix/adapters/codeql/swift-normal-v1/queries/native.
[2026-10-08 00:42:07] Plumbing command codeql resolve queries completed:
                      [
                        "/Users/dave/.codex/worktrees/844d/dataflowbench/execution-state/v090-resume-20261007-05/execution/matrix/adapters/codeql/swift-normal-v1/queries/native"
                      ]
[2026-10-08 00:42:07] Calling plumbing command: codeql resolve extensions-by-pack --additional-packs=/Users/dave/.codex/worktrees/844d/dataflowbench/execution-state/v090-resume-20261007-01/extractor-build/repaired-packs --qlconfig-file=/Users/dave/.codex/worktrees/844d/dataflowbench/execution-state/v090-resume-20261007-05/execution/matrix/qlconfig.yml --include-extension-row-locations -- /Users/dave/.codex/worktrees/844d/dataflowbench/execution-state/v090-resume-20261007-05/execution/matrix/adapters/codeql/swift-normal-v1/queries/native
[2026-10-08 00:42:07] [SPAMMY] resolve extensions-by-pack> [INCOMPATIBILITY] dfb/swift-normal-native: not 0.0.1 {root: dfb/swift-normal-native@0.0.1}
[2026-10-08 00:42:07] [SPAMMY] resolve extensions-by-pack> [DERIVATION] dfb/swift-normal-native: 0.0.1 {dfb/swift-normal-native: not 0.0.1 {root: dfb/swift-normal-native@0.0.1}}
[2026-10-08 00:42:07] [SPAMMY] resolve extensions-by-pack> [INCOMPATIBILITY] dfb/swift-normal-native: * [*], codeql/swift-all: not * [*] {dependency: dfb/swift-normal-native@* [*] requires codeql/swift-all@6.8.4-dfb.entry1}
[2026-10-08 00:42:07] [SPAMMY] resolve extensions-by-pack> [DECISION 1] dfb/swift-normal-native: 0.0.1
[2026-10-08 00:42:07] [SPAMMY] resolve extensions-by-pack> [DERIVATION] codeql/swift-all: * [*] {dfb/swift-normal-native: * [*], codeql/swift-all: not * [*] {dependency: dfb/swift-normal-native@* [*] requires codeql/swift-all@6.8.4-dfb.entry1}}
[2026-10-08 00:42:07] [SPAMMY] resolve extensions-by-pack> [INCOMPATIBILITY] codeql/swift-all: * [*], codeql/concepts: not * [*] {dependency: codeql/swift-all@* [*] requires codeql/concepts@0.0.32}
[2026-10-08 00:42:07] [SPAMMY] resolve extensions-by-pack> [INCOMPATIBILITY] codeql/swift-all: * [*], codeql/controlflow: not * [*] {dependency: codeql/swift-all@* [*] requires codeql/controlflow@2.0.42}
[2026-10-08 00:42:07] [SPAMMY] resolve extensions-by-pack> [INCOMPATIBILITY] codeql/swift-all: * [*], codeql/dataflow: not * [*] {dependency: codeql/swift-all@* [*] requires codeql/dataflow@2.1.14}
[2026-10-08 00:42:07] [SPAMMY] resolve extensions-by-pack> [INCOMPATIBILITY] codeql/swift-all: * [*], codeql/mad: not * [*] {dependency: codeql/swift-all@* [*] requires codeql/mad@1.0.58}
[2026-10-08 00:42:07] [SPAMMY] resolve extensions-by-pack> [INCOMPATIBILITY] codeql/swift-all: * [*], codeql/regex: not * [*] {dependency: codeql/swift-all@* [*] requires codeql/regex@1.0.58}
[2026-10-08 00:42:07] [SPAMMY] resolve extensions-by-pack> [INCOMPATIBILITY] codeql/swift-all: * [*], codeql/ssa: not * [*] {dependency: codeql/swift-all@* [*] requires codeql/ssa@2.0.34}
[2026-10-08 00:42:07] [SPAMMY] resolve extensions-by-pack> [INCOMPATIBILITY] codeql/swift-all: * [*], codeql/tutorial: not * [*] {dependency: codeql/swift-all@* [*] requires codeql/tutorial@1.0.58}
[2026-10-08 00:42:07] [SPAMMY] resolve extensions-by-pack> [INCOMPATIBILITY] codeql/swift-all: * [*], codeql/util: not * [*] {dependency: codeql/swift-all@* [*] requires codeql/util@2.0.45}
[2026-10-08 00:42:07] [SPAMMY] resolve extensions-by-pack> [DECISION 2] codeql/swift-all: 6.8.4-dfb.entry1
[2026-10-08 00:42:07] [SPAMMY] resolve extensions-by-pack> [DERIVATION] codeql/util: * [*] {codeql/swift-all: * [*], codeql/util: not * [*] {dependency: codeql/swift-all@* [*] requires codeql/util@2.0.45}}
[2026-10-08 00:42:07] [SPAMMY] resolve extensions-by-pack> [DERIVATION] codeql/tutorial: * [*] {codeql/swift-all: * [*], codeql/tutorial: not * [*] {dependency: codeql/swift-all@* [*] requires codeql/tutorial@1.0.58}}
[2026-10-08 00:42:07] [SPAMMY] resolve extensions-by-pack> [DERIVATION] codeql/ssa: * [*] {codeql/swift-all: * [*], codeql/ssa: not * [*] {dependency: codeql/swift-all@* [*] requires codeql/ssa@2.0.34}}
[2026-10-08 00:42:07] [SPAMMY] resolve extensions-by-pack> [DERIVATION] codeql/regex: * [*] {codeql/swift-all: * [*], codeql/regex: not * [*] {dependency: codeql/swift-all@* [*] requires codeql/regex@1.0.58}}
[2026-10-08 00:42:07] [SPAMMY] resolve extensions-by-pack> [DERIVATION] codeql/mad: * [*] {codeql/swift-all: * [*], codeql/mad: not * [*] {dependency: codeql/swift-all@* [*] requires codeql/mad@1.0.58}}
[2026-10-08 00:42:07] [SPAMMY] resolve extensions-by-pack> [DERIVATION] codeql/dataflow: * [*] {codeql/swift-all: * [*], codeql/dataflow: not * [*] {dependency: codeql/swift-all@* [*] requires codeql/dataflow@2.1.14}}
[2026-10-08 00:42:07] [SPAMMY] resolve extensions-by-pack> [DERIVATION] codeql/controlflow: * [*] {codeql/swift-all: * [*], codeql/controlflow: not * [*] {dependency: codeql/swift-all@* [*] requires codeql/controlflow@2.0.42}}
[2026-10-08 00:42:07] [SPAMMY] resolve extensions-by-pack> [DERIVATION] codeql/concepts: * [*] {codeql/swift-all: * [*], codeql/concepts: not * [*] {dependency: codeql/swift-all@* [*] requires codeql/concepts@0.0.32}}
[2026-10-08 00:42:07] [SPAMMY] resolve extensions-by-pack> [INCOMPATIBILITY] codeql/concepts: * [*], codeql/dataflow: not * [*] {dependency: codeql/concepts@* [*] requires codeql/dataflow@2.1.14}
[2026-10-08 00:42:07] [SPAMMY] resolve extensions-by-pack> [INCOMPATIBILITY] codeql/concepts: * [*], codeql/util: not * [*] {dependency: codeql/concepts@* [*] requires codeql/util@2.0.45}
[2026-10-08 00:42:07] [SPAMMY] resolve extensions-by-pack> [DECISION 3] codeql/concepts: 0.0.32
[2026-10-08 00:42:07] [SPAMMY] resolve extensions-by-pack> [INCOMPATIBILITY] codeql/controlflow: * [*], codeql/util: not * [*] {dependency: codeql/controlflow@* [*] requires codeql/util@2.0.45}
[2026-10-08 00:42:07] [SPAMMY] resolve extensions-by-pack> [DECISION 4] codeql/controlflow: 2.0.42
[2026-10-08 00:42:07] [SPAMMY] resolve extensions-by-pack> [INCOMPATIBILITY] codeql/dataflow: * [*], codeql/controlflow: not * [*] {dependency: codeql/dataflow@* [*] requires codeql/controlflow@2.0.42}
[2026-10-08 00:42:07] [SPAMMY] resolve extensions-by-pack> [INCOMPATIBILITY] codeql/dataflow: * [*], codeql/ssa: not * [*] {dependency: codeql/dataflow@* [*] requires codeql/ssa@2.0.34}
[2026-10-08 00:42:07] [SPAMMY] resolve extensions-by-pack> [INCOMPATIBILITY] codeql/dataflow: * [*], codeql/typetracking: not * [*] {dependency: codeql/dataflow@* [*] requires codeql/typetracking@2.0.42}
[2026-10-08 00:42:07] [SPAMMY] resolve extensions-by-pack> [INCOMPATIBILITY] codeql/dataflow: * [*], codeql/util: not * [*] {dependency: codeql/dataflow@* [*] requires codeql/util@2.0.45}
[2026-10-08 00:42:07] [SPAMMY] resolve extensions-by-pack> [DECISION 5] codeql/dataflow: 2.1.14
[2026-10-08 00:42:07] [SPAMMY] resolve extensions-by-pack> [DERIVATION] codeql/typetracking: * [*] {codeql/dataflow: * [*], codeql/typetracking: not * [*] {dependency: codeql/dataflow@* [*] requires codeql/typetracking@2.0.42}}
[2026-10-08 00:42:07] [SPAMMY] resolve extensions-by-pack> [INCOMPATIBILITY] codeql/mad: * [*], codeql/dataflow: not * [*] {dependency: codeql/mad@* [*] requires codeql/dataflow@2.1.14}
[2026-10-08 00:42:07] [SPAMMY] resolve extensions-by-pack> [INCOMPATIBILITY] codeql/mad: * [*], codeql/util: not * [*] {dependency: codeql/mad@* [*] requires codeql/util@2.0.45}
[2026-10-08 00:42:07] [SPAMMY] resolve extensions-by-pack> [DECISION 6] codeql/mad: 1.0.58
[2026-10-08 00:42:07] [SPAMMY] resolve extensions-by-pack> [INCOMPATIBILITY] codeql/regex: * [*], codeql/util: not * [*] {dependency: codeql/regex@* [*] requires codeql/util@2.0.45}
[2026-10-08 00:42:07] [SPAMMY] resolve extensions-by-pack> [DECISION 7] codeql/regex: 1.0.58
[2026-10-08 00:42:07] [SPAMMY] resolve extensions-by-pack> [INCOMPATIBILITY] codeql/ssa: * [*], codeql/controlflow: not * [*] {dependency: codeql/ssa@* [*] requires codeql/controlflow@2.0.42}
[2026-10-08 00:42:07] [SPAMMY] resolve extensions-by-pack> [INCOMPATIBILITY] codeql/ssa: * [*], codeql/util: not * [*] {dependency: codeql/ssa@* [*] requires codeql/util@2.0.45}
[2026-10-08 00:42:07] [SPAMMY] resolve extensions-by-pack> [DECISION 8] codeql/ssa: 2.0.34
[2026-10-08 00:42:07] [SPAMMY] resolve extensions-by-pack> [DECISION 9] codeql/tutorial: 1.0.58
[2026-10-08 00:42:07] [SPAMMY] resolve extensions-by-pack> [INCOMPATIBILITY] codeql/typetracking: * [*], codeql/util: not * [*] {dependency: codeql/typetracking@* [*] requires codeql/util@2.0.45}
[2026-10-08 00:42:07] [SPAMMY] resolve extensions-by-pack> [DECISION 10] codeql/typetracking: 2.0.42
[2026-10-08 00:42:07] [SPAMMY] resolve extensions-by-pack> [DECISION 11] codeql/util: 2.0.45
[2026-10-08 00:42:07] [PROGRESS] resolve extensions-by-pack> Loading data extensions in /Users/dave/.codex/worktrees/844d/dataflowbench/execution-state/v090-resume-20261007-01/extractor-build/repaired-packs/codeql/util/2.0.45/ext/default-alert-filter.yml.
[2026-10-08 00:42:07] [DETAILS] resolve extensions-by-pack>   Found extension targeting codeql/util:restrictAlertsTo: 0 tuples.
[2026-10-08 00:42:07] [DETAILS] resolve extensions-by-pack>   Found extension targeting codeql/util:restrictAlertsToExactLocation: 0 tuples.
[2026-10-08 00:42:07] Plumbing command codeql resolve extensions-by-pack completed:
                      {
                        "models" : [ ],
                        "data" : {
                          "/Users/dave/.codex/worktrees/844d/dataflowbench/execution-state/v090-resume-20261007-05/execution/matrix/adapters/codeql/swift-normal-v1/queries/native" : [
                            {
                              "predicate" : "restrictAlertsTo",
                              "file" : "/Users/dave/.codex/worktrees/844d/dataflowbench/execution-state/v090-resume-20261007-01/extractor-build/repaired-packs/codeql/util/2.0.45/ext/default-alert-filter.yml",
                              "index" : 0,
                              "firstRowId" : 0,
                              "rowCount" : 0,
                              "predicateHasOrigin" : false,
                              "locations" : {
                                "lineNumbers" : "A",
                                "columnNumbers" : "A"
                              }
                            },
                            {
                              "predicate" : "restrictAlertsToExactLocation",
                              "file" : "/Users/dave/.codex/worktrees/844d/dataflowbench/execution-state/v090-resume-20261007-01/extractor-build/repaired-packs/codeql/util/2.0.45/ext/default-alert-filter.yml",
                              "index" : 1,
                              "firstRowId" : 0,
                              "rowCount" : 0,
                              "predicateHasOrigin" : false,
                              "locations" : {
                                "lineNumbers" : "A",
                                "columnNumbers" : "A"
                              }
                            }
                          ]
                        },
                        "threatModels" : { },
                        "extensionPacks" : [ ]
                      }
[2026-10-08 00:42:07] Plumbing command codeql resolve extensions completed:
                      {
                        "models" : [ ],
                        "data" : {
                          "/Users/dave/.codex/worktrees/844d/dataflowbench/execution-state/v090-resume-20261007-05/execution/matrix/adapters/codeql/swift-normal-v1/queries/native" : [
                            {
                              "predicate" : "restrictAlertsTo",
                              "file" : "/Users/dave/.codex/worktrees/844d/dataflowbench/execution-state/v090-resume-20261007-01/extractor-build/repaired-packs/codeql/util/2.0.45/ext/default-alert-filter.yml",
                              "index" : 0,
                              "firstRowId" : 0,
                              "rowCount" : 0,
                              "predicateHasOrigin" : false,
                              "locations" : {
                                "lineNumbers" : "A",
                                "columnNumbers" : "A"
                              }
                            },
                            {
                              "predicate" : "restrictAlertsToExactLocation",
                              "file" : "/Users/dave/.codex/worktrees/844d/dataflowbench/execution-state/v090-resume-20261007-01/extractor-build/repaired-packs/codeql/util/2.0.45/ext/default-alert-filter.yml",
                              "index" : 1,
                              "firstRowId" : 0,
                              "rowCount" : 0,
                              "predicateHasOrigin" : false,
                              "locations" : {
                                "lineNumbers" : "A",
                                "columnNumbers" : "A"
                              }
                            }
                          ]
                        },
                        "threatModels" : { },
                        "extensionPacks" : [ ]
                      }
[2026-10-08 00:42:07] [PROGRESS] execute queries> Finished resolving data extensions.
[2026-10-08 00:42:07] [SPAMMY] execute queries> Selected JGit Git client for /Users/dave/.codex/worktrees/844d/dataflowbench/execution-state/v090-resume-20261007-05/execution/matrix/adapters/codeql/swift-normal-v1/queries/native because the repository uses SHA-1 object format.
[2026-10-08 00:42:07] [PROGRESS] execute queries> Loading data extensions.
[2026-10-08 00:42:07] [PROGRESS] execute queries> Finished loading data extensions.
[2026-10-08 00:42:07] Calling plumbing command: codeql resolve library-paths --additional-packs=/Users/dave/.codex/worktrees/844d/dataflowbench/execution-state/v090-resume-20261007-01/extractor-build/repaired-packs --qlconfig-file=/Users/dave/.codex/worktrees/844d/dataflowbench/execution-state/v090-resume-20261007-05/execution/matrix/qlconfig.yml -- /Users/dave/.codex/worktrees/844d/dataflowbench/execution-state/v090-resume-20261007-05/execution/matrix/adapters/codeql/swift-normal-v1/queries/native/coverage.ql
[2026-10-08 00:42:07] [DETAILS] resolve library-paths> Resolving query at normalized path /Users/dave/.codex/worktrees/844d/dataflowbench/execution-state/v090-resume-20261007-05/execution/matrix/adapters/codeql/swift-normal-v1/queries/native/coverage.ql.
[2026-10-08 00:42:07] [DETAILS] resolve library-paths> Found enclosing pack 'dfb/swift-normal-native' at /Users/dave/.codex/worktrees/844d/dataflowbench/execution-state/v090-resume-20261007-05/execution/matrix/adapters/codeql/swift-normal-v1/queries/native.
[2026-10-08 00:42:07] [DETAILS] resolve library-paths> Adding compilation cache at /Users/dave/.codeql/compile-cache.
[2026-10-08 00:42:07] [DETAILS] resolve library-paths> Resolving library dependencies from /Users/dave/.codex/worktrees/844d/dataflowbench/execution-state/v090-resume-20261007-05/execution/matrix/adapters/codeql/swift-normal-v1/queries/native/qlpack.yml.
[2026-10-08 00:42:07] [SPAMMY] resolve library-paths> [INCOMPATIBILITY] dfb/swift-normal-native: not 0.0.1 {root: dfb/swift-normal-native@0.0.1}
[2026-10-08 00:42:07] [SPAMMY] resolve library-paths> [DERIVATION] dfb/swift-normal-native: 0.0.1 {dfb/swift-normal-native: not 0.0.1 {root: dfb/swift-normal-native@0.0.1}}
[2026-10-08 00:42:07] [SPAMMY] resolve library-paths> [INCOMPATIBILITY] dfb/swift-normal-native: * [*], codeql/swift-all: not * [*] {dependency: dfb/swift-normal-native@* [*] requires codeql/swift-all@6.8.4-dfb.entry1}
[2026-10-08 00:42:07] [SPAMMY] resolve library-paths> [DECISION 1] dfb/swift-normal-native: 0.0.1
[2026-10-08 00:42:07] [SPAMMY] resolve library-paths> [DERIVATION] codeql/swift-all: * [*] {dfb/swift-normal-native: * [*], codeql/swift-all: not * [*] {dependency: dfb/swift-normal-native@* [*] requires codeql/swift-all@6.8.4-dfb.entry1}}
[2026-10-08 00:42:07] [SPAMMY] resolve library-paths> [INCOMPATIBILITY] codeql/swift-all: * [*], codeql/concepts: not * [*] {dependency: codeql/swift-all@* [*] requires codeql/concepts@0.0.32}
[2026-10-08 00:42:07] [SPAMMY] resolve library-paths> [INCOMPATIBILITY] codeql/swift-all: * [*], codeql/controlflow: not * [*] {dependency: codeql/swift-all@* [*] requires codeql/controlflow@2.0.42}
[2026-10-08 00:42:07] [SPAMMY] resolve library-paths> [INCOMPATIBILITY] codeql/swift-all: * [*], codeql/dataflow: not * [*] {dependency: codeql/swift-all@* [*] requires codeql/dataflow@2.1.14}
[2026-10-08 00:42:07] [SPAMMY] resolve library-paths> [INCOMPATIBILITY] codeql/swift-all: * [*], codeql/mad: not * [*] {dependency: codeql/swift-all@* [*] requires codeql/mad@1.0.58}
[2026-10-08 00:42:07] [SPAMMY] resolve library-paths> [INCOMPATIBILITY] codeql/swift-all: * [*], codeql/regex: not * [*] {dependency: codeql/swift-all@* [*] requires codeql/regex@1.0.58}
[2026-10-08 00:42:07] [SPAMMY] resolve library-paths> [INCOMPATIBILITY] codeql/swift-all: * [*], codeql/ssa: not * [*] {dependency: codeql/swift-all@* [*] requires codeql/ssa@2.0.34}
[2026-10-08 00:42:07] [SPAMMY] resolve library-paths> [INCOMPATIBILITY] codeql/swift-all: * [*], codeql/tutorial: not * [*] {dependency: codeql/swift-all@* [*] requires codeql/tutorial@1.0.58}
[2026-10-08 00:42:07] [SPAMMY] resolve library-paths> [INCOMPATIBILITY] codeql/swift-all: * [*], codeql/util: not * [*] {dependency: codeql/swift-all@* [*] requires codeql/util@2.0.45}
[2026-10-08 00:42:07] [SPAMMY] resolve library-paths> [DECISION 2] codeql/swift-all: 6.8.4-dfb.entry1
[2026-10-08 00:42:07] [SPAMMY] resolve library-paths> [DERIVATION] codeql/util: * [*] {codeql/swift-all: * [*], codeql/util: not * [*] {dependency: codeql/swift-all@* [*] requires codeql/util@2.0.45}}
[2026-10-08 00:42:07] [SPAMMY] resolve library-paths> [DERIVATION] codeql/tutorial: * [*] {codeql/swift-all: * [*], codeql/tutorial: not * [*] {dependency: codeql/swift-all@* [*] requires codeql/tutorial@1.0.58}}
[2026-10-08 00:42:07] [SPAMMY] resolve library-paths> [DERIVATION] codeql/ssa: * [*] {codeql/swift-all: * [*], codeql/ssa: not * [*] {dependency: codeql/swift-all@* [*] requires codeql/ssa@2.0.34}}
[2026-10-08 00:42:07] [SPAMMY] resolve library-paths> [DERIVATION] codeql/regex: * [*] {codeql/swift-all: * [*], codeql/regex: not * [*] {dependency: codeql/swift-all@* [*] requires codeql/regex@1.0.58}}
[2026-10-08 00:42:07] [SPAMMY] resolve library-paths> [DERIVATION] codeql/mad: * [*] {codeql/swift-all: * [*], codeql/mad: not * [*] {dependency: codeql/swift-all@* [*] requires codeql/mad@1.0.58}}
[2026-10-08 00:42:07] [SPAMMY] resolve library-paths> [DERIVATION] codeql/dataflow: * [*] {codeql/swift-all: * [*], codeql/dataflow: not * [*] {dependency: codeql/swift-all@* [*] requires codeql/dataflow@2.1.14}}
[2026-10-08 00:42:07] [SPAMMY] resolve library-paths> [DERIVATION] codeql/controlflow: * [*] {codeql/swift-all: * [*], codeql/controlflow: not * [*] {dependency: codeql/swift-all@* [*] requires codeql/controlflow@2.0.42}}
[2026-10-08 00:42:07] [SPAMMY] resolve library-paths> [DERIVATION] codeql/concepts: * [*] {codeql/swift-all: * [*], codeql/concepts: not * [*] {dependency: codeql/swift-all@* [*] requires codeql/concepts@0.0.32}}
[2026-10-08 00:42:07] [SPAMMY] resolve library-paths> [INCOMPATIBILITY] codeql/concepts: * [*], codeql/dataflow: not * [*] {dependency: codeql/concepts@* [*] requires codeql/dataflow@2.1.14}
[2026-10-08 00:42:07] [SPAMMY] resolve library-paths> [INCOMPATIBILITY] codeql/concepts: * [*], codeql/util: not * [*] {dependency: codeql/concepts@* [*] requires codeql/util@2.0.45}
[2026-10-08 00:42:07] [SPAMMY] resolve library-paths> [DECISION 3] codeql/concepts: 0.0.32
[2026-10-08 00:42:07] [SPAMMY] resolve library-paths> [INCOMPATIBILITY] codeql/controlflow: * [*], codeql/util: not * [*] {dependency: codeql/controlflow@* [*] requires codeql/util@2.0.45}
[2026-10-08 00:42:07] [SPAMMY] resolve library-paths> [DECISION 4] codeql/controlflow: 2.0.42
[2026-10-08 00:42:07] [SPAMMY] resolve library-paths> [INCOMPATIBILITY] codeql/dataflow: * [*], codeql/controlflow: not * [*] {dependency: codeql/dataflow@* [*] requires codeql/controlflow@2.0.42}
[2026-10-08 00:42:07] [SPAMMY] resolve library-paths> [INCOMPATIBILITY] codeql/dataflow: * [*], codeql/ssa: not * [*] {dependency: codeql/dataflow@* [*] requires codeql/ssa@2.0.34}
[2026-10-08 00:42:07] [SPAMMY] resolve library-paths> [INCOMPATIBILITY] codeql/dataflow: * [*], codeql/typetracking: not * [*] {dependency: codeql/dataflow@* [*] requires codeql/typetracking@2.0.42}
[2026-10-08 00:42:07] [SPAMMY] resolve library-paths> [INCOMPATIBILITY] codeql/dataflow: * [*], codeql/util: not * [*] {dependency: codeql/dataflow@* [*] requires codeql/util@2.0.45}
[2026-10-08 00:42:07] [SPAMMY] resolve library-paths> [DECISION 5] codeql/dataflow: 2.1.14
[2026-10-08 00:42:07] [SPAMMY] resolve library-paths> [DERIVATION] codeql/typetracking: * [*] {codeql/dataflow: * [*], codeql/typetracking: not * [*] {dependency: codeql/dataflow@* [*] requires codeql/typetracking@2.0.42}}
[2026-10-08 00:42:07] [SPAMMY] resolve library-paths> [INCOMPATIBILITY] codeql/mad: * [*], codeql/dataflow: not * [*] {dependency: codeql/mad@* [*] requires codeql/dataflow@2.1.14}
[2026-10-08 00:42:07] [SPAMMY] resolve library-paths> [INCOMPATIBILITY] codeql/mad: * [*], codeql/util: not * [*] {dependency: codeql/mad@* [*] requires codeql/util@2.0.45}
[2026-10-08 00:42:07] [SPAMMY] resolve library-paths> [DECISION 6] codeql/mad: 1.0.58
[2026-10-08 00:42:07] [SPAMMY] resolve library-paths> [INCOMPATIBILITY] codeql/regex: * [*], codeql/util: not * [*] {dependency: codeql/regex@* [*] requires codeql/util@2.0.45}
[2026-10-08 00:42:07] [SPAMMY] resolve library-paths> [DECISION 7] codeql/regex: 1.0.58
[2026-10-08 00:42:07] [SPAMMY] resolve library-paths> [INCOMPATIBILITY] codeql/ssa: * [*], codeql/controlflow: not * [*] {dependency: codeql/ssa@* [*] requires codeql/controlflow@2.0.42}
[2026-10-08 00:42:07] [SPAMMY] resolve library-paths> [INCOMPATIBILITY] codeql/ssa: * [*], codeql/util: not * [*] {dependency: codeql/ssa@* [*] requires codeql/util@2.0.45}
[2026-10-08 00:42:07] [SPAMMY] resolve library-paths> [DECISION 8] codeql/ssa: 2.0.34
[2026-10-08 00:42:07] [SPAMMY] resolve library-paths> [DECISION 9] codeql/tutorial: 1.0.58
[2026-10-08 00:42:07] [SPAMMY] resolve library-paths> [INCOMPATIBILITY] codeql/typetracking: * [*], codeql/util: not * [*] {dependency: codeql/typetracking@* [*] requires codeql/util@2.0.45}
[2026-10-08 00:42:07] [SPAMMY] resolve library-paths> [DECISION 10] codeql/typetracking: 2.0.42
[2026-10-08 00:42:07] [SPAMMY] resolve library-paths> [DECISION 11] codeql/util: 2.0.45
[2026-10-08 00:42:07] [DETAILS] resolve library-paths> QL pack dependencies for /Users/dave/.codex/worktrees/844d/dataflowbench/execution-state/v090-resume-20261007-05/execution/matrix/adapters/codeql/swift-normal-v1/queries/native resolved OK.
[2026-10-08 00:42:07] [DETAILS] resolve library-paths> Found dbscheme through QL packs: /Users/dave/.codex/worktrees/844d/dataflowbench/execution-state/v090-resume-20261007-01/extractor-build/repaired-packs/codeql/swift-all/6.8.4-dfb.entry1/swift.dbscheme.
[2026-10-08 00:42:07] Plumbing command codeql resolve library-paths completed:
                      {
                        "/Users/dave/.codex/worktrees/844d/dataflowbench/execution-state/v090-resume-20261007-05/execution/matrix/adapters/codeql/swift-normal-v1/queries/native/coverage.ql" : {
                          "libraryPath" : [
                            "/Users/dave/.codex/worktrees/844d/dataflowbench/execution-state/v090-resume-20261007-05/execution/matrix/adapters/codeql/swift-normal-v1/queries/native",
                            "/Users/dave/.codex/worktrees/844d/dataflowbench/execution-state/v090-resume-20261007-01/extractor-build/repaired-packs/codeql/swift-all/6.8.4-dfb.entry1",
                            "/Users/dave/.codex/worktrees/844d/dataflowbench/execution-state/v090-resume-20261007-01/extractor-build/repaired-packs/codeql/concepts/0.0.32",
                            "/Users/dave/.codex/worktrees/844d/dataflowbench/execution-state/v090-resume-20261007-01/extractor-build/repaired-packs/codeql/controlflow/2.0.42",
                            "/Users/dave/.codex/worktrees/844d/dataflowbench/execution-state/v090-resume-20261007-01/extractor-build/repaired-packs/codeql/dataflow/2.1.14",
                            "/Users/dave/.codex/worktrees/844d/dataflowbench/execution-state/v090-resume-20261007-01/extractor-build/repaired-packs/codeql/mad/1.0.58",
                            "/Users/dave/.codex/worktrees/844d/dataflowbench/execution-state/v090-resume-20261007-01/extractor-build/repaired-packs/codeql/regex/1.0.58",
                            "/Users/dave/.codex/worktrees/844d/dataflowbench/execution-state/v090-resume-20261007-01/extractor-build/repaired-packs/codeql/ssa/2.0.34",
                            "/Users/dave/.codex/worktrees/844d/dataflowbench/execution-state/v090-resume-20261007-01/extractor-build/repaired-packs/codeql/tutorial/1.0.58",
                            "/Users/dave/.codex/worktrees/844d/dataflowbench/execution-state/v090-resume-20261007-01/extractor-build/repaired-packs/codeql/typetracking/2.0.42",
                            "/Users/dave/.codex/worktrees/844d/dataflowbench/execution-state/v090-resume-20261007-01/extractor-build/repaired-packs/codeql/util/2.0.45"
                          ],
                          "dbscheme" : "/Users/dave/.codex/worktrees/844d/dataflowbench/execution-state/v090-resume-20261007-01/extractor-build/repaired-packs/codeql/swift-all/6.8.4-dfb.entry1/swift.dbscheme",
                          "compilationCache" : [
                            "/Users/dave/.codeql/compile-cache"
                          ],
                          "relativeName" : "dfb/swift-normal-native/coverage.ql",
                          "qlPackName" : "dfb/swift-normal-native"
                        }
                      }
[2026-10-08 00:42:07] [WARN] execute queries> Not caching stages during query-loading, since max heap size is only 1072 MB.
[2026-10-08 00:42:07] [PROGRESS] execute queries> Compiling query plan for /Users/dave/.codex/worktrees/844d/dataflowbench/execution-state/v090-resume-20261007-05/execution/matrix/adapters/codeql/swift-normal-v1/queries/native/coverage.ql.
[2026-10-08 00:42:07] [DETAILS] execute queries> Resolving imports for /Users/dave/.codex/worktrees/844d/dataflowbench/execution-state/v090-resume-20261007-05/execution/matrix/adapters/codeql/swift-normal-v1/queries/native/coverage.ql.
[2026-10-08 00:42:07] Resolved file set for /Users/dave/.codex/worktrees/844d/dataflowbench/execution-state/v090-resume-20261007-05/execution/matrix/adapters/codeql/swift-normal-v1/queries/native/coverage.ql hashes to be98204fb683f6ac5d0f35d4170d23d7.
[2026-10-08 00:42:07] [DETAILS] execute queries> Compilation cache hit for /Users/dave/.codex/worktrees/844d/dataflowbench/execution-state/v090-resume-20261007-05/execution/matrix/adapters/codeql/swift-normal-v1/queries/native/coverage.ql.
[2026-10-08 00:42:07] [SPAMMY] execute queries> No database upgrade/downgrade needed for /Users/dave/.codex/worktrees/844d/dataflowbench/execution-state/v090-resume-20261007-05/execution/matrix/adapters/codeql/swift-normal-v1/queries/native/coverage.ql
[2026-10-08 00:42:08] Inferred that cached_Synth::Synth::TDotSyntaxCallExpr#91e4431b/2@c2abb08j is empty, due to Synth::Synth::TDotSyntaxCallExpr#91e4431b/2@3dd06euq.
[2026-10-08 00:42:08] Inferred that cached_Synth::Synth::TInitializerRefCallExpr#e9f980ca/2@a82699ne is empty, due to Synth::Synth::TInitializerRefCallExpr#e9f980ca/2@235405e1.
[2026-10-08 00:42:08] Inferred that cached_DataFlowPrivate::CaptureFlow::SsaFlow::TSsaInputNode#c7689f01/3@f3fd132t is empty, due to DataFlowPrivate::CaptureFlow::SsaFlow::TSsaInputNode#c7689f01/3@f8d7786g.
[2026-10-08 00:42:08] Inferred that cached_DataFlowPrivate::CaptureFlow::Cached::TMallocNode#1d610aab/2@6f6ad5nu is empty, due to DataFlowPrivate::CaptureFlow::Cached::TMallocNode#1d610aab/2@8b751dlt.
[2026-10-08 00:42:08] Inferred that cached_DataFlowImplCommon::Cached::TSpecificLocalCall#e5af2727/2@10f86atr is empty, due to DataFlowImplCommon::Cached::TSpecificLocalCall#e5af2727/2@e373e3np.
[2026-10-08 00:42:08] Inferred that cached_DataFlowImplCommon::Cached::UnreachableSet#3a6cd458/1@9b0aabah is empty, due to DataFlowImplCommon::Cached::UnreachableSet#3a6cd458/1@065717fb.
[2026-10-08 00:42:08] Inferred that cached_DataFlowImplCommon::Cached::UnreachableSet.toString/0#dispred#4a57c743/2@d7ab430f is empty, due to DataFlowImplCommon::Cached::UnreachableSet.toString/0#dispred#4a57c743/2@39df17f9.
[2026-10-08 00:42:08] [PROGRESS] execute queries> [1/1] Found in cache: /Users/dave/.codex/worktrees/844d/dataflowbench/execution-state/v090-resume-20261007-05/execution/matrix/adapters/codeql/swift-normal-v1/queries/native/coverage.ql.
[2026-10-08 00:42:08] [PROGRESS] execute queries> Starting evaluation of dfb/swift-normal-native/coverage.ql.
[2026-10-08 00:42:08] Starting evaluation of /Users/dave/.codex/worktrees/844d/dataflowbench/execution-state/v090-resume-20261007-05/execution/matrix/adapters/codeql/swift-normal-v1/queries/native/coverage.ql
[2026-10-08 00:42:08] (0s) Start query execution
[2026-10-08 00:42:08] (0s) Beginning execution of /Users/dave/.codex/worktrees/844d/dataflowbench/execution-state/v090-resume-20261007-05/execution/matrix/adapters/codeql/swift-normal-v1/queries/native/coverage.ql
[2026-10-08 00:42:08] (0s)  >>> Full cache hit cached_Synth::Synth::TDbLocation#1ddf3b70/2@388479pj with 37880 rows and digest e234fb5e94sd19rregjsvdcl6r8.
[2026-10-08 00:42:08] (0s)  >>> Full cache hit cached_Synth::Synth::TUnknownLocation#bf999122/1@767bfcas with 1 rows and digest dec86bqglsnt9clm3pkho3gklba.
[2026-10-08 00:42:08] (0s)  >>> Full cache hit cached_Synth::Synth::TDbFile#b2c67645/2@e152167t with 702 rows and digest 11c196c0ij7li04m8udgjcjcktf.
[2026-10-08 00:42:08] (0s)  >>> First-level cache hit cached_Synth::Synth::TUnresolvedMemberChainResultExpr#9e61fe98/2@975c06ts with empty relation.
[2026-10-08 00:42:08] (0s)  >>> Full cache hit cached_Synth::Synth::TUnknownFile#a2d95cfc/1@571018cm with 1 rows and digest 4f37e7oufte61mdri2jstebfmfd.
[2026-10-08 00:42:08] (0s)  >>> First-level cache hit cached_Synth::Synth::TUnresolvedTypeConversionExpr#3415bbc8/2@ffac3dvt with empty relation.
[2026-10-08 00:42:08] (0s)  >>> First-level cache hit cached_Synth::Synth::TUnresolvedSpecializeExpr#79e399e8/2@cc5502jv with empty relation.
[2026-10-08 00:42:08] (0s) Inferred that UnresolvedSpecializeExpr::Generated::UnresolvedSpecializeExpr.getImmediateSubExpr/0#dispred#423272ec/2@2baea24d is empty, due to cached_Synth::Synth::TUnresolvedSpecializeExpr#79e399e8/2@cc5502jv.
[2026-10-08 00:42:08] (0s)  >>> First-level cache hit cached_Synth::Synth::TUnresolvedPatternExpr#a7c8b151/2@fbb7e2qa with empty relation.
[2026-10-08 00:42:08] (0s)  >>> First-level cache hit cached_Synth::Synth::TUnresolvedDeclRefExpr#9eff000e/2@ee9af8hf with empty relation.
[2026-10-08 00:42:08] (0s)  >>> First-level cache hit cached_Synth::Synth::TOverloadedDeclRefExpr#72e16e49/2@018471es with empty relation.
[2026-10-08 00:42:08] (0s) Inferred that Synth::Synth::TUnresolvedDeclRefExpr#9eff000e_1#antijoin_rhs/1@201ee5s6 is empty, due to cached_Synth::Synth::TUnresolvedDeclRefExpr#9eff000e/2@ee9af8hf.
[2026-10-08 00:42:08] (0s) Inferred that UnresolvedDeclRefExpr::Generated::UnresolvedDeclRefExpr.getName/0#dispred#f5acde9c/2@7270d76l is empty, due to cached_Synth::Synth::TUnresolvedDeclRefExpr#9eff000e/2@ee9af8hf.
[2026-10-08 00:42:08] (0s) Inferred that UnresolvedDeclRefExpr::Generated::UnresolvedDeclRefExpr.getName/0#dispred#f5acde9c_0#antijoin_rhs/1@c7ea40vl is empty, due to UnresolvedDeclRefExpr::Generated::UnresolvedDeclRefExpr.getName/0#dispred#f5acde9c/2@7270d76l.
[2026-10-08 00:42:08] (0s)  >>> First-level cache hit cached_Synth::Synth::TUnresolvedMemberExpr#398da227/2@89c3430s with empty relation.
[2026-10-08 00:42:08] (0s)  >>> Full cache hit cached_Synth::Synth::TGenericTypeParamDecl#c2b87694/2@cd08c7a9 with 6503 rows and digest a6a24fta4a84g2l56573tcqn3o9.
[2026-10-08 00:42:08] (0s)  >>> Full cache hit cached_Synth::Synth::TPrecedenceGroupDecl#4784d5d9/2@921e3a36 with 13 rows and digest 53d154jr4uebnsfmorqbcjm35f3.
[2026-10-08 00:42:08] (0s)  >>> First-level cache hit cached_Synth::Synth::TPoundDiagnosticDecl#d3399477/2@d168bd2o with empty relation.
[2026-10-08 00:42:08] (0s) Inferred that PoundDiagnosticDecl::Generated::PoundDiagnosticDecl.getImmediateMessage/0#dispred#7b350af1/2@139445sk is empty, due to cached_Synth::Synth::TPoundDiagnosticDecl#d3399477/2@d168bd2o.
[2026-10-08 00:42:08] (0s) Inferred that Synth::Synth::TPoundDiagnosticDecl#d3399477_1#join_rhs/1@5d39b7p1 is empty, due to cached_Synth::Synth::TPoundDiagnosticDecl#d3399477/2@d168bd2o.
[2026-10-08 00:42:08] (0s) Inferred that PoundDiagnosticDecl::Generated::PoundDiagnosticDecl.getKind/0#dispred#67cce978/2@708ad1hv is empty, due to cached_Synth::Synth::TPoundDiagnosticDecl#d3399477/2@d168bd2o.
[2026-10-08 00:42:08] (0s)  >>> Full cache hit cached_Synth::Synth::TPostfixOperatorDecl#6def445d/2@50273dft with 3 rows and digest b08a4d6gt9f7gtgorc253mq6rke.
[2026-10-08 00:42:08] (0s) Inferred that PoundDiagnosticDecl::Generated::PoundDiagnosticDecl.getKind/0#dispred#67cce978_10#join_rhs/2@e08f9da7 is empty, due to PoundDiagnosticDecl::Generated::PoundDiagnosticDecl.getKind/0#dispred#67cce978/2@708ad1hv.
[2026-10-08 00:42:08] (0s)  >>> First-level cache hit cached_Synth::Synth::TTopLevelEntryPoint#5ccf2e8e/2@a2346dtf with empty relation.
[2026-10-08 00:42:08] (0s) Inferred that TopLevelEntryPoint::Generated::TopLevelEntryPoint.getDeclaration/1#dispred#8de153c8/3@cf10ecl2 is empty, due to cached_Synth::Synth::TTopLevelEntryPoint#5ccf2e8e/2@a2346dtf.
[2026-10-08 00:42:08] (0s) Inferred that TopLevelEntryPoint::Generated::TopLevelEntryPoint.getNumberOfDeclarations/0#dispred#bfe0aee3/2@47aabeai is empty, due to cached_Synth::Synth::TTopLevelEntryPoint#5ccf2e8e/2@a2346dtf.
[2026-10-08 00:42:08] (0s) Inferred that Synth::Synth::TTopLevelEntryPoint#5ccf2e8e_1#join_rhs/1@168980ro is empty, due to cached_Synth::Synth::TTopLevelEntryPoint#5ccf2e8e/2@a2346dtf.
[2026-10-08 00:42:08] (0s) Inferred that TopLevelEntryPoint::Generated::TopLevelEntryPoint.getDeclaration/1#dispred#8de153c8_01#count_range/2@2929992n is empty, due to TopLevelEntryPoint::Generated::TopLevelEntryPoint.getDeclaration/1#dispred#8de153c8/3@cf10ecl2.
[2026-10-08 00:42:08] (0s)  >>> Full cache hit cached_Synth::Synth::TPrefixOperatorDecl#383f6a1b/2@9146db1u with 9 rows and digest 3a196e1nurq07vnhduuvgc2upp0.
[2026-10-08 00:42:08] (0s) Inferred that TopLevelEntryPoint::Generated::TopLevelEntryPoint.getDeclaration/1#dispred#8de153c8_0#antijoin_rhs/1@4ce2d4cv is empty, due to TopLevelEntryPoint::Generated::TopLevelEntryPoint.getDeclaration/1#dispred#8de153c8/3@cf10ecl2.
[2026-10-08 00:42:08] (0s) Inferred that ControlFlowGraphImpl::TopLevelEntryTree#4421cca8/2@af7b1foi is empty, due to Synth::Synth::TTopLevelEntryPoint#5ccf2e8e_1#join_rhs/1@168980ro.
[2026-10-08 00:42:08] (0s) Inferred that AstControlFlowTrees::AstLeafTree#63d493d6#fb/2@43c3a6r8 is empty, due to Synth::Synth::TTopLevelEntryPoint#5ccf2e8e_1#join_rhs/1@168980ro.
[2026-10-08 00:42:08] (0s) Inferred that _TopLevelEntryPoint::Generated::TopLevelEntryPoint.getDeclaration/1#dispred#8de153c8_01#count_range#join_rhs/2@19199aqe is empty, due to TopLevelEntryPoint::Generated::TopLevelEntryPoint.getDeclaration/1#dispred#8de153c8_01#count_range/2@2929992n.
[2026-10-08 00:42:08] (0s) Inferred that ControlFlowGraphImpl::TopLevelEntryTree#4421cca8_10#join_rhs/2@5575052u is empty, due to ControlFlowGraphImpl::TopLevelEntryTree#4421cca8/2@af7b1foi.
[2026-10-08 00:42:08] (0s) Inferred that ControlFlowGraphImpl::CfgScope::ScriptEntryScope#fd602c9a/2@99ef058a is empty, due to ControlFlowGraphImpl::TopLevelEntryTree#4421cca8/2@af7b1foi.
[2026-10-08 00:42:08] (0s) Inferred that AstControlFlowTrees::AstControlFlowTree#eb8d89e0#fb/2@7c6b84ts is empty, due to ControlFlowGraphImpl::TopLevelEntryTree#4421cca8/2@af7b1foi.
[2026-10-08 00:42:08] (0s)  >>> Full cache hit cached_Synth::Synth::TAssociatedTypeDecl#7a13f222/2@fc09edes with 124 rows and digest b0c2237psjs2ip15ghsmacsvt9d.
[2026-10-08 00:42:08] (0s)  >>> First-level cache hit cached_Synth::Synth::TUnresolvedDotExpr#fdff6bbb/2@20f1ebuq with empty relation.
[2026-10-08 00:42:08] (0s)  >>> Full cache hit cached_Synth::Synth::TPatternBindingDecl#b9107b65/2@1972b94v with 7701 rows and digest bcd047td6g1q6pjun0e56pdbgrd.
[2026-10-08 00:42:08] (0s) Inferred that UnresolvedDotExpr::Generated::UnresolvedDotExpr.getImmediateBase/0#dispred#912b5e08/2@a7c7a5bq is empty, due to cached_Synth::Synth::TUnresolvedDotExpr#fdff6bbb/2@20f1ebuq.
[2026-10-08 00:42:08] (0s) Inferred that Synth::Synth::TUnresolvedDotExpr#fdff6bbb_1#antijoin_rhs/1@61c384g5 is empty, due to cached_Synth::Synth::TUnresolvedDotExpr#fdff6bbb/2@20f1ebuq.
[2026-10-08 00:42:08] (0s)  >>> Full cache hit cached_Synth::Synth::TMissingMemberDecl#59cfcae4/2@b3302349 with 2 rows and digest 75b6c8fca3eck40pl65q36lp283.
[2026-10-08 00:42:08] (0s)  >>> First-level cache hit cached_Synth::Synth::TTopLevelCodeDecl#fb4ec4ee/2@b154dacv with empty relation.
[2026-10-08 00:42:08] (0s) Inferred that TopLevelCodeDecl::Generated::TopLevelCodeDecl.getBody/0#dispred#95df219b/2@062db0la is empty, due to cached_Synth::Synth::TTopLevelCodeDecl#fb4ec4ee/2@b154dacv.
[2026-10-08 00:42:08] (0s) Inferred that Synth::Synth::TTopLevelCodeDecl#fb4ec4ee_1#join_rhs/1@64c117pv is empty, due to cached_Synth::Synth::TTopLevelCodeDecl#fb4ec4ee/2@b154dacv.
[2026-10-08 00:42:08] (0s) Inferred that ControlFlowGraphImpl::TopLevelCodeTree#8f12a902/2@8e21513e is empty, due to cached_Synth::Synth::TTopLevelCodeDecl#fb4ec4ee/2@b154dacv.
[2026-10-08 00:42:08] (0s) Inferred that Synth::Synth::TTopLevelCodeDecl#fb4ec4ee_10#join_rhs/2@1b0ba4bv is empty, due to cached_Synth::Synth::TTopLevelCodeDecl#fb4ec4ee/2@b154dacv.
[2026-10-08 00:42:08] (0s)  >>> First-level cache hit cached_Synth::Synth::TKeyPathComponent#1614cf6e/2@97b6319t with empty relation.
[2026-10-08 00:42:08] (0s) Inferred that KeyPathComponent::Generated::KeyPathComponent.getSubscriptArgument/1#dispred#d0b07a3d/3@6716f139 is empty, due to cached_Synth::Synth::TKeyPathComponent#1614cf6e/2@97b6319t.
[2026-10-08 00:42:08] (0s) Inferred that KeyPathComponent::Generated::KeyPathComponent.getNumberOfSubscriptArguments/0#dispred#92371909/2@812ce74r is empty, due to cached_Synth::Synth::TKeyPathComponent#1614cf6e/2@97b6319t.
[2026-10-08 00:42:08] (0s) Inferred that KeyPathExpr::Generated::KeyPathExpr.getComponent/1#dispred#432613d1/3@ffb6a703 is empty, due to cached_Synth::Synth::TKeyPathComponent#1614cf6e/2@97b6319t.
[2026-10-08 00:42:08] (0s) Inferred that ControlFlowGraphImpl::KeyPathComponentTree#17414ecd/2@cfa5bera is empty, due to cached_Synth::Synth::TKeyPathComponent#1614cf6e/2@97b6319t.
[2026-10-08 00:42:08] (0s) Inferred that DataFlowPrivate::TKeyPathComponentNode#dom#fbc5495c/1@cc95dc69 is empty, due to cached_Synth::Synth::TKeyPathComponent#1614cf6e/2@97b6319t.
[2026-10-08 00:42:08] (0s) Inferred that KeyPathComponent::Generated::KeyPathComponent.getKind/0#dispred#f5f3cb79/2@305ee152 is empty, due to cached_Synth::Synth::TKeyPathComponent#1614cf6e/2@97b6319t.
[2026-10-08 00:42:08] (0s) Inferred that KeyPathComponent::Generated::KeyPathComponent.getDeclRef/0#dispred#45d2cc3d/2@62de1afl is empty, due to cached_Synth::Synth::TKeyPathComponent#1614cf6e/2@97b6319t.
[2026-10-08 00:42:08] (0s) Inferred that KeyPathComponent::Generated::KeyPathComponent.getSubscriptArgument/1#dispred#d0b07a3d_01#count_range/2@8a31a4qh is empty, due to KeyPathComponent::Generated::KeyPathComponent.getSubscriptArgument/1#dispred#d0b07a3d/3@6716f139.
[2026-10-08 00:42:08] (0s) Inferred that KeyPathComponent::Generated::KeyPathComponent.getSubscriptArgument/1#dispred#d0b07a3d_0#antijoin_rhs/1@61aa12b4 is empty, due to KeyPathComponent::Generated::KeyPathComponent.getSubscriptArgument/1#dispred#d0b07a3d/3@6716f139.
[2026-10-08 00:42:08] (0s) Inferred that KeyPathExpr::Generated::KeyPathExpr.getComponent/1#dispred#432613d1_01#count_range/2@2e9469sc is empty, due to KeyPathExpr::Generated::KeyPathExpr.getComponent/1#dispred#432613d1/3@ffb6a703.
[2026-10-08 00:42:08] (0s) Inferred that KeyPathExpr::Generated::KeyPathExpr.getComponent/1#dispred#432613d1_0#antijoin_rhs/1@6a02c4e3 is empty, due to KeyPathExpr::Generated::KeyPathExpr.getComponent/1#dispred#432613d1/3@ffb6a703.
[2026-10-08 00:42:08] (0s) Inferred that KeyPathComponent::KeyPathComponent.getNextComponent/0#dispred#0ffbfee6/2@6f7cc88f is empty, due to KeyPathExpr::Generated::KeyPathExpr.getComponent/1#dispred#432613d1/3@ffb6a703.
[2026-10-08 00:42:08] (0s) Inferred that KeyPathExpr::Generated::KeyPathExpr.getComponent/1#dispred#432613d1_120#join_rhs/3@42aee78f is empty, due to KeyPathExpr::Generated::KeyPathExpr.getComponent/1#dispred#432613d1/3@ffb6a703.
[2026-10-08 00:42:08] (0s) Inferred that DataFlowPrivate::TKeyPathComponentNode#6ce37175/2@a1050ef3 is empty, due to DataFlowPrivate::TKeyPathComponentNode#dom#fbc5495c/1@cc95dc69.
[2026-10-08 00:42:08] (0s) Inferred that DataFlowPrivate::TKeyPathComponentPostUpdateNode#23b77f24/2@05cc224c is empty, due to DataFlowPrivate::TKeyPathComponentNode#dom#fbc5495c/1@cc95dc69.
[2026-10-08 00:42:08] (0s) Inferred that _KeyPathComponent::Generated::KeyPathComponent.getSubscriptArgument/1#dispred#d0b07a3d_01#count_rang__#join_rhs/2@1f266fo0 is empty, due to KeyPathComponent::Generated::KeyPathComponent.getSubscriptArgument/1#dispred#d0b07a3d_01#count_range/2@8a31a4qh.
[2026-10-08 00:42:08] (0s) Inferred that _KeyPathExpr::Generated::KeyPathExpr.getComponent/1#dispred#432613d1_01#count_range#join_rhs/2@406beclb is empty, due to KeyPathExpr::Generated::KeyPathExpr.getComponent/1#dispred#432613d1_01#count_range/2@2e9469sc.
[2026-10-08 00:42:08] (0s) Inferred that KeyPathComponent::KeyPathComponent.getNextComponent/0#dispred#0ffbfee6_10#join_rhs/2@89fbaf7g is empty, due to KeyPathComponent::KeyPathComponent.getNextComponent/0#dispred#0ffbfee6/2@6f7cc88f.
[2026-10-08 00:42:08] (0s) Inferred that cached_DataFlowPrivate::TKeyPathComponentNode#6ce37175/2@eda2a238 is empty, due to DataFlowPrivate::TKeyPathComponentNode#6ce37175/2@a1050ef3.
[2026-10-08 00:42:08] (0s) Inferred that cached_DataFlowPrivate::TKeyPathComponentPostUpdateNode#23b77f24/2@c115d4k8 is empty, due to DataFlowPrivate::TKeyPathComponentPostUpdateNode#23b77f24/2@05cc224c.
[2026-10-08 00:42:08] (0s)  >>> Full cache hit cached_Synth::Synth::TInfixOperatorDecl#4aa5ee2c/2@a59c30l1 with 57 rows and digest 0923bctqaud21i141i6is51n4b8.
[2026-10-08 00:42:08] (0s)  >>> Full cache hit cached_Synth::Synth::TConditionElement#2dd7696c/2@be230dqi with 1 rows and digest 5d499amrqlvk6kdhsvjnt69idi0.
[2026-10-08 00:42:08] (0s)  >>> First-level cache hit cached_Synth::Synth::TAvailabilitySpec#ddfd8eae/2@7e004fqt with empty relation.
[2026-10-08 00:42:08] (0s) Inferred that AvailabilityInfo::Generated::AvailabilityInfo.getSpec/1#dispred#9b032087/3@f1c9848b is empty, due to cached_Synth::Synth::TAvailabilitySpec#ddfd8eae/2@7e004fqt.
[2026-10-08 00:42:08] (0s)  >>> First-level cache hit cached_Synth::Synth::TAvailabilityInfo#4ee7d2d8/2@136124lp with empty relation.
[2026-10-08 00:42:08] (0s) Inferred that AvailabilitySpec::Generated::AvailabilitySpec.isWildcard/0#dispred#d28a0082/1@fd9f85d5 is empty, due to cached_Synth::Synth::TAvailabilitySpec#ddfd8eae/2@7e004fqt.
[2026-10-08 00:42:08] (0s) Inferred that Synth::Synth::TAvailabilitySpec#ddfd8eae_1#antijoin_rhs/1@3b7de7md is empty, due to cached_Synth::Synth::TAvailabilitySpec#ddfd8eae/2@7e004fqt.
[2026-10-08 00:42:08] (0s) Inferred that Synth::Synth::TAvailabilitySpec#ddfd8eae_10#join_rhs/2@ea4358fv is empty, due to cached_Synth::Synth::TAvailabilitySpec#ddfd8eae/2@7e004fqt.
[2026-10-08 00:42:08] (0s) Inferred that AvailabilityInfo::Generated::AvailabilityInfo.getSpec/1#dispred#9b032087_01#count_range/2@2540d5s0 is empty, due to AvailabilityInfo::Generated::AvailabilityInfo.getSpec/1#dispred#9b032087/3@f1c9848b.
[2026-10-08 00:42:08] (0s) Inferred that AvailabilityInfo::Generated::AvailabilityInfo.getSpec/1#dispred#9b032087_0#antijoin_rhs/1@af27abmo is empty, due to AvailabilityInfo::Generated::AvailabilityInfo.getSpec/1#dispred#9b032087/3@f1c9848b.
[2026-10-08 00:42:08] (0s) Inferred that _AvailabilityInfo::Generated::AvailabilityInfo.getSpec/1#dispred#9b032087_01#count_range#join_rhs/2@cd4defio is empty, due to AvailabilityInfo::Generated::AvailabilityInfo.getSpec/1#dispred#9b032087_01#count_range/2@2540d5s0.
[2026-10-08 00:42:08] (0s) Inferred that AvailabilityInfo::Generated::AvailabilityInfo.getNumberOfSpecs/0#dispred#4fd5853e/2@719fbacj is empty, due to cached_Synth::Synth::TAvailabilityInfo#4ee7d2d8/2@136124lp.
[2026-10-08 00:42:08] (0s) Inferred that ConditionElement::Generated::ConditionElement.getAvailability/0#dispred#e3fa9e8c/2@1f2fd4mg is empty, due to cached_Synth::Synth::TAvailabilityInfo#4ee7d2d8/2@136124lp.
[2026-10-08 00:42:08] (0s) Inferred that _ConditionElement::Generated::ConditionElement.getAvailability/0#dispred#e3fa9e8c_Element::Element.g__#join_rhs/2@520a04ec is empty, due to ConditionElement::Generated::ConditionElement.getAvailability/0#dispred#e3fa9e8c/2@1f2fd4mg.
[2026-10-08 00:42:08] (0s) Inferred that _ConditionElement::Generated::ConditionElement.getAvailability/0#dispred#e3fa9e8c_Element::Element.g__#shared/4@d85447f5 is empty, due to ConditionElement::Generated::ConditionElement.getAvailability/0#dispred#e3fa9e8c/2@1f2fd4mg.
[2026-10-08 00:42:08] (0s) Inferred that _ConditionElement::Generated::ConditionElement.getAvailability/0#dispred#e3fa9e8c_Element::Element.g__#join_rhs#1/2@134427g7 is empty, due to ConditionElement::Generated::ConditionElement.getAvailability/0#dispred#e3fa9e8c/2@1f2fd4mg.
[2026-10-08 00:42:08] (0s) Inferred that ControlFlowGraphImpl::AvailabilityInfo::AvailabilityInfoTree#933e7dd8/2@c360d8dd is empty, due to cached_Synth::Synth::TAvailabilityInfo#4ee7d2d8/2@136124lp.
[2026-10-08 00:42:08] (0s)  >>> First-level cache hit cached_Synth::Synth::TRepeatWhileStmt#86eecac1/2@860517id with empty relation.
[2026-10-08 00:42:08] (0s) Inferred that AvailabilityInfo::Generated::AvailabilityInfo.isUnavailable/0#dispred#d9551b0f/1@deb9c9jd is empty, due to cached_Synth::Synth::TAvailabilityInfo#4ee7d2d8/2@136124lp.
[2026-10-08 00:42:08] (0s) Inferred that Synth::Synth::TAvailabilityInfo#4ee7d2d8_1#antijoin_rhs/1@0f13ccop is empty, due to cached_Synth::Synth::TAvailabilityInfo#4ee7d2d8/2@136124lp.
[2026-10-08 00:42:08] (0s) Inferred that ControlFlowGraphImpl::AvailabilityInfo::AvailabilityInfoTree#933e7dd8_10#join_rhs/2@ee6da6rv is empty, due to ControlFlowGraphImpl::AvailabilityInfo::AvailabilityInfoTree#933e7dd8/2@c360d8dd.
[2026-10-08 00:42:08] (0s) Inferred that AvailabilityInfo::AvailabilityInfo.toStringImpl/0#dispred#ea43fc52/2@45f1204c is empty, due to Synth::Synth::TAvailabilityInfo#4ee7d2d8_1#antijoin_rhs/1@0f13ccop.
[2026-10-08 00:42:08] (0s) Inferred that RepeatWhileStmt::Generated::RepeatWhileStmt.getImmediateCondition/0#dispred#31931bf7/2@945ff3ur is empty, due to cached_Synth::Synth::TRepeatWhileStmt#86eecac1/2@860517id.
[2026-10-08 00:42:08] (0s) Inferred that RepeatWhileStmt::Generated::RepeatWhileStmt.getBody/0#dispred#0b658643/2@430476kg is empty, due to cached_Synth::Synth::TRepeatWhileStmt#86eecac1/2@860517id.
[2026-10-08 00:42:08] (0s)  >>> First-level cache hit cached_Synth::Synth::TPoundAssertStmt#166857ee/2@57c11c5k with empty relation.
[2026-10-08 00:42:08] (0s) Inferred that ControlFlowGraphImpl::Stmts::Loops::RepeatWhileTree#ef0f0890/2@a74979f7 is empty, due to cached_Synth::Synth::TRepeatWhileStmt#86eecac1/2@860517id.
[2026-10-08 00:42:08] (0s) Inferred that Synth::Synth::TRepeatWhileStmt#86eecac1_10#join_rhs/2@7fc462l6 is empty, due to cached_Synth::Synth::TRepeatWhileStmt#86eecac1/2@860517id.
[2026-10-08 00:42:08] (0s) Inferred that RepeatWhileStmt::Generated::RepeatWhileStmt.getCondition/0#dispred#0e6e0f51/2@ff1ecber is empty, due to cached_Synth::Synth::TRepeatWhileStmt#86eecac1/2@860517id.
[2026-10-08 00:42:08] (0s) Inferred that Synth::Synth::TPoundAssertStmt#166857ee_1#antijoin_rhs/1@e301342s is empty, due to cached_Synth::Synth::TPoundAssertStmt#166857ee/2@57c11c5k.
[2026-10-08 00:42:08] (0s)  >>> First-level cache hit cached_Synth::Synth::TFallthroughStmt#e029a806/2@5e55039u with empty relation.
[2026-10-08 00:42:08] (0s)  >>> First-level cache hit cached_Synth::Synth::TUnresolvedType#a38a5b5d/2@fc337f6g with empty relation.
[2026-10-08 00:42:08] (0s) Inferred that FallthroughStmt::Generated::FallthroughStmt.getFallthroughDest/0#dispred#85fc48e7/2@b93b3dn3 is empty, due to cached_Synth::Synth::TFallthroughStmt#e029a806/2@5e55039u.
[2026-10-08 00:42:08] (0s) Inferred that Synth::Synth::TFallthroughStmt#e029a806_1#antijoin_rhs/1@ed4df3oa is empty, due to cached_Synth::Synth::TFallthroughStmt#e029a806/2@5e55039u.
[2026-10-08 00:42:08] (0s) Inferred that Completion::TFallthroughCompletion#dom#20f7ad57/1@1ba0235h is empty, due to FallthroughStmt::Generated::FallthroughStmt.getFallthroughDest/0#dispred#85fc48e7/2@b93b3dn3.
[2026-10-08 00:42:08] (0s) Inferred that num#Completion::TFallthroughCompletion#25c42164/2@43bc52es is empty, due to Completion::TFallthroughCompletion#dom#20f7ad57/1@1ba0235h.
[2026-10-08 00:42:08] (0s) Inferred that num#Completion::TFallthroughCompletion#25c42164_10#join_rhs/2@d0f4e3ai is empty, due to num#Completion::TFallthroughCompletion#25c42164/2@43bc52es.
[2026-10-08 00:42:08] (0s)  >>> Full cache hit cached_Synth::Synth::TOpaqueTypeDecl#3f22baa3/2@b182810u with 12 rows and digest 049e47v8qr1gp4m1lp7lef6f4n5.
[2026-10-08 00:42:08] (0s)  >>> Full cache hit cached_Synth::Synth::TStmtCondition#a94490a1/2@3cb6ddol with 1 rows and digest 1601d62167sdb76cskll68usvf9.
[2026-10-08 00:42:08] (0s)  >>> Full cache hit cached_Synth::Synth::TExtensionDecl#cddc3503/2@6e51d0bc with 4471 rows and digest 4f7c8bissh3ur12kqncb59omip8.
[2026-10-08 00:42:08] (0s)  >>> Full cache hit cached_Synth::Synth::TTypeAliasDecl#c8e3c943/2@7feb4919 with 4142 rows and digest 54e0ffu90m132loav8a8jmem3i5.
[2026-10-08 00:42:08] (0s)  >>> First-level cache hit cached_Synth::Synth::TCaseLabelItem#ecfcec3b/2@418c4dcg with empty relation.
[2026-10-08 00:42:08] (0s)  >>> First-level cache hit cached_Synth::Synth::TIfConfigDecl#43f53a30/2@893fd7t9 with empty relation.
[2026-10-08 00:42:08] (0s) Inferred that CaseStmt::Generated::CaseStmt.getLabel/1#dispred#50014dfa/3@bad5614h is empty, due to cached_Synth::Synth::TCaseLabelItem#ecfcec3b/2@418c4dcg.
[2026-10-08 00:42:08] (0s) Inferred that CaseLabelItem::Generated::CaseLabelItem.getImmediatePattern/0#dispred#5298e1c6/2@dc5fd8np is empty, due to cached_Synth::Synth::TCaseLabelItem#ecfcec3b/2@418c4dcg.
[2026-10-08 00:42:08] (0s) Inferred that CaseLabelItem::Generated::CaseLabelItem.getImmediateGuard/0#dispred#af99aa1c/2@2c036ec2 is empty, due to cached_Synth::Synth::TCaseLabelItem#ecfcec3b/2@418c4dcg.
[2026-10-08 00:42:08] (0s) Inferred that ControlFlowGraphImpl::Stmts::CaseLabelItemTree#9026a190/2@7543aesb is empty, due to cached_Synth::Synth::TCaseLabelItem#ecfcec3b/2@418c4dcg.
[2026-10-08 00:42:08] (0s) Inferred that CaseLabelItem::Generated::CaseLabelItem.getGuard/0#dispred#b77595c5/2@936207ne is empty, due to cached_Synth::Synth::TCaseLabelItem#ecfcec3b/2@418c4dcg.
[2026-10-08 00:42:08] (0s) Inferred that CaseLabelItem::Generated::CaseLabelItem.getPattern/0#dispred#a57216b8/2@539b7bpn is empty, due to cached_Synth::Synth::TCaseLabelItem#ecfcec3b/2@418c4dcg.
[2026-10-08 00:42:08] (0s) Inferred that Synth::Synth::TCaseLabelItem#ecfcec3b_1#antijoin_rhs/1@01c1e8tf is empty, due to cached_Synth::Synth::TCaseLabelItem#ecfcec3b/2@418c4dcg.
[2026-10-08 00:42:08] (0s) Inferred that CaseLabelItem::Generated::CaseLabelItem.getImmediateGuard/0#dispred#af99aa1c/2@3b706f54 is empty, due to cached_Synth::Synth::TCaseLabelItem#ecfcec3b/2@418c4dcg.
[2026-10-08 00:42:08] (0s) Inferred that CaseLabelItem::Generated::CaseLabelItem.getPattern/0#dispred#a57216b8/2@6e1c2336 is empty, due to cached_Synth::Synth::TCaseLabelItem#ecfcec3b/2@418c4dcg.
[2026-10-08 00:42:08] (0s) Inferred that CaseStmt::Generated::CaseStmt.getALabel/0#dispred#911797e6/2@acc8b0bj is empty, due to cached_Synth::Synth::TCaseLabelItem#ecfcec3b/2@418c4dcg.
[2026-10-08 00:42:08] (0s) Inferred that Synth::Synth::TIfConfigDecl#43f53a30_1#antijoin_rhs/1@901b713d is empty, due to cached_Synth::Synth::TIfConfigDecl#43f53a30/2@893fd7t9.
[2026-10-08 00:42:08] (0s) Inferred that CaseStmt::Generated::CaseStmt.getLabel/1#dispred#50014dfa_01#count_range/2@1cd11bci is empty, due to CaseStmt::Generated::CaseStmt.getLabel/1#dispred#50014dfa/3@bad5614h.
[2026-10-08 00:42:08] (0s) Inferred that CaseStmt::Generated::CaseStmt.getLabel/1#dispred#50014dfa_0#antijoin_rhs/1@06b4b016 is empty, due to CaseStmt::Generated::CaseStmt.getLabel/1#dispred#50014dfa/3@bad5614h.
[2026-10-08 00:42:08] (0s) Inferred that CaseStmt::Generated::CaseStmt.getLabel/1#dispred#50014dfa_0_expr_#antijoin_rhs/2@eed2fe6t is empty, due to CaseStmt::Generated::CaseStmt.getLabel/1#dispred#50014dfa/3@bad5614h.
[2026-10-08 00:42:08] (0s) Inferred that CaseStmt::CaseStmt.getLastLabel/0#dispred#35fbea17/2@2f1a3dif is empty, due to CaseStmt::Generated::CaseStmt.getLabel/1#dispred#50014dfa/3@bad5614h.
[2026-10-08 00:42:08] (0s) Inferred that Completion::mustHaveMatchingCompletion/2#663d6067#bf/2@654553v8 is empty, due to CaseStmt::Generated::CaseStmt.getLabel/1#dispred#50014dfa/3@bad5614h.
[2026-10-08 00:42:08] (0s) Inferred that _CaseLabelItem::Generated::CaseLabelItem.getGuard/0#dispred#b77595c5_ControlFlowGraphImpl::Stmts::Ca__#shared/2@f0904cll is empty, due to ControlFlowGraphImpl::Stmts::CaseLabelItemTree#9026a190/2@7543aesb.
[2026-10-08 00:42:08] (0s) Inferred that _CaseLabelItem::Generated::CaseLabelItem.getPattern/0#dispred#a57216b8_ControlFlowGraphImpl::Stmts::__#join_rhs/2@04ecdfuo is empty, due to ControlFlowGraphImpl::Stmts::CaseLabelItemTree#9026a190/2@7543aesb.
[2026-10-08 00:42:08] (0s) Inferred that _CaseLabelItem::Generated::CaseLabelItem.getPattern/0#dispred#a57216b8_ControlFlowGraphImpl::Stmts::__#join_rhs#1/3@b90877po is empty, due to ControlFlowGraphImpl::Stmts::CaseLabelItemTree#9026a190/2@7543aesb.
[2026-10-08 00:42:08] (0s) Inferred that CaseLabelItem::Generated::CaseLabelItem.getGuard/0#dispred#b77595c5_0#antijoin_rhs/1@dbcd443i is empty, due to CaseLabelItem::Generated::CaseLabelItem.getGuard/0#dispred#b77595c5/2@936207ne.
[2026-10-08 00:42:08] (0s) Inferred that CaseLabelItem::Generated::CaseLabelItem.getPattern/0#dispred#a57216b8_1#join_rhs/1@656ae3bm is empty, due to CaseLabelItem::Generated::CaseLabelItem.getPattern/0#dispred#a57216b8/2@539b7bpn.
[2026-10-08 00:42:08] (0s) Inferred that CaseLabelItem::Generated::CaseLabelItem.hasGuard/0#dispred#114acfdd/1@483caa4f is empty, due to CaseLabelItem::Generated::CaseLabelItem.getImmediateGuard/0#dispred#af99aa1c/2@3b706f54.
[2026-10-08 00:42:08] (0s) Inferred that _CaseLabelItem::Generated::CaseLabelItem.getPattern/0#dispred#a57216b8_CaseLabelItem::Generated::Cas__#join_rhs/2@25067e4b is empty, due to CaseLabelItem::Generated::CaseLabelItem.getPattern/0#dispred#a57216b8/2@6e1c2336.
[2026-10-08 00:42:08] (0s) Inferred that _CaseLabelItem::Generated::CaseLabelItem.getPattern/0#dispred#a57216b8_CaseLabelItem::Generated::Cas__#join_rhs#1/2@300eb9so is empty, due to CaseLabelItem::Generated::CaseLabelItem.getPattern/0#dispred#a57216b8/2@6e1c2336.
[2026-10-08 00:42:08] (0s) Inferred that _CaseStmt::Generated::CaseStmt.getLabel/1#dispred#50014dfa_01#count_range#join_rhs/2@dab9c3d4 is empty, due to CaseStmt::Generated::CaseStmt.getLabel/1#dispred#50014dfa_01#count_range/2@1cd11bci.
[2026-10-08 00:42:08] (0s) Inferred that _CaseStmt::CaseStmt.getLastLabel/0#dispred#35fbea17_ControlFlowGraphImpl::Stmts::CaseTree#00554fc5_E__#join_rhs/2@404857va is empty, due to CaseStmt::CaseStmt.getLastLabel/0#dispred#35fbea17/2@2f1a3dif.
[2026-10-08 00:42:08] (0s) Inferred that Completion::mustHaveMatchingCompletion/2#663d6067#bf_10#join_rhs/2@fb13015d is empty, due to Completion::mustHaveMatchingCompletion/2#663d6067#bf/2@654553v8.
[2026-10-08 00:42:08] (0s) Inferred that _Element::Element.getFullyUnresolved/0#97fc9caa__CaseLabelItem::Generated::CaseLabelItem.getGuard/0#__#join_rhs/2@b33206gp is empty, due to _CaseLabelItem::Generated::CaseLabelItem.getGuard/0#dispred#b77595c5_ControlFlowGraphImpl::Stmts::Ca__#shared/2@f0904cll.
[2026-10-08 00:42:08] (0s) Inferred that Completion::getPatternValue/1#a7a2a508#bf/2@f7015drp is empty, due to CaseLabelItem::Generated::CaseLabelItem.getPattern/0#dispred#a57216b8_1#join_rhs/1@656ae3bm.
[2026-10-08 00:42:08] (0s)  >>> First-level cache hit cached_Synth::Synth::TEnumCaseDecl#6ce3f6d5/2@61bbf1mr with empty relation.
[2026-10-08 00:42:08] (0s) Inferred that Synth::Synth::TEnumCaseDecl#6ce3f6d5_1#antijoin_rhs/1@e540a66h is empty, due to cached_Synth::Synth::TEnumCaseDecl#6ce3f6d5/2@61bbf1mr.
[2026-10-08 00:42:08] (0s)  >>> First-level cache hit cached_Synth::Synth::TContinueStmt#7ebd2bcd/2@9c2f50he with empty relation.
[2026-10-08 00:42:08] (0s) Inferred that ContinueStmt::Generated::ContinueStmt.getTarget/0#dispred#7371e039/2@bc7d3dfq is empty, due to cached_Synth::Synth::TContinueStmt#7ebd2bcd/2@9c2f50he.
[2026-10-08 00:42:08] (0s) Inferred that ContinueStmt::Generated::ContinueStmt.getTargetName/0#dispred#21cbb600/2@5bd202g6 is empty, due to cached_Synth::Synth::TContinueStmt#7ebd2bcd/2@9c2f50he.
[2026-10-08 00:42:08] (0s) Inferred that Completion::TContinueCompletion#dom#dd32076a/1@11ca221f is empty, due to ContinueStmt::Generated::ContinueStmt.getTarget/0#dispred#7371e039/2@bc7d3dfq.
[2026-10-08 00:42:08] (0s) Inferred that ContinueStmt::Generated::ContinueStmt.getTargetName/0#dispred#21cbb600_0#antijoin_rhs/1@93cba08c is empty, due to ContinueStmt::Generated::ContinueStmt.getTargetName/0#dispred#21cbb600/2@5bd202g6.
[2026-10-08 00:42:08] (0s) Inferred that num#Completion::TContinueCompletion#351029a2/2@5bc896pu is empty, due to Completion::TContinueCompletion#dom#dd32076a/1@11ca221f.
[2026-10-08 00:42:08] (0s) Inferred that num#Completion::TContinueCompletion#351029a2_1#antijoin_rhs/1@443d91k0 is empty, due to num#Completion::TContinueCompletion#351029a2/2@5bc896pu.
[2026-10-08 00:42:08] (0s) Inferred that Synth::Synth::TContinueStmt#7ebd2bcd_1#antijoin_rhs/1@425af6qi is empty, due to cached_Synth::Synth::TContinueStmt#7ebd2bcd/2@9c2f50he.
[2026-10-08 00:42:08] (0s)  >>> First-level cache hit cached_Synth::Synth::TCapturedDecl#676ccadd/2@ba2e6e8s with empty relation.
[2026-10-08 00:42:08] (0s) Inferred that Callable::Generated::Callable.getCapture/1#dispred#20645baa/3@8489097d is empty, due to cached_Synth::Synth::TCapturedDecl#676ccadd/2@ba2e6e8s.
[2026-10-08 00:42:08] (0s) Inferred that Synth::Synth::TCapturedDecl#676ccadd_1#antijoin_rhs/1@9c30accr is empty, due to cached_Synth::Synth::TCapturedDecl#676ccadd/2@ba2e6e8s.
[2026-10-08 00:42:08] (0s) Inferred that CapturedDecl::Generated::CapturedDecl.getDecl/0#dispred#89eb733c/2@0eab9fv3 is empty, due to cached_Synth::Synth::TCapturedDecl#676ccadd/2@ba2e6e8s.
[2026-10-08 00:42:08] (0s) Inferred that _Synth::Synth::TCapturedDecl#676ccadd_callable_captures#shared/1@989c69sa is empty, due to cached_Synth::Synth::TCapturedDecl#676ccadd/2@ba2e6e8s.
[2026-10-08 00:42:08] (0s) Inferred that CapturedDecl::Generated::CapturedDecl.getDecl/0#dispred#89eb733c/2@cc90b04q is empty, due to cached_Synth::Synth::TCapturedDecl#676ccadd/2@ba2e6e8s.
[2026-10-08 00:42:08] (0s) Inferred that DataFlowPrivate::CaptureInput::ClosureExpr#ac30421e/1@59cbfaj3 is empty, due to cached_Synth::Synth::TCapturedDecl#676ccadd/2@ba2e6e8s.
[2026-10-08 00:42:08] (0s) Inferred that CapturedDecl::Generated::CapturedDecl.getDecl/0#dispred#89eb733c/2@450a11oj is empty, due to cached_Synth::Synth::TCapturedDecl#676ccadd/2@ba2e6e8s.
[2026-10-08 00:42:08] (0s) Inferred that Callable::Generated::Callable.getCapture/1#dispred#20645baa_01#count_range/2@f863f8ef is empty, due to Callable::Generated::Callable.getCapture/1#dispred#20645baa/3@8489097d.
[2026-10-08 00:42:08] (0s) Inferred that Callable::Generated::Callable.getCapture/1#dispred#20645baa_0#antijoin_rhs/1@31172eue is empty, due to Callable::Generated::Callable.getCapture/1#dispred#20645baa/3@8489097d.
[2026-10-08 00:42:08] (0s) Inferred that CapturedDecl::Generated::CapturedDecl.getDecl/0#dispred#89eb733c_10#join_rhs/2@5b6190po is empty, due to CapturedDecl::Generated::CapturedDecl.getDecl/0#dispred#89eb733c/2@0eab9fv3.
[2026-10-08 00:42:08] (0s) Inferred that DataFlowPrivate::CaptureInput::ClosureExpr#ac30421e/1@3251953h is empty, due to _Synth::Synth::TCapturedDecl#676ccadd_callable_captures#shared/1@989c69sa.
[2026-10-08 00:42:08] (0s) Inferred that CapturedDecl::Generated::CapturedDecl.getDecl/0#dispred#89eb733c_1#join_rhs/1@913a8ag4 is empty, due to CapturedDecl::Generated::CapturedDecl.getDecl/0#dispred#89eb733c/2@cc90b04q.
[2026-10-08 00:42:08] (0s) Inferred that #DataFlowPrivate::closureFlowStep/2#3a33d515Plus#bf/2@0813dwst is empty, due to DataFlowPrivate::CaptureInput::ClosureExpr#ac30421e/1@59cbfaj3.
[2026-10-08 00:42:08] (0s) Inferred that DataFlowPrivate::CaptureFlow::closureExprGetEnclosingCallable/1#f5ef3c71/2@7254c8db is empty, due to DataFlowPrivate::CaptureInput::ClosureExpr#ac30421e/1@59cbfaj3.
[2026-10-08 00:42:08] (0s) Inferred that DataFlowPrivate::CaptureFlow::closureCaptures/2#f247c29b/2@01d97x09 is empty, due to DataFlowPrivate::CaptureInput::ClosureExpr#ac30421e/1@59cbfaj3.
[2026-10-08 00:42:08] (0s)  >>> First-level cache hit cached_Synth::Synth::TForEachStmt#d335d334/2@f9ff50i3 with empty relation.
[2026-10-08 00:42:08] (0s) Inferred that DataFlowPrivate::CaptureInput::CapturedVariable#a139c1c6/1@a944b737 is empty, due to CapturedDecl::Generated::CapturedDecl.getDecl/0#dispred#89eb733c/2@450a11oj.
[2026-10-08 00:42:08] (0s) Inferred that #DataFlowPrivate::closureFlowStep/2#3a33d515Plus#bf/2@da135wgi is empty, due to DataFlowPrivate::CaptureInput::ClosureExpr#ac30421e/1@3251953h.
[2026-10-08 00:42:08] (0s) Inferred that DataFlowPrivate::CaptureFlow::closureExprGetEnclosingCallable/1#f5ef3c71/2@97478dcr is empty, due to DataFlowPrivate::CaptureInput::ClosureExpr#ac30421e/1@3251953h.
[2026-10-08 00:42:08] (0s) Inferred that DataFlowPrivate::CaptureFlow::closureCaptures/2#f247c29b/2@60c8dxkm is empty, due to DataFlowPrivate::CaptureInput::ClosureExpr#ac30421e/1@3251953h.
[2026-10-08 00:42:08] (0s) Inferred that VarDeclImpl::Impl::VarDecl#0211b6ec#b/1@2a9180cu is empty, due to CapturedDecl::Generated::CapturedDecl.getDecl/0#dispred#89eb733c_1#join_rhs/1@913a8ag4.
[2026-10-08 00:42:08] (0s) Inferred that DataFlowPrivate::CaptureInput::ClosureExpr.hasAliasedAccess/1#dispred#b95acb88/2@2c494fhg is empty, due to #DataFlowPrivate::closureFlowStep/2#3a33d515Plus#bf/2@0813dwst.
[2026-10-08 00:42:08] (0s) Inferred that #DataFlowPrivate::CaptureFlow::callableGetEnclosingCallable/1#e1b35514Plus#sourceBound#2#2#2#3/1@f650c1bd is empty, due to DataFlowPrivate::CaptureFlow::closureExprGetEnclosingCallable/1#f5ef3c71/2@7254c8db.
[2026-10-08 00:42:08] (0s) Inferred that #DataFlowPrivate::CaptureFlow::callableGetEnclosingCallable/1#e1b35514Plus#sinkBound#3/1@a356d5ne is empty, due to DataFlowPrivate::CaptureFlow::closureExprGetEnclosingCallable/1#f5ef3c71/2@7254c8db.
[2026-10-08 00:42:08] (0s) Inferred that DataFlowPrivate::CaptureFlow::closureExprGetEnclosingCallable/1#f5ef3c71_10#higher_order_body/2@25b86fpi is empty, due to DataFlowPrivate::CaptureFlow::closureExprGetEnclosingCallable/1#f5ef3c71/2@7254c8db.
[2026-10-08 00:42:08] (0s) Inferred that DataFlowPrivate::CaptureFlow::closureExprGetAReferencingCallable/1#71fb7242/2@2e6e0669 is empty, due to DataFlowPrivate::CaptureFlow::closureExprGetEnclosingCallable/1#f5ef3c71/2@7254c8db.
[2026-10-08 00:42:08] (0s) Inferred that DataFlowPrivate::CaptureFlow::closureCaptures/2#f247c29b_10#join_rhs/2@e4e4c2ds is empty, due to DataFlowPrivate::CaptureFlow::closureCaptures/2#f247c29b/2@01d97x09.
[2026-10-08 00:42:08] (0s) Inferred that DataFlowPrivate::CapturedVariable.getCallable/0#dispred#a86a8cf9/2@eae24a6j is empty, due to DataFlowPrivate::CaptureInput::CapturedVariable#a139c1c6/1@a944b737.
[2026-10-08 00:42:08] (0s) Inferred that _DataFlowPrivate::CaptureInput::CapturedVariable#a139c1c6_DeclRefExpr::Generated::DeclRefExpr.getDec__#shared/2@6c8700c0 is empty, due to DataFlowPrivate::CaptureInput::CapturedVariable#a139c1c6/1@a944b737.
[2026-10-08 00:42:08] (0s) Inferred that DataFlowPrivate::TCapturedVariableContent#cd1e7bb9/2@8fa80fma is empty, due to DataFlowPrivate::CaptureInput::CapturedVariable#a139c1c6/1@a944b737.
[2026-10-08 00:42:08] (0s) Inferred that DataFlowPrivate::CaptureInput::VariableWrite#209e7419/3@8faf91aa is empty, due to DataFlowPrivate::CaptureInput::CapturedVariable#a139c1c6/1@a944b737.
[2026-10-08 00:42:08] (0s) Inferred that DataFlowPrivate::CaptureInput::ClosureExpr.hasAliasedAccess/1#dispred#b95acb88/2@4ae41ah2 is empty, due to #DataFlowPrivate::closureFlowStep/2#3a33d515Plus#bf/2@da135wgi.
[2026-10-08 00:42:08] (0s) Inferred that #DataFlowPrivate::CaptureFlow::callableGetEnclosingCallable/1#e1b35514Plus#sourceBound#2#2#2#3/1@88c161lm is empty, due to DataFlowPrivate::CaptureFlow::closureExprGetEnclosingCallable/1#f5ef3c71/2@97478dcr.
[2026-10-08 00:42:08] (0s) Inferred that #DataFlowPrivate::CaptureFlow::callableGetEnclosingCallable/1#e1b35514Plus#sinkBound#3/1@88cd09gd is empty, due to DataFlowPrivate::CaptureFlow::closureExprGetEnclosingCallable/1#f5ef3c71/2@97478dcr.
[2026-10-08 00:42:08] (0s) Inferred that DataFlowPrivate::CaptureFlow::closureExprGetEnclosingCallable/1#f5ef3c71_10#higher_order_body/2@7d4c2adv is empty, due to DataFlowPrivate::CaptureFlow::closureExprGetEnclosingCallable/1#f5ef3c71/2@97478dcr.
[2026-10-08 00:42:08] (0s) Inferred that DataFlowPrivate::CaptureFlow::closureExprGetAReferencingCallable/1#71fb7242/2@f593c7vc is empty, due to DataFlowPrivate::CaptureFlow::closureExprGetEnclosingCallable/1#f5ef3c71/2@97478dcr.
[2026-10-08 00:42:08] (0s) Inferred that _DataFlowPrivate::CaptureFlow::BasicBlock.getEnclosingCallable/0#dispred#2185b3a1_DataFlowPrivate::C__#shared#2/6@a581d1l2 is empty, due to DataFlowPrivate::CaptureFlow::closureCaptures/2#f247c29b/2@60c8dxkm.
[2026-10-08 00:42:08] (0s) Inferred that DataFlowPrivate::CaptureFlow::synthRead/5#e6f604ae/5@1f44a2mf is empty, due to DataFlowPrivate::CaptureFlow::closureCaptures/2#f247c29b/2@60c8dxkm.
[2026-10-08 00:42:08] (0s) Inferred that DataFlowPrivate::CaptureInput::CapturedVariable#a139c1c6/1@e84f33af is empty, due to VarDeclImpl::Impl::VarDecl#0211b6ec#b/1@2a9180cu.
[2026-10-08 00:42:08] (0s) Inferred that DataFlowPrivate::CaptureInput::ClosureExpr.hasAliasedAccess/1#dispred#b95acb88_10#join_rhs/2@ecc794j8 is empty, due to DataFlowPrivate::CaptureInput::ClosureExpr.hasAliasedAccess/1#dispred#b95acb88/2@2c494fhg.
[2026-10-08 00:42:08] (0s) Inferred that #DataFlowPrivate::CaptureFlow::callableGetEnclosingCallable/1#e1b35514Plus#sourceBound#2#2#3/1@eb853av2 is empty, due to #DataFlowPrivate::CaptureFlow::callableGetEnclosingCallable/1#e1b35514Plus#sourceBound#2#2#2#3/1@f650c1bd.
[2026-10-08 00:42:08] (0s) Inferred that _#DataFlowPrivate::CaptureFlow::callableGetEnclosingCallable/1#e1b35514Plus#sinkBound#3_DataFlowPriv__#higher_order_body/1@9539f1at is empty, due to #DataFlowPrivate::CaptureFlow::callableGetEnclosingCallable/1#e1b35514Plus#sinkBound#3/1@a356d5ne.
[2026-10-08 00:42:08] (0s) Inferred that doublyBoundedFastTC:DataFlowPrivate::CaptureFlow::closureExprGetEnclosingCallable/1#f5ef3c71_10#higher_order_body:_#DataFlowPrivate::CaptureFlow::callableGetEnclosingCallable/1#e1b35514Plus#sinkBound#3_DataFlowPriv__#higher_order_body:#DataFlowPrivate::CaptureFlow::callableGetEnclosingCallable/1#e1b35514Plus#sourceBound#3/2@18c613s0 is empty, due to DataFlowPrivate::CaptureFlow::closureExprGetEnclosingCallable/1#f5ef3c71_10#higher_order_body/2@25b86fpi.
[2026-10-08 00:42:08] (0s) Inferred that DataFlowPrivate::CaptureFlow::localOrNestedClosureAccess/4#59807f58/4@812fecsu is empty, due to DataFlowPrivate::CaptureInput::ClosureExpr.hasAliasedAccess/1#dispred#b95acb88_10#join_rhs/2@ecc794j8.
[2026-10-08 00:42:08] (0s) Inferred that _DataFlowPrivate::CaptureFlow::closureCaptures/2#f247c29b_10#join_rhs_DataFlowPrivate::TCapturedVari__#shared/2@958d824o is empty, due to DataFlowPrivate::TCapturedVariableContent#cd1e7bb9/2@8fa80fma.
[2026-10-08 00:42:08] (0s) Inferred that _DataFlowPrivate::CaptureFlow::BasicBlock.getEnclosingCallable/0#dispred#2185b3a1_DataFlowPrivate::C__#shared/6@88cf13nq is empty, due to DataFlowPrivate::CapturedVariable.getCallable/0#dispred#a86a8cf9/2@eae24a6j.
[2026-10-08 00:42:08] (0s) Inferred that _DataFlowPrivate::CaptureFlow::BasicBlock.getEnclosingCallable/0#dispred#2185b3a1_DataFlowPrivate::C__#shared#1/6@98f22fta is empty, due to DataFlowPrivate::CapturedVariable.getCallable/0#dispred#a86a8cf9/2@eae24a6j.
[2026-10-08 00:42:08] (0s) Inferred that DataFlowPrivate::CaptureFlow::captureAccess/2#1d66f434/2@01d97w09 is empty, due to DataFlowPrivate::CapturedVariable.getCallable/0#dispred#a86a8cf9/2@eae24a6j.
[2026-10-08 00:42:08] (0s) Inferred that _AssignExpr::Generated::AssignExpr.getDest/0#dispred#2a0c3463_1#antijoin_rhs__DataFlowPrivate::Captu__#shared/2@8647fa4h is empty, due to _DataFlowPrivate::CaptureInput::CapturedVariable#a139c1c6_DeclRefExpr::Generated::DeclRefExpr.getDec__#shared/2@6c8700c0.
[2026-10-08 00:42:08] (0s) Inferred that DataFlowPrivate::CaptureFlow::storeStep/3#61280885#fbf/3@f271c6ac is empty, due to DataFlowPrivate::TCapturedVariableContent#cd1e7bb9/2@8fa80fma.
[2026-10-08 00:42:08] (0s) Inferred that DataFlowPrivate::CaptureFlow::readStep/3#5263e7ac#fbf/3@757dd6ff is empty, due to DataFlowPrivate::TCapturedVariableContent#cd1e7bb9/2@8fa80fma.
[2026-10-08 00:42:08] (0s) Inferred that cached_DataFlowPrivate::TCapturedVariableContent#cd1e7bb9/2@14cb3fpn is empty, due to DataFlowPrivate::TCapturedVariableContent#cd1e7bb9/2@8fa80fma.
[2026-10-08 00:42:08] (0s) Inferred that project#DataFlowPrivate::CaptureInput::VariableWrite#209e7419/2@b20576bn is empty, due to DataFlowPrivate::CaptureInput::VariableWrite#209e7419/3@8faf91aa.
[2026-10-08 00:42:08] (0s) Inferred that DataFlowPrivate::CaptureInput::ClosureExpr.hasAliasedAccess/1#dispred#b95acb88_10#join_rhs/2@2166caaa is empty, due to DataFlowPrivate::CaptureInput::ClosureExpr.hasAliasedAccess/1#dispred#b95acb88/2@4ae41ah2.
[2026-10-08 00:42:08] (0s) Inferred that #DataFlowPrivate::CaptureFlow::callableGetEnclosingCallable/1#e1b35514Plus#sourceBound#2#2#3/1@c21810jc is empty, due to #DataFlowPrivate::CaptureFlow::callableGetEnclosingCallable/1#e1b35514Plus#sourceBound#2#2#2#3/1@88c161lm.
[2026-10-08 00:42:08] (0s) Inferred that _#DataFlowPrivate::CaptureFlow::callableGetEnclosingCallable/1#e1b35514Plus#sinkBound#3_DataFlowPriv__#higher_order_body/1@638f5619 is empty, due to #DataFlowPrivate::CaptureFlow::callableGetEnclosingCallable/1#e1b35514Plus#sinkBound#3/1@88cd09gd.
[2026-10-08 00:42:08] (0s) Inferred that doublyBoundedFastTC:DataFlowPrivate::CaptureFlow::closureExprGetEnclosingCallable/1#f5ef3c71_10#higher_order_body:_#DataFlowPrivate::CaptureFlow::callableGetEnclosingCallable/1#e1b35514Plus#sinkBound#3_DataFlowPriv__#higher_order_body:#DataFlowPrivate::CaptureFlow::callableGetEnclosingCallable/1#e1b35514Plus#sourceBound#3/2@4ca80ekm is empty, due to DataFlowPrivate::CaptureFlow::closureExprGetEnclosingCallable/1#f5ef3c71_10#higher_order_body/2@7d4c2adv.
[2026-10-08 00:42:08] (0s) Inferred that DataFlowPrivate::CaptureFlow::localOrNestedClosureAccess/4#59807f58/4@8adec58b is empty, due to DataFlowPrivate::CaptureInput::ClosureExpr.hasAliasedAccess/1#dispred#b95acb88_10#join_rhs/2@2166caaa.
[2026-10-08 00:42:08] (0s) Inferred that __DataFlowPrivate::CaptureFlow::BasicBlock.getEnclosingCallable/0#dispred#2185b3a1_DataFlowPrivate::__#antijoin_rhs#2/4@1a41ae03 is empty, due to _DataFlowPrivate::CaptureFlow::BasicBlock.getEnclosingCallable/0#dispred#2185b3a1_DataFlowPrivate::C__#shared#2/6@a581d1l2.
[2026-10-08 00:42:08] (0s) Inferred that project#DataFlowPrivate::CaptureFlow::synthRead/5#e6f604ae/1@fed83c2e is empty, due to DataFlowPrivate::CaptureFlow::synthRead/5#e6f604ae/5@1f44a2mf.
[2026-10-08 00:42:08] (0s) Inferred that project#DataFlowPrivate::CaptureFlow::synthRead/5#e6f604ae#2/3@0262742r is empty, due to DataFlowPrivate::CaptureFlow::synthRead/5#e6f604ae/5@1f44a2mf.
[2026-10-08 00:42:08] (0s) Inferred that DataFlowPrivate::CaptureFlow::synthRead/5#e6f604ae_312#join_rhs/3@cf9581ic is empty, due to DataFlowPrivate::CaptureFlow::synthRead/5#e6f604ae/5@1f44a2mf.
[2026-10-08 00:42:08] (0s) Inferred that DataFlowPrivate::CaptureFlow::synthRead/5#e6f604ae_3012#join_rhs/4@08e31b6a is empty, due to DataFlowPrivate::CaptureFlow::synthRead/5#e6f604ae/5@1f44a2mf.
[2026-10-08 00:42:08] (0s) Inferred that project#DataFlowPrivate::CaptureFlow::synthRead/5#e6f604ae#5/2@2408advj is empty, due to DataFlowPrivate::CaptureFlow::synthRead/5#e6f604ae/5@1f44a2mf.
[2026-10-08 00:42:08] (0s) Inferred that DataFlowPrivate::CaptureInput::CapturedParameter#29ff6e0b/1@bf6a57pl is empty, due to DataFlowPrivate::CaptureInput::CapturedVariable#a139c1c6/1@e84f33af.
[2026-10-08 00:42:08] (0s) Inferred that DataFlowPrivate::CapturedVariable.getCallable/0#dispred#a86a8cf9/2@1fa808hl is empty, due to DataFlowPrivate::CaptureInput::CapturedVariable#a139c1c6/1@e84f33af.
[2026-10-08 00:42:08] (0s) Inferred that _DataFlowPrivate::CaptureInput::CapturedVariable#a139c1c6_DeclRefExpr::Generated::DeclRefExpr.getDec__#shared/2@298b57e7 is empty, due to DataFlowPrivate::CaptureInput::CapturedVariable#a139c1c6/1@e84f33af.
[2026-10-08 00:42:08] (0s) Inferred that num#DataFlowPrivate::CaptureFlow::TVariable#3cfe680e/2@800391q1 is empty, due to DataFlowPrivate::CaptureInput::CapturedVariable#a139c1c6/1@e84f33af.
[2026-10-08 00:42:08] (0s) Inferred that DataFlowPrivate::CaptureInput::VariableWrite#209e7419/3@af4dbbms is empty, due to DataFlowPrivate::CaptureInput::CapturedVariable#a139c1c6/1@e84f33af.
[2026-10-08 00:42:08] (0s) Inferred that DataFlowPrivate::CaptureFlow::CaptureContainer#3fac0e5e/1@146701u3 is empty, due to DataFlowPrivate::CaptureInput::CapturedVariable#a139c1c6/1@e84f33af.
[2026-10-08 00:42:08] (0s) Inferred that DataFlowPrivate::CaptureFlow::Cached::TExprNode#dom#3d3bd5fc/2@9f484boi is empty, due to DataFlowPrivate::CaptureInput::CapturedVariable#a139c1c6/1@e84f33af.
[2026-10-08 00:42:08] (0s) Inferred that DataFlowPrivate::CaptureFlow::synthThisQualifier/2#f52b5f43/2@574acfdo is empty, due to DataFlowPrivate::CaptureInput::CapturedVariable#a139c1c6/1@e84f33af.
[2026-10-08 00:42:08] (0s) Inferred that DataFlowPrivate::CaptureFlow::CaptureSsaInput::variableRead/4#8ccf78d9#cpe#123/3@667284lr is empty, due to DataFlowPrivate::CaptureInput::CapturedVariable#a139c1c6/1@e84f33af.
[2026-10-08 00:42:08] (0s) Inferred that DataFlowPrivate::CaptureFlow::ssaReadAt/5#9f36545b/5@d7b7eaoe is empty, due to DataFlowPrivate::CaptureInput::CapturedVariable#a139c1c6/1@e84f33af.
[2026-10-08 00:42:08] (0s) Inferred that DataFlowPrivate::CaptureFlow::CaptureSsaInput::variableWrite/4#556305d6#cpe#123/3@e0318fr0 is empty, due to DataFlowPrivate::CaptureInput::CapturedVariable#a139c1c6/1@e84f33af.
[2026-10-08 00:42:08] (0s) Inferred that DataFlowPrivate::CaptureFlow::CaptureSsa::Liveness::varRef/4#2ada79e8/4@758696c3 is empty, due to DataFlowPrivate::CaptureInput::CapturedVariable#a139c1c6/1@e84f33af.
[2026-10-08 00:42:08] (0s) Inferred that DataFlowPrivate::CaptureFlow::ssaWriteAt/4#a01ecf17/4@fe2ef1je is empty, due to DataFlowPrivate::CaptureInput::CapturedVariable#a139c1c6/1@e84f33af.
[2026-10-08 00:42:08] (0s) Inferred that DataFlowPrivate::CaptureFlow::CaptureSsa::SsaDefReaches::ssaRef/4#cd96d7d4/4@652b5325 is empty, due to DataFlowPrivate::CaptureInput::CapturedVariable#a139c1c6/1@e84f33af.
[2026-10-08 00:42:08] (0s) Inferred that DataFlowPrivate::CaptureFlow::Cached::TClosureNode#bf9839bf/1@7b26718d is empty, due to DataFlowPrivate::CaptureInput::CapturedVariable#a139c1c6/1@e84f33af.
[2026-10-08 00:42:08] (0s) Inferred that #DataFlowPrivate::CaptureFlow::callableGetEnclosingCallable/1#e1b35514Plus#sinkBound#2#3/1@2841b8s5 is empty, due to DataFlowPrivate::CaptureInput::ClosureExpr.hasAliasedAccess/1#dispred#b95acb88_10#join_rhs/2@ecc794j8.
[2026-10-08 00:42:08] (0s) Inferred that #DataFlowPrivate::CaptureFlow::callableGetEnclosingCallable/1#e1b35514Plus#sourceBound#2#3/1@d9691ebt is empty, due to #DataFlowPrivate::CaptureFlow::callableGetEnclosingCallable/1#e1b35514Plus#sourceBound#2#2#3/1@eb853av2.
[2026-10-08 00:42:08] (0s) Inferred that _DataFlowPrivate::CaptureFlow::BasicBlock.getEnclosingCallable/0#dispred#2185b3a1_DataFlowPrivate::C__#shared#2/7@ea5864kj is empty, due to _DataFlowPrivate::CaptureFlow::closureCaptures/2#f247c29b_10#join_rhs_DataFlowPrivate::TCapturedVari__#shared/2@958d824o.
[2026-10-08 00:42:08] (0s) Inferred that DataFlowPrivate::CaptureFlow::synthRead/6#5e157eb3#bfffff/6@b70f92mg is empty, due to _DataFlowPrivate::CaptureFlow::closureCaptures/2#f247c29b_10#join_rhs_DataFlowPrivate::TCapturedVari__#shared/2@958d824o.
[2026-10-08 00:42:08] (0s) Inferred that __DataFlowPrivate::CaptureFlow::BasicBlock.getEnclosingCallable/0#dispred#2185b3a1_DataFlowPrivate::__#antijoin_rhs/4@57d8c648 is empty, due to _DataFlowPrivate::CaptureFlow::BasicBlock.getEnclosingCallable/0#dispred#2185b3a1_DataFlowPrivate::C__#shared/6@88cf13nq.
[2026-10-08 00:42:08] (0s) Inferred that __DataFlowPrivate::CaptureFlow::BasicBlock.getEnclosingCallable/0#dispred#2185b3a1_DataFlowPrivate::__#antijoin_rhs#1/4@1653a7kb is empty, due to _DataFlowPrivate::CaptureFlow::BasicBlock.getEnclosingCallable/0#dispred#2185b3a1_DataFlowPrivate::C__#shared#1/6@98f22fta.
[2026-10-08 00:42:08] (0s) Inferred that DataFlowPrivate::CaptureFlow::captureAccess/2#1d66f434_10#count_range/2@4d2632m6 is empty, due to DataFlowPrivate::CaptureFlow::captureAccess/2#1d66f434/2@01d97w09.
[2026-10-08 00:42:08] (0s) Inferred that DataFlowPrivate::CaptureFlow::captureRead/5#57fcd16c/5@90a1323n is empty, due to _AssignExpr::Generated::AssignExpr.getDest/0#dispred#2a0c3463_1#antijoin_rhs__DataFlowPrivate::Captu__#shared/2@8647fa4h.
[2026-10-08 00:42:08] (0s) Inferred that DataFlowPrivate::captureStoreStep/3#6d30c5af/3@08918ars is empty, due to DataFlowPrivate::CaptureFlow::storeStep/3#61280885#fbf/3@f271c6ac.
[2026-10-08 00:42:08] (0s) Inferred that DataFlowPrivate::captureReadStep/3#7631c11a/3@d79598a7 is empty, due to DataFlowPrivate::CaptureFlow::readStep/3#5263e7ac#fbf/3@757dd6ff.
[2026-10-08 00:42:08] (0s) Inferred that DataFlowPrivate::CaptureFlow::captureWrite/5#8b85aa0c/5@46c08a9t is empty, due to project#DataFlowPrivate::CaptureInput::VariableWrite#209e7419/2@b20576bn.
[2026-10-08 00:42:08] (0s) Inferred that #DataFlowPrivate::CaptureFlow::callableGetEnclosingCallable/1#e1b35514Plus#sinkBound#2#3/1@04163ckc is empty, due to DataFlowPrivate::CaptureInput::ClosureExpr.hasAliasedAccess/1#dispred#b95acb88_10#join_rhs/2@2166caaa.
[2026-10-08 00:42:08] (0s) Inferred that #DataFlowPrivate::CaptureFlow::callableGetEnclosingCallable/1#e1b35514Plus#sourceBound#2#3/1@133d6abl is empty, due to #DataFlowPrivate::CaptureFlow::callableGetEnclosingCallable/1#e1b35514Plus#sourceBound#2#2#3/1@c21810jc.
[2026-10-08 00:42:08] (0s) Inferred that DataFlowPrivate::CaptureFlow::Cached::TSynthRead#dom#4a14a35d/4@208fe9id is empty, due to project#DataFlowPrivate::CaptureFlow::synthRead/5#e6f604ae#2/3@0262742r.
[2026-10-08 00:42:08] (0s) Inferred that project#DataFlowPrivate::CaptureFlow::synthRead/5#e6f604ae#3/2@6457e82c is empty, due to DataFlowPrivate::CaptureFlow::synthRead/5#e6f604ae_312#join_rhs/3@cf9581ic.
[2026-10-08 00:42:08] (0s) Inferred that project#DataFlowPrivate::CaptureFlow::synthRead/5#e6f604ae#4/3@7df04dvh is empty, due to DataFlowPrivate::CaptureFlow::synthRead/5#e6f604ae_3012#join_rhs/4@08e31b6a.
[2026-10-08 00:42:08] (0s) Inferred that DataFlowPrivate::CaptureFlow::Cached::TParamNode#7ba7a910/2@50c52a4t is empty, due to DataFlowPrivate::CaptureInput::CapturedParameter#29ff6e0b/1@bf6a57pl.
[2026-10-08 00:42:08] (0s) Inferred that _DataFlowPrivate::CaptureInput::CapturedParameter#29ff6e0b_DataFlowPrivate::CapturedVariable.getCall__#shared/2@de329dao is empty, due to DataFlowPrivate::CaptureInput::CapturedParameter#29ff6e0b/1@bf6a57pl.
[2026-10-08 00:42:08] (0s) Inferred that _DataFlowPrivate::CaptureFlow::BasicBlock.getEnclosingCallable/0#dispred#2185b3a1_DataFlowPrivate::C__#shared/6@5a88e96a is empty, due to DataFlowPrivate::CapturedVariable.getCallable/0#dispred#a86a8cf9/2@1fa808hl.
[2026-10-08 00:42:08] (0s) Inferred that _DataFlowPrivate::CaptureFlow::BasicBlock.getEnclosingCallable/0#dispred#2185b3a1_DataFlowPrivate::C__#shared#1/6@f0303d1b is empty, due to DataFlowPrivate::CapturedVariable.getCallable/0#dispred#a86a8cf9/2@1fa808hl.
[2026-10-08 00:42:08] (0s) Inferred that DataFlowPrivate::CaptureFlow::captureAccess/2#1d66f434/2@60c8dwkm is empty, due to DataFlowPrivate::CapturedVariable.getCallable/0#dispred#a86a8cf9/2@1fa808hl.
[2026-10-08 00:42:08] (0s) Inferred that DataFlowPrivate::CapturedVariable.getCallable/0#dispred#a86a8cf9_10#join_rhs/2@c919cedr is empty, due to DataFlowPrivate::CapturedVariable.getCallable/0#dispred#a86a8cf9/2@1fa808hl.
[2026-10-08 00:42:08] (0s) Inferred that __BasicBlock::Make<Location::Location,BasicBlocks::BasicBlocksImpl::BasicBlockInputSig>::Cached::TBa__#shared/1@e7971ccv is empty, due to DataFlowPrivate::CapturedVariable.getCallable/0#dispred#a86a8cf9/2@1fa808hl.
[2026-10-08 00:42:08] (0s) Inferred that _DataFlowPrivate::CaptureFlow::captureRead/5#57fcd16c_12#join_rhs__BasicBlock::Make<Location::Locati__#min_range/2@1b68b632 is empty, due to DataFlowPrivate::CapturedVariable.getCallable/0#dispred#a86a8cf9/2@1fa808hl.
[2026-10-08 00:42:08] (0s) Inferred that _DataFlowPrivate::CaptureFlow::captureRead/5#57fcd16c_12#join_rhs__BasicBlock::Make<Location::Locati__#min_term/3@f80410pl is empty, due to DataFlowPrivate::CapturedVariable.getCallable/0#dispred#a86a8cf9/2@1fa808hl.
[2026-10-08 00:42:08] (0s) Inferred that DataFlowPrivate::CaptureInput::VariableRead#d6e375c5/2@226bfe57 is empty, due to _DataFlowPrivate::CaptureInput::CapturedVariable#a139c1c6_DeclRefExpr::Generated::DeclRefExpr.getDec__#shared/2@298b57e7.
[2026-10-08 00:42:08] (0s) Inferred that DataFlowPrivate::CaptureFlow::Cached::TVariableWriteSourceNode#dom#e4c2cdd4/1@6d3278o3 is empty, due to DataFlowPrivate::CaptureInput::VariableWrite#209e7419/3@af4dbbms.
[2026-10-08 00:42:08] (0s) Inferred that project#DataFlowPrivate::CaptureInput::VariableWrite#209e7419/2@f073608a is empty, due to DataFlowPrivate::CaptureInput::VariableWrite#209e7419/3@af4dbbms.
[2026-10-08 00:42:08] (0s) Inferred that DataFlowPrivate::CaptureFlow::localFlowStep/2#fe2fcd42/2@5511cfjv is empty, due to DataFlowPrivate::CaptureFlow::CaptureContainer#3fac0e5e/1@146701u3.
[2026-10-08 00:42:08] (0s) Inferred that DataFlowPrivate::CaptureFlow::Cached::TExprNode#f3c0926e/3@0759c7pi is empty, due to DataFlowPrivate::CaptureFlow::Cached::TExprNode#dom#3d3bd5fc/2@9f484boi.
[2026-10-08 00:42:08] (0s) Inferred that DataFlowPrivate::CaptureFlow::Cached::TSynthThisQualifier#dom#0275e35e/3@0c5af6aj is empty, due to DataFlowPrivate::CaptureFlow::synthThisQualifier/2#f52b5f43/2@574acfdo.
[2026-10-08 00:42:08] (0s) Inferred that project#DataFlowPrivate::CaptureFlow::CaptureSsaInput::variableRead/4#8ccf78d9#cpe#123/2@7f0a378m is empty, due to DataFlowPrivate::CaptureFlow::CaptureSsaInput::variableRead/4#8ccf78d9#cpe#123/3@667284lr.
[2026-10-08 00:42:08] (0s) Inferred that _DataFlowPrivate::CaptureFlow::CaptureSsaInput::variableRead/4#8ccf78d9#cpe#123_num#DataFlowPrivate:__#shared/4@c3ce1c24 is empty, due to DataFlowPrivate::CaptureFlow::CaptureSsaInput::variableRead/4#8ccf78d9#cpe#123/3@667284lr.
[2026-10-08 00:42:08] (0s) Inferred that DataFlowPrivate::CaptureFlow::CaptureSsa::ssaDefReachesRead/4#053ffeb9/4@a337eai6 is empty, due to DataFlowPrivate::CaptureFlow::CaptureSsaInput::variableRead/4#8ccf78d9#cpe#123/3@667284lr.
[2026-10-08 00:42:08] (0s) Inferred that DataFlowPrivate::CaptureFlow::SsaFlow::phiStepsToRef/4#5e4ffd79#cpe#123/3@f1d8a6b5 is empty, due to DataFlowPrivate::CaptureFlow::CaptureSsaInput::variableRead/4#8ccf78d9#cpe#123/3@667284lr.
[2026-10-08 00:42:08] (0s) Inferred that DataFlowPrivate::CaptureFlow::ssaReadAt/5#9f36545b_12340#join_rhs/5@65ba3fgc is empty, due to DataFlowPrivate::CaptureFlow::ssaReadAt/5#9f36545b/5@d7b7eaoe.
[2026-10-08 00:42:08] (0s) Inferred that DataFlowPrivate::CaptureFlow::CaptureSsa::TWriteDef#dom#65585cf0/3@5c82b612 is empty, due to DataFlowPrivate::CaptureFlow::CaptureSsaInput::variableWrite/4#556305d6#cpe#123/3@e0318fr0.
[2026-10-08 00:42:08] (0s) Inferred that project#DataFlowPrivate::CaptureFlow::CaptureSsaInput::variableWrite/4#556305d6#cpe#123/2@23c0b7js is empty, due to DataFlowPrivate::CaptureFlow::CaptureSsaInput::variableWrite/4#556305d6#cpe#123/3@e0318fr0.
[2026-10-08 00:42:08] (0s) Inferred that project#DataFlowPrivate::CaptureFlow::CaptureSsa::Liveness::varRef/4#2ada79e8/2@cd771cb0 is empty, due to DataFlowPrivate::CaptureFlow::CaptureSsa::Liveness::varRef/4#2ada79e8/4@758696c3.
[2026-10-08 00:42:08] (0s) Inferred that DataFlowPrivate::CaptureFlow::CaptureSsa::Liveness::varRef/4#2ada79e8_1302#join_rhs/4@bace69ol is empty, due to DataFlowPrivate::CaptureFlow::CaptureSsa::Liveness::varRef/4#2ada79e8/4@758696c3.
[2026-10-08 00:42:08] (0s) Inferred that project#DataFlowPrivate::CaptureFlow::CaptureSsa::Liveness::varRef/4#2ada79e8#2/2@eac43cgj is empty, due to DataFlowPrivate::CaptureFlow::CaptureSsa::Liveness::varRef/4#2ada79e8/4@758696c3.
[2026-10-08 00:42:08] (0s) Inferred that DataFlowPrivate::CaptureFlow::ssaWriteAt/4#a01ecf17_1230#join_rhs/4@17b91buf is empty, due to DataFlowPrivate::CaptureFlow::ssaWriteAt/4#a01ecf17/4@fe2ef1je.
[2026-10-08 00:42:08] (0s) Inferred that project#DataFlowPrivate::CaptureFlow::CaptureSsa::SsaDefReaches::ssaRef/4#cd96d7d4/2@517244um is empty, due to DataFlowPrivate::CaptureFlow::CaptureSsa::SsaDefReaches::ssaRef/4#cd96d7d4/4@652b5325.
[2026-10-08 00:42:08] (0s) Inferred that DataFlowPrivate::CaptureFlow::CaptureSsa::SsaDefReaches::ssaRef/4#cd96d7d4_1302#join_rhs/4@7270d1r5 is empty, due to DataFlowPrivate::CaptureFlow::CaptureSsa::SsaDefReaches::ssaRef/4#cd96d7d4/4@652b5325.
[2026-10-08 00:42:08] (0s) Inferred that DataFlowPrivate::CaptureFlow::CaptureSsa::AdjacentSsaRefs::ssaRef/4#16f8c78e/4@26f578l4 is empty, due to DataFlowPrivate::CaptureFlow::CaptureSsa::SsaDefReaches::ssaRef/4#cd96d7d4/4@652b5325.
[2026-10-08 00:42:08] (0s) Inferred that cached_DataFlowPrivate::CaptureFlow::Cached::TClosureNode#bf9839bf/1@ae5607ei is empty, due to DataFlowPrivate::CaptureFlow::Cached::TClosureNode#bf9839bf/1@7b26718d.
[2026-10-08 00:42:08] (0s) Inferred that #DataFlowPrivate::CaptureFlow::callableGetEnclosingCallable/1#e1b35514Plus#sourceBound#3/1@6f56bf4t is empty, due to #DataFlowPrivate::CaptureFlow::callableGetEnclosingCallable/1#e1b35514Plus#sourceBound#2#3/1@d9691ebt.
[2026-10-08 00:42:08] (0s) Inferred that __DataFlowPrivate::CaptureFlow::BasicBlock.getEnclosingCallable/0#dispred#2185b3a1_DataFlowPrivate::__#antijoin_rhs#2/5@b4a3a4i8 is empty, due to _DataFlowPrivate::CaptureFlow::BasicBlock.getEnclosingCallable/0#dispred#2185b3a1_DataFlowPrivate::C__#shared#2/7@ea5864kj.
[2026-10-08 00:42:08] (0s) Inferred that DataFlowPrivate::CaptureFlow::synthRead/6#5e157eb3#bfffff_3012#join_rhs/4@ebc026ov is empty, due to DataFlowPrivate::CaptureFlow::synthRead/6#5e157eb3#bfffff/6@b70f92mg.
[2026-10-08 00:42:08] (0s) Inferred that DataFlowPrivate::CaptureFlow::heuristicAllowInstanceParameterReturnInSelf/1#e7635901/1@58fe26dq is empty, due to DataFlowPrivate::CaptureFlow::captureAccess/2#1d66f434_10#count_range/2@4d2632m6.
[2026-10-08 00:42:08] (0s) Inferred that project#DataFlowPrivate::CaptureFlow::captureRead/5#57fcd16c/2@ebdc18tj is empty, due to DataFlowPrivate::CaptureFlow::captureRead/5#57fcd16c/5@90a1323n.
[2026-10-08 00:42:08] (0s) Inferred that DataFlowPrivate::CaptureFlow::captureRead/5#57fcd16c_12304#join_rhs/5@5d7d83lv is empty, due to DataFlowPrivate::CaptureFlow::captureRead/5#57fcd16c/5@90a1323n.
[2026-10-08 00:42:08] (0s) Inferred that project#DataFlowPrivate::CaptureFlow::captureWrite/5#8b85aa0c/2@8279bfi5 is empty, due to DataFlowPrivate::CaptureFlow::captureWrite/5#8b85aa0c/5@46c08a9t.
[2026-10-08 00:42:08] (0s) Inferred that DataFlowPrivate::CaptureFlow::captureWrite/5#8b85aa0c_12304#join_rhs/5@a16d027n is empty, due to DataFlowPrivate::CaptureFlow::captureWrite/5#8b85aa0c/5@46c08a9t.
[2026-10-08 00:42:08] (0s) Inferred that #DataFlowPrivate::CaptureFlow::callableGetEnclosingCallable/1#e1b35514Plus#sourceBound#3/1@2fc9d1p2 is empty, due to #DataFlowPrivate::CaptureFlow::callableGetEnclosingCallable/1#e1b35514Plus#sourceBound#2#3/1@133d6abl.
[2026-10-08 00:42:08] (0s) Inferred that DataFlowPrivate::CaptureFlow::Cached::TSynthRead#120eb0aa/5@3779d00q is empty, due to DataFlowPrivate::CaptureFlow::Cached::TSynthRead#dom#4a14a35d/4@208fe9id.
[2026-10-08 00:42:08] (0s) Inferred that cached_DataFlowPrivate::CaptureFlow::Cached::TParamNode#7ba7a910/2@3c406fqk is empty, due to DataFlowPrivate::CaptureFlow::Cached::TParamNode#7ba7a910/2@50c52a4t.
[2026-10-08 00:42:08] (0s) Inferred that __DataFlowPrivate::CaptureFlow::BasicBlock.getEnclosingCallable/0#dispred#2185b3a1_DataFlowPrivate::__#antijoin_rhs/4@50bb06vf is empty, due to _DataFlowPrivate::CaptureFlow::BasicBlock.getEnclosingCallable/0#dispred#2185b3a1_DataFlowPrivate::C__#shared/6@5a88e96a.
[2026-10-08 00:42:08] (0s) Inferred that __DataFlowPrivate::CaptureFlow::BasicBlock.getEnclosingCallable/0#dispred#2185b3a1_DataFlowPrivate::__#antijoin_rhs#1/4@e95d56lq is empty, due to _DataFlowPrivate::CaptureFlow::BasicBlock.getEnclosingCallable/0#dispred#2185b3a1_DataFlowPrivate::C__#shared#1/6@f0303d1b.
[2026-10-08 00:42:08] (0s) Inferred that DataFlowPrivate::CaptureFlow::Cached::TThisParamNode#dom#0ac264eb/1@0eeb28jm is empty, due to DataFlowPrivate::CaptureFlow::captureAccess/2#1d66f434/2@60c8dwkm.
[2026-10-08 00:42:08] (0s) Inferred that __DataFlowPrivate::CaptureFlow::captureRead/5#57fcd16c_12#join_rhs__BasicBlock::Make<Location::Locat__#join_rhs/2@fc2e7841 is empty, due to _DataFlowPrivate::CaptureFlow::captureRead/5#57fcd16c_12#join_rhs__BasicBlock::Make<Location::Locati__#min_range/2@1b68b632.
[2026-10-08 00:42:08] (0s) Inferred that DataFlowPrivate::CaptureFlow::captureRead/5#57fcd16c/5@b691c6rb is empty, due to DataFlowPrivate::CaptureInput::VariableRead#d6e375c5/2@226bfe57.
[2026-10-08 00:42:08] (0s) Inferred that DataFlowPrivate::CaptureFlow::Cached::TVariableWriteSourceNode#a885997a/2@67cae598 is empty, due to DataFlowPrivate::CaptureFlow::Cached::TVariableWriteSourceNode#dom#e4c2cdd4/1@6d3278o3.
[2026-10-08 00:42:08] (0s) Inferred that DataFlowPrivate::CaptureFlow::captureWrite/5#8b85aa0c/5@337bf4v8 is empty, due to project#DataFlowPrivate::CaptureInput::VariableWrite#209e7419/2@f073608a.
[2026-10-08 00:42:08] (0s) Inferred that cached_DataFlowPrivate::CaptureFlow::localFlowStep/2#fe2fcd42/2@37df6di7 is empty, due to DataFlowPrivate::CaptureFlow::localFlowStep/2#fe2fcd42/2@5511cfjv.
[2026-10-08 00:42:08] (0s) Inferred that cached_DataFlowPrivate::CaptureFlow::Cached::TExprNode#f3c0926e/3@bf2dbbf2 is empty, due to DataFlowPrivate::CaptureFlow::Cached::TExprNode#f3c0926e/3@0759c7pi.
[2026-10-08 00:42:08] (0s) Inferred that DataFlowPrivate::CaptureFlow::Cached::TSynthThisQualifier#e98bb60d/4@934a31l1 is empty, due to DataFlowPrivate::CaptureFlow::Cached::TSynthThisQualifier#dom#0275e35e/3@0c5af6aj.
[2026-10-08 00:42:08] (0s) Inferred that DataFlowPrivate::CaptureFlow::CaptureSsa::inReadDominanceFrontier/2#b4691086/2@ee491wih is empty, due to project#DataFlowPrivate::CaptureFlow::CaptureSsaInput::variableRead/4#8ccf78d9#cpe#123/2@7f0a378m.
[2026-10-08 00:42:08] (0s) Inferred that DataFlowPrivate::CaptureFlow::CaptureSsa::synthPhiRead/2#d4420fa6/2@ee491xih is empty, due to project#DataFlowPrivate::CaptureFlow::CaptureSsaInput::variableRead/4#8ccf78d9#cpe#123/2@7f0a378m.
[2026-10-08 00:42:08] (0s) Inferred that project#DataFlowPrivate::CaptureFlow::CaptureSsa::ssaDefReachesRead/4#053ffeb9/3@e79b7fn7 is empty, due to DataFlowPrivate::CaptureFlow::CaptureSsa::ssaDefReachesRead/4#053ffeb9/4@a337eai6.
[2026-10-08 00:42:08] (0s) Inferred that project#DataFlowPrivate::CaptureFlow::CaptureSsa::ssaDefReachesRead/4#053ffeb9#2/2@411373uo is empty, due to DataFlowPrivate::CaptureFlow::CaptureSsa::ssaDefReachesRead/4#053ffeb9/4@a337eai6.
[2026-10-08 00:42:08] (0s) Inferred that project#DataFlowPrivate::CaptureFlow::SsaFlow::phiStepsToRef/4#5e4ffd79#cpe#123/1@9a2f54vf is empty, due to DataFlowPrivate::CaptureFlow::SsaFlow::phiStepsToRef/4#5e4ffd79#cpe#123/3@f1d8a6b5.
[2026-10-08 00:42:08] (0s) Inferred that DataFlowPrivate::CaptureFlow::SsaFlow::phiStepsToRef/4#5e4ffd79#cpe#123_012_true_1#count_range/5@f3a786k9 is empty, due to DataFlowPrivate::CaptureFlow::SsaFlow::phiStepsToRef/4#5e4ffd79#cpe#123/3@f1d8a6b5.
[2026-10-08 00:42:08] (0s) Inferred that DataFlowPrivate::CaptureFlow::CaptureSsa::TWriteDef#1faf889b/4@2c736779 is empty, due to DataFlowPrivate::CaptureFlow::CaptureSsa::TWriteDef#dom#65585cf0/3@5c82b612.
[2026-10-08 00:42:08] (0s) Inferred that DataFlowPrivate::CaptureFlow::CaptureSsa::RankRefs<Liveness::varRef>::MkOrderedRefIndex#dom#47bec12d/2@36e56b5g is empty, due to project#DataFlowPrivate::CaptureFlow::CaptureSsa::Liveness::varRef/4#2ada79e8/2@cd771cb0.
[2026-10-08 00:42:08] (0s) Inferred that DataFlowPrivate::CaptureFlow::CaptureSsa::RankRefs<Liveness::varRef>::refOrd/5#469a8d3b/6@ea860442 is empty, due to DataFlowPrivate::CaptureFlow::CaptureSsa::Liveness::varRef/4#2ada79e8_1302#join_rhs/4@bace69ol.
[2026-10-08 00:42:08] (0s) Inferred that DataFlowPrivate::CaptureFlow::CaptureSsa::RankRefs<SsaDefReaches::ssaRef>::MkOrderedRefIndex#dom#b8a05d50/2@de107549 is empty, due to project#DataFlowPrivate::CaptureFlow::CaptureSsa::SsaDefReaches::ssaRef/4#cd96d7d4/2@517244um.
[2026-10-08 00:42:08] (0s) Inferred that DataFlowPrivate::CaptureFlow::CaptureSsa::RankRefs<SsaDefReaches::ssaRef>::refOrd/5#94ea9ded/6@f324ebin is empty, due to DataFlowPrivate::CaptureFlow::CaptureSsa::SsaDefReaches::ssaRef/4#cd96d7d4_1302#join_rhs/4@7270d1r5.
[2026-10-08 00:42:08] (0s) Inferred that project#DataFlowPrivate::CaptureFlow::CaptureSsa::AdjacentSsaRefs::ssaRef/4#16f8c78e/2@fe15623g is empty, due to DataFlowPrivate::CaptureFlow::CaptureSsa::AdjacentSsaRefs::ssaRef/4#16f8c78e/4@26f578l4.
[2026-10-08 00:42:08] (0s) Inferred that project#DataFlowPrivate::CaptureFlow::CaptureSsa::AdjacentSsaRefs::ssaRef/4#16f8c78e#2/2@a04f5ejh is empty, due to DataFlowPrivate::CaptureFlow::CaptureSsa::AdjacentSsaRefs::ssaRef/4#16f8c78e/4@26f578l4.
[2026-10-08 00:42:08] (0s) Inferred that DataFlowPrivate::CaptureFlow::CaptureSsa::AdjacentSsaRefs::ssaRef/4#16f8c78e_1302#join_rhs/4@22a3de0o is empty, due to DataFlowPrivate::CaptureFlow::CaptureSsa::AdjacentSsaRefs::ssaRef/4#16f8c78e/4@26f578l4.
[2026-10-08 00:42:08] (0s) Inferred that project#DataFlowPrivate::CaptureFlow::synthRead/6#5e157eb3#bfffff/3@fefe46m8 is empty, due to DataFlowPrivate::CaptureFlow::synthRead/6#5e157eb3#bfffff_3012#join_rhs/4@ebc026ov.
[2026-10-08 00:42:08] (0s) Inferred that cached_DataFlowPrivate::CaptureFlow::Cached::TSynthRead#120eb0aa/5@66f47eoe is empty, due to DataFlowPrivate::CaptureFlow::Cached::TSynthRead#120eb0aa/5@3779d00q.
[2026-10-08 00:42:08] (0s) Inferred that DataFlowPrivate::CaptureFlow::Cached::TThisParamNode#2318c6b0/2@55d482h3 is empty, due to DataFlowPrivate::CaptureFlow::Cached::TThisParamNode#dom#0ac264eb/1@0eeb28jm.
[2026-10-08 00:42:08] (0s) Inferred that num#DataFlowPrivate::CaptureFlow::TThis#58b8462f/2@79c2baro is empty, due to DataFlowPrivate::CaptureFlow::Cached::TThisParamNode#dom#0ac264eb/1@0eeb28jm.
[2026-10-08 00:42:08] (0s) Inferred that DataFlowPrivate::CaptureFlow::entryDef/3#d21a479d/3@e8d73c4m is empty, due to __DataFlowPrivate::CaptureFlow::captureRead/5#57fcd16c_12#join_rhs__BasicBlock::Make<Location::Locat__#join_rhs/2@fc2e7841.
[2026-10-08 00:42:08] (0s) Inferred that project#DataFlowPrivate::CaptureFlow::captureRead/5#57fcd16c/2@e5dd0fc5 is empty, due to DataFlowPrivate::CaptureFlow::captureRead/5#57fcd16c/5@b691c6rb.
[2026-10-08 00:42:08] (0s) Inferred that DataFlowPrivate::CaptureFlow::captureRead/5#57fcd16c_312#join_rhs/3@ca3f53vm is empty, due to DataFlowPrivate::CaptureFlow::captureRead/5#57fcd16c/5@b691c6rb.
[2026-10-08 00:42:08] (0s) Inferred that DataFlowPrivate::CaptureFlow::captureRead/5#57fcd16c_0312#join_rhs/4@23f675av is empty, due to DataFlowPrivate::CaptureFlow::captureRead/5#57fcd16c/5@b691c6rb.
[2026-10-08 00:42:08] (0s) Inferred that DataFlowPrivate::CaptureFlow::captureRead/5#57fcd16c_03124#join_rhs/5@84a5c5qt is empty, due to DataFlowPrivate::CaptureFlow::captureRead/5#57fcd16c/5@b691c6rb.
[2026-10-08 00:42:08] (0s) Inferred that DataFlowPrivate::CaptureFlow::captureRead/5#57fcd16c_12#join_rhs/2@261a5bq4 is empty, due to DataFlowPrivate::CaptureFlow::captureRead/5#57fcd16c/5@b691c6rb.
[2026-10-08 00:42:08] (0s) Inferred that cached_DataFlowPrivate::CaptureFlow::Cached::TVariableWriteSourceNode#a885997a/2@792a39t5 is empty, due to DataFlowPrivate::CaptureFlow::Cached::TVariableWriteSourceNode#a885997a/2@67cae598.
[2026-10-08 00:42:08] (0s) Inferred that project#DataFlowPrivate::CaptureFlow::captureWrite/5#8b85aa0c/2@9138a0im is empty, due to DataFlowPrivate::CaptureFlow::captureWrite/5#8b85aa0c/5@337bf4v8.
[2026-10-08 00:42:08] (0s) Inferred that DataFlowPrivate::CaptureFlow::captureWrite/5#8b85aa0c_312#join_rhs/3@511749qj is empty, due to DataFlowPrivate::CaptureFlow::captureWrite/5#8b85aa0c/5@337bf4v8.
[2026-10-08 00:42:08] (0s) Inferred that project#DataFlowPrivate::CaptureFlow::captureWrite/5#8b85aa0c#3/2@79db8e4p is empty, due to DataFlowPrivate::CaptureFlow::captureWrite/5#8b85aa0c/5@337bf4v8.
[2026-10-08 00:42:08] (0s) Inferred that DataFlowPrivate::CaptureFlow::captureWrite/5#8b85aa0c_3012#join_rhs/4@45392b80 is empty, due to DataFlowPrivate::CaptureFlow::captureWrite/5#8b85aa0c/5@337bf4v8.
[2026-10-08 00:42:08] (0s) Inferred that DataFlowPrivate::CaptureFlow::captureWrite/5#8b85aa0c_03124#join_rhs/5@d20fa54d is empty, due to DataFlowPrivate::CaptureFlow::captureWrite/5#8b85aa0c/5@337bf4v8.
[2026-10-08 00:42:08] (0s) Inferred that DataFlowPrivate::CaptureFlow::Cached::TExprNode#f3c0926e_12#join_rhs/2@141ab9q7 is empty, due to cached_DataFlowPrivate::CaptureFlow::Cached::TExprNode#f3c0926e/3@bf2dbbf2.
[2026-10-08 00:42:08] (0s) Inferred that cached_DataFlowPrivate::CaptureFlow::Cached::TSynthThisQualifier#e98bb60d/4@cdc8d82s is empty, due to DataFlowPrivate::CaptureFlow::Cached::TSynthThisQualifier#e98bb60d/4@934a31l1.
[2026-10-08 00:42:08] (0s) Inferred that DataFlowPrivate::CaptureFlow::CaptureSsa::TPhiReadNode#dom#d8b87e63/2@bc6990dp is empty, due to DataFlowPrivate::CaptureFlow::CaptureSsa::synthPhiRead/2#d4420fa6/2@ee491xih.
[2026-10-08 00:42:08] (0s) Inferred that DataFlowPrivate::CaptureFlow::SsaFlow::TExprNode#dom#01d2fc01/2@c1a12ba9 is empty, due to project#DataFlowPrivate::CaptureFlow::CaptureSsa::ssaDefReachesRead/4#053ffeb9/3@e79b7fn7.
[2026-10-08 00:42:08] (0s) Inferred that _DataFlowPrivate::CaptureFlow::SsaFlow::phiStepsToRef/4#5e4ffd79#cpe#123_012_true_1#count_range#shared/2@1c23a57n is empty, due to DataFlowPrivate::CaptureFlow::SsaFlow::phiStepsToRef/4#5e4ffd79#cpe#123_012_true_1#count_range/5@f3a786k9.
[2026-10-08 00:42:08] (0s) Inferred that DataFlowPrivate::CaptureFlow::SsaFlow::TWriteDefSource#dom#812da40a/1@4912b8o6 is empty, due to DataFlowPrivate::CaptureFlow::CaptureSsa::TWriteDef#1faf889b/4@2c736779.
[2026-10-08 00:42:08] (0s) Inferred that num#DataFlowPrivate::CaptureFlow::CaptureSsa::TPhiNode#b55afabe/3@b0299wei is empty, due to DataFlowPrivate::CaptureFlow::CaptureSsa::TWriteDef#1faf889b/4@2c736779.
[2026-10-08 00:42:08] (0s) Inferred that DataFlowPrivate::CaptureFlow::CaptureSsa::TPhiNode#b55afabe/3@b0299xei is empty, due to DataFlowPrivate::CaptureFlow::CaptureSsa::TWriteDef#1faf889b/4@2c736779.
[2026-10-08 00:42:08] (0s) Inferred that DataFlowPrivate::CaptureFlow::CaptureSsa::inDefDominanceFrontier/2#63f3724d/2@b0299yei is empty, due to DataFlowPrivate::CaptureFlow::CaptureSsa::TWriteDef#1faf889b/4@2c736779.
[2026-10-08 00:42:08] (0s) Inferred that DataFlowPrivate::CaptureFlow::CaptureSsa::TPhiNode#dom#0fcd58a5/2@b0299zei is empty, due to DataFlowPrivate::CaptureFlow::CaptureSsa::TWriteDef#1faf889b/4@2c736779.
[2026-10-08 00:42:08] (0s) Inferred that DataFlowPrivate::CaptureFlow::CaptureSsa::Definition.definesAt/3#dispred#23b5ee94/4@b02990wi is empty, due to DataFlowPrivate::CaptureFlow::CaptureSsa::TWriteDef#1faf889b/4@2c736779.
[2026-10-08 00:42:08] (0s) Inferred that DataFlowPrivate::CaptureFlow::SsaFlow::SsaPhiExt#fefc99c1/1@39b131jl is empty, due to DataFlowPrivate::CaptureFlow::CaptureSsa::TWriteDef#1faf889b/4@2c736779.
[2026-10-08 00:42:08] (0s) Inferred that DataFlowPrivate::CaptureFlow::CaptureSsa::TDefinitionExt#e19a7611/1@a91773r6 is empty, due to DataFlowPrivate::CaptureFlow::CaptureSsa::TWriteDef#1faf889b/4@2c736779.
[2026-10-08 00:42:08] (0s) Inferred that DataFlowPrivate::CaptureFlow::SsaFlow::TSsaDefinitionNode#dom#95549da6/1@f2545140 is empty, due to DataFlowPrivate::CaptureFlow::CaptureSsa::TWriteDef#1faf889b/4@2c736779.
[2026-10-08 00:42:08] (0s) Inferred that DataFlowPrivate::CaptureFlow::SsaFlow::NodeImpl#b5f9faa6/1@f7efber3 is empty, due to DataFlowPrivate::CaptureFlow::CaptureSsa::TWriteDef#1faf889b/4@2c736779.
[2026-10-08 00:42:08] (0s) Inferred that DataFlowPrivate::CaptureFlow::SsaFlow::TNode#e96baa20/1@826e6fnv is empty, due to DataFlowPrivate::CaptureFlow::CaptureSsa::TWriteDef#1faf889b/4@2c736779.
[2026-10-08 00:42:08] (0s) Inferred that cached_DataFlowPrivate::CaptureFlow::CaptureSsa::TWriteDef#1faf889b/4@abf1233c is empty, due to DataFlowPrivate::CaptureFlow::CaptureSsa::TWriteDef#1faf889b/4@2c736779.
[2026-10-08 00:42:08] (0s) Inferred that num#DataFlowPrivate::CaptureFlow::CaptureSsa::RankRefs<Liveness::varRef>::MkOrderedRefIndex#f8110669/3@5ed49beh is empty, due to DataFlowPrivate::CaptureFlow::CaptureSsa::RankRefs<Liveness::varRef>::MkOrderedRefIndex#dom#47bec12d/2@36e56b5g.
[2026-10-08 00:42:08] (0s) Inferred that DataFlowPrivate::CaptureFlow::CaptureSsa::RankRefs<Liveness::varRef>::refOrd/5#469a8d3b_02145#rank_range/5@2197ccrk is empty, due to DataFlowPrivate::CaptureFlow::CaptureSsa::RankRefs<Liveness::varRef>::refOrd/5#469a8d3b/6@ea860442.
[2026-10-08 00:42:08] (0s) Inferred that DataFlowPrivate::CaptureFlow::CaptureSsa::RankRefs<Liveness::varRef>::refOrd/5#469a8d3b_02145514#rank_term/8@fe3e4bat is empty, due to DataFlowPrivate::CaptureFlow::CaptureSsa::RankRefs<Liveness::varRef>::refOrd/5#469a8d3b/6@ea860442.
[2026-10-08 00:42:08] (0s) Inferred that num#DataFlowPrivate::CaptureFlow::CaptureSsa::RankRefs<SsaDefReaches::ssaRef>::MkOrderedRefIndex#922fedf9/3@4782b88j is empty, due to DataFlowPrivate::CaptureFlow::CaptureSsa::RankRefs<SsaDefReaches::ssaRef>::MkOrderedRefIndex#dom#b8a05d50/2@de107549.
[2026-10-08 00:42:08] (0s) Inferred that DataFlowPrivate::CaptureFlow::CaptureSsa::RankRefs<SsaDefReaches::ssaRef>::refOrd/5#94ea9ded_02145#rank_range/5@84bf496p is empty, due to DataFlowPrivate::CaptureFlow::CaptureSsa::RankRefs<SsaDefReaches::ssaRef>::refOrd/5#94ea9ded/6@f324ebin.
[2026-10-08 00:42:08] (0s) Inferred that DataFlowPrivate::CaptureFlow::CaptureSsa::RankRefs<SsaDefReaches::ssaRef>::refOrd/5#94ea9ded_02145514#rank_term/8@8a1cb43g is empty, due to DataFlowPrivate::CaptureFlow::CaptureSsa::RankRefs<SsaDefReaches::ssaRef>::refOrd/5#94ea9ded/6@f324ebin.
[2026-10-08 00:42:08] (0s) Inferred that DataFlowPrivate::CaptureFlow::CaptureSsa::RankRefs<AdjacentSsaRefs::ssaRef>::MkOrderedRefIndex#dom#62ddd85e/2@d7487eod is empty, due to project#DataFlowPrivate::CaptureFlow::CaptureSsa::AdjacentSsaRefs::ssaRef/4#16f8c78e#2/2@a04f5ejh.
[2026-10-08 00:42:08] (0s) Inferred that DataFlowPrivate::CaptureFlow::CaptureSsa::RankRefs<AdjacentSsaRefs::ssaRef>::refOrd/5#ca652514/6@0fdc1cv0 is empty, due to DataFlowPrivate::CaptureFlow::CaptureSsa::AdjacentSsaRefs::ssaRef/4#16f8c78e_1302#join_rhs/4@22a3de0o.
[2026-10-08 00:42:08] (0s) Inferred that project#DataFlowPrivate::CaptureFlow::synthRead/6#5e157eb3#bfffff_120#join_rhs/3@8edae7hb is empty, due to project#DataFlowPrivate::CaptureFlow::synthRead/6#5e157eb3#bfffff/3@fefe46m8.
[2026-10-08 00:42:08] (0s) Inferred that DataFlowPrivate::CaptureFlow::Cached::TSynthRead#120eb0aa_30124#join_rhs/5@c61668oo is empty, due to cached_DataFlowPrivate::CaptureFlow::Cached::TSynthRead#120eb0aa/5@66f47eoe.
[2026-10-08 00:42:08] (0s) Inferred that DataFlowPrivate::CaptureFlow::Cached::TSynthRead#120eb0aa_03124#join_rhs/5@3ad4caij is empty, due to cached_DataFlowPrivate::CaptureFlow::Cached::TSynthRead#120eb0aa/5@66f47eoe.
[2026-10-08 00:42:08] (0s) Inferred that cached_DataFlowPrivate::CaptureFlow::Cached::TThisParamNode#2318c6b0/2@38440918 is empty, due to DataFlowPrivate::CaptureFlow::Cached::TThisParamNode#2318c6b0/2@55d482h3.
[2026-10-08 00:42:08] (0s) Inferred that _DataFlowPrivate::CaptureFlow::BasicBlock.getEnclosingCallable/0#dispred#2185b3a1_10#join_rhs_num#Da__#shared/2@562ea498 is empty, due to num#DataFlowPrivate::CaptureFlow::TThis#58b8462f/2@79c2baro.
[2026-10-08 00:42:08] (0s) Inferred that project#DataFlowPrivate::CaptureFlow::captureWrite/5#8b85aa0c#2/2@b81606ae is empty, due to DataFlowPrivate::CaptureFlow::captureWrite/5#8b85aa0c_312#join_rhs/3@511749qj.
[2026-10-08 00:42:08] (0s) Inferred that project#DataFlowPrivate::CaptureFlow::captureWrite/5#8b85aa0c#4/3@039865gc is empty, due to DataFlowPrivate::CaptureFlow::captureWrite/5#8b85aa0c_3012#join_rhs/4@45392b80.
[2026-10-08 00:42:08] (0s) Inferred that DataFlowPrivate::CaptureFlow::Cached::TSynthThisQualifier#e98bb60d_2013#join_rhs/4@2e033849 is empty, due to cached_DataFlowPrivate::CaptureFlow::Cached::TSynthThisQualifier#e98bb60d/4@cdc8d82s.
[2026-10-08 00:42:08] (0s) Inferred that DataFlowPrivate::CaptureFlow::CaptureSsa::TPhiReadNode#6f2647fa/3@cccedc4d is empty, due to DataFlowPrivate::CaptureFlow::CaptureSsa::TPhiReadNode#dom#d8b87e63/2@bc6990dp.
[2026-10-08 00:42:08] (0s) Inferred that DataFlowPrivate::CaptureFlow::SsaFlow::TExprNode#c0c1acbf/3@cc67af4q is empty, due to DataFlowPrivate::CaptureFlow::SsaFlow::TExprNode#dom#01d2fc01/2@c1a12ba9.
[2026-10-08 00:42:08] (0s) Inferred that DataFlowPrivate::CaptureFlow::SsaFlow::TWriteDefSource#00a79759/2@1f9ab1ir is empty, due to DataFlowPrivate::CaptureFlow::SsaFlow::TWriteDefSource#dom#812da40a/1@4912b8o6.
[2026-10-08 00:42:08] (0s) Inferred that DataFlowPrivate::CaptureFlow::CaptureSsa::TPhiNode#b55afabe_2#join_rhs/1@7f351dcv is empty, due to DataFlowPrivate::CaptureFlow::CaptureSsa::TPhiNode#b55afabe/3@b0299xei.
[2026-10-08 00:42:08] (0s) Inferred that cached_DataFlowPrivate::CaptureFlow::CaptureSsa::TPhiNode#b55afabe/3@232538qj is empty, due to DataFlowPrivate::CaptureFlow::CaptureSsa::TPhiNode#b55afabe/3@b0299xei.
[2026-10-08 00:42:08] (0s) Inferred that DataFlowPrivate::CaptureFlow::CaptureSsa::Definition.definesAt/3#dispred#23b5ee94_12#antijoin_rhs/2@860602m2 is empty, due to DataFlowPrivate::CaptureFlow::CaptureSsa::Definition.definesAt/3#dispred#23b5ee94/4@b02990wi.
[2026-10-08 00:42:08] (0s) Inferred that DataFlowPrivate::CaptureFlow::CaptureSsa::SsaDefReaches::ssaDefReachesRank/4#fc03edf9/4@290bawsh is empty, due to DataFlowPrivate::CaptureFlow::CaptureSsa::Definition.definesAt/3#dispred#23b5ee94/4@b02990wi.
[2026-10-08 00:42:08] (0s) Inferred that DataFlowPrivate::CaptureFlow::CaptureSsa::Definition.definesAt/3#dispred#23b5ee94_120#join_rhs/3@284e9454 is empty, due to DataFlowPrivate::CaptureFlow::CaptureSsa::Definition.definesAt/3#dispred#23b5ee94/4@b02990wi.
[2026-10-08 00:42:08] (0s) Inferred that DataFlowPrivate::CaptureFlow::CaptureSsa::DefinitionExt.definesAt/3#dispred#745bef75/4@32e69dru is empty, due to DataFlowPrivate::CaptureFlow::CaptureSsa::Definition.definesAt/3#dispred#23b5ee94/4@b02990wi.
[2026-10-08 00:42:08] (0s) Inferred that DataFlowPrivate::CaptureFlow::SsaFlow::flowFromRefToNode/4#8a1cc911/4@a8b98xu0 is empty, due to DataFlowPrivate::CaptureFlow::CaptureSsa::Definition.definesAt/3#dispred#23b5ee94/4@b02990wi.
[2026-10-08 00:42:08] (0s) Inferred that DataFlowPrivate::CaptureFlow::SsaFlow::flowOutOf/5#fee575cc/5@29e805mk is empty, due to DataFlowPrivate::CaptureFlow::CaptureSsa::Definition.definesAt/3#dispred#23b5ee94/4@b02990wi.
[2026-10-08 00:42:08] (0s) Inferred that DataFlowPrivate::CaptureFlow::SsaFlow::getAPhiInputDef/2#e6a64c1a/3@91e200ar is empty, due to DataFlowPrivate::CaptureFlow::CaptureSsa::DefinitionExt.definesAt/3#dispred#745bef75/4@32e69dru.
[2026-10-08 00:42:08] (0s) Inferred that _DataFlowPrivate::CaptureFlow::CaptureSsa::DefinitionExt.definesAt/3#dispred#745bef75_DataFlowPrivat__#shared/4@c72246vl is empty, due to DataFlowPrivate::CaptureFlow::CaptureSsa::DefinitionExt.definesAt/3#dispred#745bef75/4@32e69dru.
[2026-10-08 00:42:08] (0s) Inferred that _DataFlowPrivate::CaptureFlow::SsaFlow::SsaPhiExt#fefc99c1_project#DataFlowPrivate::CaptureFlow::Ssa__#shared/1@d63cbf5s is empty, due to DataFlowPrivate::CaptureFlow::SsaFlow::SsaPhiExt#fefc99c1/1@39b131jl.
[2026-10-08 00:42:08] (0s) Inferred that DataFlowPrivate::CaptureFlow::SsaFlow::phiHasUniqNextNode/1#17215129/1@318d10e3 is empty, due to DataFlowPrivate::CaptureFlow::SsaFlow::SsaPhiExt#fefc99c1/1@39b131jl.
[2026-10-08 00:42:08] (0s) Inferred that cached_DataFlowPrivate::CaptureFlow::CaptureSsa::TDefinitionExt#e19a7611/1@e0c2bad6 is empty, due to DataFlowPrivate::CaptureFlow::CaptureSsa::TDefinitionExt#e19a7611/1@a91773r6.
[2026-10-08 00:42:08] (0s) Inferred that DataFlowPrivate::CaptureFlow::SsaFlow::TSsaDefinitionNode#794a011b/2@cdb913dg is empty, due to DataFlowPrivate::CaptureFlow::SsaFlow::TSsaDefinitionNode#dom#95549da6/1@f2545140.
[2026-10-08 00:42:08] (0s) Inferred that DataFlowPrivate::CaptureFlow::SsaFlow::localFlowStep/4#f54c7439/4@4f7b32pv is empty, due to DataFlowPrivate::CaptureFlow::SsaFlow::NodeImpl#b5f9faa6/1@f7efber3.
[2026-10-08 00:42:08] (0s) Inferred that cached_DataFlowPrivate::CaptureFlow::SsaFlow::TNode#e96baa20/1@6a7d768u is empty, due to DataFlowPrivate::CaptureFlow::SsaFlow::TNode#e96baa20/1@826e6fnv.
[2026-10-08 00:42:08] (0s) Inferred that num#DataFlowPrivate::CaptureFlow::CaptureSsa::RankRefs<Liveness::varRef>::MkOrderedRefIndex#f8110669_102#join_rhs/3@28499ept is empty, due to num#DataFlowPrivate::CaptureFlow::CaptureSsa::RankRefs<Liveness::varRef>::MkOrderedRefIndex#f8110669/3@5ed49beh.
[2026-10-08 00:42:08] (0s) Inferred that _DataFlowPrivate::CaptureFlow::CaptureSsa::RankRefs<Liveness::varRef>::refOrd/5#469a8d3b_02145#rank___#join_rhs/4@5326883s is empty, due to DataFlowPrivate::CaptureFlow::CaptureSsa::RankRefs<Liveness::varRef>::refOrd/5#469a8d3b_02145#rank_range/5@2197ccrk.
[2026-10-08 00:42:08] (0s) Inferred that num#DataFlowPrivate::CaptureFlow::CaptureSsa::RankRefs<SsaDefReaches::ssaRef>::MkOrderedRefIndex#922fedf9_102#join_rhs/3@42bcd56m is empty, due to num#DataFlowPrivate::CaptureFlow::CaptureSsa::RankRefs<SsaDefReaches::ssaRef>::MkOrderedRefIndex#922fedf9/3@4782b88j.
[2026-10-08 00:42:08] (0s) Inferred that _DataFlowPrivate::CaptureFlow::CaptureSsa::RankRefs<SsaDefReaches::ssaRef>::refOrd/5#94ea9ded_02145#__#join_rhs/4@5c3ef081 is empty, due to DataFlowPrivate::CaptureFlow::CaptureSsa::RankRefs<SsaDefReaches::ssaRef>::refOrd/5#94ea9ded_02145#rank_range/5@84bf496p.
[2026-10-08 00:42:08] (0s) Inferred that num#DataFlowPrivate::CaptureFlow::CaptureSsa::RankRefs<AdjacentSsaRefs::ssaRef>::MkOrderedRefIndex#9f7bd6a9/3@9b766c3f is empty, due to DataFlowPrivate::CaptureFlow::CaptureSsa::RankRefs<AdjacentSsaRefs::ssaRef>::MkOrderedRefIndex#dom#62ddd85e/2@d7487eod.
[2026-10-08 00:42:08] (0s) Inferred that DataFlowPrivate::CaptureFlow::CaptureSsa::RankRefs<AdjacentSsaRefs::ssaRef>::refOrd/5#ca652514_02145#rank_range/5@faff66o2 is empty, due to DataFlowPrivate::CaptureFlow::CaptureSsa::RankRefs<AdjacentSsaRefs::ssaRef>::refOrd/5#ca652514/6@0fdc1cv0.
[2026-10-08 00:42:08] (0s) Inferred that DataFlowPrivate::CaptureFlow::CaptureSsa::RankRefs<AdjacentSsaRefs::ssaRef>::refOrd/5#ca652514_02145514#rank_term/8@176e6fn0 is empty, due to DataFlowPrivate::CaptureFlow::CaptureSsa::RankRefs<AdjacentSsaRefs::ssaRef>::refOrd/5#ca652514/6@0fdc1cv0.
[2026-10-08 00:42:08] (0s) Inferred that _DataFlowPrivate::CaptureFlow::Cached::TSynthThisQualifier#e98bb60d_2013#join_rhs_const_true#shared/4@0bf810ke is empty, due to DataFlowPrivate::CaptureFlow::Cached::TSynthThisQualifier#e98bb60d_2013#join_rhs/4@2e033849.
[2026-10-08 00:42:08] (0s) Inferred that cached_DataFlowPrivate::CaptureFlow::CaptureSsa::TPhiReadNode#6f2647fa/3@daafbb0c is empty, due to DataFlowPrivate::CaptureFlow::CaptureSsa::TPhiReadNode#6f2647fa/3@cccedc4d.
[2026-10-08 00:42:08] (0s) Inferred that DataFlowPrivate::CaptureFlow::SsaFlow::ExprNodePreOrPostImpl#9769e341/3@4fb9b4tf is empty, due to DataFlowPrivate::CaptureFlow::SsaFlow::TExprNode#c0c1acbf/3@cc67af4q.
[2026-10-08 00:42:08] (0s) Inferred that DataFlowPrivate::CaptureFlow::SsaFlow::TExprNode#c0c1acbf_102#join_rhs/3@84ac0bpk is empty, due to DataFlowPrivate::CaptureFlow::SsaFlow::TExprNode#c0c1acbf/3@cc67af4q.
[2026-10-08 00:42:08] (0s) Inferred that DataFlowPrivate::CaptureFlow::SsaFlow::TExprNode#c0c1acbf_12#join_rhs/2@b0ba6fak is empty, due to DataFlowPrivate::CaptureFlow::SsaFlow::TExprNode#c0c1acbf/3@cc67af4q.
[2026-10-08 00:42:08] (0s) Inferred that DataFlowPrivate::CaptureFlow::SsaFlow::TExprNode#c0c1acbf_21#join_rhs/2@18425csa is empty, due to DataFlowPrivate::CaptureFlow::SsaFlow::TExprNode#c0c1acbf/3@cc67af4q.
[2026-10-08 00:42:08] (0s) Inferred that cached_DataFlowPrivate::CaptureFlow::SsaFlow::TExprNode#c0c1acbf/3@f3a96550 is empty, due to DataFlowPrivate::CaptureFlow::SsaFlow::TExprNode#c0c1acbf/3@cc67af4q.
[2026-10-08 00:42:08] (0s) Inferred that DataFlowPrivate::CaptureFlow::SsaFlow::TWriteDefSource#00a79759_10#join_rhs/2@72d1f5sr is empty, due to DataFlowPrivate::CaptureFlow::SsaFlow::TWriteDefSource#00a79759/2@1f9ab1ir.
[2026-10-08 00:42:08] (0s) Inferred that cached_DataFlowPrivate::CaptureFlow::SsaFlow::TWriteDefSource#00a79759/2@c78f39n9 is empty, due to DataFlowPrivate::CaptureFlow::SsaFlow::TWriteDefSource#00a79759/2@1f9ab1ir.
[2026-10-08 00:42:08] (0s) Inferred that DataFlowPrivate::CaptureFlow::CaptureSsa::SsaDefReaches::ssaDefReachesRank/4#fc03edf9_0231#join_rhs/4@c84606gv is empty, due to DataFlowPrivate::CaptureFlow::CaptureSsa::SsaDefReaches::ssaDefReachesRank/4#fc03edf9/4@290bawsh.
[2026-10-08 00:42:08] (0s) Inferred that DataFlowPrivate::CaptureFlow::CaptureSsa::DefinitionExt.definesAt/3#dispred#745bef75_120#join_rhs/3@7f280f3l is empty, due to DataFlowPrivate::CaptureFlow::CaptureSsa::DefinitionExt.definesAt/3#dispred#745bef75/4@32e69dru.
[2026-10-08 00:42:08] (0s) Inferred that DataFlowPrivate::CaptureFlow::CaptureSsa::DefinitionExt.definesAt/3#dispred#745bef75_3012#join_rhs/4@70a059m7 is empty, due to DataFlowPrivate::CaptureFlow::CaptureSsa::DefinitionExt.definesAt/3#dispred#745bef75/4@32e69dru.
[2026-10-08 00:42:08] (0s) Inferred that DataFlowPrivate::CaptureFlow::CaptureSsa::DefinitionExt.definesAt/3#dispred#745bef75_1230#join_rhs/4@ae490b7l is empty, due to DataFlowPrivate::CaptureFlow::CaptureSsa::DefinitionExt.definesAt/3#dispred#745bef75/4@32e69dru.
[2026-10-08 00:42:08] (0s) Inferred that DataFlowPrivate::CaptureFlow::SsaFlow::flowIntoPhi/4#ff1a6f3b/4@a8b98wu0 is empty, due to DataFlowPrivate::CaptureFlow::CaptureSsa::DefinitionExt.definesAt/3#dispred#745bef75/4@32e69dru.
[2026-10-08 00:42:08] (0s) Inferred that cached_DataFlowPrivate::CaptureFlow::SsaFlow::getAPhiInputDef/2#e6a64c1a/3@3aea49j8 is empty, due to DataFlowPrivate::CaptureFlow::SsaFlow::getAPhiInputDef/2#e6a64c1a/3@91e200ar.
[2026-10-08 00:42:08] (0s) Inferred that DataFlowPrivate::CaptureFlow::SsaFlow::phiStepsToPhiInput/4#6b59a8d7#cpe#123/3@68ab58bc is empty, due to _DataFlowPrivate::CaptureFlow::CaptureSsa::DefinitionExt.definesAt/3#dispred#745bef75_DataFlowPrivat__#shared/4@c72246vl.
[2026-10-08 00:42:08] (0s) Inferred that DataFlowPrivate::CaptureFlow::Cached::TSynthSsa#dom#759dc8f0/1@eb89ddkn is empty, due to DataFlowPrivate::CaptureFlow::SsaFlow::TSsaDefinitionNode#794a011b/2@cdb913dg.
[2026-10-08 00:42:08] (0s) Inferred that cached_DataFlowPrivate::CaptureFlow::SsaFlow::TSsaDefinitionNode#794a011b/2@d8aecb6s is empty, due to DataFlowPrivate::CaptureFlow::SsaFlow::TSsaDefinitionNode#794a011b/2@cdb913dg.
[2026-10-08 00:42:08] (0s) Inferred that DataFlowPrivate::CaptureFlow::CaptureSsa::RankRefs<Liveness::varRef>::refRank/4#fefe72dc/5@1be1017n is empty, due to _DataFlowPrivate::CaptureFlow::CaptureSsa::RankRefs<Liveness::varRef>::refOrd/5#469a8d3b_02145#rank___#join_rhs/4@5326883s.
[2026-10-08 00:42:08] (0s) Inferred that DataFlowPrivate::CaptureFlow::CaptureSsa::RankRefs<SsaDefReaches::ssaRef>::refRank/4#f99592d1/5@109094jg is empty, due to _DataFlowPrivate::CaptureFlow::CaptureSsa::RankRefs<SsaDefReaches::ssaRef>::refOrd/5#94ea9ded_02145#__#join_rhs/4@5c3ef081.
[2026-10-08 00:42:08] (0s) Inferred that num#DataFlowPrivate::CaptureFlow::CaptureSsa::RankRefs<AdjacentSsaRefs::ssaRef>::MkOrderedRefIndex#9f7bd6a9_102#join_rhs/3@32511fjg is empty, due to num#DataFlowPrivate::CaptureFlow::CaptureSsa::RankRefs<AdjacentSsaRefs::ssaRef>::MkOrderedRefIndex#9f7bd6a9/3@9b766c3f.
[2026-10-08 00:42:08] (0s) Inferred that _DataFlowPrivate::CaptureFlow::CaptureSsa::RankRefs<AdjacentSsaRefs::ssaRef>::refOrd/5#ca652514_0214__#join_rhs/4@767c41eo is empty, due to DataFlowPrivate::CaptureFlow::CaptureSsa::RankRefs<AdjacentSsaRefs::ssaRef>::refOrd/5#ca652514_02145#rank_range/5@faff66o2.
[2026-10-08 00:42:08] (0s) Inferred that DataFlowPrivate::CaptureFlow::SsaFlow::ReadNodeImpl.readsAt/3#51e03c8a/4@5767c925 is empty, due to DataFlowPrivate::CaptureFlow::SsaFlow::TExprNode#c0c1acbf_12#join_rhs/2@b0ba6fak.
[2026-10-08 00:42:08] (0s) Inferred that DataFlowPrivate::CaptureFlow::SsaFlow::ExprPostUpdateNodeImpl.getPreUpdateNode/0#dispred#e7be0f50/2@df597fvf is empty, due to DataFlowPrivate::CaptureFlow::SsaFlow::TExprNode#c0c1acbf_102#join_rhs/3@84ac0bpk.
[2026-10-08 00:42:08] (0s) Inferred that DataFlowPrivate::CaptureFlow::CaptureSsa::ssaDefReachesEndOfBlock/3#ed2480df/3@19ff5w6d is empty, due to DataFlowPrivate::CaptureFlow::CaptureSsa::SsaDefReaches::ssaDefReachesRank/4#fc03edf9_0231#join_rhs/4@c84606gv.
[2026-10-08 00:42:08] (0s) Inferred that DataFlowPrivate::CaptureFlow::CaptureSsa::SsaDefReaches::ssaDefReachesReadWithinBlock/4#7e9c4106/4@7bc8echo is empty, due to DataFlowPrivate::CaptureFlow::CaptureSsa::SsaDefReaches::ssaDefReachesRank/4#fc03edf9_0231#join_rhs/4@c84606gv.
[2026-10-08 00:42:08] (0s) Inferred that DataFlowPrivate::CaptureFlow::CaptureSsa::SsaDefReaches::ssaDefReachesRead/4#195de32c/4@7e655a4m is empty, due to DataFlowPrivate::CaptureFlow::CaptureSsa::SsaDefReaches::ssaDefReachesRank/4#fc03edf9_0231#join_rhs/4@c84606gv.
[2026-10-08 00:42:08] (0s) Inferred that project#DataFlowPrivate::CaptureFlow::SsaFlow::phiStepsToPhiInput/4#6b59a8d7#cpe#123/1@1dd4berv is empty, due to DataFlowPrivate::CaptureFlow::SsaFlow::phiStepsToPhiInput/4#6b59a8d7#cpe#123/3@68ab58bc.
[2026-10-08 00:42:08] (0s) Inferred that project#DataFlowPrivate::CaptureFlow::SsaFlow::phiStepsToPhiInput/4#6b59a8d7#cpe#123#2/2@dacbf8sh is empty, due to DataFlowPrivate::CaptureFlow::SsaFlow::phiStepsToPhiInput/4#6b59a8d7#cpe#123/3@68ab58bc.
[2026-10-08 00:42:08] (0s) Inferred that DataFlowPrivate::CaptureFlow::Cached::TSynthSsa#3e7de865/2@9d9621ou is empty, due to DataFlowPrivate::CaptureFlow::Cached::TSynthSsa#dom#759dc8f0/1@eb89ddkn.
[2026-10-08 00:42:08] (0s) Inferred that project#DataFlowPrivate::CaptureFlow::CaptureSsa::RankRefs<Liveness::varRef>::refRank/4#fefe72dc/4@31351fq9 is empty, due to DataFlowPrivate::CaptureFlow::CaptureSsa::RankRefs<Liveness::varRef>::refRank/4#fefe72dc/5@1be1017n.
[2026-10-08 00:42:08] (0s) Inferred that project#DataFlowPrivate::CaptureFlow::CaptureSsa::RankRefs<Liveness::varRef>::refRank/4#fefe72dc#2/3@a7e456pq is empty, due to DataFlowPrivate::CaptureFlow::CaptureSsa::RankRefs<Liveness::varRef>::refRank/4#fefe72dc/5@1be1017n.
[2026-10-08 00:42:08] (0s) Inferred that DataFlowPrivate::CaptureFlow::CaptureSsa::RankRefs<Liveness::varRef>::refRank/4#fefe72dc_01243#join_rhs/5@521f37ed is empty, due to DataFlowPrivate::CaptureFlow::CaptureSsa::RankRefs<Liveness::varRef>::refRank/4#fefe72dc/5@1be1017n.
[2026-10-08 00:42:08] (0s) Inferred that project#DataFlowPrivate::CaptureFlow::CaptureSsa::RankRefs<SsaDefReaches::ssaRef>::refRank/4#f99592d1/3@16a26f5s is empty, due to DataFlowPrivate::CaptureFlow::CaptureSsa::RankRefs<SsaDefReaches::ssaRef>::refRank/4#f99592d1/5@109094jg.
[2026-10-08 00:42:08] (0s) Inferred that project#DataFlowPrivate::CaptureFlow::CaptureSsa::RankRefs<SsaDefReaches::ssaRef>::refRank/4#f99592d1#2/4@13ee59ot is empty, due to DataFlowPrivate::CaptureFlow::CaptureSsa::RankRefs<SsaDefReaches::ssaRef>::refRank/4#f99592d1/5@109094jg.
[2026-10-08 00:42:08] (0s) Inferred that DataFlowPrivate::CaptureFlow::CaptureSsa::RankRefs<AdjacentSsaRefs::ssaRef>::refRank/4#1b48aeae/5@9072569r is empty, due to _DataFlowPrivate::CaptureFlow::CaptureSsa::RankRefs<AdjacentSsaRefs::ssaRef>::refOrd/5#ca652514_0214__#join_rhs/4@767c41eo.
[2026-10-08 00:42:08] (0s) Inferred that DataFlowPrivate::CaptureFlow::SsaFlow::ExprPostUpdateNodeImpl.getPreUpdateNode/0#dispred#e7be0f50_10#join_rhs/2@b7a06fvb is empty, due to DataFlowPrivate::CaptureFlow::SsaFlow::ExprPostUpdateNodeImpl.getPreUpdateNode/0#dispred#e7be0f50/2@df597fvf.
[2026-10-08 00:42:08] (0s) Inferred that DataFlowPrivate::CaptureFlow::CaptureSsa::ssaDefReachesEndOfBlock/3#ed2480df_021#join_rhs/3@2e685fo2 is empty, due to DataFlowPrivate::CaptureFlow::CaptureSsa::ssaDefReachesEndOfBlock/3#ed2480df/3@19ff5w6d.
[2026-10-08 00:42:08] (0s) Inferred that project#DataFlowPrivate::CaptureFlow::CaptureSsa::SsaDefReaches::ssaDefReachesReadWithinBlock/4#7e9c4106/3@ba2cdajd is empty, due to DataFlowPrivate::CaptureFlow::CaptureSsa::SsaDefReaches::ssaDefReachesReadWithinBlock/4#7e9c4106/4@7bc8echo.
[2026-10-08 00:42:08] (0s) Inferred that DataFlowPrivate::CaptureFlow::CaptureSsa::SsaDefReaches::ssaDefReachesRead/4#195de32c_0231#join_rhs/4@ab2664pm is empty, due to DataFlowPrivate::CaptureFlow::CaptureSsa::SsaDefReaches::ssaDefReachesRead/4#195de32c/4@7e655a4m.
[2026-10-08 00:42:08] (0s) Inferred that _project#DataFlowPrivate::CaptureFlow::SsaFlow::phiStepsToPhiInput/4#6b59a8d7#cpe#123#2#join_rhs/2@569a77jc is empty, due to project#DataFlowPrivate::CaptureFlow::SsaFlow::phiStepsToPhiInput/4#6b59a8d7#cpe#123#2/2@dacbf8sh.
[2026-10-08 00:42:08] (0s) Inferred that cached_DataFlowPrivate::CaptureFlow::Cached::TSynthSsa#3e7de865/2@8f42fdt5 is empty, due to DataFlowPrivate::CaptureFlow::Cached::TSynthSsa#3e7de865/2@9d9621ou.
[2026-10-08 00:42:08] (0s) Inferred that _num#DataFlowPrivate::CaptureFlow::CaptureSsa::Write#02d01313_project#DataFlowPrivate::CaptureFlow::__#shared/5@f580b475 is empty, due to project#DataFlowPrivate::CaptureFlow::CaptureSsa::RankRefs<Liveness::varRef>::refRank/4#fefe72dc/4@31351fq9.
[2026-10-08 00:42:08] (0s) Inferred that _num#DataFlowPrivate::CaptureFlow::CaptureSsa::Read#9cc3dd5b_project#DataFlowPrivate::CaptureFlow::C__#shared/3@fed9f8do is empty, due to project#DataFlowPrivate::CaptureFlow::CaptureSsa::RankRefs<Liveness::varRef>::refRank/4#fefe72dc/4@31351fq9.
[2026-10-08 00:42:08] (0s) Inferred that project#DataFlowPrivate::CaptureFlow::CaptureSsa::RankRefs<Liveness::varRef>::refRank/4#fefe72dc_013#join_rhs/3@a56fdek7 is empty, due to project#DataFlowPrivate::CaptureFlow::CaptureSsa::RankRefs<Liveness::varRef>::refRank/4#fefe72dc/4@31351fq9.
[2026-10-08 00:42:08] (0s) Inferred that project#DataFlowPrivate::CaptureFlow::CaptureSsa::RankRefs<Liveness::varRef>::refRank/4#fefe72dc_0132#join_rhs/4@803d0130 is empty, due to project#DataFlowPrivate::CaptureFlow::CaptureSsa::RankRefs<Liveness::varRef>::refRank/4#fefe72dc/4@31351fq9.
[2026-10-08 00:42:08] (0s) Inferred that _project#DataFlowPrivate::CaptureFlow::CaptureSsa::RankRefs<Liveness::varRef>::refRank/4#fefe72dc#2#antijoin_rhs/3@2a5725fs is empty, due to project#DataFlowPrivate::CaptureFlow::CaptureSsa::RankRefs<Liveness::varRef>::refRank/4#fefe72dc#2/3@a7e456pq.
[2026-10-08 00:42:08] (0s) Inferred that DataFlowPrivate::CaptureFlow::CaptureSsa::RankRefs<Liveness::varRef>::maxRefRank/2#ed1e725c/3@28c03fur is empty, due to project#DataFlowPrivate::CaptureFlow::CaptureSsa::RankRefs<Liveness::varRef>::refRank/4#fefe72dc#2/3@a7e456pq.
[2026-10-08 00:42:08] (0s) Inferred that _project#DataFlowPrivate::CaptureFlow::CaptureSsa::RankRefs<SsaDefReaches::ssaRef>::refRank/4#f99592__#antijoin_rhs/3@adef0048 is empty, due to project#DataFlowPrivate::CaptureFlow::CaptureSsa::RankRefs<SsaDefReaches::ssaRef>::refRank/4#f99592d1/3@16a26f5s.
[2026-10-08 00:42:08] (0s) Inferred that DataFlowPrivate::CaptureFlow::CaptureSsa::RankRefs<SsaDefReaches::ssaRef>::maxRefRank/2#cf524b5d/3@1eca108n is empty, due to project#DataFlowPrivate::CaptureFlow::CaptureSsa::RankRefs<SsaDefReaches::ssaRef>::refRank/4#f99592d1/3@16a26f5s.
[2026-10-08 00:42:08] (0s) Inferred that project#DataFlowPrivate::CaptureFlow::CaptureSsa::RankRefs<SsaDefReaches::ssaRef>::refRank/4#f99592d1#2_0132#join_rhs/4@3b1a02t3 is empty, due to project#DataFlowPrivate::CaptureFlow::CaptureSsa::RankRefs<SsaDefReaches::ssaRef>::refRank/4#f99592d1#2/4@13ee59ot.
[2026-10-08 00:42:08] (0s) Inferred that project#DataFlowPrivate::CaptureFlow::CaptureSsa::RankRefs<AdjacentSsaRefs::ssaRef>::refRank/4#1b48aeae/3@350b7dom is empty, due to DataFlowPrivate::CaptureFlow::CaptureSsa::RankRefs<AdjacentSsaRefs::ssaRef>::refRank/4#1b48aeae/5@9072569r.
[2026-10-08 00:42:08] (0s) Inferred that DataFlowPrivate::CaptureFlow::CaptureSsa::RankRefs<AdjacentSsaRefs::ssaRef>::refRank/4#1b48aeae_0241#join_rhs/4@a3275cgc is empty, due to DataFlowPrivate::CaptureFlow::CaptureSsa::RankRefs<AdjacentSsaRefs::ssaRef>::refRank/4#1b48aeae/5@9072569r.
[2026-10-08 00:42:08] (0s) Inferred that DataFlowPrivate::CaptureFlow::CaptureSsa::RankRefs<AdjacentSsaRefs::ssaRef>::refRank/4#1b48aeae_1402#join_rhs/4@e58eb7c6 is empty, due to DataFlowPrivate::CaptureFlow::CaptureSsa::RankRefs<AdjacentSsaRefs::ssaRef>::refRank/4#1b48aeae/5@9072569r.
[2026-10-08 00:42:08] (0s) Inferred that DataFlowPrivate::CaptureFlow::CaptureSsa::RankRefs<AdjacentSsaRefs::ssaRef>::refRank/4#1b48aeae_34012#join_rhs/5@b94ab3jc is empty, due to DataFlowPrivate::CaptureFlow::CaptureSsa::RankRefs<AdjacentSsaRefs::ssaRef>::refRank/4#1b48aeae/5@9072569r.
[2026-10-08 00:42:08] (0s) Inferred that __num#DataFlowPrivate::CaptureFlow::CaptureSsa::Write#02d01313_project#DataFlowPrivate::CaptureFlow:__#min_range/4@e7a7cb94 is empty, due to _num#DataFlowPrivate::CaptureFlow::CaptureSsa::Write#02d01313_project#DataFlowPrivate::CaptureFlow::__#shared/5@f580b475.
[2026-10-08 00:42:08] (0s) Inferred that __num#DataFlowPrivate::CaptureFlow::CaptureSsa::Write#02d01313_project#DataFlowPrivate::CaptureFlow:__#min_term/5@864250lq is empty, due to _num#DataFlowPrivate::CaptureFlow::CaptureSsa::Write#02d01313_project#DataFlowPrivate::CaptureFlow::__#shared/5@f580b475.
[2026-10-08 00:42:08] (0s) Inferred that DataFlowPrivate::CaptureFlow::CaptureSsa::Liveness::liveAtEntry/2#775d7c10/2@f2ccdw6u is empty, due to _num#DataFlowPrivate::CaptureFlow::CaptureSsa::Read#9cc3dd5b_project#DataFlowPrivate::CaptureFlow::C__#shared/3@fed9f8do.
[2026-10-08 00:42:08] (0s) Inferred that DataFlowPrivate::CaptureFlow::CaptureSsa::Liveness::liveAtExit/2#eecda90a/2@f2ccdx6u is empty, due to _num#DataFlowPrivate::CaptureFlow::CaptureSsa::Read#9cc3dd5b_project#DataFlowPrivate::CaptureFlow::C__#shared/3@fed9f8do.
[2026-10-08 00:42:08] (0s) Inferred that DataFlowPrivate::CaptureFlow::CaptureSsa::Liveness::liveAtRank/3#4dc5e29d/3@94b71wf4 is empty, due to _num#DataFlowPrivate::CaptureFlow::CaptureSsa::Read#9cc3dd5b_project#DataFlowPrivate::CaptureFlow::C__#shared/3@fed9f8do.
[2026-10-08 00:42:08] (0s)  >>> First-level cache hit cached_Synth::Synth::TDiscardStmt#bdb000d3/2@1755b7an with empty relation.
[2026-10-08 00:42:08] (0s) Inferred that DiscardStmt::Generated::DiscardStmt.getImmediateSubExpr/0#dispred#511d46bb/2@c40aa2j5 is empty, due to cached_Synth::Synth::TDiscardStmt#bdb000d3/2@1755b7an.
[2026-10-08 00:42:08] (0s) Inferred that ControlFlowGraphImpl::Stmts::DiscardStmtTree#fa23d57b/2@3917cfre is empty, due to cached_Synth::Synth::TDiscardStmt#bdb000d3/2@1755b7an.
[2026-10-08 00:42:08] (0s) Inferred that DiscardStmt::Generated::DiscardStmt.getImmediateSubExpr/0#dispred#511d46bb/2@860680da is empty, due to cached_Synth::Synth::TDiscardStmt#bdb000d3/2@1755b7an.
[2026-10-08 00:42:08] (0s)  >>> First-level cache hit cached_Synth::Synth::TDoCatchStmt#e9143c54/2@d6a160p9 with empty relation.
[2026-10-08 00:42:08] (0s) Inferred that DoCatchStmt::Generated::DoCatchStmt.getCatch/1#dispred#33738fe8/3@86649a2l is empty, due to cached_Synth::Synth::TDoCatchStmt#e9143c54/2@d6a160p9.
[2026-10-08 00:42:08] (0s) Inferred that DoCatchStmt::Generated::DoCatchStmt.getNumberOfCatches/0#dispred#ad1645e1/2@259cf8ap is empty, due to cached_Synth::Synth::TDoCatchStmt#e9143c54/2@d6a160p9.
[2026-10-08 00:42:08] (0s) Inferred that DoCatchStmt::Generated::DoCatchStmt.getBody/0#dispred#a1134ec4/2@9dc2c17o is empty, due to cached_Synth::Synth::TDoCatchStmt#e9143c54/2@d6a160p9.
[2026-10-08 00:42:08] (0s) Inferred that ControlFlowGraphImpl::Stmts::DoCatchTree#6ba092bb/2@584353ik is empty, due to cached_Synth::Synth::TDoCatchStmt#e9143c54/2@d6a160p9.
[2026-10-08 00:42:08] (0s) Inferred that Synth::Synth::TDoCatchStmt#e9143c54_10#join_rhs/2@54c67fk6 is empty, due to cached_Synth::Synth::TDoCatchStmt#e9143c54/2@d6a160p9.
[2026-10-08 00:42:08] (0s) Inferred that DoCatchStmt::Generated::DoCatchStmt.getCatch/1#dispred#33738fe8_01#count_range/2@08f0ee2g is empty, due to DoCatchStmt::Generated::DoCatchStmt.getCatch/1#dispred#33738fe8/3@86649a2l.
[2026-10-08 00:42:08] (0s) Inferred that DoCatchStmt::Generated::DoCatchStmt.getCatch/1#dispred#33738fe8_0#antijoin_rhs/1@4fe262ov is empty, due to DoCatchStmt::Generated::DoCatchStmt.getCatch/1#dispred#33738fe8/3@86649a2l.
[2026-10-08 00:42:08] (0s) Inferred that DoCatchStmt::Generated::DoCatchStmt.getCatch/1#dispred#33738fe8_0_expr_#antijoin_rhs/2@2cff6306 is empty, due to DoCatchStmt::Generated::DoCatchStmt.getCatch/1#dispred#33738fe8/3@86649a2l.
[2026-10-08 00:42:08] (0s) Inferred that DoCatchStmt::DoCatchStmt.getLastCatch/0#dispred#f77b1a62/2@b00d1cra is empty, due to DoCatchStmt::Generated::DoCatchStmt.getCatch/1#dispred#33738fe8/3@86649a2l.
[2026-10-08 00:42:08] (0s) Inferred that _CaseStmt::Generated::CaseStmt.getBody/0#dispred#dd79662c_ControlFlowGraphImpl::Stmts::DoCatchTree#6__#join_rhs/2@7b2296qt is empty, due to ControlFlowGraphImpl::Stmts::DoCatchTree#6ba092bb/2@584353ik.
[2026-10-08 00:42:08] (0s) Inferred that ControlFlowGraphImpl::Stmts::DoCatchTree#6ba092bb_0#antijoin_rhs/1@976c57sb is empty, due to ControlFlowGraphImpl::Stmts::DoCatchTree#6ba092bb/2@584353ik.
[2026-10-08 00:42:08] (0s) Inferred that _ControlFlowGraphImpl::Stmts::DoCatchTree#6ba092bb_DoCatchStmt::DoCatchStmt.getLastCatch/0#dispred#f__#join_rhs/2@34d6f3cr is empty, due to ControlFlowGraphImpl::Stmts::DoCatchTree#6ba092bb/2@584353ik.
[2026-10-08 00:42:08] (0s) Inferred that _DoCatchStmt::Generated::DoCatchStmt.getCatch/1#dispred#33738fe8_01#count_range#join_rhs/2@eb9ddd06 is empty, due to DoCatchStmt::Generated::DoCatchStmt.getCatch/1#dispred#33738fe8_01#count_range/2@08f0ee2g.
[2026-10-08 00:42:08] (0s)  >>> First-level cache hit cached_Synth::Synth::TSwitchStmt#06d5b636/2@096a41v8 with empty relation.
[2026-10-08 00:42:08] (0s) Inferred that SwitchStmt::Generated::SwitchStmt.getCase/1#dispred#0522a946/3@40d2ff3m is empty, due to cached_Synth::Synth::TSwitchStmt#06d5b636/2@096a41v8.
[2026-10-08 00:42:08] (0s) Inferred that SwitchStmt::Generated::SwitchStmt.getCase/1#dispred#0522a946_01#count_range/2@36b3bb9q is empty, due to SwitchStmt::Generated::SwitchStmt.getCase/1#dispred#0522a946/3@40d2ff3m.
[2026-10-08 00:42:08] (0s) Inferred that SwitchStmt::Generated::SwitchStmt.getCase/1#dispred#0522a946_0#antijoin_rhs/1@b75985rv is empty, due to SwitchStmt::Generated::SwitchStmt.getCase/1#dispred#0522a946/3@40d2ff3m.
[2026-10-08 00:42:08] (0s) Inferred that _CaseStmt::Generated::CaseStmt.getBody/0#dispred#dd79662c_ControlFlowGraphImpl::Stmts::SwitchTree#87__#join_rhs/2@7b26f0e6 is empty, due to SwitchStmt::Generated::SwitchStmt.getCase/1#dispred#0522a946/3@40d2ff3m.
[2026-10-08 00:42:08] (0s) Inferred that _SwitchStmt::Generated::SwitchStmt.getCase/1#dispred#0522a946_01#count_range#join_rhs/2@ee07ab0k is empty, due to SwitchStmt::Generated::SwitchStmt.getCase/1#dispred#0522a946_01#count_range/2@36b3bb9q.
[2026-10-08 00:42:08] (0s) Inferred that SwitchStmt::Generated::SwitchStmt.getNumberOfCases/0#dispred#753a3685/2@54375d3n is empty, due to cached_Synth::Synth::TSwitchStmt#06d5b636/2@096a41v8.
[2026-10-08 00:42:08] (0s) Inferred that SwitchStmt::Generated::SwitchStmt.getImmediateExpr/0#dispred#e503079d/2@6897acdj is empty, due to cached_Synth::Synth::TSwitchStmt#06d5b636/2@096a41v8.
[2026-10-08 00:42:08] (0s) Inferred that ControlFlowGraphImpl::Stmts::SwitchTree#870f8e9b/2@667316p8 is empty, due to cached_Synth::Synth::TSwitchStmt#06d5b636/2@096a41v8.
[2026-10-08 00:42:08] (0s) Inferred that SwitchStmt::Generated::SwitchStmt.getExpr/0#dispred#269e2eb5/2@6d290bom is empty, due to cached_Synth::Synth::TSwitchStmt#06d5b636/2@096a41v8.
[2026-10-08 00:42:08] (0s) Inferred that SwitchStmt::Generated::SwitchStmt.getImmediateExpr/0#dispred#e503079d/2@306b889m is empty, due to cached_Synth::Synth::TSwitchStmt#06d5b636/2@096a41v8.
[2026-10-08 00:42:08] (0s) Inferred that SwitchStmt::Generated::SwitchStmt.getACase/0#dispred#8061f41c/2@83d9cbp4 is empty, due to cached_Synth::Synth::TSwitchStmt#06d5b636/2@096a41v8.
[2026-10-08 00:42:08] (0s) Inferred that SwitchStmt::Generated::SwitchStmt.getImmediateExpr/0#dispred#e503079d/2@3308efmp is empty, due to cached_Synth::Synth::TSwitchStmt#06d5b636/2@096a41v8.
[2026-10-08 00:42:08] (0s) Inferred that SwitchStmt::Generated::SwitchStmt.getImmediateExpr/0#dispred#e503079d/2@d75d12cl is empty, due to cached_Synth::Synth::TSwitchStmt#06d5b636/2@096a41v8.
[2026-10-08 00:42:08] (0s) Inferred that SwitchStmt::Generated::SwitchStmt.getImmediateExpr/0#dispred#e503079d/2@d856acjj is empty, due to cached_Synth::Synth::TSwitchStmt#06d5b636/2@096a41v8.
[2026-10-08 00:42:08] (0s) Inferred that _ControlFlowGraphImpl::Stmts::SwitchTree#870f8e9b_Expr::Expr.getFullyConverted/0#dispred#e3fb566d#bf__#join_rhs/2@b6a8466h is empty, due to ControlFlowGraphImpl::Stmts::SwitchTree#870f8e9b/2@667316p8.
[2026-10-08 00:42:08] (0s) Inferred that _Element::Generated::Element.resolve/0#6937ae00_SwitchStmt::Generated::SwitchStmt.getImmediateExpr/0__#join_rhs/2@f4d7ad0t is empty, due to SwitchStmt::Generated::SwitchStmt.getImmediateExpr/0#dispred#e503079d/2@306b889m.
[2026-10-08 00:42:08] (0s)  >>> Full cache hit cached_Synth::Synth::TReturnStmt#df2ab8bc/2@10df35nh with 19424 rows and digest 47dca3tfaim0k0lmiff3qhm7l5a.
[2026-10-08 00:42:08] (0s)  >>> Full cache hit cached_Synth::Synth::TModuleDecl#c5ee4163/2@7b55fbs7 with 965 rows and digest 2a4a67vbcahoddq8rvmacito0b4.
[2026-10-08 00:42:08] (0s)  >>> First-level cache hit cached_Synth::Synth::TYieldStmt#d9f4cffc/2@09ecedr9 with empty relation.
[2026-10-08 00:42:08] (0s)  >>> Full cache hit cached_Synth::Synth::TImportDecl#e2b0c550/2@b702f5rc with 1 rows and digest bebe504i42sc4qg5lt7ec4rp039.
[2026-10-08 00:42:08] (0s) Inferred that YieldStmt::Generated::YieldStmt.getImmediateResult/1#dispred#dc65717f/3@028a64tt is empty, due to cached_Synth::Synth::TYieldStmt#d9f4cffc/2@09ecedr9.
[2026-10-08 00:42:08] (0s) Inferred that ControlFlowGraphImpl::Stmts::YieldStmtTree#7fe97088/2@71345318 is empty, due to cached_Synth::Synth::TYieldStmt#d9f4cffc/2@09ecedr9.
[2026-10-08 00:42:08] (0s) Inferred that YieldStmt::Generated::YieldStmt.getImmediateResult/1#dispred#dc65717f/3@06974651 is empty, due to cached_Synth::Synth::TYieldStmt#d9f4cffc/2@09ecedr9.
[2026-10-08 00:42:08] (0s) Inferred that Synth::Synth::TYieldStmt#d9f4cffc_1#antijoin_rhs/1@fb745f88 is empty, due to cached_Synth::Synth::TYieldStmt#d9f4cffc/2@09ecedr9.
[2026-10-08 00:42:08] (0s) Inferred that _YieldStmt::Generated::YieldStmt.getImmediateResult/1#dispred#dc65717f#max_range/2@3a6c367s is empty, due to YieldStmt::Generated::YieldStmt.getImmediateResult/1#dispred#dc65717f/3@028a64tt.
[2026-10-08 00:42:08] (0s) Inferred that _YieldStmt::Generated::YieldStmt.getImmediateResult/1#dispred#dc65717f#max_term/3@4bcd985q is empty, due to YieldStmt::Generated::YieldStmt.getImmediateResult/1#dispred#dc65717f/3@028a64tt.
[2026-10-08 00:42:08] (0s) Inferred that __YieldStmt::Generated::YieldStmt.getImmediateResult/1#dispred#dc65717f#max_range__YieldStmt::Genera__#join_rhs/1@3ab455nh is empty, due to _YieldStmt::Generated::YieldStmt.getImmediateResult/1#dispred#dc65717f#max_range/2@3a6c367s.
[2026-10-08 00:42:08] (0s)  >>> First-level cache hit cached_Synth::Synth::TWhileStmt#1d136a5f/2@3bf7828g with empty relation.
[2026-10-08 00:42:08] (0s) Inferred that WhileStmt::Generated::WhileStmt.getBody/0#dispred#cd74eb83/2@74a411kl is empty, due to cached_Synth::Synth::TWhileStmt#1d136a5f/2@3bf7828g.
[2026-10-08 00:42:08] (0s) Inferred that Synth::Synth::TWhileStmt#1d136a5f_1#join_rhs/1@644e2b2t is empty, due to cached_Synth::Synth::TWhileStmt#1d136a5f/2@3bf7828g.
[2026-10-08 00:42:08] (0s) Inferred that ControlFlowGraphImpl::Stmts::Loops::WhileTree#40f291bd/2@719fc3ct is empty, due to cached_Synth::Synth::TWhileStmt#1d136a5f/2@3bf7828g.
[2026-10-08 00:42:08] (0s) Inferred that Synth::Synth::TWhileStmt#1d136a5f_10#join_rhs/2@22dd12u4 is empty, due to cached_Synth::Synth::TWhileStmt#1d136a5f/2@3bf7828g.
[2026-10-08 00:42:08] (0s)  >>> First-level cache hit cached_Synth::Synth::TUsingDecl#e0cbe509/2@acf4ffqd with empty relation.
[2026-10-08 00:42:08] (0s)  >>> First-level cache hit cached_Synth::Synth::TThrowStmt#bcadd45d/2@6d5f5fd0 with empty relation.
[2026-10-08 00:42:08] (0s) Inferred that ThrowStmt::Generated::ThrowStmt.getImmediateSubExpr/0#dispred#db99e9e8/2@e65bc123 is empty, due to cached_Synth::Synth::TThrowStmt#bcadd45d/2@6d5f5fd0.
[2026-10-08 00:42:08] (0s) Inferred that ControlFlowGraphImpl::Stmts::ThrowExprTree#9aaf8eed/2@66a1a5hg is empty, due to cached_Synth::Synth::TThrowStmt#bcadd45d/2@6d5f5fd0.
[2026-10-08 00:42:08] (0s) Inferred that ThrowStmt::Generated::ThrowStmt.getSubExpr/0#dispred#5b78bf8a/2@97bc51q5 is empty, due to cached_Synth::Synth::TThrowStmt#bcadd45d/2@6d5f5fd0.
[2026-10-08 00:42:08] (0s) Inferred that Synth::Synth::TThrowStmt#bcadd45d_1#antijoin_rhs/1@d41d64v2 is empty, due to cached_Synth::Synth::TThrowStmt#bcadd45d/2@6d5f5fd0.
[2026-10-08 00:42:08] (0s) Inferred that _ControlFlowGraphImpl::Stmts::ThrowExprTree#9aaf8eed_Expr::Expr.getFullyConverted/0#dispred#e3fb566d__#join_rhs/2@70fb6123 is empty, due to ControlFlowGraphImpl::Stmts::ThrowExprTree#9aaf8eed/2@66a1a5hg.
[2026-10-08 00:42:08] (0s)  >>> Full cache hit cached_Synth::Synth::TMacroRole#f32fae77/2@0e326bu9 with 27 rows and digest 234f2fi18q94c6hl1824sc7djr6.
[2026-10-08 00:42:08] (0s)  >>> Full cache hit cached_Synth::Synth::TMacroDecl#b21ede06/2@bbeb2ak3 with 22 rows and digest 44ddc9g7gj4gphl82cnso6uu9ce.
[2026-10-08 00:42:08] (0s)  >>> Full cache hit cached_Synth::Synth::TGuardStmt#26c2badf/2@065e55co with 1 rows and digest 79be6ejrv9v4jureil6h8chol6a.
[2026-10-08 00:42:08] (0s)  >>> First-level cache hit cached_Synth::Synth::TErrorExpr#cc07fd89/2@1fe2e1ag with empty relation.
[2026-10-08 00:42:08] (0s)  >>> Full cache hit cached_Synth::Synth::TErrorType#ae5662fa/2@8f13e17r with 5 rows and digest ee71b5aldn4rnaa2l95r3ohuhs5.
[2026-10-08 00:42:08] (0s)  >>> First-level cache hit cached_Synth::Synth::TDeferStmt#9fd29ba2/2@2f5917ag with empty relation.
[2026-10-08 00:42:08] (0s)  >>> First-level cache hit cached_Synth::Synth::TBreakStmt#5398332a/2@19c4ec1j with empty relation.
[2026-10-08 00:42:08] (0s) Inferred that DeferStmt::Generated::DeferStmt.getBody/0#dispred#54f7b135/2@83f452ra is empty, due to cached_Synth::Synth::TDeferStmt#9fd29ba2/2@2f5917ag.
[2026-10-08 00:42:08] (0s) Inferred that Synth::Synth::TDeferStmt#9fd29ba2_1#antijoin_rhs/1@10ee22tc is empty, due to cached_Synth::Synth::TDeferStmt#9fd29ba2/2@2f5917ag.
[2026-10-08 00:42:08] (0s) Inferred that _DeferStmt::Generated::DeferStmt.getBody/0#dispred#54f7b135__BraceStmt::Generated::BraceStmt.getElem__#rank_range/4@c71c546a is empty, due to DeferStmt::Generated::DeferStmt.getBody/0#dispred#54f7b135/2@83f452ra.
[2026-10-08 00:42:08] (0s) Inferred that _DeferStmt::Generated::DeferStmt.getBody/0#dispred#54f7b135__BraceStmt::Generated::BraceStmt.getElem__#rank_term/6@aae8b6g8 is empty, due to DeferStmt::Generated::DeferStmt.getBody/0#dispred#54f7b135/2@83f452ra.
[2026-10-08 00:42:08] (0s) Inferred that DeferStmt::Generated::DeferStmt.getBody/0#dispred#54f7b135_10#join_rhs/2@5bfe78sr is empty, due to DeferStmt::Generated::DeferStmt.getBody/0#dispred#54f7b135/2@83f452ra.
[2026-10-08 00:42:08] (0s) Inferred that __DeferStmt::Generated::DeferStmt.getBody/0#dispred#54f7b135__BraceStmt::Generated::BraceStmt.getEle__#join_rhs/3@da182243 is empty, due to _DeferStmt::Generated::DeferStmt.getBody/0#dispred#54f7b135__BraceStmt::Generated::BraceStmt.getElem__#rank_range/4@c71c546a.
[2026-10-08 00:42:08] (0s) Inferred that ControlFlowGraphImpl::Stmts::BraceStmtTree.getDeferIndex/1#dispred#02ea6711/3@7c1d62gr is empty, due to DeferStmt::Generated::DeferStmt.getBody/0#dispred#54f7b135_10#join_rhs/2@5bfe78sr.
[2026-10-08 00:42:08] (0s) Inferred that ControlFlowGraphImpl::Stmts::BraceStmtTree.getDeferStmtBody/1#dispred#665e6daf/3@27d5b318 is empty, due to __DeferStmt::Generated::DeferStmt.getBody/0#dispred#54f7b135__BraceStmt::Generated::BraceStmt.getEle__#join_rhs/3@da182243.
[2026-10-08 00:42:08] (0s) Inferred that _AstControlFlowTrees::astFirst/2#67012432_ControlFlowGraphImpl::Stmts::BraceStmtTree.getDeferIndex/1__#shared/5@d33d31g8 is empty, due to ControlFlowGraphImpl::Stmts::BraceStmtTree.getDeferIndex/1#dispred#02ea6711/3@7c1d62gr.
[2026-10-08 00:42:08] (0s) Inferred that _ControlFlowGraphImpl::Stmts::BraceStmtTree#f695537a_ControlFlowGraphImpl::Stmts::BraceStmtTree.getD__#shared/4@798b332d is empty, due to ControlFlowGraphImpl::Stmts::BraceStmtTree.getDeferStmtBody/1#dispred#665e6daf/3@27d5b318.
[2026-10-08 00:42:08] (0s) Inferred that _ControlFlowGraphImpl::Stmts::BraceStmtTree.getDeferStmtBody/1#dispred#665e6daf#antijoin_rhs/3@213e741t is empty, due to ControlFlowGraphImpl::Stmts::BraceStmtTree.getDeferStmtBody/1#dispred#665e6daf/3@27d5b318.
[2026-10-08 00:42:08] (0s) Inferred that ControlFlowGraphImpl::Stmts::BraceStmtTree.getFirstDeferStmtBody/0#dispred#849d4a0b/2@a95aa889 is empty, due to ControlFlowGraphImpl::Stmts::BraceStmtTree.getDeferStmtBody/1#dispred#665e6daf/3@27d5b318.
[2026-10-08 00:42:08] (0s) Inferred that _ControlFlowGraphImpl::Stmts::BraceStmtTree.getDeferStmtBody/1#dispred#665e6daf#antijoin_rhs#1/3@e5d96een is empty, due to ControlFlowGraphImpl::Stmts::BraceStmtTree.getDeferStmtBody/1#dispred#665e6daf/3@27d5b318.
[2026-10-08 00:42:08] (0s) Inferred that ControlFlowGraphImpl::Stmts::BraceStmtTree.getLastDeferStmtBody/0#dispred#71ec8d3d/2@4a343epa is empty, due to ControlFlowGraphImpl::Stmts::BraceStmtTree.getDeferStmtBody/1#dispred#665e6daf/3@27d5b318.
[2026-10-08 00:42:08] (0s) Inferred that _BraceStmt::Generated::BraceStmt.getElement/1#dispred#b3b58647_ControlFlowGraphImpl::Stmts::BraceStm__#antijoin_rhs/7@0fb0c3v2 is empty, due to _AstControlFlowTrees::astFirst/2#67012432_ControlFlowGraphImpl::Stmts::BraceStmtTree.getDeferIndex/1__#shared/5@d33d31g8.
[2026-10-08 00:42:08] (0s) Inferred that ControlFlowGraphImpl::Stmts::BraceStmtTree.getFirstDeferStmtBody/0#dispred#849d4a0b_0#antijoin_rhs/1@6b7256eu is empty, due to ControlFlowGraphImpl::Stmts::BraceStmtTree.getFirstDeferStmtBody/0#dispred#849d4a0b/2@a95aa889.
[2026-10-08 00:42:08] (0s) Inferred that _ControlFlowGraphImpl::Stmts::BraceStmtTree#f695537a_0#join_rhs_ControlFlowGraphImpl::Stmts::BraceSt__#join_rhs/2@2efe293p is empty, due to ControlFlowGraphImpl::Stmts::BraceStmtTree.getLastDeferStmtBody/0#dispred#71ec8d3d/2@4a343epa.
[2026-10-08 00:42:08] (0s) Inferred that BreakStmt::Generated::BreakStmt.getTarget/0#dispred#0deaabb7/2@f5dce064 is empty, due to cached_Synth::Synth::TBreakStmt#5398332a/2@19c4ec1j.
[2026-10-08 00:42:08] (0s) Inferred that Completion::TBreakCompletion#dom#b8351522/1@d41c574c is empty, due to BreakStmt::Generated::BreakStmt.getTarget/0#dispred#0deaabb7/2@f5dce064.
[2026-10-08 00:42:08] (0s) Inferred that num#Completion::TBreakCompletion#13ebb018/2@fd9cacku is empty, due to Completion::TBreakCompletion#dom#b8351522/1@d41c574c.
[2026-10-08 00:42:08] (0s) Inferred that num#Completion::TBreakCompletion#13ebb018_1#join_rhs/1@17e90feq is empty, due to num#Completion::TBreakCompletion#13ebb018/2@fd9cacku.
[2026-10-08 00:42:08] (0s) Inferred that BreakStmt::Generated::BreakStmt.getTargetName/0#dispred#b9aeb787/2@e74339ls is empty, due to cached_Synth::Synth::TBreakStmt#5398332a/2@19c4ec1j.
[2026-10-08 00:42:08] (0s) Inferred that BreakStmt::Generated::BreakStmt.getTargetName/0#dispred#b9aeb787_0#antijoin_rhs/1@e25f9dic is empty, due to BreakStmt::Generated::BreakStmt.getTargetName/0#dispred#b9aeb787/2@e74339ls.
[2026-10-08 00:42:08] (0s) Inferred that Synth::Synth::TBreakStmt#5398332a_1#antijoin_rhs/1@4a637b19 is empty, due to cached_Synth::Synth::TBreakStmt#5398332a/2@19c4ec1j.
[2026-10-08 00:42:08] (0s)  >>> Full cache hit cached_Synth::Synth::TBraceStmt#37e15e9e/2@aab392g3 with 20196 rows and digest 7f78d26j68l0b9a1hqhj1422jr4.
[2026-10-08 00:42:08] (0s)  >>> First-level cache hit cached_Synth::Synth::TThenStmt#75c8c702/2@ec8d85v0 with empty relation.
[2026-10-08 00:42:08] (0s) Inferred that ThenStmt::Generated::ThenStmt.getImmediateResult/0#dispred#b17391d1/2@7002f926 is empty, due to cached_Synth::Synth::TThenStmt#75c8c702/2@ec8d85v0.
[2026-10-08 00:42:08] (0s) Inferred that ControlFlowGraphImpl::Stmts::ThenStmtTree#c5180462/2@7eb07bhm is empty, due to cached_Synth::Synth::TThenStmt#75c8c702/2@ec8d85v0.
[2026-10-08 00:42:08] (0s) Inferred that ThenStmt::Generated::ThenStmt.getImmediateResult/0#dispred#b17391d1/2@ef1ad49m is empty, due to cached_Synth::Synth::TThenStmt#75c8c702/2@ec8d85v0.
[2026-10-08 00:42:08] (0s)  >>> First-level cache hit cached_Synth::Synth::TFailStmt#23406f79/2@469ab6km with empty relation.
[2026-10-08 00:42:08] (0s) Inferred that Synth::Synth::TFailStmt#23406f79_1#antijoin_rhs/1@9955b3k0 is empty, due to cached_Synth::Synth::TFailStmt#23406f79/2@469ab6km.
[2026-10-08 00:42:08] (0s)  >>> First-level cache hit cached_Synth::Synth::TCaseStmt#884a7c9d/2@349b5fbh with empty relation.
[2026-10-08 00:42:08] (0s) Inferred that CaseStmt::Generated::CaseStmt.getNumberOfLabels/0#dispred#295f1f06/2@bb03bfbf is empty, due to cached_Synth::Synth::TCaseStmt#884a7c9d/2@349b5fbh.
[2026-10-08 00:42:08] (0s) Inferred that CaseStmt::Generated::CaseStmt.getVariable/1#dispred#1c552c66/3@89b9fbtm is empty, due to cached_Synth::Synth::TCaseStmt#884a7c9d/2@349b5fbh.
[2026-10-08 00:42:08] (0s) Inferred that CaseStmt::Generated::CaseStmt.getNumberOfVariables/0#dispred#f38f2593/2@0d4c959v is empty, due to cached_Synth::Synth::TCaseStmt#884a7c9d/2@349b5fbh.
[2026-10-08 00:42:08] (0s) Inferred that CaseStmt::Generated::CaseStmt.getBody/0#dispred#dd79662c/2@c827c05k is empty, due to cached_Synth::Synth::TCaseStmt#884a7c9d/2@349b5fbh.
[2026-10-08 00:42:08] (0s) Inferred that ControlFlowGraphImpl::Stmts::CaseTree#00554fc5/2@11fe60md is empty, due to cached_Synth::Synth::TCaseStmt#884a7c9d/2@349b5fbh.
[2026-10-08 00:42:08] (0s) Inferred that CaseStmt::Generated::CaseStmt.getBody/0#dispred#dd79662c/2@b3efddn0 is empty, due to cached_Synth::Synth::TCaseStmt#884a7c9d/2@349b5fbh.
[2026-10-08 00:42:08] (0s) Inferred that Synth::Synth::TCaseStmt#884a7c9d_1#antijoin_rhs/1@a71260j2 is empty, due to cached_Synth::Synth::TCaseStmt#884a7c9d/2@349b5fbh.
[2026-10-08 00:42:08] (0s) Inferred that CaseStmt::Generated::CaseStmt.getVariable/1#dispred#1c552c66_01#count_range/2@f46bb6um is empty, due to CaseStmt::Generated::CaseStmt.getVariable/1#dispred#1c552c66/3@89b9fbtm.
[2026-10-08 00:42:08] (0s) Inferred that CaseStmt::Generated::CaseStmt.getVariable/1#dispred#1c552c66_0#antijoin_rhs/1@cd5feeod is empty, due to CaseStmt::Generated::CaseStmt.getVariable/1#dispred#1c552c66/3@89b9fbtm.
[2026-10-08 00:42:08] (0s) Inferred that _CaseStmt::Generated::CaseStmt.getBody/0#dispred#dd79662c_ControlFlowGraphImpl::Stmts::CaseTree#0055__#join_rhs/2@bb8f01k9 is empty, due to ControlFlowGraphImpl::Stmts::CaseTree#00554fc5/2@11fe60md.
[2026-10-08 00:42:08] (0s) Inferred that _CaseStmt::Generated::CaseStmt.getVariable/1#dispred#1c552c66_01#count_range#join_rhs/2@66bd00mt is empty, due to CaseStmt::Generated::CaseStmt.getVariable/1#dispred#1c552c66_01#count_range/2@f46bb6um.
[2026-10-08 00:42:08] (0s)  >>> Full cache hit cached_Synth::Synth::TTypeRepr#5c4de296/2@3f8f9bem with 4 rows and digest 40cd02m92c1157s71hphqvg5ba5.
[2026-10-08 00:42:08] (0s)  >>> First-level cache hit cached_Synth::Synth::TIfStmt#1c17eab0/2@186325b4 with empty relation.
[2026-10-08 00:42:08] (0s) Inferred that IfStmt::Generated::IfStmt.getElse/0#dispred#09810aa2/2@2b4a0dkp is empty, due to cached_Synth::Synth::TIfStmt#1c17eab0/2@186325b4.
[2026-10-08 00:42:08] (0s) Inferred that IfStmt::Generated::IfStmt.getThen/0#dispred#4d5a42ae/2@219572kp is empty, due to cached_Synth::Synth::TIfStmt#1c17eab0/2@186325b4.
[2026-10-08 00:42:08] (0s) Inferred that Synth::Synth::TIfStmt#1c17eab0_1#join_rhs/1@bb0051lc is empty, due to cached_Synth::Synth::TIfStmt#1c17eab0/2@186325b4.
[2026-10-08 00:42:08] (0s)  >>> First-level cache hit cached_Synth::Synth::TDoStmt#4a4c2e2a/2@c8f205uc with empty relation.
[2026-10-08 00:42:08] (0s) Inferred that ControlFlowGraphImpl::Stmts::IfStmtTree#23315332/2@f5b6a3e8 is empty, due to cached_Synth::Synth::TIfStmt#1c17eab0/2@186325b4.
[2026-10-08 00:42:08] (0s) Inferred that IfStmt::Generated::IfStmt.getElse/0#dispred#09810aa2/2@a1ca4bdi is empty, due to cached_Synth::Synth::TIfStmt#1c17eab0/2@186325b4.
[2026-10-08 00:42:08] (0s) Inferred that IfStmt::Generated::IfStmt.getThen/0#dispred#4d5a42ae/2@adfb6c4q is empty, due to cached_Synth::Synth::TIfStmt#1c17eab0/2@186325b4.
[2026-10-08 00:42:08] (0s) Inferred that IfStmt::IfStmt.getBranch/1#dispred#8e3b3e48/3@e4c41cvn is empty, due to cached_Synth::Synth::TIfStmt#1c17eab0/2@186325b4.
[2026-10-08 00:42:08] (0s) Inferred that IfStmt::Generated::IfStmt.hasElse/0#dispred#327ade17/1@69b5904c is empty, due to cached_Synth::Synth::TIfStmt#1c17eab0/2@186325b4.
[2026-10-08 00:42:08] (0s) Inferred that _ControlFlowGraphImpl::Stmts::IfStmtTree#23315332_Element::Element.getFullyUnresolved/0#97fc9caa_IfS__#join_rhs/2@5f8b73kd is empty, due to ControlFlowGraphImpl::Stmts::IfStmtTree#23315332/2@f5b6a3e8.
[2026-10-08 00:42:08] (0s) Inferred that _ControlFlowGraphImpl::Stmts::IfStmtTree#23315332_IfStmt::IfStmt.getBranch/1#dispred#8e3b3e48#join_rhs/2@5db5f37h is empty, due to ControlFlowGraphImpl::Stmts::IfStmtTree#23315332/2@f5b6a3e8.
[2026-10-08 00:42:08] (0s) Inferred that IfStmt::Generated::IfStmt.getElse/0#dispred#09810aa2_0#antijoin_rhs/1@0e8595n7 is empty, due to IfStmt::Generated::IfStmt.getElse/0#dispred#09810aa2/2@a1ca4bdi.
[2026-10-08 00:42:08] (0s) Inferred that ControlFlowGraphImpl::Stmts::DoTree#b3fd7d99/2@169e97sk is empty, due to cached_Synth::Synth::TDoStmt#4a4c2e2a/2@c8f205uc.
[2026-10-08 00:42:08] (0s) Inferred that Synth::Synth::TDoStmt#4a4c2e2a_10#join_rhs/2@84d14232 is empty, due to cached_Synth::Synth::TDoStmt#4a4c2e2a/2@c8f205uc.
[2026-10-08 00:42:08] (0s)  >>> First-level cache hit cached_Synth::Synth::TUnspecifiedElement#37502608/2@1fdc52rm with empty relation.
[2026-10-08 00:42:08] (0s) Inferred that UnspecifiedElement::Generated::UnspecifiedElement.getImmediateChild/1#dispred#6d85743d/3@5da6e287 is empty, due to cached_Synth::Synth::TUnspecifiedElement#37502608/2@1fdc52rm.
[2026-10-08 00:42:08] (0s) Inferred that Synth::Synth::TUnspecifiedElement#37502608_1#antijoin_rhs/1@b58e7dml is empty, due to cached_Synth::Synth::TUnspecifiedElement#37502608/2@1fdc52rm.
[2026-10-08 00:42:08] (0s) Inferred that UnspecifiedElement::Generated::UnspecifiedElement.getIndex/0#dispred#50a7bb23/2@04227a56 is empty, due to cached_Synth::Synth::TUnspecifiedElement#37502608/2@1fdc52rm.
[2026-10-08 00:42:08] (0s) Inferred that UnspecifiedElement::Generated::UnspecifiedElement.getParent/0#dispred#04a246e2/2@3672b186 is empty, due to cached_Synth::Synth::TUnspecifiedElement#37502608/2@1fdc52rm.
[2026-10-08 00:42:08] (0s) Inferred that _UnspecifiedElement::Generated::UnspecifiedElement.getImmediateChild/1#dispred#6d85743d#max_range/2@b43d781n is empty, due to UnspecifiedElement::Generated::UnspecifiedElement.getImmediateChild/1#dispred#6d85743d/3@5da6e287.
[2026-10-08 00:42:08] (0s) Inferred that _UnspecifiedElement::Generated::UnspecifiedElement.getImmediateChild/1#dispred#6d85743d#max_term/3@e99989a0 is empty, due to UnspecifiedElement::Generated::UnspecifiedElement.getImmediateChild/1#dispred#6d85743d/3@5da6e287.
[2026-10-08 00:42:08] (0s) Inferred that UnspecifiedElement::Generated::UnspecifiedElement.getIndex/0#dispred#50a7bb23_0#antijoin_rhs/1@40d0dbf4 is empty, due to UnspecifiedElement::Generated::UnspecifiedElement.getIndex/0#dispred#50a7bb23/2@04227a56.
[2026-10-08 00:42:08] (0s) Inferred that UnspecifiedElement::Generated::UnspecifiedElement.getParent/0#dispred#04a246e2_0#antijoin_rhs/1@048949lt is empty, due to UnspecifiedElement::Generated::UnspecifiedElement.getParent/0#dispred#04a246e2/2@3672b186.
[2026-10-08 00:42:08] (0s) Inferred that __UnspecifiedElement::Generated::UnspecifiedElement.getImmediateChild/1#dispred#6d85743d#max_range____#join_rhs/1@96f4aeoh is empty, due to _UnspecifiedElement::Generated::UnspecifiedElement.getImmediateChild/1#dispred#6d85743d#max_range/2@b43d781n.
[2026-10-08 00:42:08] (0s)  >>> Full cache hit cached_Synth::Synth::TEnumElementDecl#c1e6fb68/2@81e8a8em with 2314 rows and digest e4da81i6huipcbenihtvru621d4.
[2026-10-08 00:42:08] (0s)  >>> First-level cache hit cached_Synth::Synth::TPropertyWrapperValuePlaceholderExpr#8e089f89/2@de1d5b44 with empty relation.
[2026-10-08 00:42:08] (0s)  >>> First-level cache hit cached_Synth::Synth::TDifferentiableFunctionExtractOriginalExpr#0bfec5d3/2@ea10f180 with empty relation.
[2026-10-08 00:42:08] (0s)  >>> First-level cache hit cached_Synth::Synth::TLinearToDifferentiableFunctionExpr#14ac48e5/2@333011oo with empty relation.
[2026-10-08 00:42:08] (0s) Inferred that Synth::Synth::TDifferentiableFunctionExtractOriginalExpr#0bfec5d3_1#join_rhs/1@3b0c1986 is empty, due to cached_Synth::Synth::TDifferentiableFunctionExtractOriginalExpr#0bfec5d3/2@ea10f180.
[2026-10-08 00:42:08] (0s) Inferred that Synth::Synth::TLinearToDifferentiableFunctionExpr#14ac48e5_1#join_rhs/1@cc5135pr is empty, due to cached_Synth::Synth::TLinearToDifferentiableFunctionExpr#14ac48e5/2@333011oo.
[2026-10-08 00:42:08] (0s)  >>> First-level cache hit cached_Synth::Synth::TLinearFunctionExtractOriginalExpr#a0a54307/2@247547tf with empty relation.
[2026-10-08 00:42:08] (0s) Inferred that Synth::Synth::TLinearFunctionExtractOriginalExpr#a0a54307_1#join_rhs/1@2bf4c04e is empty, due to cached_Synth::Synth::TLinearFunctionExtractOriginalExpr#a0a54307/2@247547tf.
[2026-10-08 00:42:08] (0s)  >>> First-level cache hit cached_Synth::Synth::TCovariantFunctionConversionExpr#e0dd248d/2@72ec97au with empty relation.
[2026-10-08 00:42:08] (0s) Inferred that Synth::Synth::TCovariantFunctionConversionExpr#e0dd248d_1#join_rhs/1@fb512bt3 is empty, due to cached_Synth::Synth::TCovariantFunctionConversionExpr#e0dd248d/2@72ec97au.
[2026-10-08 00:42:08] (0s)  >>> First-level cache hit cached_Synth::Synth::TExistentialMetatypeToObjectExpr#a1c04933/2@a7f5e9hm with empty relation.
[2026-10-08 00:42:08] (0s)  >>> First-level cache hit cached_Synth::Synth::TCollectionUpcastConversionExpr#1fef3f7e/2@a7402ctr with empty relation.
[2026-10-08 00:42:08] (0s) Inferred that Synth::Synth::TExistentialMetatypeToObjectExpr#a1c04933_1#join_rhs/1@4f8b9e9c is empty, due to cached_Synth::Synth::TExistentialMetatypeToObjectExpr#a1c04933/2@a7f5e9hm.
[2026-10-08 00:42:08] (0s) Inferred that Synth::Synth::TCollectionUpcastConversionExpr#1fef3f7e_1#join_rhs/1@a7a0c1gq is empty, due to cached_Synth::Synth::TCollectionUpcastConversionExpr#1fef3f7e/2@a7402ctr.
[2026-10-08 00:42:08] (0s)  >>> First-level cache hit cached_Synth::Synth::TInterpolatedStringLiteralExpr#9d3a89a5/2@731191jt with empty relation.
[2026-10-08 00:42:08] (0s) Inferred that Synth::Synth::TInterpolatedStringLiteralExpr#9d3a89a5_1#antijoin_rhs/1@bb3796f8 is empty, due to cached_Synth::Synth::TInterpolatedStringLiteralExpr#9d3a89a5/2@731191jt.
[2026-10-08 00:42:08] (0s)  >>> First-level cache hit cached_Synth::Synth::TCovariantReturnConversionExpr#5c3f45a1/2@c6eb2bh3 with empty relation.
[2026-10-08 00:42:08] (0s) Inferred that InterpolatedStringLiteralExpr::Generated::InterpolatedStringLiteralExpr.getAppendingExpr/0#dispred#50a864d0/2@5e3828oe is empty, due to cached_Synth::Synth::TInterpolatedStringLiteralExpr#9d3a89a5/2@731191jt.
[2026-10-08 00:42:08] (0s) Inferred that ControlFlowGraphImpl::Exprs::InterpolatedStringLiteralExprTree#643303fa/2@b28035sl is empty, due to Synth::Synth::TInterpolatedStringLiteralExpr#9d3a89a5_1#antijoin_rhs/1@bb3796f8.
[2026-10-08 00:42:08] (0s) Inferred that Synth::Synth::TCovariantReturnConversionExpr#5c3f45a1_1#join_rhs/1@4669c84i is empty, due to cached_Synth::Synth::TCovariantReturnConversionExpr#5c3f45a1/2@c6eb2bh3.
[2026-10-08 00:42:08] (0s)  >>> First-level cache hit cached_Synth::Synth::TProtocolMetatypeToObjectExpr#7be9d010/2@866160hq with empty relation.
[2026-10-08 00:42:08] (0s) Inferred that Synth::Synth::TProtocolMetatypeToObjectExpr#7be9d010_1#join_rhs/1@1e408a31 is empty, due to cached_Synth::Synth::TProtocolMetatypeToObjectExpr#7be9d010/2@866160hq.
[2026-10-08 00:42:08] (0s)  >>> First-level cache hit cached_Synth::Synth::TConditionalBridgeFromObjCExpr#f87ddf23/2@c1ce5ed4 with empty relation.
[2026-10-08 00:42:08] (0s) Inferred that Synth::Synth::TConditionalBridgeFromObjCExpr#f87ddf23_1#join_rhs/1@766d2aeh is empty, due to cached_Synth::Synth::TConditionalBridgeFromObjCExpr#f87ddf23/2@c1ce5ed4.
[2026-10-08 00:42:08] (0s)  >>> First-level cache hit cached_Synth::Synth::TMakeTemporarilyEscapableExpr#abd7b139/2@f25a31vp with empty relation.
[2026-10-08 00:42:08] (0s) Inferred that MakeTemporarilyEscapableExpr::Generated::MakeTemporarilyEscapableExpr.getImmediateEscapingClosure/0#dispred#bdcc689c/2@431705ck is empty, due to cached_Synth::Synth::TMakeTemporarilyEscapableExpr#abd7b139/2@f25a31vp.
[2026-10-08 00:42:08] (0s) Inferred that MakeTemporarilyEscapableExpr::Generated::MakeTemporarilyEscapableExpr.getImmediateNonescapingClosure/0#dispred#392d2192/2@a8dd158f is empty, due to cached_Synth::Synth::TMakeTemporarilyEscapableExpr#abd7b139/2@f25a31vp.
[2026-10-08 00:42:08] (0s) Inferred that MakeTemporarilyEscapableExpr::Generated::MakeTemporarilyEscapableExpr.getImmediateSubExpr/0#dispred#29c2e8d2/2@1093591q is empty, due to cached_Synth::Synth::TMakeTemporarilyEscapableExpr#abd7b139/2@f25a31vp.
[2026-10-08 00:42:08] (0s) Inferred that Synth::Synth::TMakeTemporarilyEscapableExpr#abd7b139_1#antijoin_rhs/1@b6e5231e is empty, due to cached_Synth::Synth::TMakeTemporarilyEscapableExpr#abd7b139/2@f25a31vp.
[2026-10-08 00:42:08] (0s) Inferred that MakeTemporarilyEscapableExpr::Generated::MakeTemporarilyEscapableExpr.getImmediateSubExpr/0#dispred#29c2e8d2/2@4f6d31vj is empty, due to cached_Synth::Synth::TMakeTemporarilyEscapableExpr#abd7b139/2@f25a31vp.
[2026-10-08 00:42:08] (0s) Inferred that _Element::Generated::Element.resolve/0#6937ae00_Expr::Expr.getResolveStep/0#dispred#318c6ca3_0#antij__#join_rhs#1/2@4754ee9t is empty, due to MakeTemporarilyEscapableExpr::Generated::MakeTemporarilyEscapableExpr.getImmediateSubExpr/0#dispred#29c2e8d2/2@4f6d31vj.
[2026-10-08 00:42:08] (0s)  >>> First-level cache hit cached_Synth::Synth::TExtractFunctionIsolationExpr#f24411e5/2@352fa51r with empty relation.
[2026-10-08 00:42:08] (0s)  >>> First-level cache hit cached_Synth::Synth::TRebindSelfInInitializerExpr#3360a566/2@f266acnd with empty relation.
[2026-10-08 00:42:08] (0s) Inferred that ExtractFunctionIsolationExpr::Generated::ExtractFunctionIsolationExpr.getImmediateFunctionExpr/0#dispred#e5804c2d/2@e29b3ai5 is empty, due to cached_Synth::Synth::TExtractFunctionIsolationExpr#f24411e5/2@352fa51r.
[2026-10-08 00:42:08] (0s) Inferred that ControlFlowGraphImpl::Exprs::ExtractFunctionIsolationTree#e2dffcca/2@5559755u is empty, due to cached_Synth::Synth::TExtractFunctionIsolationExpr#f24411e5/2@352fa51r.
[2026-10-08 00:42:08] (0s) Inferred that ExtractFunctionIsolationExpr::Generated::ExtractFunctionIsolationExpr.getFunctionExpr/0#dispred#bd1de19d/2@253236fp is empty, due to cached_Synth::Synth::TExtractFunctionIsolationExpr#f24411e5/2@352fa51r.
[2026-10-08 00:42:08] (0s) Inferred that RebindSelfInInitializerExpr::Generated::RebindSelfInInitializerExpr.getImmediateSubExpr/0#dispred#245da8a3/2@6849e5g4 is empty, due to cached_Synth::Synth::TRebindSelfInInitializerExpr#3360a566/2@f266acnd.
[2026-10-08 00:42:08] (0s) Inferred that ControlFlowGraphImpl::Exprs::RebindSelfInInitializerTree#70ad429e/2@5d0bffdb is empty, due to cached_Synth::Synth::TRebindSelfInInitializerExpr#3360a566/2@f266acnd.
[2026-10-08 00:42:08] (0s) Inferred that RebindSelfInInitializerExpr::Generated::RebindSelfInInitializerExpr.getSubExpr/0#dispred#5edf26c2/2@95fd8cjn is empty, due to cached_Synth::Synth::TRebindSelfInInitializerExpr#3360a566/2@f266acnd.
[2026-10-08 00:42:08] (0s) Inferred that Synth::Synth::TRebindSelfInInitializerExpr#3360a566_1#antijoin_rhs/1@f3067dtd is empty, due to cached_Synth::Synth::TRebindSelfInInitializerExpr#3360a566/2@f266acnd.
[2026-10-08 00:42:08] (0s)  >>> First-level cache hit cached_Synth::Synth::TForeignObjectConversionExpr#077500b5/2@9d10a3os with empty relation.
[2026-10-08 00:42:08] (0s)  >>> First-level cache hit cached_Synth::Synth::TCurrentContextIsolationExpr#ebdd1812/2@4233a058 with empty relation.
[2026-10-08 00:42:08] (0s) Inferred that Synth::Synth::TForeignObjectConversionExpr#077500b5_1#join_rhs/1@2b58aaps is empty, due to cached_Synth::Synth::TForeignObjectConversionExpr#077500b5/2@9d10a3os.
[2026-10-08 00:42:08] (0s) Inferred that ControlFlowGraphImpl::Exprs::CurrentContextIsolationTree#1f355fdc/2@1f748f57 is empty, due to cached_Synth::Synth::TCurrentContextIsolationExpr#ebdd1812/2@4233a058.
[2026-10-08 00:42:08] (0s) Inferred that CurrentContextIsolationExpr::Generated::CurrentContextIsolationExpr.getActor/0#dispred#3432a030/2@4781ack5 is empty, due to cached_Synth::Synth::TCurrentContextIsolationExpr#ebdd1812/2@4233a058.
[2026-10-08 00:42:08] (0s)  >>> First-level cache hit cached_Synth::Synth::TMagicIdentifierLiteralExpr#95c0fc2d/2@a22e9a39 with empty relation.
[2026-10-08 00:42:08] (0s) Inferred that Synth::Synth::TMagicIdentifierLiteralExpr#95c0fc2d_1#antijoin_rhs/1@9dc907s1 is empty, due to cached_Synth::Synth::TMagicIdentifierLiteralExpr#95c0fc2d/2@a22e9a39.
[2026-10-08 00:42:08] (0s)  >>> First-level cache hit cached_Synth::Synth::TConditionalCheckedCastExpr#f5e920c9/2@1f4fb6nv with empty relation.
[2026-10-08 00:42:08] (0s) Inferred that Synth::Synth::TConditionalCheckedCastExpr#f5e920c9_1#join_rhs/1@6d27c4u6 is empty, due to cached_Synth::Synth::TConditionalCheckedCastExpr#f5e920c9/2@1f4fb6nv.
[2026-10-08 00:42:08] (0s)  >>> First-level cache hit cached_Synth::Synth::TDifferentiableFunctionExpr#c86fe24b/2@c3de03rp with empty relation.
[2026-10-08 00:42:08] (0s)  >>> First-level cache hit cached_Synth::Synth::TAppliedPropertyWrapperExpr#8df015f0/2@7a0db0vp with empty relation.
[2026-10-08 00:42:08] (0s) Inferred that Synth::Synth::TDifferentiableFunctionExpr#c86fe24b_1#join_rhs/1@7420c6lm is empty, due to cached_Synth::Synth::TDifferentiableFunctionExpr#c86fe24b/2@c3de03rp.
[2026-10-08 00:42:08] (0s) Inferred that AppliedPropertyWrapperExpr::Generated::AppliedPropertyWrapperExpr.getImmediateValue/0#dispred#4f3ae5bf/2@0defe6cv is empty, due to cached_Synth::Synth::TAppliedPropertyWrapperExpr#8df015f0/2@7a0db0vp.
[2026-10-08 00:42:08] (0s)  >>> First-level cache hit cached_Synth::Synth::TClassMetatypeToObjectExpr#c160980e/2@b632dfug with empty relation.
[2026-10-08 00:42:08] (0s) Inferred that Synth::Synth::TClassMetatypeToObjectExpr#c160980e_1#join_rhs/1@0e078683 is empty, due to cached_Synth::Synth::TClassMetatypeToObjectExpr#c160980e/2@b632dfug.
[2026-10-08 00:42:08] (0s)  >>> First-level cache hit cached_Synth::Synth::TUnevaluatedInstanceExpr#b05f665d/2@4668dfc1 with empty relation.
[2026-10-08 00:42:08] (0s) Inferred that Synth::Synth::TUnevaluatedInstanceExpr#b05f665d_1#join_rhs/1@fff8120n is empty, due to cached_Synth::Synth::TUnevaluatedInstanceExpr#b05f665d/2@4668dfc1.
[2026-10-08 00:42:08] (0s)  >>> First-level cache hit cached_Synth::Synth::TOtherInitializerRefExpr#c196dce5/2@72e079iu with empty relation.
[2026-10-08 00:42:08] (0s) Inferred that OtherInitializerRefExpr::Generated::OtherInitializerRefExpr.getInitializer/0#dispred#953a4b9a#fb/2@643d7eb8 is empty, due to cached_Synth::Synth::TOtherInitializerRefExpr#c196dce5/2@72e079iu.
[2026-10-08 00:42:08] (0s) Inferred that OtherInitializerRefExpr::Generated::OtherInitializerRefExpr.getInitializer/0#dispred#953a4b9a/2@e6983dbv is empty, due to cached_Synth::Synth::TOtherInitializerRefExpr#c196dce5/2@72e079iu.
[2026-10-08 00:42:08] (0s) Inferred that Synth::Synth::TOtherInitializerRefExpr#c196dce5_1#antijoin_rhs/1@1437440k is empty, due to cached_Synth::Synth::TOtherInitializerRefExpr#c196dce5/2@72e079iu.
[2026-10-08 00:42:08] (0s) Inferred that OtherInitializerRefExpr::Generated::OtherInitializerRefExpr.getInitializer/0#dispred#953a4b9a/2@14df1bb9 is empty, due to cached_Synth::Synth::TOtherInitializerRefExpr#c196dce5/2@72e079iu.
[2026-10-08 00:42:08] (0s) Inferred that OtherInitializerRefExpr::Generated::OtherInitializerRefExpr.getInitializer/0#dispred#953a4b9a/2@b45004en is empty, due to cached_Synth::Synth::TOtherInitializerRefExpr#c196dce5/2@72e079iu.
[2026-10-08 00:42:08] (0s) Inferred that OtherInitializerRefExpr::Generated::OtherInitializerRefExpr.getInitializer/0#dispred#953a4b9a/2@9f1a0cp5 is empty, due to cached_Synth::Synth::TOtherInitializerRefExpr#c196dce5/2@72e079iu.
[2026-10-08 00:42:08] (0s) Inferred that OtherInitializerRefExpr::Generated::OtherInitializerRefExpr.getInitializer/0#dispred#953a4b9a/2@c6177flu is empty, due to cached_Synth::Synth::TOtherInitializerRefExpr#c196dce5/2@72e079iu.
[2026-10-08 00:42:08] (0s)  >>> First-level cache hit cached_Synth::Synth::TActorIsolationErasureExpr#dd3bba94/2@9693f67j with empty relation.
[2026-10-08 00:42:08] (0s) Inferred that Synth::Synth::TActorIsolationErasureExpr#dd3bba94_1#join_rhs/1@a3e8faol is empty, due to cached_Synth::Synth::TActorIsolationErasureExpr#dd3bba94/2@9693f67j.
[2026-10-08 00:42:08] (0s)  >>> First-level cache hit cached_Synth::Synth::TUnderlyingToOpaqueExpr#067cbe2b/2@f12a895j with empty relation.
[2026-10-08 00:42:08] (0s) Inferred that Synth::Synth::TUnderlyingToOpaqueExpr#067cbe2b_1#join_rhs/1@d14c83g2 is empty, due to cached_Synth::Synth::TUnderlyingToOpaqueExpr#067cbe2b/2@f12a895j.
[2026-10-08 00:42:08] (0s)  >>> First-level cache hit cached_Synth::Synth::TOptionalEvaluationExpr#f7ab09c0/2@df17e6o6 with empty relation.
[2026-10-08 00:42:08] (0s) Inferred that OptionalEvaluationExpr::Generated::OptionalEvaluationExpr.getImmediateSubExpr/0#dispred#f731ca9d/2@6e3b4dnb is empty, due to cached_Synth::Synth::TOptionalEvaluationExpr#f7ab09c0/2@df17e6o6.
[2026-10-08 00:42:08] (0s) Inferred that ControlFlowGraphImpl::Exprs::OptionalEvaluationTree#36d78899/2@a04e89o6 is empty, due to cached_Synth::Synth::TOptionalEvaluationExpr#f7ab09c0/2@df17e6o6.
[2026-10-08 00:42:08] (0s) Inferred that OptionalEvaluationExpr::Generated::OptionalEvaluationExpr.getSubExpr/0#dispred#88e39415/2@4a0135k8 is empty, due to cached_Synth::Synth::TOptionalEvaluationExpr#f7ab09c0/2@df17e6o6.
[2026-10-08 00:42:08] (0s) Inferred that OptionalEvaluationExpr::Generated::OptionalEvaluationExpr.getImmediateSubExpr/0#dispred#f731ca9d/2@a77b1175 is empty, due to cached_Synth::Synth::TOptionalEvaluationExpr#f7ab09c0/2@df17e6o6.
[2026-10-08 00:42:08] (0s)  >>> First-level cache hit cached_Synth::Synth::TMetatypeConversionExpr#69e49b49/2@8b01f3h6 with empty relation.
[2026-10-08 00:42:08] (0s) Inferred that OptionalEvaluationExpr::Generated::OptionalEvaluationExpr.getSubExpr/0#dispred#88e39415/2@9cba09vv is empty, due to OptionalEvaluationExpr::Generated::OptionalEvaluationExpr.getImmediateSubExpr/0#dispred#f731ca9d/2@a77b1175.
[2026-10-08 00:42:08] (0s) Inferred that Synth::Synth::TMetatypeConversionExpr#69e49b49_1#join_rhs/1@9095a6q2 is empty, due to cached_Synth::Synth::TMetatypeConversionExpr#69e49b49/2@8b01f3h6.
[2026-10-08 00:42:08] (0s)  >>> First-level cache hit cached_Synth::Synth::TLazyInitializationExpr#03f4fc3e/2@33bf7a7g with empty relation.
[2026-10-08 00:42:08] (0s) Inferred that LazyInitializationExpr::Generated::LazyInitializationExpr.getImmediateSubExpr/0#dispred#eef3374c/2@f609c80b is empty, due to cached_Synth::Synth::TLazyInitializationExpr#03f4fc3e/2@33bf7a7g.
[2026-10-08 00:42:08] (0s) Inferred that ControlFlowGraphImpl::Exprs::LazyInitializationTree#4efcb312/2@a2fcac5f is empty, due to cached_Synth::Synth::TLazyInitializationExpr#03f4fc3e/2@33bf7a7g.
[2026-10-08 00:42:08] (0s) Inferred that LazyInitializationExpr::Generated::LazyInitializationExpr.getSubExpr/0#dispred#a630b744/2@e5c076ni is empty, due to cached_Synth::Synth::TLazyInitializationExpr#03f4fc3e/2@33bf7a7g.
[2026-10-08 00:42:08] (0s) Inferred that Synth::Synth::TLazyInitializationExpr#03f4fc3e_1#antijoin_rhs/1@0f776e46 is empty, due to cached_Synth::Synth::TLazyInitializationExpr#03f4fc3e/2@33bf7a7g.
[2026-10-08 00:42:08] (0s) Inferred that LazyInitializationExpr::Generated::LazyInitializationExpr.getImmediateSubExpr/0#dispred#eef3374c/2@af1f6bdh is empty, due to cached_Synth::Synth::TLazyInitializationExpr#03f4fc3e/2@33bf7a7g.
[2026-10-08 00:42:08] (0s) Inferred that _Element::Generated::Element.resolve/0#6937ae00_Expr::Expr.getResolveStep/0#dispred#318c6ca3_0#antij__#join_rhs/2@61bdddht is empty, due to LazyInitializationExpr::Generated::LazyInitializationExpr.getImmediateSubExpr/0#dispred#eef3374c/2@af1f6bdh.
[2026-10-08 00:42:08] (0s)  >>> First-level cache hit cached_Synth::Synth::TKeyPathApplicationExpr#e5b19e99/2@95c73dpk with empty relation.
[2026-10-08 00:42:08] (0s) Inferred that KeyPathApplicationExpr::Generated::KeyPathApplicationExpr.getImmediateBase/0#dispred#38ae9d7c/2@1ac26954 is empty, due to cached_Synth::Synth::TKeyPathApplicationExpr#e5b19e99/2@95c73dpk.
[2026-10-08 00:42:08] (0s) Inferred that KeyPathApplicationExpr::Generated::KeyPathApplicationExpr.getImmediateKeyPath/0#dispred#88cd6151/2@90551a8o is empty, due to cached_Synth::Synth::TKeyPathApplicationExpr#e5b19e99/2@95c73dpk.
[2026-10-08 00:42:08] (0s) Inferred that ControlFlowGraphImpl::Exprs::KeyPathApplicationTree#efbd159e/2@874608lj is empty, due to cached_Synth::Synth::TKeyPathApplicationExpr#e5b19e99/2@95c73dpk.
[2026-10-08 00:42:08] (0s) Inferred that _Expr::Expr.getResolveStep/0#dispred#318c6ca3_0#antijoin_rhs_Synth::Synth::TKeyPathApplicationExpr#e__#shared/2@7ed751um is empty, due to cached_Synth::Synth::TKeyPathApplicationExpr#e5b19e99/2@95c73dpk.
[2026-10-08 00:42:08] (0s) Inferred that Synth::Synth::TKeyPathApplicationExpr#e5b19e99_1#antijoin_rhs/1@6f5f73fk is empty, due to cached_Synth::Synth::TKeyPathApplicationExpr#e5b19e99/2@95c73dpk.
[2026-10-08 00:42:08] (0s) Inferred that KeyPathApplicationExpr::Generated::KeyPathApplicationExpr.getImmediateBase/0#dispred#38ae9d7c/2@a7a0c6m0 is empty, due to cached_Synth::Synth::TKeyPathApplicationExpr#e5b19e99/2@95c73dpk.
[2026-10-08 00:42:08] (0s) Inferred that KeyPathApplicationExpr::Generated::KeyPathApplicationExpr.getImmediateKeyPath/0#dispred#88cd6151/2@2e15895s is empty, due to cached_Synth::Synth::TKeyPathApplicationExpr#e5b19e99/2@95c73dpk.
[2026-10-08 00:42:08] (0s) Inferred that KeyPathApplicationExpr::Generated::KeyPathApplicationExpr.getBase/0#dispred#7746678a/2@04c2f5d0 is empty, due to _Expr::Expr.getResolveStep/0#dispred#318c6ca3_0#antijoin_rhs_Synth::Synth::TKeyPathApplicationExpr#e__#shared/2@7ed751um.
[2026-10-08 00:42:08] (0s) Inferred that KeyPathApplicationExpr::Generated::KeyPathApplicationExpr.getKeyPath/0#dispred#6938ad13/2@76aa3e2t is empty, due to _Expr::Expr.getResolveStep/0#dispred#318c6ca3_0#antijoin_rhs_Synth::Synth::TKeyPathApplicationExpr#e__#shared/2@7ed751um.
[2026-10-08 00:42:08] (0s) Inferred that CfgNodes::KeyPathApplicationExprCfgNode#dcd4d0ef/2@51b86f00 is empty, due to Synth::Synth::TKeyPathApplicationExpr#e5b19e99_1#join_rhs/1@6f5f73fk.
[2026-10-08 00:42:08] (0s) Inferred that _Expr::Expr.getResolveStep/0#dispred#318c6ca3_0#antijoin_rhs_KeyPathApplicationExpr::Generated::KeyP__#shared/2@9681b6qr is empty, due to KeyPathApplicationExpr::Generated::KeyPathApplicationExpr.getImmediateBase/0#dispred#38ae9d7c/2@a7a0c6m0.
[2026-10-08 00:42:08] (0s) Inferred that KeyPathApplicationExpr::Generated::KeyPathApplicationExpr.getKeyPath/0#dispred#6938ad13/2@3b5e6bh9 is empty, due to KeyPathApplicationExpr::Generated::KeyPathApplicationExpr.getImmediateKeyPath/0#dispred#88cd6151/2@2e15895s.
[2026-10-08 00:42:08] (0s)  >>> Full cache hit cached_Synth::Synth::TFunctionConversionExpr#e4bc0d30/2@22c5edlb with 1 rows and digest 4a965c5ba2stfhffu8qao4s5i75.
[2026-10-08 00:42:08] (0s) Inferred that DataFlowDispatch::TKeyPathCall#dom#eece413d/1@795865ta is empty, due to CfgNodes::KeyPathApplicationExprCfgNode#dcd4d0ef/2@51b86f00.
[2026-10-08 00:42:08] (0s) Inferred that CfgNodes::KeyPathApplicationExprCfgNode#dcd4d0ef_10#join_rhs/2@64c9e12l is empty, due to CfgNodes::KeyPathApplicationExprCfgNode#dcd4d0ef/2@51b86f00.
[2026-10-08 00:42:08] (0s) Inferred that DataFlowPrivate::KeyPathOutNode#f49d92ce/4@6d11c3ip is empty, due to CfgNodes::KeyPathApplicationExprCfgNode#dcd4d0ef/2@51b86f00.
[2026-10-08 00:42:08] (0s) Inferred that DataFlowPrivate::KeyPathAssignmentArgumentNode#62229d5e/2@7e157fr7 is empty, due to CfgNodes::KeyPathApplicationExprCfgNode#dcd4d0ef/2@51b86f00.
[2026-10-08 00:42:08] (0s) Inferred that CfgNodes::KeyPathApplicationExprCfgNode.getBase/0#dispred#e6fe1e2c/2@44f70ff7 is empty, due to _Expr::Expr.getResolveStep/0#dispred#318c6ca3_0#antijoin_rhs_KeyPathApplicationExpr::Generated::KeyP__#shared/2@9681b6qr.
[2026-10-08 00:42:08] (0s) Inferred that DataFlowDispatch::TKeyPathCall#27774dab/2@d9436b09 is empty, due to DataFlowDispatch::TKeyPathCall#dom#eece413d/1@795865ta.
[2026-10-08 00:42:08] (0s) Inferred that DataFlowPrivate::KeyPathOutNode#f49d92ce_120#join_rhs/3@03789bet is empty, due to DataFlowPrivate::KeyPathOutNode#f49d92ce/4@6d11c3ip.
[2026-10-08 00:42:08] (0s) Inferred that DataFlowPrivate::KeyPathAssignmentArgumentNode#62229d5e_10#join_rhs/2@4832d008 is empty, due to DataFlowPrivate::KeyPathAssignmentArgumentNode#62229d5e/2@7e157fr7.
[2026-10-08 00:42:08] (0s) Inferred that project#CfgNodes::KeyPathApplicationExprCfgNode.getBase/0#dispred#e6fe1e2c/1@858e42km is empty, due to CfgNodes::KeyPathApplicationExprCfgNode.getBase/0#dispred#e6fe1e2c/2@44f70ff7.
[2026-10-08 00:42:08] (0s) Inferred that cached_DataFlowDispatch::TKeyPathCall#27774dab/2@db4f6f86 is empty, due to DataFlowDispatch::TKeyPathCall#27774dab/2@d9436b09.
[2026-10-08 00:42:08] (0s)  >>> First-level cache hit cached_Synth::Synth::TAnyHashableErasureExpr#0ca15a55/2@2c3e7f0k with empty relation.
[2026-10-08 00:42:08] (0s) Inferred that Synth::Synth::TAnyHashableErasureExpr#0ca15a55_1#join_rhs/1@28c741pe is empty, due to cached_Synth::Synth::TAnyHashableErasureExpr#0ca15a55/2@2c3e7f0k.
[2026-10-08 00:42:08] (0s)  >>> First-level cache hit cached_Synth::Synth::TDiscardAssignmentExpr#e64fd2dc/2@0128328i with empty relation.
[2026-10-08 00:42:08] (0s) Inferred that Synth::Synth::TDiscardAssignmentExpr#e64fd2dc_1#antijoin_rhs/1@6489dcaq is empty, due to cached_Synth::Synth::TDiscardAssignmentExpr#e64fd2dc/2@0128328i.
[2026-10-08 00:42:08] (0s)  >>> First-level cache hit cached_Synth::Synth::TForcedCheckedCastExpr#7723bc31/2@c087f8un with empty relation.
[2026-10-08 00:42:08] (0s) Inferred that Synth::Synth::TForcedCheckedCastExpr#7723bc31_1#join_rhs/1@92c8b4j0 is empty, due to cached_Synth::Synth::TForcedCheckedCastExpr#7723bc31/2@c087f8un.
[2026-10-08 00:42:08] (0s)  >>> First-level cache hit cached_Synth::Synth::TAbiSafeConversionExpr#9c7313bf/2@5f7e2dlu with empty relation.
[2026-10-08 00:42:08] (0s)  >>> First-level cache hit cached_Synth::Synth::TPointerToPointerExpr#e35729e3/2@b3d055hf with empty relation.
[2026-10-08 00:42:08] (0s) Inferred that Synth::Synth::TAbiSafeConversionExpr#9c7313bf_1#join_rhs/1@53adfbl3 is empty, due to cached_Synth::Synth::TAbiSafeConversionExpr#9c7313bf/2@5f7e2dlu.
[2026-10-08 00:42:08] (0s) Inferred that Synth::Synth::TPointerToPointerExpr#e35729e3_1#join_rhs/1@e9574dlb is empty, due to cached_Synth::Synth::TPointerToPointerExpr#e35729e3/2@b3d055hf.
[2026-10-08 00:42:08] (0s)  >>> First-level cache hit cached_Synth::Synth::TDynamicSubscriptExpr#2a005669/2@53cfd8re with empty relation.
[2026-10-08 00:42:08] (0s) Inferred that Synth::Synth::TDynamicSubscriptExpr#2a005669_1#join_rhs/1@77b764ci is empty, due to cached_Synth::Synth::TDynamicSubscriptExpr#2a005669/2@53cfd8re.
[2026-10-08 00:42:08] (0s)  >>> First-level cache hit cached_Synth::Synth::TDynamicMemberRefExpr#6da7b8cc/2@fea8698m with empty relation.
[2026-10-08 00:42:08] (0s) Inferred that Synth::Synth::TDynamicMemberRefExpr#6da7b8cc_1#join_rhs/1@85ede8dk is empty, due to cached_Synth::Synth::TDynamicMemberRefExpr#6da7b8cc/2@fea8698m.
[2026-10-08 00:42:08] (0s)  >>> First-level cache hit cached_Synth::Synth::TDestructureTupleExpr#860e5a59/2@ad1baaae with empty relation.
[2026-10-08 00:42:08] (0s) Inferred that Synth::Synth::TDestructureTupleExpr#860e5a59_1#join_rhs/1@89bb22e1 is empty, due to cached_Synth::Synth::TDestructureTupleExpr#860e5a59/2@ad1baaae.
[2026-10-08 00:42:08] (0s)  >>> First-level cache hit cached_Synth::Synth::TVarargExpansionExpr#368405ed/2@22e4d77o with empty relation.
[2026-10-08 00:42:08] (0s) Inferred that VarargExpansionExpr::Generated::VarargExpansionExpr.getImmediateSubExpr/0#dispred#95039a85/2@f40ffa5j is empty, due to cached_Synth::Synth::TVarargExpansionExpr#368405ed/2@22e4d77o.
[2026-10-08 00:42:08] (0s)  >>> First-level cache hit cached_Synth::Synth::TArchetypeToSuperExpr#a2acdb61/2@909d69po with empty relation.
[2026-10-08 00:42:08] (0s) Inferred that ControlFlowGraphImpl::Exprs::VarargExpansionTree#1b8fa5b9/2@64018fq1 is empty, due to cached_Synth::Synth::TVarargExpansionExpr#368405ed/2@22e4d77o.
[2026-10-08 00:42:08] (0s) Inferred that VarargExpansionExpr::Generated::VarargExpansionExpr.getSubExpr/0#dispred#db583825/2@646cf00p is empty, due to cached_Synth::Synth::TVarargExpansionExpr#368405ed/2@22e4d77o.
[2026-10-08 00:42:08] (0s) Inferred that Synth::Synth::TVarargExpansionExpr#368405ed_1#antijoin_rhs/1@1d4192ep is empty, due to cached_Synth::Synth::TVarargExpansionExpr#368405ed/2@22e4d77o.
[2026-10-08 00:42:08] (0s) Inferred that VarargExpansionExpr::Generated::VarargExpansionExpr.getImmediateSubExpr/0#dispred#95039a85/2@65276ee6 is empty, due to cached_Synth::Synth::TVarargExpansionExpr#368405ed/2@22e4d77o.
[2026-10-08 00:42:08] (0s) Inferred that VarargExpansionExpr::Generated::VarargExpansionExpr.getImmediateSubExpr/0#dispred#95039a85/2@ab6f14k7 is empty, due to cached_Synth::Synth::TVarargExpansionExpr#368405ed/2@22e4d77o.
[2026-10-08 00:42:08] (0s) Inferred that _Element::Generated::Element.resolve/0#6937ae00_Expr::Expr.getResolveStep/0#dispred#318c6ca3_0#antij__#join_rhs#2/2@1a71dc31 is empty, due to VarargExpansionExpr::Generated::VarargExpansionExpr.getImmediateSubExpr/0#dispred#95039a85/2@65276ee6.
[2026-10-08 00:42:08] (0s) Inferred that VarargExpansionExpr::Generated::VarargExpansionExpr.getSubExpr/0#dispred#db583825/2@ee4f197o is empty, due to VarargExpansionExpr::Generated::VarargExpansionExpr.getImmediateSubExpr/0#dispred#95039a85/2@ab6f14k7.
[2026-10-08 00:42:08] (0s) Inferred that Synth::Synth::TArchetypeToSuperExpr#a2acdb61_1#join_rhs/1@ae66d49f is empty, due to cached_Synth::Synth::TArchetypeToSuperExpr#a2acdb61/2@909d69po.
[2026-10-08 00:42:08] (0s)  >>> First-level cache hit cached_Synth::Synth::TStringToPointerExpr#aa0ce277/2@805f4a9p with empty relation.
[2026-10-08 00:42:08] (0s)  >>> First-level cache hit cached_Synth::Synth::TSingleValueStmtExpr#ee9fcec0/2@c0956aid with empty relation.
[2026-10-08 00:42:08] (0s) Inferred that SingleValueStmtExpr::Generated::SingleValueStmtExpr.getStmt/0#dispred#3fc1ccef/2@7eed000g is empty, due to cached_Synth::Synth::TSingleValueStmtExpr#ee9fcec0/2@c0956aid.
[2026-10-08 00:42:08] (0s) Inferred that Synth::Synth::TStringToPointerExpr#aa0ce277_1#join_rhs/1@0f03b21e is empty, due to cached_Synth::Synth::TStringToPointerExpr#aa0ce277/2@805f4a9p.
[2026-10-08 00:42:08] (0s) Inferred that ControlFlowGraphImpl::Exprs::SingleValueStmtExprTree#55a24ede/2@8a7a58qk is empty, due to cached_Synth::Synth::TSingleValueStmtExpr#ee9fcec0/2@c0956aid.
[2026-10-08 00:42:08] (0s) Inferred that Synth::Synth::TSingleValueStmtExpr#ee9fcec0_10#join_rhs/2@1c1c82k6 is empty, due to cached_Synth::Synth::TSingleValueStmtExpr#ee9fcec0/2@c0956aid.
[2026-10-08 00:42:08] (0s)  >>> First-level cache hit cached_Synth::Synth::TOpenExistentialExpr#69c081f6/2@4d6d8dra with empty relation.
[2026-10-08 00:42:08] (0s) Inferred that OpenExistentialExpr::Generated::OpenExistentialExpr.getImmediateExistential/0#dispred#85ee8816/2@da95fdpm is empty, due to cached_Synth::Synth::TOpenExistentialExpr#69c081f6/2@4d6d8dra.
[2026-10-08 00:42:08] (0s) Inferred that OpenExistentialExpr::Generated::OpenExistentialExpr.getImmediateSubExpr/0#dispred#c7275d80/2@7b24bcav is empty, due to cached_Synth::Synth::TOpenExistentialExpr#69c081f6/2@4d6d8dra.
[2026-10-08 00:42:08] (0s) Inferred that ControlFlowGraphImpl::Exprs::OpenExistentialTree#aab2d9fd/2@9b723cct is empty, due to cached_Synth::Synth::TOpenExistentialExpr#69c081f6/2@4d6d8dra.
[2026-10-08 00:42:08] (0s) Inferred that _Expr::Expr.getResolveStep/0#dispred#318c6ca3_0#antijoin_rhs_Synth::Synth::TOpenExistentialExpr#69c0__#shared/2@8354781d is empty, due to cached_Synth::Synth::TOpenExistentialExpr#69c081f6/2@4d6d8dra.
[2026-10-08 00:42:08] (0s) Inferred that OpenExistentialExpr::Generated::OpenExistentialExpr.getImmediateSubExpr/0#dispred#c7275d80/2@052694r3 is empty, due to cached_Synth::Synth::TOpenExistentialExpr#69c081f6/2@4d6d8dra.
[2026-10-08 00:42:08] (0s) Inferred that OpenExistentialExpr::Generated::OpenExistentialExpr.getExistential/0#dispred#b46fd36a/2@d2306443 is empty, due to _Expr::Expr.getResolveStep/0#dispred#318c6ca3_0#antijoin_rhs_Synth::Synth::TOpenExistentialExpr#69c0__#shared/2@8354781d.
[2026-10-08 00:42:08] (0s)  >>> First-level cache hit cached_Synth::Synth::TMaterializePackExpr#95302548/2@ce52d057 with empty relation.
[2026-10-08 00:42:08] (0s) Inferred that OpenExistentialExpr::Generated::OpenExistentialExpr.getSubExpr/0#dispred#49552a5f/2@5b1b720p is empty, due to _Expr::Expr.getResolveStep/0#dispred#318c6ca3_0#antijoin_rhs_Synth::Synth::TOpenExistentialExpr#69c0__#shared/2@8354781d.
[2026-10-08 00:42:08] (0s) Inferred that OpenExistentialExpr::Generated::OpenExistentialExpr.getSubExpr/0#dispred#49552a5f/2@aa1b16kt is empty, due to OpenExistentialExpr::Generated::OpenExistentialExpr.getImmediateSubExpr/0#dispred#c7275d80/2@052694r3.
[2026-10-08 00:42:08] (0s) Inferred that MaterializePackExpr::Generated::MaterializePackExpr.getImmediateSubExpr/0#dispred#af2bc32b/2@9381667i is empty, due to cached_Synth::Synth::TMaterializePackExpr#95302548/2@ce52d057.
[2026-10-08 00:42:08] (0s) Inferred that ControlFlowGraphImpl::Exprs::MaterializePackExprTree#ce302072/2@05c291al is empty, due to cached_Synth::Synth::TMaterializePackExpr#95302548/2@ce52d057.
[2026-10-08 00:42:08] (0s) Inferred that MaterializePackExpr::Generated::MaterializePackExpr.getSubExpr/0#dispred#1a2fe936/2@ab39e8ub is empty, due to cached_Synth::Synth::TMaterializePackExpr#95302548/2@ce52d057.
[2026-10-08 00:42:08] (0s)  >>> First-level cache hit cached_Synth::Synth::TLinearFunctionExpr#fe6da37b/2@7f7ed756 with empty relation.
[2026-10-08 00:42:08] (0s)  >>> First-level cache hit cached_Synth::Synth::TDefaultArgumentExpr#f8106b5f/2@9c15e378 with empty relation.
[2026-10-08 00:42:08] (0s) Inferred that Synth::Synth::TLinearFunctionExpr#fe6da37b_1#join_rhs/1@917effpl is empty, due to cached_Synth::Synth::TLinearFunctionExpr#fe6da37b/2@7f7ed756.
[2026-10-08 00:42:08] (0s) Inferred that Synth::Synth::TDefaultArgumentExpr#f8106b5f_1#antijoin_rhs/1@422538jb is empty, due to cached_Synth::Synth::TDefaultArgumentExpr#f8106b5f/2@9c15e378.
[2026-10-08 00:42:08] (0s)  >>> First-level cache hit cached_Synth::Synth::TInOutToPointerExpr#5326128c/2@c688f9o0 with empty relation.
[2026-10-08 00:42:08] (0s) Inferred that Synth::Synth::TInOutToPointerExpr#5326128c_1#join_rhs/1@f59e43bf is empty, due to cached_Synth::Synth::TInOutToPointerExpr#5326128c/2@c688f9o0.
[2026-10-08 00:42:08] (0s)  >>> Full cache hit cached_Synth::Synth::TIntegerLiteralExpr#9ed0a0f2/2@c26a55dk with 14943 rows and digest 23787btn9h2vpo0hj806phukr6a.
[2026-10-08 00:42:08] (0s)  >>> Full cache hit cached_Synth::Synth::TBooleanLiteralExpr#99b3fb7f/2@de856829 with 1 rows and digest cabc4ain6pnmsau5s27kv1f9ge5.
[2026-10-08 00:42:08] (0s)  >>> First-level cache hit cached_Synth::Synth::TArrayToPointerExpr#b95316dd/2@eec4660b with empty relation.
[2026-10-08 00:42:08] (0s) Inferred that Synth::Synth::TArrayToPointerExpr#b95316dd_1#join_rhs/1@d7d94ao4 is empty, due to cached_Synth::Synth::TArrayToPointerExpr#b95316dd/2@eec4660b.
[2026-10-08 00:42:08] (0s)  >>> Full cache hit cached_Synth::Synth::TBridgeFromObjCExpr#867030ca/2@d3c5427b with 38 rows and digest 0cd847pcn0f4k0hihvfvu81url4.
[2026-10-08 00:42:08] (0s)  >>> First-level cache hit cached_Synth::Synth::TPackExpansionExpr#75eece85/2@923cfd19 with empty relation.
[2026-10-08 00:42:08] (0s) Inferred that PackExpansionExpr::Generated::PackExpansionExpr.getImmediatePatternExpr/0#dispred#002f8cb0/2@0acd4cak is empty, due to cached_Synth::Synth::TPackExpansionExpr#75eece85/2@923cfd19.
[2026-10-08 00:42:08] (0s) Inferred that ControlFlowGraphImpl::Exprs::PackExpansionExprTree#62e87809/2@a7c5360d is empty, due to cached_Synth::Synth::TPackExpansionExpr#75eece85/2@923cfd19.
[2026-10-08 00:42:08] (0s) Inferred that PackExpansionExpr::Generated::PackExpansionExpr.getPatternExpr/0#dispred#7348f030/2@8f3bc2e6 is empty, due to cached_Synth::Synth::TPackExpansionExpr#75eece85/2@923cfd19.
[2026-10-08 00:42:08] (0s)  >>> First-level cache hit cached_Synth::Synth::TDerivedToBaseExpr#6070e7e4/2@7ac69cve with empty relation.
[2026-10-08 00:42:08] (0s)  >>> First-level cache hit cached_Synth::Synth::TObjectLiteralExpr#8e8a0dd9/2@64dd82pm with empty relation.
[2026-10-08 00:42:08] (0s) Inferred that Synth::Synth::TDerivedToBaseExpr#6070e7e4_1#join_rhs/1@027b63e0 is empty, due to cached_Synth::Synth::TDerivedToBaseExpr#6070e7e4/2@7ac69cve.
[2026-10-08 00:42:08] (0s) Inferred that ObjectLiteralExpr::Generated::ObjectLiteralExpr.getArgument/1#dispred#11e79e1f/3@473828q4 is empty, due to cached_Synth::Synth::TObjectLiteralExpr#8e8a0dd9/2@64dd82pm.
[2026-10-08 00:42:08] (0s) Inferred that ObjectLiteralExpr::Generated::ObjectLiteralExpr.getNumberOfArguments/0#dispred#26ccdd9b/2@27c0f27p is empty, due to cached_Synth::Synth::TObjectLiteralExpr#8e8a0dd9/2@64dd82pm.
[2026-10-08 00:42:08] (0s) Inferred that ObjectLiteralExpr::Generated::ObjectLiteralExpr.getKind/0#dispred#15a98561/2@b16827vd is empty, due to cached_Synth::Synth::TObjectLiteralExpr#8e8a0dd9/2@64dd82pm.
[2026-10-08 00:42:08] (0s)  >>> First-level cache hit cached_Synth::Synth::TTupleElementExpr#a3b34463/2@5480d92j with empty relation.
[2026-10-08 00:42:08] (0s) Inferred that ObjectLiteralExpr::Generated::ObjectLiteralExpr.getArgument/1#dispred#11e79e1f_01#count_range/2@e7c74ce9 is empty, due to ObjectLiteralExpr::Generated::ObjectLiteralExpr.getArgument/1#dispred#11e79e1f/3@473828q4.
[2026-10-08 00:42:08] (0s) Inferred that ObjectLiteralExpr::Generated::ObjectLiteralExpr.getArgument/1#dispred#11e79e1f_0#antijoin_rhs/1@4e8c9drp is empty, due to ObjectLiteralExpr::Generated::ObjectLiteralExpr.getArgument/1#dispred#11e79e1f/3@473828q4.
[2026-10-08 00:42:08] (0s) Inferred that ObjectLiteralExpr::Generated::ObjectLiteralExpr.getKind/0#dispred#15a98561_10#join_rhs/2@ad7e225l is empty, due to ObjectLiteralExpr::Generated::ObjectLiteralExpr.getKind/0#dispred#15a98561/2@b16827vd.
[2026-10-08 00:42:08] (0s) Inferred that _ObjectLiteralExpr::Generated::ObjectLiteralExpr.getArgument/1#dispred#11e79e1f_01#count_range#join_rhs/2@9f18bbc5 is empty, due to ObjectLiteralExpr::Generated::ObjectLiteralExpr.getArgument/1#dispred#11e79e1f_01#count_range/2@e7c74ce9.
[2026-10-08 00:42:08] (0s) Inferred that TupleElementExpr::Generated::TupleElementExpr.getImmediateSubExpr/0#dispred#3a4437e0/2@afc98apo is empty, due to cached_Synth::Synth::TTupleElementExpr#a3b34463/2@5480d92j.
[2026-10-08 00:42:08] (0s) Inferred that ControlFlowGraphImpl::Exprs::TupleElementTree#26241f4c/2@1118f3n3 is empty, due to cached_Synth::Synth::TTupleElementExpr#a3b34463/2@5480d92j.
[2026-10-08 00:42:08] (0s) Inferred that TupleElementExpr::Generated::TupleElementExpr.getSubExpr/0#dispred#ebc956b0/2@2105ablj is empty, due to cached_Synth::Synth::TTupleElementExpr#a3b34463/2@5480d92j.
[2026-10-08 00:42:08] (0s) Inferred that Synth::Synth::TTupleElementExpr#a3b34463_1#antijoin_rhs/1@be2cd9fc is empty, due to cached_Synth::Synth::TTupleElementExpr#a3b34463/2@5480d92j.
[2026-10-08 00:42:08] (0s) Inferred that TupleElementExpr::Generated::TupleElementExpr.getIndex/0#dispred#626d3b84/2@f2f3c46u is empty, due to cached_Synth::Synth::TTupleElementExpr#a3b34463/2@5480d92j.
[2026-10-08 00:42:08] (0s)  >>> First-level cache hit cached_Synth::Synth::TRegexLiteralExpr#c000cb56/2@6cae3cod with empty relation.
[2026-10-08 00:42:08] (0s) Inferred that TupleElementExpr::Generated::TupleElementExpr.getImmediateSubExpr/0#dispred#3a4437e0/2@01234271 is empty, due to cached_Synth::Synth::TTupleElementExpr#a3b34463/2@5480d92j.
[2026-10-08 00:42:08] (0s) Inferred that TupleElementExpr::Generated::TupleElementExpr.getIndex/0#dispred#626d3b84_10#join_rhs/2@632cc0l5 is empty, due to TupleElementExpr::Generated::TupleElementExpr.getIndex/0#dispred#626d3b84/2@f2f3c46u.
[2026-10-08 00:42:08] (0s) Inferred that TupleElementExpr::Generated::TupleElementExpr.getSubExpr/0#dispred#ebc956b0/2@9cd8bc49 is empty, due to TupleElementExpr::Generated::TupleElementExpr.getImmediateSubExpr/0#dispred#3a4437e0/2@01234271.
[2026-10-08 00:42:08] (0s) Inferred that _TupleElementExpr::Generated::TupleElementExpr.getIndex/0#dispred#626d3b84_10#join_rhs_TupleElementE__#shared/3@6742490j is empty, due to TupleElementExpr::Generated::TupleElementExpr.getIndex/0#dispred#626d3b84_10#join_rhs/2@632cc0l5.
[2026-10-08 00:42:08] (0s) Inferred that Synth::Synth::TRegexLiteralExpr#c000cb56_1#antijoin_rhs/1@c8299b1q is empty, due to cached_Synth::Synth::TRegexLiteralExpr#c000cb56/2@6cae3cod.
[2026-10-08 00:42:08] (0s)  >>> First-level cache hit cached_Synth::Synth::TObjCSelectorExpr#444c9092/2@9a4123kj with empty relation.
[2026-10-08 00:42:08] (0s) Inferred that ObjCSelectorExpr::Generated::ObjCSelectorExpr.getImmediateSubExpr/0#dispred#34fbcedf/2@ee32b9d5 is empty, due to cached_Synth::Synth::TObjCSelectorExpr#444c9092/2@9a4123kj.
[2026-10-08 00:42:08] (0s) Inferred that ControlFlowGraphImpl::Exprs::ObjCSelectorTree#b81ef913/2@cd1ed0aj is empty, due to cached_Synth::Synth::TObjCSelectorExpr#444c9092/2@9a4123kj.
[2026-10-08 00:42:08] (0s) Inferred that ObjCSelectorExpr::Generated::ObjCSelectorExpr.getSubExpr/0#dispred#4c0fc582/2@60ccf2t9 is empty, due to cached_Synth::Synth::TObjCSelectorExpr#444c9092/2@9a4123kj.
[2026-10-08 00:42:08] (0s) Inferred that Synth::Synth::TObjCSelectorExpr#444c9092_1#antijoin_rhs/1@859b19oo is empty, due to cached_Synth::Synth::TObjCSelectorExpr#444c9092/2@9a4123kj.
[2026-10-08 00:42:08] (0s)  >>> Full cache hit cached_Synth::Synth::TFloatLiteralExpr#f476fd54/2@b62da2e7 with 177 rows and digest ab5479u1ovr61fr5t5np0r0c5gc.
[2026-10-08 00:42:08] (0s)  >>> Full cache hit cached_Synth::Synth::TBridgeToObjCExpr#aca5fee7/2@72b3401i with 60 rows and digest 30b0b76jfsq4oksrtm29fsnbp57.
[2026-10-08 00:42:08] (0s)  >>> First-level cache hit cached_Synth::Synth::TBindOptionalExpr#e5116af4/2@7026b4ku with empty relation.
[2026-10-08 00:42:08] (0s) Inferred that BindOptionalExpr::Generated::BindOptionalExpr.getImmediateSubExpr/0#dispred#1c98fca6/2@7ac5d35p is empty, due to cached_Synth::Synth::TBindOptionalExpr#e5116af4/2@7026b4ku.
[2026-10-08 00:42:08] (0s) Inferred that ControlFlowGraphImpl::Exprs::BindOptionalTree#b8f025f4/2@53f30fnt is empty, due to cached_Synth::Synth::TBindOptionalExpr#e5116af4/2@7026b4ku.
[2026-10-08 00:42:08] (0s) Inferred that BindOptionalExpr::Generated::BindOptionalExpr.getSubExpr/0#dispred#54b0d4dc/2@201b2d95 is empty, due to cached_Synth::Synth::TBindOptionalExpr#e5116af4/2@7026b4ku.
[2026-10-08 00:42:08] (0s) Inferred that Synth::Synth::TBindOptionalExpr#e5116af4_1#antijoin_rhs/1@294f61qp is empty, due to cached_Synth::Synth::TBindOptionalExpr#e5116af4/2@7026b4ku.
[2026-10-08 00:42:08] (0s)  >>> First-level cache hit cached_Synth::Synth::TUnreachableExpr#fe41eeea/2@52b214a4 with empty relation.
[2026-10-08 00:42:08] (0s) Inferred that BindOptionalExpr::Generated::BindOptionalExpr.getImmediateSubExpr/0#dispred#1c98fca6/2@d424e1mj is empty, due to cached_Synth::Synth::TBindOptionalExpr#e5116af4/2@7026b4ku.
[2026-10-08 00:42:08] (0s) Inferred that BindOptionalExpr::Generated::BindOptionalExpr.getSubExpr/0#dispred#54b0d4dc/2@369188gp is empty, due to BindOptionalExpr::Generated::BindOptionalExpr.getImmediateSubExpr/0#dispred#1c98fca6/2@d424e1mj.
[2026-10-08 00:42:08] (0s) Inferred that Synth::Synth::TUnreachableExpr#fe41eeea_1#join_rhs/1@19e957kn is empty, due to cached_Synth::Synth::TUnreachableExpr#fe41eeea/2@52b214a4.
[2026-10-08 00:42:08] (0s)  >>> First-level cache hit cached_Synth::Synth::TPackElementExpr#a2e17bdb/2@125b910s with empty relation.
[2026-10-08 00:42:08] (0s) Inferred that PackElementExpr::Generated::PackElementExpr.getImmediateSubExpr/0#dispred#e5eb7983/2@6354a07o is empty, due to cached_Synth::Synth::TPackElementExpr#a2e17bdb/2@125b910s.
[2026-10-08 00:42:08] (0s) Inferred that ControlFlowGraphImpl::Exprs::PackElementExprTree#6ec74e54/2@ecba984p is empty, due to cached_Synth::Synth::TPackElementExpr#a2e17bdb/2@125b910s.
[2026-10-08 00:42:08] (0s) Inferred that PackElementExpr::Generated::PackElementExpr.getSubExpr/0#dispred#0c347ba0/2@5438ad70 is empty, due to cached_Synth::Synth::TPackElementExpr#a2e17bdb/2@125b910s.
[2026-10-08 00:42:08] (0s)  >>> First-level cache hit cached_Synth::Synth::TOptionalTryExpr#0f092936/2@c7fb6aj5 with empty relation.
[2026-10-08 00:42:08] (0s) Inferred that Synth::Synth::TOptionalTryExpr#0f092936_1#join_rhs/1@50fe552j is empty, due to cached_Synth::Synth::TOptionalTryExpr#0f092936/2@c7fb6aj5.
[2026-10-08 00:42:08] (0s)  >>> First-level cache hit cached_Synth::Synth::TOpaqueValueExpr#b4fc1e55/2@da0cea53 with empty relation.
[2026-10-08 00:42:08] (0s)  >>> First-level cache hit cached_Synth::Synth::TDynamicTypeExpr#16d385bf/2@1c8b16f1 with empty relation.
[2026-10-08 00:42:08] (0s) Inferred that DynamicTypeExpr::Generated::DynamicTypeExpr.getImmediateBase/0#dispred#4c25a2d9/2@485f550q is empty, due to cached_Synth::Synth::TDynamicTypeExpr#16d385bf/2@1c8b16f1.
[2026-10-08 00:42:08] (0s) Inferred that ControlFlowGraphImpl::Exprs::DynamicTypeTree#8de22b18/2@6018a9hk is empty, due to cached_Synth::Synth::TDynamicTypeExpr#16d385bf/2@1c8b16f1.
[2026-10-08 00:42:08] (0s) Inferred that DynamicTypeExpr::Generated::DynamicTypeExpr.getBase/0#dispred#9b1d95f2/2@bbd57d4h is empty, due to cached_Synth::Synth::TDynamicTypeExpr#16d385bf/2@1c8b16f1.
[2026-10-08 00:42:08] (0s) Inferred that Synth::Synth::TDynamicTypeExpr#16d385bf_1#antijoin_rhs/1@81fa8cv8 is empty, due to cached_Synth::Synth::TDynamicTypeExpr#16d385bf/2@1c8b16f1.
[2026-10-08 00:42:08] (0s)  >>> First-level cache hit cached_Synth::Synth::TUnsafeCastExpr#e98b616b/2@1da95c0l with empty relation.
[2026-10-08 00:42:08] (0s) Inferred that Synth::Synth::TUnsafeCastExpr#e98b616b_1#join_rhs/1@0e8f632i is empty, due to cached_Synth::Synth::TUnsafeCastExpr#e98b616b/2@1da95c0l.
[2026-10-08 00:42:08] (0s)  >>> First-level cache hit cached_Synth::Synth::TCaptureListExpr#4e5ecb1c/2@e4f6e7b0 with empty relation.
[2026-10-08 00:42:08] (0s) Inferred that CaptureListExpr::Generated::CaptureListExpr.getBindingDecl/1#dispred#8f91690a/3@365bdcld is empty, due to cached_Synth::Synth::TCaptureListExpr#4e5ecb1c/2@e4f6e7b0.
[2026-10-08 00:42:08] (0s) Inferred that CaptureListExpr::Generated::CaptureListExpr.getNumberOfBindingDecls/0#dispred#46e7e62f/2@5b1424kd is empty, due to cached_Synth::Synth::TCaptureListExpr#4e5ecb1c/2@e4f6e7b0.
[2026-10-08 00:42:08] (0s) Inferred that CaptureListExpr::Generated::CaptureListExpr.getImmediateClosureBody/0#dispred#a264ebaf/2@9aadda6v is empty, due to cached_Synth::Synth::TCaptureListExpr#4e5ecb1c/2@e4f6e7b0.
[2026-10-08 00:42:08] (0s) Inferred that CaptureListExpr::Generated::CaptureListExpr.getNumberOfVariables/0#dispred#6a207b20/2@f3b513fv is empty, due to cached_Synth::Synth::TCaptureListExpr#4e5ecb1c/2@e4f6e7b0.
[2026-10-08 00:42:08] (0s) Inferred that ControlFlowGraphImpl::Exprs::CaptureListTree#03f4b23a/2@a75444rg is empty, due to cached_Synth::Synth::TCaptureListExpr#4e5ecb1c/2@e4f6e7b0.
[2026-10-08 00:42:08] (0s) Inferred that CaptureListExpr::Generated::CaptureListExpr.getClosureBody/0#dispred#f4fccc06/2@34cb11ni is empty, due to cached_Synth::Synth::TCaptureListExpr#4e5ecb1c/2@e4f6e7b0.
[2026-10-08 00:42:08] (0s) Inferred that Synth::Synth::TCaptureListExpr#4e5ecb1c_1#antijoin_rhs/1@a104f53k is empty, due to cached_Synth::Synth::TCaptureListExpr#4e5ecb1c/2@e4f6e7b0.
[2026-10-08 00:42:08] (0s) Inferred that CaptureListExpr::Generated::CaptureListExpr.getBindingDecl/1#dispred#8f91690a_01#count_range/2@7a9149pj is empty, due to CaptureListExpr::Generated::CaptureListExpr.getBindingDecl/1#dispred#8f91690a/3@365bdcld.
[2026-10-08 00:42:08] (0s) Inferred that CaptureListExpr::Generated::CaptureListExpr.getBindingDecl/1#dispred#8f91690a_0#antijoin_rhs/1@ef8aa0r3 is empty, due to CaptureListExpr::Generated::CaptureListExpr.getBindingDecl/1#dispred#8f91690a/3@365bdcld.
[2026-10-08 00:42:08] (0s) Inferred that CaptureListExpr::CaptureListExpr.getVariable/1#dispred#96e296a1/3@c5ae0061 is empty, due to CaptureListExpr::Generated::CaptureListExpr.getBindingDecl/1#dispred#8f91690a/3@365bdcld.
[2026-10-08 00:42:08] (0s)  >>> Full cache hit cached_Synth::Synth::TNilLiteralExpr#d121107c/2@e4a19605 with 1 rows and digest 8df468dgnl6658vih2issvbuo6f.
[2026-10-08 00:42:08] (0s) Inferred that _CaptureListExpr::Generated::CaptureListExpr.getBindingDecl/1#dispred#8f91690a_01#count_range#join_rhs/2@fd29d14s is empty, due to CaptureListExpr::Generated::CaptureListExpr.getBindingDecl/1#dispred#8f91690a_01#count_range/2@7a9149pj.
[2026-10-08 00:42:08] (0s) Inferred that CaptureListExpr::CaptureListExpr.getVariable/1#dispred#96e296a1_01#count_range/2@e0bba24r is empty, due to CaptureListExpr::CaptureListExpr.getVariable/1#dispred#96e296a1/3@c5ae0061.
[2026-10-08 00:42:08] (0s) Inferred that CaptureListExpr::CaptureListExpr.getVariable/1#dispred#96e296a1_0#antijoin_rhs/1@7ac73c3t is empty, due to CaptureListExpr::CaptureListExpr.getVariable/1#dispred#96e296a1/3@c5ae0061.
[2026-10-08 00:42:08] (0s) Inferred that _CaptureListExpr::CaptureListExpr.getVariable/1#dispred#96e296a1_01#count_range#join_rhs/2@cd3b3cfc is empty, due to CaptureListExpr::CaptureListExpr.getVariable/1#dispred#96e296a1_01#count_range/2@e0bba24r.
[2026-10-08 00:42:08] (0s)  >>> First-level cache hit cached_Synth::Synth::TKeyPathDotExpr#ffba864a/2@fa0ae5ae with empty relation.
[2026-10-08 00:42:08] (0s) Inferred that Synth::Synth::TKeyPathDotExpr#ffba864a_1#antijoin_rhs/1@68d3c2aq is empty, due to cached_Synth::Synth::TKeyPathDotExpr#ffba864a/2@fa0ae5ae.
[2026-10-08 00:42:08] (0s)  >>> First-level cache hit cached_Synth::Synth::TEnumIsCaseExpr#3123b215/2@0c79f2ji with empty relation.
[2026-10-08 00:42:08] (0s) Inferred that EnumIsCaseExpr::Generated::EnumIsCaseExpr.getImmediateSubExpr/0#dispred#3086005c/2@3b7285j0 is empty, due to cached_Synth::Synth::TEnumIsCaseExpr#3123b215/2@0c79f2ji.
[2026-10-08 00:42:08] (0s) Inferred that ControlFlowGraphImpl::Exprs::EnumIsCaseTree#f798c0ff/2@81d3ffkh is empty, due to cached_Synth::Synth::TEnumIsCaseExpr#3123b215/2@0c79f2ji.
[2026-10-08 00:42:08] (0s) Inferred that EnumIsCaseExpr::Generated::EnumIsCaseExpr.getSubExpr/0#dispred#58ad6568/2@1e22071m is empty, due to cached_Synth::Synth::TEnumIsCaseExpr#3123b215/2@0c79f2ji.
[2026-10-08 00:42:08] (0s) Inferred that Synth::Synth::TEnumIsCaseExpr#3123b215_1#antijoin_rhs/1@8864b565 is empty, due to cached_Synth::Synth::TEnumIsCaseExpr#3123b215/2@0c79f2ji.
[2026-10-08 00:42:08] (0s)  >>> First-level cache hit cached_Synth::Synth::TDictionaryExpr#0a7110a3/2@d5b85285 with empty relation.
[2026-10-08 00:42:08] (0s) Inferred that DictionaryExpr::Generated::DictionaryExpr.getImmediateElement/1#dispred#01f48f9a/3@48daf5cn is empty, due to cached_Synth::Synth::TDictionaryExpr#0a7110a3/2@d5b85285.
[2026-10-08 00:42:08] (0s) Inferred that ControlFlowGraphImpl::Exprs::DictionaryLiteralTree#a17d8237/2@74d269mo is empty, due to cached_Synth::Synth::TDictionaryExpr#0a7110a3/2@d5b85285.
[2026-10-08 00:42:08] (0s) Inferred that DictionaryExpr::Generated::DictionaryExpr.getImmediateElement/1#dispred#01f48f9a/3@38293002 is empty, due to cached_Synth::Synth::TDictionaryExpr#0a7110a3/2@d5b85285.
[2026-10-08 00:42:08] (0s) Inferred that Synth::Synth::TDictionaryExpr#0a7110a3_1#antijoin_rhs/1@9860b746 is empty, due to cached_Synth::Synth::TDictionaryExpr#0a7110a3/2@d5b85285.
[2026-10-08 00:42:08] (0s) Inferred that DictionaryExpr::Generated::DictionaryExpr.getImmediateElement/1#dispred#01f48f9a/3@520a440o is empty, due to cached_Synth::Synth::TDictionaryExpr#0a7110a3/2@d5b85285.
[2026-10-08 00:42:08] (0s) Inferred that _DictionaryExpr::Generated::DictionaryExpr.getImmediateElement/1#dispred#01f48f9a#max_range/2@2d3c28m4 is empty, due to DictionaryExpr::Generated::DictionaryExpr.getImmediateElement/1#dispred#01f48f9a/3@48daf5cn.
[2026-10-08 00:42:08] (0s) Inferred that _DictionaryExpr::Generated::DictionaryExpr.getImmediateElement/1#dispred#01f48f9a#max_term/3@ae88c6l5 is empty, due to DictionaryExpr::Generated::DictionaryExpr.getImmediateElement/1#dispred#01f48f9a/3@48daf5cn.
[2026-10-08 00:42:08] (0s) Inferred that ControlFlowGraphImpl::Exprs::DictionaryLiteralTree#a17d8237_10#join_rhs/2@3fa862io is empty, due to ControlFlowGraphImpl::Exprs::DictionaryLiteralTree#a17d8237/2@74d269mo.
[2026-10-08 00:42:08] (0s) Inferred that DictionaryExpr::Generated::DictionaryExpr.getAnElement/0#dispred#c2b975dc/2@07915f2m is empty, due to DictionaryExpr::Generated::DictionaryExpr.getImmediateElement/1#dispred#01f48f9a/3@520a440o.
[2026-10-08 00:42:08] (0s) Inferred that __DictionaryExpr::Generated::DictionaryExpr.getImmediateElement/1#dispred#01f48f9a#max_range__Dictio__#join_rhs/1@7250bbof is empty, due to _DictionaryExpr::Generated::DictionaryExpr.getImmediateElement/1#dispred#01f48f9a#max_range/2@2d3c28m4.
[2026-10-08 00:42:08] (0s)  >>> Full cache hit cached_Synth::Synth::TForceValueExpr#46e88c3b/2@d6a553f4 with 1 rows and digest ea3cb3jkd1a229mk8d50pscvkl0.
[2026-10-08 00:42:08] (0s)  >>> First-level cache hit cached_Synth::Synth::TTypeValueExpr#c5cf603d/2@1bf76bc7 with empty relation.
[2026-10-08 00:42:08] (0s)  >>> Full cache hit cached_Synth::Synth::TSubscriptExpr#aa4a4343/2@bd2104f7 with 1 rows and digest cf6e3d98ecig0jroomc0p7vssg1.
[2026-10-08 00:42:08] (0s)  >>> First-level cache hit cached_Synth::Synth::TSuperRefExpr#4d1b7b74/2@e9fc8ce6 with empty relation.
[2026-10-08 00:42:08] (0s) Inferred that Synth::Synth::TSuperRefExpr#4d1b7b74_1#antijoin_rhs/1@cd0e4a5a is empty, due to cached_Synth::Synth::TSuperRefExpr#4d1b7b74/2@e9fc8ce6.
[2026-10-08 00:42:08] (0s)  >>> First-level cache hit cached_Synth::Synth::TSequenceExpr#32ecc61a/2@ae6a6dlo with empty relation.
[2026-10-08 00:42:08] (0s)  >>> First-level cache hit cached_Synth::Synth::TForceTryExpr#aca35586/2@18221b0p with empty relation.
[2026-10-08 00:42:08] (0s) Inferred that SequenceExpr::Generated::SequenceExpr.getImmediateElement/1#dispred#0126392c/3@511a16vd is empty, due to cached_Synth::Synth::TSequenceExpr#32ecc61a/2@ae6a6dlo.
[2026-10-08 00:42:08] (0s) Inferred that _SequenceExpr::Generated::SequenceExpr.getImmediateElement/1#dispred#0126392c#max_range/2@9c5fc99d is empty, due to SequenceExpr::Generated::SequenceExpr.getImmediateElement/1#dispred#0126392c/3@511a16vd.
[2026-10-08 00:42:08] (0s) Inferred that _SequenceExpr::Generated::SequenceExpr.getImmediateElement/1#dispred#0126392c#max_term/3@478377on is empty, due to SequenceExpr::Generated::SequenceExpr.getImmediateElement/1#dispred#0126392c/3@511a16vd.
[2026-10-08 00:42:08] (0s) Inferred that __SequenceExpr::Generated::SequenceExpr.getImmediateElement/1#dispred#0126392c#max_range__SequenceEx__#join_rhs/1@54ce6192 is empty, due to _SequenceExpr::Generated::SequenceExpr.getImmediateElement/1#dispred#0126392c#max_range/2@9c5fc99d.
[2026-10-08 00:42:08] (0s) Inferred that Synth::Synth::TForceTryExpr#aca35586_1#join_rhs/1@0f4139gi is empty, due to cached_Synth::Synth::TForceTryExpr#aca35586/2@18221b0p.
[2026-10-08 00:42:08] (0s)  >>> First-level cache hit cached_Synth::Synth::TKeyPathExpr#d2a0a362/2@31c31efq with empty relation.
[2026-10-08 00:42:08] (0s) Inferred that KeyPathExpr::Generated::KeyPathExpr.getNumberOfComponents/0#dispred#f667fa97/2@56a62bos is empty, due to cached_Synth::Synth::TKeyPathExpr#d2a0a362/2@31c31efq.
[2026-10-08 00:42:08] (0s) Inferred that KeyPathExpr::Generated::KeyPathExpr.getRoot/0#dispred#33c7a14c/2@308bd35t is empty, due to cached_Synth::Synth::TKeyPathExpr#d2a0a362/2@31c31efq.
[2026-10-08 00:42:08] (0s) Inferred that ControlFlowElements::TKeyPathElement#dom#f10df078/1@775d5761 is empty, due to cached_Synth::Synth::TKeyPathExpr#d2a0a362/2@31c31efq.
[2026-10-08 00:42:08] (0s) Inferred that ControlFlowElements::TKeyPathElement#b129b1c7/2@69f0d63h is empty, due to ControlFlowElements::TKeyPathElement#dom#f10df078/1@775d5761.
[2026-10-08 00:42:08] (0s) Inferred that Ssa::Ssa::SsaInput::TKeyPathSourceVariable#dom#15ef7cb5/1@9fe010a5 is empty, due to Synth::Synth::TKeyPathExpr#d2a0a362_1#join_rhs/1@775d5761.
[2026-10-08 00:42:08] (0s) Inferred that DataFlowPrivate::TKeyPathReturnNode#dom#57f84076/1@43f9b9k7 is empty, due to Synth::Synth::TKeyPathExpr#d2a0a362_1#join_rhs/1@775d5761.
[2026-10-08 00:42:08] (0s) Inferred that KeyPathExpr::Generated::KeyPathExpr.getNumberOfComponents/0#dispred#f667fa97/2@2f0015lu is empty, due to Synth::Synth::TKeyPathExpr#d2a0a362_1#join_rhs/1@775d5761.
[2026-10-08 00:42:08] (0s) Inferred that cached_ControlFlowElements::TKeyPathElement#b129b1c7/2@8fb2b37h is empty, due to ControlFlowElements::TKeyPathElement#b129b1c7/2@69f0d63h.
[2026-10-08 00:42:08] (0s) Inferred that num#Ssa::Ssa::SsaInput::TKeyPathSourceVariable#96b937dc/2@bd8bafa1 is empty, due to Ssa::Ssa::SsaInput::TKeyPathSourceVariable#dom#15ef7cb5/1@9fe010a5.
[2026-10-08 00:42:08] (0s) Inferred that DataFlowPrivate::TKeyPathParameterNode#3b6d215d/2@c8d35c1m is empty, due to DataFlowPrivate::TKeyPathParameterNode#dom#d517c3e0/1@9fe010a5.
[2026-10-08 00:42:08] (0s) Inferred that DataFlowPrivate::TKeyPathParameterPostUpdateNode#b12a6191/2@96efb07d is empty, due to DataFlowPrivate::TKeyPathParameterNode#dom#d517c3e0/1@9fe010a5.
[2026-10-08 00:42:08] (0s) Inferred that DataFlowPrivate::TKeyPathReturnNode#d261fe57/2@120c47qa is empty, due to DataFlowPrivate::TKeyPathReturnNode#dom#57f84076/1@43f9b9k7.
[2026-10-08 00:42:08] (0s) Inferred that DataFlowPrivate::TKeyPathReturnPostUpdateNode#02247d28/2@2e80682j is empty, due to DataFlowPrivate::TKeyPathReturnNode#dom#57f84076/1@43f9b9k7.
[2026-10-08 00:42:08] (0s) Inferred that Ssa::Ssa::SsaInput::SourceVariable.asKeyPath/0#dispred#dfdcbd97/2@db4696dn is empty, due to num#Ssa::Ssa::SsaInput::TKeyPathSourceVariable#96b937dc/2@bd8bafa1.
[2026-10-08 00:42:08] (0s) Inferred that _ControlFlowGraphImplSpecific::CfgImpl::Cached::Public::getNodeCfgScope/1#0b45c2c9_DataFlowPrivate::__#shared#2/2@ccaf9ega is empty, due to DataFlowPrivate::TKeyPathParameterNode#3b6d215d/2@c8d35c1m.
[2026-10-08 00:42:08] (0s)  >>> Full cache hit cached_Synth::Synth::TErasureExpr#b856878f/2@381a3but with 3 rows and digest 4bd1fa129fmpaq0t1ish586da65.
[2026-10-08 00:42:08] (0s) Inferred that cached_DataFlowPrivate::TKeyPathParameterNode#3b6d215d/2@410265fi is empty, due to DataFlowPrivate::TKeyPathParameterNode#3b6d215d/2@c8d35c1m.
[2026-10-08 00:42:08] (0s) Inferred that cached_DataFlowPrivate::TKeyPathParameterPostUpdateNode#b12a6191/2@ed445d58 is empty, due to DataFlowPrivate::TKeyPathParameterPostUpdateNode#b12a6191/2@96efb07d.
[2026-10-08 00:42:08] (0s) Inferred that _ControlFlowGraphImplSpecific::CfgImpl::Cached::Public::getNodeCfgScope/1#0b45c2c9_DataFlowPrivate::__#shared/2@7fe99978 is empty, due to DataFlowPrivate::TKeyPathReturnNode#d261fe57/2@120c47qa.
[2026-10-08 00:42:08] (0s) Inferred that cached_DataFlowPrivate::TKeyPathReturnNode#d261fe57/2@f49b35li is empty, due to DataFlowPrivate::TKeyPathReturnNode#d261fe57/2@120c47qa.
[2026-10-08 00:42:08] (0s) Inferred that _ControlFlowGraphImplSpecific::CfgImpl::Cached::Public::getNodeCfgScope/1#0b45c2c9_DataFlowPrivate::__#shared#1/2@ae26b2df is empty, due to DataFlowPrivate::TKeyPathReturnPostUpdateNode#02247d28/2@2e80682j.
[2026-10-08 00:42:08] (0s) Inferred that cached_DataFlowPrivate::TKeyPathReturnPostUpdateNode#02247d28/2@96be547v is empty, due to DataFlowPrivate::TKeyPathReturnPostUpdateNode#02247d28/2@2e80682j.
[2026-10-08 00:42:08] (0s) Inferred that DataFlowPrivate::KeyPathParameterNode.isParameterOf/2#dispred#e6b9d143#cpe#12/2@157e04i9 is empty, due to _ControlFlowGraphImplSpecific::CfgImpl::Cached::Public::getNodeCfgScope/1#0b45c2c9_DataFlowPrivate::__#shared#2/2@ccaf9ega.
[2026-10-08 00:42:08] (0s) Inferred that DataFlowPrivate::KeyPathReturnNodeImpl.getKeyPathExpr/0#dispred#ed36f7c4/2@de2907m0 is empty, due to _ControlFlowGraphImplSpecific::CfgImpl::Cached::Public::getNodeCfgScope/1#0b45c2c9_DataFlowPrivate::__#shared/2@7fe99978.
[2026-10-08 00:42:08] (0s) Inferred that DataFlowPrivate::KeyPathReturnPostUpdateNode.getKeyPathExpr/0#dispred#ed1d1dd7/2@4eefc15c is empty, due to _ControlFlowGraphImplSpecific::CfgImpl::Cached::Public::getNodeCfgScope/1#0b45c2c9_DataFlowPrivate::__#shared#1/2@ae26b2df.
[2026-10-08 00:42:08] (0s) Inferred that DataFlowPrivate::KeyPathReturnNodeImpl.getKeyPathExpr/0#dispred#ed36f7c4_10#join_rhs/2@744b06jl is empty, due to DataFlowPrivate::KeyPathReturnNodeImpl.getKeyPathExpr/0#dispred#ed36f7c4/2@de2907m0.
[2026-10-08 00:42:08] (0s) Inferred that DataFlowPrivate::KeyPathReturnPostUpdateNode.getKeyPathExpr/0#dispred#ed1d1dd7_10#join_rhs/2@c08f6469 is empty, due to DataFlowPrivate::KeyPathReturnPostUpdateNode.getKeyPathExpr/0#dispred#ed1d1dd7/2@4eefc15c.
[2026-10-08 00:42:08] (0s)  >>> First-level cache hit cached_Synth::Synth::TDotSelfExpr#2af432ab/2@e85b6a0p with empty relation.
[2026-10-08 00:42:08] (0s) Inferred that Synth::Synth::TDotSelfExpr#2af432ab_1#join_rhs/1@53c290eg is empty, due to cached_Synth::Synth::TDotSelfExpr#2af432ab/2@e85b6a0p.
[2026-10-08 00:42:08] (0s)  >>> Full cache hit cached_Synth::Synth::TDeclRefExpr#d9fd4dc9/2@30d0ffe0 with 12231 rows and digest 6fcdbc1utt4lg8lef6tu1g10bn5.
[2026-10-08 00:42:08] (0s)  >>> First-level cache hit cached_Synth::Synth::TUnsafeExpr#5c199287/2@9793536j with empty relation.
[2026-10-08 00:42:08] (0s) Inferred that Synth::Synth::TUnsafeExpr#5c199287_1#join_rhs/1@1e7a1bsu is empty, due to cached_Synth::Synth::TUnsafeExpr#5c199287/2@9793536j.
[2026-10-08 00:42:08] (0s)  >>> First-level cache hit cached_Synth::Synth::TConsumeExpr#6debb2d8/2@6b4f96pi with empty relation.
[2026-10-08 00:42:08] (0s) Inferred that ConsumeExpr::Generated::ConsumeExpr.getImmediateSubExpr/0#dispred#ac9e2db9/2@6bf221ff is empty, due to cached_Synth::Synth::TConsumeExpr#6debb2d8/2@6b4f96pi.
[2026-10-08 00:42:08] (0s) Inferred that ControlFlowGraphImpl::Exprs::ConsumeExprTree#5b93c2f4/2@49e8dfin is empty, due to cached_Synth::Synth::TConsumeExpr#6debb2d8/2@6b4f96pi.
[2026-10-08 00:42:08] (0s)  >>> First-level cache hit cached_Synth::Synth::TOneWayExpr#b4202b84/2@53bd2276 with empty relation.
[2026-10-08 00:42:08] (0s) Inferred that ConsumeExpr::Generated::ConsumeExpr.getSubExpr/0#dispred#d4535c4c/2@57d543mu is empty, due to cached_Synth::Synth::TConsumeExpr#6debb2d8/2@6b4f96pi.
[2026-10-08 00:42:08] (0s) Inferred that OneWayExpr::Generated::OneWayExpr.getImmediateSubExpr/0#dispred#ea633a76/2@365ad4kn is empty, due to cached_Synth::Synth::TOneWayExpr#b4202b84/2@53bd2276.
[2026-10-08 00:42:08] (0s) Inferred that ControlFlowGraphImpl::Exprs::OneWayTree#cb2df409/2@517e9c41 is empty, due to cached_Synth::Synth::TOneWayExpr#b4202b84/2@53bd2276.
[2026-10-08 00:42:08] (0s) Inferred that OneWayExpr::Generated::OneWayExpr.getImmediateSubExpr/0#dispred#ea633a76/2@276a61rh is empty, due to cached_Synth::Synth::TOneWayExpr#b4202b84/2@53bd2276.
[2026-10-08 00:42:08] (0s) Inferred that Synth::Synth::TOneWayExpr#b4202b84_1#antijoin_rhs/1@9ea6f9ui is empty, due to cached_Synth::Synth::TOneWayExpr#b4202b84/2@53bd2276.
[2026-10-08 00:42:08] (0s) Inferred that OneWayExpr::Generated::OneWayExpr.getImmediateSubExpr/0#dispred#ea633a76/2@0fa60dmr is empty, due to cached_Synth::Synth::TOneWayExpr#b4202b84/2@53bd2276.
[2026-10-08 00:42:08] (0s) Inferred that OneWayExpr::Generated::OneWayExpr.getSubExpr/0#dispred#c18e12d1/2@20c5d1ss is empty, due to OneWayExpr::Generated::OneWayExpr.getImmediateSubExpr/0#dispred#ea633a76/2@276a61rh.
[2026-10-08 00:42:08] (0s) Inferred that OneWayExpr::Generated::OneWayExpr.getSubExpr/0#dispred#c18e12d1/2@1c2e71i4 is empty, due to OneWayExpr::Generated::OneWayExpr.getImmediateSubExpr/0#dispred#ea633a76/2@0fa60dmr.
[2026-10-08 00:42:08] (0s) Inferred that OneWayExpr::Generated::OneWayExpr.getSubExpr/0#dispred#c18e12d1_10#join_rhs/2@33cc1dd8 is empty, due to OneWayExpr::Generated::OneWayExpr.getSubExpr/0#dispred#c18e12d1/2@1c2e71i4.
[2026-10-08 00:42:08] (0s)  >>> First-level cache hit cached_Synth::Synth::TBorrowExpr#0b4a36c6/2@5e4be0jn with empty relation.
[2026-10-08 00:42:08] (0s) Inferred that Synth::Synth::TBorrowExpr#0b4a36c6_1#join_rhs/1@cf74975a is empty, due to cached_Synth::Synth::TBorrowExpr#0b4a36c6/2@5e4be0jn.
[2026-10-08 00:42:08] (0s)  >>> Full cache hit cached_Synth::Synth::TCoerceExpr#39192c64/2@c9b3526g with 98 rows and digest ec98a1aq4uqhamj4rs1lehru0kb.
[2026-10-08 00:42:08] (0s)  >>> First-level cache hit cached_Synth::Synth::TTupleExpr#29bd1b0a/2@262e14j1 with empty relation.
[2026-10-08 00:42:08] (0s) Inferred that TupleExpr::Generated::TupleExpr.getImmediateElement/1#dispred#96eaeafe/3@5efb9fg9 is empty, due to cached_Synth::Synth::TTupleExpr#29bd1b0a/2@262e14j1.
[2026-10-08 00:42:08] (0s) Inferred that ControlFlowGraphImpl::Exprs::TupleTree#c270585a/2@27aa4bdm is empty, due to cached_Synth::Synth::TTupleExpr#29bd1b0a/2@262e14j1.
[2026-10-08 00:42:08] (0s) Inferred that TupleExpr::Generated::TupleExpr.getImmediateElement/1#dispred#96eaeafe/3@1690c1k9 is empty, due to cached_Synth::Synth::TTupleExpr#29bd1b0a/2@262e14j1.
[2026-10-08 00:42:08] (0s) Inferred that Synth::Synth::TTupleExpr#29bd1b0a_1#antijoin_rhs/1@59313bqc is empty, due to cached_Synth::Synth::TTupleExpr#29bd1b0a/2@262e14j1.
[2026-10-08 00:42:08] (0s) Inferred that TupleExpr::Generated::TupleExpr.getImmediateElement/1#dispred#96eaeafe/3@a4e22ade is empty, due to cached_Synth::Synth::TTupleExpr#29bd1b0a/2@262e14j1.
[2026-10-08 00:42:08] (0s) Inferred that TupleExpr::Generated::TupleExpr.getImmediateElement/1#dispred#96eaeafe/3@b2bb49vi is empty, due to cached_Synth::Synth::TTupleExpr#29bd1b0a/2@262e14j1.
[2026-10-08 00:42:08] (0s) Inferred that TupleExpr::Generated::TupleExpr.getImmediateElement/1#dispred#96eaeafe/3@9a1c5brj is empty, due to cached_Synth::Synth::TTupleExpr#29bd1b0a/2@262e14j1.
[2026-10-08 00:42:08] (0s) Inferred that _TupleExpr::Generated::TupleExpr.getImmediateElement/1#dispred#96eaeafe#max_range/2@a4a508ni is empty, due to TupleExpr::Generated::TupleExpr.getImmediateElement/1#dispred#96eaeafe/3@5efb9fg9.
[2026-10-08 00:42:08] (0s) Inferred that _TupleExpr::Generated::TupleExpr.getImmediateElement/1#dispred#96eaeafe#max_term/3@20ffd550 is empty, due to TupleExpr::Generated::TupleExpr.getImmediateElement/1#dispred#96eaeafe/3@5efb9fg9.
[2026-10-08 00:42:08] (0s) Inferred that ControlFlowGraphImpl::Exprs::TupleTree#c270585a_10#join_rhs/2@a40f2btk is empty, due to ControlFlowGraphImpl::Exprs::TupleTree#c270585a/2@27aa4bdm.
[2026-10-08 00:42:08] (0s) Inferred that TupleExpr::Generated::TupleExpr.getImmediateElement/1#dispred#96eaeafe_102#join_rhs/3@9a2185nh is empty, due to TupleExpr::Generated::TupleExpr.getImmediateElement/1#dispred#96eaeafe/3@a4e22ade.
[2026-10-08 00:42:08] (0s)  >>> Full cache hit cached_Synth::Synth::TAssignExpr#4d91050c/2@40fbff87 with 3098 rows and digest ee8bc71micu3l553a1fa6tei9f7.
[2026-10-08 00:42:08] (0s) Inferred that TupleExpr::Generated::TupleExpr.getElement/1#dispred#37228a9a/3@37dfa27e is empty, due to TupleExpr::Generated::TupleExpr.getImmediateElement/1#dispred#96eaeafe/3@b2bb49vi.
[2026-10-08 00:42:08] (0s) Inferred that TupleExpr::Generated::TupleExpr.getImmediateElement/1#dispred#96eaeafe_102#join_rhs/3@8ddff0a9 is empty, due to TupleExpr::Generated::TupleExpr.getImmediateElement/1#dispred#96eaeafe/3@9a1c5brj.
[2026-10-08 00:42:08] (0s) Inferred that __TupleExpr::Generated::TupleExpr.getImmediateElement/1#dispred#96eaeafe#max_range__TupleExpr::Gener__#join_rhs/1@4f2e66qo is empty, due to _TupleExpr::Generated::TupleExpr.getImmediateElement/1#dispred#96eaeafe#max_range/2@a4a508ni.
[2026-10-08 00:42:08] (0s) Inferred that _TupleExpr::Generated::TupleExpr.getImmediateElement/1#dispred#96eaeafe_102#join_rhs_TuplePattern::G__#join_rhs/4@11dfb4rm is empty, due to TupleExpr::Generated::TupleExpr.getImmediateElement/1#dispred#96eaeafe_102#join_rhs/3@9a2185nh.
[2026-10-08 00:42:08] (0s) Inferred that DataFlowPrivate::TTupleContent#dom#71e703a3/1@b1271b51 is empty, due to TupleExpr::Generated::TupleExpr.getElement/1#dispred#37228a9a/3@37dfa27e.
[2026-10-08 00:42:08] (0s) Inferred that TupleExpr::Generated::TupleExpr.getElement/1#dispred#37228a9a_102#join_rhs/3@1bf33bve is empty, due to TupleExpr::Generated::TupleExpr.getElement/1#dispred#37228a9a/3@37dfa27e.
[2026-10-08 00:42:08] (0s) Inferred that _TupleExpr::Generated::TupleExpr.getImmediateElement/1#dispred#96eaeafe_102#join_rhs_TuplePattern::G__#join_rhs/4@5be5c8s1 is empty, due to TupleExpr::Generated::TupleExpr.getImmediateElement/1#dispred#96eaeafe_102#join_rhs/3@8ddff0a9.
[2026-10-08 00:42:08] (0s) Inferred that DataFlowPrivate::TTupleContent#94e22c35/2@96d249gk is empty, due to DataFlowPrivate::TTupleContent#dom#71e703a3/1@b1271b51.
[2026-10-08 00:42:08] (0s) Inferred that _TupleExpr::Generated::TupleExpr.getElement/1#dispred#37228a9a_102#join_rhs_TuplePattern::Generated:__#join_rhs/4@9193d496 is empty, due to TupleExpr::Generated::TupleExpr.getElement/1#dispred#37228a9a_102#join_rhs/3@1bf33bve.
[2026-10-08 00:42:08] (0s) Inferred that DataFlowPrivate::TTupleContent#94e22c35_1#join_rhs/1@bcaac897 is empty, due to DataFlowPrivate::TTupleContent#94e22c35/2@96d249gk.
[2026-10-08 00:42:08] (0s) Inferred that _DataFlowPrivate::TSingletonContent#7a03e3e2_DataFlowPrivate::TTupleContent#94e22c35#shared/2@f2d3f3s6 is empty, due to DataFlowPrivate::TTupleContent#94e22c35/2@96d249gk.
[2026-10-08 00:42:08] (0s) Inferred that _DataFlowPrivate::TDictionarySubscriptNode#bb14851e_DataFlowPrivate::TSingletonContent#7a03e3e2_Data__#shared/3@dbaf91bs is empty, due to DataFlowPrivate::TTupleContent#94e22c35/2@96d249gk.
[2026-10-08 00:42:08] (0s) Inferred that cached_DataFlowPrivate::TTupleContent#94e22c35/2@8b9ec8e0 is empty, due to DataFlowPrivate::TTupleContent#94e22c35/2@96d249gk.
[2026-10-08 00:42:08] (0s)  >>> First-level cache hit cached_Synth::Synth::TParenExpr#81d40ae0/2@a5bab0cg with empty relation.
[2026-10-08 00:42:08] (0s) Inferred that Synth::Synth::TParenExpr#81d40ae0_1#join_rhs/1@c828b83t is empty, due to cached_Synth::Synth::TParenExpr#81d40ae0/2@a5bab0cg.
[2026-10-08 00:42:08] (0s)  >>> First-level cache hit cached_Synth::Synth::TAwaitExpr#6204bb36/2@f57a4dsq with empty relation.
[2026-10-08 00:42:08] (0s) Inferred that Synth::Synth::TAwaitExpr#6204bb36_1#join_rhs/1@a7f0a492 is empty, due to cached_Synth::Synth::TAwaitExpr#6204bb36/2@f57a4dsq.
[2026-10-08 00:42:08] (0s)  >>> Full cache hit cached_Synth::Synth::TArrayExpr#8890e100/2@3606681p with 1 rows and digest 2fc15bggioe4bf1f5cll4flq3u3.
[2026-10-08 00:42:08] (0s)  >>> Full cache hit cached_Synth::Synth::TInOutExpr#44321ca1/2@cfb0c1m8 with 759 rows and digest d8497e2d2dt5ahc0krmuam2bd33.
[2026-10-08 00:42:08] (0s)  >>> Full cache hit cached_Synth::Synth::TTypeExpr#b91ffb42/2@02a62fnc with 954 rows and digest 07380ejml0kqk4n2lsdav8l0n36.
[2026-10-08 00:42:08] (0s)  >>> First-level cache hit cached_Synth::Synth::TCopyExpr#df1dd922/2@381dcf46 with empty relation.
[2026-10-08 00:42:08] (0s) Inferred that CopyExpr::Generated::CopyExpr.getImmediateSubExpr/0#dispred#cb9a8662/2@d41160tt is empty, due to cached_Synth::Synth::TCopyExpr#df1dd922/2@381dcf46.
[2026-10-08 00:42:08] (0s) Inferred that ControlFlowGraphImpl::Exprs::CopyExprTree#4b32ef53/2@8c34a4f8 is empty, due to cached_Synth::Synth::TCopyExpr#df1dd922/2@381dcf46.
[2026-10-08 00:42:08] (0s) Inferred that CopyExpr::Generated::CopyExpr.getSubExpr/0#dispred#141b1e34/2@983af3os is empty, due to cached_Synth::Synth::TCopyExpr#df1dd922/2@381dcf46.
[2026-10-08 00:42:08] (0s)  >>> First-level cache hit cached_Synth::Synth::TLoadExpr#f2bc71da/2@83f84ag1 with empty relation.
[2026-10-08 00:42:08] (0s) Inferred that Synth::Synth::TLoadExpr#f2bc71da_1#join_rhs/1@532796dn is empty, due to cached_Synth::Synth::TLoadExpr#f2bc71da/2@83f84ag1.
[2026-10-08 00:42:08] (0s)  >>> First-level cache hit cached_Synth::Synth::TTapExpr#846ec96a/2@904b5dhq with empty relation.
[2026-10-08 00:42:08] (0s) Inferred that TapExpr::Generated::TapExpr.getBody/0#dispred#4d5cdd10/2@d336b41m is empty, due to cached_Synth::Synth::TTapExpr#846ec96a/2@904b5dhq.
[2026-10-08 00:42:08] (0s) Inferred that TapExpr::Generated::TapExpr.getImmediateSubExpr/0#dispred#f0eaddd8/2@0cab1cqt is empty, due to cached_Synth::Synth::TTapExpr#846ec96a/2@904b5dhq.
[2026-10-08 00:42:08] (0s) Inferred that ControlFlowGraphImpl::Exprs::TapExprTree#25ea11c1/2@f5e833je is empty, due to cached_Synth::Synth::TTapExpr#846ec96a/2@904b5dhq.
[2026-10-08 00:42:08] (0s) Inferred that TapExpr::Generated::TapExpr.getSubExpr/0#dispred#7736fb47/2@03272blr is empty, due to cached_Synth::Synth::TTapExpr#846ec96a/2@904b5dhq.
[2026-10-08 00:42:08] (0s)  >>> Full cache hit cached_Synth::Synth::TTryExpr#e15e67f5/2@23e87dm1 with 1 rows and digest a0a412ia5qmn8uiplq0632rftq1.
[2026-10-08 00:42:08] (0s) Inferred that TapExpr::Generated::TapExpr.getVar/0#dispred#47d1a6b5/2@5ff3296n is empty, due to cached_Synth::Synth::TTapExpr#846ec96a/2@904b5dhq.
[2026-10-08 00:42:08] (0s) Inferred that TapExpr::Generated::TapExpr.getImmediateSubExpr/0#dispred#f0eaddd8/2@f61f4dp1 is empty, due to cached_Synth::Synth::TTapExpr#846ec96a/2@904b5dhq.
[2026-10-08 00:42:08] (0s) Inferred that TapExpr::Generated::TapExpr.getImmediateSubExpr/0#dispred#f0eaddd8/2@15e40b7d is empty, due to cached_Synth::Synth::TTapExpr#846ec96a/2@904b5dhq.
[2026-10-08 00:42:08] (0s) Inferred that _Expr::Expr.getResolveStep/0#dispred#318c6ca3_0#antijoin_rhs_TapExpr::Generated::TapExpr.getImmediat__#shared/2@b00fa0ac is empty, due to TapExpr::Generated::TapExpr.getImmediateSubExpr/0#dispred#f0eaddd8/2@f61f4dp1.
[2026-10-08 00:42:08] (0s) Inferred that _Expr::Expr.getResolveStep/0#dispred#318c6ca3_0#antijoin_rhs_TapExpr::Generated::TapExpr.getImmediat__#shared/2@e83b49d5 is empty, due to TapExpr::Generated::TapExpr.getImmediateSubExpr/0#dispred#f0eaddd8/2@15e40b7d.
[2026-10-08 00:42:08] (0s) Inferred that TapExpr::Generated::TapExpr.getSubExpr/0#dispred#7736fb47/2@f7d528n4 is empty, due to _Expr::Expr.getResolveStep/0#dispred#318c6ca3_0#antijoin_rhs_TapExpr::Generated::TapExpr.getImmediat__#shared/2@b00fa0ac.
[2026-10-08 00:42:08] (0s) Inferred that TapExpr::Generated::TapExpr.getSubExpr/0#dispred#7736fb47/2@389397iu is empty, due to _Expr::Expr.getResolveStep/0#dispred#318c6ca3_0#antijoin_rhs_TapExpr::Generated::TapExpr.getImmediat__#shared/2@e83b49d5.
[2026-10-08 00:42:08] (0s)  >>> First-level cache hit cached_Synth::Synth::TIsExpr#e5607cdc/2@834e3ec6 with empty relation.
[2026-10-08 00:42:08] (0s) Inferred that Synth::Synth::TIsExpr#e5607cdc_1#join_rhs/1@11e969ks is empty, due to cached_Synth::Synth::TIsExpr#e5607cdc/2@834e3ec6.
[2026-10-08 00:42:08] (0s) Inferred that ControlFlowGraphImpl::Exprs::IsTree#1f7ef8b0/2@6b4c763m is empty, due to cached_Synth::Synth::TIsExpr#e5607cdc/2@834e3ec6.
[2026-10-08 00:42:08] (0s)  >>> First-level cache hit cached_Synth::Synth::TIfExpr#0dd62e70/2@d935f787 with empty relation.
[2026-10-08 00:42:08] (0s) Inferred that IfExpr::Generated::IfExpr.getImmediateCondition/0#dispred#9e95f85f/2@e409d1u6 is empty, due to cached_Synth::Synth::TIfExpr#0dd62e70/2@d935f787.
[2026-10-08 00:42:08] (0s) Inferred that IfExpr::Generated::IfExpr.getImmediateElseExpr/0#dispred#0068860d/2@0e3c7f66 is empty, due to cached_Synth::Synth::TIfExpr#0dd62e70/2@d935f787.
[2026-10-08 00:42:08] (0s) Inferred that IfExpr::Generated::IfExpr.getImmediateThenExpr/0#dispred#d2e27c38/2@f81f80q7 is empty, due to cached_Synth::Synth::TIfExpr#0dd62e70/2@d935f787.
[2026-10-08 00:42:08] (0s) Inferred that ControlFlowGraphImpl::Exprs::IfTree#a7e65e91/2@e758e10g is empty, due to cached_Synth::Synth::TIfExpr#0dd62e70/2@d935f787.
[2026-10-08 00:42:08] (0s) Inferred that _Expr::Expr.getResolveStep/0#dispred#318c6ca3_0#antijoin_rhs_Synth::Synth::TIfExpr#0dd62e70#shared/2@a4e0db9e is empty, due to cached_Synth::Synth::TIfExpr#0dd62e70/2@d935f787.
[2026-10-08 00:42:08] (0s) Inferred that Synth::Synth::TIfExpr#0dd62e70_1#antijoin_rhs/1@7196a8u5 is empty, due to cached_Synth::Synth::TIfExpr#0dd62e70/2@d935f787.
[2026-10-08 00:42:08] (0s)  >>> First-level cache hit cached_Synth::Synth::TDotSyntaxBaseIgnoredExpr#c6ec664f/2@675e2696 with empty relation.
[2026-10-08 00:42:08] (0s) Inferred that IfExpr::Generated::IfExpr.getImmediateElseExpr/0#dispred#0068860d/2@5f4f759f is empty, due to cached_Synth::Synth::TIfExpr#0dd62e70/2@d935f787.
[2026-10-08 00:42:08] (0s) Inferred that IfExpr::Generated::IfExpr.getImmediateThenExpr/0#dispred#d2e27c38/2@371af405 is empty, due to cached_Synth::Synth::TIfExpr#0dd62e70/2@d935f787.
[2026-10-08 00:42:08] (0s) Inferred that IfExpr::Generated::IfExpr.getImmediateElseExpr/0#dispred#0068860d/2@1e11b8a6 is empty, due to cached_Synth::Synth::TIfExpr#0dd62e70/2@d935f787.
[2026-10-08 00:42:08] (0s) Inferred that IfExpr::Generated::IfExpr.getImmediateThenExpr/0#dispred#d2e27c38/2@448c64g2 is empty, due to cached_Synth::Synth::TIfExpr#0dd62e70/2@d935f787.
[2026-10-08 00:42:08] (0s) Inferred that IfExpr::IfExpr.getBranch/1#dispred#85052849/3@14074e9t is empty, due to cached_Synth::Synth::TIfExpr#0dd62e70/2@d935f787.
[2026-10-08 00:42:08] (0s) Inferred that _ControlFlowGraphImpl::Exprs::IfTree#a7e65e91_Expr::Expr.getFullyConverted/0#dispred#e3fb566d#bf_IfE__#join_rhs/2@bf4a8f10 is empty, due to ControlFlowGraphImpl::Exprs::IfTree#a7e65e91/2@e758e10g.
[2026-10-08 00:42:08] (0s) Inferred that IfExpr::Generated::IfExpr.getCondition/0#dispred#45c2f310/2@3b6a79io is empty, due to _Expr::Expr.getResolveStep/0#dispred#318c6ca3_0#antijoin_rhs_Synth::Synth::TIfExpr#0dd62e70#shared/2@a4e0db9e.
[2026-10-08 00:42:08] (0s) Inferred that IfExpr::IfExpr.getBranch/1#dispred#85052849/3@78fb32df is empty, due to _Expr::Expr.getResolveStep/0#dispred#318c6ca3_0#antijoin_rhs_Synth::Synth::TIfExpr#0dd62e70#shared/2@a4e0db9e.
[2026-10-08 00:42:08] (0s) Inferred that _Expr::Expr.getResolveStep/0#dispred#318c6ca3_0#antijoin_rhs_IfExpr::Generated::IfExpr.getImmediateE__#shared/2@19ea940i is empty, due to IfExpr::Generated::IfExpr.getImmediateElseExpr/0#dispred#0068860d/2@5f4f759f.
[2026-10-08 00:42:08] (0s) Inferred that _Expr::Expr.getResolveStep/0#dispred#318c6ca3_0#antijoin_rhs_IfExpr::Generated::IfExpr.getImmediateT__#shared/2@f46c6euh is empty, due to IfExpr::Generated::IfExpr.getImmediateThenExpr/0#dispred#d2e27c38/2@371af405.
[2026-10-08 00:42:08] (0s) Inferred that IfExpr::IfExpr.getBranch/1#dispred#85052849_02#join_rhs/2@9d6e1cqq is empty, due to IfExpr::IfExpr.getBranch/1#dispred#85052849/3@78fb32df.
[2026-10-08 00:42:08] (0s) Inferred that DotSyntaxBaseIgnoredExpr::Generated::DotSyntaxBaseIgnoredExpr.getImmediateQualifier/0#dispred#0f74fa6d/2@1f77f5n4 is empty, due to cached_Synth::Synth::TDotSyntaxBaseIgnoredExpr#c6ec664f/2@675e2696.
[2026-10-08 00:42:08] (0s) Inferred that DotSyntaxBaseIgnoredExpr::Generated::DotSyntaxBaseIgnoredExpr.getImmediateSubExpr/0#dispred#866a36f1/2@c55bcfrr is empty, due to cached_Synth::Synth::TDotSyntaxBaseIgnoredExpr#c6ec664f/2@675e2696.
[2026-10-08 00:42:08] (0s) Inferred that ControlFlowGraphImpl::Exprs::DotSyntaxBaseIgnoredTree#3053ee79/2@9392aahc is empty, due to cached_Synth::Synth::TDotSyntaxBaseIgnoredExpr#c6ec664f/2@675e2696.
[2026-10-08 00:42:08] (0s) Inferred that _Expr::Expr.getResolveStep/0#dispred#318c6ca3_0#antijoin_rhs_Synth::Synth::TDotSyntaxBaseIgnoredExpr__#shared/2@88f240h4 is empty, due to cached_Synth::Synth::TDotSyntaxBaseIgnoredExpr#c6ec664f/2@675e2696.
[2026-10-08 00:42:08] (0s) Inferred that Synth::Synth::TDotSyntaxBaseIgnoredExpr#c6ec664f_1#antijoin_rhs/1@9b8004os is empty, due to cached_Synth::Synth::TDotSyntaxBaseIgnoredExpr#c6ec664f/2@675e2696.
[2026-10-08 00:42:08] (0s) Inferred that DotSyntaxBaseIgnoredExpr::Generated::DotSyntaxBaseIgnoredExpr.getImmediateQualifier/0#dispred#0f74fa6d/2@559fd82u is empty, due to cached_Synth::Synth::TDotSyntaxBaseIgnoredExpr#c6ec664f/2@675e2696.
[2026-10-08 00:42:08] (0s) Inferred that DotSyntaxBaseIgnoredExpr::Generated::DotSyntaxBaseIgnoredExpr.getImmediateSubExpr/0#dispred#866a36f1/2@2e4ea6bk is empty, due to cached_Synth::Synth::TDotSyntaxBaseIgnoredExpr#c6ec664f/2@675e2696.
[2026-10-08 00:42:08] (0s) Inferred that DotSyntaxBaseIgnoredExpr::Generated::DotSyntaxBaseIgnoredExpr.getImmediateQualifier/0#dispred#0f74fa6d/2@e6b11bvc is empty, due to cached_Synth::Synth::TDotSyntaxBaseIgnoredExpr#c6ec664f/2@675e2696.
[2026-10-08 00:42:08] (0s) Inferred that DotSyntaxBaseIgnoredExpr::Generated::DotSyntaxBaseIgnoredExpr.getImmediateSubExpr/0#dispred#866a36f1/2@1a19f0br is empty, due to cached_Synth::Synth::TDotSyntaxBaseIgnoredExpr#c6ec664f/2@675e2696.
[2026-10-08 00:42:08] (0s) Inferred that DotSyntaxBaseIgnoredExpr::Generated::DotSyntaxBaseIgnoredExpr.getImmediateQualifier/0#dispred#0f74fa6d/2@54e5770s is empty, due to cached_Synth::Synth::TDotSyntaxBaseIgnoredExpr#c6ec664f/2@675e2696.
[2026-10-08 00:42:08] (0s) Inferred that DotSyntaxBaseIgnoredExpr::Generated::DotSyntaxBaseIgnoredExpr.getQualifier/0#dispred#1de3c9ad/2@df1849q2 is empty, due to _Expr::Expr.getResolveStep/0#dispred#318c6ca3_0#antijoin_rhs_Synth::Synth::TDotSyntaxBaseIgnoredExpr__#shared/2@88f240h4.
[2026-10-08 00:42:08] (0s) Inferred that DotSyntaxBaseIgnoredExpr::Generated::DotSyntaxBaseIgnoredExpr.getSubExpr/0#dispred#f07e4ff8/2@d288637l is empty, due to _Expr::Expr.getResolveStep/0#dispred#318c6ca3_0#antijoin_rhs_Synth::Synth::TDotSyntaxBaseIgnoredExpr__#shared/2@88f240h4.
[2026-10-08 00:42:08] (0s) Inferred that ApplyExprImpl::Impl::PartialDotSyntaxBaseIgnoredApplyExpr#72bc4626/2@1f01aep4 is empty, due to Synth::Synth::TDotSyntaxBaseIgnoredExpr#c6ec664f_1#antijoin_rhs/1@9b8004os.
[2026-10-08 00:42:08] (0s) Inferred that ApplyExprImpl::Impl::PartialDotSyntaxBaseIgnoredApplyExpr#72bc4626/2@872d39i1 is empty, due to Synth::Synth::TDotSyntaxBaseIgnoredExpr#c6ec664f_1#join_rhs/1@9b8004os.
[2026-10-08 00:42:08] (0s) Inferred that ApplyExprImpl::Impl::PartialDotSyntaxBaseIgnoredApplyExpr#72bc4626/2@c360f3g8 is empty, due to Synth::Synth::TDotSyntaxBaseIgnoredExpr#c6ec664f_1#join_rhs/1@9b8004os.
[2026-10-08 00:42:08] (0s) Inferred that DotSyntaxBaseIgnoredExpr::Generated::DotSyntaxBaseIgnoredExpr.getQualifier/0#dispred#1de3c9ad/2@6885206v is empty, due to DotSyntaxBaseIgnoredExpr::Generated::DotSyntaxBaseIgnoredExpr.getImmediateQualifier/0#dispred#0f74fa6d/2@559fd82u.
[2026-10-08 00:42:08] (0s) Inferred that DotSyntaxBaseIgnoredExpr::Generated::DotSyntaxBaseIgnoredExpr.getSubExpr/0#dispred#f07e4ff8/2@1f36be3k is empty, due to DotSyntaxBaseIgnoredExpr::Generated::DotSyntaxBaseIgnoredExpr.getImmediateSubExpr/0#dispred#866a36f1/2@2e4ea6bk.
[2026-10-08 00:42:08] (0s) Inferred that ApplyExprImpl::Impl::FullDotSyntaxBaseIgnoredApplyExpr#15ef37f6/2@de870dmo is empty, due to ApplyExprImpl::Impl::PartialDotSyntaxBaseIgnoredApplyExpr#72bc4626/2@1f01aep4.
[2026-10-08 00:42:08] (0s) Inferred that ApplyExprImpl::Impl::PartialDotSyntaxBaseIgnoredApplyExpr#72bc4626_0#antijoin_rhs/1@e0fcfa7i is empty, due to ApplyExprImpl::Impl::PartialDotSyntaxBaseIgnoredApplyExpr#72bc4626/2@1f01aep4.
[2026-10-08 00:42:08] (0s) Inferred that ApplyExprImpl::Impl::FullDotSyntaxBaseIgnoredApplyExpr#15ef37f6/2@9af625fa is empty, due to ApplyExprImpl::Impl::PartialDotSyntaxBaseIgnoredApplyExpr#72bc4626/2@872d39i1.
[2026-10-08 00:42:08] (0s) Inferred that ApplyExprImpl::Impl::PartialDotSyntaxBaseIgnoredApplyExpr#72bc4626_0#antijoin_rhs/1@9bdd794f is empty, due to ApplyExprImpl::Impl::PartialDotSyntaxBaseIgnoredApplyExpr#72bc4626/2@872d39i1.
[2026-10-08 00:42:08] (0s) Inferred that _ApplyExprImpl::Impl::PartialDotSyntaxBaseIgnoredApplyExpr#72bc4626_Expr::Expr.getResolveStep/0#disp__#shared/2@60f5bevl is empty, due to ApplyExprImpl::Impl::PartialDotSyntaxBaseIgnoredApplyExpr#72bc4626/2@872d39i1.
[2026-10-08 00:42:08] (0s) Inferred that _ApplyExpr::Generated::ApplyExpr.getFunction/0#dispred#12f7b5a0_ApplyExprImpl::Impl::PartialDotSynta__#antijoin_rhs/1@9c49bav4 is empty, due to ApplyExprImpl::Impl::PartialDotSyntaxBaseIgnoredApplyExpr#72bc4626/2@c360f3g8.
[2026-10-08 00:42:08] (0s) Inferred that ApplyExprImpl::Impl::PartialDotSyntaxBaseIgnoredApplyExpr#72bc4626_0#antijoin_rhs/1@9f65bb3i is empty, due to ApplyExprImpl::Impl::PartialDotSyntaxBaseIgnoredApplyExpr#72bc4626/2@c360f3g8.
[2026-10-08 00:42:08] (0s) Inferred that _DotSyntaxBaseIgnoredExpr::Generated::DotSyntaxBaseIgnoredExpr.getQualifier/0#dispred#1de3c9ad_TypeE__#shared/3@0d01b9mh is empty, due to DotSyntaxBaseIgnoredExpr::Generated::DotSyntaxBaseIgnoredExpr.getQualifier/0#dispred#1de3c9ad/2@6885206v.
[2026-10-08 00:42:08] (0s) Inferred that DotSyntaxBaseIgnoredExpr::Generated::DotSyntaxBaseIgnoredExpr.getSubExpr/0#dispred#f07e4ff8_10#join_rhs/2@882e50ms is empty, due to DotSyntaxBaseIgnoredExpr::Generated::DotSyntaxBaseIgnoredExpr.getSubExpr/0#dispred#f07e4ff8/2@1f36be3k.
[2026-10-08 00:42:08] (0s) Inferred that ApplyExprImpl::Impl::FullDotSyntaxBaseIgnoredApplyExpr#15ef37f6_0#antijoin_rhs/1@c9575f4k is empty, due to ApplyExprImpl::Impl::FullDotSyntaxBaseIgnoredApplyExpr#15ef37f6/2@de870dmo.
[2026-10-08 00:42:08] (0s) Inferred that ApplyExprImpl::Impl::FullDotSyntaxBaseIgnoredApplyExpr#15ef37f6_10#join_rhs/2@e86c57sj is empty, due to ApplyExprImpl::Impl::FullDotSyntaxBaseIgnoredApplyExpr#15ef37f6/2@de870dmo.
[2026-10-08 00:42:08] (0s) Inferred that ApplyExprImpl::Impl::FullDotSyntaxBaseIgnoredApplyExpr#15ef37f6_0#antijoin_rhs/1@4de4fdl7 is empty, due to ApplyExprImpl::Impl::FullDotSyntaxBaseIgnoredApplyExpr#15ef37f6/2@9af625fa.
[2026-10-08 00:42:08] (0s) Inferred that ApplyExprImpl::Impl::FullDotSyntaxBaseIgnoredApplyExpr#15ef37f6_10#join_rhs/2@09600drb is empty, due to ApplyExprImpl::Impl::FullDotSyntaxBaseIgnoredApplyExpr#15ef37f6/2@9af625fa.
[2026-10-08 00:42:08] (0s) Inferred that _TypeRepr::TypeRepr.toStringImpl/0#dispred#c1f65b32__DotSyntaxBaseIgnoredExpr::Generated::DotSyntaxB__#antijoin_rhs/2@178afcbo is empty, due to _DotSyntaxBaseIgnoredExpr::Generated::DotSyntaxBaseIgnoredExpr.getQualifier/0#dispred#1de3c9ad_TypeE__#shared/3@0d01b9mh.
[2026-10-08 00:42:08] (0s) Inferred that DotSyntaxBaseIgnoredExpr::DotSyntaxBaseIgnoredExpr.getMethod/0#dispred#aa0bcb41/2@dc96f3lt is empty, due to DotSyntaxBaseIgnoredExpr::Generated::DotSyntaxBaseIgnoredExpr.getSubExpr/0#dispred#f07e4ff8_10#join_rhs/2@882e50ms.
[2026-10-08 00:42:08] (0s) Inferred that _DotSyntaxBaseIgnoredExpr::DotSyntaxBaseIgnoredExpr.getMethod/0#dispred#aa0bcb41_Function::Function.__#shared/2@01c442hi is empty, due to DotSyntaxBaseIgnoredExpr::DotSyntaxBaseIgnoredExpr.getMethod/0#dispred#aa0bcb41/2@dc96f3lt.
[2026-10-08 00:42:08] (0s) Inferred that DotSyntaxBaseIgnoredExpr::DotSyntaxBaseIgnoredExpr.toStringImpl/0#dispred#dac22908/2@a8a1e547 is empty, due to _DotSyntaxBaseIgnoredExpr::DotSyntaxBaseIgnoredExpr.getMethod/0#dispred#aa0bcb41_Function::Function.__#shared/2@01c442hi.
[2026-10-08 00:42:08] (0s)  >>> Full cache hit cached_Synth::Synth::TStringLiteralExpr#2798413b/2@9ac4d4ii with 480 rows and digest af8538o0246qut7l3l0eumctapd.
[2026-10-08 00:42:08] (0s)  >>> Full cache hit cached_Synth::Synth::TInjectIntoOptionalExpr#73575229/2@218195l6 with 4 rows and digest 70384e1ld5dfpflenol6r75jfnf.
[2026-10-08 00:42:08] (0s)  >>> Full cache hit cached_Synth::Synth::TMethodLookupExpr#0ca19609/2@dfa173kt with 956 rows and digest 70e4d0m93usq9re5vipbq818kr4.
[2026-10-08 00:42:08] (0s)  >>> First-level cache hit cached_Synth::Synth::TPostfixUnaryExpr#e8902ee8/2@b8160b96 with empty relation.
[2026-10-08 00:42:08] (0s) Inferred that Synth::Synth::TPostfixUnaryExpr#e8902ee8_1#join_rhs/1@ea163a3a is empty, due to cached_Synth::Synth::TPostfixUnaryExpr#e8902ee8/2@b8160b96.
[2026-10-08 00:42:08] (0s)  >>> Full cache hit cached_Synth::Synth::TMemberRefExpr#87b2de3a/2@1bf4c2n4 with 1389 rows and digest 40f755ck399nb2evv34vib5je4a.
[2026-10-08 00:42:08] (0s)  >>> First-level cache hit cached_Synth::Synth::TPrefixUnaryExpr#16ae17d6/2@59dec7r4 with empty relation.
[2026-10-08 00:42:08] (0s) Inferred that Synth::Synth::TPrefixUnaryExpr#16ae17d6_1#join_rhs/1@e424927h is empty, due to cached_Synth::Synth::TPrefixUnaryExpr#16ae17d6/2@59dec7r4.
[2026-10-08 00:42:08] (0s) Inferred that LogicalOperation::unaryHasName/2#4dd50c32/2@acc07f87 is empty, due to Synth::Synth::TPrefixUnaryExpr#16ae17d6_1#join_rhs/1@e424927h.
[2026-10-08 00:42:08] (0s) Inferred that PrefixUnaryExpr::PrefixUnaryExpr.getOperand/0#dispred#16cb7189/2@f3f20dlt is empty, due to Synth::Synth::TPrefixUnaryExpr#16ae17d6_1#join_rhs/1@e424927h.
[2026-10-08 00:42:08] (0s) Inferred that PrefixUnaryExpr::PrefixUnaryExpr.getOperand/0#dispred#16cb7189/2@d22d2172 is empty, due to Synth::Synth::TPrefixUnaryExpr#16ae17d6_1#antijoin_rhs/1@e424927h.
[2026-10-08 00:42:08] (0s) Inferred that ArithmeticOperation::UnaryPlusExpr#68fe5c2d/1@0f6ff653 is empty, due to Synth::Synth::TPrefixUnaryExpr#16ae17d6_1#antijoin_rhs/1@e424927h.
[2026-10-08 00:42:08] (0s) Inferred that LogicalOperation::unaryHasName/2#4dd50c32_10#join_rhs/2@8ce330nl is empty, due to LogicalOperation::unaryHasName/2#4dd50c32/2@acc07f87.
[2026-10-08 00:42:08] (0s) Inferred that _ControlFlowGraphImpl::Exprs::LogicalNotTree#64a8279a_Expr::Expr.getFullyConverted/0#dispred#e3fb566__#join_rhs/2@b4bb08vn is empty, due to PrefixUnaryExpr::PrefixUnaryExpr.getOperand/0#dispred#16cb7189/2@f3f20dlt.
[2026-10-08 00:42:08] (0s) Inferred that ControlFlowGraphImpl::Exprs::LogicalNotTree#64a8279a/2@8f3c3ai7 is empty, due to LogicalOperation::unaryHasName/2#4dd50c32_10#join_rhs/2@8ce330nl.
[2026-10-08 00:42:08] (0s)  >>> Full cache hit cached_Synth::Synth::TCallExpr#5b2e69bc/2@ac6e2ca5 with 5166 rows and digest b991f93g70ljv3m3ujeh99j07k6.
[2026-10-08 00:42:08] (0s)  >>> Full cache hit cached_Synth::Synth::TBinaryExpr#db62cefe/2@87e3c192 with 1 rows and digest d769c3i6n88chlke9hqp4vg65pc.
[2026-10-08 00:42:08] (0s)  >>> First-level cache hit cached_Synth::Synth::TExplicitClosureExpr#5e87f25d/2@a8e9ddim with empty relation.
[2026-10-08 00:42:08] (0s) Inferred that Synth::Synth::TExplicitClosureExpr#5e87f25d_1#join_rhs/1@af884dbm is empty, due to cached_Synth::Synth::TExplicitClosureExpr#5e87f25d/2@a8e9ddim.
[2026-10-08 00:42:08] (0s)  >>> Full cache hit cached_Synth::Synth::TAutoClosureExpr#00bd9cae/2@1d9b09ub with 1 rows and digest 8788f89fale375shsk4751no8r6.
[2026-10-08 00:42:08] (0s)  >>> Full cache hit cached_Synth::Synth::TOptionalSomePattern#dfc4b284/2@52cc7b3r with 1 rows and digest fb7f5d532vf20jke5v7tkdui6v3.
[2026-10-08 00:42:08] (0s)  >>> First-level cache hit cached_Synth::Synth::TEnumElementPattern#7a6a0f73/2@fe594cld with empty relation.
[2026-10-08 00:42:08] (0s) Inferred that ControlFlowGraphImpl::Patterns::EnumElementTree#cc3c1b21/2@df46acrp is empty, due to cached_Synth::Synth::TEnumElementPattern#7a6a0f73/2@fe594cld.
[2026-10-08 00:42:08] (0s) Inferred that EnumElementPattern::Generated::EnumElementPattern.getSubPattern/0#dispred#5c5267ee/2@f706885t is empty, due to cached_Synth::Synth::TEnumElementPattern#7a6a0f73/2@fe594cld.
[2026-10-08 00:42:08] (0s) Inferred that EnumElementPattern::Generated::EnumElementPattern.getElement/0#dispred#9e559ded/2@852dec9j is empty, due to cached_Synth::Synth::TEnumElementPattern#7a6a0f73/2@fe594cld.
[2026-10-08 00:42:08] (0s) Inferred that Synth::Synth::TEnumElementPattern#7a6a0f73_1#antijoin_rhs/1@1f084c6j is empty, due to cached_Synth::Synth::TEnumElementPattern#7a6a0f73/2@fe594cld.
[2026-10-08 00:42:08] (0s) Inferred that EnumElementPattern::Generated::EnumElementPattern.hasSubPattern/0#dispred#3a1b29d4/1@cd71e7pd is empty, due to cached_Synth::Synth::TEnumElementPattern#7a6a0f73/2@fe594cld.
[2026-10-08 00:42:08] (0s) Inferred that _ControlFlowGraphImpl::Patterns::EnumElementTree#cc3c1b21_Element::Element.getFullyUnresolved/0#97fc__#join_rhs/2@8ad98avp is empty, due to ControlFlowGraphImpl::Patterns::EnumElementTree#cc3c1b21/2@df46acrp.
[2026-10-08 00:42:08] (0s) Inferred that EnumElementPattern::Generated::EnumElementPattern.getSubPattern/0#dispred#5c5267ee_0#antijoin_rhs/1@2658483u is empty, due to EnumElementPattern::Generated::EnumElementPattern.getSubPattern/0#dispred#5c5267ee/2@f706885t.
[2026-10-08 00:42:08] (0s) Inferred that EnumElementPattern::Generated::EnumElementPattern.getElement/0#dispred#9e559ded_10#join_rhs/2@31eec3ei is empty, due to EnumElementPattern::Generated::EnumElementPattern.getElement/0#dispred#9e559ded/2@852dec9j.
[2026-10-08 00:42:08] (0s) Inferred that _EnumElementExpr::EnumElementExpr#9b9fa622#bf_EnumElementExpr::EnumElementExpr.getArgument/1#dispred__#join_rhs/4@a81fee74 is empty, due to EnumElementPattern::Generated::EnumElementPattern.getElement/0#dispred#9e559ded_10#join_rhs/2@31eec3ei.
[2026-10-08 00:42:08] (0s) Inferred that _EnumElementExpr::EnumElementExpr#9b9fa622#bf_EnumElementExpr::EnumElementExpr.getArgument/1#dispred__#join_rhs/4@69a9a9k0 is empty, due to EnumElementPattern::Generated::EnumElementPattern.getElement/0#dispred#9e559ded_10#join_rhs/2@31eec3ei.
[2026-10-08 00:42:08] (0s) Inferred that _EnumElementExpr::EnumElementExpr#9b9fa622#bf_EnumElementExpr::EnumElementExpr.getArgument/1#dispred__#join_rhs/4@6029c2ua is empty, due to EnumElementPattern::Generated::EnumElementPattern.getElement/0#dispred#9e559ded_10#join_rhs/2@31eec3ei.
[2026-10-08 00:42:08] (0s) Inferred that EnumElementPattern::Generated::EnumElementPattern.getImmediateSubPattern/0#dispred#18b0377b/2@944fd5a2 is empty, due to cached_Synth::Synth::TEnumElementPattern#7a6a0f73/2@fe594cld.
[2026-10-08 00:42:08] (0s) Inferred that EnumElementPattern::Generated::EnumElementPattern.getSubPattern/0#dispred#5c5267ee/2@63b433ct is empty, due to cached_Synth::Synth::TEnumElementPattern#7a6a0f73/2@fe594cld.
[2026-10-08 00:42:08] (0s) Inferred that _Element::Generated::Element.getResolveStep/0#dispred#f0bb72ef_0#antijoin_rhs_EnumElementPattern::Ge__#shared/2@e7d8berj is empty, due to EnumElementPattern::Generated::EnumElementPattern.getImmediateSubPattern/0#dispred#18b0377b/2@944fd5a2.
[2026-10-08 00:42:08] (0s) Inferred that _Element::Generated::Element.getResolveStep/0#dispred#f0bb72ef_0#antijoin_rhs_EnumElementPattern::Ge__#shared/2@786cde5l is empty, due to EnumElementPattern::Generated::EnumElementPattern.getImmediateSubPattern/0#dispred#18b0377b/2@944fd5a2.
[2026-10-08 00:42:08] (0s) Inferred that EnumElementPattern::Generated::EnumElementPattern.getSubPattern/0#dispred#5c5267ee_10#join_rhs/2@3e18620v is empty, due to EnumElementPattern::Generated::EnumElementPattern.getSubPattern/0#dispred#5c5267ee/2@63b433ct.
[2026-10-08 00:42:08] (0s) Inferred that _EnumElementPattern::Generated::EnumElementPattern.getSubPattern/0#dispred#5c5267ee_Synth::Synth::TT__#antijoin_rhs/3@f82cc0i0 is empty, due to EnumElementPattern::Generated::EnumElementPattern.getSubPattern/0#dispred#5c5267ee/2@63b433ct.
[2026-10-08 00:42:08] (0s) Inferred that EnumElementPattern::EnumElementPattern.getSubPattern/1#dispred#6af6392b#fbf/3@c3a543fm is empty, due to EnumElementPattern::Generated::EnumElementPattern.getSubPattern/0#dispred#5c5267ee/2@63b433ct.
[2026-10-08 00:42:08] (0s) Inferred that EnumElementPattern::Generated::EnumElementPattern.getSubPattern/0#dispred#5c5267ee/2@3d7720dl is empty, due to _Element::Generated::Element.getResolveStep/0#dispred#f0bb72ef_0#antijoin_rhs_EnumElementPattern::Ge__#shared/2@e7d8berj.
[2026-10-08 00:42:08] (0s) Inferred that EnumElementPattern::Generated::EnumElementPattern.getSubPattern/0#dispred#5c5267ee/2@36209amg is empty, due to _Element::Generated::Element.getResolveStep/0#dispred#f0bb72ef_0#antijoin_rhs_EnumElementPattern::Ge__#shared/2@786cde5l.
[2026-10-08 00:42:08] (0s) Inferred that EnumElementPattern::Generated::EnumElementPattern.getSubPattern/0#dispred#5c5267ee_10#join_rhs/2@a89f7d28 is empty, due to EnumElementPattern::Generated::EnumElementPattern.getSubPattern/0#dispred#5c5267ee/2@3d7720dl.
[2026-10-08 00:42:08] (0s) Inferred that _EnumElementPattern::Generated::EnumElementPattern.getSubPattern/0#dispred#5c5267ee_Synth::Synth::TT__#antijoin_rhs/3@49add3m2 is empty, due to EnumElementPattern::Generated::EnumElementPattern.getSubPattern/0#dispred#5c5267ee/2@3d7720dl.
[2026-10-08 00:42:08] (0s) Inferred that EnumElementPattern::EnumElementPattern.getSubPattern/1#dispred#6af6392b#fbf/3@f7887b0l is empty, due to EnumElementPattern::Generated::EnumElementPattern.getSubPattern/0#dispred#5c5267ee/2@3d7720dl.
[2026-10-08 00:42:08] (0s) Inferred that EnumElementPattern::Generated::EnumElementPattern.getSubPattern/0#dispred#5c5267ee_10#join_rhs/2@793d55ub is empty, due to EnumElementPattern::Generated::EnumElementPattern.getSubPattern/0#dispred#5c5267ee/2@36209amg.
[2026-10-08 00:42:08] (0s) Inferred that _EnumElementPattern::Generated::EnumElementPattern.getSubPattern/0#dispred#5c5267ee_Synth::Synth::TT__#antijoin_rhs/3@c44308dg is empty, due to EnumElementPattern::Generated::EnumElementPattern.getSubPattern/0#dispred#5c5267ee/2@36209amg.
[2026-10-08 00:42:08] (0s) Inferred that EnumElementPattern::EnumElementPattern.getSubPattern/1#dispred#6af6392b#fbf/3@8ec808am is empty, due to EnumElementPattern::Generated::EnumElementPattern.getSubPattern/0#dispred#5c5267ee/2@36209amg.
[2026-10-08 00:42:08] (0s)  >>> Full cache hit cached_Synth::Synth::TBindingPattern#a1286971/2@fc44978c with 1 rows and digest 694c1fsv36jpnodphute7936aha.
[2026-10-08 00:42:08] (0s)  >>> First-level cache hit cached_Synth::Synth::TParenPattern#14396679/2@f10e7e4h with empty relation.
[2026-10-08 00:42:08] (0s) Inferred that ParenPattern::Generated::ParenPattern.getImmediateSubPattern/0#dispred#b428ea01/2@5a400a8b is empty, due to cached_Synth::Synth::TParenPattern#14396679/2@f10e7e4h.
[2026-10-08 00:42:08] (0s) Inferred that ControlFlowGraphImpl::Patterns::ParenTree#2b421cd4/2@4b381fbv is empty, due to cached_Synth::Synth::TParenPattern#14396679/2@f10e7e4h.
[2026-10-08 00:42:08] (0s) Inferred that Synth::Synth::TParenPattern#14396679_1#antijoin_rhs/1@4c9caerk is empty, due to cached_Synth::Synth::TParenPattern#14396679/2@f10e7e4h.
[2026-10-08 00:42:08] (0s)  >>> Full cache hit cached_Synth::Synth::TTypedPattern#5cfad51a/2@bd9a59ud with 7953 rows and digest db547d34ibsouaegv9ebvh3p0g4.
[2026-10-08 00:42:08] (0s)  >>> Full cache hit cached_Synth::Synth::TNamedPattern#df5d0b46/2@4d9d5e09 with 8079 rows and digest 8da14b30o32l2ojqimg7k5cosga.
[2026-10-08 00:42:08] (0s)  >>> First-level cache hit cached_Synth::Synth::TExprPattern#64b09386/2@4bebbf2p with empty relation.
[2026-10-08 00:42:08] (0s) Inferred that ExprPattern::Generated::ExprPattern.getImmediateSubExpr/0#dispred#b9adf80c/2@11bfb197 is empty, due to cached_Synth::Synth::TExprPattern#64b09386/2@4bebbf2p.
[2026-10-08 00:42:08] (0s) Inferred that ControlFlowGraphImpl::Patterns::ExprTree#cfb31f0c/2@15b48fm7 is empty, due to cached_Synth::Synth::TExprPattern#64b09386/2@4bebbf2p.
[2026-10-08 00:42:08] (0s) Inferred that ExprPattern::Generated::ExprPattern.getSubExpr/0#dispred#a4d96483/2@4efe11jl is empty, due to cached_Synth::Synth::TExprPattern#64b09386/2@4bebbf2p.
[2026-10-08 00:42:08] (0s) Inferred that Synth::Synth::TExprPattern#64b09386_1#antijoin_rhs/1@44ddaa2r is empty, due to cached_Synth::Synth::TExprPattern#64b09386/2@4bebbf2p.
[2026-10-08 00:42:08] (0s)  >>> First-level cache hit cached_Synth::Synth::TBoolPattern#65decc27/2@d890688k with empty relation.
[2026-10-08 00:42:08] (0s)  >>> First-level cache hit cached_Synth::Synth::TAnyPattern#871f9d50/2@bec908sv with empty relation.
[2026-10-08 00:42:08] (0s) Inferred that Synth::Synth::TBoolPattern#65decc27_1#antijoin_rhs/1@52b62ct9 is empty, due to cached_Synth::Synth::TBoolPattern#65decc27/2@d890688k.
[2026-10-08 00:42:08] (0s) Inferred that Synth::Synth::TAnyPattern#871f9d50_1#antijoin_rhs/1@e9b9b0r4 is empty, due to cached_Synth::Synth::TAnyPattern#871f9d50/2@bec908sv.
[2026-10-08 00:42:08] (0s)  >>> First-level cache hit cached_Synth::Synth::TIsPattern#95458e89/2@cb6c99o1 with empty relation.
[2026-10-08 00:42:08] (0s)  >>> First-level cache hit cached_Synth::Synth::TTuplePattern#ec85277c/2@46a5399n with empty relation.
[2026-10-08 00:42:08] (0s) Inferred that IsPattern::Generated::IsPattern.getCastTypeRepr/0#dispred#f3589dfa/2@2d8bf455 is empty, due to cached_Synth::Synth::TIsPattern#95458e89/2@cb6c99o1.
[2026-10-08 00:42:08] (0s) Inferred that IsPattern::Generated::IsPattern.getImmediateSubPattern/0#dispred#960cd98c/2@d15b0dho is empty, due to cached_Synth::Synth::TIsPattern#95458e89/2@cb6c99o1.
[2026-10-08 00:42:08] (0s) Inferred that ControlFlowGraphImpl::Patterns::IsTree#383265a1/2@238319bk is empty, due to cached_Synth::Synth::TIsPattern#95458e89/2@cb6c99o1.
[2026-10-08 00:42:08] (0s) Inferred that IsPattern::Generated::IsPattern.getSubPattern/0#dispred#32df06b5/2@b05c5bnd is empty, due to cached_Synth::Synth::TIsPattern#95458e89/2@cb6c99o1.
[2026-10-08 00:42:08] (0s) Inferred that Synth::Synth::TIsPattern#95458e89_1#antijoin_rhs/1@c7ee59u1 is empty, due to cached_Synth::Synth::TIsPattern#95458e89/2@cb6c99o1.
[2026-10-08 00:42:08] (0s) Inferred that IsPattern::Generated::IsPattern.getSubPattern/0#dispred#32df06b5/2@87a70610 is empty, due to cached_Synth::Synth::TIsPattern#95458e89/2@cb6c99o1.
[2026-10-08 00:42:08] (0s) Inferred that _Element::Generated::Element.getResolveStep/0#dispred#f0bb72ef_0#antijoin_rhs_IsPattern::Generated::__#shared/2@ba4ba43n is empty, due to IsPattern::Generated::IsPattern.getImmediateSubPattern/0#dispred#960cd98c/2@d15b0dho.
[2026-10-08 00:42:08] (0s) Inferred that _Element::Generated::Element.getResolveStep/0#dispred#f0bb72ef_0#antijoin_rhs_IsPattern::Generated::__#shared/2@5055268u is empty, due to IsPattern::Generated::IsPattern.getImmediateSubPattern/0#dispred#960cd98c/2@d15b0dho.
[2026-10-08 00:42:08] (0s) Inferred that IsPattern::Generated::IsPattern.getSubPattern/0#dispred#32df06b5_10#join_rhs/2@8a476e48 is empty, due to IsPattern::Generated::IsPattern.getSubPattern/0#dispred#32df06b5/2@87a70610.
[2026-10-08 00:42:08] (0s) Inferred that TuplePattern::Generated::TuplePattern.getImmediateElement/1#dispred#56e1358f/3@17691cbi is empty, due to cached_Synth::Synth::TTuplePattern#ec85277c/2@46a5399n.
[2026-10-08 00:42:08] (0s) Inferred that ControlFlowGraphImpl::Patterns::TupleTree#19c50843/2@d4ec22vo is empty, due to cached_Synth::Synth::TTuplePattern#ec85277c/2@46a5399n.
[2026-10-08 00:42:08] (0s) Inferred that TuplePattern::Generated::TuplePattern.getElement/1#dispred#6d8fa592/3@c1323f22 is empty, due to cached_Synth::Synth::TTuplePattern#ec85277c/2@46a5399n.
[2026-10-08 00:42:08] (0s) Inferred that Synth::Synth::TTuplePattern#ec85277c_1#antijoin_rhs/1@1ee33crj is empty, due to cached_Synth::Synth::TTuplePattern#ec85277c/2@46a5399n.
[2026-10-08 00:42:08] (0s) Inferred that TuplePattern::Generated::TuplePattern.getElement/1#dispred#6d8fa592/3@82820ftk is empty, due to cached_Synth::Synth::TTuplePattern#ec85277c/2@46a5399n.
[2026-10-08 00:42:08] (0s) Inferred that _TuplePattern::Generated::TuplePattern.getImmediateElement/1#dispred#56e1358f#max_range/2@22932cd6 is empty, due to TuplePattern::Generated::TuplePattern.getImmediateElement/1#dispred#56e1358f/3@17691cbi.
[2026-10-08 00:42:08] (0s) Inferred that _TuplePattern::Generated::TuplePattern.getImmediateElement/1#dispred#56e1358f#max_term/3@9913e0id is empty, due to TuplePattern::Generated::TuplePattern.getImmediateElement/1#dispred#56e1358f/3@17691cbi.
[2026-10-08 00:42:08] (0s) Inferred that TuplePattern::Generated::TuplePattern.getElement/1#dispred#6d8fa592/3@cce260t3 is empty, due to TuplePattern::Generated::TuplePattern.getImmediateElement/1#dispred#56e1358f/3@17691cbi.
[2026-10-08 00:42:08] (0s) Inferred that TuplePattern::Generated::TuplePattern.getElement/1#dispred#6d8fa592/3@9821de6f is empty, due to TuplePattern::Generated::TuplePattern.getImmediateElement/1#dispred#56e1358f/3@17691cbi.
[2026-10-08 00:42:08] (0s) Inferred that _ControlFlowGraphImpl::Patterns::TupleTree#19c50843_Element::Element.getFullyUnresolved/0#97fc9caa_T__#join_rhs/2@b7f045jn is empty, due to ControlFlowGraphImpl::Patterns::TupleTree#19c50843/2@d4ec22vo.
[2026-10-08 00:42:08] (0s) Inferred that _ControlFlowGraphImpl::Patterns::TupleTree#19c50843_Element::Element.getFullyUnresolved/0#97fc9caa_T__#join_rhs#1/2@af950fcr is empty, due to ControlFlowGraphImpl::Patterns::TupleTree#19c50843/2@d4ec22vo.
[2026-10-08 00:42:08] (0s) Inferred that TuplePattern::Generated::TuplePattern.getElement/1#dispred#6d8fa592_0_expr_#antijoin_rhs/2@2ccccet3 is empty, due to TuplePattern::Generated::TuplePattern.getElement/1#dispred#6d8fa592/3@c1323f22.
[2026-10-08 00:42:08] (0s) Inferred that TuplePattern::TuplePattern.getLastElement/0#dispred#05039a83/2@7dec591l is empty, due to TuplePattern::Generated::TuplePattern.getElement/1#dispred#6d8fa592/3@c1323f22.
[2026-10-08 00:42:08] (0s) Inferred that TuplePattern::Generated::TuplePattern.getElement/1#dispred#6d8fa592_102#join_rhs/3@22cc08ih is empty, due to TuplePattern::Generated::TuplePattern.getElement/1#dispred#6d8fa592/3@82820ftk.
[2026-10-08 00:42:08] (0s) Inferred that __TuplePattern::Generated::TuplePattern.getImmediateElement/1#dispred#56e1358f#max_range__TuplePatte__#join_rhs/1@f59402gs is empty, due to _TuplePattern::Generated::TuplePattern.getImmediateElement/1#dispred#56e1358f#max_range/2@22932cd6.
[2026-10-08 00:42:08] (0s)  >>> Full cache hit cached_Synth::Synth::TProtocolDecl#76ae7699/2@3a37014v with 268 rows and digest 53f3e3upmbc7i2vj5kcgcupnd26.
[2026-10-08 00:42:08] (0s)  >>> Full cache hit cached_Synth::Synth::TStructDecl#ed4ba2ab/2@26ec66ag with 2833 rows and digest 89e38bgjasvop8v3aud8tst1cce.
[2026-10-08 00:42:08] (0s)  >>> Full cache hit cached_Synth::Synth::TClassDecl#c6294075/2@8059bega with 530 rows and digest 7dcb51oloub1246kq7c4a0bng47.
[2026-10-08 00:42:08] (0s)  >>> Full cache hit cached_Synth::Synth::TNamedFunction#a7a5ce81/2@2d9bbf3b with 18019 rows and digest 47bbe9fa67eohrg6uqb1tbagch3.
[2026-10-08 00:42:08] (0s)  >>> Full cache hit cached_Synth::Synth::TEnumDecl#3ce91061/2@c0027b3p with 417 rows and digest 3ca502d1ekktolhn1fn88o6gd44.
[2026-10-08 00:42:08] (0s)  >>> Full cache hit cached_Synth::Synth::TDeinitializer#9bf324b7/2@3c05c8el with 121 rows and digest 50089a6hke5g9thc5j4tq1prra6.
[2026-10-08 00:42:08] (0s)  >>> Full cache hit cached_Synth::Synth::TInitializer#3cbb8122/2@17e6beb5 with 8622 rows and digest 4d8f47tq0rtlcdb58sd1i90nn22.
[2026-10-08 00:42:08] (0s)  >>> Full cache hit cached_Synth::Synth::TSubscriptDecl#7d38f394/2@c7b53css with 408 rows and digest 8993520fenpfi4eea3ugnsg5b6f.
[2026-10-08 00:42:08] (0s)  >>> Full cache hit cached_Synth::Synth::TConcreteVarDecl#05bbf88f/2@7a78f88g with 35551 rows and digest 19ac9c3smfb04iqpeleito0nj76.
[2026-10-08 00:42:08] (0s)  >>> Full cache hit cached_Synth::Synth::TAccessor#5309eb00/2@976d6b3l with 30493 rows and digest 3624dfhc6grqv1j8vulcrttr69d.
[2026-10-08 00:42:08] (0s)  >>> Full cache hit cached_Synth::Synth::TParamDecl#7692b990/2@cc61e58m with 85612 rows and digest 55df1euj3qlablsa8obeokkjhha.
[2026-10-08 00:42:08] (0s)  >>> First-level cache hit cached_Synth::Synth::TDiagnostics#b2bc0e23/2@526db9rq with empty relation.
[2026-10-08 00:42:08] (0s) Inferred that Diagnostics::Generated::Diagnostics.getKind/0#dispred#4fd4fe27/2@ce3191h7 is empty, due to cached_Synth::Synth::TDiagnostics#b2bc0e23/2@526db9rq.
[2026-10-08 00:42:08] (0s) Inferred that Synth::Synth::TDiagnostics#b2bc0e23_1#antijoin_rhs/1@6daee6fa is empty, due to cached_Synth::Synth::TDiagnostics#b2bc0e23/2@526db9rq.
[2026-10-08 00:42:08] (0s) Inferred that Diagnostics::Generated::Diagnostics.getKind/0#dispred#4fd4fe27_10#join_rhs/2@6a4820ol is empty, due to Diagnostics::Generated::Diagnostics.getKind/0#dispred#4fd4fe27/2@ce3191h7.
[2026-10-08 00:42:08] (0s) Inferred that Diagnostics::Diagnostics.getSeverity/0#dispred#d7fe9947/2@431a6c0c is empty, due to Diagnostics::Generated::Diagnostics.getKind/0#dispred#4fd4fe27_10#join_rhs/2@6a4820ol.
[2026-10-08 00:42:08] (0s)  >>> Full cache hit cached_Synth::Synth::TArgument#eb5bc4bd/2@0c3f3dgc with 4304 rows and digest 8ce019glgdsvorlfs11dc3bi4m2.
[2026-10-08 00:42:08] (0s)  >>> Full cache hit cached_Synth::Synth::TComment#24e6a7b0/2@1cee6cso with 2 rows and digest e6b997das29aqu2bdvmt0i8dmqb.
[2026-10-08 00:42:08] (0s)  >>> Full cache hit cached_File::File.splitAbsolutePath/2#dispred#958b917e/3@4ac935if with 2106 rows and digest 7e9ab7g3tu85mdvpli47ck0bfaf.
[2026-10-08 00:42:08] (0s)  >>> Full cache hit cached_Synth::Synth::TDynamicSelfType#374f9a25/2@ea8504rn with 174 rows and digest 8ba0582ks4k1rhfap89hosk36r8.
[2026-10-08 00:42:08] (0s)  >>> Full cache hit cached_Synth::Synth::TBuiltinRawUnsafeContinuationType#bab7bc55/2@f67feakg with 1 rows and digest 68c812oro2s4sd6tn9oll2t5bo0.
[2026-10-08 00:42:08] (0s)  >>> First-level cache hit cached_Synth::Synth::TBuiltinDefaultActorStorageType#2f47b651/2@b9014fat with empty relation.
[2026-10-08 00:42:08] (0s)  >>> Full cache hit cached_Synth::Synth::TBuiltinUnsafeValueBufferType#b46f4a04/2@6b4282mk with 1 rows and digest 00c0ecie6gpft4pjvgqea7qike0.
[2026-10-08 00:42:08] (0s)  >>> Full cache hit cached_Synth::Synth::TParameterizedProtocolType#982ddc6e/2@b1c006og with 26 rows and digest 2d1465qeg133g8fjg0b5j7nb4hc.
[2026-10-08 00:42:08] (0s)  >>> First-level cache hit cached_Synth::Synth::TExistentialArchetypeType#781535e4/2@ff803e40 with empty relation.
[2026-10-08 00:42:08] (0s)  >>> Full cache hit cached_Synth::Synth::TBuiltinIntegerLiteralType#b02aed30/2@8dca5eos with 1 rows and digest 5b2ee82cdkiftrki5qvra4shne5.
[2026-10-08 00:42:08] (0s)  >>> Full cache hit cached_Synth::Synth::TProtocolCompositionType#addc769c/2@534d379k with 160 rows and digest 428e56ffk8679nfte9hhqognsac.
[2026-10-08 00:42:08] (0s)  >>> Full cache hit cached_Synth::Synth::TOpaqueTypeArchetypeType#5be8fd26/2@ce26c6ff with 17 rows and digest d012b1v3tg9nbkrqf3grtl2eam1.
[2026-10-08 00:42:08] (0s)  >>> Full cache hit cached_Synth::Synth::TExistentialMetatypeType#3f3e2a69/2@5e4fa9p0 with 7 rows and digest 59cbe1mhkkg6jv4kckjt8fn3772.
[2026-10-08 00:42:08] (0s)  >>> Full cache hit cached_Synth::Synth::TBuiltinNativeObjectType#d3de4dfd/2@d64dadl7 with 1 rows and digest 125668ksi7mgt4jt6l3ptalbdv1.
[2026-10-08 00:42:08] (0s)  >>> Full cache hit cached_Synth::Synth::TBuiltinBridgeObjectType#292b7138/2@8de822m4 with 1 rows and digest 90f7f3mq2rolulimbg3edp3bm3f.
[2026-10-08 00:42:08] (0s)  >>> Full cache hit cached_Synth::Synth::TBoundGenericStructType#1e4ab342/2@505b883s with 5416 rows and digest 125c74l75vq9mig58a4okpfdai1.
[2026-10-08 00:42:08] (0s)  >>> Full cache hit cached_Synth::Synth::TBuiltinRawPointerType#12c242b1/2@91cb14si with 1 rows and digest 14a135jre3urnpv39akkqdk155b.
[2026-10-08 00:42:08] (0s)  >>> Full cache hit cached_Synth::Synth::TBuiltinFixedArrayType#39558fdf/2@f3ba6dbs with 3 rows and digest e49898g4cefrqeh65om25u1of93.
[2026-10-08 00:42:08] (0s)  >>> Full cache hit cached_Synth::Synth::TBoundGenericClassType#edd79b18/2@27f5d5u0 with 744 rows and digest 3143f38s8m4ql2ng08gqtf3u8ud.
[2026-10-08 00:42:08] (0s)  >>> Full cache hit cached_Synth::Synth::TVariadicSequenceType#9d2e74de/2@9794ac9u with 51 rows and digest 909c85e2k0a9e2lkejmvbapu348.
[2026-10-08 00:42:08] (0s)  >>> Full cache hit cached_Synth::Synth::TUnmanagedStorageType#446e1fcd/2@e8d2eekq with 34 rows and digest 31b949n8m3gbksp9td2vv1bmpb4.
[2026-10-08 00:42:08] (0s)  >>> Full cache hit cached_Synth::Synth::TPrimaryArchetypeType#dbba9ea9/2@f4e8a82f with 4351 rows and digest c1b8c4bjdkbag1mfqbf6mb4bfn8.
[2026-10-08 00:42:08] (0s)  >>> Full cache hit cached_Synth::Synth::TGenericTypeParamType#cae336bb/2@576540sm with 6523 rows and digest 2ca42c9fgcj7aisq96aq0t1fu9c.
[2026-10-08 00:42:08] (0s)  >>> First-level cache hit cached_Synth::Synth::TElementArchetypeType#b3949d06/2@983f6fdq with empty relation.
[2026-10-08 00:42:08] (0s)  >>> Full cache hit cached_Synth::Synth::TBoundGenericEnumType#5531539b/2@1fcb36ta with 2349 rows and digest 93b48amj8gl9mdb1es2dgjhnb0d.
[2026-10-08 00:42:08] (0s)  >>> Full cache hit cached_Synth::Synth::TGenericFunctionType#161b4bb7/2@959003ht with 18572 rows and digest 8c225798485d998isvo1lklhrn4.
[2026-10-08 00:42:08] (0s)  >>> Full cache hit cached_Synth::Synth::TDependentMemberType#e65a0d0d/2@80ebb6mb with 2439 rows and digest 732111b0kbcmdfiav4199c17tve.
[2026-10-08 00:42:08] (0s)  >>> Full cache hit cached_Synth::Synth::TBuiltinExecutorType#4dae5d7c/2@a3de2cfg with 1 rows and digest f2c026smn47pu490ho29lmlbsuf.
[2026-10-08 00:42:08] (0s)  >>> First-level cache hit cached_Synth::Synth::TUnownedStorageType#05dc6da5/2@480c8bkt with empty relation.
[2026-10-08 00:42:08] (0s)  >>> Full cache hit cached_Synth::Synth::TUnboundGenericType#c849487c/2@2e2120f8 with 355 rows and digest d86f4du2k3l6ooi3t7dsp1mi378.
[2026-10-08 00:42:08] (0s)  >>> Full cache hit cached_Synth::Synth::TBuiltinIntegerType#047b23ce/2@46db4566 with 7 rows and digest 81daf5jeutr68karqla0d81if3a.
[2026-10-08 00:42:08] (0s)  >>> Full cache hit cached_Synth::Synth::TPackExpansionType#6cca1837/2@53f1d00a with 80 rows and digest f6751diibc2dbsgc9352eklmng6.
[2026-10-08 00:42:08] (0s)  >>> Full cache hit cached_Synth::Synth::TPackArchetypeType#f5859719/2@548de6t5 with 28 rows and digest 640dbbfejlac61irrdtjb48pgb1.
[2026-10-08 00:42:08] (0s)  >>> Full cache hit cached_Synth::Synth::TBuiltinVectorType#bcf13a08/2@d05504d2 with 42 rows and digest bb73f4lcun0rmd6uahu3tkvk8da.
[2026-10-08 00:42:08] (0s)  >>> Full cache hit cached_Synth::Synth::TBuiltinFloatType#0f0178c1/2@2b4fd8gn with 3 rows and digest 8ef491vj6jg7g4cvleudd8ni91c.
[2026-10-08 00:42:08] (0s)  >>> Full cache hit cached_Synth::Synth::TWeakStorageType#80cad9d5/2@56a04e1k with 4 rows and digest f91e50vv2dbptt9ndf7pnrh67t5.
[2026-10-08 00:42:08] (0s)  >>> First-level cache hit cached_Synth::Synth::TPackElementType#f174a347/2@712514l9 with empty relation.
[2026-10-08 00:42:08] (0s)  >>> First-level cache hit cached_Synth::Synth::TInlineArrayType#f9d546ec/2@ef7d1diq with empty relation.
[2026-10-08 00:42:08] (0s)  >>> Full cache hit cached_Synth::Synth::TExistentialType#4647efdd/2@ced7d0e1 with 250 rows and digest 44bb43uvvp05gqabatjfbsear1e.
[2026-10-08 00:42:08] (0s)  >>> Full cache hit cached_Synth::Synth::TDictionaryType#38b533b7/2@d6ea32m6 with 50 rows and digest 17ae6ep4i831d2cja12ju5tj336.
[2026-10-08 00:42:08] (0s)  >>> Full cache hit cached_Synth::Synth::TArraySliceType#214c3226/2@f48267vh with 207 rows and digest 8830072vjf9mokptpq4lcr9up43.
[2026-10-08 00:42:08] (0s)  >>> Full cache hit cached_Synth::Synth::TBuiltinJobType#d7a19c63/2@2045baq5 with 1 rows and digest 9b278b08r85ejrpk60qnccebrle.
[2026-10-08 00:42:08] (0s)  >>> Full cache hit cached_Synth::Synth::TProtocolType#54399279/2@9ca1e0na with 268 rows and digest e77656cdtlem6b5vihp1b92akqd.
[2026-10-08 00:42:08] (0s)  >>> Full cache hit cached_Synth::Synth::TTypeAliasType#474ad5be/2@70ef2fvk with 4502 rows and digest 944c3dlolokqhqirkq40it6cpf8.
[2026-10-08 00:42:08] (0s)  >>> Full cache hit cached_Synth::Synth::TOptionalType#309683f7/2@901ab7j3 with 2908 rows and digest 81f927pd82iaq9unavdi24jc3g4.
[2026-10-08 00:42:08] (0s)  >>> Full cache hit cached_Synth::Synth::TFunctionType#daaca57a/2@4b4e62jb with 64157 rows and digest 549c55fotuipn1kt5r4aq2aj1ue.
[2026-10-08 00:42:08] (0s)  >>> Full cache hit cached_Synth::Synth::TIntegerType#239a7d67/2@5da0ddgi with 6 rows and digest dce90dalep4l1ncvffcuhbdq7r4.
[2026-10-08 00:42:08] (0s)  >>> Full cache hit cached_Synth::Synth::TMetatypeType#bfd87215/2@a941e1l8 with 16985 rows and digest 9b4496cpllcc1u5devmtjum2aca.
[2026-10-08 00:42:08] (0s)  >>> Full cache hit cached_Synth::Synth::TStructType#ce6862f1/2@7afc2efe with 3141 rows and digest a48899nioonr52vu01roe81d8u1.
[2026-10-08 00:42:08] (0s)  >>> Full cache hit cached_Synth::Synth::TLValueType#2056c587/2@6b55a8qj with 2097 rows and digest 222666pfl5q5pn000a7d36vo4n9.
[2026-10-08 00:42:08] (0s)  >>> Full cache hit cached_Synth::Synth::TModuleType#2491189a/2@a836a0oj with 965 rows and digest 62b00cvkvrqnguciu6m16oeqsf5.
[2026-10-08 00:42:08] (0s)  >>> Full cache hit cached_Synth::Synth::TTupleType#bee7f153/2@d295d4ir with 771 rows and digest f7b45br5l5c1a2888mv273ul53e.
[2026-10-08 00:42:08] (0s)  >>> First-level cache hit cached_Synth::Synth::TParenType#da175b47/2@93fa29r4 with empty relation.
[2026-10-08 00:42:08] (0s)  >>> Full cache hit cached_Synth::Synth::TInOutType#a1735351/2@733eba04 with 73 rows and digest 7b853298e9iob95tbbvdsht8l4f.
[2026-10-08 00:42:08] (0s)  >>> Full cache hit cached_Synth::Synth::TClassType#c42a08fb/2@52500bld with 502 rows and digest 0595b22v917t848oll96k7bk6o1.
[2026-10-08 00:42:08] (0s)  >>> Full cache hit cached_Synth::Synth::TPackType#24187f72/2@a702bf7j with 31 rows and digest 400468tne0h9uh2chcs7p1j6tif.
[2026-10-08 00:42:08] (0s)  >>> Full cache hit cached_Synth::Synth::TEnumType#d1923378/2@e20522nn with 511 rows and digest 57797cb22bij8n6vigric08urab.
[2026-10-08 00:42:08] (0s)  >>> Full cache hit cached_MethodLookupExpr::MethodLookupExpr.getUnderlying/0#dispred#1cb45815/2@82c981m2 with 956 rows and digest 0a57d2rbo6r2a9tnph9ifefugp0.
[2026-10-08 00:42:08] (0s)  >>> First-level cache hit cached_ControlFlowElements::TClosureElement#53f0de6e/2@dd46f6f4 with empty relation.
[2026-10-08 00:42:08] (0s) Inferred that ControlFlowGraphImpl::CfgScope::ClosureExprScope#5db317f5/2@ba11b60a is empty, due to cached_ControlFlowElements::TClosureElement#53f0de6e/2@dd46f6f4.
[2026-10-08 00:42:08] (0s)  >>> Full cache hit cached_ControlFlowElements::TFuncDeclElement#bcf12d04/2@d32777u6 with 20194 rows and digest ae7b573jn8o8u99v9umgqneu3i0.
[2026-10-08 00:42:08] (0s)  >>> Full cache hit cached_AstNodeImpl::Impl::Cached::getEnclosingDecl/1#e19d473b/2@8aeeeah5 with 271229 rows and digest 0cda94e49jorj9d8b3nm9t7k7n6.
[2026-10-08 00:42:08] (0s)  >>> Full cache hit cached_ParentChild::Impl::getImmediateChild/3#ddb9b4d3/4@399bf03c with 275930 rows and digest fc01felbjitvb8f518a8gjhe84f.
[2026-10-08 00:42:08] (0s)  >>> Full cache hit cached_AstNodeImpl::Impl::Cached::getEnclosingFunction/1#2e41f4cc/2@e896a2tm with 167855 rows and digest fc4b6ecm6v1d8l5cohv35svmpa3.
[2026-10-08 00:42:08] (0s)  >>> Full cache hit cached_AstNodeImpl::Impl::Cached::getEnclosingClosure/1#512cf739/2@d385cfus with 3 rows and digest 3fe05aq1kga1shef1e1fqp7u1c3.
[2026-10-08 00:42:08] (0s)  >>> Full cache hit cached_ControlFlowElements::TAstElement#5aa9dc9a/2@7d43f0b4 with 305266 rows and digest e99fb8vhr1auqnsjf6hbdk7rped.
[2026-10-08 00:42:08] (0s)  >>> First-level cache hit cached_ControlFlowElements::TPropertyObserverElement#ec3073ab/3@6c2fafrf with empty relation.
[2026-10-08 00:42:08] (0s) Inferred that ControlFlowElements::TPropertyObserverElement#ec3073ab_2#join_rhs/1@8cc20d8e is empty, due to cached_ControlFlowElements::TPropertyObserverElement#ec3073ab/3@6c2fafrf.
[2026-10-08 00:42:08] (0s) Inferred that CfgNodes::PropertyObserverCfgNode#b95d9dbb/2@3bcd74i9 is empty, due to cached_ControlFlowElements::TPropertyObserverElement#ec3073ab/3@6c2fafrf.
[2026-10-08 00:42:08] (0s) Inferred that ControlFlowElements::isPropertyObserverElement/3#5d450422/3@e13a9f45 is empty, due to ControlFlowElements::TPropertyObserverElement#ec3073ab_2#join_rhs/1@8cc20d8e.
[2026-10-08 00:42:08] (0s) Inferred that DataFlowDispatch::TPropertyObserverCall#dom#49335461/1@5bc236ge is empty, due to CfgNodes::PropertyObserverCfgNode#b95d9dbb/2@3bcd74i9.
[2026-10-08 00:42:08] (0s) Inferred that CfgNodes::PropertyObserverCfgNode#b95d9dbb_10#join_rhs/2@18a569v0 is empty, due to CfgNodes::PropertyObserverCfgNode#b95d9dbb/2@3bcd74i9.
[2026-10-08 00:42:08] (0s) Inferred that DataFlowPrivate::PropertyObserverOutNode#ca34def2/4@09513789 is empty, due to CfgNodes::PropertyObserverCfgNode#b95d9dbb/2@3bcd74i9.
[2026-10-08 00:42:08] (0s) Inferred that ControlFlowElements::isPropertyObserverElement/3#5d450422_21#join_rhs/2@84ff2dtf is empty, due to ControlFlowElements::isPropertyObserverElement/3#5d450422/3@e13a9f45.
[2026-10-08 00:42:08] (0s) Inferred that ControlFlowElements::isPropertyObserverElement/3#5d450422_201#join_rhs/3@24495568 is empty, due to ControlFlowElements::isPropertyObserverElement/3#5d450422/3@e13a9f45.
[2026-10-08 00:42:08] (0s) Inferred that DataFlowDispatch::TPropertyObserverCall#69bfce87/2@b19badt8 is empty, due to DataFlowDispatch::TPropertyObserverCall#dom#49335461/1@5bc236ge.
[2026-10-08 00:42:08] (0s) Inferred that CfgNodes::PropertyObserverCfgNode.getBase/0#dispred#aedf5acd/2@ecd3cevk is empty, due to CfgNodes::PropertyObserverCfgNode#b95d9dbb_10#join_rhs/2@18a569v0.
[2026-10-08 00:42:08] (0s) Inferred that CfgNodes::PropertyObserverCfgNode.getSource/0#dispred#6ff00d15/2@f6698bhe is empty, due to CfgNodes::PropertyObserverCfgNode#b95d9dbb_10#join_rhs/2@18a569v0.
[2026-10-08 00:42:08] (0s) Inferred that DataFlowPrivate::ObserverArgumentNode#48d34c5c/4@38c8588e is empty, due to CfgNodes::PropertyObserverCfgNode#b95d9dbb_10#join_rhs/2@18a569v0.
[2026-10-08 00:42:08] (0s) Inferred that DataFlowPrivate::PropertyObserverOutNode#ca34def2_120#join_rhs/3@54ff348m is empty, due to DataFlowPrivate::PropertyObserverOutNode#ca34def2/4@09513789.
[2026-10-08 00:42:08] (0s) Inferred that ControlFlowGraphImpl::Exprs::AssignExprs::AssignExprTree.hasWillSetObserver/0#dispred#4debab66/1@f42e12le is empty, due to ControlFlowElements::isPropertyObserverElement/3#5d450422_21#join_rhs/2@84ff2dtf.
[2026-10-08 00:42:08] (0s) Inferred that _ControlFlowElements::isPropertyObserverElement/3#5d450422_21#join_rhs_ControlFlowGraphImpl::Exprs::__#antijoin_rhs/2@b34472dn is empty, due to ControlFlowElements::isPropertyObserverElement/3#5d450422_21#join_rhs/2@84ff2dtf.
[2026-10-08 00:42:08] (0s) Inferred that cached_DataFlowDispatch::TPropertyObserverCall#69bfce87/2@b5fceb37 is empty, due to DataFlowDispatch::TPropertyObserverCall#69bfce87/2@b19badt8.
[2026-10-08 00:42:08] (0s) Inferred that CfgNodes::PropertyObserverCfgNode.getBase/0#dispred#aedf5acd_10#join_rhs/2@ed62e1nm is empty, due to CfgNodes::PropertyObserverCfgNode.getBase/0#dispred#aedf5acd/2@ecd3cevk.
[2026-10-08 00:42:08] (0s) Inferred that project#CfgNodes::PropertyObserverCfgNode.getBase/0#dispred#aedf5acd/1@d9839f4k is empty, due to CfgNodes::PropertyObserverCfgNode.getBase/0#dispred#aedf5acd/2@ecd3cevk.
[2026-10-08 00:42:08] (0s) Inferred that CfgNodes::PropertyObserverCfgNode.getSource/0#dispred#6ff00d15_10#join_rhs/2@8331aai9 is empty, due to CfgNodes::PropertyObserverCfgNode.getSource/0#dispred#6ff00d15/2@f6698bhe.
[2026-10-08 00:42:08] (0s)  >>> Full cache hit cached_Synth::Synth::TElement#5aa52b4d/1@b66ecaki with 486978 rows and digest 8c25b8mit921tf6vg19fjkqfusa.
[2026-10-08 00:42:08] (0s)  >>> Full cache hit cached_ControlFlowElements::TPropertySetterElement#f65b7675/3@7ff723in with 974 rows and digest 1d8afclncecto2v91ur9p704c04.
[2026-10-08 00:42:08] (0s)  >>> Full cache hit cached_ControlFlowElements::TPropertyGetterElement#0db15e1b/3@5a119bqg with 13 rows and digest c203dab2pefsshs4c3ab3ssbqb7.
[2026-10-08 00:42:08] (0s)  >>> Full cache hit cached_ControlFlowElements::TNilCoalescingTestElement#66034683/2@463f7b9d with 1 rows and digest 97dcd6bdfddk5ls5arf8pm32cbc.
[2026-10-08 00:42:08] (0s)  >>> Full cache hit cached_ControlFlowGraphImplSpecific::CfgImpl::Cached::TAstNode#e7ae24eb/4@be2828q9 with 86499 rows and digest 7c63004g1s7dmmcrf5a6rptl353.
[2026-10-08 00:42:08] (0s)  >>> Full cache hit cached_ControlFlowElements::TControlFlowElement#4d34738d/1@22f33cs3 with 326448 rows and digest 12b35031mt0gvst0sjp1l3tklnd.
[2026-10-08 00:42:08] (0s)  >>> Full cache hit cached_BasicBlock::Make<Location::Location,BasicBlocks::BasicBlocksImpl::BasicBlockInputSig>::Cached::getNode/2#42d576bb/3@a6c71f86 with 147082 rows and digest a189ca7de0de435ssd0fk0hgkf6.
[2026-10-08 00:42:08] (0s)  >>> Full cache hit cached_BasicBlock::Make<Location::Location,BasicBlocks::BasicBlocksImpl::BasicBlockInputSig>::Cached::TBasicBlockStart#02c52780/2@384b37dk with 20207 rows and digest 9d6e69t30qj31ed5el4t6pa2gm8.
[2026-10-08 00:42:08] (0s)  >>> Full cache hit cached_ControlFlowGraphImplSpecific::CfgImpl::Cached::Public::getNodeCfgScope/1#0b45c2c9/2@ea7627i9 with 147082 rows and digest 84435b9l56hp7d6m06dpgu3bu89.
[2026-10-08 00:42:08] (0s)  >>> Full cache hit cached_TypeDecl::TypeDecl.getFullName/0#bfa7889c/2@36272d61 with 15794 rows and digest cc8026v1b8f4b3ehrj3uvqvqspf.
[2026-10-08 00:42:08] (0s)  >>> Full cache hit cached_Method::Method.hasQualifiedName/2#dispred#77508db1/3@96898b0s with 21412 rows and digest 8687612sji80u247m39k65isoee.
[2026-10-08 00:42:08] (0s)  >>> Full cache hit cached_BasicBlock::Make<Location::Location,BasicBlocks::BasicBlocksImpl::BasicBlockInputSig>::Cached::bbIDominates/2#d13501c8/2@b06135n2 with 13 rows and digest ece96ftrh2vot60tnc1fpf8rcn9.
[2026-10-08 00:42:08] (0s)  >>> Full cache hit cached_ControlFlowGraphImplSpecific::CfgImpl::Cached::TEntryNode#e6ee8ac9/2@0b4600bf with 20194 rows and digest f81a53scqf3quf4n0v6qjvn6vm6.
[2026-10-08 00:42:08] (0s)  >>> Full cache hit cached_ControlFlowGraphImplSpecific::CfgImpl::Cached::TExitNode#2cfb98c2/2@ee14e6j9 with 20194 rows and digest 7ac801na2pqtbk0t4l6p6vdappf.
[2026-10-08 00:42:08] (0s)  >>> Full cache hit cached_BasicBlock::Make<Location::Location,BasicBlocks::BasicBlocksImpl::BasicBlockInputSig>::Cached::bbSuccessor/3#539ba761/3@c57bd0tg with 17 rows and digest 1f1ad8mlruk9q4pk16vah8437m6.
[2026-10-08 00:42:08] (0s)  >>> Full cache hit cached_Ssa::Ssa::SsaImpl::TWriteDef#3b20b0ad/4@201072cc with 7468 rows and digest cd34fbsas59afc8ti56liatktu6.
[2026-10-08 00:42:08] (0s)  >>> First-level cache hit cached_Ssa::Ssa::SsaImpl::TPhiNode#74b7f22f/3@dc996acp with empty relation.
[2026-10-08 00:42:08] (0s) Inferred that Ssa::Ssa::PhiDefinition#fb0c69c2/1@a502cbvj is empty, due to cached_Ssa::Ssa::SsaImpl::TPhiNode#74b7f22f/3@dc996acp.
[2026-10-08 00:42:08] (0s) Inferred that Ssa::Ssa::PhiDefinition.getLocation/0#dispred#f552fb31/2@2bc3d59s is empty, due to Ssa::Ssa::PhiDefinition#fb0c69c2/1@a502cbvj.
[2026-10-08 00:42:08] (0s) Inferred that Ssa::Ssa::SsaImpl::phiHasInputFromBlock/3#8364d335/3@e27e30h2 is empty, due to Ssa::Ssa::PhiDefinition#fb0c69c2/1@a502cbvj.
[2026-10-08 00:42:08] (0s) Inferred that cached_Ssa::Ssa::PhiDefinition#fb0c69c2/1@c9b154g5 is empty, due to Ssa::Ssa::PhiDefinition#fb0c69c2/1@a502cbvj.
[2026-10-08 00:42:08] (0s) Inferred that cached_Ssa::Ssa::PhiDefinition.getLocation/0#dispred#f552fb31/2@99bda0i6 is empty, due to Ssa::Ssa::PhiDefinition.getLocation/0#dispred#f552fb31/2@2bc3d59s.
[2026-10-08 00:42:08] (0s) Inferred that Ssa::Ssa::PhiDefinition.getAPhiInput/0#dispred#262caa39/2@694fffkh is empty, due to Ssa::Ssa::SsaImpl::phiHasInputFromBlock/3#8364d335/3@e27e30h2.
[2026-10-08 00:42:08] (0s) Inferred that Ssa::Ssa::PhiDefinition.getPhiInput/1#dispred#e054d283/3@83f656j8 is empty, due to Ssa::Ssa::SsaImpl::phiHasInputFromBlock/3#8364d335/3@e27e30h2.
[2026-10-08 00:42:08] (0s) Inferred that cached_Ssa::Ssa::PhiDefinition.getAPhiInput/0#dispred#262caa39/2@4e9935k2 is empty, due to Ssa::Ssa::PhiDefinition.getAPhiInput/0#dispred#262caa39/2@694fffkh.
[2026-10-08 00:42:08] (0s) Inferred that cached_Ssa::Ssa::PhiDefinition.getPhiInput/1#dispred#e054d283/3@47a061te is empty, due to Ssa::Ssa::PhiDefinition.getPhiInput/1#dispred#e054d283/3@83f656j8.
[2026-10-08 00:42:08] (0s) Inferred that Ssa::Ssa::PhiDefinition.getAPhiInput/0#dispred#262caa39_10#join_rhs/2@d0a68e0j is empty, due to cached_Ssa::Ssa::PhiDefinition.getAPhiInput/0#dispred#262caa39/2@4e9935k2.
[2026-10-08 00:42:08] (0s) Inferred that project#Ssa::Ssa::PhiDefinition.getAPhiInput/0#dispred#262caa39/1@a67fcdin is empty, due to cached_Ssa::Ssa::PhiDefinition.getAPhiInput/0#dispred#262caa39/2@4e9935k2.
[2026-10-08 00:42:08] (0s) Inferred that _Ssa::Ssa::Definition#e24717ec_Ssa::Ssa::PhiDefinition.getAPhiInput/0#dispred#262caa39#join_rhs/2@9658bf2b is empty, due to cached_Ssa::Ssa::PhiDefinition.getAPhiInput/0#dispred#262caa39/2@4e9935k2.
[2026-10-08 00:42:08] (0s)  >>> Full cache hit cached_Ssa::Ssa::Definition.getARead/0#dispred#a01f3ad5/2@cdcef5ur with 11267 rows and digest 49a119pq1gbccmkbral3vvucnoe.
[2026-10-08 00:42:08] (0s)  >>> Full cache hit cached_Ssa::Ssa::Definition#e24717ec/1@a5bfebrt with 7468 rows and digest 4ef13dm4p0qnm54ghsb5msb0s28.
[2026-10-08 00:42:08] (0s)  >>> Full cache hit cached_Ssa::Ssa::WriteDefinition.assigns/1#dispred#4c1ee7cf/2@8f7de6rc with 1788 rows and digest ff3efd50qo3i6i6ard6sbhnkr2d.
[2026-10-08 00:42:08] (0s)  >>> Full cache hit cached_ControlFlowGraphImplSpecific::CfgImpl::Cached::getASuccessor/2#a5a1263d/3@8a8005p8 with 126892 rows and digest 43327b23p2v5jploq3kufbf16h7.
[2026-10-08 00:42:08] (0s)  >>> Full cache hit cached_DataFlowPrivate::TExprNode#c082ac4f/3@b9adf8ik with 39406 rows and digest fc5a17n6ndcp0t0sgat8tdgm144.
[2026-10-08 00:42:08] (0s)  >>> Full cache hit cached_ExternalFlow::paramsString/1#68a41254/2@6c82b7l9 with 57255 rows and digest e8531at3gthshb36h2elo3l1k0c.
[2026-10-08 00:42:08] (0s)  >>> First-level cache hit cached_ExternalFlow::sourceNode/3#ac6e4ba0/3@a6f2642b with empty relation.
[2026-10-08 00:42:08] (0s)  >>> Full cache hit cached_ExternalFlow::sinkNode/3#9459279b/3@c39fcdou with 2 rows and digest 6b809bs08ll3kfi6q02jirgl7uc.
[2026-10-08 00:42:08] (0s)  >>> Full cache hit cached_Ssa::Ssa::Definition.getAFirstRead/0#dispred#b39da5db/2@42ca3c6k with 7468 rows and digest 0aaa23fqumvkl341h7se5e0u6j9.
[2026-10-08 00:42:08] (0s)  >>> Full cache hit cached_Element::Element.toStringImpl/0#dispred#2ae35507/2@8aec5376 with 486953 rows and digest ba7ad9gdfd069s1efgf5p46jlh3.
[2026-10-08 00:42:08] (0s)  >>> Full cache hit cached_Ssa::Ssa::Definition.adjacentReadPair/2#dispred#e68465cf/3@fd4501ab with 3799 rows and digest 62210d8vap3nre1nfnqvd3naode.
[2026-10-08 00:42:08] (0s)  >>> Full cache hit cached_DataFlowPrivate::simpleLocalFlowStep/3#f578cb74/3@c92540fb with 22460 rows and digest b657e8v7df4u7ec7h4qn3rorf1a.
[2026-10-08 00:42:08] (0s)  >>> Full cache hit cached_DataFlowPublic::localFlowStep/2#6f8207df/2@d42496no with 22460 rows and digest 3c15d6rq2vv086lgc4uan3e7bf0.
[2026-10-08 00:42:08] (0s)  >>> Full cache hit cached_DataFlowPrivate::TUserDefaultsContent#e49369ce/2@a243100t with 2 rows and digest ab137bq0vu4qm0esav0s9vju8vf.
[2026-10-08 00:42:08] (0s)  >>> Full cache hit cached_DataFlowPrivate::TUserDefaultsState#61e16b0f/4@c52259js with 8 rows and digest 154f6ebcruttcagsfhvvrpghri7.
[2026-10-08 00:42:08] (0s)  >>> Full cache hit cached_DataFlowPrivate::TSsaDefinitionNode#9016dacf/2@dc083bqj with 7468 rows and digest a15ea6n457g13s5v0lsqsu16um0.
[2026-10-08 00:42:08] (0s)  >>> Full cache hit cached_DataFlowPrivate::TSourceParameterNode#b0cc3b0c/2@b7360d9f with 85612 rows and digest 6af19dbq6jl4v2ts5c25l98i867.
[2026-10-08 00:42:08] (0s)  >>> Full cache hit cached_DataFlowPrivate::TSingletonContent#7a03e3e2/2@fdef75ji with 18666 rows and digest 082d48s1t4qghjntabb5pqav9n4.
[2026-10-08 00:42:08] (0s)  >>> Full cache hit cached_DataFlowPrivate::TPatternNode#da658430/3@2bd21dfd with 4 rows and digest 3cb4d8fs4e1r0p1nnufe2ajvufa.
[2026-10-08 00:42:08] (0s)  >>> Full cache hit cached_DataFlowPrivate::TInoutReturnNode#f5770b67/2@d8d1c38i with 37859 rows and digest 5289f8lehvqp07jn4thbba5ga1f.
[2026-10-08 00:42:08] (0s)  >>> Full cache hit cached_DataFlowPrivate::TNode#36afb0b6/1@af00f2b8 with 181149 rows and digest a79b84eb45f1mjhf6sb3492kvs7.
[2026-10-08 00:42:08] (0s)  >>> Full cache hit cached_DataFlowPrivate::TFieldContent#27bb7cd4/2@9a4df8g4 with 18392 rows and digest ba135500q6132le8rgc5rpd2k02.
[2026-10-08 00:42:08] (0s)  >>> Full cache hit cached_DataFlowPrivate::TFlowSummaryNode#42a164d7/2@67d27fhr with 5195 rows and digest 239cefshq3hjtbppj9bj27o0qvb.
[2026-10-08 00:42:08] (0s)  >>> Full cache hit cached_DataFlowPrivate::TExprPostUpdateNode#32d392fa/2@f6ee0776 with 5595 rows and digest a93f04h5vm5ke7k1ec640hkvgpb.
[2026-10-08 00:42:08] (0s)  >>> Full cache hit cached_DataFlowPrivate::TDictionarySubscriptNode#bb14851e/2@e584ce95 with 1 rows and digest eeb61audbbnl7snr61lt3fvsac2.
[2026-10-08 00:42:08] (0s)  >>> Full cache hit cached_DataFlowPrivate::TEnumContent#6f10ced6/2@3fe1f38j with 271 rows and digest c0a664gru6r5imfemgnslaig608.
[2026-10-08 00:42:08] (0s)  >>> Full cache hit cached_DataFlowPrivate::TContentSet#bf3c326b/1@022155sv with 18666 rows and digest 405fa8qvb9i1epoegaarm784rk8.
[2026-10-08 00:42:08] (0s)  >>> Full cache hit cached_DataFlowPrivate::TContent#e25a891b/1@6d3f5a5m with 18666 rows and digest 405fa8qvb9i1epoegaarm784rk8.
[2026-10-08 00:42:08] (0s)  >>> Full cache hit cached_DataFlowPrivate::TCollectionContent#9985595a/1@f04686qm with 1 rows and digest fc0a1fa602fm9vahh33mfs524a3.
[2026-10-08 00:42:08] (0s)  >>> First-level cache hit cached_DataFlowPrivate::TCaptureNode#03a5c1aa/2@28464eaa with empty relation.
[2026-10-08 00:42:08] (0s)  >>> Full cache hit cached_DataFlowPrivate::TClosureSelfParameterNode#f8e349f2/2@69648044 with 1 rows and digest cd49af63cjt9ngqkvia2jbknkid.
[2026-10-08 00:42:08] (0s)  >>> Full cache hit cached_DataFlowImplCommon::Cached::viableReturnPosOutEx/3#fecc0bfe/3@49c4f1uu with 3441 rows and digest 1b492e0k5n1r8ghed7s0qfns35c.
[2026-10-08 00:42:08] (0s)  >>> Full cache hit cached_DataFlowImplCommon::Cached::viableReturnPosOut/3#e491fd7a/3@3ed35cjb with 3441 rows and digest 1b492e0k5n1r8ghed7s0qfns35c.
[2026-10-08 00:42:08] (0s)  >>> Full cache hit cached_DataFlowImplCommon::Cached::viableParamArgEx/3#db135854/3@2a067f3l with 3431 rows and digest 38e57a6jrnrtsd4550k82354pba.
[2026-10-08 00:42:08] (0s)  >>> Full cache hit cached_DataFlowImplCommon::Cached::viableParamArg/3#41225d58/3@95a7c0ue with 3431 rows and digest 38e57a6jrnrtsd4550k82354pba.
[2026-10-08 00:42:08] (0s)  >>> First-level cache hit cached_DataFlowImplCommon::Cached::viableImplInCallContextExt/2#8a7a72ee/3@969ae8f5 with empty relation.
[2026-10-08 00:42:08] (0s)  >>> First-level cache hit cached_DataFlowImplCommon::Cached::viableCallableLambda/2#569997f7/3@c583a5p4 with empty relation.
[2026-10-08 00:42:08] (0s)  >>> Full cache hit cached_DataFlowDispatch::viableCallable/1#5eecc2c6/2@8800e9am with 1721 rows and digest a05ae9jsqaltvcmpfuqqsl7dkp8.
[2026-10-08 00:42:08] (0s)  >>> Full cache hit cached_DataFlowImplCommon::Cached::storeSet/5#7ce5bb55/5@ba99bbnm with 2028 rows and digest b5803355fb4hucle59inqrlesi2.
[2026-10-08 00:42:08] (0s)  >>> Full cache hit cached_DataFlowImplCommon::Cached::storeEx/5#e88e0e77/5@396081k4 with 2028 rows and digest b5803355fb4hucle59inqrlesi2.
[2026-10-08 00:42:08] (0s)  >>> Full cache hit cached_DataFlowImplCommon::Cached::simpleLocalFlowStepExt/3#1f0f0bae/3@590881o7 with 22460 rows and digest b657e8v7df4u7ec7h4qn3rorf1a.
[2026-10-08 00:42:08] (0s)  >>> Full cache hit cached_DataFlowImplCommon::Cached::readSet/3#8d748272/3@1d3863ro with 644 rows and digest 0e3408kmpq7m2k4sa8orb65nk94.
[2026-10-08 00:42:08] (0s)  >>> Full cache hit cached_DataFlowImplCommon::Cached::readEx/3#94be43b3/3@f06134da with 644 rows and digest 0e3408kmpq7m2k4sa8orb65nk94.
[2026-10-08 00:42:08] (0s)  >>> Full cache hit cached_DataFlowPrivate::ParameterNodeImpl.isParameterOf/2#dispred#6fc2d227/3@c203a21k with 9248 rows and digest 4b389c8voq4iheg25rlchi7pid2.
[2026-10-08 00:42:08] (0s)  >>> Full cache hit cached_DataFlowImplCommon::Cached::outNodeExt/1#30df2a69/1@7dd9b18o with 11619 rows and digest abaf3arbu5s61frop0c3q6ii0kc.
[2026-10-08 00:42:08] (0s)  >>> Full cache hit cached_DataFlowPrivate::NodeImpl.getEnclosingCallable/0#dispred#6c5fe5e9/2@46a1a2bh with 70239 rows and digest 595f9ar553rl2kocc2lkbqmt30a.
[2026-10-08 00:42:08] (0s)  >>> First-level cache hit cached_DataFlowImplCommon::Cached::mayBenefitFromCallContextExt/2#06ce1204/2@120fd9eo with empty relation.
[2026-10-08 00:42:08] (0s)  >>> Full cache hit cached_DataFlowImplCommon::Cached::nodeType/2#55be2913/2@0ca22c6c with 181149 rows and digest 83a5bbvhsedk5uugc8dosrlfma2.
[2026-10-08 00:42:08] (0s)  >>> First-level cache hit cached_DataFlowImplCommon::Cached::jumpStepCached/2#8cb6371b/2@58e46055 with empty relation.
[2026-10-08 00:42:08] (0s)  >>> Full cache hit cached_DataFlowImplCommon::Cached::localFlowStepExImpl/3#d8725d64/3@f9f1a8kr with 26655 rows and digest cdc846jvli0copqjst21taj03o7.
[2026-10-08 00:42:08] (0s)  >>> Full cache hit cached_DataFlowImplCommon::Cached::isTopType/1#5f4b5550/1@71a5f3m9 with 1 rows and digest 19f2cevarof1fbaqkctt3t43if4.
[2026-10-08 00:42:08] (0s)  >>> Full cache hit cached_DataFlowImplCommon::Cached::hiddenNode/1#ac976116/1@9b0997f4 with 186689 rows and digest 6a7e9ctcasl3rlk2lg1dgk159md.
[2026-10-08 00:42:08] (0s)  >>> First-level cache hit cached_DataFlowImplCommon::Cached::getSourceModel/1#56641931/2@cf0c1743 with empty relation.
[2026-10-08 00:42:08] (0s)  >>> Full cache hit cached_DataFlowImplCommon::Cached::getValueReturnPosition/1#ae599c3d/2@f6d5ec4h with 23072 rows and digest 26bfcakdamrksb5gja0scn8dsgc.
[2026-10-08 00:42:08] (0s)  >>> Full cache hit cached_DataFlowImplCommon::Cached::getSecondLevelScopeEx/1#10533743/2@886c00j5 with 181149 rows and digest 83a5bbvhsedk5uugc8dosrlfma2.
[2026-10-08 00:42:08] (0s)  >>> Full cache hit cached_DataFlowImplCommon::Cached::getSinkModel/1#ea74d527/2@fd45614p with 4 rows and digest 2ea62469ekjsroed7l3pc9jl7v0.
[2026-10-08 00:42:08] (0s)  >>> Full cache hit cached_DataFlowImplCommon::Cached::getReturnPositionEx/1#66460b0f/2@715dfalc with 27039 rows and digest c0dd99feb6cd69agu7vjk4s1l3d.
[2026-10-08 00:42:08] (0s)  >>> Full cache hit cached_DataFlowImplCommon::Cached::getParamReturnPosition/2#5c158f3c/3@4a904a08 with 4195 rows and digest 89501d92atc6b532ca58r5gfdo7.
[2026-10-08 00:42:08] (0s)  >>> Full cache hit cached_DataFlowImplCommon::Cached::getContentApproxCached/1#9180f50c/2@bd18b3c0 with 18666 rows and digest f145e700h10g2c7uusjj8anai25.
[2026-10-08 00:42:08] (0s)  >>> Full cache hit cached_ControlFlowGraphImplSpecific::CfgImpl::Cached::Public::forceCachingInSameStage/0#19d0b30a/0@a80d27a0 with 1 rows and digest ac90f0ei322hhreshlvdl215c38.
[2026-10-08 00:42:08] (0s)  >>> Full cache hit cached_DataFlowImplCommon::Cached::flowCheckNode/1#412883d8/1@b7ee191k with 1315 rows and digest 361db0pvqoe2o9as4jscb4olhn5.
[2026-10-08 00:42:08] (0s)  >>> Full cache hit cached_DataFlowImplCommon::Cached::getAnOutNodeEx/2#59b3d371/3@66ad0ddl with 15822 rows and digest 6f633e0fhge5027cldutfjnk458.
[2026-10-08 00:42:08] (0s)  >>> Full cache hit cached_DataFlowImplCommon::Cached::clearsContentSet/2#00c13749/2@1d6b643v with 1315 rows and digest 84f0212vdjpos17iecfbcmmhuh5.
[2026-10-08 00:42:08] (0s)  >>> Full cache hit cached_DataFlowImplCommon::Cached::castingNodeEx/1#5fbe43a1/1@54da3451 with 25464 rows and digest fc7d5chiis6sl1p6vhelqltnv3d.
[2026-10-08 00:42:08] (0s)  >>> Full cache hit cached_DataFlowImplCommon::Cached::compatibleTypesCached/2#129cd694/2@909a8amt with 1 rows and digest 52e0bdo7e2rh65bhgmq4lc1b6g3.
[2026-10-08 00:42:08] (0s)  >>> Full cache hit cached_DataFlowImplCommon::Cached::callEnclosingCallable/2#3284d81e/2@f8f977ge with 6251 rows and digest 24688aj2hn92k24debnav2fg595.
[2026-10-08 00:42:08] (0s)  >>> Full cache hit cached_DataFlowImplCommon::Cached::argumentNode/3#5c92d692/3@76dda3oo with 7402 rows and digest 51f4e44rqocsbikr7gghutm7t6c.
[2026-10-08 00:42:08] (0s)  >>> Full cache hit cached_DataFlowImplCommon::Cached::allowParameterReturnInSelfEx/1#4534ea97/1@480329p8 with 149 rows and digest c5835dme7rljgli538unhf7unfe.
[2026-10-08 00:42:08] (0s)  >>> Full cache hit cached_DataFlowImplCommon::Cached::TValueReturn#28c7f1a4/2@ac6238c2 with 66 rows and digest 1a18857hl741mq48oeov9uk39t2.
[2026-10-08 00:42:08] (0s)  >>> Full cache hit cached_DataFlowImplCommon::Cached::TReturnPosition0#3c7bc2a3/3@3f66e5tv with 27039 rows and digest be32e8bk4g61ps92daune2md0m8.
[2026-10-08 00:42:08] (0s)  >>> Full cache hit cached_DataFlowImplCommon::Cached::TReturnPosition#fe708567/1@0e4d56q2 with 27039 rows and digest d4fc400sqofabde25uihof3pnbf.
[2026-10-08 00:42:08] (0s)  >>> Full cache hit cached_DataFlowImplCommon::Cached::TReturnCtxNone#bd267d1c/1@d21b91ia with 1 rows and digest 19f2cevarof1fbaqkctt3t43if4.
[2026-10-08 00:42:08] (0s)  >>> Full cache hit cached_DataFlowImplCommon::Cached::TReturnKindExt#77930fe1/1@be0a1d3j with 70 rows and digest 557763qasre9357m9op7uaq1d0a.
[2026-10-08 00:42:08] (0s)  >>> Full cache hit cached_DataFlowImplCommon::Cached::TReturnCtxMaybeFlowThrough#8fcfb725/2@a67062sn with 27039 rows and digest 98f31edaa72orbk5s8jrteo9g49.
[2026-10-08 00:42:08] (0s)  >>> Full cache hit cached_DataFlowImplCommon::Cached::TReturnCtxNoFlowThrough#e02d8fcb/1@744fdc49 with 1 rows and digest 14d190jcpgdl411cck5pgml3dof.
[2026-10-08 00:42:08] (0s)  >>> Full cache hit cached_DataFlowImplCommon::Cached::TReturnCtx#7b96ae2f/1@c218e297 with 27041 rows and digest de424dooc2jaikgp6h3t1mhrjp5.
[2026-10-08 00:42:08] (0s)  >>> Full cache hit cached_DataFlowImplCommon::Cached::TParamReturnNode#73470433/3@7996dcgg with 3967 rows and digest 8aaa39a5aruhh19nlu11i65ahqe.
[2026-10-08 00:42:08] (0s)  >>> Full cache hit cached_DataFlowImplCommon::Cached::TParamUpdate#c72decce/2@d4144emc with 4 rows and digest d67d984pk0q9725cehpc5srqle5.
[2026-10-08 00:42:08] (0s)  >>> Full cache hit cached_DataFlowImplCommon::Cached::TNodeNormal#28680480/2@a7b352j6 with 181149 rows and digest d579233e2dn1o0eafr63e5imc55.
[2026-10-08 00:42:08] (0s)  >>> Full cache hit cached_DataFlowImplCommon::Cached::TNodeEx#0ca5e413/1@d9b82cnb with 366265 rows and digest 632ea3jhbpt106osuvifn8eka44.
[2026-10-08 00:42:08] (0s)  >>> Full cache hit cached_DataFlowImplCommon::Cached::TMkCallEdge#9158580e/3@9302d825 with 1721 rows and digest e456d7udpcc3ftdhspg6nfskh29.
[2026-10-08 00:42:08] (0s)  >>> Full cache hit cached_DataFlowImplCommon::Cached::TNodeImplicitRead#bf2ca9dd/2@acf1bfnt with 181149 rows and digest 6bd193056hctj9aeqfam4j1c9t1.
[2026-10-08 00:42:08] (0s)  >>> Full cache hit cached_DataFlowImplCommon::Cached::TAnyLocalCall#934309fe/1@6674df93 with 1 rows and digest 19f2cevarof1fbaqkctt3t43if4.
[2026-10-08 00:42:08] (0s)  >>> Full cache hit cached_DataFlowImplCommon::Cached::TFrontHead#ba92b323/3@cd41a0pd with 93330 rows and digest 5990d0oij7ucuurgqkv7e24npb8.
[2026-10-08 00:42:08] (0s)  >>> Full cache hit cached_DataFlowImplCommon::Cached::TCallSome#32798910/2@5e6fc9mk with 6251 rows and digest 707397banc3b3afleioqrmdiu85.
[2026-10-08 00:42:08] (0s)  >>> Full cache hit cached_DataFlowImplCommon::Cached::TFrontNil#4cb4c454/1@60796bn9 with 1 rows and digest 19f2cevarof1fbaqkctt3t43if4.
[2026-10-08 00:42:08] (0s)  >>> Full cache hit cached_DataFlowImplCommon::Cached::TCallNone#26c9fa9f/1@5abfd63o with 1 rows and digest 19f2cevarof1fbaqkctt3t43if4.
[2026-10-08 00:42:08] (0s)  >>> Full cache hit cached_DataFlowImplCommon::Cached::TCallOption#665e01f1/1@c87c87t1 with 6252 rows and digest 07245950arddafka631idgqb6ia.
[2026-10-08 00:42:08] (0s)  >>> Full cache hit cached_DataFlowImplCommon::Cached::TBooleanSome#a9822bfa/2@7ec9f3fd with 2 rows and digest 4a8089ekihspmvc7kajqrm1aohe.
[2026-10-08 00:42:08] (0s)  >>> Full cache hit cached_DataFlowImplCommon::Cached::TCallEdge#bef1fcde/1@c0770cg5 with 1721 rows and digest 5eb102p6j97t6vqt5ug3f12fmsc.
[2026-10-08 00:42:08] (0s)  >>> Full cache hit cached_DataFlowImplCommon::Cached::TBooleanOption#0697de85/1@5e035b3r with 3 rows and digest 1e437594k4lrub4j1rp8ks3g8h1.
[2026-10-08 00:42:08] (0s)  >>> Full cache hit cached_DataFlowImplCommon::Cached::TApproxFrontNil#5b72f20b/1@816da1ln with 1 rows and digest 19f2cevarof1fbaqkctt3t43if4.
[2026-10-08 00:42:08] (0s)  >>> Full cache hit cached_DataFlowImplCommon::Cached::TApproxFrontHead#c5b7bb4f/3@9f376f05 with 5 rows and digest 7c6beb612hgiu6doj0n89pe6iob.
[2026-10-08 00:42:08] (0s)  >>> Full cache hit cached_DataFlowImplCommon::Cached::TApproxAccessPathFrontSome#c070168f/2@c5b3d015 with 6 rows and digest 021924dabbet48t7aogia37a0ub.
[2026-10-08 00:42:08] (0s)  >>> Full cache hit cached_DataFlowImplCommon::Cached::TApproxAccessPathFrontOption#d7cf62e3/1@0011eeus with 7 rows and digest 2681fe98brgn6oaonf7raenuo1a.
[2026-10-08 00:42:08] (0s)  >>> Full cache hit cached_DataFlowImplCommon::Cached::TApproxAccessPathFrontNone#063ff8f5/1@614d72rq with 1 rows and digest e1863b3n66jq4ukb5nukddibf32.
[2026-10-08 00:42:08] (0s)  >>> Full cache hit cached_DataFlowImplCommon::Cached::TBooleanNone#934a4eb6/1@e017cbor with 1 rows and digest a28a4c33kuncpc8g6b5si5p502b.
[2026-10-08 00:42:08] (0s)  >>> Full cache hit cached_DataFlowImplCommon::Cached::TApproxAccessPathFront#d202b2ba/1@20f1b2av with 6 rows and digest ae9acd4qfa35i65ck0grjmghsn7.
[2026-10-08 00:42:08] (0s)  >>> Full cache hit cached_DataFlowImplCommon::Cached::TAccessPathFrontOption#132601d5/1@d5d2193v with 93332 rows and digest 800df3omj7tvndtdvnp3mrv73p7.
[2026-10-08 00:42:08] (0s)  >>> Full cache hit cached_DataFlowImplCommon::Cached::TAccessPathFrontNone#7dade849/1@729ff9ql with 1 rows and digest 19f2cevarof1fbaqkctt3t43if4.
[2026-10-08 00:42:08] (0s)  >>> Full cache hit cached_DataFlowImplCommon::Cached::TAccessPathFront#c597a147/1@76e43315 with 93331 rows and digest 06a9d01s8ig6p0rc2qt67lengve.
[2026-10-08 00:42:08] (0s)  >>> Full cache hit cached_DataFlowImplCommon::Cached::TAccessPathFrontSome#01d0cc17/2@a6f77fpg with 93331 rows and digest e312d4i0v1qosi34kdu2j44bv39.
[2026-10-08 00:42:08] (0s)  >>> First-level cache hit cached_DataFlowImplCommon::CallContextSensitivity<Cached::CachedCallContextSensitivity::CallContextSensitivityInput>::PrunedViableImpl<Cached::CachedCallContextSensitivity::PrunedViableImplInput>::viableImplCallContextReducedReverse/2#af0c8f84/3@223065tu with empty relation.
[2026-10-08 00:42:08] (0s)  >>> First-level cache hit cached_DataFlowImplCommon::CallContextSensitivity<Cached::CachedCallContextSensitivity::CallContextSensitivityInput>::PrunedViableImpl<Cached::CachedCallContextSensitivity::PrunedViableImplInput>::viableImplCallContextReduced/2#eacc7385/3@b077724j with empty relation.
[2026-10-08 00:42:08] (0s)  >>> Full cache hit cached_DataFlowImplCommon::Cached::FlowThrough::Final::argumentValueFlowsThrough/4#ed9bf48a/4@c4ad2avs with 1710 rows and digest 42daf6ukvm6i6f6kett98cp6689.
[2026-10-08 00:42:08] (0s)  >>> First-level cache hit cached_DataFlowImplCommon::CallContextSensitivity<Cached::CachedCallContextSensitivity::CallContextSensitivityInput>::reducedViableImplInCallContext/3#3bb2dc10/3@1d5c28p8 with empty relation.
[2026-10-08 00:42:08] (0s)  >>> Full cache hit cached_DataFlowImplCommon::CallContextSensitivity<Cached::CachedCallContextSensitivity::CallContextSensitivityInput>::CallContextNoCall#c5591f62/1@977e1aan with 1 rows and digest 19f2cevarof1fbaqkctt3t43if4.
[2026-10-08 00:42:08] (0s)  >>> Full cache hit cached_DataFlowImplCommon::CallContextSensitivity<Cached::CachedCallContextSensitivity::CallContextSensitivityInput>::CallContextCall#cbbb9ea7/1@86cfeauc with 1 rows and digest 14d190jcpgdl411cck5pgml3dof.
[2026-10-08 00:42:08] (0s)  >>> First-level cache hit cached_DataFlowImplCommon::CallContextSensitivity<Cached::CachedCallContextSensitivity::CallContextSensitivityInput>::reducedViableImplInReturn/2#ebd46020/2@1ed05dh0 with empty relation.
[2026-10-08 00:42:08] (0s)  >>> First-level cache hit cached_DataFlowImplCommon::CallContextSensitivity<Cached::CachedCallContextSensitivity::CallContextSensitivityInput>::TReturn#9bf3fed7/3@8ae827cm with empty relation.
[2026-10-08 00:42:08] (0s)  >>> Full cache hit cached_DataFlowImplCommon::Cached::CachedCallContextSensitivity::instanceofCc/1#d5f2bc27/1@72fd17ji with 2 rows and digest 8077edibunvleb7g75bfbjhteec.
[2026-10-08 00:42:08] (0s)  >>> First-level cache hit cached_DataFlowImplCommon::CallContextSensitivity<Cached::CachedCallContextSensitivity::CallContextSensitivityInput>::callContextAffectsDispatch/2#52c90bfa/2@4615d8ct with empty relation.
[2026-10-08 00:42:08] (0s)  >>> Full cache hit cached_DataFlowDispatch::TSummaryCall#6243a1c3/3@8b0f3d1b with 97 rows and digest 168ad3i9ohntso0nkvfh3dk0mb5.
[2026-10-08 00:42:08] (0s)  >>> First-level cache hit cached_DataFlowImplCommon::CallContextSensitivity<Cached::CachedCallContextSensitivity::CallContextSensitivityInput>::getSpecificCallContextCall/2#a048314b/3@e6357a0k with empty relation.
[2026-10-08 00:42:08] (0s)  >>> Full cache hit cached_DataFlowDispatch::TPropertySetterCall#40faa5db/2@132bca0l with 974 rows and digest 7a6801bnl8kg3dkj44ksf00eg1a.
[2026-10-08 00:42:08] (0s)  >>> Full cache hit cached_DataFlowDispatch::TPropertyGetterCall#1947d166/2@1efd28ag with 13 rows and digest bb7a08ks0ahrissjupnck0h2362.
[2026-10-08 00:42:08] (0s)  >>> Full cache hit cached_DataFlowDispatch::TNormalCall#c8edbb8a/2@81bcf4pd with 5167 rows and digest dfbd6fk7g3nlohjkua8fnjer51a.
[2026-10-08 00:42:08] (0s)  >>> Full cache hit cached_DataFlowDispatch::TThisParameter#c2a2f2e0/1@8acab3hv with 1 rows and digest 10952drg6dialitmaeap0ujtdf7.
[2026-10-08 00:42:08] (0s)  >>> Full cache hit cached_DataFlowDispatch::TDataFlowCall#f3b71726/1@62f6b9ev with 6251 rows and digest 5b5d9flcb2ppca6a49qcqnutand.
[2026-10-08 00:42:08] (0s)  >>> Full cache hit cached_DataFlowDispatch::TThisArgument#7a2f447e/1@e7e28f62 with 1 rows and digest 10952drg6dialitmaeap0ujtdf7.
[2026-10-08 00:42:08] (0s)  >>> Full cache hit cached_DataFlowDispatch::TSummarizedCallable#847d752b/2@b5f021ng with 1481 rows and digest b42a6d2ud9s2a6jrilcnafih2pc.
[2026-10-08 00:42:08] (0s)  >>> Full cache hit cached_DataFlowDispatch::TPositionalParameter#81d303e0/2@8a2af1jn with 3 rows and digest 708106p3vnjme7v4hq2k6s8qqf3.
[2026-10-08 00:42:08] (0s)  >>> Full cache hit cached_DataFlowDispatch::TPositionalArgument#e853b9fb/2@5dac22lb with 3 rows and digest 708106p3vnjme7v4hq2k6s8qqf3.
[2026-10-08 00:42:08] (0s)  >>> Full cache hit cached_DataFlowDispatch::TParameterPosition#1a4deeba/1@96506e21 with 4 rows and digest 928b83hvk542icmije6r2cktl88.
[2026-10-08 00:42:08] (0s)  >>> Full cache hit cached_DataFlowDispatch::TDataFlowCallable#f0c071b4/1@e13c83vl with 21675 rows and digest 998ec4m800e9anu42hdr9pbqo3d.
[2026-10-08 00:42:08] (0s)  >>> Full cache hit cached_DataFlowDispatch::TDataFlowFunc#fd47ee42/2@89621cpb with 20194 rows and digest bd23903q66b5fh60tothtea7tp7.
[2026-10-08 00:42:08] (0s)  >>> Full cache hit cached_DataFlowDispatch::TArgumentPosition#86c1e9dc/1@416777a5 with 4 rows and digest 928b83hvk542icmije6r2cktl88.
[2026-10-08 00:42:08] (0s)  >>> Full cache hit cached_DataFlowPrivate::CaptureFlow::Cached::ref/0#6e84d036/0@c876115v with 1 rows and digest ac90f0ei322hhreshlvdl215c38.
[2026-10-08 00:42:08] (0s)  >>> Full cache hit cached_Ssa::Ssa::WriteDefinition.getLocation/0#dispred#169c6dd0/2@65bf7a9o with 7468 rows and digest aa05a4jfk8tlgccd7jh8ck56jad.
[2026-10-08 00:42:08] (0s)  >>> Full cache hit cached_Ssa::Ssa::WriteDefinition#6f0bfc93/1@f1bb8421 with 7468 rows and digest 4ef13dm4p0qnm54ghsb5msb0s28.
[2026-10-08 00:42:08] (0s)  >>> Full cache hit cached_ControlFlowGraphImplSpecific::CfgImpl::Cached::TAnnotatedExitNode#059eb84b/3@b48f18ob with 20195 rows and digest 4e658ctk6eiimkbcben72vi4l2b.
[2026-10-08 00:42:08] (0s)  >>> Full cache hit cached_Ssa::Ssa::Definition.getLocation/0#dispred#691037b0/2@97b9323r with 7468 rows and digest aa05a4jfk8tlgccd7jh8ck56jad.
[2026-10-08 00:42:08] (0s)  >>> First-level cache hit cached_Ssa::Ssa::SsaImpl::TPhiReadNode#2ad49514/3@b78fabt8 with empty relation.
[2026-10-08 00:42:08] (0s)  >>> Full cache hit cached_Ssa::Ssa::SsaImpl::TDefinitionExt#2232bc4d/1@8d50abvp with 7468 rows and digest 4ef13dm4p0qnm54ghsb5msb0s28.
[2026-10-08 00:42:08] (0s)  >>> Full cache hit cached_Splitting::TConditionalCompletionSplitKind#174cd667/1@0195d44a with 1 rows and digest 19f2cevarof1fbaqkctt3t43if4.
[2026-10-08 00:42:08] (0s)  >>> Full cache hit cached_Splitting::TSplit#80b510fb/1@dff168l5 with 6 rows and digest ae9acd4qfa35i65ck0grjmghsn7.
[2026-10-08 00:42:08] (0s)  >>> Full cache hit cached_ControlFlowGraphImplSpecific::CfgImpl::Cached::splitsToString/1#ac4b523a/2@651905i8 with 1 rows and digest 21a913top5a6p7rho01cvfkrh42.
[2026-10-08 00:42:08] (0s)  >>> Full cache hit cached_Splitting::TConditionalCompletionSplit#a476a87b/2@84a332o8 with 6 rows and digest 54d028e0730h8dkjnh6f4i2ntu5.
[2026-10-08 00:42:08] (0s)  >>> Full cache hit cached_ControlFlowGraphImplSpecific::CfgImpl::Cached::getJoinBlockPredecessor/2#1fdcc2e0/3@278807ct with 8 rows and digest 37c483j1qmulb1hp6v2rahrv8n6.
[2026-10-08 00:42:08] (0s)  >>> Full cache hit cached_ControlFlowGraphImplSpecific::CfgImpl::Cached::TSplitsNil#a1ff069e/1@753f4d0d with 1 rows and digest 19f2cevarof1fbaqkctt3t43if4.
[2026-10-08 00:42:08] (0s)  >>> First-level cache hit cached_ControlFlowGraphImplSpecific::CfgImpl::Cached::TSplitsCons#9c4dc943#origOrder/3@d94792sl with empty relation.
[2026-10-08 00:42:08] (0s)  >>> Full cache hit cached_ControlFlowGraphImplSpecific::CfgImpl::Cached::TSplits#050a968d/1@a5efd043 with 1 rows and digest 19f2cevarof1fbaqkctt3t43if4.
[2026-10-08 00:42:08] (0s)  >>> Full cache hit cached_ControlFlowGraphImplSpecific::CfgImpl::Cached::TNode#c71108ec/1@ee790791 with 147082 rows and digest 7c2507ogg9bl4h2l3qq235nc8s3.
[2026-10-08 00:42:08] (0s)  >>> Full cache hit cached_ControlFlowGraphImplSpecific::CfgImpl::Cached::Public::getAControlFlowExitNode/1#310bcd9a/2@43117du6 with 318140 rows and digest 1f5966etfujtljrpou5nqf24887.
[2026-10-08 00:42:08] (0s)  >>> Full cache hit cached_BasicBlock::Make<Location::Location,BasicBlocks::BasicBlocksImpl::BasicBlockInputSig>::Cached::bbIPostDominates/2#9e1c610b/2@fc710bft with 11 rows and digest c68026c8fk4b2spo2d2e6ju8v62.
[2026-10-08 00:42:08] (0s)  >>> Full cache hit cached_ControlFlowGraphImplSpecific::CfgImpl::ControlFlowTree.first/1#dispred#c2911af9/2@2d1b33te with 318129 rows and digest 01abeafiklr55slvopa00i23b39.
[2026-10-08 00:42:08] (0s)  >>> Full cache hit cached_BasicBlock::Make<Location::Location,BasicBlocks::BasicBlocksImpl::BasicBlockInputSig>::Cached::TBasicBlock#c2fef76e/1@4a8efbi3 with 20207 rows and digest 14fd2an112cg9cmmt52f5dmbbu8.
[2026-10-08 00:42:08] (0s)  >>> Full cache hit cached_Scope::getParentOfAst/1#4c41cdcc/2@df7f14cf with 271614 rows and digest 754091osv4p5mg2kja49b7lshkd.
[2026-10-08 00:42:08] (0s)  >>> Full cache hit cached_Scope::scopeOfAst/1#bbeab029/2@444468u9 with 167855 rows and digest bc943cckaoo2jm8ol7ll8klq2d3.
[2026-10-08 00:42:08] (0s) Starting to evaluate predicate Synth::Synth::TInjectIntoOptionalExpr#73575229_1#join_rhs/1@861e92p8
[2026-10-08 00:42:08] (0s) Starting to evaluate predicate Synth::Synth::TEnumElementDecl#c1e6fb68_1#antijoin_rhs/1@76f04ect
[2026-10-08 00:42:08] (0s)  >>> Created relation Synth::Synth::TInjectIntoOptionalExpr#73575229_1#join_rhs/1@861e92p8 with 4 rows and digest 155f6a9rhink9hok0in6jd4gceb.
[2026-10-08 00:42:08] (0s)  >>> Created relation Synth::Synth::TEnumElementDecl#c1e6fb68_1#antijoin_rhs/1@76f04ect with 2314 rows and digest 75e6f6qt2oem6bpl4rcjr02c0b6.
[2026-10-08 00:42:08] (0s) Starting to evaluate predicate Synth::Synth::TStringLiteralExpr#2798413b_1#antijoin_rhs/1@dd8a38bi
[2026-10-08 00:42:08] (0s) Starting to evaluate predicate Synth::Synth::TMethodLookupExpr#0ca19609_1#antijoin_rhs/1@0ace30qm
[2026-10-08 00:42:08] (0s)  >>> Created relation Synth::Synth::TStringLiteralExpr#2798413b_1#antijoin_rhs/1@dd8a38bi with 480 rows and digest ee2b876f0sh8bsl1dfja31qc2a3.
[2026-10-08 00:42:08] (0s) Starting to evaluate predicate Synth::Synth::TMemberRefExpr#87b2de3a_1#join_rhs/1@52ad1fdj
[2026-10-08 00:42:08] (0s)  >>> Created relation Synth::Synth::TMemberRefExpr#87b2de3a_1#join_rhs/1@52ad1fdj with 1389 rows and digest 5e9f6aj3ulcnbd91meil8hr5k71.
[2026-10-08 00:42:08] (0s)  >>> Created relation Synth::Synth::TMethodLookupExpr#0ca19609_1#antijoin_rhs/1@0ace30qm with 956 rows and digest 31bb99cs1cipun7n851m1pocfv2.
[2026-10-08 00:42:08] (0s) Starting to evaluate predicate Synth::Synth::TBinaryExpr#db62cefe_1#join_rhs/1@61eb4a29
[2026-10-08 00:42:08] (0s) Starting to evaluate predicate Synth::Synth::TCallExpr#5b2e69bc_1#join_rhs/1@c77566o3
[2026-10-08 00:42:08] (0s)  >>> Created relation Synth::Synth::TBinaryExpr#db62cefe_1#join_rhs/1@61eb4a29 with 1 rows and digest 659c00ofpbact5tjlr38glrie28.
[2026-10-08 00:42:08] (0s) Starting to evaluate predicate Synth::Synth::TAutoClosureExpr#00bd9cae_1#join_rhs/1@30e9c5l6
[2026-10-08 00:42:08] (0s)  >>> Created relation Synth::Synth::TAutoClosureExpr#00bd9cae_1#join_rhs/1@30e9c5l6 with 1 rows and digest c8fb1e2qqtg9li0805l0vprtga8.
[2026-10-08 00:42:08] (0s) Starting to evaluate predicate Synth::Synth::TClosureExpr#7bd7eaff/1@f3ab8flp
[2026-10-08 00:42:08] (0s)  >>> Created relation Synth::Synth::TClosureExpr#7bd7eaff/1@f3ab8flp with 1 rows and digest c8fb1e2qqtg9li0805l0vprtga8.
[2026-10-08 00:42:08] (0s) Starting to evaluate predicate PatternImpl::Impl::Pattern#eaaabfac/1@f1feffvb
[2026-10-08 00:42:08] (0s)  >>> Created relation Synth::Synth::TCallExpr#5b2e69bc_1#join_rhs/1@c77566o3 with 5166 rows and digest a2ed99mbjghmqibs1ts3spbj5qa.
[2026-10-08 00:42:08] (0s) Starting to evaluate predicate Synth::Synth::TApplyExpr#662ca4ec/1@f5d5972d
[2026-10-08 00:42:08] (0s)  >>> Created relation Synth::Synth::TApplyExpr#662ca4ec/1@f5d5972d with 5167 rows and digest 0fab676dab56l01te4nggo9m9r5.
[2026-10-08 00:42:08] (0s) Starting to evaluate predicate Synth::Synth::TExpr#373adb74/1@b86ffc7b
[2026-10-08 00:42:08] (0s)  >>> Created relation PatternImpl::Impl::Pattern#eaaabfac/1@f1feffvb with 16034 rows and digest 0008ca0d53098nede04ahc9n6u1.
[2026-10-08 00:42:08] (0s) Starting to evaluate predicate Synth::Synth::TNominalTypeDecl#f1bfce46/1@ac9190r4
[2026-10-08 00:42:08] (0s)  >>> Created relation Synth::Synth::TNominalTypeDecl#f1bfce46/1@ac9190r4 with 4048 rows and digest 5c2e7b9mc6rcfnhmbv1eqsfdpja.
[2026-10-08 00:42:08] (0s) Starting to evaluate predicate Synth::Synth::TFunction#4b08b623/1@3c002778
[2026-10-08 00:42:08] (0s)  >>> Created relation Synth::Synth::TFunction#4b08b623/1@3c002778 with 57255 rows and digest f276845u2fpsn7k22ons67g7kv4.
[2026-10-08 00:42:08] (0s) Starting to evaluate predicate Synth::Synth::TVarDecl#d1138da0/1@2732c36o
[2026-10-08 00:42:08] (0s)  >>> Created relation Synth::Synth::TExpr#373adb74/1@b86ffc7b with 40365 rows and digest 3f755d26ucgv50mcuqpd3ied8b0.
[2026-10-08 00:42:08] (0s) Starting to evaluate predicate Synth::Synth::TCallable#9f63cd6e/1@9e7542i3
[2026-10-08 00:42:08] (0s)  >>> Created relation Synth::Synth::TCallable#9f63cd6e/1@9e7542i3 with 57256 rows and digest e54c5couacvh8vvj678nmmjc2p0.
[2026-10-08 00:42:08] (0s)  >>> Created relation Synth::Synth::TVarDecl#d1138da0/1@2732c36o with 121163 rows and digest 70dbf8apvfo2fsr1jrnla4rgjdb.
[2026-10-08 00:42:08] (0s) Starting to evaluate predicate Synth::Synth::TAbstractStorageDecl#b7da40e7/1@a79c7eqp
[2026-10-08 00:42:08] (0s)  >>> Created relation Synth::Synth::TAbstractStorageDecl#b7da40e7/1@a79c7eqp with 121571 rows and digest d881024lu4gpg3ippot18jcmlq3.
[2026-10-08 00:42:08] (0s) Starting to evaluate predicate Locatable::Generated::Locatable#d713c658/1@aaa95e8e
[2026-10-08 00:42:08] (0s)  >>> Created relation Locatable::Generated::Locatable#d713c658/1@aaa95e8e with 305271 rows and digest 72f94edj550nvn7av7rkrunutv7.
[2026-10-08 00:42:08] (0s)  >>> Created relation locatable_locations/2@0fca24o7 with 50822 rows and digest 5261ceet4h4kkc6cug0dffhfv86.
[2026-10-08 00:42:08] (0s)  >>> Created relation element_is_unknown/1@74fb7724 with 0 rows and digest THIS-RELATION-HAS-NO-TUPLES.
[2026-10-08 00:42:08] (0s) Inferred that Synth::Synth::convertElementToRaw/1#437f9f97#fb/2@6115315v is empty, due to element_is_unknown/1@74fb7724.
[2026-10-08 00:42:08] (0s) Starting to evaluate predicate m#Synth::Synth::convertLocatableToRaw/1#dd9193a3#fb/1@8a24e681
[2026-10-08 00:42:08] (0s)  >>> Created relation m#Synth::Synth::convertLocatableToRaw/1#dd9193a3#fb/1@8a24e681 with 50822 rows and digest 8535589vsnv7e172hbknsti1er7.
[2026-10-08 00:42:08] (0s)  >>> Created relation expr_types/2@4b7fa23d with 40365 rows and digest fb073dgcnc6gt4k8r8ulg09ohg7.
[2026-10-08 00:42:08] (0s) Starting to evaluate predicate m#Synth::Synth::convertExprToRaw/1#9d4e4c98#fb/1@fa817894
[2026-10-08 00:42:08] (0s)  >>> Created relation decl_members/3@41f6cbb2 with 53510 rows and digest a49d943d8v6qmnm4pu0h6lebfe1.
[2026-10-08 00:42:08] (0s)  >>> Created relation decls/2@40b5241e with 209213 rows and digest 52b88ar8ge0istl4gh0t4sju17e.
[2026-10-08 00:42:08] (0s)  >>> Created relation m#Synth::Synth::convertExprToRaw/1#9d4e4c98#fb/1@fa817894 with 91127 rows and digest 72317d6890n7n8sb8hl95hr85q2.
[2026-10-08 00:42:08] (0s) Starting to evaluate predicate m#Synth::Synth::convertDeclToRaw/1#b63039ab#fb/1@7f39f477
[2026-10-08 00:42:08] (0s)  >>> Created relation implicit_conversion_exprs/2@7a3df9p5 with 106 rows and digest 56cfcfrq967cdqe0br8cqcjlcpc.
[2026-10-08 00:42:08] (0s) Starting to evaluate predicate m#Synth::Synth::convertImplicitConversionExprToRaw/1#4e5e3133#fb/1@600eb9ed
[2026-10-08 00:42:08] (0s)  >>> Created relation m#Synth::Synth::convertImplicitConversionExprToRaw/1#4e5e3133#fb/1@600eb9ed with 91127 rows and digest 72317d6890n7n8sb8hl95hr85q2.
[2026-10-08 00:42:08] (0s) Starting to evaluate predicate Synth::Synth::convertImplicitConversionExprToRaw/1#4e5e3133#fb/2@f4841b4d
[2026-10-08 00:42:08] (0s)  >>> Created relation Synth::Synth::convertImplicitConversionExprToRaw/1#4e5e3133#fb/2@f4841b4d with 106 rows and digest e2a62b1m6sp5dvu4hneojud76i5.
[2026-10-08 00:42:08] (0s)  >>> Created relation identity_exprs/2@1f545fs1 with 0 rows and digest THIS-RELATION-HAS-NO-TUPLES.
[2026-10-08 00:42:08] (0s) Inferred that Synth::Synth::convertIdentityExprToRaw/1#8a5e8892#fb/2@99d926ef is empty, due to identity_exprs/2@1f545fs1.
[2026-10-08 00:42:08] (0s) Inferred that IdentityExpr::IdentityExpr.convertsFrom/1#dispred#0a2d7a42/2@a457a1cd is empty, due to identity_exprs/2@1f545fs1.
[2026-10-08 00:42:08] (0s) Inferred that Synth::Synth::convertIdentityExprToRaw/1#8a5e8892#fb_10#join_rhs/2@ff44a8gb is empty, due to Synth::Synth::convertIdentityExprToRaw/1#8a5e8892#fb/2@99d926ef.
[2026-10-08 00:42:08] (0s) Inferred that IdentityExpr::Generated::IdentityExpr.getImmediateSubExpr/0#dispred#6ec588c9/2@fa1daahi is empty, due to Synth::Synth::convertIdentityExprToRaw/1#8a5e8892#fb_10#join_rhs/2@ff44a8gb.
[2026-10-08 00:42:08] (0s) Starting to evaluate predicate m#Synth::Synth::convertIdentityExprToRaw/1#8a5e8892#fb/1@bf0abbh4
[2026-10-08 00:42:08] (0s)  >>> Created relation m#Synth::Synth::convertIdentityExprToRaw/1#8a5e8892#fb/1@bf0abbh4 with 91127 rows and digest 72317d6890n7n8sb8hl95hr85q2.
[2026-10-08 00:42:08] (0s) Starting to evaluate predicate Synth::Synth::convertIdentityExprToRaw/1#8a5e8892#fb/2@5dd592ic
[2026-10-08 00:42:08] (0s)  >>> Created relation Synth::Synth::convertIdentityExprToRaw/1#8a5e8892#fb/2@5dd592ic with 0 rows and digest THIS-RELATION-HAS-NO-TUPLES.
[2026-10-08 00:42:08] (0s)  >>> Created relation explicit_cast_exprs/2@e2ece0cm with 98 rows and digest 90d02dsj08c0glbi7rak0fs5co1.
[2026-10-08 00:42:08] (0s) Starting to evaluate predicate m#Synth::Synth::convertExplicitCastExprToRaw/1#486dcb63#fb/1@93b8c8s9
[2026-10-08 00:42:08] (0s)  >>> Created relation m#Synth::Synth::convertExplicitCastExprToRaw/1#486dcb63#fb/1@93b8c8s9 with 91127 rows and digest 72317d6890n7n8sb8hl95hr85q2.
[2026-10-08 00:42:08] (0s) Starting to evaluate predicate Synth::Synth::convertExplicitCastExprToRaw/1#486dcb63#fb/2@223db0ir
[2026-10-08 00:42:08] (0s)  >>> Created relation Synth::Synth::convertExplicitCastExprToRaw/1#486dcb63#fb/2@223db0ir with 98 rows and digest 8f296b3beo172p92q0ihnlm235f.
[2026-10-08 00:42:08] (0s) Starting to evaluate predicate Synth::Synth::convertClosureExprToRaw/1#54e3c165/2@4ea2cc33
[2026-10-08 00:42:08] (0s)  >>> Created relation Synth::Synth::convertClosureExprToRaw/1#54e3c165/2@4ea2cc33 with 1 rows and digest 5320d3mlg3otul5s8s1hmsjcmm2.
[2026-10-08 00:42:08] (0s)  >>> Created relation m#Synth::Synth::convertDeclToRaw/1#b63039ab#fb/1@7f39f477 with 209314 rows and digest 7374ceb8dsj647sd7furgha5rbd.
[2026-10-08 00:42:08] (0s)  >>> Created relation lookup_expr_members/2@3e469ask with 1365 rows and digest a42fbe0k7tjschr4r8c7parlh9a.
[2026-10-08 00:42:08] (0s) Starting to evaluate predicate m#Synth::Synth::convertLookupExprToRaw/1#ea59557a#fb/1@dbbb09u1
[2026-10-08 00:42:08] (0s) Starting to evaluate predicate Synth::Synth::convertApplyExprToRaw/1#55467ecc/2@652357ho
[2026-10-08 00:42:08] (0s)  >>> Created relation Synth::Synth::convertApplyExprToRaw/1#55467ecc/2@652357ho with 5167 rows and digest 5c734evdr3scqksguvu6g6dpqke.
[2026-10-08 00:42:08] (0s) Starting to evaluate predicate Synth::Synth::convertApplyExprToRaw/1#55467ecc_10#join_rhs/2@0a92f2vm
[2026-10-08 00:42:08] (0s)  >>> Created relation Synth::Synth::convertApplyExprToRaw/1#55467ecc_10#join_rhs/2@0a92f2vm with 5167 rows and digest 0fa967egsea9iecupt7llpavqd8.
[2026-10-08 00:42:08] (0s) Starting to evaluate predicate Synth::Synth::convertFunctionToRaw/1#f2c987f6/2@d68139md
[2026-10-08 00:42:08] (0s)  >>> Created relation m#Synth::Synth::convertLookupExprToRaw/1#ea59557a#fb/1@dbbb09u1 with 91127 rows and digest 72317d6890n7n8sb8hl95hr85q2.
[2026-10-08 00:42:08] (0s) Starting to evaluate predicate Synth::Synth::convertLookupExprToRaw/1#ea59557a#fb/2@eb98d259
[2026-10-08 00:42:08] (0s)  >>> Created relation Synth::Synth::convertLookupExprToRaw/1#ea59557a#fb/2@eb98d259 with 2346 rows and digest 0c9815oig6psqegde9cb47954p0.
[2026-10-08 00:42:08] (0s) Starting to evaluate predicate Synth::Synth::convertLookupExprToRaw/1#ea59557a#fb_10#join_rhs/2@3aefd10f
[2026-10-08 00:42:08] (0s)  >>> Created relation Synth::Synth::convertLookupExprToRaw/1#ea59557a#fb_10#join_rhs/2@3aefd10f with 2346 rows and digest f68fa3tqeubdsedj1nb5ksh9sa0.
[2026-10-08 00:42:08] (0s) Starting to evaluate predicate Synth::Synth::convertExprToRaw/1#9d4e4c98#fb/2@1dd6d0j8
[2026-10-08 00:42:08] (0s)  >>> Created relation Synth::Synth::convertFunctionToRaw/1#f2c987f6/2@d68139md with 57255 rows and digest 06a7f0jke5o7p1f5edg723caei1.
[2026-10-08 00:42:08] (0s)  >>> Created relation type_decls/3@77b615l0 with 15794 rows and digest 2cbd62hrsdmr6qj1r597qrj5voe.
[2026-10-08 00:42:08] (0s) Starting to evaluate predicate m#Synth::Synth::convertTypeDeclToRaw/1#114006c7#fb/1@28ba6c09
[2026-10-08 00:42:08] (0s)  >>> Created relation Synth::Synth::convertExprToRaw/1#9d4e4c98#fb/2@1dd6d0j8 with 40365 rows and digest 3da98d0evs23rb4acofcjshf962.
[2026-10-08 00:42:08] (0s) Starting to evaluate predicate Synth::Synth::convertExprToRaw/1#9d4e4c98#fb_10#join_rhs/2@127c45i3
[2026-10-08 00:42:08] (0s)  >>> Created relation Synth::Synth::convertExprToRaw/1#9d4e4c98#fb_10#join_rhs/2@127c45i3 with 40365 rows and digest 2db3b740p8ovi8eug8bqlrl6k8b.
[2026-10-08 00:42:08] (0s) Starting to evaluate predicate Synth::Synth::convertVarDeclToRaw/1#18475740/2@993cd6pp
[2026-10-08 00:42:08] (0s)  >>> Created relation m#Synth::Synth::convertTypeDeclToRaw/1#114006c7#fb/1@28ba6c09 with 209314 rows and digest 7374ceb8dsj647sd7furgha5rbd.
[2026-10-08 00:42:08] (0s)  >>> Created relation Synth::Synth::convertVarDeclToRaw/1#18475740/2@993cd6pp with 121163 rows and digest 164f672bclc21o0oe87qd7kh8q6.
[2026-10-08 00:42:08] (0s) Starting to evaluate predicate m#Synth::Synth::convertGenericTypeDeclToRaw/1#7a7eaa95#fb/1@c3019dps
[2026-10-08 00:42:08] (0s) Starting to evaluate predicate Synth::Synth::convertAbstractStorageDeclToRaw/1#52c961eb/2@bd47ffjq
[2026-10-08 00:42:08] (0s)  >>> Created relation Synth::Synth::convertAbstractStorageDeclToRaw/1#52c961eb/2@bd47ffjq with 121571 rows and digest 96d030a33jivoh7fn8rjcp395e5.
[2026-10-08 00:42:08] (0s) Starting to evaluate predicate Synth::Synth::convertAbstractStorageDeclToRaw/1#52c961eb_10#join_rhs/2@f971a47o
[2026-10-08 00:42:08] (0s)  >>> Created relation m#Synth::Synth::convertGenericTypeDeclToRaw/1#7a7eaa95#fb/1@c3019dps with 209314 rows and digest 7374ceb8dsj647sd7furgha5rbd.
[2026-10-08 00:42:08] (0s) Starting to evaluate predicate Synth::Synth::convertGenericTypeDeclToRaw/1#7a7eaa95#fb/2@e64587ca
[2026-10-08 00:42:08] (0s)  >>> Created relation Synth::Synth::convertGenericTypeDeclToRaw/1#7a7eaa95#fb/2@e64587ca with 8202 rows and digest 48fa57a2l75cnjt31j8o6flqh61.
[2026-10-08 00:42:08] (0s) Starting to evaluate predicate Synth::Synth::convertTypeDeclToRaw/1#114006c7#fb/2@8b92d0hv
[2026-10-08 00:42:08] (0s)  >>> Created relation Synth::Synth::convertTypeDeclToRaw/1#114006c7#fb/2@8b92d0hv with 15794 rows and digest 5a0ee02nes0ih1j87s1rev2u4u2.
[2026-10-08 00:42:08] (0s) Starting to evaluate predicate Synth::Synth::convertTypeDeclToRaw/1#114006c7#fb_10#join_rhs/2@793ceapq
[2026-10-08 00:42:08] (0s)  >>> Created relation Synth::Synth::convertAbstractStorageDeclToRaw/1#52c961eb_10#join_rhs/2@f971a47o with 121571 rows and digest 86552ep01u90ah6iatcektd5j39.
[2026-10-08 00:42:08] (0s)  >>> Created relation Synth::Synth::convertTypeDeclToRaw/1#114006c7#fb_10#join_rhs/2@793ceapq with 15794 rows and digest 3a68d94a4b2qlu2eu7lc8pmb2c8.
[2026-10-08 00:42:08] (0s) Starting to evaluate predicate Synth::Synth::convertDeclToRaw/1#b63039ab#fb/2@d9d7b3ol
[2026-10-08 00:42:08] (0s)  >>> Created relation callable_self_params/2@d586aek2 with 36569 rows and digest 1dc939brf93a7qepr8si0jff1s2.
[2026-10-08 00:42:08] (0s)  >>> Created relation callable_params/3@e626e1d0 with 48303 rows and digest 140fc4j99bb7j1qu2e9r7timoa2.
[2026-10-08 00:42:08] (0s)  >>> Created relation callable_names/2@71b1fcij with 57255 rows and digest 9c945fb0dbpc3172uo4kea343n3.
[2026-10-08 00:42:08] (0s) Starting to evaluate predicate m#Synth::Synth::convertCallableToRaw/1#52a2f9a1#fb/1@47c3f48s
[2026-10-08 00:42:08] (0s)  >>> Created relation m#Synth::Synth::convertCallableToRaw/1#52a2f9a1#fb/1@47c3f48s with 95087 rows and digest 8cd228a8lef53d97nhd7is2sp8d.
[2026-10-08 00:42:08] (0s) Starting to evaluate predicate Synth::Synth::convertCallableToRaw/1#52a2f9a1#fb/2@92a0672t
[2026-10-08 00:42:08] (0s)  >>> Created relation Synth::Synth::convertDeclToRaw/1#b63039ab#fb/2@d9d7b3ol with 209213 rows and digest b09548iritmpkj9irhubgu9gc3a.
[2026-10-08 00:42:08] (0s) Starting to evaluate predicate Synth::Synth::convertDeclToRaw/1#b63039ab#fb_10#join_rhs/2@c87b4cbf
[2026-10-08 00:42:08] (0s)  >>> Created relation Synth::Synth::convertCallableToRaw/1#52a2f9a1#fb/2@92a0672t with 57256 rows and digest ea339etfic6vl644mpv23t6q7e4.
[2026-10-08 00:42:08] (0s) Starting to evaluate predicate Synth::Synth::convertCallableToRaw/1#52a2f9a1#fb_10#join_rhs/2@197778td
[2026-10-08 00:42:08] (0s)  >>> Created relation Synth::Synth::convertCallableToRaw/1#52a2f9a1#fb_10#join_rhs/2@197778td with 57256 rows and digest fda231ib5goe3lkp6tq20j9q8pa.
[2026-10-08 00:42:08] (0s)  >>> Created relation Synth::Synth::convertDeclToRaw/1#b63039ab#fb_10#join_rhs/2@c87b4cbf with 209213 rows and digest 8154cbkdr5dcm1pbgpsucouk3k9.
[2026-10-08 00:42:08] (0s) Starting to evaluate predicate Synth::Synth::convertLocatableToRaw/1#dd9193a3#fb/2@21f1e2ja
[2026-10-08 00:42:08] (0s)  >>> Created relation Synth::Synth::convertLocatableToRaw/1#dd9193a3#fb/2@21f1e2ja with 50815 rows and digest d80b06pi35j4olfd2pgeiqqpv55.
[2026-10-08 00:42:08] (0s) Starting to evaluate predicate Synth::Synth::convertLocatableToRaw/1#dd9193a3#fb_10#join_rhs/2@1b19ce1q
[2026-10-08 00:42:08] (0s)  >>> Created relation Synth::Synth::convertLocatableToRaw/1#dd9193a3#fb_10#join_rhs/2@1b19ce1q with 50815 rows and digest 91545fidqq69tfh33r9gdsag2n2.
[2026-10-08 00:42:08] (0s) Starting to evaluate predicate Locatable::Generated::Locatable.getLocation/0#7854be4c/2@23f50dko
[2026-10-08 00:42:08] (0s)  >>> Created relation Locatable::Generated::Locatable.getLocation/0#7854be4c/2@23f50dko with 50815 rows and digest 583fecul92risilht4hi7t2v670.
[2026-10-08 00:42:08] (0s) Starting to evaluate predicate Locatable::Generated::Locatable.getLocation/0#7854be4c_0#antijoin_rhs/1@2342dckr
[2026-10-08 00:42:08] (0s)  >>> Created relation Locatable::Generated::Locatable.getLocation/0#7854be4c_0#antijoin_rhs/1@2342dckr with 50815 rows and digest 744f806s9thm9hu931idgrtmmd2.
[2026-10-08 00:42:08] (0s) Starting to evaluate predicate Locatable::Locatable.getLocation/0#bd902d56/2@88655eei
[2026-10-08 00:42:08] (0s)  >>> Created relation Locatable::Locatable.getLocation/0#bd902d56/2@88655eei with 305271 rows and digest 24ddccpbu2kfol9qs98fdnj5c0c.
[2026-10-08 00:42:08] (0s) Starting to evaluate predicate Locatable::Locatable.getLocation/0#dispred#df4893eb/2@42935c0e
[2026-10-08 00:42:08] (0s)  >>> Created relation Locatable::Locatable.getLocation/0#dispred#df4893eb/2@42935c0e with 305271 rows and digest 24ddccpbu2kfol9qs98fdnj5c0c.
[2026-10-08 00:42:08] (0s)  >>> Created relation locations/6@c9367cqk with 37880 rows and digest e8c492eafrct9uu3k3j7i05pud0.
[2026-10-08 00:42:08] (0s) Starting to evaluate predicate Location::Generated::Location.getFile/0#dispred#58f1445d/2@c3fcd9ke
[2026-10-08 00:42:08] (0s)  >>> Created relation Location::Generated::Location.getFile/0#dispred#58f1445d/2@c3fcd9ke with 37881 rows and digest a581de9tc2b56e0ou0kkkfk7vgf.
[2026-10-08 00:42:08] (0s) Starting to evaluate predicate Location::Generated::Location.getStartLine/0#dispred#1b318da1/2@9ff0d6fe
[2026-10-08 00:42:08] (0s)  >>> Created relation Location::Generated::Location.getStartLine/0#dispred#1b318da1/2@9ff0d6fe with 37881 rows and digest 52d9b8msdtjrglftt37ptp2l630.
[2026-10-08 00:42:08] (0s) Starting to evaluate predicate AstNodeImpl::Impl::Cached::getEnclosingClosure/1#512cf739_0#antijoin_rhs/1@8c6ba819
[2026-10-08 00:42:08] (0s)  >>> Created relation apply_exprs/2@0a3b1aj3 with 6123 rows and digest 2f92c7mp32s4lu5fcb7rldlp984.
[2026-10-08 00:42:08] (0s)  >>> Created relation AstNodeImpl::Impl::Cached::getEnclosingClosure/1#512cf739_0#antijoin_rhs/1@8c6ba819 with 3 rows and digest ce73049620kqeaaha3nl01ed5s0.
[2026-10-08 00:42:08] (0s) Starting to evaluate predicate AstNode::AstNode.getEnclosingCallable/0#dispred#b715cf04#bf/2@e1f034uk
[2026-10-08 00:42:08] (0s)  >>> Created relation unresolved_member_chain_result_exprs/1@9e8a51bd with 0 rows and digest THIS-RELATION-HAS-NO-TUPLES.
[2026-10-08 00:42:08] (0s) Inferred that Synth::Synth::TUnresolvedMemberChainResultExpr#9e61fe98/2@4cdd8cq7 is empty, due to unresolved_member_chain_result_exprs/1@9e8a51bd.
[2026-10-08 00:42:08] (0s)  >>> Created relation unresolved_type_conversion_exprs/1@b4068dfm with 0 rows and digest THIS-RELATION-HAS-NO-TUPLES.
[2026-10-08 00:42:08] (0s) Inferred that Synth::Synth::TUnresolvedTypeConversionExpr#3415bbc8/2@25a35bfj is empty, due to unresolved_type_conversion_exprs/1@b4068dfm.
[2026-10-08 00:42:08] (0s)  >>> Created relation unresolved_specialize_exprs/2@433f23js with 0 rows and digest THIS-RELATION-HAS-NO-TUPLES.
[2026-10-08 00:42:08] (0s) Inferred that Synth::Synth::TUnresolvedSpecializeExpr#dom#ee1d8e28/1@23615eic is empty, due to unresolved_specialize_exprs/2@433f23js.
[2026-10-08 00:42:08] (0s) Inferred that Synth::Synth::TUnresolvedSpecializeExpr#79e399e8/2@ff78716o is empty, due to Synth::Synth::TUnresolvedSpecializeExpr#dom#ee1d8e28/1@23615eic.
[2026-10-08 00:42:08] (0s)  >>> Created relation unresolved_pattern_exprs/2@be38b6ca with 0 rows and digest THIS-RELATION-HAS-NO-TUPLES.
[2026-10-08 00:42:08] (0s) Inferred that Synth::Synth::TUnresolvedPatternExpr#dom#26d14318/1@d5552f96 is empty, due to unresolved_pattern_exprs/2@be38b6ca.
[2026-10-08 00:42:08] (0s) Inferred that Synth::Synth::TUnresolvedPatternExpr#a7c8b151/2@13f249ln is empty, due to Synth::Synth::TUnresolvedPatternExpr#dom#26d14318/1@d5552f96.
[2026-10-08 00:42:08] (0s)  >>> Created relation unresolved_decl_ref_exprs/1@60e0d9r2 with 0 rows and digest THIS-RELATION-HAS-NO-TUPLES.
[2026-10-08 00:42:08] (0s) Inferred that Synth::Synth::TUnresolvedDeclRefExpr#9eff000e/2@966cf1bt is empty, due to unresolved_decl_ref_exprs/1@60e0d9r2.
[2026-10-08 00:42:08] (0s)  >>> Created relation overloaded_decl_ref_exprs/1@42e536ok with 0 rows and digest THIS-RELATION-HAS-NO-TUPLES.
[2026-10-08 00:42:08] (0s) Inferred that Synth::Synth::TOverloadedDeclRefExpr#72e16e49/2@50f8c56j is empty, due to overloaded_decl_ref_exprs/1@42e536ok.
[2026-10-08 00:42:08] (0s)  >>> Created relation unresolved_member_exprs/2@18e3a6np with 0 rows and digest THIS-RELATION-HAS-NO-TUPLES.
[2026-10-08 00:42:08] (0s) Inferred that Synth::Synth::TUnresolvedMemberExpr#dom#51b38a73/1@951be0b2 is empty, due to unresolved_member_exprs/2@18e3a6np.
[2026-10-08 00:42:08] (0s) Inferred that Synth::Synth::TUnresolvedMemberExpr#398da227/2@a16669m7 is empty, due to Synth::Synth::TUnresolvedMemberExpr#dom#51b38a73/1@951be0b2.
[2026-10-08 00:42:08] (0s)  >>> Created relation unresolved_dot_exprs/3@ec6f7doh with 0 rows and digest THIS-RELATION-HAS-NO-TUPLES.
[2026-10-08 00:42:08] (0s) Inferred that Synth::Synth::TUnresolvedDotExpr#dom#312d2f0d/1@c68e6563 is empty, due to unresolved_dot_exprs/3@ec6f7doh.
[2026-10-08 00:42:08] (0s) Inferred that Synth::Synth::TUnresolvedDotExpr#fdff6bbb/2@2208d5p2 is empty, due to Synth::Synth::TUnresolvedDotExpr#dom#312d2f0d/1@c68e6563.
[2026-10-08 00:42:08] (0s)  >>> Created relation error_exprs/1@5fda9f7m with 0 rows and digest THIS-RELATION-HAS-NO-TUPLES.
[2026-10-08 00:42:08] (0s) Inferred that Synth::Synth::TErrorExpr#cc07fd89/2@d5839dda is empty, due to error_exprs/1@5fda9f7m.
[2026-10-08 00:42:08] (0s)  >>> Created relation differentiable_function_extract_original_exprs/1@22abb302 with 0 rows and digest THIS-RELATION-HAS-NO-TUPLES.
[2026-10-08 00:42:08] (0s) Inferred that Synth::Synth::TDifferentiableFunctionExtractOriginalExpr#0bfec5d3/2@634ae4l2 is empty, due to differentiable_function_extract_original_exprs/1@22abb302.
[2026-10-08 00:42:08] (0s)  >>> Created relation AstNode::AstNode.getEnclosingCallable/0#dispred#b715cf04#bf/2@e1f034uk with 5167 rows and digest 10069bj1sqbso4v9lsqvbc0od5b.
[2026-10-08 00:42:08] (0s)  >>> Created relation property_wrapper_value_placeholder_exprs/2@3ea058gg with 0 rows and digest THIS-RELATION-HAS-NO-TUPLES.
[2026-10-08 00:42:08] (0s) Inferred that Synth::Synth::TPropertyWrapperValuePlaceholderExpr#dom#24ba84a3/1@c734b12f is empty, due to property_wrapper_value_placeholder_exprs/2@3ea058gg.
[2026-10-08 00:42:08] (0s) Inferred that Synth::Synth::TPropertyWrapperValuePlaceholderExpr#8e089f89/2@86e2b055 is empty, due to Synth::Synth::TPropertyWrapperValuePlaceholderExpr#dom#24ba84a3/1@c734b12f.
[2026-10-08 00:42:08] (0s) Starting to evaluate predicate AstNode::AstNode.getEnclosingCallable/0#dispred#b715cf04#bf_0#antijoin_rhs/1@adaf69so
[2026-10-08 00:42:08] (0s)  >>> Created relation apply_expr_arguments/3@9c5f08ed with 5259 rows and digest 28c4c599cpgqa1kns9mfa5miuq3.
[2026-10-08 00:42:08] (0s)  >>> Created relation AstNode::AstNode.getEnclosingCallable/0#dispred#b715cf04#bf_0#antijoin_rhs/1@adaf69so with 5167 rows and digest 0fab676dab56l01te4nggo9m9r5.
[2026-10-08 00:42:08] (0s) Starting to evaluate predicate ApplyExpr::Generated::ApplyExpr.getArgument/1#dispred#6fb5e17f/3@c70f6739
[2026-10-08 00:42:08] (0s) Starting to evaluate predicate PersistenceCoverage::globalExecution/1#f88f880f/1@1cbdaen2
[2026-10-08 00:42:08] (0s)  >>> Created relation PersistenceCoverage::globalExecution/1#f88f880f/1@1cbdaen2 with 0 rows and digest THIS-RELATION-HAS-NO-TUPLES.
[2026-10-08 00:42:08] (0s)  >>> Created relation linear_to_differentiable_function_exprs/1@d85767iq with 0 rows and digest THIS-RELATION-HAS-NO-TUPLES.
[2026-10-08 00:42:08] (0s) Inferred that Synth::Synth::TLinearToDifferentiableFunctionExpr#14ac48e5/2@acf141tt is empty, due to linear_to_differentiable_function_exprs/1@d85767iq.
[2026-10-08 00:42:08] (0s)  >>> Created relation linear_function_extract_original_exprs/1@e0e715qi with 0 rows and digest THIS-RELATION-HAS-NO-TUPLES.
[2026-10-08 00:42:08] (0s) Inferred that Synth::Synth::TLinearFunctionExtractOriginalExpr#a0a54307/2@d41c67so is empty, due to linear_function_extract_original_exprs/1@e0e715qi.
[2026-10-08 00:42:08] (0s)  >>> Created relation ApplyExpr::Generated::ApplyExpr.getArgument/1#dispred#6fb5e17f/3@c70f6739 with 4303 rows and digest bff83fksit3bj9dkks80cds3g48.
[2026-10-08 00:42:08] (0s) Starting to evaluate predicate ApplyExpr::Generated::ApplyExpr.getArgument/1#dispred#6fb5e17f_20#join_rhs/2@abc822au
[2026-10-08 00:42:08] (0s)  >>> Created relation existential_metatype_to_object_exprs/1@397d7bfk with 0 rows and digest THIS-RELATION-HAS-NO-TUPLES.
[2026-10-08 00:42:08] (0s) Inferred that Synth::Synth::TExistentialMetatypeToObjectExpr#a1c04933/2@f7d6b85n is empty, due to existential_metatype_to_object_exprs/1@397d7bfk.
[2026-10-08 00:42:08] (0s)  >>> Created relation covariant_function_conversion_exprs/1@c66875p3 with 0 rows and digest THIS-RELATION-HAS-NO-TUPLES.
[2026-10-08 00:42:08] (0s) Inferred that Synth::Synth::TCovariantFunctionConversionExpr#e0dd248d/2@b0a36f1o is empty, due to covariant_function_conversion_exprs/1@c66875p3.
[2026-10-08 00:42:08] (0s)  >>> Created relation collection_upcast_conversion_exprs/1@9f7f791e with 0 rows and digest THIS-RELATION-HAS-NO-TUPLES.
[2026-10-08 00:42:08] (0s) Inferred that Synth::Synth::TCollectionUpcastConversionExpr#1fef3f7e/2@cf4598qo is empty, due to collection_upcast_conversion_exprs/1@9f7f791e.
[2026-10-08 00:42:08] (0s)  >>> Created relation interpolated_string_literal_exprs/1@6da61fn8 with 0 rows and digest THIS-RELATION-HAS-NO-TUPLES.
[2026-10-08 00:42:08] (0s) Inferred that Synth::Synth::TInterpolatedStringLiteralExpr#9d3a89a5/2@c698d0im is empty, due to interpolated_string_literal_exprs/1@6da61fn8.
[2026-10-08 00:42:08] (0s)  >>> Created relation covariant_return_conversion_exprs/1@01f5dfvo with 0 rows and digest THIS-RELATION-HAS-NO-TUPLES.
[2026-10-08 00:42:08] (0s) Inferred that Synth::Synth::TCovariantReturnConversionExpr#5c3f45a1/2@3c56d23n is empty, due to covariant_return_conversion_exprs/1@01f5dfvo.
[2026-10-08 00:42:08] (0s)  >>> Created relation ApplyExpr::Generated::ApplyExpr.getArgument/1#dispred#6fb5e17f_20#join_rhs/2@abc822au with 4303 rows and digest 69d645h18j982n8c33m9r903veb.
[2026-10-08 00:42:08] (0s)  >>> Created relation conditional_bridge_from_obj_c_exprs/1@06da73uf with 0 rows and digest THIS-RELATION-HAS-NO-TUPLES.
[2026-10-08 00:42:08] (0s) Inferred that Synth::Synth::TConditionalBridgeFromObjCExpr#f87ddf23/2@08e283jc is empty, due to conditional_bridge_from_obj_c_exprs/1@06da73uf.
[2026-10-08 00:42:08] (0s)  >>> Created relation protocol_metatype_to_object_exprs/1@bca73aqp with 0 rows and digest THIS-RELATION-HAS-NO-TUPLES.
[2026-10-08 00:42:08] (0s) Inferred that Synth::Synth::TProtocolMetatypeToObjectExpr#7be9d010/2@4f197diq is empty, due to protocol_metatype_to_object_exprs/1@bca73aqp.
[2026-10-08 00:42:08] (0s)  >>> Created relation make_temporarily_escapable_exprs/4@0a83e3h3 with 0 rows and digest THIS-RELATION-HAS-NO-TUPLES.
[2026-10-08 00:42:08] (0s)  >>> Created relation extract_function_isolation_exprs/2@054293v5 with 0 rows and digest THIS-RELATION-HAS-NO-TUPLES.
[2026-10-08 00:42:08] (0s) Inferred that Synth::Synth::TMakeTemporarilyEscapableExpr#dom#0229d2b0/1@3551f5pe is empty, due to make_temporarily_escapable_exprs/4@0a83e3h3.
[2026-10-08 00:42:08] (0s) Inferred that Synth::Synth::TExtractFunctionIsolationExpr#dom#952c5bd8/1@77526a1i is empty, due to extract_function_isolation_exprs/2@054293v5.
[2026-10-08 00:42:08] (0s) Inferred that Synth::Synth::TMakeTemporarilyEscapableExpr#abd7b139/2@569e0cjb is empty, due to Synth::Synth::TMakeTemporarilyEscapableExpr#dom#0229d2b0/1@3551f5pe.
[2026-10-08 00:42:08] (0s) Inferred that Synth::Synth::TExtractFunctionIsolationExpr#f24411e5/2@8bbcf8gb is empty, due to Synth::Synth::TExtractFunctionIsolationExpr#dom#952c5bd8/1@77526a1i.
[2026-10-08 00:42:08] (0s)  >>> Created relation rebind_self_in_initializer_exprs/3@38cb0b6o with 0 rows and digest THIS-RELATION-HAS-NO-TUPLES.
[2026-10-08 00:42:08] (0s) Inferred that Synth::Synth::TRebindSelfInInitializerExpr#dom#68f3412e/1@834e31gl is empty, due to rebind_self_in_initializer_exprs/3@38cb0b6o.
[2026-10-08 00:42:08] (0s)  >>> Created relation foreign_object_conversion_exprs/1@ad298b37 with 0 rows and digest THIS-RELATION-HAS-NO-TUPLES.
[2026-10-08 00:42:08] (0s) Inferred that Synth::Synth::TRebindSelfInInitializerExpr#3360a566/2@6178e6i1 is empty, due to Synth::Synth::TRebindSelfInInitializerExpr#dom#68f3412e/1@834e31gl.
[2026-10-08 00:42:08] (0s)  >>> Created relation current_context_isolation_exprs/2@97ad48lc with 0 rows and digest THIS-RELATION-HAS-NO-TUPLES.
[2026-10-08 00:42:08] (0s) Inferred that Synth::Synth::TForeignObjectConversionExpr#077500b5/2@6eb3fft1 is empty, due to foreign_object_conversion_exprs/1@ad298b37.
[2026-10-08 00:42:08] (0s)  >>> Created relation magic_identifier_literal_exprs/2@2f24e4rd with 0 rows and digest THIS-RELATION-HAS-NO-TUPLES.
[2026-10-08 00:42:08] (0s) Inferred that Synth::Synth::TCurrentContextIsolationExpr#dom#c0ed0e39/1@56f05ffs is empty, due to current_context_isolation_exprs/2@97ad48lc.
[2026-10-08 00:42:08] (0s) Inferred that Synth::Synth::TCurrentContextIsolationExpr#ebdd1812/2@355d15g3 is empty, due to Synth::Synth::TCurrentContextIsolationExpr#dom#c0ed0e39/1@56f05ffs.
[2026-10-08 00:42:08] (0s)  >>> Created relation differentiable_function_exprs/1@2c9838u7 with 0 rows and digest THIS-RELATION-HAS-NO-TUPLES.
[2026-10-08 00:42:08] (0s) Inferred that Synth::Synth::TMagicIdentifierLiteralExpr#dom#628fed16/1@cbb56ae9 is empty, due to magic_identifier_literal_exprs/2@2f24e4rd.
[2026-10-08 00:42:08] (0s) Inferred that Synth::Synth::TMagicIdentifierLiteralExpr#95c0fc2d/2@8bcee8r7 is empty, due to Synth::Synth::TMagicIdentifierLiteralExpr#dom#628fed16/1@cbb56ae9.
[2026-10-08 00:42:08] (0s)  >>> Created relation conditional_checked_cast_exprs/1@8f3ed1ol with 0 rows and digest THIS-RELATION-HAS-NO-TUPLES.
[2026-10-08 00:42:08] (0s) Inferred that Synth::Synth::TDifferentiableFunctionExpr#c86fe24b/2@88a102i7 is empty, due to differentiable_function_exprs/1@2c9838u7.
[2026-10-08 00:42:08] (0s)  >>> Created relation applied_property_wrapper_exprs/4@a6d671oj with 0 rows and digest THIS-RELATION-HAS-NO-TUPLES.
[2026-10-08 00:42:08] (0s) Inferred that Synth::Synth::TConditionalCheckedCastExpr#f5e920c9/2@2dd3ebs2 is empty, due to conditional_checked_cast_exprs/1@8f3ed1ol.
[2026-10-08 00:42:08] (0s)  >>> Created relation class_metatype_to_object_exprs/1@48cf2dtf with 0 rows and digest THIS-RELATION-HAS-NO-TUPLES.
[2026-10-08 00:42:08] (0s) Inferred that Synth::Synth::TAppliedPropertyWrapperExpr#dom#55d340c5/1@f333c0b6 is empty, due to applied_property_wrapper_exprs/4@a6d671oj.
[2026-10-08 00:42:08] (0s) Inferred that Synth::Synth::TAppliedPropertyWrapperExpr#8df015f0/2@eb9a26te is empty, due to Synth::Synth::TAppliedPropertyWrapperExpr#dom#55d340c5/1@f333c0b6.
[2026-10-08 00:42:08] (0s)  >>> Created relation actor_isolation_erasure_exprs/1@e573a6b1 with 0 rows and digest THIS-RELATION-HAS-NO-TUPLES.
[2026-10-08 00:42:08] (0s) Inferred that Synth::Synth::TClassMetatypeToObjectExpr#c160980e/2@4579f111 is empty, due to class_metatype_to_object_exprs/1@48cf2dtf.
[2026-10-08 00:42:08] (0s)  >>> Created relation unevaluated_instance_exprs/1@37454f0d with 0 rows and digest THIS-RELATION-HAS-NO-TUPLES.
[2026-10-08 00:42:08] (0s) Inferred that Synth::Synth::TActorIsolationErasureExpr#dd3bba94/2@ee8a90qq is empty, due to actor_isolation_erasure_exprs/1@e573a6b1.
[2026-10-08 00:42:08] (0s)  >>> Created relation other_initializer_ref_exprs/2@15c11128 with 0 rows and digest THIS-RELATION-HAS-NO-TUPLES.
[2026-10-08 00:42:08] (0s) Inferred that Synth::Synth::TUnevaluatedInstanceExpr#b05f665d/2@e5026fbk is empty, due to unevaluated_instance_exprs/1@37454f0d.
[2026-10-08 00:42:08] (0s) Inferred that Synth::Synth::TOtherInitializerRefExpr#dom#166178fc/1@25bee7bb is empty, due to other_initializer_ref_exprs/2@15c11128.
[2026-10-08 00:42:08] (0s) Inferred that other_initializer_ref_exprs_10#join_rhs/2@695742vb is empty, due to other_initializer_ref_exprs/2@15c11128.
[2026-10-08 00:42:08] (0s) Inferred that Synth::Synth::TOtherInitializerRefExpr#c196dce5/2@5ee9d6vu is empty, due to Synth::Synth::TOtherInitializerRefExpr#dom#166178fc/1@25bee7bb.
[2026-10-08 00:42:08] (0s)  >>> Created relation underlying_to_opaque_exprs/1@2259f29m with 0 rows and digest THIS-RELATION-HAS-NO-TUPLES.
[2026-10-08 00:42:08] (0s)  >>> Created relation optional_evaluation_exprs/2@cc5d60q2 with 0 rows and digest THIS-RELATION-HAS-NO-TUPLES.
[2026-10-08 00:42:08] (0s) Inferred that Synth::Synth::TUnderlyingToOpaqueExpr#067cbe2b/2@23f6d8gj is empty, due to underlying_to_opaque_exprs/1@2259f29m.
[2026-10-08 00:42:08] (0s) Inferred that Synth::Synth::TOptionalEvaluationExpr#dom#1d20abef/1@a2defbuk is empty, due to optional_evaluation_exprs/2@cc5d60q2.
[2026-10-08 00:42:08] (0s) Inferred that Synth::Synth::TOptionalEvaluationExpr#f7ab09c0/2@1e79faar is empty, due to Synth::Synth::TOptionalEvaluationExpr#dom#1d20abef/1@a2defbuk.
[2026-10-08 00:42:08] (0s)  >>> Created relation metatype_conversion_exprs/1@26d158et with 0 rows and digest THIS-RELATION-HAS-NO-TUPLES.
[2026-10-08 00:42:08] (0s) Inferred that Synth::Synth::TMetatypeConversionExpr#69e49b49/2@90d71fk7 is empty, due to metatype_conversion_exprs/1@26d158et.
[2026-10-08 00:42:08] (0s)  >>> Created relation lazy_initialization_exprs/2@48ea10dl with 0 rows and digest THIS-RELATION-HAS-NO-TUPLES.
[2026-10-08 00:42:08] (0s)  >>> Created relation key_path_application_exprs/3@87b5a7ks with 0 rows and digest THIS-RELATION-HAS-NO-TUPLES.
[2026-10-08 00:42:08] (0s) Inferred that Synth::Synth::TLazyInitializationExpr#dom#38f9e33d/1@238e005c is empty, due to lazy_initialization_exprs/2@48ea10dl.
[2026-10-08 00:42:08] (0s) Inferred that Synth::Synth::TLazyInitializationExpr#03f4fc3e/2@a923402e is empty, due to Synth::Synth::TLazyInitializationExpr#dom#38f9e33d/1@238e005c.
[2026-10-08 00:42:08] (0s) Inferred that Synth::Synth::TKeyPathApplicationExpr#dom#06e9697f/1@812dfafp is empty, due to key_path_application_exprs/3@87b5a7ks.
[2026-10-08 00:42:08] (0s) Inferred that Synth::Synth::TKeyPathApplicationExpr#e5b19e99/2@39e64d7v is empty, due to Synth::Synth::TKeyPathApplicationExpr#dom#06e9697f/1@812dfafp.
[2026-10-08 00:42:08] (0s)  >>> Created relation any_hashable_erasure_exprs/1@a9fbbaq1 with 0 rows and digest THIS-RELATION-HAS-NO-TUPLES.
[2026-10-08 00:42:08] (0s) Inferred that Synth::Synth::TAnyHashableErasureExpr#0ca15a55/2@a01a27e1 is empty, due to any_hashable_erasure_exprs/1@a9fbbaq1.
[2026-10-08 00:42:08] (0s)  >>> Created relation function_conversion_exprs/1@503ef6b4 with 1 rows and digest f4498343kvc7dijml2jpfrgda04.
[2026-10-08 00:42:08] (0s)  >>> Created relation forced_checked_cast_exprs/1@1d7cab2t with 0 rows and digest THIS-RELATION-HAS-NO-TUPLES.
[2026-10-08 00:42:08] (0s)  >>> Created relation discard_assignment_exprs/1@121637j6 with 0 rows and digest THIS-RELATION-HAS-NO-TUPLES.
[2026-10-08 00:42:08] (0s) Inferred that Synth::Synth::TForcedCheckedCastExpr#7723bc31/2@558c9bih is empty, due to forced_checked_cast_exprs/1@1d7cab2t.
[2026-10-08 00:42:08] (0s)  >>> Created relation abi_safe_conversion_exprs/1@2cc4f73m with 0 rows and digest THIS-RELATION-HAS-NO-TUPLES.
[2026-10-08 00:42:08] (0s) Inferred that Synth::Synth::TDiscardAssignmentExpr#e64fd2dc/2@168c76d5 is empty, due to discard_assignment_exprs/1@121637j6.
[2026-10-08 00:42:08] (0s)  >>> Created relation pointer_to_pointer_exprs/1@43e923mi with 0 rows and digest THIS-RELATION-HAS-NO-TUPLES.
[2026-10-08 00:42:08] (0s) Inferred that Synth::Synth::TAbiSafeConversionExpr#9c7313bf/2@ce64f860 is empty, due to abi_safe_conversion_exprs/1@2cc4f73m.
[2026-10-08 00:42:08] (0s)  >>> Created relation dynamic_subscript_exprs/1@ec7dd3iu with 0 rows and digest THIS-RELATION-HAS-NO-TUPLES.
[2026-10-08 00:42:08] (0s) Inferred that Synth::Synth::TPointerToPointerExpr#e35729e3/2@d57f9am6 is empty, due to pointer_to_pointer_exprs/1@43e923mi.
[2026-10-08 00:42:08] (0s)  >>> Created relation dynamic_member_ref_exprs/1@9824eebv with 0 rows and digest THIS-RELATION-HAS-NO-TUPLES.
[2026-10-08 00:42:08] (0s) Inferred that Synth::Synth::TDynamicSubscriptExpr#2a005669/2@9401c2gc is empty, due to dynamic_subscript_exprs/1@ec7dd3iu.
[2026-10-08 00:42:08] (0s)  >>> Created relation destructure_tuple_exprs/1@82c8a0nv with 0 rows and digest THIS-RELATION-HAS-NO-TUPLES.
[2026-10-08 00:42:08] (0s) Inferred that Synth::Synth::TDynamicMemberRefExpr#6da7b8cc/2@b020e0pb is empty, due to dynamic_member_ref_exprs/1@9824eebv.
[2026-10-08 00:42:08] (0s)  >>> Created relation archetype_to_super_exprs/1@6da563q6 with 0 rows and digest THIS-RELATION-HAS-NO-TUPLES.
[2026-10-08 00:42:08] (0s) Inferred that Synth::Synth::TDestructureTupleExpr#860e5a59/2@7d6c6c39 is empty, due to destructure_tuple_exprs/1@82c8a0nv.
[2026-10-08 00:42:08] (0s) Inferred that Synth::Synth::TArchetypeToSuperExpr#a2acdb61/2@fe02c116 is empty, due to archetype_to_super_exprs/1@6da563q6.
[2026-10-08 00:42:08] (0s)  >>> Created relation vararg_expansion_exprs/2@52352c6g with 0 rows and digest THIS-RELATION-HAS-NO-TUPLES.
[2026-10-08 00:42:08] (0s)  >>> Created relation string_to_pointer_exprs/1@3a396ah4 with 0 rows and digest THIS-RELATION-HAS-NO-TUPLES.
[2026-10-08 00:42:08] (0s) Inferred that Synth::Synth::TVarargExpansionExpr#dom#213ebcc4/1@ddb9f36e is empty, due to vararg_expansion_exprs/2@52352c6g.
[2026-10-08 00:42:08] (0s) Inferred that Synth::Synth::TStringToPointerExpr#aa0ce277/2@eccf4a14 is empty, due to string_to_pointer_exprs/1@3a396ah4.
[2026-10-08 00:42:08] (0s) Inferred that Synth::Synth::TVarargExpansionExpr#368405ed/2@0378d9b5 is empty, due to Synth::Synth::TVarargExpansionExpr#dom#213ebcc4/1@ddb9f36e.
[2026-10-08 00:42:08] (0s)  >>> Created relation single_value_stmt_exprs/2@d4da00r7 with 0 rows and digest THIS-RELATION-HAS-NO-TUPLES.
[2026-10-08 00:42:08] (0s) Inferred that Synth::Synth::TSingleValueStmtExpr#dom#43734acd/1@a8a7a3go is empty, due to single_value_stmt_exprs/2@d4da00r7.
[2026-10-08 00:42:08] (0s) Inferred that Synth::Synth::TSingleValueStmtExpr#ee9fcec0/2@8c16a61m is empty, due to Synth::Synth::TSingleValueStmtExpr#dom#43734acd/1@a8a7a3go.
[2026-10-08 00:42:08] (0s)  >>> Created relation open_existential_exprs/4@44db22ji with 0 rows and digest THIS-RELATION-HAS-NO-TUPLES.
[2026-10-08 00:42:08] (0s)  >>> Created relation materialize_pack_exprs/2@9328812n with 0 rows and digest THIS-RELATION-HAS-NO-TUPLES.
[2026-10-08 00:42:08] (0s) Inferred that Synth::Synth::TOpenExistentialExpr#dom#f7826a92/1@1c165e1c is empty, due to open_existential_exprs/4@44db22ji.
[2026-10-08 00:42:08] (0s) Inferred that Synth::Synth::TMaterializePackExpr#dom#5597c857/1@80ff258b is empty, due to materialize_pack_exprs/2@9328812n.
[2026-10-08 00:42:08] (0s) Inferred that Synth::Synth::TOpenExistentialExpr#69c081f6/2@2487ccrv is empty, due to Synth::Synth::TOpenExistentialExpr#dom#f7826a92/1@1c165e1c.
[2026-10-08 00:42:08] (0s) Inferred that Synth::Synth::TMaterializePackExpr#95302548/2@8cfd02ok is empty, due to Synth::Synth::TMaterializePackExpr#dom#5597c857/1@80ff258b.
[2026-10-08 00:42:08] (0s)  >>> Created relation default_argument_exprs/3@3e3a91em with 0 rows and digest THIS-RELATION-HAS-NO-TUPLES.
[2026-10-08 00:42:08] (0s) Inferred that Synth::Synth::TDefaultArgumentExpr#dom#a09f75b0/1@28fa25mh is empty, due to default_argument_exprs/3@3e3a91em.
[2026-10-08 00:42:08] (0s) Inferred that default_argument_exprs_10#join_rhs/2@25cfefhl is empty, due to default_argument_exprs/3@3e3a91em.
[2026-10-08 00:42:08] (0s)  >>> Created relation linear_function_exprs/1@a70fafmc with 0 rows and digest THIS-RELATION-HAS-NO-TUPLES.
[2026-10-08 00:42:08] (0s) Inferred that Synth::Synth::TDefaultArgumentExpr#f8106b5f/2@9abd7bfe is empty, due to Synth::Synth::TDefaultArgumentExpr#dom#a09f75b0/1@28fa25mh.
[2026-10-08 00:42:08] (0s) Inferred that Synth::Synth::TLinearFunctionExpr#fe6da37b/2@c3adaams is empty, due to linear_function_exprs/1@a70fafmc.
[2026-10-08 00:42:08] (0s)  >>> Created relation in_out_to_pointer_exprs/1@d266e4bi with 0 rows and digest THIS-RELATION-HAS-NO-TUPLES.
[2026-10-08 00:42:08] (0s) Inferred that Synth::Synth::TInOutToPointerExpr#5326128c/2@d35d44bb is empty, due to in_out_to_pointer_exprs/1@d266e4bi.
[2026-10-08 00:42:08] (0s)  >>> Created relation integer_literal_exprs/2@c55ee8f6 with 14943 rows and digest e910beni358f8ka5lglbkgaik72.
[2026-10-08 00:42:08] (0s)  >>> Created relation boolean_literal_exprs/2@16871d4h with 1 rows and digest 582608a2vegd767c3oe5o9h04l4.
[2026-10-08 00:42:08] (0s)  >>> Created relation array_to_pointer_exprs/1@e52a62rj with 0 rows and digest THIS-RELATION-HAS-NO-TUPLES.
[2026-10-08 00:42:08] (0s) Inferred that Synth::Synth::TArrayToPointerExpr#b95316dd/2@f0ec57bu is empty, due to array_to_pointer_exprs/1@e52a62rj.
[2026-10-08 00:42:08] (0s)  >>> Created relation bridge_from_obj_c_exprs/1@ba0e9fme with 38 rows and digest 1d6b70svcfjblsmcoseo1plc3ie.
[2026-10-08 00:42:08] (0s)  >>> Created relation pack_expansion_exprs/2@f3d570p4 with 0 rows and digest THIS-RELATION-HAS-NO-TUPLES.
[2026-10-08 00:42:08] (0s) Inferred that Synth::Synth::TPackExpansionExpr#dom#c494fbf1/1@35163bpe is empty, due to pack_expansion_exprs/2@f3d570p4.
[2026-10-08 00:42:08] (0s) Inferred that Synth::Synth::TPackExpansionExpr#75eece85/2@116a1fji is empty, due to Synth::Synth::TPackExpansionExpr#dom#c494fbf1/1@35163bpe.
[2026-10-08 00:42:08] (0s)  >>> Created relation object_literal_exprs/2@d81c767h with 0 rows and digest THIS-RELATION-HAS-NO-TUPLES.
[2026-10-08 00:42:08] (0s) Inferred that Synth::Synth::TObjectLiteralExpr#dom#ad4eeda6/1@f0164868 is empty, due to object_literal_exprs/2@d81c767h.
[2026-10-08 00:42:08] (0s) Inferred that Synth::Synth::TObjectLiteralExpr#8e8a0dd9/2@bb08124b is empty, due to Synth::Synth::TObjectLiteralExpr#dom#ad4eeda6/1@f0164868.
[2026-10-08 00:42:08] (0s)  >>> Created relation derived_to_base_exprs/1@992122di with 0 rows and digest THIS-RELATION-HAS-NO-TUPLES.
[2026-10-08 00:42:08] (0s) Inferred that Synth::Synth::TDerivedToBaseExpr#6070e7e4/2@4a1e1015 is empty, due to derived_to_base_exprs/1@992122di.
[2026-10-08 00:42:08] (0s)  >>> Created relation tuple_element_exprs/3@bbe29bdp with 0 rows and digest THIS-RELATION-HAS-NO-TUPLES.
[2026-10-08 00:42:08] (0s)  >>> Created relation regex_literal_exprs/3@f6ba52vn with 0 rows and digest THIS-RELATION-HAS-NO-TUPLES.
[2026-10-08 00:42:08] (0s) Inferred that Synth::Synth::TTupleElementExpr#dom#04c5f57e/1@6aad022l is empty, due to tuple_element_exprs/3@bbe29bdp.
[2026-10-08 00:42:08] (0s) Inferred that Synth::Synth::TTupleElementExpr#a3b34463/2@35a3240s is empty, due to Synth::Synth::TTupleElementExpr#dom#04c5f57e/1@6aad022l.
[2026-10-08 00:42:08] (0s)  >>> Created relation obj_c_selector_exprs/3@c73ea490 with 0 rows and digest THIS-RELATION-HAS-NO-TUPLES.
[2026-10-08 00:42:08] (0s) Inferred that Synth::Synth::TRegexLiteralExpr#dom#ff9f7c93/1@5dcdcdu6 is empty, due to regex_literal_exprs/3@f6ba52vn.
[2026-10-08 00:42:08] (0s) Inferred that Synth::Synth::TRegexLiteralExpr#c000cb56/2@0d0875qo is empty, due to Synth::Synth::TRegexLiteralExpr#dom#ff9f7c93/1@5dcdcdu6.
[2026-10-08 00:42:08] (0s) Inferred that Synth::Synth::TObjCSelectorExpr#dom#0b23ab7f/1@dd97f2dd is empty, due to obj_c_selector_exprs/3@c73ea490.
[2026-10-08 00:42:08] (0s) Inferred that Synth::Synth::TObjCSelectorExpr#444c9092/2@764a162n is empty, due to Synth::Synth::TObjCSelectorExpr#dom#0b23ab7f/1@dd97f2dd.
[2026-10-08 00:42:08] (0s)  >>> Created relation float_literal_exprs/2@a1fba593 with 177 rows and digest a0841e84r08jscqf5bfch61ge6b.
[2026-10-08 00:42:08] (0s)  >>> Created relation bind_optional_exprs/2@95efc9er with 0 rows and digest THIS-RELATION-HAS-NO-TUPLES.
[2026-10-08 00:42:08] (0s) Inferred that Synth::Synth::TBindOptionalExpr#dom#86999c1e/1@985715fv is empty, due to bind_optional_exprs/2@95efc9er.
[2026-10-08 00:42:08] (0s) Inferred that Synth::Synth::TBindOptionalExpr#e5116af4/2@78433e1e is empty, due to Synth::Synth::TBindOptionalExpr#dom#86999c1e/1@985715fv.
[2026-10-08 00:42:08] (0s)  >>> Created relation unreachable_exprs/1@fada3b5e with 0 rows and digest THIS-RELATION-HAS-NO-TUPLES.
[2026-10-08 00:42:08] (0s) Inferred that Synth::Synth::TUnreachableExpr#fe41eeea/2@a0239eib is empty, due to unreachable_exprs/1@fada3b5e.
[2026-10-08 00:42:08] (0s)  >>> Created relation pack_element_exprs/2@641300ar with 0 rows and digest THIS-RELATION-HAS-NO-TUPLES.
[2026-10-08 00:42:08] (0s) Inferred that Synth::Synth::TPackElementExpr#dom#fe662a1e/1@a2f1173g is empty, due to pack_element_exprs/2@641300ar.
[2026-10-08 00:42:08] (0s) Inferred that Synth::Synth::TPackElementExpr#a2e17bdb/2@f8d1b18j is empty, due to Synth::Synth::TPackElementExpr#dom#fe662a1e/1@a2f1173g.
[2026-10-08 00:42:08] (0s)  >>> Created relation bridge_to_obj_c_exprs/1@a27ac1e5 with 60 rows and digest 58651097ogt0gl0q26987lppjsc.
[2026-10-08 00:42:08] (0s)  >>> Created relation optional_try_exprs/1@d34684ie with 0 rows and digest THIS-RELATION-HAS-NO-TUPLES.
[2026-10-08 00:42:08] (0s) Inferred that Synth::Synth::TOptionalTryExpr#0f092936/2@ac4ea21f is empty, due to optional_try_exprs/1@d34684ie.
[2026-10-08 00:42:08] (0s)  >>> Created relation opaque_value_exprs/1@e324daco with 0 rows and digest THIS-RELATION-HAS-NO-TUPLES.
[2026-10-08 00:42:08] (0s) Inferred that Synth::Synth::TOpaqueValueExpr#b4fc1e55/2@6290a802 is empty, due to opaque_value_exprs/1@e324daco.
[2026-10-08 00:42:08] (0s)  >>> Created relation dynamic_type_exprs/2@954d54tr with 0 rows and digest THIS-RELATION-HAS-NO-TUPLES.
[2026-10-08 00:42:08] (0s)  >>> Created relation capture_list_exprs/2@8465d9dr with 0 rows and digest THIS-RELATION-HAS-NO-TUPLES.
[2026-10-08 00:42:08] (0s) Inferred that Synth::Synth::TDynamicTypeExpr#dom#f7f0b80a/1@2dc8eb5l is empty, due to dynamic_type_exprs/2@954d54tr.
[2026-10-08 00:42:08] (0s) Inferred that Synth::Synth::TDynamicTypeExpr#16d385bf/2@a24a28vu is empty, due to Synth::Synth::TDynamicTypeExpr#dom#f7f0b80a/1@2dc8eb5l.
[2026-10-08 00:42:08] (0s)  >>> Created relation unsafe_cast_exprs/1@df8aa2e1 with 0 rows and digest THIS-RELATION-HAS-NO-TUPLES.
[2026-10-08 00:42:08] (0s) Inferred that Synth::Synth::TCaptureListExpr#dom#61e92b79/1@869f39nt is empty, due to capture_list_exprs/2@8465d9dr.
[2026-10-08 00:42:08] (0s) Inferred that Synth::Synth::TCaptureListExpr#4e5ecb1c/2@db9ec8us is empty, due to Synth::Synth::TCaptureListExpr#dom#61e92b79/1@869f39nt.
[2026-10-08 00:42:08] (0s) Inferred that Synth::Synth::TUnsafeCastExpr#e98b616b/2@ce6707qt is empty, due to unsafe_cast_exprs/1@df8aa2e1.
[2026-10-08 00:42:08] (0s)  >>> Created relation key_path_dot_exprs/1@c0ab34k9 with 0 rows and digest THIS-RELATION-HAS-NO-TUPLES.
[2026-10-08 00:42:08] (0s) Inferred that Synth::Synth::TKeyPathDotExpr#ffba864a/2@956e08ge is empty, due to key_path_dot_exprs/1@c0ab34k9.
[2026-10-08 00:42:08] (0s)  >>> Created relation nil_literal_exprs/1@fe15ee7s with 1 rows and digest 49d263kv5f7r28mdcifete1uo15.
[2026-10-08 00:42:08] (0s)  >>> Created relation enum_is_case_exprs/3@2ccaedqg with 0 rows and digest THIS-RELATION-HAS-NO-TUPLES.
[2026-10-08 00:42:08] (0s) Inferred that Synth::Synth::TEnumIsCaseExpr#dom#d64c7717/1@493214l0 is empty, due to enum_is_case_exprs/3@2ccaedqg.
[2026-10-08 00:42:08] (0s)  >>> Created relation force_value_exprs/2@a9473f45 with 1 rows and digest ff5a3avlsa710q070mjoh0kvtc4.
[2026-10-08 00:42:08] (0s) Inferred that enum_is_case_exprs_20#join_rhs/2@cdf96ev4 is empty, due to enum_is_case_exprs/3@2ccaedqg.
[2026-10-08 00:42:08] (0s) Inferred that Synth::Synth::TEnumIsCaseExpr#3123b215/2@934f44np is empty, due to Synth::Synth::TEnumIsCaseExpr#dom#d64c7717/1@493214l0.
[2026-10-08 00:42:08] (0s)  >>> Created relation dictionary_exprs/1@f3ebce9r with 0 rows and digest THIS-RELATION-HAS-NO-TUPLES.
[2026-10-08 00:42:08] (0s)  >>> Created relation type_value_exprs/2@9fc1d2ir with 0 rows and digest THIS-RELATION-HAS-NO-TUPLES.
[2026-10-08 00:42:08] (0s) Inferred that Synth::Synth::TDictionaryExpr#0a7110a3/2@48fe877k is empty, due to dictionary_exprs/1@f3ebce9r.
[2026-10-08 00:42:08] (0s) Inferred that Synth::Synth::TTypeValueExpr#dom#6d54a5db/1@b5973ccr is empty, due to type_value_exprs/2@9fc1d2ir.
[2026-10-08 00:42:08] (0s) Inferred that type_value_exprs_10#join_rhs/2@60af001c is empty, due to type_value_exprs/2@9fc1d2ir.
[2026-10-08 00:42:08] (0s) Inferred that Synth::Synth::TTypeValueExpr#c5cf603d/2@3071897h is empty, due to Synth::Synth::TTypeValueExpr#dom#6d54a5db/1@b5973ccr.
[2026-10-08 00:42:08] (0s)  >>> Created relation super_ref_exprs/2@20d7a3jt with 0 rows and digest THIS-RELATION-HAS-NO-TUPLES.
[2026-10-08 00:42:08] (0s) Inferred that Synth::Synth::TSuperRefExpr#dom#9b32a428/1@2920cb6e is empty, due to super_ref_exprs/2@20d7a3jt.
[2026-10-08 00:42:08] (0s)  >>> Created relation subscript_exprs/1@02ff71d2 with 1 rows and digest bb03701sbjd2s8m0lef93kal8q3.
[2026-10-08 00:42:08] (0s) Inferred that Synth::Synth::TSuperRefExpr#4d1b7b74/2@36ff12jv is empty, due to Synth::Synth::TSuperRefExpr#dom#9b32a428/1@2920cb6e.
[2026-10-08 00:42:08] (0s)  >>> Created relation sequence_exprs/1@a956c5rt with 0 rows and digest THIS-RELATION-HAS-NO-TUPLES.
[2026-10-08 00:42:08] (0s)  >>> Created relation force_try_exprs/1@4611e2km with 0 rows and digest THIS-RELATION-HAS-NO-TUPLES.
[2026-10-08 00:42:08] (0s) Inferred that Synth::Synth::TSequenceExpr#32ecc61a/2@0c33fdr8 is empty, due to sequence_exprs/1@a956c5rt.
[2026-10-08 00:42:08] (0s) Inferred that Synth::Synth::TForceTryExpr#aca35586/2@e53657sf is empty, due to force_try_exprs/1@4611e2km.
[2026-10-08 00:42:08] (0s)  >>> Created relation key_path_exprs/1@9f557bia with 0 rows and digest THIS-RELATION-HAS-NO-TUPLES.
[2026-10-08 00:42:08] (0s) Inferred that Synth::Synth::TKeyPathExpr#d2a0a362/2@af9011ph is empty, due to key_path_exprs/1@9f557bia.
[2026-10-08 00:42:08] (0s)  >>> Created relation erasure_exprs/1@c21dccqk with 3 rows and digest 380bddjhflgrbrs7m76v45k5nie.
[2026-10-08 00:42:08] (0s)  >>> Created relation dot_self_exprs/1@653864gd with 0 rows and digest THIS-RELATION-HAS-NO-TUPLES.
[2026-10-08 00:42:08] (0s) Inferred that Synth::Synth::TDotSelfExpr#2af432ab/2@a4e80dmu is empty, due to dot_self_exprs/1@653864gd.
[2026-10-08 00:42:08] (0s)  >>> Created relation consume_exprs/2@f4f2c8fj with 0 rows and digest THIS-RELATION-HAS-NO-TUPLES.
[2026-10-08 00:42:08] (0s) Inferred that Synth::Synth::TConsumeExpr#dom#12a1798b/1@af89d93r is empty, due to consume_exprs/2@f4f2c8fj.
[2026-10-08 00:42:08] (0s) Inferred that Synth::Synth::TConsumeExpr#6debb2d8/2@463941f7 is empty, due to Synth::Synth::TConsumeExpr#dom#12a1798b/1@af89d93r.
[2026-10-08 00:42:08] (0s)  >>> Created relation unsafe_exprs/1@3e173fgn with 0 rows and digest THIS-RELATION-HAS-NO-TUPLES.
[2026-10-08 00:42:08] (0s) Inferred that Synth::Synth::TUnsafeExpr#5c199287/2@da0630gm is empty, due to unsafe_exprs/1@3e173fgn.
[2026-10-08 00:42:08] (0s)  >>> Created relation decl_ref_exprs/2@044852ho with 12231 rows and digest 88857bve8369karsbh1dpag1cka.
[2026-10-08 00:42:08] (0s)  >>> Created relation one_way_exprs/2@f5e2a131 with 0 rows and digest THIS-RELATION-HAS-NO-TUPLES.
[2026-10-08 00:42:08] (0s) Inferred that Synth::Synth::TOneWayExpr#dom#3569e7f6/1@176f823l is empty, due to one_way_exprs/2@f5e2a131.
[2026-10-08 00:42:08] (0s) Inferred that Synth::Synth::TOneWayExpr#b4202b84/2@884403fl is empty, due to Synth::Synth::TOneWayExpr#dom#3569e7f6/1@176f823l.
[2026-10-08 00:42:08] (0s)  >>> Created relation coerce_exprs/1@dc6ecf2o with 98 rows and digest b8bff0ig4j1tvaqj7qi0s1p2jv7.
[2026-10-08 00:42:08] (0s)  >>> Created relation borrow_exprs/1@adb248gb with 0 rows and digest THIS-RELATION-HAS-NO-TUPLES.
[2026-10-08 00:42:08] (0s) Inferred that Synth::Synth::TBorrowExpr#0b4a36c6/2@696488hf is empty, due to borrow_exprs/1@adb248gb.
[2026-10-08 00:42:08] (0s)  >>> Created relation tuple_exprs/1@1d1af5p2 with 0 rows and digest THIS-RELATION-HAS-NO-TUPLES.
[2026-10-08 00:42:08] (0s) Inferred that Synth::Synth::TTupleExpr#29bd1b0a/2@273806dn is empty, due to tuple_exprs/1@1d1af5p2.
[2026-10-08 00:42:08] (0s)  >>> Created relation assign_exprs/3@960809f0 with 3098 rows and digest 62e5e8q6ocosu613ahe20deul90.
[2026-10-08 00:42:08] (0s)  >>> Created relation paren_exprs/1@2eb093n3 with 0 rows and digest THIS-RELATION-HAS-NO-TUPLES.
[2026-10-08 00:42:08] (0s) Inferred that Synth::Synth::TParenExpr#81d40ae0/2@3db4e1r0 is empty, due to paren_exprs/1@2eb093n3.
[2026-10-08 00:42:08] (0s)  >>> Created relation await_exprs/1@f36557u8 with 0 rows and digest THIS-RELATION-HAS-NO-TUPLES.
[2026-10-08 00:42:08] (0s) Inferred that Synth::Synth::TAwaitExpr#6204bb36/2@8a8550fi is empty, due to await_exprs/1@f36557u8.
[2026-10-08 00:42:08] (0s)  >>> Created relation in_out_exprs/2@08dff3br with 759 rows and digest 1e0758m780632re1bbd9fgthh6c.
[2026-10-08 00:42:08] (0s)  >>> Created relation array_exprs/1@0196403p with 1 rows and digest 0d4abfnhl95smd4m86ha0km9muc.
[2026-10-08 00:42:08] (0s)  >>> Created relation type_exprs/1@8165a10t with 954 rows and digest 3330d2eh5s364hhto0r4ostitm4.
[2026-10-08 00:42:08] (0s)  >>> Created relation load_exprs/1@aa57717d with 0 rows and digest THIS-RELATION-HAS-NO-TUPLES.
[2026-10-08 00:42:08] (0s)  >>> Created relation copy_exprs/2@20efa1l8 with 0 rows and digest THIS-RELATION-HAS-NO-TUPLES.
[2026-10-08 00:42:08] (0s) Inferred that Synth::Synth::TLoadExpr#f2bc71da/2@a69d6agb is empty, due to load_exprs/1@aa57717d.
[2026-10-08 00:42:08] (0s) Inferred that Synth::Synth::TCopyExpr#dom#ad1c5d90/1@25a4e8lj is empty, due to copy_exprs/2@20efa1l8.
[2026-10-08 00:42:08] (0s) Inferred that Synth::Synth::TCopyExpr#df1dd922/2@4313dc60 is empty, due to Synth::Synth::TCopyExpr#dom#ad1c5d90/1@25a4e8lj.
[2026-10-08 00:42:08] (0s)  >>> Created relation try_exprs/1@8ccefduj with 1 rows and digest 9a4f5ejqtj7f2jgashkst2vf8l8.
[2026-10-08 00:42:08] (0s)  >>> Created relation tap_exprs/3@dc14533g with 0 rows and digest THIS-RELATION-HAS-NO-TUPLES.
[2026-10-08 00:42:08] (0s)  >>> Created relation is_exprs/1@fa7ea08l with 0 rows and digest THIS-RELATION-HAS-NO-TUPLES.
[2026-10-08 00:42:08] (0s) Inferred that Synth::Synth::TTapExpr#dom#c84cc1ad/1@af1131ua is empty, due to tap_exprs/3@dc14533g.
[2026-10-08 00:42:08] (0s) Inferred that Synth::Synth::TTapExpr#846ec96a/2@2915f2j1 is empty, due to Synth::Synth::TTapExpr#dom#c84cc1ad/1@af1131ua.
[2026-10-08 00:42:08] (0s)  >>> Created relation if_exprs/4@e1374dbd with 0 rows and digest THIS-RELATION-HAS-NO-TUPLES.
[2026-10-08 00:42:08] (0s) Inferred that Synth::Synth::TIsExpr#e5607cdc/2@97b45e6k is empty, due to is_exprs/1@fa7ea08l.
[2026-10-08 00:42:08] (0s) Inferred that Synth::Synth::TIfExpr#dom#86a1020d/1@c9294dva is empty, due to if_exprs/4@e1374dbd.
[2026-10-08 00:42:08] (0s)  >>> Created relation dot_syntax_base_ignored_exprs/3@e41f4dmd with 0 rows and digest THIS-RELATION-HAS-NO-TUPLES.
[2026-10-08 00:42:08] (0s) Inferred that Synth::Synth::TIfExpr#0dd62e70/2@d4fd81uj is empty, due to Synth::Synth::TIfExpr#dom#86a1020d/1@c9294dva.
[2026-10-08 00:42:08] (0s) Inferred that Synth::Synth::TDotSyntaxBaseIgnoredExpr#dom#99d833c4/1@af7482ol is empty, due to dot_syntax_base_ignored_exprs/3@e41f4dmd.
[2026-10-08 00:42:08] (0s) Inferred that Synth::Synth::TDotSyntaxBaseIgnoredExpr#c6ec664f/2@7c1782r3 is empty, due to Synth::Synth::TDotSyntaxBaseIgnoredExpr#dom#99d833c4/1@af7482ol.
[2026-10-08 00:42:08] (0s)  >>> Created relation inject_into_optional_exprs/1@3f1ea7fr with 4 rows and digest 49710792b719s6ueo9ae742podd.
[2026-10-08 00:42:08] (0s)  >>> Created relation initializer_ref_call_exprs/1@95b49atp with 2 rows and digest cd0ee9ku4td2ui4t0233qpkbal9.
[2026-10-08 00:42:08] (0s)  >>> Created relation string_literal_exprs/2@577d28ck with 480 rows and digest b4218c2hp7f1pl8aqmv3gtealo3.
[2026-10-08 00:42:08] (0s)  >>> Created relation dot_syntax_call_exprs/1@daf1179g with 954 rows and digest f31c5d4kfm6pj0d8s0heo3m1650.
[2026-10-08 00:42:08] (0s)  >>> Created relation postfix_unary_exprs/1@9838e3hi with 0 rows and digest THIS-RELATION-HAS-NO-TUPLES.
[2026-10-08 00:42:08] (0s) Inferred that Synth::Synth::TPostfixUnaryExpr#e8902ee8/2@fde7c4g2 is empty, due to postfix_unary_exprs/1@9838e3hi.
[2026-10-08 00:42:08] (0s)  >>> Created relation prefix_unary_exprs/1@07142a13 with 0 rows and digest THIS-RELATION-HAS-NO-TUPLES.
[2026-10-08 00:42:08] (0s) Inferred that Synth::Synth::TPrefixUnaryExpr#16ae17d6/2@6268893l is empty, due to prefix_unary_exprs/1@07142a13.
[2026-10-08 00:42:08] (0s)  >>> Created relation binary_exprs/1@6eace97g with 1 rows and digest c3d1b53jqimagekt38v6sf3m0v7.
[2026-10-08 00:42:08] (0s)  >>> Created relation member_ref_exprs/1@4c9274am with 1389 rows and digest ddc5ebkkc1ijanhu89as39n77j7.
[2026-10-08 00:42:08] (0s)  >>> Created relation explicit_closure_exprs/1@f984e06m with 0 rows and digest THIS-RELATION-HAS-NO-TUPLES.
[2026-10-08 00:42:08] (0s) Inferred that Synth::Synth::TExplicitClosureExpr#5e87f25d/2@1b96a516 is empty, due to explicit_closure_exprs/1@f984e06m.
[2026-10-08 00:42:08] (0s)  >>> Created relation call_exprs/1@7aa0564n with 5166 rows and digest dfd3560nrb19t6mc7v9t1obt1mc.
[2026-10-08 00:42:08] (0s)  >>> Created relation auto_closure_exprs/1@0f81fdrn with 1 rows and digest 0ca42dv0c4uff7cbktr4i7momlc.
[2026-10-08 00:42:08] (0s)  >>> Created relation arguments/3@99b48ct3 with 5260 rows and digest ec14023sq0ctesqttc4nnkla8eb.
[2026-10-08 00:42:08] (0s) Starting to evaluate predicate Synth::Synth::convertExprFromRaw/1#05c84b4a#bf/2@3b2468no
[2026-10-08 00:42:08] (0s) Starting to evaluate predicate Raw::Raw::Expr#8a3b61a4#b/1@6ab603ik
[2026-10-08 00:42:08] (0s)  >>> Created relation Synth::Synth::convertExprFromRaw/1#05c84b4a#bf/2@3b2468no with 40365 rows and digest 2db3b740p8ovi8eug8bqlrl6k8b.
[2026-10-08 00:42:08] (0s) Starting to evaluate predicate Argument::Generated::Argument.getImmediateExpr/0#dispred#bd31ccee/2@271774hr
[2026-10-08 00:42:08] (0s)  >>> Created relation Raw::Raw::Expr#8a3b61a4#b/1@6ab603ik with 40365 rows and digest cebf9561edr8ld74r3vc0aevcm0.
[2026-10-08 00:42:08] (0s) Starting to evaluate predicate Raw::Raw::ApplyExpr.getFunction/0#dispred#bd9824c5/2@27b5d8sm
[2026-10-08 00:42:08] (0s)  >>> Created relation Argument::Generated::Argument.getImmediateExpr/0#dispred#bd31ccee/2@271774hr with 4304 rows and digest e09aa5gu6bb61alcgbg33m5pn20.
[2026-10-08 00:42:08] (0s)  >>> Created relation Raw::Raw::ApplyExpr.getFunction/0#dispred#bd9824c5/2@27b5d8sm with 6123 rows and digest 2f92c7mp32s4lu5fcb7rldlp984.
[2026-10-08 00:42:08] (0s)  >>> Created relation binding_patterns/2@5bca7dc6 with 1 rows and digest fb8418mrjpj0929fcgsitrpn37e.
[2026-10-08 00:42:08] (0s)  >>> Created relation paren_patterns/2@a0ac061b with 0 rows and digest THIS-RELATION-HAS-NO-TUPLES.
[2026-10-08 00:42:08] (0s) Inferred that Synth::Synth::TParenPattern#dom#86c804bb/1@c00f4201 is empty, due to paren_patterns/2@a0ac061b.
[2026-10-08 00:42:08] (0s) Inferred that Synth::Synth::TParenPattern#14396679/2@204e6cs5 is empty, due to Synth::Synth::TParenPattern#dom#86c804bb/1@c00f4201.
[2026-10-08 00:42:08] (0s)  >>> Created relation type_alias_decls/2@e3831fo8 with 4142 rows and digest 4edf3e6dee3jdfvg892u7j391mb.
[2026-10-08 00:42:08] (0s)  >>> Created relation dynamic_self_types/2@f41a11fv with 174 rows and digest a4ad2fj2ggag2uca8kebgk4rpv4.
[2026-10-08 00:42:08] (0s)  >>> Created relation l_value_types/2@2fbd1c4m with 2097 rows and digest 7d8217cc9sh5aashaf46rjt6bhc.
[2026-10-08 00:42:08] (0s)  >>> Created relation dictionary_types/3@78f26d3l with 50 rows and digest 17226bqtugrpq716r9h9qe5bi9b.
[2026-10-08 00:42:08] (0s)  >>> Created relation type_alias_types/2@f55067id with 4502 rows and digest 64f39fq8p1f9bg1jluj7elsnq30.
[2026-10-08 00:42:08] (0s) Starting to evaluate predicate Synth::Synth::TTypeAliasDecl#c8e3c943_10#join_rhs/2@aa75cao8
[2026-10-08 00:42:08] (0s) Starting to evaluate predicate type_alias_types_10#join_rhs/2@7e80809k
[2026-10-08 00:42:08] (0s)  >>> Created relation Synth::Synth::TTypeAliasDecl#c8e3c943_10#join_rhs/2@aa75cao8 with 4142 rows and digest 5973b1v855sg6msb41mjod14qf2.
[2026-10-08 00:42:08] (0s)  >>> Created relation unary_syntax_sugar_types/2@536cc0fh with 3166 rows and digest 3313036qulrlju9mhjjpaec7dqb.
[2026-10-08 00:42:08] (0s)  >>> Created relation type_alias_types_10#join_rhs/2@7e80809k with 4502 rows and digest 2fdb6874svq1078fopakgagbtjd.
[2026-10-08 00:42:08] (0s) Starting to evaluate predicate Synth::Synth::TTypeAliasType#474ad5be_1#antijoin_rhs/1@67f9a2cp
[2026-10-08 00:42:08] (0s)  >>> Created relation Synth::Synth::TTypeAliasType#474ad5be_1#antijoin_rhs/1@67f9a2cp with 4502 rows and digest 7cf42dsjhsk2oljcregvvoabpe3.
[2026-10-08 00:42:08] (0s) Starting to evaluate predicate Synth::Synth::TMetatypeType#bfd87215_1#join_rhs/1@c3e66dgp
[2026-10-08 00:42:08] (0s)  >>> Created relation Synth::Synth::TMetatypeType#bfd87215_1#join_rhs/1@c3e66dgp with 16985 rows and digest 54407bu5jaq1qdbaa1lvis2d4d7.
[2026-10-08 00:42:08] (0s) Starting to evaluate predicate TypeImpl::Impl::Type#3262080d#b/1@c73f7flc
[2026-10-08 00:42:08] (0s)  >>> Created relation var_decls/3@39f6a1q0 with 121163 rows and digest a4505128t7grc1lo9gn9efkl9o2.
[2026-10-08 00:42:08] (0s) Starting to evaluate predicate m#Raw::Raw::Type#99a362c7#b/1@d932a5rv
[2026-10-08 00:42:08] (0s)  >>> Created relation TypeImpl::Impl::Type#3262080d#b/1@c73f7flc with 138822 rows and digest b566afkha43ffr5v32gvhdndjve.
[2026-10-08 00:42:08] (0s) Starting to evaluate predicate Synth::Synth::convertPatternFromRaw/1#aac7661b/2@92af9a5r
[2026-10-08 00:42:08] (0s)  >>> Created relation Synth::Synth::convertPatternFromRaw/1#aac7661b/2@92af9a5r with 16034 rows and digest 66ae3e8fta2b8obp2ok55db1qeb.
[2026-10-08 00:42:08] (0s)  >>> Created relation optional_some_patterns/2@c4fbfalg with 1 rows and digest da8596vg44vmsc5kthil7j0mu84.
[2026-10-08 00:42:08] (0s)  >>> Created relation typed_patterns/2@f03bf38j with 7953 rows and digest 2928e6hqad6i4plidhhc26ltl4f.
[2026-10-08 00:42:08] (0s) Starting to evaluate predicate ImplicitConversionExpr::ImplicitConversionExpr.convertsFrom/1#dispred#eee5a384/2@8cbaa4es
[2026-10-08 00:42:08] (0s)  >>> Created relation ImplicitConversionExpr::ImplicitConversionExpr.convertsFrom/1#dispred#eee5a384/2@8cbaa4es with 106 rows and digest 72094bhvj43nlrs7ng2vqk0s6t8.
[2026-10-08 00:42:08] (0s) Starting to evaluate predicate Expr::Expr.convertsFrom/1#dispred#68c69534/2@f3d9362g
[2026-10-08 00:42:08] (0s)  >>> Created relation Expr::Expr.convertsFrom/1#dispred#68c69534/2@f3d9362g with 963 rows and digest 1db070hg4jb7vica83ub86l3995.
[2026-10-08 00:42:08] (0s) Starting to evaluate predicate Expr::Expr.convertsFrom/1#dispred#68c69534_0#antijoin_rhs/1@3e7f46ph
[2026-10-08 00:42:08] (0s)  >>> Created relation Expr::Expr.convertsFrom/1#dispred#68c69534_0#antijoin_rhs/1@3e7f46ph with 963 rows and digest f587162615746s73ur6ht5stkgc.
[2026-10-08 00:42:08] (0s) Starting to evaluate predicate _Expr::Expr.convertsFrom/1#dispred#68c69534_0#antijoin_rhs_Raw::Raw::ApplyExpr.getFunction/0#dispred__#shared/2@dbe448kf
[2026-10-08 00:42:08] (0s)  >>> Created relation _Expr::Expr.convertsFrom/1#dispred#68c69534_0#antijoin_rhs_Raw::Raw::ApplyExpr.getFunction/0#dispred__#shared/2@dbe448kf with 5167 rows and digest d9f9dbgrcciqr30oamrndd8ggbc.
[2026-10-08 00:42:08] (0s) Starting to evaluate predicate _Synth::Synth::convertExprFromRaw/1#05c84b4a#bf__Expr::Expr.convertsFrom/1#dispred#68c69534_0#antijo__#join_rhs/2@342eed6b
[2026-10-08 00:42:08] (0s)  >>> Created relation _Synth::Synth::convertExprFromRaw/1#05c84b4a#bf__Expr::Expr.convertsFrom/1#dispred#68c69534_0#antijo__#join_rhs/2@342eed6b with 5167 rows and digest 8306b86sqevhvrn22cqrfcqn5cd.
[2026-10-08 00:42:08] (0s)  >>> Created relation self_apply_exprs/2@bb52626c with 956 rows and digest 0ab8b5fp4mhn31odstmbd6nhd02.
[2026-10-08 00:42:08] (0s)  >>> Created relation m#Raw::Raw::Type#99a362c7#b/1@d932a5rv with 22295 rows and digest 0a79b9p4tv8361t0307l7cle9i2.
[2026-10-08 00:42:08] (0s)  >>> Created relation lookup_exprs/2@298b2d34 with 1390 rows and digest c4ba73ha1p7bdctupj10qaj1b47.
[2026-10-08 00:42:08] (0s)  >>> Created relation unresolved_types/1@27485drk with 0 rows and digest THIS-RELATION-HAS-NO-TUPLES.
[2026-10-08 00:42:08] (0s) Inferred that Synth::Synth::TUnresolvedType#a38a5b5d/2@559561hd is empty, due to unresolved_types/1@27485drk.
[2026-10-08 00:42:08] (0s)  >>> Created relation error_types/1@79ece05l with 5 rows and digest f162779ctm66op098khgqfepbj8.
[2026-10-08 00:42:08] (0s)  >>> Created relation builtin_default_actor_storage_types/1@24e6f7pm with 0 rows and digest THIS-RELATION-HAS-NO-TUPLES.
[2026-10-08 00:42:08] (0s) Inferred that Synth::Synth::TBuiltinDefaultActorStorageType#2f47b651/2@5ede2agf is empty, due to builtin_default_actor_storage_types/1@24e6f7pm.
[2026-10-08 00:42:08] (0s)  >>> Created relation builtin_unsafe_value_buffer_types/1@2ecbba40 with 1 rows and digest b06ffclc3epi2slsic6sl3a3as0.
[2026-10-08 00:42:08] (0s)  >>> Created relation builtin_raw_unsafe_continuation_types/1@98a12cpb with 1 rows and digest 86fe137o0ge5jqaaktfa2701533.
[2026-10-08 00:42:08] (0s)  >>> Created relation parameterized_protocol_types/2@eb1aedht with 26 rows and digest 461ab6g3obn5rv5mbdoh1ce8klf.
[2026-10-08 00:42:08] (0s)  >>> Created relation existential_archetype_types/1@1d5c55i4 with 0 rows and digest THIS-RELATION-HAS-NO-TUPLES.
[2026-10-08 00:42:08] (0s) Inferred that Synth::Synth::TExistentialArchetypeType#781535e4/2@7718072n is empty, due to existential_archetype_types/1@1d5c55i4.
[2026-10-08 00:42:08] (0s)  >>> Created relation builtin_integer_literal_types/1@1a4dd7ae with 1 rows and digest 486c0edce3rlfievl2svpku11se.
[2026-10-08 00:42:08] (0s)  >>> Created relation protocol_composition_types/1@98599a48 with 160 rows and digest 58335fa2q17j94tk9qga986024f.
[2026-10-08 00:42:08] (0s)  >>> Created relation opaque_type_archetype_types/2@283669du with 17 rows and digest 14c0a0pp3ulngq7pinvuo3ull50.
[2026-10-08 00:42:08] (0s)  >>> Created relation existential_metatype_types/1@57632du2 with 7 rows and digest c077908i38egfh786jjg9nu48aa.
[2026-10-08 00:42:08] (0s)  >>> Created relation builtin_native_object_types/1@c55a64a9 with 1 rows and digest 78266a26dcpg1ta6r6at56no7n8.
[2026-10-08 00:42:08] (0s)  >>> Created relation builtin_bridge_object_types/1@2898e96d with 1 rows and digest 7e923ea2f66a5i15mmvkl28gc08.
[2026-10-08 00:42:08] (0s)  >>> Created relation bound_generic_struct_types/1@e0240e3l with 5416 rows and digest 0758c5vhsednukq27fnlaaef2b0.
[2026-10-08 00:42:08] (0s)  >>> Created relation builtin_fixed_array_types/3@bf390dm0 with 3 rows and digest d32f8dacer8vfcpna3h0t465uo2.
[2026-10-08 00:42:08] (0s)  >>> Created relation builtin_raw_pointer_types/1@ef6ba990 with 1 rows and digest 3a61943rvhtf6ftiq73i0oe3l6e.
[2026-10-08 00:42:08] (0s)  >>> Created relation bound_generic_class_types/1@8867efmr with 744 rows and digest cf3050qhqtmmt1v1c6v5jallptc.
[2026-10-08 00:42:08] (0s)  >>> Created relation unmanaged_storage_types/1@a9ab636l with 34 rows and digest 1f901ftgatmn9ar74sp2iagptgb.
[2026-10-08 00:42:08] (0s)  >>> Created relation variadic_sequence_types/1@92c9e3i9 with 51 rows and digest 1e90d5l4116491pksjsgppl34me.
[2026-10-08 00:42:08] (0s)  >>> Created relation primary_archetype_types/1@01dc368i with 4351 rows and digest 2d39dbl5ror7o4jvr8mn84g86l0.
[2026-10-08 00:42:08] (0s)  >>> Created relation element_archetype_types/1@a0755c61 with 0 rows and digest THIS-RELATION-HAS-NO-TUPLES.
[2026-10-08 00:42:08] (0s) Inferred that Synth::Synth::TElementArchetypeType#b3949d06/2@2ba9capv is empty, due to element_archetype_types/1@a0755c61.
[2026-10-08 00:42:08] (0s)  >>> Created relation bound_generic_enum_types/1@65647a4c with 2349 rows and digest e48511j2at2bpe9fdekcudnn9a3.
[2026-10-08 00:42:08] (0s)  >>> Created relation generic_type_param_types/1@ae3c4c0u with 6523 rows and digest 1632f3so0qfodkka0oermbl0ds6.
[2026-10-08 00:42:08] (0s)  >>> Created relation generic_function_types/1@b96860oe with 18572 rows and digest b51bf1uh43feeojqshjhlpfobac.
[2026-10-08 00:42:08] (0s)  >>> Created relation builtin_executor_types/1@00d4f3op with 1 rows and digest 9e45483f3jl4inorll55lutdmr7.
[2026-10-08 00:42:08] (0s)  >>> Created relation unowned_storage_types/1@791945ke with 0 rows and digest THIS-RELATION-HAS-NO-TUPLES.
[2026-10-08 00:42:08] (0s) Inferred that Synth::Synth::TUnownedStorageType#05dc6da5/2@30f6e8qd is empty, due to unowned_storage_types/1@791945ke.
[2026-10-08 00:42:08] (0s)  >>> Created relation unbound_generic_types/1@e87275ec with 355 rows and digest baeb32kmtcet1pviub8ckfh9jq5.
[2026-10-08 00:42:08] (0s)  >>> Created relation dependent_member_types/3@edddc3an with 2439 rows and digest 05cca6gcaj91aijhbdb5flnmvo6.
[2026-10-08 00:42:08] (0s)  >>> Created relation builtin_integer_types/1@a2dc83r1 with 7 rows and digest 208e3a3hphlkdp1r15t8dmd04te.
[2026-10-08 00:42:08] (0s)  >>> Created relation pack_archetype_types/1@8981fff5 with 28 rows and digest 920a71lbltv84c1n213epdamo27.
[2026-10-08 00:42:08] (0s)  >>> Created relation pack_expansion_types/3@25cc722j with 80 rows and digest 1396bfb46thi5ie1p6mbhlmcok4.
[2026-10-08 00:42:08] (0s)  >>> Created relation builtin_vector_types/1@dffe330f with 42 rows and digest a8f6a9lh4mjulksbotaudqhkjc9.
[2026-10-08 00:42:08] (0s)  >>> Created relation builtin_float_types/1@94a3dbpt with 3 rows and digest f7896eok1199ueilf64ei6rk40f.
[2026-10-08 00:42:08] (0s)  >>> Created relation weak_storage_types/1@fa44253k with 4 rows and digest e3c62bmer9al2fu51nomfbi0s4a.
[2026-10-08 00:42:08] (0s)  >>> Created relation inline_array_types/3@fda0d158 with 0 rows and digest THIS-RELATION-HAS-NO-TUPLES.
[2026-10-08 00:42:08] (0s) Inferred that Synth::Synth::TInlineArrayType#dom#99d857a5/1@a12ff1un is empty, due to inline_array_types/3@fda0d158.
[2026-10-08 00:42:08] (0s)  >>> Created relation pack_element_types/2@a07d91jr with 0 rows and digest THIS-RELATION-HAS-NO-TUPLES.
[2026-10-08 00:42:08] (0s) Inferred that Synth::Synth::TInlineArrayType#f9d546ec/2@8945cdht is empty, due to Synth::Synth::TInlineArrayType#dom#99d857a5/1@a12ff1un.
[2026-10-08 00:42:08] (0s) Inferred that Synth::Synth::TPackElementType#dom#8300a567/1@2d9c02eu is empty, due to pack_element_types/2@a07d91jr.
[2026-10-08 00:42:08] (0s) Inferred that Synth::Synth::TPackElementType#f174a347/2@a8ecdc5p is empty, due to Synth::Synth::TPackElementType#dom#8300a567/1@2d9c02eu.
[2026-10-08 00:42:08] (0s)  >>> Created relation existential_types/2@e4a9b146 with 250 rows and digest 8b88fcqe32uqs006jt1ap8g5cu0.
[2026-10-08 00:42:08] (0s)  >>> Created relation array_slice_types/1@24c2c35o with 207 rows and digest 26cbaa8m96741ci396mro99dhq1.
[2026-10-08 00:42:08] (0s)  >>> Created relation builtin_job_types/1@1777e98p with 1 rows and digest 1b9bcba5ugbfln44192lrrosk65.
[2026-10-08 00:42:08] (0s)  >>> Created relation protocol_types/1@dddde92o with 268 rows and digest 8ae869u17ofo7qus6eqcbg44fla.
[2026-10-08 00:42:08] (0s)  >>> Created relation metatype_types/1@431c6c4c with 16985 rows and digest 45b223dte78g1qjcakl9ieeo281.
[2026-10-08 00:42:08] (0s)  >>> Created relation optional_types/1@b3d3beu9 with 2908 rows and digest 8e7eb9n67nbh7kabsvjjp04us4d.
[2026-10-08 00:42:08] (0s)  >>> Created relation integer_types/2@14d1d232 with 6 rows and digest a830edk949c0lnu44ggtei3ha65.
[2026-10-08 00:42:08] (0s)  >>> Created relation function_types/1@d9cc069f with 64157 rows and digest 8455313rsejuh4jln9iamkirrg5.
[2026-10-08 00:42:08] (0s)  >>> Created relation module_types/2@4eb60aun with 965 rows and digest 01c20b17me6psi2u9vijpub92k6.
[2026-10-08 00:42:08] (0s)  >>> Created relation struct_types/1@5f78eaeh with 3141 rows and digest c8defdsbovgpthunq0nfrehl3me.
[2026-10-08 00:42:08] (0s)  >>> Created relation tuple_types/1@96c73dpa with 771 rows and digest fe52c4m3gopu8th320nhneq1308.
[2026-10-08 00:42:08] (0s)  >>> Created relation paren_types/2@9a024eq1 with 0 rows and digest THIS-RELATION-HAS-NO-TUPLES.
[2026-10-08 00:42:08] (0s) Inferred that Synth::Synth::TParenType#dom#7f7c5909/1@1c4701ph is empty, due to paren_types/2@9a024eq1.
[2026-10-08 00:42:08] (0s) Inferred that Synth::Synth::TParenType#da175b47/2@a974dccv is empty, due to Synth::Synth::TParenType#dom#7f7c5909/1@1c4701ph.
[2026-10-08 00:42:08] (0s)  >>> Created relation in_out_types/2@88dbdau9 with 73 rows and digest baa5e5t9k2r0g56fkgqdj6mpv09.
[2026-10-08 00:42:08] (0s)  >>> Created relation pack_types/1@120d7905 with 31 rows and digest 84a0fd2e5ghmhjsgtvvvn90tlnd.
[2026-10-08 00:42:08] (0s)  >>> Created relation class_types/1@233f26ck with 502 rows and digest 1b235fivgppbnora5f9tt3opmsd.
[2026-10-08 00:42:08] (0s)  >>> Created relation enum_types/1@51cf840s with 511 rows and digest ec2d60l5g034emoh1lpecvlg4ed.
[2026-10-08 00:42:08] (0s) Starting to evaluate predicate Raw::Raw::Type#99a362c7#b/1@b0f0d2su
[2026-10-08 00:42:08] (0s) Starting to evaluate predicate Synth::Synth::convertTypeFromRaw/1#69bbb1b7#bf/2@a2ed43kt
[2026-10-08 00:42:08] (0s)  >>> Created relation Raw::Raw::Type#99a362c7#b/1@b0f0d2su with 22295 rows and digest 0a79b9p4tv8361t0307l7cle9i2.
[2026-10-08 00:42:08] (0s) Starting to evaluate predicate Synth::Synth::convertLookupExprToRaw/1#ea59557a#bf/2@e73254dh
[2026-10-08 00:42:08] (0s)  >>> Created relation Synth::Synth::convertLookupExprToRaw/1#ea59557a#bf/2@e73254dh with 1390 rows and digest fdd0e4au35m2bt7ekk3okpr0bcc.
[2026-10-08 00:42:08] (0s) Starting to evaluate predicate LookupExpr::Generated::LookupExpr.getImmediateBase/0#dispred#34571f86#bf/2@55f64b8d
[2026-10-08 00:42:08] (0s)  >>> Created relation LookupExpr::Generated::LookupExpr.getImmediateBase/0#dispred#34571f86#bf/2@55f64b8d with 2346 rows and digest 449583kmuecu9s7oldck0jmtdgf.
[2026-10-08 00:42:08] (0s) Starting to evaluate predicate _Expr::Expr.convertsFrom/1#dispred#68c69534_0#antijoin_rhs_MethodLookupExpr::MethodLookupExpr.getUnd__#shared/2@dae1fdfa
[2026-10-08 00:42:08] (0s)  >>> Created relation _Expr::Expr.convertsFrom/1#dispred#68c69534_0#antijoin_rhs_MethodLookupExpr::MethodLookupExpr.getUnd__#shared/2@dae1fdfa with 956 rows and digest 3cfed5sas4gom2nfcu0okc7lus5.
[2026-10-08 00:42:08] (0s) Starting to evaluate predicate OptionalSomePattern::Generated::OptionalSomePattern.getImmediateSubPattern/0#dispred#d1963e1e/2@b2b3cdrs
[2026-10-08 00:42:08] (0s)  >>> Created relation OptionalSomePattern::Generated::OptionalSomePattern.getImmediateSubPattern/0#dispred#d1963e1e/2@b2b3cdrs with 1 rows and digest 9d5815q8tbov9hkic5scanbkjb2.
[2026-10-08 00:42:08] (0s) Starting to evaluate predicate ForceValueExpr::Generated::ForceValueExpr.getImmediateSubExpr/0#dispred#c624875c/2@8ed8f6m2
[2026-10-08 00:42:08] (0s)  >>> Created relation ForceValueExpr::Generated::ForceValueExpr.getImmediateSubExpr/0#dispred#c624875c/2@8ed8f6m2 with 1 rows and digest a8ce12s6058an3i0onpdc2a5ui3.
[2026-10-08 00:42:08] (0s) Starting to evaluate predicate _Expr::Expr.convertsFrom/1#dispred#68c69534_0#antijoin_rhs_ForceValueExpr::Generated::ForceValueExpr__#shared/2@d1e606g2
[2026-10-08 00:42:08] (0s)  >>> Created relation _Expr::Expr.convertsFrom/1#dispred#68c69534_0#antijoin_rhs_ForceValueExpr::Generated::ForceValueExpr__#shared/2@d1e606g2 with 1 rows and digest a8ce12s6058an3i0onpdc2a5ui3.
[2026-10-08 00:42:08] (0s) Starting to evaluate predicate TypedPattern::Generated::TypedPattern.getImmediateSubPattern/0#dispred#eb937add/2@cb9fb38c
[2026-10-08 00:42:08] (0s)  >>> Created relation TypedPattern::Generated::TypedPattern.getImmediateSubPattern/0#dispred#eb937add/2@cb9fb38c with 7953 rows and digest 344b72v05bot06q8qfanog5jgj9.
[2026-10-08 00:42:08] (0s)  >>> Created relation pattern_binding_decl_patterns/3@dd7a10it with 7693 rows and digest d151dfgo3m5fu3usguf53u24jp2.
[2026-10-08 00:42:08] (0s) Starting to evaluate predicate PatternBindingDecl::Generated::PatternBindingDecl.getImmediatePattern/1#dispred#017712c4/3@603d430p
[2026-10-08 00:42:08] (0s)  >>> Created relation PatternBindingDecl::Generated::PatternBindingDecl.getImmediatePattern/1#dispred#017712c4/3@603d430p with 7693 rows and digest 642a67o117f8jv3pbh4ff66tcl4.
[2026-10-08 00:42:08] (0s)  >>> Created relation pattern_binding_decl_inits/3@c8fe7a3t with 2 rows and digest 9a6b7er3pauar9kr28j70bmgs06.
[2026-10-08 00:42:08] (0s) Starting to evaluate predicate PatternBindingDecl::Generated::PatternBindingDecl.getImmediateInit/1#dispred#03532010/3@2a3578ao
[2026-10-08 00:42:08] (0s)  >>> Created relation PatternBindingDecl::Generated::PatternBindingDecl.getImmediateInit/1#dispred#03532010/3@2a3578ao with 2 rows and digest 35d9e2qan4c7n4euej9nc887ru3.
[2026-10-08 00:42:08] (0s)  >>> Created relation Synth::Synth::convertTypeFromRaw/1#69bbb1b7#bf/2@a2ed43kt with 22295 rows and digest 3217f1t7bm7a996dqqha5trpjf4.
[2026-10-08 00:42:08] (0s)  >>> Created relation condition_element_initializers/2@428ae8if with 1 rows and digest cda0d5k44dhselft304fjerr6s1.
[2026-10-08 00:42:08] (0s) Starting to evaluate predicate TypeAliasDecl::Generated::TypeAliasDecl.getImmediateAliasedType/0#dispred#c65f8550/2@c46065qr
[2026-10-08 00:42:08] (0s) Starting to evaluate predicate Element::Generated::Element.getResolveStep/0#dispred#f0bb72ef/2@909965n6
[2026-10-08 00:42:08] (0s)  >>> Created relation Element::Generated::Element.getResolveStep/0#dispred#f0bb72ef/2@909965n6 with 3235 rows and digest af7af1b41ot3jf4eh5skd0rj1m2.
[2026-10-08 00:42:08] (0s) Starting to evaluate predicate Element::Generated::Element.getResolveStep/0#dispred#f0bb72ef_10#join_rhs/2@741ff8q9
[2026-10-08 00:42:08] (0s)  >>> Created relation Element::Generated::Element.getResolveStep/0#dispred#f0bb72ef_10#join_rhs/2@741ff8q9 with 3235 rows and digest effe53da8q8anjccaftrqm7jsh7.
[2026-10-08 00:42:08] (0s) Starting to evaluate predicate Expr::Generated::Expr.getImmediateType/0#dispred#c20a3289/2@c25d19et
[2026-10-08 00:42:08] (0s)  >>> Created relation TypeAliasDecl::Generated::TypeAliasDecl.getImmediateAliasedType/0#dispred#c65f8550/2@c46065qr with 4142 rows and digest 975df4pq8dbtajfgvf1r14eb0v3.
[2026-10-08 00:42:08] (0s) Starting to evaluate predicate TypeAliasDecl::Generated::TypeAliasDecl.getImmediateAliasedType/0#dispred#c65f8550_10#join_rhs/2@d2c603pa
[2026-10-08 00:42:08] (0s)  >>> Created relation TypeAliasDecl::Generated::TypeAliasDecl.getImmediateAliasedType/0#dispred#c65f8550_10#join_rhs/2@d2c603pa with 4142 rows and digest 76ed069etie8nthoca8j5jck379.
[2026-10-08 00:42:08] (0s) Starting to evaluate predicate _Synth::Synth::TTypeAliasDecl#c8e3c943_10#join_rhs_Synth::Synth::TTypeAliasType#474ad5be_TypeAliasDe__#join_rhs/2@6f4360dc
[2026-10-08 00:42:08] (0s)  >>> Created relation _Synth::Synth::TTypeAliasDecl#c8e3c943_10#join_rhs_Synth::Synth::TTypeAliasType#474ad5be_TypeAliasDe__#join_rhs/2@6f4360dc with 4502 rows and digest 28534b59v72qhf9qqkonnb7jg48.
[2026-10-08 00:42:08] (0s) Starting to evaluate predicate Element::Generated::Element.getResolveStep/0#dispred#f0bb72ef_0#antijoin_rhs/1@f4d66cus
[2026-10-08 00:42:08] (0s)  >>> Created relation Element::Generated::Element.getResolveStep/0#dispred#f0bb72ef_0#antijoin_rhs/1@f4d66cus with 3235 rows and digest 6ab742k3jmrurbjeothisiim52f.
[2026-10-08 00:42:08] (0s) Starting to evaluate predicate UnarySyntaxSugarType::Generated::UnarySyntaxSugarType.getImmediateBaseType/0#dispred#33daf80b/2@d60ba2q0
[2026-10-08 00:42:08] (0s)  >>> Created relation UnarySyntaxSugarType::Generated::UnarySyntaxSugarType.getImmediateBaseType/0#dispred#33daf80b/2@d60ba2q0 with 207 rows and digest 960373a7fqareunkeicmdrodm74.
[2026-10-08 00:42:08] (0s) Starting to evaluate predicate _Element::Generated::Element.getResolveStep/0#dispred#f0bb72ef_0#antijoin_rhs_UnarySyntaxSugarType::__#shared/2@e39664lv
[2026-10-08 00:42:08] (0s)  >>> Created relation _Element::Generated::Element.getResolveStep/0#dispred#f0bb72ef_0#antijoin_rhs_UnarySyntaxSugarType::__#shared/2@e39664lv with 207 rows and digest 960373a7fqareunkeicmdrodm74.
[2026-10-08 00:42:08] (0s) Starting to evaluate predicate DictionaryType::Generated::DictionaryType.getImmediateValueType/0#dispred#bba332e8/2@c88f6eca
[2026-10-08 00:42:08] (0s)  >>> Created relation DictionaryType::Generated::DictionaryType.getImmediateValueType/0#dispred#bba332e8/2@c88f6eca with 50 rows and digest fc0cf92j3bdlgnivcvvhj45l9t2.
[2026-10-08 00:42:08] (0s) Starting to evaluate predicate _DictionaryType::Generated::DictionaryType.getImmediateValueType/0#dispred#bba332e8_Element::Generat__#shared/2@322cabhm
[2026-10-08 00:42:08] (0s)  >>> Created relation _DictionaryType::Generated::DictionaryType.getImmediateValueType/0#dispred#bba332e8_Element::Generat__#shared/2@322cabhm with 50 rows and digest fc0cf92j3bdlgnivcvvhj45l9t2.
[2026-10-08 00:42:08] (0s) Starting to evaluate predicate _Element::Generated::Element.getResolveStep/0#dispred#f0bb72ef_0#antijoin_rhs_OptionalSomePattern::G__#shared/2@10b652qr
[2026-10-08 00:42:08] (0s)  >>> Created relation _Element::Generated::Element.getResolveStep/0#dispred#f0bb72ef_0#antijoin_rhs_OptionalSomePattern::G__#shared/2@10b652qr with 1 rows and digest 9d5815q8tbov9hkic5scanbkjb2.
[2026-10-08 00:42:08] (0s) Starting to evaluate predicate _Element::Generated::Element.getResolveStep/0#dispred#f0bb72ef_0#antijoin_rhs_TypedPattern::Generate__#shared/2@9107aaqu
[2026-10-08 00:42:08] (0s)  >>> Created relation _Element::Generated::Element.getResolveStep/0#dispred#f0bb72ef_0#antijoin_rhs_TypedPattern::Generate__#shared/2@9107aaqu with 7953 rows and digest 344b72v05bot06q8qfanog5jgj9.
[2026-10-08 00:42:08] (0s) Starting to evaluate predicate ConditionElement::Generated::ConditionElement.getImmediateInitializer/0#dispred#2198274a/2@6348fdgu
[2026-10-08 00:42:08] (0s)  >>> Created relation ConditionElement::Generated::ConditionElement.getImmediateInitializer/0#dispred#2198274a/2@6348fdgu with 1 rows and digest 58a5b7ritrsitdqfmu9583eo5dd.
[2026-10-08 00:42:08] (0s) Starting to evaluate predicate Synth::Synth::convertVarDeclToRaw/1#18475740_10#join_rhs/2@63fc31nf
[2026-10-08 00:42:08] (0s)  >>> Created relation Synth::Synth::convertVarDeclToRaw/1#18475740_10#join_rhs/2@63fc31nf with 121163 rows and digest b0847d4pk6ghcdh9b9ithfk9h9c.
[2026-10-08 00:42:08] (0s) Starting to evaluate predicate VarDecl::Generated::VarDecl.getImmediateType/0#dispred#494e1bde/2@da6537md
[2026-10-08 00:42:08] (0s)  >>> Created relation Expr::Generated::Expr.getImmediateType/0#dispred#c20a3289/2@c25d19et with 40365 rows and digest 36d10fi66amf307fvfq4g9vs3ac.
[2026-10-08 00:42:08] (0s) Starting to evaluate predicate _Element::Generated::Element.getResolveStep/0#dispred#f0bb72ef_0#antijoin_rhs_Expr::Generated::Expr.__#join_rhs/2@dac3f4ub
[2026-10-08 00:42:08] (0s)  >>> Created relation _Element::Generated::Element.getResolveStep/0#dispred#f0bb72ef_0#antijoin_rhs_Expr::Generated::Expr.__#join_rhs/2@dac3f4ub with 39402 rows and digest 3b3292j3be6h2l19ng42qga8ug4.
[2026-10-08 00:42:08] (0s)  >>> Created relation condition_element_patterns/2@c0bb1fpe with 1 rows and digest 0dd594t1ref6l1q6hq5vakk9e85.
[2026-10-08 00:42:08] (0s) Starting to evaluate predicate ConditionElement::Generated::ConditionElement.getImmediatePattern/0#dispred#b850ba5b/2@a178e46d
[2026-10-08 00:42:08] (0s)  >>> Created relation ConditionElement::Generated::ConditionElement.getImmediatePattern/0#dispred#b850ba5b/2@a178e46d with 1 rows and digest 4595abigmp7bohkmjstp5tlhh47.
[2026-10-08 00:42:08] (0s) Starting to evaluate predicate DictionaryType::Generated::DictionaryType.getImmediateKeyType/0#dispred#ad6d763e/2@7c0946dd
[2026-10-08 00:42:08] (0s)  >>> Created relation DictionaryType::Generated::DictionaryType.getImmediateKeyType/0#dispred#ad6d763e/2@7c0946dd with 50 rows and digest bdca90ekc9heur453sh3sgvlf2e.
[2026-10-08 00:42:08] (0s) Starting to evaluate predicate DictionaryType::Generated::DictionaryType.getImmediateValueType/0#dispred#bba332e8_10#join_rhs/2@5233ce4j
[2026-10-08 00:42:08] (0s)  >>> Created relation DictionaryType::Generated::DictionaryType.getImmediateValueType/0#dispred#bba332e8_10#join_rhs/2@5233ce4j with 50 rows and digest f63e4d8fa11d7t2sf2traet8931.
[2026-10-08 00:42:08] (0s) Starting to evaluate predicate DictionaryType::Generated::DictionaryType.getImmediateKeyType/0#dispred#ad6d763e_10#join_rhs/2@c1069f79
[2026-10-08 00:42:08] (0s)  >>> Created relation DictionaryType::Generated::DictionaryType.getImmediateKeyType/0#dispred#ad6d763e_10#join_rhs/2@c1069f79 with 50 rows and digest 888d64ja5gtenl0boplq8q4v6bc.
[2026-10-08 00:42:08] (0s) Starting to evaluate predicate const_swift_string/2@54f6a24i
[2026-10-08 00:42:08] (0s)  >>> Created relation const_swift_string/2@54f6a24i with 1 rows and digest b1b20bb2le02f9ak3uli9d8chbd.
[2026-10-08 00:42:08] (0s) Starting to evaluate predicate _DictionaryType::Generated::DictionaryType.getImmediateKeyType/0#dispred#ad6d763e__DictionaryType::G__#join_rhs#1/3@fbe697kd
[2026-10-08 00:42:08] (0s)  >>> Created relation _DictionaryType::Generated::DictionaryType.getImmediateKeyType/0#dispred#ad6d763e__DictionaryType::G__#join_rhs#1/3@fbe697kd with 50 rows and digest 8a25b82tl2f06afik2afkn0ps6d.
[2026-10-08 00:42:08] (0s) Starting to evaluate predicate _DictionaryType::Generated::DictionaryType.getImmediateKeyType/0#dispred#ad6d763e__DictionaryType::G__#join_rhs/3@e8cf0730
[2026-10-08 00:42:08] (0s)  >>> Created relation _DictionaryType::Generated::DictionaryType.getImmediateKeyType/0#dispred#ad6d763e__DictionaryType::G__#join_rhs/3@e8cf0730 with 50 rows and digest 1a3abdfgpae408cegeub473esc9.
[2026-10-08 00:42:08] (0s)  >>> Created relation subscript_expr_arguments/3@608bda8l with 1 rows and digest 608683m20pjkg50pt6ds02buida.
[2026-10-08 00:42:08] (0s) Starting to evaluate predicate SubscriptExpr::Generated::SubscriptExpr.getArgument/1#dispred#a33391de/3@507e1cbe
[2026-10-08 00:42:08] (0s)  >>> Created relation SubscriptExpr::Generated::SubscriptExpr.getArgument/1#dispred#a33391de/3@507e1cbe with 1 rows and digest b01327o13ko8jkbc3ngbaanl326.
[2026-10-08 00:42:08] (0s) Starting to evaluate predicate SubscriptExpr::Generated::SubscriptExpr.getArgument/1#dispred#a33391de_0#antijoin_rhs/1@9e9191np
[2026-10-08 00:42:08] (0s)  >>> Created relation SubscriptExpr::Generated::SubscriptExpr.getArgument/1#dispred#a33391de_0#antijoin_rhs/1@9e9191np with 1 rows and digest 3b2a4dq89j62kamrre3jko9khl8.
[2026-10-08 00:42:08] (0s) Starting to evaluate predicate Decl::Generated::Decl.getModule/0#dispred#6337565b/2@ba13d2v2
[2026-10-08 00:42:08] (0s)  >>> Created relation VarDecl::Generated::VarDecl.getImmediateType/0#dispred#494e1bde/2@da6537md with 121163 rows and digest 01f897jpjr8tphi5b97e78ipkf4.
[2026-10-08 00:42:08] (0s) Starting to evaluate predicate TypeDecl::Generated::TypeDecl.getName/0#dispred#9d4d687f/2@e450d7dn
[2026-10-08 00:42:08] (0s)  >>> Created relation TypeDecl::Generated::TypeDecl.getName/0#dispred#9d4d687f/2@e450d7dn with 15794 rows and digest e20730do7q9rn6m3tanrk9aj1h7.
[2026-10-08 00:42:08] (0s)  >>> Created relation any_generic_types/2@f8ff4897 with 13286 rows and digest f90d2cvuoetcj641v90ct7ak7u8.
[2026-10-08 00:42:08] (0s) Starting to evaluate predicate m#Raw::Raw::Decl#5bb7b5e2#b/1@314ab5fm
[2026-10-08 00:42:08] (0s)  >>> Created relation Decl::Generated::Decl.getModule/0#dispred#6337565b/2@ba13d2v2 with 209213 rows and digest 9650531sdujoo6qv2s2rdfle2ie.
[2026-10-08 00:42:08] (0s) Starting to evaluate predicate Decl::Generated::Decl.getModule/0#dispred#6337565b_10#join_rhs/2@d3cd31gm
[2026-10-08 00:42:08] (0s)  >>> Created relation m#Raw::Raw::Decl#5bb7b5e2#b/1@314ab5fm with 60341 rows and digest 7908126dcuei5af709fbk6e0pd1.
[2026-10-08 00:42:08] (0s) Starting to evaluate predicate m#@generic_type_decl#b/1@5c6efamj
[2026-10-08 00:42:08] (0s)  >>> Created relation Decl::Generated::Decl.getModule/0#dispred#6337565b_10#join_rhs/2@d3cd31gm with 209213 rows and digest 8743ccheek6365s4rpro01575t6.
[2026-10-08 00:42:08] (0s)  >>> Created relation enum_element_decls/2@ff8888v9 with 2314 rows and digest 2049e497hkomrkpfnvqved4pa38.
[2026-10-08 00:42:08] (0s)  >>> Created relation m#@generic_type_decl#b/1@5c6efamj with 63404 rows and digest 83f2e6lpp2rco5jsjvvo0o91ibc.
[2026-10-08 00:42:08] (0s)  >>> Created relation named_functions/1@d5b724c9 with 18019 rows and digest 209effqjedp9oqrqbpqg531hgpb.
[2026-10-08 00:42:08] (0s)  >>> Created relation opaque_type_decls/2@de6b2cp6 with 12 rows and digest c1296cs2rmnjacfdoof851r7h97.
[2026-10-08 00:42:08] (0s)  >>> Created relation protocol_decls/1@662e1212 with 268 rows and digest 5d2d40age11ehbg6gggv3ps8hj2.
[2026-10-08 00:42:08] (0s)  >>> Created relation struct_decls/1@48ef58bc with 2833 rows and digest 965fe5ilufi4uh97a6sg4j1t054.
[2026-10-08 00:42:08] (0s)  >>> Created relation class_decls/1@51f8a80t with 530 rows and digest 2b2be05359378k6ut3p0tdmvi33.
[2026-10-08 00:42:08] (0s)  >>> Created relation enum_decls/1@4b8a2bfd with 417 rows and digest d81bcftvckb9ee9tjtk2gqrvetb.
[2026-10-08 00:42:08] (0s)  >>> Created relation deinitializers/1@076ff3rb with 121 rows and digest 402d44oam5kojaf1e2hoocbq4r9.
[2026-10-08 00:42:08] (0s) Starting to evaluate predicate @nominal_type_decl#b/1@2bf7ccil
[2026-10-08 00:42:08] (0s)  >>> Created relation initializers/1@5652adjm with 8622 rows and digest eeafadqglm97re7dtlev8f1uc62.
[2026-10-08 00:42:08] (0s)  >>> Created relation @nominal_type_decl#b/1@2bf7ccil with 4048 rows and digest 5a59ffh60av0cnl7sr5s0n8in8a.
[2026-10-08 00:42:08] (0s) Starting to evaluate predicate @generic_type_decl#b/1@f7ec47o6
[2026-10-08 00:42:08] (0s)  >>> Created relation accessors/1@fe28a6f4 with 30493 rows and digest 7d9e83nnfi2ksle9je2s9iojdn8.
[2026-10-08 00:42:08] (0s)  >>> Created relation subscript_decls/2@9e8df814 with 408 rows and digest 6f073cn0versjdleord2ogqq915.
[2026-10-08 00:42:08] (0s)  >>> Created relation @generic_type_decl#b/1@f7ec47o6 with 6601 rows and digest d68118c95h5jmhemj0o899t44n7.
[2026-10-08 00:42:08] (0s)  >>> Created relation concrete_var_decls/2@a69a69po with 35551 rows and digest 8514b1qcnb0pf3rmt13d68thh8d.
[2026-10-08 00:42:08] (0s)  >>> Created relation extension_decls/2@1342cehc with 4471 rows and digest bafd329ijeaqkioqrklv81e0t19.
[2026-10-08 00:42:08] (0s) Starting to evaluate predicate m#Synth::Synth::convertNominalTypeDeclFromRaw/1#053ecc94#bf/1@00cb82ah
[2026-10-08 00:42:08] (0s)  >>> Created relation param_decls/1@b3d4dang with 85612 rows and digest f0095b7ri02n6i0hddkh36tg688.
[2026-10-08 00:42:08] (0s) Starting to evaluate predicate Raw::Raw::Decl#5bb7b5e2#b/1@a019c8j5
[2026-10-08 00:42:08] (0s)  >>> Created relation m#Synth::Synth::convertNominalTypeDeclFromRaw/1#053ecc94#bf/1@00cb82ah with 4054 rows and digest 0c93e32t5t8aob3jqduur33fuc6.
[2026-10-08 00:42:08] (0s) Starting to evaluate predicate Synth::Synth::convertNominalTypeDeclFromRaw/1#053ecc94#bf/2@2640159g
[2026-10-08 00:42:08] (0s)  >>> Created relation Synth::Synth::convertNominalTypeDeclFromRaw/1#053ecc94#bf/2@2640159g with 4048 rows and digest f8626dqoin0kv91e84gcf93dhtf.
[2026-10-08 00:42:08] (0s) Starting to evaluate predicate Synth::Synth::convertGenericTypeDeclFromRaw/1#53f2731d#bf/2@3df14dti
[2026-10-08 00:42:08] (0s)  >>> Created relation Raw::Raw::Decl#5bb7b5e2#b/1@a019c8j5 with 49357 rows and digest a0f382s9811upor2edh3opb34ff.
[2026-10-08 00:42:08] (0s) Starting to evaluate predicate Synth::Synth::convertDeclFromRaw/1#11ddb6a3#bf/2@f61ef5mb
[2026-10-08 00:42:08] (0s)  >>> Created relation Synth::Synth::convertGenericTypeDeclFromRaw/1#53f2731d#bf/2@3df14dti with 4054 rows and digest 2e9e34i1su3vf62m6qnjhsvdjfa.
[2026-10-08 00:42:08] (0s) Starting to evaluate predicate Synth::Synth::convertAnyGenericTypeToRaw/1#7f7b1da2#fb/2@335d6ast
[2026-10-08 00:42:08] (0s)  >>> Created relation Synth::Synth::convertAnyGenericTypeToRaw/1#7f7b1da2#fb/2@335d6ast with 12931 rows and digest 49241e8earuspv8t2f8iqicgg13.
[2026-10-08 00:42:08] (0s) Starting to evaluate predicate Synth::Synth::convertAnyGenericTypeToRaw/1#7f7b1da2#fb_10#join_rhs/2@0f1472ps
[2026-10-08 00:42:08] (0s)  >>> Created relation Synth::Synth::convertAnyGenericTypeToRaw/1#7f7b1da2#fb_10#join_rhs/2@0f1472ps with 12931 rows and digest 3ca65du0bktvig5pa55knuariu9.
[2026-10-08 00:42:08] (0s) Starting to evaluate predicate AnyGenericType::Generated::AnyGenericType.getDeclaration/0#dispred#4c42e1b4/2@f12092sv
[2026-10-08 00:42:08] (0s)  >>> Created relation Synth::Synth::convertDeclFromRaw/1#11ddb6a3#bf/2@f61ef5mb with 49357 rows and digest cd88078c0tf81tvcjm40fsgsvqa.
[2026-10-08 00:42:08] (0s) Starting to evaluate predicate Decl::Generated::Decl.getAMember/0#dispred#8544abdc/2@9cf320ig
[2026-10-08 00:42:08] (0s)  >>> Created relation AnyGenericType::Generated::AnyGenericType.getDeclaration/0#dispred#4c42e1b4/2@f12092sv with 12931 rows and digest f85cd6t8noqajot5svam89g7459.
[2026-10-08 00:42:08] (0s) Starting to evaluate predicate AnyGenericType::Generated::AnyGenericType.getDeclaration/0#dispred#4c42e1b4_10#join_rhs/2@1705fat9
[2026-10-08 00:42:08] (0s)  >>> Created relation AnyGenericType::Generated::AnyGenericType.getDeclaration/0#dispred#4c42e1b4_10#join_rhs/2@1705fat9 with 12931 rows and digest a7e3b657g32s4v17bml6utosv3f.
[2026-10-08 00:42:08] (0s) Starting to evaluate predicate _AnyGenericType::Generated::AnyGenericType.getDeclaration/0#dispred#4c42e1b4_10#join_rhs_TypeDecl::G__#join_rhs/2@8422f0md
[2026-10-08 00:42:08] (0s)  >>> Created relation _AnyGenericType::Generated::AnyGenericType.getDeclaration/0#dispred#4c42e1b4_10#join_rhs_TypeDecl::G__#join_rhs/2@8422f0md with 12931 rows and digest 98d194aehjqi57f6h7pks4qdfoc.
[2026-10-08 00:42:08] (0s) Starting to evaluate predicate _AnyGenericType::Generated::AnyGenericType.getDeclaration/0#dispred#4c42e1b4_10#join_rhs_Decl::Gener__#join_rhs/2@de5236ue
[2026-10-08 00:42:08] (0s)  >>> Created relation _AnyGenericType::Generated::AnyGenericType.getDeclaration/0#dispred#4c42e1b4_10#join_rhs_Decl::Gener__#join_rhs/2@de5236ue with 12931 rows and digest b25bb06dbeesqsuj1j2vhoj52qd.
[2026-10-08 00:42:08] (0s) Starting to evaluate predicate FoundationIdentity::namedType/3#849af97b#bff/3@i1#bffe34wj (iteration 1)
[2026-10-08 00:42:08] (0s)  >>> Created relation Decl::Generated::Decl.getAMember/0#dispred#8544abdc/2@9cf320ig with 42526 rows and digest 014707lflcut169h0girj2rh1ve.
[2026-10-08 00:42:08] (0s) Starting to evaluate predicate Decl::Generated::Decl.getAMember/0#dispred#8544abdc_10#join_rhs/2@3c256crt
[2026-10-08 00:42:08] (0s) Empty delta for FoundationIdentity::namedType/3#849af97b#bff_delta (order for disjuncts: delta=0).
[2026-10-08 00:42:08] (0s) Starting to evaluate predicate m#LookupExpr::Generated::LookupExpr.getBase/0#dispred#20e15c6d#bf/1@i1#bffe33wj (iteration 1)
[2026-10-08 00:42:08] (0s) 			 - m#LookupExpr::Generated::LookupExpr.getBase/0#dispred#20e15c6d#bf_delta has 1390 rows (order for disjuncts: delta=0).
[2026-10-08 00:42:08] (0s) Starting to evaluate predicate FoundationSources::stringDictionary/1#0a6b6388/1@i1#bffe32wj (iteration 1)
[2026-10-08 00:42:08] (0s) Empty delta for FoundationSources::stringDictionary/1#0a6b6388_delta (order for disjuncts: delta=0).
[2026-10-08 00:42:08] (0s) Starting to evaluate predicate m#Element::Generated::Element.resolve/0#6937ae00#bf/1@i1#bffe31wj (iteration 1)
[2026-10-08 00:42:08] (0s)  >>> Created relation Decl::Generated::Decl.getAMember/0#dispred#8544abdc_10#join_rhs/2@3c256crt with 42526 rows and digest ba53bcstu9vntkedjv4fsi2vqr1.
[2026-10-08 00:42:08] (0s)  >>> Created relation abstract_storage_decl_accessors/3@1849a9pt with 30493 rows and digest 5b16e5a97mk1b70r2829c8uls67.
[2026-10-08 00:42:08] (0s) Starting to evaluate predicate AbstractStorageDecl::Generated::AbstractStorageDecl.getAnAccessor/0#dispred#ffb51f14/2@0819bfrf
[2026-10-08 00:42:08] (0s)  >>> Created relation AbstractStorageDecl::Generated::AbstractStorageDecl.getAnAccessor/0#dispred#ffb51f14/2@0819bfrf with 30493 rows and digest eadaa60l7aa4gq2d5ls88hta7l2.
[2026-10-08 00:42:08] (0s) Starting to evaluate predicate MethodImpl::Impl::getAMember/1#292c4cf3/2@463f1c0h
[2026-10-08 00:42:08] (0s) 			 - m#Element::Generated::Element.resolve/0#6937ae00#bf_delta has 49490 rows (order for disjuncts: delta=0).
[2026-10-08 00:42:08] (0s) Starting to evaluate predicate ApplyExprImpl::Impl::MethodApplyExpr#af2ec0bc/2@i1#bffe30wj (iteration 1)
[2026-10-08 00:42:08] (0s) Empty delta for ApplyExprImpl::Impl::MethodApplyExpr#af2ec0bc_delta (order for disjuncts: delta=0).
[2026-10-08 00:42:08] (0s) Starting to evaluate predicate ApplyExpr::Generated::ApplyExpr.getFunction/0#dispred#12f7b5a0/2@i1#bffe3z8j (iteration 1)
[2026-10-08 00:42:08] (0s) Empty delta for ApplyExpr::Generated::ApplyExpr.getFunction/0#dispred#12f7b5a0_delta (order for disjuncts: delta=0).
[2026-10-08 00:42:08] (0s) Starting to evaluate predicate Expr::Generated::Expr.getType/0#dispred#9d59fd56#reorder_1_0/2@i1#bffe3y8j (iteration 1)
[2026-10-08 00:42:08] (0s) 			 - Expr::Generated::Expr.getType/0#dispred#9d59fd56#reorder_1_0_delta has 963 rows (order for disjuncts: delta=0).
[2026-10-08 00:42:08] (0s) Starting to evaluate predicate Element::Generated::Element.resolve/0#6937ae00#bf/2@i1#bffe3x8j (iteration 1)
[2026-10-08 00:42:08] (0s) Empty delta for Element::Generated::Element.resolve/0#6937ae00#bf_delta (order for disjuncts: delta=0).
[2026-10-08 00:42:08] (0s) Starting to evaluate predicate Element::Generated::Element.resolve/0#6937ae00#bf#reorder_1_0/2@i1#bffe35wj (iteration 1)
[2026-10-08 00:42:08] (0s)  >>> Created relation MethodImpl::Impl::getAMember/1#292c4cf3/2@463f1c0h with 56767 rows and digest 8c045fog2ret7g9h5hlni2u26d6.
[2026-10-08 00:42:08] (0s) Starting to evaluate predicate GenericContextImpl::Impl::GenericContext#655f4e6a#b/1@c2d4da1c
[2026-10-08 00:42:08] (0s)  >>> Created relation GenericContextImpl::Impl::GenericContext#655f4e6a#b/1@c2d4da1c with 57663 rows and digest e3fe56pfrsbia6omma8fv4ticf8.
[2026-10-08 00:42:08] (0s) Empty delta for Element::Generated::Element.resolve/0#6937ae00#bf#reorder_1_0_delta (order for disjuncts: delta=0).
[2026-10-08 00:42:08] (0s) Starting to evaluate predicate MethodImpl::Impl::Method#1b720671/1@e5d944ov
[2026-10-08 00:42:08] (0s) Starting to evaluate predicate Type::Type.getUnderlyingType/0#dispred#f83db3fa#bf/2@i1#bffe3w8j (iteration 1)
[2026-10-08 00:42:08] (0s) 			 - Type::Type.getUnderlyingType/0#dispred#f83db3fa#bf_delta has 134320 rows (order for disjuncts: delta=0).
[2026-10-08 00:42:08] (0s) Starting to evaluate predicate FoundationIdentity::namedType/3#849af97b#bff/3@i2#bffe34wj (iteration 2)
[2026-10-08 00:42:08] (0s)  >>> Created relation MethodImpl::Impl::Method#1b720671/1@e5d944ov with 35653 rows and digest 5d750cvri5924enqb48v8leaf4b.
[2026-10-08 00:42:08] (0s) Starting to evaluate predicate ExtensionDecl::Generated::ExtensionDecl.getExtendedTypeDecl/0#dispred#9b7f025d#bf/2@8d6ab4qi
[2026-10-08 00:42:08] (0s)  >>> Created relation ExtensionDecl::Generated::ExtensionDecl.getExtendedTypeDecl/0#dispred#9b7f025d#bf/2@8d6ab4qi with 3510 rows and digest 41dff7pu75qtq3247qqi77ps3g9.
[2026-10-08 00:42:08] (0s) Starting to evaluate predicate Decl::Decl.asNominalTypeDecl/0#dispred#6841cd82#bf/2@4719cecc
[2026-10-08 00:42:08] (0s)  >>> Created relation Decl::Decl.asNominalTypeDecl/0#dispred#6841cd82#bf/2@4719cecc with 7298 rows and digest 5094ac4uhfdj463k22sg9gsi5gf.
[2026-10-08 00:42:08] (0s) Starting to evaluate predicate PersistenceCoverage::persistenceOwner/1#c4f56934/1@3c77c374
[2026-10-08 00:42:08] (0s) 			 - FoundationIdentity::namedType/3#849af97b#bff_delta has 12931 rows (order for disjuncts: delta=<standard>).
[2026-10-08 00:42:08] (0s) Starting to evaluate predicate m#LookupExpr::Generated::LookupExpr.getBase/0#dispred#20e15c6d#bf/1@i2#bffe33wj (iteration 2)
[2026-10-08 00:42:08] (0s) Empty delta for m#LookupExpr::Generated::LookupExpr.getBase/0#dispred#20e15c6d#bf_delta (order for disjuncts: delta=<standard>).
[2026-10-08 00:42:08] (0s) Starting to evaluate predicate m#Element::Generated::Element.resolve/0#6937ae00#bf/1@i2#bffe31wj (iteration 2)
[2026-10-08 00:42:08] (0s) 			 - m#Element::Generated::Element.resolve/0#6937ae00#bf_delta has 2155 rows (order for disjuncts: delta=<standard>).
[2026-10-08 00:42:08] (0s) Starting to evaluate predicate Element::Generated::Element.resolve/0#6937ae00#bf/2@i2#bffe3x8j (iteration 2)
[2026-10-08 00:42:08] (0s) 			 - Element::Generated::Element.resolve/0#6937ae00#bf_delta has 46502 rows (order for disjuncts: delta=<standard>).
[2026-10-08 00:42:08] (0s) Starting to evaluate predicate Element::Generated::Element.resolve/0#6937ae00#bf#reorder_1_0/2@i2#bffe35wj (iteration 2)
[2026-10-08 00:42:08] (0s) 			 - Element::Generated::Element.resolve/0#6937ae00#bf#reorder_1_0_delta has 46502 rows (order for disjuncts: delta=<standard>).
[2026-10-08 00:42:08] (0s) Starting to evaluate predicate Type::Type.getUnderlyingType/0#dispred#f83db3fa#bf/2@i2#bffe3w8j (iteration 2)
[2026-10-08 00:42:08] (0s) Empty delta for Type::Type.getUnderlyingType/0#dispred#f83db3fa#bf_delta (order for disjuncts: delta=<standard>).
[2026-10-08 00:42:08] (0s) Starting to evaluate predicate FoundationSources::stringDictionary/1#0a6b6388/1@i3#bffe32wj (iteration 3)
[2026-10-08 00:42:08] (0s) 			 - FoundationSources::stringDictionary/1#0a6b6388_delta has 1 rows (order for disjuncts: delta=<standard>).
[2026-10-08 00:42:08] (0s) Starting to evaluate predicate m#Element::Generated::Element.resolve/0#6937ae00#bf/1@i3#bffe31wj (iteration 3)
[2026-10-08 00:42:08] (0s) 			 - m#Element::Generated::Element.resolve/0#6937ae00#bf_delta has 3 rows (order for disjuncts: delta=<standard>).
[2026-10-08 00:42:08] (0s) Starting to evaluate predicate ApplyExpr::Generated::ApplyExpr.getFunction/0#dispred#12f7b5a0/2@i3#bffe3z8j (iteration 3)
[2026-10-08 00:42:08] (0s) 			 - ApplyExpr::Generated::ApplyExpr.getFunction/0#dispred#12f7b5a0_delta has 5166 rows (order for disjuncts: delta=<standard>).
[2026-10-08 00:42:08] (0s) Starting to evaluate predicate Expr::Generated::Expr.getType/0#dispred#9d59fd56#reorder_1_0/2@i3#bffe3y8j (iteration 3)
[2026-10-08 00:42:08] (0s) 			 - Expr::Generated::Expr.getType/0#dispred#9d59fd56#reorder_1_0_delta has 34220 rows (order for disjuncts: delta=<standard>).
[2026-10-08 00:42:08] (0s) Starting to evaluate predicate Element::Generated::Element.resolve/0#6937ae00#bf/2@i3#bffe3x8j (iteration 3)
[2026-10-08 00:42:08] (0s) 			 - Element::Generated::Element.resolve/0#6937ae00#bf_delta has 4375 rows (order for disjuncts: delta=<standard>).
[2026-10-08 00:42:08] (0s) Starting to evaluate predicate Element::Generated::Element.resolve/0#6937ae00#bf#reorder_1_0/2@i3#bffe35wj (iteration 3)
[2026-10-08 00:42:08] (0s) 			 - Element::Generated::Element.resolve/0#6937ae00#bf#reorder_1_0_delta has 4375 rows (order for disjuncts: delta=<standard>).
[2026-10-08 00:42:08] (0s) Starting to evaluate predicate Type::Type.getUnderlyingType/0#dispred#f83db3fa#bf/2@i3#bffe3w8j (iteration 3)
[2026-10-08 00:42:08] (0s)  >>> Created relation PersistenceCoverage::persistenceOwner/1#c4f56934/1@3c77c374 with 34 rows and digest 943a32qpeu6m3q978k5ii7etj8b.
[2026-10-08 00:42:08] (0s) 			 - Type::Type.getUnderlyingType/0#dispred#f83db3fa#bf_delta has 3979 rows (order for disjuncts: delta=<standard>).
[2026-10-08 00:42:08] (0s) Starting to evaluate predicate Callable::Generated::Callable.getName/0#dispred#1a768ff1/2@e65827u3
[2026-10-08 00:42:08] (0s) Starting to evaluate predicate FoundationIdentity::namedType/3#849af97b#bff/3@i4#bffe34wj (iteration 4)
[2026-10-08 00:42:08] (0s) 			 - FoundationIdentity::namedType/3#849af97b#bff_delta has 2992 rows (order for disjuncts: delta=<standard>).
[2026-10-08 00:42:08] (0s) Starting to evaluate predicate m#LookupExpr::Generated::LookupExpr.getBase/0#dispred#20e15c6d#bf/1@i4#bffe33wj (iteration 4)
[2026-10-08 00:42:08] (0s) Empty delta for m#LookupExpr::Generated::LookupExpr.getBase/0#dispred#20e15c6d#bf_delta (order for disjuncts: delta=<standard>).
[2026-10-08 00:42:08] (0s) Starting to evaluate predicate FoundationSources::stringDictionary/1#0a6b6388/1@i4#bffe32wj (iteration 4)
[2026-10-08 00:42:08] (0s) Empty delta for FoundationSources::stringDictionary/1#0a6b6388_delta (order for disjuncts: delta=<standard>).
[2026-10-08 00:42:08] (0s)  >>> Created relation Callable::Generated::Callable.getName/0#dispred#1a768ff1/2@e65827u3 with 57255 rows and digest 1c14ackritv80rd9gmrhdl6covf.
[2026-10-08 00:42:08] (0s) Starting to evaluate predicate m#Element::Generated::Element.resolve/0#6937ae00#bf/1@i4#bffe31wj (iteration 4)
[2026-10-08 00:42:08] (0s) Empty delta for m#Element::Generated::Element.resolve/0#6937ae00#bf_delta (order for disjuncts: delta=<standard>).
[2026-10-08 00:42:08] (0s) Starting to evaluate predicate ApplyExprImpl::Impl::MethodApplyExpr#af2ec0bc/2@i4#bffe30wj (iteration 4)
[2026-10-08 00:42:08] (0s) 			 - ApplyExprImpl::Impl::MethodApplyExpr#af2ec0bc_delta has 948 rows (order for disjuncts: delta=<standard>).
[2026-10-08 00:42:08] (0s) Starting to evaluate predicate m#CfgNodes::ApplyExprCfgNode.getStaticTarget/0#dispred#9f17c645#fb/1@8ca11a9k
[2026-10-08 00:42:08] (0s) Starting to evaluate predicate ApplyExpr::Generated::ApplyExpr.getFunction/0#dispred#12f7b5a0/2@i4#bffe3z8j (iteration 4)
[2026-10-08 00:42:08] (0s) Empty delta for ApplyExpr::Generated::ApplyExpr.getFunction/0#dispred#12f7b5a0_delta (order for disjuncts: delta=<standard>).
[2026-10-08 00:42:08] (0s) Starting to evaluate predicate Expr::Generated::Expr.getType/0#dispred#9d59fd56#reorder_1_0/2@i4#bffe3y8j (iteration 4)
[2026-10-08 00:42:08] (0s)  >>> Created relation m#CfgNodes::ApplyExprCfgNode.getStaticTarget/0#dispred#9f17c645#fb/1@8ca11a9k with 57255 rows and digest f276845u2fpsn7k22ons67g7kv4.
[2026-10-08 00:42:08] (0s) Starting to evaluate predicate Method::Method.hasQualifiedName/2#dispred#77508db1_102#join_rhs/3@1548242d
[2026-10-08 00:42:08] (0s) 			 - Expr::Generated::Expr.getType/0#dispred#9d59fd56#reorder_1_0_delta has 5182 rows (order for disjuncts: delta=<standard>).
[2026-10-08 00:42:08] (0s) Starting to evaluate predicate Element::Generated::Element.resolve/0#6937ae00#bf/2@i4#bffe3x8j (iteration 4)
[2026-10-08 00:42:08] (0s) 			 - Element::Generated::Element.resolve/0#6937ae00#bf_delta has 765 rows (order for disjuncts: delta=<standard>).
[2026-10-08 00:42:08] (0s)  >>> Created relation Method::Method.hasQualifiedName/2#dispred#77508db1_102#join_rhs/3@1548242d with 21412 rows and digest 6786d9uaaj6ukemu2esqaqnncke.
[2026-10-08 00:42:08] (0s) Starting to evaluate predicate Element::Generated::Element.resolve/0#6937ae00#bf#reorder_1_0/2@i4#bffe35wj (iteration 4)
[2026-10-08 00:42:08] (0s) 			 - Element::Generated::Element.resolve/0#6937ae00#bf#reorder_1_0_delta has 765 rows (order for disjuncts: delta=<standard>).
[2026-10-08 00:42:08] (0s) Starting to evaluate predicate Method::Method.hasQualifiedName/3#dispred#ae9e038b#fbbf#cpe#14/2@62f27aci
[2026-10-08 00:42:08] (0s) Starting to evaluate predicate Type::Type.getUnderlyingType/0#dispred#f83db3fa#bf/2@i4#bffe3w8j (iteration 4)
[2026-10-08 00:42:08] (0s)  >>> Created relation Method::Method.hasQualifiedName/3#dispred#ae9e038b#fbbf#cpe#14/2@62f27aci with 34 rows and digest b29c486796o2mqr4ac1dvs6rlrc.
[2026-10-08 00:42:08] (0s) Starting to evaluate predicate InitializerImpl::Impl::Initializer#5f0f0482/1@95f273q9
[2026-10-08 00:42:08] (0s) 			 - Type::Type.getUnderlyingType/0#dispred#f83db3fa#bf_delta has 360 rows (order for disjuncts: delta=<standard>).
[2026-10-08 00:42:08] (0s)  >>> Created relation InitializerImpl::Impl::Initializer#5f0f0482/1@95f273q9 with 8622 rows and digest a4ce071v49mdgfg64rvthgfo2l4.
[2026-10-08 00:42:08] (0s) Starting to evaluate predicate m#ApplyExpr::ApplyExpr.getStaticTarget/0#dispred#43fd147e#fb/1@9734dffs
[2026-10-08 00:42:08] (0s) Starting to evaluate predicate FoundationIdentity::namedType/3#849af97b#bff/3@i5#bffe34wj (iteration 5)
[2026-10-08 00:42:08] (0s) 			 - FoundationIdentity::namedType/3#849af97b#bff_delta has 289 rows (order for disjuncts: delta=<standard>).
[2026-10-08 00:42:08] (0s)  >>> Created relation m#ApplyExpr::ApplyExpr.getStaticTarget/0#dispred#43fd147e#fb/1@9734dffs with 57255 rows and digest f276845u2fpsn7k22ons67g7kv4.
[2026-10-08 00:42:08] (0s) Starting to evaluate predicate DeclRefExpr::Generated::DeclRefExpr.getDecl/0#dispred#5e94cea4/2@fba61cgd
[2026-10-08 00:42:08] (0s) Starting to evaluate predicate m#LookupExpr::Generated::LookupExpr.getBase/0#dispred#20e15c6d#bf/1@i5#bffe33wj (iteration 5)
[2026-10-08 00:42:08] (0s) 			 - m#LookupExpr::Generated::LookupExpr.getBase/0#dispred#20e15c6d#bf_delta has 948 rows (order for disjuncts: delta=<standard>).
[2026-10-08 00:42:08] (0s) Starting to evaluate predicate FoundationSources::stringDictionary/1#0a6b6388/1@i5#bffe32wj (iteration 5)
[2026-10-08 00:42:08] (0s) Empty delta for FoundationSources::stringDictionary/1#0a6b6388_delta (order for disjuncts: delta=<standard>).
[2026-10-08 00:42:08] (0s) Starting to evaluate predicate ApplyExpr::Generated::ApplyExpr.getFunction/0#dispred#12f7b5a0/2@i5#bffe3z8j (iteration 5)
[2026-10-08 00:42:08] (0s) 			 - ApplyExpr::Generated::ApplyExpr.getFunction/0#dispred#12f7b5a0_delta has 1 rows (order for disjuncts: delta=<standard>).
[2026-10-08 00:42:08] (0s)  >>> Created relation DeclRefExpr::Generated::DeclRefExpr.getDecl/0#dispred#5e94cea4/2@fba61cgd with 12231 rows and digest 8e7e1bihkiiqcsp9qhajmre9an2.
[2026-10-08 00:42:08] (0s) Starting to evaluate predicate Expr::Generated::Expr.getType/0#dispred#9d59fd56#reorder_1_0/2@i5#bffe3y8j (iteration 5)
[2026-10-08 00:42:08] (0s) Starting to evaluate predicate ControlFlowGraphImplSpecific::CfgImpl::Cached::TAstNode#e7ae24eb_13#join_rhs/2@d90744dj
[2026-10-08 00:42:08] (0s) Empty delta for Expr::Generated::Expr.getType/0#dispred#9d59fd56#reorder_1_0_delta (order for disjuncts: delta=<standard>).
[2026-10-08 00:42:08] (0s) Starting to evaluate predicate Element::Generated::Element.resolve/0#6937ae00#bf/2@i5#bffe3x8j (iteration 5)
[2026-10-08 00:42:08] (0s) 			 - Element::Generated::Element.resolve/0#6937ae00#bf_delta has 3 rows (order for disjuncts: delta=<standard>).
[2026-10-08 00:42:08] (0s) Starting to evaluate predicate Element::Generated::Element.resolve/0#6937ae00#bf#reorder_1_0/2@i5#bffe35wj (iteration 5)
[2026-10-08 00:42:08] (0s) 			 - Element::Generated::Element.resolve/0#6937ae00#bf#reorder_1_0_delta has 3 rows (order for disjuncts: delta=<standard>).
[2026-10-08 00:42:08] (0s) Starting to evaluate predicate Type::Type.getUnderlyingType/0#dispred#f83db3fa#bf/2@i5#bffe3w8j (iteration 5)
[2026-10-08 00:42:08] (0s) 			 - Type::Type.getUnderlyingType/0#dispred#f83db3fa#bf_delta has 65 rows (order for disjuncts: delta=<standard>).
[2026-10-08 00:42:08] (0s) Starting to evaluate predicate FoundationIdentity::namedType/3#849af97b#bff/3@i6#bffe34wj (iteration 6)
[2026-10-08 00:42:08] (0s) 			 - FoundationIdentity::namedType/3#849af97b#bff_delta has 56 rows (order for disjuncts: delta=<standard>).
[2026-10-08 00:42:08] (0s) Starting to evaluate predicate FoundationSources::stringDictionary/1#0a6b6388/1@i6#bffe32wj (iteration 6)
[2026-10-08 00:42:08] (0s) Empty delta for FoundationSources::stringDictionary/1#0a6b6388_delta (order for disjuncts: delta=<standard>).
[2026-10-08 00:42:08] (0s) Starting to evaluate predicate m#Element::Generated::Element.resolve/0#6937ae00#bf/1@i6#bffe31wj (iteration 6)
[2026-10-08 00:42:08] (0s) 			 - m#Element::Generated::Element.resolve/0#6937ae00#bf_delta has 948 rows (order for disjuncts: delta=<standard>).
[2026-10-08 00:42:08] (0s) Starting to evaluate predicate ApplyExprImpl::Impl::MethodApplyExpr#af2ec0bc/2@i6#bffe30wj (iteration 6)
[2026-10-08 00:42:08] (0s) Empty delta for ApplyExprImpl::Impl::MethodApplyExpr#af2ec0bc_delta (order for disjuncts: delta=<standard>).
[2026-10-08 00:42:08] (0s) Starting to evaluate predicate ApplyExpr::Generated::ApplyExpr.getFunction/0#dispred#12f7b5a0/2@i6#bffe3z8j (iteration 6)
[2026-10-08 00:42:08] (0s) Empty delta for ApplyExpr::Generated::ApplyExpr.getFunction/0#dispred#12f7b5a0_delta (order for disjuncts: delta=<standard>).
[2026-10-08 00:42:08] (0s) Starting to evaluate predicate Expr::Generated::Expr.getType/0#dispred#9d59fd56#reorder_1_0/2@i6#bffe3y8j (iteration 6)
[2026-10-08 00:42:08] (0s) Empty delta for Expr::Generated::Expr.getType/0#dispred#9d59fd56#reorder_1_0_delta (order for disjuncts: delta=<standard>).
[2026-10-08 00:42:08] (0s) Starting to evaluate predicate Element::Generated::Element.resolve/0#6937ae00#bf/2@i6#bffe3x8j (iteration 6)
[2026-10-08 00:42:08] (0s) 			 - Element::Generated::Element.resolve/0#6937ae00#bf_delta has 3 rows (order for disjuncts: delta=<standard>).
[2026-10-08 00:42:08] (0s) Starting to evaluate predicate Element::Generated::Element.resolve/0#6937ae00#bf#reorder_1_0/2@i6#bffe35wj (iteration 6)
[2026-10-08 00:42:08] (0s) 			 - Element::Generated::Element.resolve/0#6937ae00#bf#reorder_1_0_delta has 3 rows (order for disjuncts: delta=<standard>).
[2026-10-08 00:42:08] (0s) Starting to evaluate predicate Type::Type.getUnderlyingType/0#dispred#f83db3fa#bf/2@i6#bffe3w8j (iteration 6)
[2026-10-08 00:42:08] (0s) 			 - Type::Type.getUnderlyingType/0#dispred#f83db3fa#bf_delta has 17 rows (order for disjuncts: delta=<standard>).
[2026-10-08 00:42:08] (0s) Starting to evaluate predicate FoundationIdentity::namedType/3#849af97b#bff/3@i7#bffe34wj (iteration 7)
[2026-10-08 00:42:08] (0s) 			 - FoundationIdentity::namedType/3#849af97b#bff_delta has 17 rows (order for disjuncts: delta=<standard>).
[2026-10-08 00:42:08] (0s) Starting to evaluate predicate FoundationSources::stringDictionary/1#0a6b6388/1@i7#bffe32wj (iteration 7)
[2026-10-08 00:42:08] (0s) Empty delta for FoundationSources::stringDictionary/1#0a6b6388_delta (order for disjuncts: delta=<standard>).
[2026-10-08 00:42:08] (0s) Starting to evaluate predicate m#Element::Generated::Element.resolve/0#6937ae00#bf/1@i7#bffe31wj (iteration 7)
[2026-10-08 00:42:08] (0s) Empty delta for m#Element::Generated::Element.resolve/0#6937ae00#bf_delta (order for disjuncts: delta=<standard>).
[2026-10-08 00:42:08] (0s) Starting to evaluate predicate ApplyExpr::Generated::ApplyExpr.getFunction/0#dispred#12f7b5a0/2@i7#bffe3z8j (iteration 7)
[2026-10-08 00:42:08] (0s) Empty delta for ApplyExpr::Generated::ApplyExpr.getFunction/0#dispred#12f7b5a0_delta (order for disjuncts: delta=<standard>).
[2026-10-08 00:42:08] (0s) Starting to evaluate predicate Expr::Generated::Expr.getType/0#dispred#9d59fd56#reorder_1_0/2@i7#bffe3y8j (iteration 7)
[2026-10-08 00:42:08] (0s) Empty delta for Expr::Generated::Expr.getType/0#dispred#9d59fd56#reorder_1_0_delta (order for disjuncts: delta=<standard>).
[2026-10-08 00:42:08] (0s) Starting to evaluate predicate Element::Generated::Element.resolve/0#6937ae00#bf/2@i7#bffe3x8j (iteration 7)
[2026-10-08 00:42:08] (0s) 			 - Element::Generated::Element.resolve/0#6937ae00#bf_delta has 948 rows (order for disjuncts: delta=<standard>).
[2026-10-08 00:42:08] (0s) Starting to evaluate predicate Element::Generated::Element.resolve/0#6937ae00#bf#reorder_1_0/2@i7#bffe35wj (iteration 7)
[2026-10-08 00:42:08] (0s) 			 - Element::Generated::Element.resolve/0#6937ae00#bf#reorder_1_0_delta has 948 rows (order for disjuncts: delta=<standard>).
[2026-10-08 00:42:08] (0s) Starting to evaluate predicate Type::Type.getUnderlyingType/0#dispred#f83db3fa#bf/2@i7#bffe3w8j (iteration 7)
[2026-10-08 00:42:08] (0s) 			 - Type::Type.getUnderlyingType/0#dispred#f83db3fa#bf_delta has 55 rows (order for disjuncts: delta=<standard>).
[2026-10-08 00:42:08] (0s) Starting to evaluate predicate FoundationIdentity::namedType/3#849af97b#bff/3@i8#bffe34wj (iteration 8)
[2026-10-08 00:42:08] (0s) 			 - FoundationIdentity::namedType/3#849af97b#bff_delta has 55 rows (order for disjuncts: delta=<standard>).
[2026-10-08 00:42:08] (0s) Starting to evaluate predicate FoundationSources::stringDictionary/1#0a6b6388/1@i8#bffe32wj (iteration 8)
[2026-10-08 00:42:08] (0s) Empty delta for FoundationSources::stringDictionary/1#0a6b6388_delta (order for disjuncts: delta=<standard>).
[2026-10-08 00:42:08] (0s) Starting to evaluate predicate ApplyExpr::Generated::ApplyExpr.getFunction/0#dispred#12f7b5a0/2@i8#bffe3z8j (iteration 8)
[2026-10-08 00:42:08] (0s) Empty delta for ApplyExpr::Generated::ApplyExpr.getFunction/0#dispred#12f7b5a0_delta (order for disjuncts: delta=<standard>).
[2026-10-08 00:42:08] (0s) Starting to evaluate predicate Expr::Generated::Expr.getType/0#dispred#9d59fd56#reorder_1_0/2@i8#bffe3y8j (iteration 8)
[2026-10-08 00:42:08] (0s) Empty delta for Expr::Generated::Expr.getType/0#dispred#9d59fd56#reorder_1_0_delta (order for disjuncts: delta=<standard>).
[2026-10-08 00:42:08] (0s) Starting to evaluate predicate Element::Generated::Element.resolve/0#6937ae00#bf/2@i8#bffe3x8j (iteration 8)
[2026-10-08 00:42:08] (0s) Empty delta for Element::Generated::Element.resolve/0#6937ae00#bf_delta (order for disjuncts: delta=<standard>).
[2026-10-08 00:42:08] (0s) Starting to evaluate predicate Type::Type.getUnderlyingType/0#dispred#f83db3fa#bf/2@i8#bffe3w8j (iteration 8)
[2026-10-08 00:42:08] (0s) 			 - Type::Type.getUnderlyingType/0#dispred#f83db3fa#bf_delta has 26 rows (order for disjuncts: delta=<standard>).
[2026-10-08 00:42:08] (0s) Starting to evaluate predicate FoundationIdentity::namedType/3#849af97b#bff/3@i9#bffe34wj (iteration 9)
[2026-10-08 00:42:08] (0s) 			 - FoundationIdentity::namedType/3#849af97b#bff_delta has 26 rows (order for disjuncts: delta=<standard>).
[2026-10-08 00:42:08] (0s) Starting to evaluate predicate FoundationSources::stringDictionary/1#0a6b6388/1@i9#bffe32wj (iteration 9)
[2026-10-08 00:42:08] (0s) Empty delta for FoundationSources::stringDictionary/1#0a6b6388_delta (order for disjuncts: delta=<standard>).
[2026-10-08 00:42:08] (0s)  >>> Created relation ControlFlowGraphImplSpecific::CfgImpl::Cached::TAstNode#e7ae24eb_13#join_rhs/2@d90744dj with 86499 rows and digest 370f0ec9u7uip3p5saai79e3hu3.
[2026-10-08 00:42:08] (0s) Starting to evaluate predicate Type::Type.getUnderlyingType/0#dispred#f83db3fa#bf/2@i9#bffe3w8j (iteration 9)
[2026-10-08 00:42:08] (0s) Empty delta for Type::Type.getUnderlyingType/0#dispred#f83db3fa#bf_delta (order for disjuncts: delta=<standard>).
[2026-10-08 00:42:08] (0s) Starting to evaluate predicate ControlFlowElements::TPropertyGetterElement#0db15e1b_12#join_rhs/2@0f7c20uv
[2026-10-08 00:42:08] (0s) Starting to evaluate predicate FoundationSources::stringDictionary/1#0a6b6388/1@i10#bffe32wj (iteration 10)
[2026-10-08 00:42:08] (0s) Empty delta for FoundationSources::stringDictionary/1#0a6b6388_delta (order for disjuncts: delta=<standard>).
[2026-10-08 00:42:08] (0s) Accumulating deltas
[2026-10-08 00:42:08] (0s)  >>> Created relation ControlFlowElements::TPropertyGetterElement#0db15e1b_12#join_rhs/2@0f7c20uv with 13 rows and digest aa04fetuol88sks0bs8hj6l975d.
[2026-10-08 00:42:08] (0s) Starting to evaluate predicate ControlFlowElements::ControlFlowElement.getLocation/0#dispred#8baa4c34/2@e99b223n
[2026-10-08 00:42:08] (0s)  >>> Created relation Type::Type.getUnderlyingType/0#dispred#f83db3fa#bf/2@bffe3w8j with 138822 rows and digest 11d3a8rahvncjtfjer311hkfac6.
[2026-10-08 00:42:08] (0s)  >>> Created relation Element::Generated::Element.resolve/0#6937ae00#bf/2@bffe3x8j with 52596 rows and digest cdb77ehckrojcut0jn5jncr7t8c.
[2026-10-08 00:42:08] (0s)  >>> Created relation Expr::Generated::Expr.getType/0#dispred#9d59fd56#reorder_1_0/2@bffe3y8j with 40365 rows and digest 49c9c7832uukdni4cushbhceuq8.
[2026-10-08 00:42:08] (0s)  >>> Created relation ApplyExpr::Generated::ApplyExpr.getFunction/0#dispred#12f7b5a0/2@bffe3z8j with 5167 rows and digest 0ef170r6kv0pt3srtov8s6tbotb.
[2026-10-08 00:42:08] (0s)  >>> Created relation ApplyExprImpl::Impl::MethodApplyExpr#af2ec0bc/2@bffe30wj with 948 rows and digest 056a51cu6ap3mcl08njcf1v7j97.
[2026-10-08 00:42:08] (0s)  >>> Created relation m#Element::Generated::Element.resolve/0#6937ae00#bf/1@bffe31wj with 52596 rows and digest 4785e21qf1qhdtd8nf4a62uj31d.
[2026-10-08 00:42:08] (0s)  >>> Created relation FoundationSources::stringDictionary/1#0a6b6388/1@bffe32wj with 1 rows and digest 5dd356pf4ddkump7lfoq1l0r1s3.
[2026-10-08 00:42:08] (0s)  >>> Created relation m#LookupExpr::Generated::LookupExpr.getBase/0#dispred#20e15c6d#bf/1@bffe33wj with 2338 rows and digest adb697i6o3ssa9nheflipflfdr6.
[2026-10-08 00:42:08] (0s)  >>> Created relation FoundationIdentity::namedType/3#849af97b#bff/3@bffe34wj with 16366 rows and digest 497c04tbpl8vr92d0d1aqkrrml0.
[2026-10-08 00:42:08] (0s)  >>> Created relation Element::Generated::Element.resolve/0#6937ae00#bf#reorder_1_0/2@bffe35wj with 52596 rows and digest c7e2adem1ktld8cv7dm4v09pc19.
[2026-10-08 00:42:08] (0s) Starting to evaluate predicate Argument::Generated::Argument.getExpr/0#dispred#34a5811d/2@408497e3
[2026-10-08 00:42:08] (0s)  >>> Created relation Argument::Generated::Argument.getExpr/0#dispred#34a5811d/2@408497e3 with 4304 rows and digest 5478dej3rs6hr6h5mhlrpbb2s89.
[2026-10-08 00:42:08] (0s) Starting to evaluate predicate Argument::Generated::Argument.getExpr/0#dispred#34a5811d_10#join_rhs/2@1ae400mk
[2026-10-08 00:42:08] (0s)  >>> Created relation Argument::Generated::Argument.getExpr/0#dispred#34a5811d_10#join_rhs/2@1ae400mk with 4304 rows and digest a7fd35ochsbo6invh2onogucle1.
[2026-10-08 00:42:08] (0s) Starting to evaluate predicate ControlFlowElements::isNormalAutoClosureOrExplicitClosure/1#68fce43c/1@3e4d90u4
[2026-10-08 00:42:08] (0s)  >>> Created relation ControlFlowElements::isNormalAutoClosureOrExplicitClosure/1#68fce43c/1@3e4d90u4 with 0 rows and digest THIS-RELATION-HAS-NO-TUPLES.
[2026-10-08 00:42:08] (0s) Starting to evaluate predicate ControlFlowGraph::CfgScope#d8f2abc5/1@172469tg
[2026-10-08 00:42:08] (0s)  >>> Created relation ControlFlowGraph::CfgScope#d8f2abc5/1@172469tg with 20194 rows and digest 588d5edld1hf6is7c12v85buua1.
[2026-10-08 00:42:08] (0s) Starting to evaluate predicate CfgNodes::ExprCfgNode#e4dc5a6d/2@22af8fa1
[2026-10-08 00:42:08] (0s)  >>> Created relation CfgNodes::ExprCfgNode#e4dc5a6d/2@22af8fa1 with 38419 rows and digest 81c953qhttpjsucfpuboa69vpc3.
[2026-10-08 00:42:08] (0s) Starting to evaluate predicate CfgNodes::ExprCfgNode#e4dc5a6d_10#join_rhs/2@04aae702
[2026-10-08 00:42:08] (0s)  >>> Created relation CfgNodes::ExprCfgNode#e4dc5a6d_10#join_rhs/2@04aae702 with 38419 rows and digest cb69c7mkr84jd14iof080vdsqt7.
[2026-10-08 00:42:08] (0s) Starting to evaluate predicate CfgNodes::ApplyExprCfgNode#62d77bf1/2@f95770at
[2026-10-08 00:42:08] (0s)  >>> Created relation CfgNodes::ApplyExprCfgNode#62d77bf1/2@f95770at with 5167 rows and digest 6a4fd57ll31b9dk43sgelt8o1ke.
[2026-10-08 00:42:08] (0s) Starting to evaluate predicate _AstNode::AstNode.getEnclosingCallable/0#dispred#b715cf04#bf_CfgNodes::ApplyExprCfgNode#62d77bf1_Cfg__#antijoin_rhs/2@6e46aeqd
[2026-10-08 00:42:08] (0s)  >>> Created relation _AstNode::AstNode.getEnclosingCallable/0#dispred#b715cf04#bf_CfgNodes::ApplyExprCfgNode#62d77bf1_Cfg__#antijoin_rhs/2@6e46aeqd with 5167 rows and digest ad605ao1vuhrsnsbl6gc7ce6ll9.
[2026-10-08 00:42:08] (0s) Starting to evaluate predicate PersistenceCoverage::missingCallCoverage/2#2ca132a3/2@f68ee6kk
[2026-10-08 00:42:08] (0s)  >>> Created relation PersistenceCoverage::missingCallCoverage/2#2ca132a3/2@f68ee6kk with 0 rows and digest THIS-RELATION-HAS-NO-TUPLES.
[2026-10-08 00:42:08] (0s) Inferred that PersistenceCoverage::missingCallCoverage/2#2ca132a3_0#antijoin_rhs/1@a42412k3 is empty, due to PersistenceCoverage::missingCallCoverage/2#2ca132a3/2@f68ee6kk.
[2026-10-08 00:42:08] (0s) Starting to evaluate predicate MethodLookupExpr::Generated::MethodLookupExpr.getMethodRef/0#dispred#244b5fea/2@3a26fajf
[2026-10-08 00:42:08] (0s)  >>> Created relation MethodLookupExpr::Generated::MethodLookupExpr.getMethodRef/0#dispred#244b5fea/2@3a26fajf with 956 rows and digest fb542e3k9tu2p1go3fgtnn3m853.
[2026-10-08 00:42:08] (0s) Starting to evaluate predicate MethodLookupExpr::MethodLookupExpr.getMember/0#dispred#2f9f426a/2@b5ed1d10
[2026-10-08 00:42:08] (0s)  >>> Created relation MethodLookupExpr::MethodLookupExpr.getMember/0#dispred#2f9f426a/2@b5ed1d10 with 956 rows and digest 29da080m4hfo8qt9rfrm2i2tjre.
[2026-10-08 00:42:08] (0s) Starting to evaluate predicate MethodLookupExpr::MethodLookupExpr.getMethod/0#372bac6d/2@cd88d3t4
[2026-10-08 00:42:08] (0s)  >>> Created relation MethodLookupExpr::MethodLookupExpr.getMethod/0#372bac6d/2@cd88d3t4 with 948 rows and digest 0248a4d6hdjs96lfhaogt1dot79.
[2026-10-08 00:42:08] (0s) Starting to evaluate predicate ApplyExpr::ApplyExpr.getStaticTarget/0#a70d1aa7/2@580553l4
[2026-10-08 00:42:08] (0s)  >>> Created relation ApplyExpr::ApplyExpr.getStaticTarget/0#a70d1aa7/2@580553l4 with 4219 rows and digest 3556176sbscd8vk3ruqcoolf036.
[2026-10-08 00:42:08] (0s) Starting to evaluate predicate _ApplyExpr::ApplyExpr.getStaticTarget/0#a70d1aa7_Synth::Synth::TBinaryExpr#db62cefe_1#antijoin_rhs_m__#shared/1@75de3b30
[2026-10-08 00:42:08] (0s)  >>> Created relation _ApplyExpr::ApplyExpr.getStaticTarget/0#a70d1aa7_Synth::Synth::TBinaryExpr#db62cefe_1#antijoin_rhs_m__#shared/1@75de3b30 with 4218 rows and digest 301c2fgvqbe3cnoahvtupu9e3s9.
[2026-10-08 00:42:08] (0s) Starting to evaluate predicate ApplyExprImpl::Impl::MethodApplyExpr#af2ec0bc_0#antijoin_rhs/1@9e763dcn
[2026-10-08 00:42:08] (0s)  >>> Created relation ApplyExprImpl::Impl::MethodApplyExpr#af2ec0bc_0#antijoin_rhs/1@9e763dcn with 948 rows and digest 29f7d8eg34th4nku32vr2dchave.
[2026-10-08 00:42:08] (0s) Starting to evaluate predicate ApplyExpr::ApplyExpr_not_BinaryExpr::BinaryExpr_ApplyExprImpl::Impl::FullDotSyntaxBaseIgnoredApplyExpr_MethodApplyExpr::MethodApplyExpr_ApplyExprImpl::Impl::PartialDotSyntaxBaseIgnoredApplyExpr_PrefixUnaryExpr::PrefixUnaryExpr#ce3a3db8#b/1@1a7ec1ij
[2026-10-08 00:42:08] (0s)  >>> Created relation ApplyExpr::ApplyExpr_not_BinaryExpr::BinaryExpr_ApplyExprImpl::Impl::FullDotSyntaxBaseIgnoredApplyExpr_MethodApplyExpr::MethodApplyExpr_ApplyExprImpl::Impl::PartialDotSyntaxBaseIgnoredApplyExpr_PrefixUnaryExpr::PrefixUnaryExpr#ce3a3db8#b/1@1a7ec1ij with 4218 rows and digest 301c2fgvqbe3cnoahvtupu9e3s9.
[2026-10-08 00:42:08] (0s) Starting to evaluate predicate ApplyExpr::ApplyExpr.getStaticTarget/0#dispred#43fd147e#fb/2@5a370fqg
[2026-10-08 00:42:08] (0s)  >>> Created relation ApplyExpr::ApplyExpr.getStaticTarget/0#dispred#43fd147e#fb/2@5a370fqg with 5167 rows and digest 9bed37lfglcm2bmdg48vq4jctne.
[2026-10-08 00:42:08] (0s) Starting to evaluate predicate ApplyExpr::ApplyExpr.getStaticTarget/0#dispred#43fd147e#fb_10#join_rhs/2@b6b65edm
[2026-10-08 00:42:08] (0s)  >>> Created relation ApplyExpr::ApplyExpr.getStaticTarget/0#dispred#43fd147e#fb_10#join_rhs/2@b6b65edm with 5167 rows and digest 8763072g1rsor7uags9fc98ctc9.
[2026-10-08 00:42:08] (0s) Starting to evaluate predicate MethodCallExpr::MethodCallExpr#5a7758bf/1@459c4ctq
[2026-10-08 00:42:08] (0s)  >>> Created relation MethodCallExpr::MethodCallExpr#5a7758bf/1@459c4ctq with 948 rows and digest 29f7d8eg34th4nku32vr2dchave.
[2026-10-08 00:42:08] (0s) Starting to evaluate predicate _ApplyExpr::ApplyExpr.getStaticTarget/0#dispred#43fd147e#fb_10#join_rhs_Callable::Generated::Callabl__#shared/1@8d3816si
[2026-10-08 00:42:08] (0s)  >>> Created relation ControlFlowElements::ControlFlowElement.getLocation/0#dispred#8baa4c34/2@e99b223n with 326448 rows and digest 2974dej5vcuuafkpsclgaertfh0.
[2026-10-08 00:42:08] (0s) Starting to evaluate predicate ControlFlowGraphImplSpecific::CfgImpl::NodeImpl.getLocation/0#dispred#980e82ba/2@5a9335np
[2026-10-08 00:42:08] (0s)  >>> Created relation _ApplyExpr::ApplyExpr.getStaticTarget/0#dispred#43fd147e#fb_10#join_rhs_Callable::Generated::Callabl__#shared/1@8d3816si with 4 rows and digest 2491cfb3abmvn52fme99nvfl10b.
[2026-10-08 00:42:08] (0s) Starting to evaluate predicate project#BasicBlock::Make<Location::Location,BasicBlocks::BasicBlocksImpl::BasicBlockInputSig>::Cached::getNode/2#42d576bb/2@b1bfbcr7
[2026-10-08 00:42:08] (0s)  >>> Created relation ControlFlowGraphImplSpecific::CfgImpl::NodeImpl.getLocation/0#dispred#980e82ba/2@5a9335np with 86499 rows and digest dc943c6q4o1m3hr4f25vojkt643.
[2026-10-08 00:42:08] (0s) Starting to evaluate predicate CfgNodes::ApplyExprCfgNode#62d77bf1_10#join_rhs/2@232216nl
[2026-10-08 00:42:08] (0s)  >>> Created relation CfgNodes::ApplyExprCfgNode#62d77bf1_10#join_rhs/2@232216nl with 5167 rows and digest 63d9d59h1jtj679t0o4l9103l4b.
[2026-10-08 00:42:08] (0s) Starting to evaluate predicate CfgNodes::ApplyExprCfgNode.getStaticTarget/0#dispred#9f17c645#fb/2@b70044ud
[2026-10-08 00:42:08] (0s)  >>> Created relation CfgNodes::ApplyExprCfgNode.getStaticTarget/0#dispred#9f17c645#fb/2@b70044ud with 5167 rows and digest d34e4cfckv9143r20iefsdcmkve.
[2026-10-08 00:42:08] (0s) Starting to evaluate predicate CfgNodes::ApplyExprCfgNode.getStaticTarget/0#dispred#9f17c645#fb_10#join_rhs/2@1bf953au
[2026-10-08 00:42:08] (0s)  >>> Created relation CfgNodes::ApplyExprCfgNode.getStaticTarget/0#dispred#9f17c645#fb_10#join_rhs/2@1bf953au with 5167 rows and digest c1cf13161i4qkah0rdi8qmopa83.
[2026-10-08 00:42:08] (0s) Starting to evaluate predicate _Callable::Generated::Callable.getName/0#dispred#1a768ff1_CfgNodes::ApplyExprCfgNode.getStaticTarget__#shared/1@be020ckb
[2026-10-08 00:42:08] (0s)  >>> Created relation _Callable::Generated::Callable.getName/0#dispred#1a768ff1_CfgNodes::ApplyExprCfgNode.getStaticTarget__#shared/1@be020ckb with 1 rows and digest c76dc27du1mcfftmmhj5okfp0c9.
[2026-10-08 00:42:08] (0s)  >>> Created relation project#BasicBlock::Make<Location::Location,BasicBlocks::BasicBlocksImpl::BasicBlockInputSig>::Cached::getNode/2#42d576bb/2@b1bfbcr7 with 147082 rows and digest 0e7abdiaf8chadoptr7h0duel15.
[2026-10-08 00:42:08] (0s) Starting to evaluate predicate ControlFlowGraph::ControlFlowNode.getScope/0#dispred#c414f970/2@5956abpi
[2026-10-08 00:42:08] (0s)  >>> Created relation ControlFlowGraph::ControlFlowNode.getScope/0#dispred#c414f970/2@5956abpi with 147082 rows and digest 84435b9l56hp7d6m06dpgu3bu89.
[2026-10-08 00:42:08] (0s) Starting to evaluate predicate PersistenceCoverage::relevantScope/1#4f433707/1@65d5462l
[2026-10-08 00:42:08] (0s)  >>> Created relation PersistenceCoverage::relevantScope/1#4f433707/1@65d5462l with 1 rows and digest bf65226orudkc1lbngg6vnovuef.
[2026-10-08 00:42:08] (0s) Starting to evaluate predicate project#ControlFlowGraph::ControlFlowNode.getScope/0#dispred#c414f970/1@59b19auv
[2026-10-08 00:42:08] (0s) Starting to evaluate predicate ControlFlowGraphImplSpecific::CfgImpl::Cached::TAstNode#e7ae24eb_3#join_rhs/1@b2594cn5
[2026-10-08 00:42:08] (0s)  >>> Created relation ControlFlowGraphImplSpecific::CfgImpl::Cached::TAstNode#e7ae24eb_3#join_rhs/1@b2594cn5 with 86499 rows and digest 15d36blbsaemcani6am0stqpai0.
[2026-10-08 00:42:08] (0s) Starting to evaluate predicate ControlFlowGraph::ControlFlowNode.getScope/0#dispred#c414f970_10#join_rhs/2@09bdf0so
[2026-10-08 00:42:08] (0s)  >>> Created relation project#ControlFlowGraph::ControlFlowNode.getScope/0#dispred#c414f970/1@59b19auv with 147082 rows and digest 7c2507ogg9bl4h2l3qq235nc8s3.
[2026-10-08 00:42:08] (0s) Starting to evaluate predicate CfgNodes::PropertyGetterCfgNode#bc58578b/2@dfb178pa
[2026-10-08 00:42:08] (0s)  >>> Created relation CfgNodes::PropertyGetterCfgNode#bc58578b/2@dfb178pa with 13 rows and digest 76f59c1g0o1m96qkmjgkt9r6d92.
[2026-10-08 00:42:08] (0s) Starting to evaluate predicate _ApplyExpr::ApplyExpr.getStaticTarget/0#dispred#43fd147e#fb_MethodCallExpr::MethodCallExpr#5a7758bf___#shared/2@a86420fr
[2026-10-08 00:42:08] (0s)  >>> Created relation _ApplyExpr::ApplyExpr.getStaticTarget/0#dispred#43fd147e#fb_MethodCallExpr::MethodCallExpr#5a7758bf___#shared/2@a86420fr with 5 rows and digest 33f9a7m66t31ggbnf4mgqc2obk6.
[2026-10-08 00:42:08] (0s) Starting to evaluate predicate _CfgNodes::ExprCfgNode#e4dc5a6d_10#join_rhs__ApplyExpr::ApplyExpr.getStaticTarget/0#dispred#43fd147e__#shared/3@c9f4d7sk
[2026-10-08 00:42:08] (0s)  >>> Created relation _CfgNodes::ExprCfgNode#e4dc5a6d_10#join_rhs__ApplyExpr::ApplyExpr.getStaticTarget/0#dispred#43fd147e__#shared/3@c9f4d7sk with 5 rows and digest ec06a4sm7dg3nqknnsmk94tm5b5.
[2026-10-08 00:42:08] (0s) Starting to evaluate predicate ApplyExpr::ApplyExpr.getArgumentWithLabel/1#dispred#c629d065/3@42a93ech
[2026-10-08 00:42:08] (0s)  >>> Created relation ControlFlowGraph::ControlFlowNode.getScope/0#dispred#c414f970_10#join_rhs/2@09bdf0so with 147082 rows and digest 50d9f3adus4vf8fbb2dbb58uac0.
[2026-10-08 00:42:08] (0s) Starting to evaluate predicate _Callable::Generated::Callable.getName/0#dispred#1a768ff1#antijoin_rhs/1@a27ae2kk
[2026-10-08 00:42:08] (0s)  >>> Created relation ApplyExpr::ApplyExpr.getArgumentWithLabel/1#dispred#c629d065/3@42a93ech with 4303 rows and digest c81af8f3gia4s1frp2p77uoefud.
[2026-10-08 00:42:08] (0s) Starting to evaluate predicate _ApplyExpr::ApplyExpr.getArgumentWithLabel/1#dispred#c629d065_Argument::Generated::Argument.getExpr/__#antijoin_rhs/3@bcd86djv
[2026-10-08 00:42:08] (0s)  >>> Created relation _ApplyExpr::ApplyExpr.getArgumentWithLabel/1#dispred#c629d065_Argument::Generated::Argument.getExpr/__#antijoin_rhs/3@bcd86djv with 4 rows and digest 85b8detsv4b2o55li26b83rlf95.
[2026-10-08 00:42:08] (0s) Starting to evaluate predicate _CfgNodes::ApplyExprCfgNode#62d77bf1__CfgNodes::ExprCfgNode#e4dc5a6d_10#join_rhs__ApplyExpr::ApplyEx__#shared/4@33b832hi
[2026-10-08 00:42:08] (0s)  >>> Created relation _CfgNodes::ApplyExprCfgNode#62d77bf1__CfgNodes::ExprCfgNode#e4dc5a6d_10#join_rhs__ApplyExpr::ApplyEx__#shared/4@33b832hi with 5 rows and digest 3b63087auf4sc4b6o95l47ap6cb.
[2026-10-08 00:42:08] (0s) Starting to evaluate predicate _CfgNodes::ApplyExprCfgNode#62d77bf1_CfgNodes::ExprCfgNode#e4dc5a6d_10#join_rhs_MethodCallExpr::Meth__#antijoin_rhs/2@e0c0c8e0
[2026-10-08 00:42:08] (0s)  >>> Created relation _CfgNodes::ApplyExprCfgNode#62d77bf1_CfgNodes::ExprCfgNode#e4dc5a6d_10#join_rhs_MethodCallExpr::Meth__#antijoin_rhs/2@e0c0c8e0 with 4 rows and digest 5af950q35ee74ak2fssok2qe9k4.
[2026-10-08 00:42:08] (0s) Starting to evaluate predicate Expr::Generated::Expr.getType/0#dispred#9d59fd56#reorder_1_0_10#join_rhs/2@b5eea4jb
[2026-10-08 00:42:08] (0s)  >>> Created relation _Callable::Generated::Callable.getName/0#dispred#1a768ff1#antijoin_rhs/1@a27ae2kk with 17 rows and digest 9174fbqrgj3ght3ml1fqp2rgmu6.
[2026-10-08 00:42:08] (0s) Starting to evaluate predicate StringLiteralExpr::Generated::StringLiteralExpr.getValue/0#dispred#8054c029/2@eb8d44fc
[2026-10-08 00:42:08] (0s)  >>> Created relation StringLiteralExpr::Generated::StringLiteralExpr.getValue/0#dispred#8054c029/2@eb8d44fc with 480 rows and digest 77da95tbqk7u51kssa1phc3jspb.
[2026-10-08 00:42:08] (0s) Starting to evaluate predicate ApplyExpr::Generated::ApplyExpr.getArgument/1#dispred#6fb5e17f_120#join_rhs/3@7297cf94
[2026-10-08 00:42:08] (0s)  >>> Created relation ApplyExpr::Generated::ApplyExpr.getArgument/1#dispred#6fb5e17f_120#join_rhs/3@7297cf94 with 4303 rows and digest d998a9fs0867n163j3ffmt65v97.
[2026-10-08 00:42:08] (0s) Starting to evaluate predicate InitializerCallExpr::InitializerCallExpr#7ebbc922/1@b6271b6m
[2026-10-08 00:42:08] (0s)  >>> Created relation InitializerCallExpr::InitializerCallExpr#7ebbc922/1@b6271b6m with 943 rows and digest 04eaa2bi7vt43foeloap26433be.
[2026-10-08 00:42:08] (0s) Starting to evaluate predicate InitializerCallExpr::InitializerCallExpr.getStaticTarget/0#dispred#05fbf096/2@83b3eddm
[2026-10-08 00:42:08] (0s)  >>> Created relation InitializerCallExpr::InitializerCallExpr.getStaticTarget/0#dispred#05fbf096/2@83b3eddm with 943 rows and digest f9e5c5bbb7ot688qqcjvhvnhpo4.
[2026-10-08 00:42:08] (0s)  >>> Created relation Expr::Generated::Expr.getType/0#dispred#9d59fd56#reorder_1_0_10#join_rhs/2@b5eea4jb with 40365 rows and digest 17b97bva28n9rlo93thhq0uadhe.
[2026-10-08 00:42:08] (0s) Starting to evaluate predicate Callable::Generated::Callable.getParam/1#dispred#73056655/3@4549e3vn
[2026-10-08 00:42:08] (0s) Starting to evaluate predicate m#PersistenceCoverage::stringPayload/1#e065d53a#b/1@i1#ea202w5r (iteration 1)
[2026-10-08 00:42:08] (0s) 			 - m#PersistenceCoverage::stringPayload/1#e065d53a#b_delta has 4304 rows (order for disjuncts: delta=0).
[2026-10-08 00:42:08] (0s) Starting to evaluate predicate m#PersistenceCoverage::stringPayload/1#e065d53a#b/1@i2#ea202w5r (iteration 2)
[2026-10-08 00:42:08] (0s) Empty delta for m#PersistenceCoverage::stringPayload/1#e065d53a#b_delta (order for disjuncts: delta=<standard>).
[2026-10-08 00:42:08] (0s) Accumulating deltas
[2026-10-08 00:42:08] (0s)  >>> Created relation m#PersistenceCoverage::stringPayload/1#e065d53a#b/1@ea202w5r with 4304 rows and digest 88955aj9cd1hkshdlvl8n6natd1.
[2026-10-08 00:42:08] (0s) Starting to evaluate predicate _Synth::Synth::TErasureExpr#b856878f_Synth::Synth::TInjectIntoOptionalExpr#73575229_1#join_rhs_m#Per__#loop_invariant_prefix/1@b535231d
[2026-10-08 00:42:08] (0s)  >>> Created relation _Synth::Synth::TErasureExpr#b856878f_Synth::Synth::TInjectIntoOptionalExpr#73575229_1#join_rhs_m#Per__#loop_invariant_prefix/1@b535231d with 0 rows and digest THIS-RELATION-HAS-NO-TUPLES.
[2026-10-08 00:42:08] (0s) Starting to evaluate predicate PersistenceCoverage::stringPayload/1#e065d53a#b/1@i1#751dcwee (iteration 1)
[2026-10-08 00:42:08] (0s) 			 - PersistenceCoverage::stringPayload/1#e065d53a#b_delta has 10 rows (order for disjuncts: delta=0).
[2026-10-08 00:42:08] (0s) Starting to evaluate predicate PersistenceCoverage::stringPayload/1#e065d53a#b/1@i2#751dcwee (iteration 2)
[2026-10-08 00:42:08] (0s) Empty delta for PersistenceCoverage::stringPayload/1#e065d53a#b_delta (order for disjuncts: delta=<standard>).
[2026-10-08 00:42:08] (0s) Accumulating deltas
[2026-10-08 00:42:08] (0s)  >>> Created relation PersistenceCoverage::stringPayload/1#e065d53a#b/1@751dcwee with 10 rows and digest ed77b8qkgridss9m1sf2sh4jo1c.
[2026-10-08 00:42:08] (0s) Starting to evaluate predicate _ApplyExpr::Generated::ApplyExpr.getArgument/1#dispred#6fb5e17f_Argument::Generated::Argument.getExp__#antijoin_rhs/3@6ca8522m
[2026-10-08 00:42:08] (0s)  >>> Created relation _ApplyExpr::Generated::ApplyExpr.getArgument/1#dispred#6fb5e17f_Argument::Generated::Argument.getExp__#antijoin_rhs/3@6ca8522m with 3 rows and digest 93ba262aiik8spd7h1frme8id97.
[2026-10-08 00:42:08] (0s) Starting to evaluate predicate LookupExpr::Generated::LookupExpr.getMember/0#dispred#cfef83c8/2@038b2dhq
[2026-10-08 00:42:08] (0s)  >>> Created relation LookupExpr::Generated::LookupExpr.getMember/0#dispred#cfef83c8/2@038b2dhq with 1365 rows and digest ecbd7b2ddnuquu60qvl35tnfon2.
[2026-10-08 00:42:08] (0s) Starting to evaluate predicate CfgNodes::PropertyGetterCfgNode#bc58578b_10#join_rhs/2@9bcf58vh
[2026-10-08 00:42:08] (0s)  >>> Created relation CfgNodes::PropertyGetterCfgNode#bc58578b_10#join_rhs/2@9bcf58vh with 13 rows and digest cd539bpp14gsbds381on5g39mn5.
[2026-10-08 00:42:08] (0s) Starting to evaluate predicate CfgNodes::PropertyGetterCfgNode.getRef/0#dispred#9904be51/2@b1592d4d
[2026-10-08 00:42:08] (0s)  >>> Created relation CfgNodes::PropertyGetterCfgNode.getRef/0#dispred#9904be51/2@b1592d4d with 13 rows and digest 42db6ak2ueqebcriu111ij4me08.
[2026-10-08 00:42:08] (0s) Starting to evaluate predicate CfgNodes::PropertyGetterCfgNode.getAccessor/0#dispred#a82d8b71/2@165d82ks
[2026-10-08 00:42:08] (0s)  >>> Created relation CfgNodes::PropertyGetterCfgNode.getAccessor/0#dispred#a82d8b71/2@165d82ks with 13 rows and digest 984375uu2lmot476anil3mi3qhf.
[2026-10-08 00:42:08] (0s) Starting to evaluate predicate SubscriptExpr::Generated::SubscriptExpr.getArgument/1#dispred#a33391de_01#count_range/2@61f07e4p
[2026-10-08 00:42:08] (0s)  >>> Created relation SubscriptExpr::Generated::SubscriptExpr.getArgument/1#dispred#a33391de_01#count_range/2@61f07e4p with 1 rows and digest 4d24bavrkrhcsugqu9otf2e12uf.
[2026-10-08 00:42:08] (0s) Starting to evaluate predicate _SubscriptExpr::Generated::SubscriptExpr.getArgument/1#dispred#a33391de_01#count_range#join_rhs/2@59df436d
[2026-10-08 00:42:08] (0s)  >>> Created relation _SubscriptExpr::Generated::SubscriptExpr.getArgument/1#dispred#a33391de_01#count_range#join_rhs/2@59df436d with 1 rows and digest 29f415hvrik761uuqbtb6848pqd.
[2026-10-08 00:42:08] (0s) Starting to evaluate predicate SubscriptExpr::Generated::SubscriptExpr.getNumberOfArguments/0#dispred#834dc6f9/2@6dd340s7
[2026-10-08 00:42:08] (0s)  >>> Created relation SubscriptExpr::Generated::SubscriptExpr.getNumberOfArguments/0#dispred#834dc6f9/2@6dd340s7 with 1 rows and digest 29f415hvrik761uuqbtb6848pqd.
[2026-10-08 00:42:08] (0s)  >>> Created relation accessor_is_getter/1@fb4cc5pj with 26093 rows and digest 47e200cg1b02gmgsjpa90vf6mo1.
[2026-10-08 00:42:08] (0s) Starting to evaluate predicate LookupExpr::Generated::LookupExpr.getBase/0#dispred#20e15c6d#bf/2@32294do7
[2026-10-08 00:42:08] (0s)  >>> Created relation LookupExpr::Generated::LookupExpr.getBase/0#dispred#20e15c6d#bf/2@32294do7 with 2338 rows and digest ba9e15ooqrn78l39u13o42g20sa.
[2026-10-08 00:42:08] (0s) Starting to evaluate predicate Accessor::Generated::Accessor.isGetter/0#dispred#a689cdc3/1@f11469pd
[2026-10-08 00:42:08] (0s)  >>> Created relation Callable::Generated::Callable.getParam/1#dispred#73056655/3@4549e3vn with 48303 rows and digest 13f9c9dn66hs65n2teasfv0o006.
[2026-10-08 00:42:08] (0s) Starting to evaluate predicate SubscriptDeclImpl::Impl::SubscriptDecl#0c88070e/1@398fbfmj
[2026-10-08 00:42:08] (0s)  >>> Created relation SubscriptDeclImpl::Impl::SubscriptDecl#0c88070e/1@398fbfmj with 408 rows and digest 66f4f73rc8ssnmpa70btfmqlvg5.
[2026-10-08 00:42:08] (0s) Starting to evaluate predicate SubscriptExpr::Generated::SubscriptExpr.getArgument/1#dispred#a33391de_120#join_rhs/3@823f5e25
[2026-10-08 00:42:08] (0s)  >>> Created relation SubscriptExpr::Generated::SubscriptExpr.getArgument/1#dispred#a33391de_120#join_rhs/3@823f5e25 with 1 rows and digest ab79bbo2o6c0g191lvgts4814a2.
[2026-10-08 00:42:08] (0s) Starting to evaluate predicate CfgNodes::PropertyGetterCfgNode.getRef/0#dispred#9904be51_10#join_rhs/2@2fb02em9
[2026-10-08 00:42:08] (0s)  >>> Created relation CfgNodes::PropertyGetterCfgNode.getRef/0#dispred#9904be51_10#join_rhs/2@2fb02em9 with 13 rows and digest 6c06ebu9d2u8csv0vt01md8e9vd.
[2026-10-08 00:42:08] (0s) Starting to evaluate predicate Callable::Generated::Callable.getParam/1#dispred#73056655_0#antijoin_rhs/1@241c5c5e
[2026-10-08 00:42:08] (0s)  >>> Created relation Accessor::Generated::Accessor.isGetter/0#dispred#a689cdc3/1@f11469pd with 26093 rows and digest 41f3ec8ijis4vo2apmcj3ru01i0.
[2026-10-08 00:42:08] (0s) Starting to evaluate predicate Callable::Generated::Callable.getParam/1#dispred#73056655_01#count_range/2@5db37ftm
[2026-10-08 00:42:08] (0s)  >>> Created relation Callable::Generated::Callable.getParam/1#dispred#73056655_0#antijoin_rhs/1@241c5c5e with 26249 rows and digest 2baabehsbcl6j4earh4qrh1vuga.
[2026-10-08 00:42:08] (0s) Starting to evaluate predicate TypeDecl::Generated::TypeDecl.getName/0#dispred#9d4d687f_10#join_rhs/2@d202bde8
[2026-10-08 00:42:08] (0s)  >>> Created relation Callable::Generated::Callable.getParam/1#dispred#73056655_01#count_range/2@5db37ftm with 48303 rows and digest b56c8bl135o1nt56oh94ujvkhi0.
[2026-10-08 00:42:08] (0s) Starting to evaluate predicate _Callable::Generated::Callable.getParam/1#dispred#73056655_01#count_range#join_rhs/2@3bdc77bb
[2026-10-08 00:42:08] (0s)  >>> Created relation TypeDecl::Generated::TypeDecl.getName/0#dispred#9d4d687f_10#join_rhs/2@d202bde8 with 15794 rows and digest 2f6c62cm3832t07qd17agsqavbb.
[2026-10-08 00:42:08] (0s) Starting to evaluate predicate Synth::Synth::convertVarDeclToRaw/1#18475740#bf/2@55a57bnk
[2026-10-08 00:42:08] (0s)  >>> Created relation Synth::Synth::convertVarDeclToRaw/1#18475740#bf/2@55a57bnk with 121163 rows and digest 164f672bclc21o0oe87qd7kh8q6.
[2026-10-08 00:42:08] (0s) Starting to evaluate predicate FoundationSources::ownedField/4#e8b6c743/4@acbcfc6a
[2026-10-08 00:42:08] (0s)  >>> Created relation _Callable::Generated::Callable.getParam/1#dispred#73056655_01#count_range#join_rhs/2@3bdc77bb with 26249 rows and digest d50c75b8s972toc1ie0psn9tiac.
[2026-10-08 00:42:08] (0s) Starting to evaluate predicate Callable::Generated::Callable.getNumberOfParams/0#dispred#3d83aba3#bf/2@6e6015h0
[2026-10-08 00:42:08] (0s)  >>> Created relation Callable::Generated::Callable.getNumberOfParams/0#dispred#3d83aba3#bf/2@6e6015h0 with 21412 rows and digest 29eec73eauj4c1o6hi3bf9rn387.
[2026-10-08 00:42:08] (0s) Starting to evaluate predicate DataFlowPrivate::userDefaultsInitializerSuite/2#3e915a9a/2@45451ei8
[2026-10-08 00:42:08] (0s)  >>> Created relation DataFlowPrivate::userDefaultsInitializerSuite/2#3e915a9a/2@45451ei8 with 1 rows and digest 0a9493dsolpfsqo08n9fhu4hs16.
[2026-10-08 00:42:08] (0s) Starting to evaluate predicate ApplyExpr::ApplyExpr.getQualifier/0#dispred#13afdcd5/2@69bccc3p
[2026-10-08 00:42:08] (0s)  >>> Created relation ApplyExpr::ApplyExpr.getQualifier/0#dispred#13afdcd5/2@69bccc3p with 948 rows and digest 62852aovc71dol259624vbg37j9.
[2026-10-08 00:42:08] (0s) Starting to evaluate predicate ApplyExpr::ApplyExpr.getQualifier/0#dispred#13afdcd5_1#join_rhs/1@526356di
[2026-10-08 00:42:08] (0s)  >>> Created relation ApplyExpr::ApplyExpr.getQualifier/0#dispred#13afdcd5_1#join_rhs/1@526356di with 948 rows and digest 16f3af9j75pti1e5tjsbkeeqsj6.
[2026-10-08 00:42:08] (0s) Starting to evaluate predicate CfgNodes::CfgNode.getAst/0#dispred#6b961edd#fb/2@86d1c7h5
[2026-10-08 00:42:08] (0s)  >>> Created relation CfgNodes::CfgNode.getAst/0#dispred#6b961edd#fb/2@86d1c7h5 with 948 rows and digest aa8f19jil7ln246p34i3dsgg7j5.
[2026-10-08 00:42:08] (0s) Starting to evaluate predicate CfgNodes::CfgNode.getAst/0#dispred#6b961edd#fb_10#join_rhs/2@ccce4c7l
[2026-10-08 00:42:08] (0s)  >>> Created relation CfgNodes::CfgNode.getAst/0#dispred#6b961edd#fb_10#join_rhs/2@ccce4c7l with 948 rows and digest 2afd7fpc4o6tdl29kegd89h73o6.
[2026-10-08 00:42:08] (0s) Starting to evaluate predicate CfgNodes::ApplyExprCfgNode.getQualifier/0#dispred#7b5c5165/2@a8db07g1
[2026-10-08 00:42:08] (0s)  >>> Created relation CfgNodes::ApplyExprCfgNode.getQualifier/0#dispred#7b5c5165/2@a8db07g1 with 948 rows and digest 106f99c3893h3dknqju2mgovd3c.
[2026-10-08 00:42:08] (0s) Starting to evaluate predicate CfgNodes::ApplyExprCfgNode.getQualifier/0#dispred#7b5c5165_10#join_rhs/2@fec8f3a6
[2026-10-08 00:42:08] (0s)  >>> Created relation CfgNodes::ApplyExprCfgNode.getQualifier/0#dispred#7b5c5165_10#join_rhs/2@fec8f3a6 with 948 rows and digest 2e38f7rd2rfnhontuatetja757a.
[2026-10-08 00:42:08] (0s) Starting to evaluate predicate CfgNodes::PatternCfgNode.getPattern/0#dispred#5dbb860e/2@d5f7736g
[2026-10-08 00:42:08] (0s)  >>> Created relation CfgNodes::PatternCfgNode.getPattern/0#dispred#5dbb860e/2@d5f7736g with 5 rows and digest d31e2eginh5nedeu8llanerccsa.
[2026-10-08 00:42:08] (0s) Starting to evaluate predicate CfgNodes::PatternCfgNode.getPattern/0#dispred#5dbb860e_10#join_rhs/2@c5fed5qs
[2026-10-08 00:42:08] (0s)  >>> Created relation CfgNodes::PatternCfgNode.getPattern/0#dispred#5dbb860e_10#join_rhs/2@c5fed5qs with 5 rows and digest cce734ha27bqvsqrtor7p6h9865.
[2026-10-08 00:42:08] (0s) Starting to evaluate predicate _Element::Generated::Element.resolve/0#6937ae00#bf__Element::Generated::Element.getResolveStep/0#dis__#join_rhs/2@a8415c8v
[2026-10-08 00:42:08] (0s)  >>> Created relation _Element::Generated::Element.resolve/0#6937ae00#bf__Element::Generated::Element.getResolveStep/0#dis__#join_rhs/2@a8415c8v with 7954 rows and digest 310c73lr4qltmn1jqdisdl4v551.
[2026-10-08 00:42:08] (0s) Starting to evaluate predicate PatternBindingDecl::Generated::PatternBindingDecl.getImmediatePattern/1#dispred#017712c4_201#join_rhs/3@165ad11t
[2026-10-08 00:42:08] (0s)  >>> Created relation PatternBindingDecl::Generated::PatternBindingDecl.getImmediatePattern/1#dispred#017712c4_201#join_rhs/3@165ad11t with 7693 rows and digest 84e750hbi217jkn601hk0969lkb.
[2026-10-08 00:42:08] (0s) Starting to evaluate predicate Element::Generated::Element.resolve/0#6937ae00#bf_10#join_rhs/2@87035e1b
[2026-10-08 00:42:08] (0s)  >>> Created relation Element::Generated::Element.resolve/0#6937ae00#bf_10#join_rhs/2@87035e1b with 52596 rows and digest c7e2adem1ktld8cv7dm4v09pc19.
[2026-10-08 00:42:08] (0s) Starting to evaluate predicate Pattern::Pattern.getMatchingExpr/0#dispred#dacb4750/2@i1#80f23xts (iteration 1)
[2026-10-08 00:42:08] (0s) Empty delta for Pattern::Pattern.getMatchingExpr/0#dispred#dacb4750_delta (order for disjuncts: delta=0).
[2026-10-08 00:42:08] (0s) Starting to evaluate predicate Pattern::Pattern.getMatchingExpr/0#e9159659/2@i1#80f23wts (iteration 1)
[2026-10-08 00:42:08] (0s) 			 - Pattern::Pattern.getMatchingExpr/0#e9159659_delta has 3 rows (order for disjuncts: delta=0).
[2026-10-08 00:42:08] (0s) Starting to evaluate predicate Pattern::Pattern.getMatchingExpr/0#dispred#dacb4750/2@i2#80f23xts (iteration 2)
[2026-10-08 00:42:08] (0s) 			 - Pattern::Pattern.getMatchingExpr/0#dispred#dacb4750_delta has 3 rows (order for disjuncts: delta=<standard>).
[2026-10-08 00:42:08] (0s) Starting to evaluate predicate Pattern::Pattern.getMatchingExpr/0#e9159659/2@i3#80f23wts (iteration 3)
[2026-10-08 00:42:08] (0s) 			 - Pattern::Pattern.getMatchingExpr/0#e9159659_delta has 1 rows (order for disjuncts: delta=<standard>).
[2026-10-08 00:42:08] (0s) Starting to evaluate predicate Pattern::Pattern.getMatchingExpr/0#dispred#dacb4750/2@i4#80f23xts (iteration 4)
[2026-10-08 00:42:08] (0s) 			 - Pattern::Pattern.getMatchingExpr/0#dispred#dacb4750_delta has 1 rows (order for disjuncts: delta=<standard>).
[2026-10-08 00:42:08] (0s) Starting to evaluate predicate Pattern::Pattern.getMatchingExpr/0#e9159659/2@i5#80f23wts (iteration 5)
[2026-10-08 00:42:08] (0s) Empty delta for Pattern::Pattern.getMatchingExpr/0#e9159659_delta (order for disjuncts: delta=<standard>).
[2026-10-08 00:42:08] (0s) Accumulating deltas
[2026-10-08 00:42:08] (0s)  >>> Created relation Pattern::Pattern.getMatchingExpr/0#e9159659/2@80f23wts with 4 rows and digest 8fe590pe3jnonm8e7afm5pv0po3.
[2026-10-08 00:42:08] (0s)  >>> Created relation Pattern::Pattern.getMatchingExpr/0#dispred#dacb4750/2@80f23xts with 4 rows and digest 8fe590pe3jnonm8e7afm5pv0po3.
[2026-10-08 00:42:08] (0s) Starting to evaluate predicate Pattern::Pattern.getMatchingExpr/0#dispred#dacb4750_10#join_rhs/2@f6dd12ao
[2026-10-08 00:42:08] (0s)  >>> Created relation Pattern::Pattern.getMatchingExpr/0#dispred#dacb4750_10#join_rhs/2@f6dd12ao with 4 rows and digest 6b40c1visi4056jpmnnakp9ruqe.
[2026-10-08 00:42:08] (0s) Starting to evaluate predicate ForceValueExpr::Generated::ForceValueExpr.getSubExpr/0#dispred#6e2865d4/2@e96a56ur
[2026-10-08 00:42:08] (0s)  >>> Created relation ForceValueExpr::Generated::ForceValueExpr.getSubExpr/0#dispred#6e2865d4/2@e96a56ur with 1 rows and digest a8ce12s6058an3i0onpdc2a5ui3.
[2026-10-08 00:42:08] (0s) Starting to evaluate predicate ForceValueExpr::Generated::ForceValueExpr.getSubExpr/0#dispred#6e2865d4_10#join_rhs/2@f26a25sj
[2026-10-08 00:42:08] (0s)  >>> Created relation ForceValueExpr::Generated::ForceValueExpr.getSubExpr/0#dispred#6e2865d4_10#join_rhs/2@f26a25sj with 1 rows and digest dcc72dsfbq6dl483dm8gpg2mb87.
[2026-10-08 00:42:08] (0s) Starting to evaluate predicate _CfgNodes::ExprCfgNode#e4dc5a6d_10#join_rhs_ForceValueExpr::Generated::ForceValueExpr.getSubExpr/0#d__#join_rhs/2@264a241o
[2026-10-08 00:42:08] (0s)  >>> Created relation _CfgNodes::ExprCfgNode#e4dc5a6d_10#join_rhs_ForceValueExpr::Generated::ForceValueExpr.getSubExpr/0#d__#join_rhs/2@264a241o with 1 rows and digest 7045445jb8667efvgeb9bll77ed.
[2026-10-08 00:42:08] (0s) Starting to evaluate predicate Ssa::Ssa::WriteDefinition.assigns/1#dispred#4c1ee7cf_10#join_rhs/2@a52858ag
[2026-10-08 00:42:08] (0s)  >>> Created relation Ssa::Ssa::WriteDefinition.assigns/1#dispred#4c1ee7cf_10#join_rhs/2@a52858ag with 1788 rows and digest 0ce3aa3gat55kjoo03mqok87eea.
[2026-10-08 00:42:08] (0s) Starting to evaluate predicate DataFlowPrivate::referenceDefinitionOrigin/2#f598b79f/2@i1#4be6dxm1 (iteration 1)
[2026-10-08 00:42:08] (0s) Empty delta for DataFlowPrivate::referenceDefinitionOrigin/2#f598b79f_delta (order for disjuncts: delta=0).
[2026-10-08 00:42:08] (0s) Starting to evaluate predicate DataFlowPrivate::referenceOrigin/2#fa6eb7d6/2@i1#4be6dwm1 (iteration 1)
[2026-10-08 00:42:08] (0s) 			 - DataFlowPrivate::referenceOrigin/2#fa6eb7d6_delta has 943 rows (order for disjuncts: delta=0).
[2026-10-08 00:42:08] (0s) Starting to evaluate predicate DataFlowPrivate::referenceDefinitionOrigin/2#f598b79f/2@i2#4be6dxm1 (iteration 2)
[2026-10-08 00:42:08] (0s) Empty delta for DataFlowPrivate::referenceDefinitionOrigin/2#f598b79f_delta (order for disjuncts: delta=<standard>).
[2026-10-08 00:42:08] (0s) Starting to evaluate predicate DataFlowPrivate::referenceOrigin/2#fa6eb7d6/2@i2#4be6dwm1 (iteration 2)
[2026-10-08 00:42:08] (0s) 			 - DataFlowPrivate::referenceOrigin/2#fa6eb7d6_delta has 1 rows (order for disjuncts: delta=<standard>).
[2026-10-08 00:42:08] (0s) Starting to evaluate predicate DataFlowPrivate::referenceDefinitionOrigin/2#f598b79f/2@i3#4be6dxm1 (iteration 3)
[2026-10-08 00:42:08] (0s) Empty delta for DataFlowPrivate::referenceDefinitionOrigin/2#f598b79f_delta (order for disjuncts: delta=<standard>).
[2026-10-08 00:42:08] (0s) Starting to evaluate predicate DataFlowPrivate::referenceOrigin/2#fa6eb7d6/2@i3#4be6dwm1 (iteration 3)
[2026-10-08 00:42:08] (0s) 			 - DataFlowPrivate::referenceOrigin/2#fa6eb7d6_delta has 1 rows (order for disjuncts: delta=<standard>).
[2026-10-08 00:42:08] (0s) Starting to evaluate predicate DataFlowPrivate::referenceDefinitionOrigin/2#f598b79f/2@i4#4be6dxm1 (iteration 4)
[2026-10-08 00:42:08] (0s) 			 - DataFlowPrivate::referenceDefinitionOrigin/2#f598b79f_delta has 1 rows (order for disjuncts: delta=<standard>).
[2026-10-08 00:42:08] (0s) Starting to evaluate predicate DataFlowPrivate::referenceOrigin/2#fa6eb7d6/2@i4#4be6dwm1 (iteration 4)
[2026-10-08 00:42:08] (0s) Empty delta for DataFlowPrivate::referenceOrigin/2#fa6eb7d6_delta (order for disjuncts: delta=<standard>).
[2026-10-08 00:42:08] (0s) Starting to evaluate predicate DataFlowPrivate::referenceDefinitionOrigin/2#f598b79f/2@i5#4be6dxm1 (iteration 5)
[2026-10-08 00:42:08] (0s) Empty delta for DataFlowPrivate::referenceDefinitionOrigin/2#f598b79f_delta (order for disjuncts: delta=<standard>).
[2026-10-08 00:42:08] (0s) Starting to evaluate predicate DataFlowPrivate::referenceOrigin/2#fa6eb7d6/2@i5#4be6dwm1 (iteration 5)
[2026-10-08 00:42:08] (0s) 			 - DataFlowPrivate::referenceOrigin/2#fa6eb7d6_delta has 4 rows (order for disjuncts: delta=<standard>).
[2026-10-08 00:42:08] (0s) Starting to evaluate predicate DataFlowPrivate::referenceDefinitionOrigin/2#f598b79f/2@i6#4be6dxm1 (iteration 6)
[2026-10-08 00:42:08] (0s) Empty delta for DataFlowPrivate::referenceDefinitionOrigin/2#f598b79f_delta (order for disjuncts: delta=<standard>).
[2026-10-08 00:42:08] (0s) Starting to evaluate predicate DataFlowPrivate::referenceOrigin/2#fa6eb7d6/2@i6#4be6dwm1 (iteration 6)
[2026-10-08 00:42:08] (0s) Empty delta for DataFlowPrivate::referenceOrigin/2#fa6eb7d6_delta (order for disjuncts: delta=<standard>).
[2026-10-08 00:42:08] (0s) Accumulating deltas
[2026-10-08 00:42:08] (0s)  >>> Created relation DataFlowPrivate::referenceOrigin/2#fa6eb7d6/2@4be6dwm1 with 949 rows and digest 92c466fohifc0b7qtc863epuah4.
[2026-10-08 00:42:08] (0s)  >>> Created relation DataFlowPrivate::referenceDefinitionOrigin/2#f598b79f/2@4be6dxm1 with 1 rows and digest eb3303fv0r8l0jec2303m18372b.
[2026-10-08 00:42:08] (0s) Starting to evaluate predicate DataFlowPrivate::userDefaultsSuite/2#eb6a3c81/2@cc7f29t0
[2026-10-08 00:42:08] (0s)  >>> Created relation DataFlowPrivate::userDefaultsSuite/2#eb6a3c81/2@cc7f29t0 with 4 rows and digest 2f06dep21megua7g2jt1gcu4vsb.
[2026-10-08 00:42:08] (0s) Starting to evaluate predicate _CfgNodes::ExprCfgNode#e4dc5a6d_10#join_rhs_DataFlowPrivate::userDefaultsSuite/2#eb6a3c81#shared/3@5728cd60
[2026-10-08 00:42:08] (0s)  >>> Created relation _CfgNodes::ExprCfgNode#e4dc5a6d_10#join_rhs_DataFlowPrivate::userDefaultsSuite/2#eb6a3c81#shared/3@5728cd60 with 4 rows and digest 66d7bd9fji1qrrd6rlc46g2mid0.
[2026-10-08 00:42:08] (0s) Starting to evaluate predicate _CfgNodes::ApplyExprCfgNode#62d77bf1__CfgNodes::ExprCfgNode#e4dc5a6d_10#join_rhs_DataFlowPrivate::us__#shared/3@ce11843c
[2026-10-08 00:42:08] (0s)  >>> Created relation _CfgNodes::ApplyExprCfgNode#62d77bf1__CfgNodes::ExprCfgNode#e4dc5a6d_10#join_rhs_DataFlowPrivate::us__#shared/3@ce11843c with 4 rows and digest b320b7eebsnstk24e6rnu7s6ae6.
[2026-10-08 00:42:08] (0s) Starting to evaluate predicate _CfgNodes::ApplyExprCfgNode.getQualifier/0#dispred#7b5c5165_DataFlowPrivate::referenceOrigin/2#fa6eb__#antijoin_rhs/3@a7f00c5j
[2026-10-08 00:42:08] (0s)  >>> Created relation _CfgNodes::ApplyExprCfgNode.getQualifier/0#dispred#7b5c5165_DataFlowPrivate::referenceOrigin/2#fa6eb__#antijoin_rhs/3@a7f00c5j with 0 rows and digest THIS-RELATION-HAS-NO-TUPLES.
[2026-10-08 00:42:08] (0s) Starting to evaluate predicate _CfgNodes::ExprCfgNode#e4dc5a6d_10#join_rhs_DataFlowPrivate::userDefaultsSuite/2#eb6a3c81__CfgNodes:__#shared/3@8113044i
[2026-10-08 00:42:08] (0s)  >>> Created relation _CfgNodes::ExprCfgNode#e4dc5a6d_10#join_rhs_DataFlowPrivate::userDefaultsSuite/2#eb6a3c81__CfgNodes:__#shared/3@8113044i with 4 rows and digest b320b7eebsnstk24e6rnu7s6ae6.
[2026-10-08 00:42:08] (0s) Starting to evaluate predicate project#Ssa::Ssa::Definition.getARead/0#dispred#a01f3ad5/1@d256fcv8
[2026-10-08 00:42:08] (0s)  >>> Created relation project#Ssa::Ssa::Definition.getARead/0#dispred#a01f3ad5/1@d256fcv8 with 11267 rows and digest 1e6dd8ojc8s36f40tqfd06l4la4.
[2026-10-08 00:42:08] (0s) Starting to evaluate predicate _#ControlFlowGraph::ControlFlowNode.getASuccessor/0#dispred#76a70257Plus#sinkBound#2#2#3_CfgNodes::E__#antijoin_rhs/1@199afbo3
[2026-10-08 00:42:08] (0s)  >>> Created relation _#ControlFlowGraph::ControlFlowNode.getASuccessor/0#dispred#76a70257Plus#sinkBound#2#2#3_CfgNodes::E__#antijoin_rhs/1@199afbo3 with 943 rows and digest 9c18720ql4ebuvfj2lc49um0ij5.
[2026-10-08 00:42:08] (0s) Starting to evaluate predicate _#ControlFlowGraph::ControlFlowNode.getASuccessor/0#dispred#76a70257Plus#sinkBound#2#2#3__#ControlFl__#shared/1@61f340di
[2026-10-08 00:42:08] (0s)  >>> Created relation _#ControlFlowGraph::ControlFlowNode.getASuccessor/0#dispred#76a70257Plus#sinkBound#2#2#3__#ControlFl__#shared/1@61f340di with 79526 rows and digest 2066f1f6vf1ehuk84jbhlvgqbha.
[2026-10-08 00:42:08] (0s) Starting to evaluate predicate _CfgNodes::ExprCfgNode#e4dc5a6d_CfgNodes::ExprCfgNode#e4dc5a6d_10#join_rhs_CfgNodes::PatternCfgNode.__#antijoin_rhs/1@2ca472pr
[2026-10-08 00:42:08] (0s)  >>> Created relation _CfgNodes::ExprCfgNode#e4dc5a6d_CfgNodes::ExprCfgNode#e4dc5a6d_10#join_rhs_CfgNodes::PatternCfgNode.__#antijoin_rhs/1@2ca472pr with 3 rows and digest 08d71aj8qoct0u1dre3c94h5k92.
[2026-10-08 00:42:08] (0s) Starting to evaluate predicate _Ssa::Ssa::Definition#e24717ec_Ssa::Ssa::WriteDefinition.assigns/1#dispred#4c1ee7cf#join_rhs/2@3143677t
[2026-10-08 00:42:08] (0s)  >>> Created relation _Ssa::Ssa::Definition#e24717ec_Ssa::Ssa::WriteDefinition.assigns/1#dispred#4c1ee7cf#join_rhs/2@3143677t with 1788 rows and digest 0ce3aa3gat55kjoo03mqok87eea.
[2026-10-08 00:42:08] (0s) Starting to evaluate predicate project#Ssa::Ssa::WriteDefinition.assigns/1#dispred#4c1ee7cf/1@4080df3f
[2026-10-08 00:42:08] (0s)  >>> Created relation project#Ssa::Ssa::WriteDefinition.assigns/1#dispred#4c1ee7cf/1@4080df3f with 1788 rows and digest c3212372kj5i5cbme0gaoacddp9.
[2026-10-08 00:42:08] (0s) Starting to evaluate predicate DataFlowPrivate::referenceDefinitionIncomplete/1#ec1120c1/1@i1#55203xj7 (iteration 1)
[2026-10-08 00:42:08] (0s) 			 - DataFlowPrivate::referenceDefinitionIncomplete/1#ec1120c1_delta has 5680 rows (order for disjuncts: delta=0).
[2026-10-08 00:42:08] (0s) Starting to evaluate predicate DataFlowPrivate::referenceIncomplete/1#832c1472/1@i1#55203wj7 (iteration 1)
[2026-10-08 00:42:08] (0s) 			 - DataFlowPrivate::referenceIncomplete/1#832c1472_delta has 79523 rows (order for disjuncts: delta=0).
[2026-10-08 00:42:08] (0s) Starting to evaluate predicate DataFlowPrivate::referenceDefinitionIncomplete/1#ec1120c1/1@i2#55203xj7 (iteration 2)
[2026-10-08 00:42:08] (0s) 			 - DataFlowPrivate::referenceDefinitionIncomplete/1#ec1120c1_delta has 1786 rows (order for disjuncts: delta=<standard>).
[2026-10-08 00:42:08] (0s) Starting to evaluate predicate DataFlowPrivate::referenceIncomplete/1#832c1472/1@i2#55203wj7 (iteration 2)
[2026-10-08 00:42:08] (0s) 			 - DataFlowPrivate::referenceIncomplete/1#832c1472_delta has 6025 rows (order for disjuncts: delta=<standard>).
[2026-10-08 00:42:08] (0s) Starting to evaluate predicate DataFlowPrivate::referenceDefinitionIncomplete/1#ec1120c1/1@i3#55203xj7 (iteration 3)
[2026-10-08 00:42:08] (0s) 			 - DataFlowPrivate::referenceDefinitionIncomplete/1#ec1120c1_delta has 1 rows (order for disjuncts: delta=<standard>).
[2026-10-08 00:42:08] (0s) Starting to evaluate predicate DataFlowPrivate::referenceIncomplete/1#832c1472/1@i3#55203wj7 (iteration 3)
[2026-10-08 00:42:08] (0s) 			 - DataFlowPrivate::referenceIncomplete/1#832c1472_delta has 1 rows (order for disjuncts: delta=<standard>).
[2026-10-08 00:42:08] (0s) Starting to evaluate predicate DataFlowPrivate::referenceDefinitionIncomplete/1#ec1120c1/1@i4#55203xj7 (iteration 4)
[2026-10-08 00:42:08] (0s) Empty delta for DataFlowPrivate::referenceDefinitionIncomplete/1#ec1120c1_delta (order for disjuncts: delta=<standard>).
[2026-10-08 00:42:08] (0s) Starting to evaluate predicate DataFlowPrivate::referenceIncomplete/1#832c1472/1@i4#55203wj7 (iteration 4)
[2026-10-08 00:42:08] (0s) 			 - DataFlowPrivate::referenceIncomplete/1#832c1472_delta has 1 rows (order for disjuncts: delta=<standard>).
[2026-10-08 00:42:08] (0s) Starting to evaluate predicate DataFlowPrivate::referenceDefinitionIncomplete/1#ec1120c1/1@i5#55203xj7 (iteration 5)
[2026-10-08 00:42:08] (0s) Empty delta for DataFlowPrivate::referenceDefinitionIncomplete/1#ec1120c1_delta (order for disjuncts: delta=<standard>).
[2026-10-08 00:42:08] (0s) Starting to evaluate predicate DataFlowPrivate::referenceIncomplete/1#832c1472/1@i5#55203wj7 (iteration 5)
[2026-10-08 00:42:08] (0s) Empty delta for DataFlowPrivate::referenceIncomplete/1#832c1472_delta (order for disjuncts: delta=<standard>).
[2026-10-08 00:42:08] (0s) Accumulating deltas
[2026-10-08 00:42:08] (0s)  >>> Created relation DataFlowPrivate::referenceIncomplete/1#832c1472/1@55203wj7 with 85550 rows and digest f274cd7k7g6reqanv09dpto6anc.
[2026-10-08 00:42:08] (0s)  >>> Created relation DataFlowPrivate::referenceDefinitionIncomplete/1#ec1120c1/1@55203xj7 with 7467 rows and digest 358726ch7m6b9n7phje21njrva5.
[2026-10-08 00:42:08] (0s) Starting to evaluate predicate _CfgNodes::ApplyExprCfgNode.getQualifier/0#dispred#7b5c5165_DataFlowPrivate::referenceIncomplete/1#8__#antijoin_rhs/3@7d76a400
[2026-10-08 00:42:08] (0s)  >>> Created relation _CfgNodes::ApplyExprCfgNode.getQualifier/0#dispred#7b5c5165_DataFlowPrivate::referenceIncomplete/1#8__#antijoin_rhs/3@7d76a400 with 0 rows and digest THIS-RELATION-HAS-NO-TUPLES.
[2026-10-08 00:42:08] (0s) Starting to evaluate predicate DataFlowPrivate::userDefaultsMustSuite/2#1909b33c/2@caa3c7no
[2026-10-08 00:42:08] (0s)  >>> Created relation DataFlowPrivate::userDefaultsMustSuite/2#1909b33c/2@caa3c7no with 4 rows and digest 2f06dep21megua7g2jt1gcu4vsb.
[2026-10-08 00:42:08] (0s) Starting to evaluate predicate _DataFlowPrivate::userDefaultsMustSuite/2#1909b33c__CfgNodes::ApplyExprCfgNode#62d77bf1__CfgNodes::E__#shared/3@df4ec1ps
[2026-10-08 00:42:08] (0s)  >>> Created relation _DataFlowPrivate::userDefaultsMustSuite/2#1909b33c__CfgNodes::ApplyExprCfgNode#62d77bf1__CfgNodes::E__#shared/3@df4ec1ps with 0 rows and digest THIS-RELATION-HAS-NO-TUPLES.
[2026-10-08 00:42:08] (0s) Starting to evaluate predicate _DataFlowPrivate::userDefaultsMustSuite/2#1909b33c__CfgNodes::ApplyExprCfgNode#62d77bf1__CfgNodes::E__#shared#1/4@4ff398ra
[2026-10-08 00:42:08] (0s)  >>> Created relation _DataFlowPrivate::userDefaultsMustSuite/2#1909b33c__CfgNodes::ApplyExprCfgNode#62d77bf1__CfgNodes::E__#shared#1/4@4ff398ra with 4 rows and digest b7c876tc26g8gqpfkcg1ulf2g31.
[2026-10-08 00:42:08] (0s) Starting to evaluate predicate DataFlowPrivate::userDefaultsInitializerSuite/2#3e915a9a_0#antijoin_rhs/1@b769ee3u
[2026-10-08 00:42:08] (0s)  >>> Created relation DataFlowPrivate::userDefaultsInitializerSuite/2#3e915a9a_0#antijoin_rhs/1@b769ee3u with 1 rows and digest 45fc38b2m4ud5v0umrqksstgm5b.
[2026-10-08 00:42:08] (0s) Starting to evaluate predicate _CfgNodes::ApplyExprCfgNode.getQualifier/0#dispred#7b5c5165_DataFlowPrivate::referenceIncomplete/1#8__#antijoin_rhs#1/4@f98866fn
[2026-10-08 00:42:08] (0s)  >>> Created relation _CfgNodes::ApplyExprCfgNode.getQualifier/0#dispred#7b5c5165_DataFlowPrivate::referenceIncomplete/1#8__#antijoin_rhs#1/4@f98866fn with 0 rows and digest THIS-RELATION-HAS-NO-TUPLES.
[2026-10-08 00:42:08] (0s) Starting to evaluate predicate DataFlowPrivate::userDefaultsReceiverProof/4#1273ad5c/4@70e005il
[2026-10-08 00:42:08] (0s)  >>> Created relation DataFlowPrivate::userDefaultsReceiverProof/4#1273ad5c/4@70e005il with 4 rows and digest 44c236p3orho63uj0t7sj5vlp27.
[2026-10-08 00:42:08] (0s) Starting to evaluate predicate DataFlowPrivate::userDefaultsReceiverProof/4#1273ad5c_03#join_rhs/2@98ebd7tt
[2026-10-08 00:42:08] (0s)  >>> Created relation DataFlowPrivate::userDefaultsReceiverProof/4#1273ad5c_03#join_rhs/2@98ebd7tt with 4 rows and digest d91ec4ngq6hkv9vgg26p58dka02.
[2026-10-08 00:42:08] (0s) Starting to evaluate predicate DataFlowPrivate::userDefaultsReceiverProof/4#1273ad5c_0#antijoin_rhs/1@27eeea5h
[2026-10-08 00:42:08] (0s)  >>> Created relation DataFlowPrivate::userDefaultsReceiverProof/4#1273ad5c_0#antijoin_rhs/1@27eeea5h with 4 rows and digest 2491cfb3abmvn52fme99nvfl10b.
[2026-10-08 00:42:08] (0s) Starting to evaluate predicate PersistenceCoverage::coverageReason/2#ac7e2e6e/2@6e0cec82
[2026-10-08 00:42:08] (0s)  >>> Created relation PersistenceCoverage::coverageReason/2#ac7e2e6e/2@6e0cec82 with 0 rows and digest THIS-RELATION-HAS-NO-TUPLES.
[2026-10-08 00:42:08] (0s) Starting to evaluate predicate DataFlowPrivate::userDefaultsReceiverProof/4#1273ad5c_2301#join_rhs/4@f58869f9
[2026-10-08 00:42:08] (0s)  >>> Created relation DataFlowPrivate::userDefaultsReceiverProof/4#1273ad5c_2301#join_rhs/4@f58869f9 with 4 rows and digest a6ddd34o1uo033q7hokjlu0a0o1.
[2026-10-08 00:42:08] (0s) Starting to evaluate predicate DataFlowPrivate::userDefaultsReceiverProof/4#1273ad5c_1230#join_rhs/4@7b8187ms
[2026-10-08 00:42:08] (0s)  >>> Created relation DataFlowPrivate::userDefaultsReceiverProof/4#1273ad5c_1230#join_rhs/4@7b8187ms with 4 rows and digest 6dedfcs1k0p58g17ce6incesmp5.
[2026-10-08 00:42:08] (0s) Starting to evaluate predicate StringLiteralExpr::Generated::StringLiteralExpr.getValue/0#dispred#8054c029_10#join_rhs/2@ac90cfmf
[2026-10-08 00:42:08] (0s)  >>> Created relation StringLiteralExpr::Generated::StringLiteralExpr.getValue/0#dispred#8054c029_10#join_rhs/2@ac90cfmf with 480 rows and digest e2d3c7qe3nf5gje1ua5jitrlfr8.
[2026-10-08 00:42:08] (0s) Starting to evaluate predicate project#BasicBlock::Make<Location::Location,BasicBlocks::BasicBlocksImpl::BasicBlockInputSig>::Cached::getNode/2#42d576bb_10#join_rhs/2@8c63f0h3
[2026-10-08 00:42:08] (0s)  >>> Created relation project#BasicBlock::Make<Location::Location,BasicBlocks::BasicBlocksImpl::BasicBlockInputSig>::Cached::getNode/2#42d576bb_10#join_rhs/2@8c63f0h3 with 147082 rows and digest f44702oles2utcu9dmhirfdk4mc.
[2026-10-08 00:42:08] (0s) Starting to evaluate predicate project#BasicBlock::Make<Location::Location,BasicBlocks::BasicBlocksImpl::BasicBlockInputSig>::Cached::getNode/2#42d576bb#2/2@71f701lr
[2026-10-08 00:42:08] (0s)  >>> Created relation project#BasicBlock::Make<Location::Location,BasicBlocks::BasicBlocksImpl::BasicBlockInputSig>::Cached::getNode/2#42d576bb#2/2@71f701lr with 147082 rows and digest cf773ah25pds6e4vhkljmj5g39e.
[2026-10-08 00:42:08] (0s) Starting to evaluate predicate project#BasicBlock::Make<Location::Location,BasicBlocks::BasicBlocksImpl::BasicBlockInputSig>::Cached::getNode/2#42d576bb#2_10#join_rhs/2@b3de4dsq
[2026-10-08 00:42:08] (0s)  >>> Created relation project#BasicBlock::Make<Location::Location,BasicBlocks::BasicBlocksImpl::BasicBlockInputSig>::Cached::getNode/2#42d576bb#2_10#join_rhs/2@b3de4dsq with 147082 rows and digest e291fe9tknbl4ch47d1uc5pk7n8.
[2026-10-08 00:42:08] (0s) Starting to evaluate predicate #BasicBlock::Make<Location::Location,BasicBlocks::BasicBlocksImpl::BasicBlockInputSig>::Cached::bbIDominates/2#d13501c8Plus#sinkBound#3/1@54a80eo2
[2026-10-08 00:42:08] (0s)  >>> Created relation #BasicBlock::Make<Location::Location,BasicBlocks::BasicBlocksImpl::BasicBlockInputSig>::Cached::bbIDominates/2#d13501c8Plus#sinkBound#3/1@54a80eo2 with 20207 rows and digest 14fd2an112cg9cmmt52f5dmbbu8.
[2026-10-08 00:42:08] (0s) Starting to evaluate predicate _#BasicBlock::Make<Location::Location,BasicBlocks::BasicBlocksImpl::BasicBlockInputSig>::Cached::bbI__#higher_order_body/1@363e31oj
[2026-10-08 00:42:08] (0s)  >>> Created relation _#BasicBlock::Make<Location::Location,BasicBlocks::BasicBlocksImpl::BasicBlockInputSig>::Cached::bbI__#higher_order_body/1@363e31oj with 4405 rows and digest dae9d3ugngbu0cea7ckk6f507ve.
[2026-10-08 00:42:08] (0s) Starting to evaluate predicate doublyBoundedFastTC:BasicBlock::Make<Location::Location,BasicBlocks::BasicBlocksImpl::BasicBlockInputSig>::Cached::bbIDominates/2#d13501c8:_#BasicBlock::Make<Location::Location,BasicBlocks::BasicBlocksImpl::BasicBlockInputSig>::Cached::bbI__#higher_order_body:#BasicBlock::Make<Location::Location,BasicBlocks::BasicBlocksImpl::BasicBlockInputSig>::Cached::bbIDominates/2#d13501c8Plus#sinkBound#3/2@9f9d8ahq = HOP doublyBoundedFastTC(13,4405,20207)
[2026-10-08 00:42:08] (0s)  >>> Relation doublyBoundedFastTC:BasicBlock::Make<Location::Location,BasicBlocks::BasicBlocksImpl::BasicBlockInputSig>::Cached::bbIDominates/2#d13501c8:_#BasicBlock::Make<Location::Location,BasicBlocks::BasicBlocksImpl::BasicBlockInputSig>::Cached::bbI__#higher_order_body:#BasicBlock::Make<Location::Location,BasicBlocks::BasicBlocksImpl::BasicBlockInputSig>::Cached::bbIDominates/2#d13501c8Plus#sinkBound#3: 27 rows using 0 MB
[2026-10-08 00:42:08] (0s)  >>> Created relation doublyBoundedFastTC:BasicBlock::Make<Location::Location,BasicBlocks::BasicBlocksImpl::BasicBlockInputSig>::Cached::bbIDominates/2#d13501c8:_#BasicBlock::Make<Location::Location,BasicBlocks::BasicBlocksImpl::BasicBlockInputSig>::Cached::bbI__#higher_order_body:#BasicBlock::Make<Location::Location,BasicBlocks::BasicBlocksImpl::BasicBlockInputSig>::Cached::bbIDominates/2#d13501c8Plus#sinkBound#3/2@9f9d8ahq with 27 rows and digest d84bcfueo8rcbtjdm13f627v4r2.
[2026-10-08 00:42:08] (0s) Starting to evaluate predicate PersistenceCoverage::definitelyBefore/2#e071dc08/2@36298c5r
[2026-10-08 00:42:08] (0s)  >>> Created relation PersistenceCoverage::definitelyBefore/2#e071dc08/2@36298c5r with 787 rows and digest 023adba56k45lk8ha798m2moq8f.
[2026-10-08 00:42:08] (0s) Starting to evaluate predicate PersistenceCoverage::initializedRead/1#fdd3e111/1@99a6dalt
[2026-10-08 00:42:08] (0s)  >>> Created relation PersistenceCoverage::initializedRead/1#fdd3e111/1@99a6dalt with 2 rows and digest cc199dr8kt9gq9uisl7m4c9rsrd.
[2026-10-08 00:42:08] (0s) Starting to evaluate predicate CfgNodes::PropertyGetterCfgNode.getAccessor/0#dispred#a82d8b71_10#join_rhs/2@124cecj9
[2026-10-08 00:42:08] (0s)  >>> Created relation CfgNodes::PropertyGetterCfgNode.getAccessor/0#dispred#a82d8b71_10#join_rhs/2@124cecj9 with 13 rows and digest 2d7e04vidv5i6isl9rk0lhg0d14.
[2026-10-08 00:42:08] (0s) Starting to evaluate predicate DataFlowPrivate::TExprNode#c082ac4f_12#join_rhs/2@462e062p
[2026-10-08 00:42:08] (0s)  >>> Created relation DataFlowPrivate::TExprNode#c082ac4f_12#join_rhs/2@462e062p with 39406 rows and digest f61741krj1kaucnov4os8qbcci2.
[2026-10-08 00:42:08] (0s) Starting to evaluate predicate project#ControlFlowGraphImplSpecific::CfgImpl::Cached::getASuccessor/2#a5a1263d/2@a531e0u6
[2026-10-08 00:42:08] (0s)  >>> Created relation project#ControlFlowGraphImplSpecific::CfgImpl::Cached::getASuccessor/2#a5a1263d/2@a531e0u6 with 126892 rows and digest 0d1bf54ga9lpdt6mg5ei3aipr83.
[2026-10-08 00:42:08] (0s) Starting to evaluate predicate #ControlFlowGraph::ControlFlowNode.getASuccessor/0#dispred#76a70257Plus#sinkBound#3#3#3/1@65753855
[2026-10-08 00:42:08] (0s)  >>> Created relation #ControlFlowGraph::ControlFlowNode.getASuccessor/0#dispred#76a70257Plus#sinkBound#3#3#3/1@65753855 with 1 rows and digest f0084d5temv7il000p9npcqta84.
[2026-10-08 00:42:08] (0s) Starting to evaluate predicate #ControlFlowGraph::ControlFlowNode.getASuccessor/0#dispred#76a70257Plus#sinkBound#3#4/1@8028098i
[2026-10-08 00:42:08] (0s)  >>> Created relation #ControlFlowGraph::ControlFlowNode.getASuccessor/0#dispred#76a70257Plus#sinkBound#3#4/1@8028098i with 2 rows and digest 6bf1541t7qmj0jj9kcrscsfkhp5.
[2026-10-08 00:42:08] (0s) Starting to evaluate predicate #ControlFlowGraph::ControlFlowNode.getASuccessor/0#dispred#76a70257Plus#sinkBound#3#5/1@81c73b24
[2026-10-08 00:42:08] (0s)  >>> Created relation #ControlFlowGraph::ControlFlowNode.getASuccessor/0#dispred#76a70257Plus#sinkBound#3#5/1@81c73b24 with 1 rows and digest 00e8cf9rt5qvnc6tspvcliifhsb.
[2026-10-08 00:42:08] (0s) Starting to evaluate predicate #ControlFlowGraph::ControlFlowNode.getASuccessor/0#dispred#76a70257Plus#sinkBound#5/1@327a3bpc
[2026-10-08 00:42:08] (0s)  >>> Created relation #ControlFlowGraph::ControlFlowNode.getASuccessor/0#dispred#76a70257Plus#sinkBound#5/1@327a3bpc with 1 rows and digest c76dc27du1mcfftmmhj5okfp0c9.
[2026-10-08 00:42:08] (0s)  >>> Created relation #ControlFlowGraph::ControlFlowNode.getASuccessor/0#dispred#76a70257Plus#sourceBound#2#3/1@a2f21e2g with 1 rows and digest bf65226orudkc1lbngg6vnovuef.
[2026-10-08 00:42:08] (0s) Starting to evaluate predicate #ControlFlowGraph::ControlFlowNode.getASuccessor/0#dispred#76a70257Plus#sourceBound#4/1@8753acta
[2026-10-08 00:42:08] (0s)  >>> Created relation #ControlFlowGraph::ControlFlowNode.getASuccessor/0#dispred#76a70257Plus#sourceBound#4/1@8753acta with 68 rows and digest 624a0dc8rf31d1rl9tjdksrktie.
[2026-10-08 00:42:08] (0s) Starting to evaluate predicate #ControlFlowGraph::ControlFlowNode.getASuccessor/0#dispred#76a70257Plus#sourceBound#5/1@1c26619o
[2026-10-08 00:42:08] (0s)  >>> Created relation #ControlFlowGraph::ControlFlowNode.getASuccessor/0#dispred#76a70257Plus#sourceBound#5/1@1c26619o with 64 rows and digest db4d72ar4pejrs9o0d9kcfvqqse.
[2026-10-08 00:42:08] (0s) Starting to evaluate predicate _#ControlFlowGraph::ControlFlowNode.getASuccessor/0#dispred#76a70257Plus#sinkBound#2#2#3_#ControlFlo__#higher_order_body/1@f8b4488k
[2026-10-08 00:42:08] (0s)  >>> Created relation _#ControlFlowGraph::ControlFlowNode.getASuccessor/0#dispred#76a70257Plus#sinkBound#2#2#3_#ControlFlo__#higher_order_body/1@f8b4488k with 64 rows and digest db4d72ar4pejrs9o0d9kcfvqqse.
[2026-10-08 00:42:08] (0s) Starting to evaluate predicate #ControlFlowGraph::ControlFlowNode.getASuccessor/0#dispred#76a70257Plus#sinkBound#2#3/1@9f4f69ch
[2026-10-08 00:42:08] (0s)  >>> Created relation #ControlFlowGraph::ControlFlowNode.getASuccessor/0#dispred#76a70257Plus#sinkBound#2#3/1@9f4f69ch with 20194 rows and digest 588d5edld1hf6is7c12v85buua1.
[2026-10-08 00:42:08] (0s) Starting to evaluate predicate #ControlFlowGraph::ControlFlowNode.getASuccessor/0#dispred#76a70257Plus#sinkBound#4/1@4a0584sf
[2026-10-08 00:42:08] (0s)  >>> Created relation #ControlFlowGraph::ControlFlowNode.getASuccessor/0#dispred#76a70257Plus#sinkBound#4/1@4a0584sf with 147082 rows and digest 7c2507ogg9bl4h2l3qq235nc8s3.
[2026-10-08 00:42:08] (0s) Starting to evaluate predicate #ControlFlowGraph::ControlFlowNode.getASuccessor/0#dispred#76a70257Plus#sinkBound#6/1@ed3143sg
[2026-10-08 00:42:08] (0s)  >>> Created relation #ControlFlowGraph::ControlFlowNode.getASuccessor/0#dispred#76a70257Plus#sinkBound#6/1@ed3143sg with 1 rows and digest c76dc27du1mcfftmmhj5okfp0c9.
[2026-10-08 00:42:08] (0s) Starting to evaluate predicate doublyBoundedFastTC:ControlFlowGraph::ControlFlowNode.getASuccessor/0#dispred#76a70257:_#ControlFlowGraph::ControlFlowNode.getASuccessor/0#dispred#76a70257Plus#sinkBound#2#2#3_#ControlFlo__#higher_order_body:#ControlFlowGraph::ControlFlowNode.getASuccessor/0#dispred#76a70257Plus#sinkBound#6/2@59a4afck = HOP doublyBoundedFastTC(126892,64,1)
[2026-10-08 00:42:08] (0s)  >>> Relation doublyBoundedFastTC:ControlFlowGraph::ControlFlowNode.getASuccessor/0#dispred#76a70257:_#ControlFlowGraph::ControlFlowNode.getASuccessor/0#dispred#76a70257Plus#sinkBound#2#2#3_#ControlFlo__#higher_order_body:#ControlFlowGraph::ControlFlowNode.getASuccessor/0#dispred#76a70257Plus#sinkBound#6: 44 rows using 0 MB
[2026-10-08 00:42:08] (0s)  >>> Created relation doublyBoundedFastTC:ControlFlowGraph::ControlFlowNode.getASuccessor/0#dispred#76a70257:_#ControlFlowGraph::ControlFlowNode.getASuccessor/0#dispred#76a70257Plus#sinkBound#2#2#3_#ControlFlo__#higher_order_body:#ControlFlowGraph::ControlFlowNode.getASuccessor/0#dispred#76a70257Plus#sinkBound#6/2@59a4afck with 44 rows and digest fa3ed97tsjd7mta9vdmqo0v96k3.
[2026-10-08 00:42:08] (0s) Starting to evaluate predicate PersistenceCoverage::beforeRead/2#3abd5571/2@7194d4vu
[2026-10-08 00:42:08] (0s)  >>> Created relation PersistenceCoverage::beforeRead/2#3abd5571/2@7194d4vu with 45 rows and digest 80729158ihqebtsu8606huom7gd.
[2026-10-08 00:42:08] (0s) Starting to evaluate predicate PersistenceCoverage::beforeRead/2#3abd5571_10#join_rhs/2@3850a0p6
[2026-10-08 00:42:08] (0s)  >>> Created relation PersistenceCoverage::beforeRead/2#3abd5571_10#join_rhs/2@3850a0p6 with 45 rows and digest 9043ec22dpo5jig36hv4dnp3501.
[2026-10-08 00:42:08] (0s) Starting to evaluate predicate _CfgNodes::ApplyExprCfgNode#62d77bf1_CfgNodes::ApplyExprCfgNode.getStaticTarget/0#dispred#9f17c645#f__#antijoin_rhs/2@4cd60deq
[2026-10-08 00:42:08] (0s)  >>> Created relation _CfgNodes::ApplyExprCfgNode#62d77bf1_CfgNodes::ApplyExprCfgNode.getStaticTarget/0#dispred#9f17c645#f__#antijoin_rhs/2@4cd60deq with 5 rows and digest 7767a0urqr0d6s9fsgukn66kf2b.
[2026-10-08 00:42:08] (0s) Starting to evaluate predicate PersistenceCoverage::incompleteEffect/3#b7357b7f/3@05be9bqr
[2026-10-08 00:42:08] (0s)  >>> Created relation PersistenceCoverage::incompleteEffect/3#b7357b7f/3@05be9bqr with 0 rows and digest THIS-RELATION-HAS-NO-TUPLES.
[2026-10-08 00:42:25] (17s)  >>> Created relation FoundationSources::ownedField/4#e8b6c743/4@acbcfc6a with 18273 rows and digest eb852002v954nc2k35sf5l1ee36.
[2026-10-08 00:42:25] (17s) Starting to evaluate predicate Callable::Generated::Callable.getSelfParam/0#dispred#f0323ad7/2@f56a74l5
[2026-10-08 00:42:25] (17s)  >>> Created relation Callable::Generated::Callable.getSelfParam/0#dispred#f0323ad7/2@f56a74l5 with 36569 rows and digest 6448504oaksj36uroigkdjtiak3.
[2026-10-08 00:42:25] (17s) Starting to evaluate predicate VarDecl::Generated::VarDecl.getType/0#dispred#e5cf2565/2@f1e54cjm
[2026-10-08 00:42:25] (17s)  >>> Created relation VarDecl::Generated::VarDecl.getType/0#dispred#e5cf2565/2@f1e54cjm with 121163 rows and digest 42f0c7joap886o3moq0qhvsv1vb.
[2026-10-08 00:42:25] (17s) Starting to evaluate predicate FoundationIdentity::stringArray/1#482e108f/1@d8069f0c
[2026-10-08 00:42:25] (17s) Starting to evaluate predicate Method::Method.isStaticOrClassMethod/0#dispred#a434593f/1@bcee61b7
[2026-10-08 00:42:25] (17s)  >>> Created relation FoundationIdentity::stringArray/1#482e108f/1@d8069f0c with 2 rows and digest cc6953me1raci47p8hpg13stj0f.
[2026-10-08 00:42:25] (17s)  >>> Created relation Method::Method.isStaticOrClassMethod/0#dispred#a434593f/1@bcee61b7 with 7053 rows and digest 5706edjdth6v9gmg4euho9d3tg9.
[2026-10-08 00:42:25] (17s) Starting to evaluate predicate FoundationSources::processInput/2#18f3dcdb/2@2b0890c1
[2026-10-08 00:42:25] (17s)  >>> Created relation FoundationSources::processInput/2#18f3dcdb/2@2b0890c1 with 1 rows and digest ea4a8704f8ml0444fdbk7oth5s2.
[2026-10-08 00:42:25] (17s) Starting to evaluate predicate PersistenceCoverage::safeInputGetter/1#efdd28b8/1@d8d25chq
[2026-10-08 00:42:25] (17s)  >>> Created relation PersistenceCoverage::safeInputGetter/1#efdd28b8/1@d8d25chq with 3 rows and digest b53b45fisdlrb24t0dv7bo4f167.
[2026-10-08 00:42:25] (17s) Starting to evaluate predicate PersistenceCoverage::scopeIncomplete/3#5a844a12/3@4815c5df
[2026-10-08 00:42:25] (17s)  >>> Created relation PersistenceCoverage::scopeIncomplete/3#5a844a12/3@4815c5df with 0 rows and digest THIS-RELATION-HAS-NO-TUPLES.
[2026-10-08 00:42:25] (17s) Inferred that project#PersistenceCoverage::scopeIncomplete/3#5a844a12/1@8943fd1h is empty, due to PersistenceCoverage::scopeIncomplete/3#5a844a12/3@4815c5df.
[2026-10-08 00:42:25] (17s) Starting to evaluate predicate #select#query/4@e953f40a
[2026-10-08 00:42:25] (17s)  >>> Created relation #select#query/4@e953f40a with 1 rows and digest ecd14b5269iqmbclh8v0176ulpb.
[2026-10-08 00:42:25] (17s) Query done
[2026-10-08 00:42:25] (17s) Sequence stamp origin is -5859826059023586951
[2026-10-08 00:42:25] (17s) Pausing evaluation to sync to disk at sequence stamp o+0
[2026-10-08 00:42:25] (17s) Will trim disk cache to check for obsolete items before writing 79.00B (currently using 12.65MiB).
[2026-10-08 00:42:25] (17s) After trimming, disk cache uses 12.65MiB.
[2026-10-08 00:42:25] (17s) Unpausing evaluation
[2026-10-08 00:42:25] Evaluation of /Users/dave/.codex/worktrees/844d/dataflowbench/execution-state/v090-resume-20261007-05/execution/matrix/adapters/codeql/swift-normal-v1/queries/native/coverage.ql produced BQRS results.
[2026-10-08 00:42:25] [PROGRESS] execute queries> [1/1 eval 17.8s] Evaluation done; writing results to /Users/dave/.codex/worktrees/844d/dataflowbench/execution-state/v090-resume-20261007-05/execution/matrix/reports/raw/swift-common-v2/current108-v090-01/dfb-taint-swift-native-persistence-negative/coverage.bqrs.
[2026-10-08 00:42:25] [PROGRESS] execute queries> Shutting down query evaluator.
[2026-10-08 00:42:25] Pausing evaluation to close the cache at sequence stamp o+1
[2026-10-08 00:42:25] The disk cache is freshly trimmed; leave it be.
[2026-10-08 00:42:25] Unpausing evaluation
[2026-10-08 00:42:25] Exiting with code 0
