[2026-10-08 00:42:26] This is codeql execute queries -J-Xmx1065M --verbosity=progress --logdir=/Users/dave/.codex/worktrees/844d/dataflowbench/execution-state/v090-resume-20261007-05/execution/matrix/reports/raw/swift-common-v2/current108-v090-01/dfb-taint-swift-native-persistence-negative/database/log --evaluator-log-level=5 --threads=2 --warnings=show --additional-packs=/Users/dave/.codex/worktrees/844d/dataflowbench/execution-state/v090-resume-20261007-01/extractor-build/repaired-packs --qlconfig-file=/Users/dave/.codex/worktrees/844d/dataflowbench/execution-state/v090-resume-20261007-05/execution/matrix/qlconfig.yml --dynamic-join-order-mode=none --output=/Users/dave/.codex/worktrees/844d/dataflowbench/execution-state/v090-resume-20261007-05/execution/matrix/reports/raw/swift-common-v2/current108-v090-01/dfb-taint-swift-native-persistence-negative/scopes.bqrs -- /Users/dave/.codex/worktrees/844d/dataflowbench/execution-state/v090-resume-20261007-05/execution/matrix/reports/raw/swift-common-v2/current108-v090-01/dfb-taint-swift-native-persistence-negative/database/db-swift path:/Users/dave/.codex/worktrees/844d/dataflowbench/execution-state/v090-resume-20261007-05/execution/matrix/adapters/codeql/swift-normal-v1/queries/native/scopes.ql
[2026-10-08 00:42:26] Calling plumbing command: codeql resolve queries --additional-packs=/Users/dave/.codex/worktrees/844d/dataflowbench/execution-state/v090-resume-20261007-01/extractor-build/repaired-packs --qlconfig-file=/Users/dave/.codex/worktrees/844d/dataflowbench/execution-state/v090-resume-20261007-05/execution/matrix/qlconfig.yml --format=json -- path:/Users/dave/.codex/worktrees/844d/dataflowbench/execution-state/v090-resume-20261007-05/execution/matrix/adapters/codeql/swift-normal-v1/queries/native/scopes.ql
[2026-10-08 00:42:27] [PROGRESS] resolve queries> Recording pack reference dfb/swift-normal-native at /Users/dave/.codex/worktrees/844d/dataflowbench/execution-state/v090-resume-20261007-05/execution/matrix/adapters/codeql/swift-normal-v1/queries/native.
[2026-10-08 00:42:27] Plumbing command codeql resolve queries completed:
                      [
                        "/Users/dave/.codex/worktrees/844d/dataflowbench/execution-state/v090-resume-20261007-05/execution/matrix/adapters/codeql/swift-normal-v1/queries/native/scopes.ql"
                      ]
[2026-10-08 00:42:27] Refusing fancy output: The terminal is not an xterm: 
[2026-10-08 00:42:27] Creating executor with 2 threads.
[2026-10-08 00:42:27] [PROGRESS] execute queries> Resolving data extensions.
[2026-10-08 00:42:27] Calling plumbing command: codeql resolve extensions --additional-packs=/Users/dave/.codex/worktrees/844d/dataflowbench/execution-state/v090-resume-20261007-01/extractor-build/repaired-packs --qlconfig-file=/Users/dave/.codex/worktrees/844d/dataflowbench/execution-state/v090-resume-20261007-05/execution/matrix/qlconfig.yml --include-extension-row-locations path:/Users/dave/.codex/worktrees/844d/dataflowbench/execution-state/v090-resume-20261007-05/execution/matrix/adapters/codeql/swift-normal-v1/queries/native/scopes.ql
[2026-10-08 00:42:27] Calling plumbing command: codeql resolve queries --additional-packs=/Users/dave/.codex/worktrees/844d/dataflowbench/execution-state/v090-resume-20261007-01/extractor-build/repaired-packs --qlconfig-file=/Users/dave/.codex/worktrees/844d/dataflowbench/execution-state/v090-resume-20261007-05/execution/matrix/qlconfig.yml --allow-library-packs --format startingpacks -- path:/Users/dave/.codex/worktrees/844d/dataflowbench/execution-state/v090-resume-20261007-05/execution/matrix/adapters/codeql/swift-normal-v1/queries/native/scopes.ql
[2026-10-08 00:42:27] [PROGRESS] resolve queries> Recording pack reference dfb/swift-normal-native at /Users/dave/.codex/worktrees/844d/dataflowbench/execution-state/v090-resume-20261007-05/execution/matrix/adapters/codeql/swift-normal-v1/queries/native.
[2026-10-08 00:42:27] Plumbing command codeql resolve queries completed:
                      [
                        "/Users/dave/.codex/worktrees/844d/dataflowbench/execution-state/v090-resume-20261007-05/execution/matrix/adapters/codeql/swift-normal-v1/queries/native"
                      ]
[2026-10-08 00:42:27] Calling plumbing command: codeql resolve extensions-by-pack --additional-packs=/Users/dave/.codex/worktrees/844d/dataflowbench/execution-state/v090-resume-20261007-01/extractor-build/repaired-packs --qlconfig-file=/Users/dave/.codex/worktrees/844d/dataflowbench/execution-state/v090-resume-20261007-05/execution/matrix/qlconfig.yml --include-extension-row-locations -- /Users/dave/.codex/worktrees/844d/dataflowbench/execution-state/v090-resume-20261007-05/execution/matrix/adapters/codeql/swift-normal-v1/queries/native
[2026-10-08 00:42:27] [SPAMMY] resolve extensions-by-pack> [INCOMPATIBILITY] dfb/swift-normal-native: not 0.0.1 {root: dfb/swift-normal-native@0.0.1}
[2026-10-08 00:42:27] [SPAMMY] resolve extensions-by-pack> [DERIVATION] dfb/swift-normal-native: 0.0.1 {dfb/swift-normal-native: not 0.0.1 {root: dfb/swift-normal-native@0.0.1}}
[2026-10-08 00:42:27] [SPAMMY] resolve extensions-by-pack> [INCOMPATIBILITY] dfb/swift-normal-native: * [*], codeql/swift-all: not * [*] {dependency: dfb/swift-normal-native@* [*] requires codeql/swift-all@6.8.4-dfb.entry1}
[2026-10-08 00:42:27] [SPAMMY] resolve extensions-by-pack> [DECISION 1] dfb/swift-normal-native: 0.0.1
[2026-10-08 00:42:27] [SPAMMY] resolve extensions-by-pack> [DERIVATION] codeql/swift-all: * [*] {dfb/swift-normal-native: * [*], codeql/swift-all: not * [*] {dependency: dfb/swift-normal-native@* [*] requires codeql/swift-all@6.8.4-dfb.entry1}}
[2026-10-08 00:42:27] [SPAMMY] resolve extensions-by-pack> [INCOMPATIBILITY] codeql/swift-all: * [*], codeql/concepts: not * [*] {dependency: codeql/swift-all@* [*] requires codeql/concepts@0.0.32}
[2026-10-08 00:42:27] [SPAMMY] resolve extensions-by-pack> [INCOMPATIBILITY] codeql/swift-all: * [*], codeql/controlflow: not * [*] {dependency: codeql/swift-all@* [*] requires codeql/controlflow@2.0.42}
[2026-10-08 00:42:27] [SPAMMY] resolve extensions-by-pack> [INCOMPATIBILITY] codeql/swift-all: * [*], codeql/dataflow: not * [*] {dependency: codeql/swift-all@* [*] requires codeql/dataflow@2.1.14}
[2026-10-08 00:42:27] [SPAMMY] resolve extensions-by-pack> [INCOMPATIBILITY] codeql/swift-all: * [*], codeql/mad: not * [*] {dependency: codeql/swift-all@* [*] requires codeql/mad@1.0.58}
[2026-10-08 00:42:27] [SPAMMY] resolve extensions-by-pack> [INCOMPATIBILITY] codeql/swift-all: * [*], codeql/regex: not * [*] {dependency: codeql/swift-all@* [*] requires codeql/regex@1.0.58}
[2026-10-08 00:42:27] [SPAMMY] resolve extensions-by-pack> [INCOMPATIBILITY] codeql/swift-all: * [*], codeql/ssa: not * [*] {dependency: codeql/swift-all@* [*] requires codeql/ssa@2.0.34}
[2026-10-08 00:42:27] [SPAMMY] resolve extensions-by-pack> [INCOMPATIBILITY] codeql/swift-all: * [*], codeql/tutorial: not * [*] {dependency: codeql/swift-all@* [*] requires codeql/tutorial@1.0.58}
[2026-10-08 00:42:27] [SPAMMY] resolve extensions-by-pack> [INCOMPATIBILITY] codeql/swift-all: * [*], codeql/util: not * [*] {dependency: codeql/swift-all@* [*] requires codeql/util@2.0.45}
[2026-10-08 00:42:27] [SPAMMY] resolve extensions-by-pack> [DECISION 2] codeql/swift-all: 6.8.4-dfb.entry1
[2026-10-08 00:42:27] [SPAMMY] resolve extensions-by-pack> [DERIVATION] codeql/util: * [*] {codeql/swift-all: * [*], codeql/util: not * [*] {dependency: codeql/swift-all@* [*] requires codeql/util@2.0.45}}
[2026-10-08 00:42:27] [SPAMMY] resolve extensions-by-pack> [DERIVATION] codeql/tutorial: * [*] {codeql/swift-all: * [*], codeql/tutorial: not * [*] {dependency: codeql/swift-all@* [*] requires codeql/tutorial@1.0.58}}
[2026-10-08 00:42:27] [SPAMMY] resolve extensions-by-pack> [DERIVATION] codeql/ssa: * [*] {codeql/swift-all: * [*], codeql/ssa: not * [*] {dependency: codeql/swift-all@* [*] requires codeql/ssa@2.0.34}}
[2026-10-08 00:42:27] [SPAMMY] resolve extensions-by-pack> [DERIVATION] codeql/regex: * [*] {codeql/swift-all: * [*], codeql/regex: not * [*] {dependency: codeql/swift-all@* [*] requires codeql/regex@1.0.58}}
[2026-10-08 00:42:27] [SPAMMY] resolve extensions-by-pack> [DERIVATION] codeql/mad: * [*] {codeql/swift-all: * [*], codeql/mad: not * [*] {dependency: codeql/swift-all@* [*] requires codeql/mad@1.0.58}}
[2026-10-08 00:42:27] [SPAMMY] resolve extensions-by-pack> [DERIVATION] codeql/dataflow: * [*] {codeql/swift-all: * [*], codeql/dataflow: not * [*] {dependency: codeql/swift-all@* [*] requires codeql/dataflow@2.1.14}}
[2026-10-08 00:42:27] [SPAMMY] resolve extensions-by-pack> [DERIVATION] codeql/controlflow: * [*] {codeql/swift-all: * [*], codeql/controlflow: not * [*] {dependency: codeql/swift-all@* [*] requires codeql/controlflow@2.0.42}}
[2026-10-08 00:42:27] [SPAMMY] resolve extensions-by-pack> [DERIVATION] codeql/concepts: * [*] {codeql/swift-all: * [*], codeql/concepts: not * [*] {dependency: codeql/swift-all@* [*] requires codeql/concepts@0.0.32}}
[2026-10-08 00:42:27] [SPAMMY] resolve extensions-by-pack> [INCOMPATIBILITY] codeql/concepts: * [*], codeql/dataflow: not * [*] {dependency: codeql/concepts@* [*] requires codeql/dataflow@2.1.14}
[2026-10-08 00:42:27] [SPAMMY] resolve extensions-by-pack> [INCOMPATIBILITY] codeql/concepts: * [*], codeql/util: not * [*] {dependency: codeql/concepts@* [*] requires codeql/util@2.0.45}
[2026-10-08 00:42:27] [SPAMMY] resolve extensions-by-pack> [DECISION 3] codeql/concepts: 0.0.32
[2026-10-08 00:42:27] [SPAMMY] resolve extensions-by-pack> [INCOMPATIBILITY] codeql/controlflow: * [*], codeql/util: not * [*] {dependency: codeql/controlflow@* [*] requires codeql/util@2.0.45}
[2026-10-08 00:42:27] [SPAMMY] resolve extensions-by-pack> [DECISION 4] codeql/controlflow: 2.0.42
[2026-10-08 00:42:27] [SPAMMY] resolve extensions-by-pack> [INCOMPATIBILITY] codeql/dataflow: * [*], codeql/controlflow: not * [*] {dependency: codeql/dataflow@* [*] requires codeql/controlflow@2.0.42}
[2026-10-08 00:42:27] [SPAMMY] resolve extensions-by-pack> [INCOMPATIBILITY] codeql/dataflow: * [*], codeql/ssa: not * [*] {dependency: codeql/dataflow@* [*] requires codeql/ssa@2.0.34}
[2026-10-08 00:42:27] [SPAMMY] resolve extensions-by-pack> [INCOMPATIBILITY] codeql/dataflow: * [*], codeql/typetracking: not * [*] {dependency: codeql/dataflow@* [*] requires codeql/typetracking@2.0.42}
[2026-10-08 00:42:27] [SPAMMY] resolve extensions-by-pack> [INCOMPATIBILITY] codeql/dataflow: * [*], codeql/util: not * [*] {dependency: codeql/dataflow@* [*] requires codeql/util@2.0.45}
[2026-10-08 00:42:27] [SPAMMY] resolve extensions-by-pack> [DECISION 5] codeql/dataflow: 2.1.14
[2026-10-08 00:42:27] [SPAMMY] resolve extensions-by-pack> [DERIVATION] codeql/typetracking: * [*] {codeql/dataflow: * [*], codeql/typetracking: not * [*] {dependency: codeql/dataflow@* [*] requires codeql/typetracking@2.0.42}}
[2026-10-08 00:42:27] [SPAMMY] resolve extensions-by-pack> [INCOMPATIBILITY] codeql/mad: * [*], codeql/dataflow: not * [*] {dependency: codeql/mad@* [*] requires codeql/dataflow@2.1.14}
[2026-10-08 00:42:27] [SPAMMY] resolve extensions-by-pack> [INCOMPATIBILITY] codeql/mad: * [*], codeql/util: not * [*] {dependency: codeql/mad@* [*] requires codeql/util@2.0.45}
[2026-10-08 00:42:27] [SPAMMY] resolve extensions-by-pack> [DECISION 6] codeql/mad: 1.0.58
[2026-10-08 00:42:27] [SPAMMY] resolve extensions-by-pack> [INCOMPATIBILITY] codeql/regex: * [*], codeql/util: not * [*] {dependency: codeql/regex@* [*] requires codeql/util@2.0.45}
[2026-10-08 00:42:27] [SPAMMY] resolve extensions-by-pack> [DECISION 7] codeql/regex: 1.0.58
[2026-10-08 00:42:27] [SPAMMY] resolve extensions-by-pack> [INCOMPATIBILITY] codeql/ssa: * [*], codeql/controlflow: not * [*] {dependency: codeql/ssa@* [*] requires codeql/controlflow@2.0.42}
[2026-10-08 00:42:27] [SPAMMY] resolve extensions-by-pack> [INCOMPATIBILITY] codeql/ssa: * [*], codeql/util: not * [*] {dependency: codeql/ssa@* [*] requires codeql/util@2.0.45}
[2026-10-08 00:42:27] [SPAMMY] resolve extensions-by-pack> [DECISION 8] codeql/ssa: 2.0.34
[2026-10-08 00:42:27] [SPAMMY] resolve extensions-by-pack> [DECISION 9] codeql/tutorial: 1.0.58
[2026-10-08 00:42:27] [SPAMMY] resolve extensions-by-pack> [INCOMPATIBILITY] codeql/typetracking: * [*], codeql/util: not * [*] {dependency: codeql/typetracking@* [*] requires codeql/util@2.0.45}
[2026-10-08 00:42:27] [SPAMMY] resolve extensions-by-pack> [DECISION 10] codeql/typetracking: 2.0.42
[2026-10-08 00:42:27] [SPAMMY] resolve extensions-by-pack> [DECISION 11] codeql/util: 2.0.45
[2026-10-08 00:42:27] [PROGRESS] resolve extensions-by-pack> Loading data extensions in /Users/dave/.codex/worktrees/844d/dataflowbench/execution-state/v090-resume-20261007-01/extractor-build/repaired-packs/codeql/util/2.0.45/ext/default-alert-filter.yml.
[2026-10-08 00:42:27] [DETAILS] resolve extensions-by-pack>   Found extension targeting codeql/util:restrictAlertsTo: 0 tuples.
[2026-10-08 00:42:27] [DETAILS] resolve extensions-by-pack>   Found extension targeting codeql/util:restrictAlertsToExactLocation: 0 tuples.
[2026-10-08 00:42:27] Plumbing command codeql resolve extensions-by-pack completed:
                      {
                        "models" : [ ],
                        "data" : {
                          "/Users/dave/.codex/worktrees/844d/dataflowbench/execution-state/v090-resume-20261007-05/execution/matrix/adapters/codeql/swift-normal-v1/queries/native" : [
                            {
                              "predicate" : "restrictAlertsTo",
                              "file" : "/Users/dave/.codex/worktrees/844d/dataflowbench/execution-state/v090-resume-20261007-01/extractor-build/repaired-packs/codeql/util/2.0.45/ext/default-alert-filter.yml",
                              "index" : 0,
                              "firstRowId" : 0,
                              "rowCount" : 0,
                              "predicateHasOrigin" : false,
                              "locations" : {
                                "lineNumbers" : "A",
                                "columnNumbers" : "A"
                              }
                            },
                            {
                              "predicate" : "restrictAlertsToExactLocation",
                              "file" : "/Users/dave/.codex/worktrees/844d/dataflowbench/execution-state/v090-resume-20261007-01/extractor-build/repaired-packs/codeql/util/2.0.45/ext/default-alert-filter.yml",
                              "index" : 1,
                              "firstRowId" : 0,
                              "rowCount" : 0,
                              "predicateHasOrigin" : false,
                              "locations" : {
                                "lineNumbers" : "A",
                                "columnNumbers" : "A"
                              }
                            }
                          ]
                        },
                        "threatModels" : { },
                        "extensionPacks" : [ ]
                      }
[2026-10-08 00:42:27] Plumbing command codeql resolve extensions completed:
                      {
                        "models" : [ ],
                        "data" : {
                          "/Users/dave/.codex/worktrees/844d/dataflowbench/execution-state/v090-resume-20261007-05/execution/matrix/adapters/codeql/swift-normal-v1/queries/native" : [
                            {
                              "predicate" : "restrictAlertsTo",
                              "file" : "/Users/dave/.codex/worktrees/844d/dataflowbench/execution-state/v090-resume-20261007-01/extractor-build/repaired-packs/codeql/util/2.0.45/ext/default-alert-filter.yml",
                              "index" : 0,
                              "firstRowId" : 0,
                              "rowCount" : 0,
                              "predicateHasOrigin" : false,
                              "locations" : {
                                "lineNumbers" : "A",
                                "columnNumbers" : "A"
                              }
                            },
                            {
                              "predicate" : "restrictAlertsToExactLocation",
                              "file" : "/Users/dave/.codex/worktrees/844d/dataflowbench/execution-state/v090-resume-20261007-01/extractor-build/repaired-packs/codeql/util/2.0.45/ext/default-alert-filter.yml",
                              "index" : 1,
                              "firstRowId" : 0,
                              "rowCount" : 0,
                              "predicateHasOrigin" : false,
                              "locations" : {
                                "lineNumbers" : "A",
                                "columnNumbers" : "A"
                              }
                            }
                          ]
                        },
                        "threatModels" : { },
                        "extensionPacks" : [ ]
                      }
[2026-10-08 00:42:27] [PROGRESS] execute queries> Finished resolving data extensions.
[2026-10-08 00:42:27] [SPAMMY] execute queries> Selected JGit Git client for /Users/dave/.codex/worktrees/844d/dataflowbench/execution-state/v090-resume-20261007-05/execution/matrix/adapters/codeql/swift-normal-v1/queries/native because the repository uses SHA-1 object format.
[2026-10-08 00:42:27] [PROGRESS] execute queries> Loading data extensions.
[2026-10-08 00:42:27] [PROGRESS] execute queries> Finished loading data extensions.
[2026-10-08 00:42:27] Calling plumbing command: codeql resolve library-paths --additional-packs=/Users/dave/.codex/worktrees/844d/dataflowbench/execution-state/v090-resume-20261007-01/extractor-build/repaired-packs --qlconfig-file=/Users/dave/.codex/worktrees/844d/dataflowbench/execution-state/v090-resume-20261007-05/execution/matrix/qlconfig.yml -- /Users/dave/.codex/worktrees/844d/dataflowbench/execution-state/v090-resume-20261007-05/execution/matrix/adapters/codeql/swift-normal-v1/queries/native/scopes.ql
[2026-10-08 00:42:27] [DETAILS] resolve library-paths> Resolving query at normalized path /Users/dave/.codex/worktrees/844d/dataflowbench/execution-state/v090-resume-20261007-05/execution/matrix/adapters/codeql/swift-normal-v1/queries/native/scopes.ql.
[2026-10-08 00:42:27] [DETAILS] resolve library-paths> Found enclosing pack 'dfb/swift-normal-native' at /Users/dave/.codex/worktrees/844d/dataflowbench/execution-state/v090-resume-20261007-05/execution/matrix/adapters/codeql/swift-normal-v1/queries/native.
[2026-10-08 00:42:27] [DETAILS] resolve library-paths> Adding compilation cache at /Users/dave/.codeql/compile-cache.
[2026-10-08 00:42:27] [DETAILS] resolve library-paths> Resolving library dependencies from /Users/dave/.codex/worktrees/844d/dataflowbench/execution-state/v090-resume-20261007-05/execution/matrix/adapters/codeql/swift-normal-v1/queries/native/qlpack.yml.
[2026-10-08 00:42:27] [SPAMMY] resolve library-paths> [INCOMPATIBILITY] dfb/swift-normal-native: not 0.0.1 {root: dfb/swift-normal-native@0.0.1}
[2026-10-08 00:42:27] [SPAMMY] resolve library-paths> [DERIVATION] dfb/swift-normal-native: 0.0.1 {dfb/swift-normal-native: not 0.0.1 {root: dfb/swift-normal-native@0.0.1}}
[2026-10-08 00:42:27] [SPAMMY] resolve library-paths> [INCOMPATIBILITY] dfb/swift-normal-native: * [*], codeql/swift-all: not * [*] {dependency: dfb/swift-normal-native@* [*] requires codeql/swift-all@6.8.4-dfb.entry1}
[2026-10-08 00:42:27] [SPAMMY] resolve library-paths> [DECISION 1] dfb/swift-normal-native: 0.0.1
[2026-10-08 00:42:27] [SPAMMY] resolve library-paths> [DERIVATION] codeql/swift-all: * [*] {dfb/swift-normal-native: * [*], codeql/swift-all: not * [*] {dependency: dfb/swift-normal-native@* [*] requires codeql/swift-all@6.8.4-dfb.entry1}}
[2026-10-08 00:42:27] [SPAMMY] resolve library-paths> [INCOMPATIBILITY] codeql/swift-all: * [*], codeql/concepts: not * [*] {dependency: codeql/swift-all@* [*] requires codeql/concepts@0.0.32}
[2026-10-08 00:42:27] [SPAMMY] resolve library-paths> [INCOMPATIBILITY] codeql/swift-all: * [*], codeql/controlflow: not * [*] {dependency: codeql/swift-all@* [*] requires codeql/controlflow@2.0.42}
[2026-10-08 00:42:27] [SPAMMY] resolve library-paths> [INCOMPATIBILITY] codeql/swift-all: * [*], codeql/dataflow: not * [*] {dependency: codeql/swift-all@* [*] requires codeql/dataflow@2.1.14}
[2026-10-08 00:42:27] [SPAMMY] resolve library-paths> [INCOMPATIBILITY] codeql/swift-all: * [*], codeql/mad: not * [*] {dependency: codeql/swift-all@* [*] requires codeql/mad@1.0.58}
[2026-10-08 00:42:27] [SPAMMY] resolve library-paths> [INCOMPATIBILITY] codeql/swift-all: * [*], codeql/regex: not * [*] {dependency: codeql/swift-all@* [*] requires codeql/regex@1.0.58}
[2026-10-08 00:42:27] [SPAMMY] resolve library-paths> [INCOMPATIBILITY] codeql/swift-all: * [*], codeql/ssa: not * [*] {dependency: codeql/swift-all@* [*] requires codeql/ssa@2.0.34}
[2026-10-08 00:42:27] [SPAMMY] resolve library-paths> [INCOMPATIBILITY] codeql/swift-all: * [*], codeql/tutorial: not * [*] {dependency: codeql/swift-all@* [*] requires codeql/tutorial@1.0.58}
[2026-10-08 00:42:27] [SPAMMY] resolve library-paths> [INCOMPATIBILITY] codeql/swift-all: * [*], codeql/util: not * [*] {dependency: codeql/swift-all@* [*] requires codeql/util@2.0.45}
[2026-10-08 00:42:27] [SPAMMY] resolve library-paths> [DECISION 2] codeql/swift-all: 6.8.4-dfb.entry1
[2026-10-08 00:42:27] [SPAMMY] resolve library-paths> [DERIVATION] codeql/util: * [*] {codeql/swift-all: * [*], codeql/util: not * [*] {dependency: codeql/swift-all@* [*] requires codeql/util@2.0.45}}
[2026-10-08 00:42:27] [SPAMMY] resolve library-paths> [DERIVATION] codeql/tutorial: * [*] {codeql/swift-all: * [*], codeql/tutorial: not * [*] {dependency: codeql/swift-all@* [*] requires codeql/tutorial@1.0.58}}
[2026-10-08 00:42:27] [SPAMMY] resolve library-paths> [DERIVATION] codeql/ssa: * [*] {codeql/swift-all: * [*], codeql/ssa: not * [*] {dependency: codeql/swift-all@* [*] requires codeql/ssa@2.0.34}}
[2026-10-08 00:42:27] [SPAMMY] resolve library-paths> [DERIVATION] codeql/regex: * [*] {codeql/swift-all: * [*], codeql/regex: not * [*] {dependency: codeql/swift-all@* [*] requires codeql/regex@1.0.58}}
[2026-10-08 00:42:27] [SPAMMY] resolve library-paths> [DERIVATION] codeql/mad: * [*] {codeql/swift-all: * [*], codeql/mad: not * [*] {dependency: codeql/swift-all@* [*] requires codeql/mad@1.0.58}}
[2026-10-08 00:42:27] [SPAMMY] resolve library-paths> [DERIVATION] codeql/dataflow: * [*] {codeql/swift-all: * [*], codeql/dataflow: not * [*] {dependency: codeql/swift-all@* [*] requires codeql/dataflow@2.1.14}}
[2026-10-08 00:42:27] [SPAMMY] resolve library-paths> [DERIVATION] codeql/controlflow: * [*] {codeql/swift-all: * [*], codeql/controlflow: not * [*] {dependency: codeql/swift-all@* [*] requires codeql/controlflow@2.0.42}}
[2026-10-08 00:42:27] [SPAMMY] resolve library-paths> [DERIVATION] codeql/concepts: * [*] {codeql/swift-all: * [*], codeql/concepts: not * [*] {dependency: codeql/swift-all@* [*] requires codeql/concepts@0.0.32}}
[2026-10-08 00:42:27] [SPAMMY] resolve library-paths> [INCOMPATIBILITY] codeql/concepts: * [*], codeql/dataflow: not * [*] {dependency: codeql/concepts@* [*] requires codeql/dataflow@2.1.14}
[2026-10-08 00:42:27] [SPAMMY] resolve library-paths> [INCOMPATIBILITY] codeql/concepts: * [*], codeql/util: not * [*] {dependency: codeql/concepts@* [*] requires codeql/util@2.0.45}
[2026-10-08 00:42:27] [SPAMMY] resolve library-paths> [DECISION 3] codeql/concepts: 0.0.32
[2026-10-08 00:42:27] [SPAMMY] resolve library-paths> [INCOMPATIBILITY] codeql/controlflow: * [*], codeql/util: not * [*] {dependency: codeql/controlflow@* [*] requires codeql/util@2.0.45}
[2026-10-08 00:42:27] [SPAMMY] resolve library-paths> [DECISION 4] codeql/controlflow: 2.0.42
[2026-10-08 00:42:27] [SPAMMY] resolve library-paths> [INCOMPATIBILITY] codeql/dataflow: * [*], codeql/controlflow: not * [*] {dependency: codeql/dataflow@* [*] requires codeql/controlflow@2.0.42}
[2026-10-08 00:42:27] [SPAMMY] resolve library-paths> [INCOMPATIBILITY] codeql/dataflow: * [*], codeql/ssa: not * [*] {dependency: codeql/dataflow@* [*] requires codeql/ssa@2.0.34}
[2026-10-08 00:42:27] [SPAMMY] resolve library-paths> [INCOMPATIBILITY] codeql/dataflow: * [*], codeql/typetracking: not * [*] {dependency: codeql/dataflow@* [*] requires codeql/typetracking@2.0.42}
[2026-10-08 00:42:27] [SPAMMY] resolve library-paths> [INCOMPATIBILITY] codeql/dataflow: * [*], codeql/util: not * [*] {dependency: codeql/dataflow@* [*] requires codeql/util@2.0.45}
[2026-10-08 00:42:27] [SPAMMY] resolve library-paths> [DECISION 5] codeql/dataflow: 2.1.14
[2026-10-08 00:42:27] [SPAMMY] resolve library-paths> [DERIVATION] codeql/typetracking: * [*] {codeql/dataflow: * [*], codeql/typetracking: not * [*] {dependency: codeql/dataflow@* [*] requires codeql/typetracking@2.0.42}}
[2026-10-08 00:42:27] [SPAMMY] resolve library-paths> [INCOMPATIBILITY] codeql/mad: * [*], codeql/dataflow: not * [*] {dependency: codeql/mad@* [*] requires codeql/dataflow@2.1.14}
[2026-10-08 00:42:27] [SPAMMY] resolve library-paths> [INCOMPATIBILITY] codeql/mad: * [*], codeql/util: not * [*] {dependency: codeql/mad@* [*] requires codeql/util@2.0.45}
[2026-10-08 00:42:27] [SPAMMY] resolve library-paths> [DECISION 6] codeql/mad: 1.0.58
[2026-10-08 00:42:27] [SPAMMY] resolve library-paths> [INCOMPATIBILITY] codeql/regex: * [*], codeql/util: not * [*] {dependency: codeql/regex@* [*] requires codeql/util@2.0.45}
[2026-10-08 00:42:27] [SPAMMY] resolve library-paths> [DECISION 7] codeql/regex: 1.0.58
[2026-10-08 00:42:27] [SPAMMY] resolve library-paths> [INCOMPATIBILITY] codeql/ssa: * [*], codeql/controlflow: not * [*] {dependency: codeql/ssa@* [*] requires codeql/controlflow@2.0.42}
[2026-10-08 00:42:27] [SPAMMY] resolve library-paths> [INCOMPATIBILITY] codeql/ssa: * [*], codeql/util: not * [*] {dependency: codeql/ssa@* [*] requires codeql/util@2.0.45}
[2026-10-08 00:42:27] [SPAMMY] resolve library-paths> [DECISION 8] codeql/ssa: 2.0.34
[2026-10-08 00:42:27] [SPAMMY] resolve library-paths> [DECISION 9] codeql/tutorial: 1.0.58
[2026-10-08 00:42:27] [SPAMMY] resolve library-paths> [INCOMPATIBILITY] codeql/typetracking: * [*], codeql/util: not * [*] {dependency: codeql/typetracking@* [*] requires codeql/util@2.0.45}
[2026-10-08 00:42:27] [SPAMMY] resolve library-paths> [DECISION 10] codeql/typetracking: 2.0.42
[2026-10-08 00:42:27] [SPAMMY] resolve library-paths> [DECISION 11] codeql/util: 2.0.45
[2026-10-08 00:42:27] [DETAILS] resolve library-paths> QL pack dependencies for /Users/dave/.codex/worktrees/844d/dataflowbench/execution-state/v090-resume-20261007-05/execution/matrix/adapters/codeql/swift-normal-v1/queries/native resolved OK.
[2026-10-08 00:42:27] [DETAILS] resolve library-paths> Found dbscheme through QL packs: /Users/dave/.codex/worktrees/844d/dataflowbench/execution-state/v090-resume-20261007-01/extractor-build/repaired-packs/codeql/swift-all/6.8.4-dfb.entry1/swift.dbscheme.
[2026-10-08 00:42:27] Plumbing command codeql resolve library-paths completed:
                      {
                        "/Users/dave/.codex/worktrees/844d/dataflowbench/execution-state/v090-resume-20261007-05/execution/matrix/adapters/codeql/swift-normal-v1/queries/native/scopes.ql" : {
                          "libraryPath" : [
                            "/Users/dave/.codex/worktrees/844d/dataflowbench/execution-state/v090-resume-20261007-05/execution/matrix/adapters/codeql/swift-normal-v1/queries/native",
                            "/Users/dave/.codex/worktrees/844d/dataflowbench/execution-state/v090-resume-20261007-01/extractor-build/repaired-packs/codeql/swift-all/6.8.4-dfb.entry1",
                            "/Users/dave/.codex/worktrees/844d/dataflowbench/execution-state/v090-resume-20261007-01/extractor-build/repaired-packs/codeql/concepts/0.0.32",
                            "/Users/dave/.codex/worktrees/844d/dataflowbench/execution-state/v090-resume-20261007-01/extractor-build/repaired-packs/codeql/controlflow/2.0.42",
                            "/Users/dave/.codex/worktrees/844d/dataflowbench/execution-state/v090-resume-20261007-01/extractor-build/repaired-packs/codeql/dataflow/2.1.14",
                            "/Users/dave/.codex/worktrees/844d/dataflowbench/execution-state/v090-resume-20261007-01/extractor-build/repaired-packs/codeql/mad/1.0.58",
                            "/Users/dave/.codex/worktrees/844d/dataflowbench/execution-state/v090-resume-20261007-01/extractor-build/repaired-packs/codeql/regex/1.0.58",
                            "/Users/dave/.codex/worktrees/844d/dataflowbench/execution-state/v090-resume-20261007-01/extractor-build/repaired-packs/codeql/ssa/2.0.34",
                            "/Users/dave/.codex/worktrees/844d/dataflowbench/execution-state/v090-resume-20261007-01/extractor-build/repaired-packs/codeql/tutorial/1.0.58",
                            "/Users/dave/.codex/worktrees/844d/dataflowbench/execution-state/v090-resume-20261007-01/extractor-build/repaired-packs/codeql/typetracking/2.0.42",
                            "/Users/dave/.codex/worktrees/844d/dataflowbench/execution-state/v090-resume-20261007-01/extractor-build/repaired-packs/codeql/util/2.0.45"
                          ],
                          "dbscheme" : "/Users/dave/.codex/worktrees/844d/dataflowbench/execution-state/v090-resume-20261007-01/extractor-build/repaired-packs/codeql/swift-all/6.8.4-dfb.entry1/swift.dbscheme",
                          "compilationCache" : [
                            "/Users/dave/.codeql/compile-cache"
                          ],
                          "relativeName" : "dfb/swift-normal-native/scopes.ql",
                          "qlPackName" : "dfb/swift-normal-native"
                        }
                      }
[2026-10-08 00:42:27] [WARN] execute queries> Not caching stages during query-loading, since max heap size is only 1072 MB.
[2026-10-08 00:42:27] [PROGRESS] execute queries> Compiling query plan for /Users/dave/.codex/worktrees/844d/dataflowbench/execution-state/v090-resume-20261007-05/execution/matrix/adapters/codeql/swift-normal-v1/queries/native/scopes.ql.
[2026-10-08 00:42:27] [DETAILS] execute queries> Resolving imports for /Users/dave/.codex/worktrees/844d/dataflowbench/execution-state/v090-resume-20261007-05/execution/matrix/adapters/codeql/swift-normal-v1/queries/native/scopes.ql.
[2026-10-08 00:42:27] Resolved file set for /Users/dave/.codex/worktrees/844d/dataflowbench/execution-state/v090-resume-20261007-05/execution/matrix/adapters/codeql/swift-normal-v1/queries/native/scopes.ql hashes to b4cfde907afa05308e154da032060d18.
[2026-10-08 00:42:28] [DETAILS] execute queries> Compilation cache hit for /Users/dave/.codex/worktrees/844d/dataflowbench/execution-state/v090-resume-20261007-05/execution/matrix/adapters/codeql/swift-normal-v1/queries/native/scopes.ql.
[2026-10-08 00:42:28] [SPAMMY] execute queries> No database upgrade/downgrade needed for /Users/dave/.codex/worktrees/844d/dataflowbench/execution-state/v090-resume-20261007-05/execution/matrix/adapters/codeql/swift-normal-v1/queries/native/scopes.ql
[2026-10-08 00:42:28] Inferred that cached_Synth::Synth::TDotSyntaxCallExpr#91e4431b/2@c2abb08j is empty, due to Synth::Synth::TDotSyntaxCallExpr#91e4431b/2@3dd06euq.
[2026-10-08 00:42:28] Inferred that cached_Synth::Synth::TInitializerRefCallExpr#e9f980ca/2@a82699ne is empty, due to Synth::Synth::TInitializerRefCallExpr#e9f980ca/2@235405e1.
[2026-10-08 00:42:28] [PROGRESS] execute queries> [1/1] Found in cache: /Users/dave/.codex/worktrees/844d/dataflowbench/execution-state/v090-resume-20261007-05/execution/matrix/adapters/codeql/swift-normal-v1/queries/native/scopes.ql.
[2026-10-08 00:42:28] [PROGRESS] execute queries> Starting evaluation of dfb/swift-normal-native/scopes.ql.
[2026-10-08 00:42:28] Starting evaluation of /Users/dave/.codex/worktrees/844d/dataflowbench/execution-state/v090-resume-20261007-05/execution/matrix/adapters/codeql/swift-normal-v1/queries/native/scopes.ql
[2026-10-08 00:42:28] (0s) Start query execution
[2026-10-08 00:42:28] (0s) Beginning execution of /Users/dave/.codex/worktrees/844d/dataflowbench/execution-state/v090-resume-20261007-05/execution/matrix/adapters/codeql/swift-normal-v1/queries/native/scopes.ql
[2026-10-08 00:42:28] (0s)  >>> Full cache hit cached_Synth::Synth::TDbFile#b2c67645/2@e152167t with 702 rows and digest 11c196c0ij7li04m8udgjcjcktf.
[2026-10-08 00:42:28] (0s)  >>> Full cache hit cached_Synth::Synth::TDbLocation#1ddf3b70/2@388479pj with 37880 rows and digest e234fb5e94sd19rregjsvdcl6r8.
[2026-10-08 00:42:28] (0s)  >>> Full cache hit cached_Synth::Synth::TUnknownFile#a2d95cfc/1@571018cm with 1 rows and digest 4f37e7oufte61mdri2jstebfmfd.
[2026-10-08 00:42:28] (0s)  >>> Full cache hit cached_Synth::Synth::TUnknownLocation#bf999122/1@767bfcas with 1 rows and digest dec86bqglsnt9clm3pkho3gklba.
[2026-10-08 00:42:28] (0s)  >>> First-level cache hit cached_Synth::Synth::TDifferentiableFunctionExtractOriginalExpr#0bfec5d3/2@ea10f180 with empty relation.
[2026-10-08 00:42:28] (0s)  >>> First-level cache hit cached_Synth::Synth::TPropertyWrapperValuePlaceholderExpr#8e089f89/2@de1d5b44 with empty relation.
[2026-10-08 00:42:28] (0s) Inferred that Synth::Synth::TDifferentiableFunctionExtractOriginalExpr#0bfec5d3_1#join_rhs/1@3b0c1986 is empty, due to cached_Synth::Synth::TDifferentiableFunctionExtractOriginalExpr#0bfec5d3/2@ea10f180.
[2026-10-08 00:42:28] (0s)  >>> First-level cache hit cached_Synth::Synth::TLinearToDifferentiableFunctionExpr#14ac48e5/2@333011oo with empty relation.
[2026-10-08 00:42:28] (0s) Inferred that Synth::Synth::TLinearToDifferentiableFunctionExpr#14ac48e5_1#join_rhs/1@cc5135pr is empty, due to cached_Synth::Synth::TLinearToDifferentiableFunctionExpr#14ac48e5/2@333011oo.
[2026-10-08 00:42:28] (0s)  >>> First-level cache hit cached_Synth::Synth::TLinearFunctionExtractOriginalExpr#a0a54307/2@247547tf with empty relation.
[2026-10-08 00:42:28] (0s)  >>> First-level cache hit cached_Synth::Synth::TUnresolvedMemberChainResultExpr#9e61fe98/2@975c06ts with empty relation.
[2026-10-08 00:42:28] (0s) Inferred that Synth::Synth::TLinearFunctionExtractOriginalExpr#a0a54307_1#join_rhs/1@2bf4c04e is empty, due to cached_Synth::Synth::TLinearFunctionExtractOriginalExpr#a0a54307/2@247547tf.
[2026-10-08 00:42:28] (0s)  >>> First-level cache hit cached_Synth::Synth::TExistentialMetatypeToObjectExpr#a1c04933/2@a7f5e9hm with empty relation.
[2026-10-08 00:42:28] (0s) Inferred that Synth::Synth::TExistentialMetatypeToObjectExpr#a1c04933_1#join_rhs/1@4f8b9e9c is empty, due to cached_Synth::Synth::TExistentialMetatypeToObjectExpr#a1c04933/2@a7f5e9hm.
[2026-10-08 00:42:28] (0s)  >>> First-level cache hit cached_Synth::Synth::TCovariantFunctionConversionExpr#e0dd248d/2@72ec97au with empty relation.
[2026-10-08 00:42:28] (0s) Inferred that Synth::Synth::TCovariantFunctionConversionExpr#e0dd248d_1#join_rhs/1@fb512bt3 is empty, due to cached_Synth::Synth::TCovariantFunctionConversionExpr#e0dd248d/2@72ec97au.
[2026-10-08 00:42:28] (0s)  >>> First-level cache hit cached_Synth::Synth::TCollectionUpcastConversionExpr#1fef3f7e/2@a7402ctr with empty relation.
[2026-10-08 00:42:28] (0s) Inferred that Synth::Synth::TCollectionUpcastConversionExpr#1fef3f7e_1#join_rhs/1@a7a0c1gq is empty, due to cached_Synth::Synth::TCollectionUpcastConversionExpr#1fef3f7e/2@a7402ctr.
[2026-10-08 00:42:28] (0s)  >>> First-level cache hit cached_Synth::Synth::TInterpolatedStringLiteralExpr#9d3a89a5/2@731191jt with empty relation.
[2026-10-08 00:42:28] (0s) Inferred that Synth::Synth::TInterpolatedStringLiteralExpr#9d3a89a5_1#antijoin_rhs/1@bb3796f8 is empty, due to cached_Synth::Synth::TInterpolatedStringLiteralExpr#9d3a89a5/2@731191jt.
[2026-10-08 00:42:28] (0s)  >>> First-level cache hit cached_Synth::Synth::TCovariantReturnConversionExpr#5c3f45a1/2@c6eb2bh3 with empty relation.
[2026-10-08 00:42:28] (0s) Inferred that InterpolatedStringLiteralExpr::Generated::InterpolatedStringLiteralExpr.getAppendingExpr/0#dispred#50a864d0/2@5e3828oe is empty, due to cached_Synth::Synth::TInterpolatedStringLiteralExpr#9d3a89a5/2@731191jt.
[2026-10-08 00:42:28] (0s) Inferred that ControlFlowGraphImpl::Exprs::InterpolatedStringLiteralExprTree#643303fa/2@b28035sl is empty, due to Synth::Synth::TInterpolatedStringLiteralExpr#9d3a89a5_1#antijoin_rhs/1@bb3796f8.
[2026-10-08 00:42:28] (0s) Inferred that Synth::Synth::TCovariantReturnConversionExpr#5c3f45a1_1#join_rhs/1@4669c84i is empty, due to cached_Synth::Synth::TCovariantReturnConversionExpr#5c3f45a1/2@c6eb2bh3.
[2026-10-08 00:42:28] (0s)  >>> First-level cache hit cached_Synth::Synth::TConditionalBridgeFromObjCExpr#f87ddf23/2@c1ce5ed4 with empty relation.
[2026-10-08 00:42:28] (0s) Inferred that Synth::Synth::TConditionalBridgeFromObjCExpr#f87ddf23_1#join_rhs/1@766d2aeh is empty, due to cached_Synth::Synth::TConditionalBridgeFromObjCExpr#f87ddf23/2@c1ce5ed4.
[2026-10-08 00:42:28] (0s)  >>> First-level cache hit cached_Synth::Synth::TUnresolvedTypeConversionExpr#3415bbc8/2@ffac3dvt with empty relation.
[2026-10-08 00:42:28] (0s)  >>> First-level cache hit cached_Synth::Synth::TProtocolMetatypeToObjectExpr#7be9d010/2@866160hq with empty relation.
[2026-10-08 00:42:28] (0s) Inferred that Synth::Synth::TProtocolMetatypeToObjectExpr#7be9d010_1#join_rhs/1@1e408a31 is empty, due to cached_Synth::Synth::TProtocolMetatypeToObjectExpr#7be9d010/2@866160hq.
[2026-10-08 00:42:28] (0s)  >>> First-level cache hit cached_Synth::Synth::TMakeTemporarilyEscapableExpr#abd7b139/2@f25a31vp with empty relation.
[2026-10-08 00:42:28] (0s) Inferred that MakeTemporarilyEscapableExpr::Generated::MakeTemporarilyEscapableExpr.getImmediateEscapingClosure/0#dispred#bdcc689c/2@431705ck is empty, due to cached_Synth::Synth::TMakeTemporarilyEscapableExpr#abd7b139/2@f25a31vp.
[2026-10-08 00:42:28] (0s) Inferred that MakeTemporarilyEscapableExpr::Generated::MakeTemporarilyEscapableExpr.getImmediateNonescapingClosure/0#dispred#392d2192/2@a8dd158f is empty, due to cached_Synth::Synth::TMakeTemporarilyEscapableExpr#abd7b139/2@f25a31vp.
[2026-10-08 00:42:28] (0s) Inferred that MakeTemporarilyEscapableExpr::Generated::MakeTemporarilyEscapableExpr.getImmediateSubExpr/0#dispred#29c2e8d2/2@1093591q is empty, due to cached_Synth::Synth::TMakeTemporarilyEscapableExpr#abd7b139/2@f25a31vp.
[2026-10-08 00:42:28] (0s)  >>> First-level cache hit cached_Synth::Synth::TExtractFunctionIsolationExpr#f24411e5/2@352fa51r with empty relation.
[2026-10-08 00:42:28] (0s)  >>> First-level cache hit cached_Synth::Synth::TRebindSelfInInitializerExpr#3360a566/2@f266acnd with empty relation.
[2026-10-08 00:42:28] (0s) Inferred that ExtractFunctionIsolationExpr::Generated::ExtractFunctionIsolationExpr.getImmediateFunctionExpr/0#dispred#e5804c2d/2@e29b3ai5 is empty, due to cached_Synth::Synth::TExtractFunctionIsolationExpr#f24411e5/2@352fa51r.
[2026-10-08 00:42:28] (0s) Inferred that ControlFlowGraphImpl::Exprs::ExtractFunctionIsolationTree#e2dffcca/2@5559755u is empty, due to cached_Synth::Synth::TExtractFunctionIsolationExpr#f24411e5/2@352fa51r.
[2026-10-08 00:42:28] (0s) Inferred that ExtractFunctionIsolationExpr::Generated::ExtractFunctionIsolationExpr.getFunctionExpr/0#dispred#bd1de19d/2@253236fp is empty, due to cached_Synth::Synth::TExtractFunctionIsolationExpr#f24411e5/2@352fa51r.
[2026-10-08 00:42:28] (0s) Inferred that RebindSelfInInitializerExpr::Generated::RebindSelfInInitializerExpr.getImmediateSubExpr/0#dispred#245da8a3/2@6849e5g4 is empty, due to cached_Synth::Synth::TRebindSelfInInitializerExpr#3360a566/2@f266acnd.
[2026-10-08 00:42:28] (0s) Inferred that ControlFlowGraphImpl::Exprs::RebindSelfInInitializerTree#70ad429e/2@5d0bffdb is empty, due to cached_Synth::Synth::TRebindSelfInInitializerExpr#3360a566/2@f266acnd.
[2026-10-08 00:42:28] (0s) Inferred that RebindSelfInInitializerExpr::Generated::RebindSelfInInitializerExpr.getSubExpr/0#dispred#5edf26c2/2@95fd8cjn is empty, due to cached_Synth::Synth::TRebindSelfInInitializerExpr#3360a566/2@f266acnd.
[2026-10-08 00:42:28] (0s)  >>> First-level cache hit cached_Synth::Synth::TForeignObjectConversionExpr#077500b5/2@9d10a3os with empty relation.
[2026-10-08 00:42:28] (0s) Inferred that Synth::Synth::TForeignObjectConversionExpr#077500b5_1#join_rhs/1@2b58aaps is empty, due to cached_Synth::Synth::TForeignObjectConversionExpr#077500b5/2@9d10a3os.
[2026-10-08 00:42:28] (0s)  >>> First-level cache hit cached_Synth::Synth::TCurrentContextIsolationExpr#ebdd1812/2@4233a058 with empty relation.
[2026-10-08 00:42:28] (0s) Inferred that ControlFlowGraphImpl::Exprs::CurrentContextIsolationTree#1f355fdc/2@1f748f57 is empty, due to cached_Synth::Synth::TCurrentContextIsolationExpr#ebdd1812/2@4233a058.
[2026-10-08 00:42:28] (0s) Inferred that CurrentContextIsolationExpr::Generated::CurrentContextIsolationExpr.getActor/0#dispred#3432a030/2@4781ack5 is empty, due to cached_Synth::Synth::TCurrentContextIsolationExpr#ebdd1812/2@4233a058.
[2026-10-08 00:42:28] (0s)  >>> First-level cache hit cached_Synth::Synth::TMagicIdentifierLiteralExpr#95c0fc2d/2@a22e9a39 with empty relation.
[2026-10-08 00:42:28] (0s)  >>> First-level cache hit cached_Synth::Synth::TDifferentiableFunctionExpr#c86fe24b/2@c3de03rp with empty relation.
[2026-10-08 00:42:28] (0s) Inferred that Synth::Synth::TDifferentiableFunctionExpr#c86fe24b_1#join_rhs/1@7420c6lm is empty, due to cached_Synth::Synth::TDifferentiableFunctionExpr#c86fe24b/2@c3de03rp.
[2026-10-08 00:42:28] (0s)  >>> First-level cache hit cached_Synth::Synth::TConditionalCheckedCastExpr#f5e920c9/2@1f4fb6nv with empty relation.
[2026-10-08 00:42:28] (0s) Inferred that Synth::Synth::TConditionalCheckedCastExpr#f5e920c9_1#join_rhs/1@6d27c4u6 is empty, due to cached_Synth::Synth::TConditionalCheckedCastExpr#f5e920c9/2@1f4fb6nv.
[2026-10-08 00:42:28] (0s)  >>> First-level cache hit cached_Synth::Synth::TAppliedPropertyWrapperExpr#8df015f0/2@7a0db0vp with empty relation.
[2026-10-08 00:42:28] (0s) Inferred that AppliedPropertyWrapperExpr::Generated::AppliedPropertyWrapperExpr.getImmediateValue/0#dispred#4f3ae5bf/2@0defe6cv is empty, due to cached_Synth::Synth::TAppliedPropertyWrapperExpr#8df015f0/2@7a0db0vp.
[2026-10-08 00:42:28] (0s)  >>> First-level cache hit cached_Synth::Synth::TClassMetatypeToObjectExpr#c160980e/2@b632dfug with empty relation.
[2026-10-08 00:42:28] (0s) Inferred that Synth::Synth::TClassMetatypeToObjectExpr#c160980e_1#join_rhs/1@0e078683 is empty, due to cached_Synth::Synth::TClassMetatypeToObjectExpr#c160980e/2@b632dfug.
[2026-10-08 00:42:28] (0s)  >>> First-level cache hit cached_Synth::Synth::TActorIsolationErasureExpr#dd3bba94/2@9693f67j with empty relation.
[2026-10-08 00:42:28] (0s) Inferred that Synth::Synth::TActorIsolationErasureExpr#dd3bba94_1#join_rhs/1@a3e8faol is empty, due to cached_Synth::Synth::TActorIsolationErasureExpr#dd3bba94/2@9693f67j.
[2026-10-08 00:42:28] (0s)  >>> First-level cache hit cached_Synth::Synth::TUnresolvedSpecializeExpr#79e399e8/2@cc5502jv with empty relation.
[2026-10-08 00:42:28] (0s) Inferred that UnresolvedSpecializeExpr::Generated::UnresolvedSpecializeExpr.getImmediateSubExpr/0#dispred#423272ec/2@2baea24d is empty, due to cached_Synth::Synth::TUnresolvedSpecializeExpr#79e399e8/2@cc5502jv.
[2026-10-08 00:42:28] (0s)  >>> First-level cache hit cached_Synth::Synth::TDotSyntaxBaseIgnoredExpr#c6ec664f/2@675e2696 with empty relation.
[2026-10-08 00:42:28] (0s) Inferred that DotSyntaxBaseIgnoredExpr::Generated::DotSyntaxBaseIgnoredExpr.getImmediateQualifier/0#dispred#0f74fa6d/2@1f77f5n4 is empty, due to cached_Synth::Synth::TDotSyntaxBaseIgnoredExpr#c6ec664f/2@675e2696.
[2026-10-08 00:42:28] (0s) Inferred that DotSyntaxBaseIgnoredExpr::Generated::DotSyntaxBaseIgnoredExpr.getImmediateSubExpr/0#dispred#866a36f1/2@c55bcfrr is empty, due to cached_Synth::Synth::TDotSyntaxBaseIgnoredExpr#c6ec664f/2@675e2696.
[2026-10-08 00:42:28] (0s) Inferred that ControlFlowGraphImpl::Exprs::DotSyntaxBaseIgnoredTree#3053ee79/2@9392aahc is empty, due to cached_Synth::Synth::TDotSyntaxBaseIgnoredExpr#c6ec664f/2@675e2696.
[2026-10-08 00:42:28] (0s) Inferred that _Expr::Expr.getResolveStep/0#dispred#318c6ca3_0#antijoin_rhs_Synth::Synth::TDotSyntaxBaseIgnoredExpr__#shared/2@88f240h4 is empty, due to cached_Synth::Synth::TDotSyntaxBaseIgnoredExpr#c6ec664f/2@675e2696.
[2026-10-08 00:42:28] (0s)  >>> First-level cache hit cached_Synth::Synth::TUnevaluatedInstanceExpr#b05f665d/2@4668dfc1 with empty relation.
[2026-10-08 00:42:28] (0s) Inferred that ApplyExprImpl::Impl::PartialDotSyntaxBaseIgnoredApplyExpr#72bc4626/2@c2f1e51c is empty, due to cached_Synth::Synth::TDotSyntaxBaseIgnoredExpr#c6ec664f/2@675e2696.
[2026-10-08 00:42:28] (0s) Inferred that DotSyntaxBaseIgnoredExpr::Generated::DotSyntaxBaseIgnoredExpr.getQualifier/0#dispred#1de3c9ad/2@df1849q2 is empty, due to _Expr::Expr.getResolveStep/0#dispred#318c6ca3_0#antijoin_rhs_Synth::Synth::TDotSyntaxBaseIgnoredExpr__#shared/2@88f240h4.
[2026-10-08 00:42:28] (0s) Inferred that DotSyntaxBaseIgnoredExpr::Generated::DotSyntaxBaseIgnoredExpr.getSubExpr/0#dispred#f07e4ff8/2@d288637l is empty, due to _Expr::Expr.getResolveStep/0#dispred#318c6ca3_0#antijoin_rhs_Synth::Synth::TDotSyntaxBaseIgnoredExpr__#shared/2@88f240h4.
[2026-10-08 00:42:28] (0s) Inferred that _ApplyExpr::Generated::ApplyExpr.getFunction/0#dispred#12f7b5a0_ApplyExprImpl::Impl::PartialDotSynta__#antijoin_rhs/1@50adb11u is empty, due to ApplyExprImpl::Impl::PartialDotSyntaxBaseIgnoredApplyExpr#72bc4626/2@c2f1e51c.
[2026-10-08 00:42:28] (0s) Inferred that ApplyExprImpl::Impl::PartialDotSyntaxBaseIgnoredApplyExpr#72bc4626_0#antijoin_rhs/1@280b32aq is empty, due to ApplyExprImpl::Impl::PartialDotSyntaxBaseIgnoredApplyExpr#72bc4626/2@c2f1e51c.
[2026-10-08 00:42:28] (0s) Inferred that Synth::Synth::TUnevaluatedInstanceExpr#b05f665d_1#join_rhs/1@fff8120n is empty, due to cached_Synth::Synth::TUnevaluatedInstanceExpr#b05f665d/2@4668dfc1.
[2026-10-08 00:42:28] (0s)  >>> First-level cache hit cached_Synth::Synth::TOtherInitializerRefExpr#c196dce5/2@72e079iu with empty relation.
[2026-10-08 00:42:28] (0s) Inferred that OtherInitializerRefExpr::Generated::OtherInitializerRefExpr.getInitializer/0#dispred#953a4b9a#fb/2@643d7eb8 is empty, due to cached_Synth::Synth::TOtherInitializerRefExpr#c196dce5/2@72e079iu.
[2026-10-08 00:42:28] (0s) Inferred that OtherInitializerRefExpr::Generated::OtherInitializerRefExpr.getInitializer/0#dispred#953a4b9a/2@e6983dbv is empty, due to cached_Synth::Synth::TOtherInitializerRefExpr#c196dce5/2@72e079iu.
[2026-10-08 00:42:28] (0s) Inferred that OtherInitializerRefExpr::Generated::OtherInitializerRefExpr.getInitializer/0#dispred#953a4b9a#fb/2@20b3a2ek is empty, due to cached_Synth::Synth::TOtherInitializerRefExpr#c196dce5/2@72e079iu.
[2026-10-08 00:42:28] (0s)  >>> First-level cache hit cached_Synth::Synth::TOptionalEvaluationExpr#f7ab09c0/2@df17e6o6 with empty relation.
[2026-10-08 00:42:28] (0s) Inferred that OptionalEvaluationExpr::Generated::OptionalEvaluationExpr.getImmediateSubExpr/0#dispred#f731ca9d/2@6e3b4dnb is empty, due to cached_Synth::Synth::TOptionalEvaluationExpr#f7ab09c0/2@df17e6o6.
[2026-10-08 00:42:28] (0s) Inferred that ControlFlowGraphImpl::Exprs::OptionalEvaluationTree#36d78899/2@a04e89o6 is empty, due to cached_Synth::Synth::TOptionalEvaluationExpr#f7ab09c0/2@df17e6o6.
[2026-10-08 00:42:28] (0s) Inferred that OptionalEvaluationExpr::Generated::OptionalEvaluationExpr.getSubExpr/0#dispred#88e39415/2@4a0135k8 is empty, due to cached_Synth::Synth::TOptionalEvaluationExpr#f7ab09c0/2@df17e6o6.
[2026-10-08 00:42:28] (0s)  >>> First-level cache hit cached_Synth::Synth::TUnderlyingToOpaqueExpr#067cbe2b/2@f12a895j with empty relation.
[2026-10-08 00:42:28] (0s) Inferred that Synth::Synth::TUnderlyingToOpaqueExpr#067cbe2b_1#join_rhs/1@d14c83g2 is empty, due to cached_Synth::Synth::TUnderlyingToOpaqueExpr#067cbe2b/2@f12a895j.
[2026-10-08 00:42:28] (0s)  >>> First-level cache hit cached_Synth::Synth::TMetatypeConversionExpr#69e49b49/2@8b01f3h6 with empty relation.
[2026-10-08 00:42:28] (0s)  >>> First-level cache hit cached_Synth::Synth::TLazyInitializationExpr#03f4fc3e/2@33bf7a7g with empty relation.
[2026-10-08 00:42:28] (0s) Inferred that Synth::Synth::TMetatypeConversionExpr#69e49b49_1#join_rhs/1@9095a6q2 is empty, due to cached_Synth::Synth::TMetatypeConversionExpr#69e49b49/2@8b01f3h6.
[2026-10-08 00:42:28] (0s) Inferred that LazyInitializationExpr::Generated::LazyInitializationExpr.getImmediateSubExpr/0#dispred#eef3374c/2@f609c80b is empty, due to cached_Synth::Synth::TLazyInitializationExpr#03f4fc3e/2@33bf7a7g.
[2026-10-08 00:42:28] (0s) Inferred that ControlFlowGraphImpl::Exprs::LazyInitializationTree#4efcb312/2@a2fcac5f is empty, due to cached_Synth::Synth::TLazyInitializationExpr#03f4fc3e/2@33bf7a7g.
[2026-10-08 00:42:28] (0s) Inferred that LazyInitializationExpr::Generated::LazyInitializationExpr.getSubExpr/0#dispred#a630b744/2@e5c076ni is empty, due to cached_Synth::Synth::TLazyInitializationExpr#03f4fc3e/2@33bf7a7g.
[2026-10-08 00:42:28] (0s)  >>> First-level cache hit cached_Synth::Synth::TKeyPathApplicationExpr#e5b19e99/2@95c73dpk with empty relation.
[2026-10-08 00:42:28] (0s) Inferred that KeyPathApplicationExpr::Generated::KeyPathApplicationExpr.getImmediateBase/0#dispred#38ae9d7c/2@1ac26954 is empty, due to cached_Synth::Synth::TKeyPathApplicationExpr#e5b19e99/2@95c73dpk.
[2026-10-08 00:42:28] (0s) Inferred that KeyPathApplicationExpr::Generated::KeyPathApplicationExpr.getImmediateKeyPath/0#dispred#88cd6151/2@90551a8o is empty, due to cached_Synth::Synth::TKeyPathApplicationExpr#e5b19e99/2@95c73dpk.
[2026-10-08 00:42:28] (0s) Inferred that ControlFlowGraphImpl::Exprs::KeyPathApplicationTree#efbd159e/2@874608lj is empty, due to cached_Synth::Synth::TKeyPathApplicationExpr#e5b19e99/2@95c73dpk.
[2026-10-08 00:42:28] (0s) Inferred that _Expr::Expr.getResolveStep/0#dispred#318c6ca3_0#antijoin_rhs_Synth::Synth::TKeyPathApplicationExpr#e__#shared/2@7ed751um is empty, due to cached_Synth::Synth::TKeyPathApplicationExpr#e5b19e99/2@95c73dpk.
[2026-10-08 00:42:28] (0s) Inferred that KeyPathApplicationExpr::Generated::KeyPathApplicationExpr.getBase/0#dispred#7746678a/2@04c2f5d0 is empty, due to _Expr::Expr.getResolveStep/0#dispred#318c6ca3_0#antijoin_rhs_Synth::Synth::TKeyPathApplicationExpr#e__#shared/2@7ed751um.
[2026-10-08 00:42:28] (0s) Inferred that KeyPathApplicationExpr::Generated::KeyPathApplicationExpr.getKeyPath/0#dispred#6938ad13/2@76aa3e2t is empty, due to _Expr::Expr.getResolveStep/0#dispred#318c6ca3_0#antijoin_rhs_Synth::Synth::TKeyPathApplicationExpr#e__#shared/2@7ed751um.
[2026-10-08 00:42:28] (0s)  >>> Full cache hit cached_Synth::Synth::TInjectIntoOptionalExpr#73575229/2@218195l6 with 4 rows and digest 70384e1ld5dfpflenol6r75jfnf.
[2026-10-08 00:42:28] (0s)  >>> First-level cache hit cached_Synth::Synth::TAnyHashableErasureExpr#0ca15a55/2@2c3e7f0k with empty relation.
[2026-10-08 00:42:28] (0s) Inferred that Synth::Synth::TAnyHashableErasureExpr#0ca15a55_1#join_rhs/1@28c741pe is empty, due to cached_Synth::Synth::TAnyHashableErasureExpr#0ca15a55/2@2c3e7f0k.
[2026-10-08 00:42:28] (0s)  >>> Full cache hit cached_Synth::Synth::TFunctionConversionExpr#e4bc0d30/2@22c5edlb with 1 rows and digest 4a965c5ba2stfhffu8qao4s5i75.
[2026-10-08 00:42:28] (0s)  >>> First-level cache hit cached_Synth::Synth::TUnresolvedPatternExpr#a7c8b151/2@fbb7e2qa with empty relation.
[2026-10-08 00:42:28] (0s)  >>> First-level cache hit cached_Synth::Synth::TUnresolvedDeclRefExpr#9eff000e/2@ee9af8hf with empty relation.
[2026-10-08 00:42:28] (0s)  >>> First-level cache hit cached_Synth::Synth::TOverloadedDeclRefExpr#72e16e49/2@018471es with empty relation.
[2026-10-08 00:42:28] (0s)  >>> First-level cache hit cached_Synth::Synth::TDiscardAssignmentExpr#e64fd2dc/2@0128328i with empty relation.
[2026-10-08 00:42:28] (0s)  >>> First-level cache hit cached_Synth::Synth::TForcedCheckedCastExpr#7723bc31/2@c087f8un with empty relation.
[2026-10-08 00:42:28] (0s) Inferred that Synth::Synth::TForcedCheckedCastExpr#7723bc31_1#join_rhs/1@92c8b4j0 is empty, due to cached_Synth::Synth::TForcedCheckedCastExpr#7723bc31/2@c087f8un.
[2026-10-08 00:42:28] (0s)  >>> First-level cache hit cached_Synth::Synth::TAbiSafeConversionExpr#9c7313bf/2@5f7e2dlu with empty relation.
[2026-10-08 00:42:28] (0s) Inferred that Synth::Synth::TAbiSafeConversionExpr#9c7313bf_1#join_rhs/1@53adfbl3 is empty, due to cached_Synth::Synth::TAbiSafeConversionExpr#9c7313bf/2@5f7e2dlu.
[2026-10-08 00:42:28] (0s)  >>> First-level cache hit cached_Synth::Synth::TUnresolvedMemberExpr#398da227/2@89c3430s with empty relation.
[2026-10-08 00:42:28] (0s)  >>> First-level cache hit cached_Synth::Synth::TPointerToPointerExpr#e35729e3/2@b3d055hf with empty relation.
[2026-10-08 00:42:28] (0s) Inferred that Synth::Synth::TPointerToPointerExpr#e35729e3_1#join_rhs/1@e9574dlb is empty, due to cached_Synth::Synth::TPointerToPointerExpr#e35729e3/2@b3d055hf.
[2026-10-08 00:42:28] (0s)  >>> First-level cache hit cached_Synth::Synth::TDynamicSubscriptExpr#2a005669/2@53cfd8re with empty relation.
[2026-10-08 00:42:28] (0s) Inferred that Synth::Synth::TDynamicSubscriptExpr#2a005669_1#join_rhs/1@77b764ci is empty, due to cached_Synth::Synth::TDynamicSubscriptExpr#2a005669/2@53cfd8re.
[2026-10-08 00:42:28] (0s)  >>> Full cache hit cached_Synth::Synth::TGenericTypeParamDecl#c2b87694/2@cd08c7a9 with 6503 rows and digest a6a24fta4a84g2l56573tcqn3o9.
[2026-10-08 00:42:28] (0s)  >>> First-level cache hit cached_Synth::Synth::TDynamicMemberRefExpr#6da7b8cc/2@fea8698m with empty relation.
[2026-10-08 00:42:28] (0s) Inferred that Synth::Synth::TDynamicMemberRefExpr#6da7b8cc_1#join_rhs/1@85ede8dk is empty, due to cached_Synth::Synth::TDynamicMemberRefExpr#6da7b8cc/2@fea8698m.
[2026-10-08 00:42:28] (0s)  >>> First-level cache hit cached_Synth::Synth::TDestructureTupleExpr#860e5a59/2@ad1baaae with empty relation.
[2026-10-08 00:42:28] (0s) Inferred that Synth::Synth::TDestructureTupleExpr#860e5a59_1#join_rhs/1@89bb22e1 is empty, due to cached_Synth::Synth::TDestructureTupleExpr#860e5a59/2@ad1baaae.
[2026-10-08 00:42:28] (0s)  >>> First-level cache hit cached_Synth::Synth::TArchetypeToSuperExpr#a2acdb61/2@909d69po with empty relation.
[2026-10-08 00:42:28] (0s)  >>> First-level cache hit cached_Synth::Synth::TVarargExpansionExpr#368405ed/2@22e4d77o with empty relation.
[2026-10-08 00:42:28] (0s) Inferred that Synth::Synth::TArchetypeToSuperExpr#a2acdb61_1#join_rhs/1@ae66d49f is empty, due to cached_Synth::Synth::TArchetypeToSuperExpr#a2acdb61/2@909d69po.
[2026-10-08 00:42:28] (0s) Inferred that VarargExpansionExpr::Generated::VarargExpansionExpr.getImmediateSubExpr/0#dispred#95039a85/2@f40ffa5j is empty, due to cached_Synth::Synth::TVarargExpansionExpr#368405ed/2@22e4d77o.
[2026-10-08 00:42:28] (0s) Inferred that ControlFlowGraphImpl::Exprs::VarargExpansionTree#1b8fa5b9/2@64018fq1 is empty, due to cached_Synth::Synth::TVarargExpansionExpr#368405ed/2@22e4d77o.
[2026-10-08 00:42:28] (0s)  >>> First-level cache hit cached_Synth::Synth::TStringToPointerExpr#aa0ce277/2@805f4a9p with empty relation.
[2026-10-08 00:42:28] (0s) Inferred that VarargExpansionExpr::Generated::VarargExpansionExpr.getSubExpr/0#dispred#db583825/2@646cf00p is empty, due to cached_Synth::Synth::TVarargExpansionExpr#368405ed/2@22e4d77o.
[2026-10-08 00:42:28] (0s)  >>> First-level cache hit cached_Synth::Synth::TSingleValueStmtExpr#ee9fcec0/2@c0956aid with empty relation.
[2026-10-08 00:42:28] (0s) Inferred that Synth::Synth::TStringToPointerExpr#aa0ce277_1#join_rhs/1@0f03b21e is empty, due to cached_Synth::Synth::TStringToPointerExpr#aa0ce277/2@805f4a9p.
[2026-10-08 00:42:28] (0s) Inferred that SingleValueStmtExpr::Generated::SingleValueStmtExpr.getStmt/0#dispred#3fc1ccef/2@7eed000g is empty, due to cached_Synth::Synth::TSingleValueStmtExpr#ee9fcec0/2@c0956aid.
[2026-10-08 00:42:28] (0s) Inferred that ControlFlowGraphImpl::Exprs::SingleValueStmtExprTree#55a24ede/2@8a7a58qk is empty, due to cached_Synth::Synth::TSingleValueStmtExpr#ee9fcec0/2@c0956aid.
[2026-10-08 00:42:28] (0s) Inferred that Synth::Synth::TSingleValueStmtExpr#ee9fcec0_10#join_rhs/2@1c1c82k6 is empty, due to cached_Synth::Synth::TSingleValueStmtExpr#ee9fcec0/2@c0956aid.
[2026-10-08 00:42:28] (0s)  >>> Full cache hit cached_Synth::Synth::TPrecedenceGroupDecl#4784d5d9/2@921e3a36 with 13 rows and digest 53d154jr4uebnsfmorqbcjm35f3.
[2026-10-08 00:42:28] (0s)  >>> First-level cache hit cached_Synth::Synth::TPoundDiagnosticDecl#d3399477/2@d168bd2o with empty relation.
[2026-10-08 00:42:28] (0s) Inferred that PoundDiagnosticDecl::Generated::PoundDiagnosticDecl.getImmediateMessage/0#dispred#7b350af1/2@139445sk is empty, due to cached_Synth::Synth::TPoundDiagnosticDecl#d3399477/2@d168bd2o.
[2026-10-08 00:42:28] (0s) Inferred that Synth::Synth::TPoundDiagnosticDecl#d3399477_1#join_rhs/1@5d39b7p1 is empty, due to cached_Synth::Synth::TPoundDiagnosticDecl#d3399477/2@d168bd2o.
[2026-10-08 00:42:28] (0s)  >>> Full cache hit cached_Synth::Synth::TPostfixOperatorDecl#6def445d/2@50273dft with 3 rows and digest b08a4d6gt9f7gtgorc253mq6rke.
[2026-10-08 00:42:28] (0s)  >>> First-level cache hit cached_Synth::Synth::TOpenExistentialExpr#69c081f6/2@4d6d8dra with empty relation.
[2026-10-08 00:42:28] (0s) Inferred that OpenExistentialExpr::Generated::OpenExistentialExpr.getImmediateExistential/0#dispred#85ee8816/2@da95fdpm is empty, due to cached_Synth::Synth::TOpenExistentialExpr#69c081f6/2@4d6d8dra.
[2026-10-08 00:42:28] (0s) Inferred that OpenExistentialExpr::Generated::OpenExistentialExpr.getImmediateSubExpr/0#dispred#c7275d80/2@7b24bcav is empty, due to cached_Synth::Synth::TOpenExistentialExpr#69c081f6/2@4d6d8dra.
[2026-10-08 00:42:28] (0s) Inferred that ControlFlowGraphImpl::Exprs::OpenExistentialTree#aab2d9fd/2@9b723cct is empty, due to cached_Synth::Synth::TOpenExistentialExpr#69c081f6/2@4d6d8dra.
[2026-10-08 00:42:28] (0s) Inferred that _Expr::Expr.getResolveStep/0#dispred#318c6ca3_0#antijoin_rhs_Synth::Synth::TOpenExistentialExpr#69c0__#shared/2@8354781d is empty, due to cached_Synth::Synth::TOpenExistentialExpr#69c081f6/2@4d6d8dra.
[2026-10-08 00:42:28] (0s) Inferred that OpenExistentialExpr::Generated::OpenExistentialExpr.getExistential/0#dispred#b46fd36a/2@d2306443 is empty, due to _Expr::Expr.getResolveStep/0#dispred#318c6ca3_0#antijoin_rhs_Synth::Synth::TOpenExistentialExpr#69c0__#shared/2@8354781d.
[2026-10-08 00:42:28] (0s) Inferred that OpenExistentialExpr::Generated::OpenExistentialExpr.getSubExpr/0#dispred#49552a5f/2@5b1b720p is empty, due to _Expr::Expr.getResolveStep/0#dispred#318c6ca3_0#antijoin_rhs_Synth::Synth::TOpenExistentialExpr#69c0__#shared/2@8354781d.
[2026-10-08 00:42:28] (0s)  >>> Full cache hit cached_Synth::Synth::TOptionalSomePattern#dfc4b284/2@52cc7b3r with 1 rows and digest fb7f5d532vf20jke5v7tkdui6v3.
[2026-10-08 00:42:28] (0s)  >>> First-level cache hit cached_Synth::Synth::TMaterializePackExpr#95302548/2@ce52d057 with empty relation.
[2026-10-08 00:42:28] (0s) Inferred that MaterializePackExpr::Generated::MaterializePackExpr.getImmediateSubExpr/0#dispred#af2bc32b/2@9381667i is empty, due to cached_Synth::Synth::TMaterializePackExpr#95302548/2@ce52d057.
[2026-10-08 00:42:28] (0s) Inferred that ControlFlowGraphImpl::Exprs::MaterializePackExprTree#ce302072/2@05c291al is empty, due to cached_Synth::Synth::TMaterializePackExpr#95302548/2@ce52d057.
[2026-10-08 00:42:28] (0s) Inferred that MaterializePackExpr::Generated::MaterializePackExpr.getSubExpr/0#dispred#1a2fe936/2@ab39e8ub is empty, due to cached_Synth::Synth::TMaterializePackExpr#95302548/2@ce52d057.
[2026-10-08 00:42:28] (0s)  >>> First-level cache hit cached_Synth::Synth::TDefaultArgumentExpr#f8106b5f/2@9c15e378 with empty relation.
[2026-10-08 00:42:28] (0s)  >>> First-level cache hit cached_Synth::Synth::TTopLevelEntryPoint#5ccf2e8e/2@a2346dtf with empty relation.
[2026-10-08 00:42:28] (0s) Inferred that TopLevelEntryPoint::Generated::TopLevelEntryPoint.getDeclaration/1#dispred#8de153c8/3@cf10ecl2 is empty, due to cached_Synth::Synth::TTopLevelEntryPoint#5ccf2e8e/2@a2346dtf.
[2026-10-08 00:42:28] (0s) Inferred that TopLevelEntryPoint::Generated::TopLevelEntryPoint.getNumberOfDeclarations/0#dispred#bfe0aee3/2@47aabeai is empty, due to cached_Synth::Synth::TTopLevelEntryPoint#5ccf2e8e/2@a2346dtf.
[2026-10-08 00:42:28] (0s) Inferred that Synth::Synth::TTopLevelEntryPoint#5ccf2e8e_1#join_rhs/1@168980ro is empty, due to cached_Synth::Synth::TTopLevelEntryPoint#5ccf2e8e/2@a2346dtf.
[2026-10-08 00:42:28] (0s) Inferred that TopLevelEntryPoint::Generated::TopLevelEntryPoint.getDeclaration/1#dispred#8de153c8_01#count_range/2@2929992n is empty, due to TopLevelEntryPoint::Generated::TopLevelEntryPoint.getDeclaration/1#dispred#8de153c8/3@cf10ecl2.
[2026-10-08 00:42:28] (0s) Inferred that TopLevelEntryPoint::Generated::TopLevelEntryPoint.getDeclaration/1#dispred#8de153c8_0#antijoin_rhs/1@4ce2d4cv is empty, due to TopLevelEntryPoint::Generated::TopLevelEntryPoint.getDeclaration/1#dispred#8de153c8/3@cf10ecl2.
[2026-10-08 00:42:28] (0s)  >>> Full cache hit cached_Synth::Synth::TPrefixOperatorDecl#383f6a1b/2@9146db1u with 9 rows and digest 3a196e1nurq07vnhduuvgc2upp0.
[2026-10-08 00:42:28] (0s) Inferred that ControlFlowGraphImpl::TopLevelEntryTree#4421cca8/2@af7b1foi is empty, due to Synth::Synth::TTopLevelEntryPoint#5ccf2e8e_1#join_rhs/1@168980ro.
[2026-10-08 00:42:28] (0s) Inferred that _TopLevelEntryPoint::Generated::TopLevelEntryPoint.getDeclaration/1#dispred#8de153c8_01#count_range#join_rhs/2@19199aqe is empty, due to TopLevelEntryPoint::Generated::TopLevelEntryPoint.getDeclaration/1#dispred#8de153c8_01#count_range/2@2929992n.
[2026-10-08 00:42:28] (0s) Inferred that ControlFlowGraphImpl::TopLevelEntryTree#4421cca8_10#join_rhs/2@5575052u is empty, due to ControlFlowGraphImpl::TopLevelEntryTree#4421cca8/2@af7b1foi.
[2026-10-08 00:42:28] (0s) Inferred that ControlFlowGraphImpl::CfgScope::ScriptEntryScope#fd602c9a/2@99ef058a is empty, due to ControlFlowGraphImpl::TopLevelEntryTree#4421cca8/2@af7b1foi.
[2026-10-08 00:42:28] (0s)  >>> First-level cache hit cached_Synth::Synth::TLinearFunctionExpr#fe6da37b/2@7f7ed756 with empty relation.
[2026-10-08 00:42:28] (0s) Inferred that Synth::Synth::TLinearFunctionExpr#fe6da37b_1#join_rhs/1@917effpl is empty, due to cached_Synth::Synth::TLinearFunctionExpr#fe6da37b/2@7f7ed756.
[2026-10-08 00:42:28] (0s)  >>> Full cache hit cached_Synth::Synth::TPatternBindingDecl#b9107b65/2@1972b94v with 7701 rows and digest bcd047td6g1q6pjun0e56pdbgrd.
[2026-10-08 00:42:28] (0s)  >>> First-level cache hit cached_Synth::Synth::TInOutToPointerExpr#5326128c/2@c688f9o0 with empty relation.
[2026-10-08 00:42:28] (0s) Inferred that Synth::Synth::TInOutToPointerExpr#5326128c_1#join_rhs/1@f59e43bf is empty, due to cached_Synth::Synth::TInOutToPointerExpr#5326128c/2@c688f9o0.
[2026-10-08 00:42:28] (0s)  >>> First-level cache hit cached_Synth::Synth::TEnumElementPattern#7a6a0f73/2@fe594cld with empty relation.
[2026-10-08 00:42:28] (0s)  >>> Full cache hit cached_Synth::Synth::TIntegerLiteralExpr#9ed0a0f2/2@c26a55dk with 14943 rows and digest 23787btn9h2vpo0hj806phukr6a.
[2026-10-08 00:42:28] (0s) Inferred that ControlFlowGraphImpl::Patterns::EnumElementTree#cc3c1b21/2@df46acrp is empty, due to cached_Synth::Synth::TEnumElementPattern#7a6a0f73/2@fe594cld.
[2026-10-08 00:42:28] (0s) Inferred that EnumElementPattern::Generated::EnumElementPattern.getSubPattern/0#dispred#5c5267ee/2@f706885t is empty, due to cached_Synth::Synth::TEnumElementPattern#7a6a0f73/2@fe594cld.
[2026-10-08 00:42:28] (0s) Inferred that _ControlFlowGraphImpl::Patterns::EnumElementTree#cc3c1b21_Element::Element.getFullyUnresolved/0#97fc__#join_rhs/2@8ad98avp is empty, due to ControlFlowGraphImpl::Patterns::EnumElementTree#cc3c1b21/2@df46acrp.
[2026-10-08 00:42:28] (0s) Inferred that EnumElementPattern::Generated::EnumElementPattern.getSubPattern/0#dispred#5c5267ee_0#antijoin_rhs/1@2658483u is empty, due to EnumElementPattern::Generated::EnumElementPattern.getSubPattern/0#dispred#5c5267ee/2@f706885t.
[2026-10-08 00:42:28] (0s)  >>> Full cache hit cached_Synth::Synth::TBridgeFromObjCExpr#867030ca/2@d3c5427b with 38 rows and digest 0cd847pcn0f4k0hihvfvu81url4.
[2026-10-08 00:42:28] (0s)  >>> Full cache hit cached_Synth::Synth::TBooleanLiteralExpr#99b3fb7f/2@de856829 with 1 rows and digest cabc4ain6pnmsau5s27kv1f9ge5.
[2026-10-08 00:42:28] (0s)  >>> Full cache hit cached_Synth::Synth::TAssociatedTypeDecl#7a13f222/2@fc09edes with 124 rows and digest b0c2237psjs2ip15ghsmacsvt9d.
[2026-10-08 00:42:28] (0s)  >>> First-level cache hit cached_Synth::Synth::TArrayToPointerExpr#b95316dd/2@eec4660b with empty relation.
[2026-10-08 00:42:28] (0s) Inferred that Synth::Synth::TArrayToPointerExpr#b95316dd_1#join_rhs/1@d7d94ao4 is empty, due to cached_Synth::Synth::TArrayToPointerExpr#b95316dd/2@eec4660b.
[2026-10-08 00:42:28] (0s)  >>> First-level cache hit cached_Synth::Synth::TUnresolvedDotExpr#fdff6bbb/2@20f1ebuq with empty relation.
[2026-10-08 00:42:28] (0s) Inferred that UnresolvedDotExpr::Generated::UnresolvedDotExpr.getImmediateBase/0#dispred#912b5e08/2@a7c7a5bq is empty, due to cached_Synth::Synth::TUnresolvedDotExpr#fdff6bbb/2@20f1ebuq.
[2026-10-08 00:42:28] (0s)  >>> First-level cache hit cached_Synth::Synth::TPackExpansionExpr#75eece85/2@923cfd19 with empty relation.
[2026-10-08 00:42:28] (0s)  >>> Full cache hit cached_Synth::Synth::TStringLiteralExpr#2798413b/2@9ac4d4ii with 480 rows and digest af8538o0246qut7l3l0eumctapd.
[2026-10-08 00:42:28] (0s) Inferred that PackExpansionExpr::Generated::PackExpansionExpr.getImmediatePatternExpr/0#dispred#002f8cb0/2@0acd4cak is empty, due to cached_Synth::Synth::TPackExpansionExpr#75eece85/2@923cfd19.
[2026-10-08 00:42:28] (0s) Inferred that ControlFlowGraphImpl::Exprs::PackExpansionExprTree#62e87809/2@a7c5360d is empty, due to cached_Synth::Synth::TPackExpansionExpr#75eece85/2@923cfd19.
[2026-10-08 00:42:28] (0s) Inferred that PackExpansionExpr::Generated::PackExpansionExpr.getPatternExpr/0#dispred#7348f030/2@8f3bc2e6 is empty, due to cached_Synth::Synth::TPackExpansionExpr#75eece85/2@923cfd19.
[2026-10-08 00:42:28] (0s)  >>> First-level cache hit cached_Synth::Synth::TObjectLiteralExpr#8e8a0dd9/2@64dd82pm with empty relation.
[2026-10-08 00:42:28] (0s) Inferred that ObjectLiteralExpr::Generated::ObjectLiteralExpr.getArgument/1#dispred#11e79e1f/3@473828q4 is empty, due to cached_Synth::Synth::TObjectLiteralExpr#8e8a0dd9/2@64dd82pm.
[2026-10-08 00:42:28] (0s) Inferred that ObjectLiteralExpr::Generated::ObjectLiteralExpr.getNumberOfArguments/0#dispred#26ccdd9b/2@27c0f27p is empty, due to cached_Synth::Synth::TObjectLiteralExpr#8e8a0dd9/2@64dd82pm.
[2026-10-08 00:42:28] (0s) Inferred that ObjectLiteralExpr::Generated::ObjectLiteralExpr.getArgument/1#dispred#11e79e1f_01#count_range/2@e7c74ce9 is empty, due to ObjectLiteralExpr::Generated::ObjectLiteralExpr.getArgument/1#dispred#11e79e1f/3@473828q4.
[2026-10-08 00:42:28] (0s) Inferred that ObjectLiteralExpr::Generated::ObjectLiteralExpr.getArgument/1#dispred#11e79e1f_0#antijoin_rhs/1@4e8c9drp is empty, due to ObjectLiteralExpr::Generated::ObjectLiteralExpr.getArgument/1#dispred#11e79e1f/3@473828q4.
[2026-10-08 00:42:28] (0s)  >>> Full cache hit cached_Synth::Synth::TMissingMemberDecl#59cfcae4/2@b3302349 with 2 rows and digest 75b6c8fca3eck40pl65q36lp283.
[2026-10-08 00:42:28] (0s) Inferred that _ObjectLiteralExpr::Generated::ObjectLiteralExpr.getArgument/1#dispred#11e79e1f_01#count_range#join_rhs/2@9f18bbc5 is empty, due to ObjectLiteralExpr::Generated::ObjectLiteralExpr.getArgument/1#dispred#11e79e1f_01#count_range/2@e7c74ce9.
[2026-10-08 00:42:28] (0s)  >>> First-level cache hit cached_Synth::Synth::TDerivedToBaseExpr#6070e7e4/2@7ac69cve with empty relation.
[2026-10-08 00:42:28] (0s) Inferred that Synth::Synth::TDerivedToBaseExpr#6070e7e4_1#join_rhs/1@027b63e0 is empty, due to cached_Synth::Synth::TDerivedToBaseExpr#6070e7e4/2@7ac69cve.
[2026-10-08 00:42:28] (0s)  >>> Full cache hit cached_Synth::Synth::TInfixOperatorDecl#4aa5ee2c/2@a59c30l1 with 57 rows and digest 0923bctqaud21i141i6is51n4b8.
[2026-10-08 00:42:28] (0s)  >>> First-level cache hit cached_Synth::Synth::TTupleElementExpr#a3b34463/2@5480d92j with empty relation.
[2026-10-08 00:42:28] (0s) Inferred that TupleElementExpr::Generated::TupleElementExpr.getImmediateSubExpr/0#dispred#3a4437e0/2@afc98apo is empty, due to cached_Synth::Synth::TTupleElementExpr#a3b34463/2@5480d92j.
[2026-10-08 00:42:28] (0s) Inferred that ControlFlowGraphImpl::Exprs::TupleElementTree#26241f4c/2@1118f3n3 is empty, due to cached_Synth::Synth::TTupleElementExpr#a3b34463/2@5480d92j.
[2026-10-08 00:42:28] (0s) Inferred that TupleElementExpr::Generated::TupleElementExpr.getSubExpr/0#dispred#ebc956b0/2@2105ablj is empty, due to cached_Synth::Synth::TTupleElementExpr#a3b34463/2@5480d92j.
[2026-10-08 00:42:28] (0s)  >>> First-level cache hit cached_Synth::Synth::TTopLevelCodeDecl#fb4ec4ee/2@b154dacv with empty relation.
[2026-10-08 00:42:28] (0s) Inferred that TopLevelCodeDecl::Generated::TopLevelCodeDecl.getBody/0#dispred#95df219b/2@062db0la is empty, due to cached_Synth::Synth::TTopLevelCodeDecl#fb4ec4ee/2@b154dacv.
[2026-10-08 00:42:28] (0s) Inferred that Synth::Synth::TTopLevelCodeDecl#fb4ec4ee_1#join_rhs/1@64c117pv is empty, due to cached_Synth::Synth::TTopLevelCodeDecl#fb4ec4ee/2@b154dacv.
[2026-10-08 00:42:28] (0s) Inferred that ControlFlowGraphImpl::TopLevelCodeTree#8f12a902/2@8e21513e is empty, due to cached_Synth::Synth::TTopLevelCodeDecl#fb4ec4ee/2@b154dacv.
[2026-10-08 00:42:28] (0s)  >>> First-level cache hit cached_Synth::Synth::TRegexLiteralExpr#c000cb56/2@6cae3cod with empty relation.
[2026-10-08 00:42:28] (0s) Inferred that Synth::Synth::TTopLevelCodeDecl#fb4ec4ee_10#join_rhs/2@1b0ba4bv is empty, due to cached_Synth::Synth::TTopLevelCodeDecl#fb4ec4ee/2@b154dacv.
[2026-10-08 00:42:28] (0s)  >>> First-level cache hit cached_Synth::Synth::TObjCSelectorExpr#444c9092/2@9a4123kj with empty relation.
[2026-10-08 00:42:28] (0s) Inferred that ObjCSelectorExpr::Generated::ObjCSelectorExpr.getImmediateSubExpr/0#dispred#34fbcedf/2@ee32b9d5 is empty, due to cached_Synth::Synth::TObjCSelectorExpr#444c9092/2@9a4123kj.
[2026-10-08 00:42:28] (0s) Inferred that ControlFlowGraphImpl::Exprs::ObjCSelectorTree#b81ef913/2@cd1ed0aj is empty, due to cached_Synth::Synth::TObjCSelectorExpr#444c9092/2@9a4123kj.
[2026-10-08 00:42:28] (0s) Inferred that ObjCSelectorExpr::Generated::ObjCSelectorExpr.getSubExpr/0#dispred#4c0fc582/2@60ccf2t9 is empty, due to cached_Synth::Synth::TObjCSelectorExpr#444c9092/2@9a4123kj.
[2026-10-08 00:42:28] (0s)  >>> First-level cache hit cached_Synth::Synth::TPostfixUnaryExpr#e8902ee8/2@b8160b96 with empty relation.
[2026-10-08 00:42:28] (0s) Inferred that Synth::Synth::TPostfixUnaryExpr#e8902ee8_1#join_rhs/1@ea163a3a is empty, due to cached_Synth::Synth::TPostfixUnaryExpr#e8902ee8/2@b8160b96.
[2026-10-08 00:42:28] (0s)  >>> First-level cache hit cached_Synth::Synth::TKeyPathComponent#1614cf6e/2@97b6319t with empty relation.
[2026-10-08 00:42:28] (0s) Inferred that KeyPathComponent::Generated::KeyPathComponent.getSubscriptArgument/1#dispred#d0b07a3d/3@6716f139 is empty, due to cached_Synth::Synth::TKeyPathComponent#1614cf6e/2@97b6319t.
[2026-10-08 00:42:28] (0s)  >>> Full cache hit cached_Synth::Synth::TMethodLookupExpr#0ca19609/2@dfa173kt with 956 rows and digest 70e4d0m93usq9re5vipbq818kr4.
[2026-10-08 00:42:28] (0s) Inferred that KeyPathComponent::Generated::KeyPathComponent.getNumberOfSubscriptArguments/0#dispred#92371909/2@812ce74r is empty, due to cached_Synth::Synth::TKeyPathComponent#1614cf6e/2@97b6319t.
[2026-10-08 00:42:28] (0s) Inferred that KeyPathExpr::Generated::KeyPathExpr.getComponent/1#dispred#432613d1/3@ffb6a703 is empty, due to cached_Synth::Synth::TKeyPathComponent#1614cf6e/2@97b6319t.
[2026-10-08 00:42:28] (0s) Inferred that ControlFlowGraphImpl::KeyPathComponentTree#17414ecd/2@cfa5bera is empty, due to cached_Synth::Synth::TKeyPathComponent#1614cf6e/2@97b6319t.
[2026-10-08 00:42:28] (0s) Inferred that KeyPathComponent::Generated::KeyPathComponent.getSubscriptArgument/1#dispred#d0b07a3d_01#count_range/2@8a31a4qh is empty, due to KeyPathComponent::Generated::KeyPathComponent.getSubscriptArgument/1#dispred#d0b07a3d/3@6716f139.
[2026-10-08 00:42:28] (0s) Inferred that KeyPathComponent::Generated::KeyPathComponent.getSubscriptArgument/1#dispred#d0b07a3d_0#antijoin_rhs/1@61aa12b4 is empty, due to KeyPathComponent::Generated::KeyPathComponent.getSubscriptArgument/1#dispred#d0b07a3d/3@6716f139.
[2026-10-08 00:42:28] (0s) Inferred that KeyPathExpr::Generated::KeyPathExpr.getComponent/1#dispred#432613d1_01#count_range/2@2e9469sc is empty, due to KeyPathExpr::Generated::KeyPathExpr.getComponent/1#dispred#432613d1/3@ffb6a703.
[2026-10-08 00:42:28] (0s) Inferred that KeyPathExpr::Generated::KeyPathExpr.getComponent/1#dispred#432613d1_0#antijoin_rhs/1@6a02c4e3 is empty, due to KeyPathExpr::Generated::KeyPathExpr.getComponent/1#dispred#432613d1/3@ffb6a703.
[2026-10-08 00:42:28] (0s) Inferred that _KeyPathComponent::Generated::KeyPathComponent.getSubscriptArgument/1#dispred#d0b07a3d_01#count_rang__#join_rhs/2@1f266fo0 is empty, due to KeyPathComponent::Generated::KeyPathComponent.getSubscriptArgument/1#dispred#d0b07a3d_01#count_range/2@8a31a4qh.
[2026-10-08 00:42:28] (0s) Inferred that _KeyPathExpr::Generated::KeyPathExpr.getComponent/1#dispred#432613d1_01#count_range#join_rhs/2@406beclb is empty, due to KeyPathExpr::Generated::KeyPathExpr.getComponent/1#dispred#432613d1_01#count_range/2@2e9469sc.
[2026-10-08 00:42:28] (0s)  >>> Full cache hit cached_Synth::Synth::TFloatLiteralExpr#f476fd54/2@b62da2e7 with 177 rows and digest ab5479u1ovr61fr5t5np0r0c5gc.
[2026-10-08 00:42:28] (0s)  >>> Full cache hit cached_Synth::Synth::TBridgeToObjCExpr#aca5fee7/2@72b3401i with 60 rows and digest 30b0b76jfsq4oksrtm29fsnbp57.
[2026-10-08 00:42:28] (0s)  >>> Full cache hit cached_Synth::Synth::TConditionElement#2dd7696c/2@be230dqi with 1 rows and digest 5d499amrqlvk6kdhsvjnt69idi0.
[2026-10-08 00:42:28] (0s)  >>> First-level cache hit cached_Synth::Synth::TBindOptionalExpr#e5116af4/2@7026b4ku with empty relation.
[2026-10-08 00:42:28] (0s) Inferred that BindOptionalExpr::Generated::BindOptionalExpr.getImmediateSubExpr/0#dispred#1c98fca6/2@7ac5d35p is empty, due to cached_Synth::Synth::TBindOptionalExpr#e5116af4/2@7026b4ku.
[2026-10-08 00:42:28] (0s) Inferred that ControlFlowGraphImpl::Exprs::BindOptionalTree#b8f025f4/2@53f30fnt is empty, due to cached_Synth::Synth::TBindOptionalExpr#e5116af4/2@7026b4ku.
[2026-10-08 00:42:28] (0s) Inferred that BindOptionalExpr::Generated::BindOptionalExpr.getSubExpr/0#dispred#54b0d4dc/2@201b2d95 is empty, due to cached_Synth::Synth::TBindOptionalExpr#e5116af4/2@7026b4ku.
[2026-10-08 00:42:28] (0s)  >>> First-level cache hit cached_Synth::Synth::TAvailabilitySpec#ddfd8eae/2@7e004fqt with empty relation.
[2026-10-08 00:42:28] (0s) Inferred that AvailabilityInfo::Generated::AvailabilityInfo.getSpec/1#dispred#9b032087/3@f1c9848b is empty, due to cached_Synth::Synth::TAvailabilitySpec#ddfd8eae/2@7e004fqt.
[2026-10-08 00:42:28] (0s)  >>> First-level cache hit cached_Synth::Synth::TAvailabilityInfo#4ee7d2d8/2@136124lp with empty relation.
[2026-10-08 00:42:28] (0s) Inferred that AvailabilityInfo::Generated::AvailabilityInfo.getSpec/1#dispred#9b032087_01#count_range/2@2540d5s0 is empty, due to AvailabilityInfo::Generated::AvailabilityInfo.getSpec/1#dispred#9b032087/3@f1c9848b.
[2026-10-08 00:42:28] (0s) Inferred that AvailabilityInfo::Generated::AvailabilityInfo.getSpec/1#dispred#9b032087_0#antijoin_rhs/1@af27abmo is empty, due to AvailabilityInfo::Generated::AvailabilityInfo.getSpec/1#dispred#9b032087/3@f1c9848b.
[2026-10-08 00:42:28] (0s) Inferred that _AvailabilityInfo::Generated::AvailabilityInfo.getSpec/1#dispred#9b032087_01#count_range#join_rhs/2@cd4defio is empty, due to AvailabilityInfo::Generated::AvailabilityInfo.getSpec/1#dispred#9b032087_01#count_range/2@2540d5s0.
[2026-10-08 00:42:28] (0s) Inferred that AvailabilityInfo::Generated::AvailabilityInfo.getNumberOfSpecs/0#dispred#4fd5853e/2@719fbacj is empty, due to cached_Synth::Synth::TAvailabilityInfo#4ee7d2d8/2@136124lp.
[2026-10-08 00:42:28] (0s) Inferred that ConditionElement::Generated::ConditionElement.getAvailability/0#dispred#e3fa9e8c/2@1f2fd4mg is empty, due to cached_Synth::Synth::TAvailabilityInfo#4ee7d2d8/2@136124lp.
[2026-10-08 00:42:28] (0s) Inferred that ControlFlowGraphImpl::AvailabilityInfo::AvailabilityInfoTree#933e7dd8/2@c360d8dd is empty, due to cached_Synth::Synth::TAvailabilityInfo#4ee7d2d8/2@136124lp.
[2026-10-08 00:42:28] (0s) Inferred that _ConditionElement::Generated::ConditionElement.getAvailability/0#dispred#e3fa9e8c_Element::Element.g__#join_rhs/2@520a04ec is empty, due to ConditionElement::Generated::ConditionElement.getAvailability/0#dispred#e3fa9e8c/2@1f2fd4mg.
[2026-10-08 00:42:28] (0s) Inferred that _ConditionElement::Generated::ConditionElement.getAvailability/0#dispred#e3fa9e8c_Element::Element.g__#shared/4@d85447f5 is empty, due to ConditionElement::Generated::ConditionElement.getAvailability/0#dispred#e3fa9e8c/2@1f2fd4mg.
[2026-10-08 00:42:28] (0s) Inferred that _ConditionElement::Generated::ConditionElement.getAvailability/0#dispred#e3fa9e8c_Element::Element.g__#join_rhs#1/2@134427g7 is empty, due to ConditionElement::Generated::ConditionElement.getAvailability/0#dispred#e3fa9e8c/2@1f2fd4mg.
[2026-10-08 00:42:28] (0s) Inferred that ControlFlowGraphImpl::AvailabilityInfo::AvailabilityInfoTree#933e7dd8_10#join_rhs/2@ee6da6rv is empty, due to ControlFlowGraphImpl::AvailabilityInfo::AvailabilityInfoTree#933e7dd8/2@c360d8dd.
[2026-10-08 00:42:28] (0s)  >>> First-level cache hit cached_Synth::Synth::TUnreachableExpr#fe41eeea/2@52b214a4 with empty relation.
[2026-10-08 00:42:28] (0s) Inferred that Synth::Synth::TUnreachableExpr#fe41eeea_1#join_rhs/1@19e957kn is empty, due to cached_Synth::Synth::TUnreachableExpr#fe41eeea/2@52b214a4.
[2026-10-08 00:42:28] (0s)  >>> First-level cache hit cached_Synth::Synth::TRepeatWhileStmt#86eecac1/2@860517id with empty relation.
[2026-10-08 00:42:28] (0s) Inferred that RepeatWhileStmt::Generated::RepeatWhileStmt.getImmediateCondition/0#dispred#31931bf7/2@945ff3ur is empty, due to cached_Synth::Synth::TRepeatWhileStmt#86eecac1/2@860517id.
[2026-10-08 00:42:28] (0s) Inferred that RepeatWhileStmt::Generated::RepeatWhileStmt.getBody/0#dispred#0b658643/2@430476kg is empty, due to cached_Synth::Synth::TRepeatWhileStmt#86eecac1/2@860517id.
[2026-10-08 00:42:28] (0s) Inferred that ControlFlowGraphImpl::Stmts::Loops::RepeatWhileTree#ef0f0890/2@a74979f7 is empty, due to cached_Synth::Synth::TRepeatWhileStmt#86eecac1/2@860517id.
[2026-10-08 00:42:28] (0s) Inferred that Synth::Synth::TRepeatWhileStmt#86eecac1_10#join_rhs/2@7fc462l6 is empty, due to cached_Synth::Synth::TRepeatWhileStmt#86eecac1/2@860517id.
[2026-10-08 00:42:28] (0s) Inferred that RepeatWhileStmt::Generated::RepeatWhileStmt.getCondition/0#dispred#0e6e0f51/2@ff1ecber is empty, due to cached_Synth::Synth::TRepeatWhileStmt#86eecac1/2@860517id.
[2026-10-08 00:42:28] (0s)  >>> First-level cache hit cached_Synth::Synth::TPrefixUnaryExpr#16ae17d6/2@59dec7r4 with empty relation.
[2026-10-08 00:42:28] (0s) Inferred that Synth::Synth::TPrefixUnaryExpr#16ae17d6_1#join_rhs/1@e424927h is empty, due to cached_Synth::Synth::TPrefixUnaryExpr#16ae17d6/2@59dec7r4.
[2026-10-08 00:42:28] (0s) Inferred that LogicalOperation::unaryHasName/2#4dd50c32/2@acc07f87 is empty, due to Synth::Synth::TPrefixUnaryExpr#16ae17d6_1#join_rhs/1@e424927h.
[2026-10-08 00:42:28] (0s) Inferred that PrefixUnaryExpr::PrefixUnaryExpr.getOperand/0#dispred#16cb7189/2@f3f20dlt is empty, due to Synth::Synth::TPrefixUnaryExpr#16ae17d6_1#join_rhs/1@e424927h.
[2026-10-08 00:42:28] (0s) Inferred that LogicalOperation::unaryHasName/2#4dd50c32_10#join_rhs/2@8ce330nl is empty, due to LogicalOperation::unaryHasName/2#4dd50c32/2@acc07f87.
[2026-10-08 00:42:28] (0s) Inferred that _ControlFlowGraphImpl::Exprs::LogicalNotTree#64a8279a_Expr::Expr.getFullyConverted/0#dispred#e3fb566__#join_rhs/2@b4bb08vn is empty, due to PrefixUnaryExpr::PrefixUnaryExpr.getOperand/0#dispred#16cb7189/2@f3f20dlt.
[2026-10-08 00:42:28] (0s) Inferred that ControlFlowGraphImpl::Exprs::LogicalNotTree#64a8279a/2@8f3c3ai7 is empty, due to LogicalOperation::unaryHasName/2#4dd50c32_10#join_rhs/2@8ce330nl.
[2026-10-08 00:42:28] (0s)  >>> First-level cache hit cached_Synth::Synth::TPoundAssertStmt#166857ee/2@57c11c5k with empty relation.
[2026-10-08 00:42:28] (0s)  >>> First-level cache hit cached_Synth::Synth::TOptionalTryExpr#0f092936/2@c7fb6aj5 with empty relation.
[2026-10-08 00:42:28] (0s) Inferred that Synth::Synth::TOptionalTryExpr#0f092936_1#join_rhs/1@50fe552j is empty, due to cached_Synth::Synth::TOptionalTryExpr#0f092936/2@c7fb6aj5.
[2026-10-08 00:42:28] (0s)  >>> First-level cache hit cached_Synth::Synth::TPackElementExpr#a2e17bdb/2@125b910s with empty relation.
[2026-10-08 00:42:28] (0s) Inferred that PackElementExpr::Generated::PackElementExpr.getImmediateSubExpr/0#dispred#e5eb7983/2@6354a07o is empty, due to cached_Synth::Synth::TPackElementExpr#a2e17bdb/2@125b910s.
[2026-10-08 00:42:28] (0s) Inferred that ControlFlowGraphImpl::Exprs::PackElementExprTree#6ec74e54/2@ecba984p is empty, due to cached_Synth::Synth::TPackElementExpr#a2e17bdb/2@125b910s.
[2026-10-08 00:42:28] (0s)  >>> First-level cache hit cached_Synth::Synth::TOpaqueValueExpr#b4fc1e55/2@da0cea53 with empty relation.
[2026-10-08 00:42:28] (0s) Inferred that PackElementExpr::Generated::PackElementExpr.getSubExpr/0#dispred#0c347ba0/2@5438ad70 is empty, due to cached_Synth::Synth::TPackElementExpr#a2e17bdb/2@125b910s.
[2026-10-08 00:42:28] (0s)  >>> First-level cache hit cached_Synth::Synth::TFallthroughStmt#e029a806/2@5e55039u with empty relation.
[2026-10-08 00:42:28] (0s) Inferred that FallthroughStmt::Generated::FallthroughStmt.getFallthroughDest/0#dispred#85fc48e7/2@b93b3dn3 is empty, due to cached_Synth::Synth::TFallthroughStmt#e029a806/2@5e55039u.
[2026-10-08 00:42:28] (0s) Inferred that Completion::TFallthroughCompletion#dom#20f7ad57/1@1ba0235h is empty, due to FallthroughStmt::Generated::FallthroughStmt.getFallthroughDest/0#dispred#85fc48e7/2@b93b3dn3.
[2026-10-08 00:42:28] (0s) Inferred that num#Completion::TFallthroughCompletion#25c42164/2@43bc52es is empty, due to Completion::TFallthroughCompletion#dom#20f7ad57/1@1ba0235h.
[2026-10-08 00:42:28] (0s) Inferred that num#Completion::TFallthroughCompletion#25c42164_10#join_rhs/2@d0f4e3ai is empty, due to num#Completion::TFallthroughCompletion#25c42164/2@43bc52es.
[2026-10-08 00:42:28] (0s)  >>> First-level cache hit cached_Synth::Synth::TDynamicTypeExpr#16d385bf/2@1c8b16f1 with empty relation.
[2026-10-08 00:42:28] (0s) Inferred that DynamicTypeExpr::Generated::DynamicTypeExpr.getImmediateBase/0#dispred#4c25a2d9/2@485f550q is empty, due to cached_Synth::Synth::TDynamicTypeExpr#16d385bf/2@1c8b16f1.
[2026-10-08 00:42:28] (0s) Inferred that ControlFlowGraphImpl::Exprs::DynamicTypeTree#8de22b18/2@6018a9hk is empty, due to cached_Synth::Synth::TDynamicTypeExpr#16d385bf/2@1c8b16f1.
[2026-10-08 00:42:28] (0s) Inferred that DynamicTypeExpr::Generated::DynamicTypeExpr.getBase/0#dispred#9b1d95f2/2@bbd57d4h is empty, due to cached_Synth::Synth::TDynamicTypeExpr#16d385bf/2@1c8b16f1.
[2026-10-08 00:42:28] (0s)  >>> Full cache hit cached_Synth::Synth::TEnumElementDecl#c1e6fb68/2@81e8a8em with 2314 rows and digest e4da81i6huipcbenihtvru621d4.
[2026-10-08 00:42:28] (0s)  >>> First-level cache hit cached_Synth::Synth::TCaptureListExpr#4e5ecb1c/2@e4f6e7b0 with empty relation.
[2026-10-08 00:42:28] (0s) Inferred that CaptureListExpr::Generated::CaptureListExpr.getBindingDecl/1#dispred#8f91690a/3@365bdcld is empty, due to cached_Synth::Synth::TCaptureListExpr#4e5ecb1c/2@e4f6e7b0.
[2026-10-08 00:42:28] (0s) Inferred that CaptureListExpr::Generated::CaptureListExpr.getNumberOfBindingDecls/0#dispred#46e7e62f/2@5b1424kd is empty, due to cached_Synth::Synth::TCaptureListExpr#4e5ecb1c/2@e4f6e7b0.
[2026-10-08 00:42:28] (0s) Inferred that CaptureListExpr::Generated::CaptureListExpr.getImmediateClosureBody/0#dispred#a264ebaf/2@9aadda6v is empty, due to cached_Synth::Synth::TCaptureListExpr#4e5ecb1c/2@e4f6e7b0.
[2026-10-08 00:42:28] (0s) Inferred that CaptureListExpr::Generated::CaptureListExpr.getNumberOfVariables/0#dispred#6a207b20/2@f3b513fv is empty, due to cached_Synth::Synth::TCaptureListExpr#4e5ecb1c/2@e4f6e7b0.
[2026-10-08 00:42:28] (0s) Inferred that ControlFlowGraphImpl::Exprs::CaptureListTree#03f4b23a/2@a75444rg is empty, due to cached_Synth::Synth::TCaptureListExpr#4e5ecb1c/2@e4f6e7b0.
[2026-10-08 00:42:28] (0s)  >>> First-level cache hit cached_Synth::Synth::TUnsafeCastExpr#e98b616b/2@1da95c0l with empty relation.
[2026-10-08 00:42:28] (0s) Inferred that CaptureListExpr::Generated::CaptureListExpr.getClosureBody/0#dispred#f4fccc06/2@34cb11ni is empty, due to cached_Synth::Synth::TCaptureListExpr#4e5ecb1c/2@e4f6e7b0.
[2026-10-08 00:42:28] (0s) Inferred that CaptureListExpr::Generated::CaptureListExpr.getBindingDecl/1#dispred#8f91690a_01#count_range/2@7a9149pj is empty, due to CaptureListExpr::Generated::CaptureListExpr.getBindingDecl/1#dispred#8f91690a/3@365bdcld.
[2026-10-08 00:42:28] (0s) Inferred that CaptureListExpr::Generated::CaptureListExpr.getBindingDecl/1#dispred#8f91690a_0#antijoin_rhs/1@ef8aa0r3 is empty, due to CaptureListExpr::Generated::CaptureListExpr.getBindingDecl/1#dispred#8f91690a/3@365bdcld.
[2026-10-08 00:42:28] (0s) Inferred that CaptureListExpr::CaptureListExpr.getVariable/1#dispred#96e296a1/3@c5ae0061 is empty, due to CaptureListExpr::Generated::CaptureListExpr.getBindingDecl/1#dispred#8f91690a/3@365bdcld.
[2026-10-08 00:42:28] (0s) Inferred that _CaptureListExpr::Generated::CaptureListExpr.getBindingDecl/1#dispred#8f91690a_01#count_range#join_rhs/2@fd29d14s is empty, due to CaptureListExpr::Generated::CaptureListExpr.getBindingDecl/1#dispred#8f91690a_01#count_range/2@7a9149pj.
[2026-10-08 00:42:28] (0s) Inferred that CaptureListExpr::CaptureListExpr.getVariable/1#dispred#96e296a1_01#count_range/2@e0bba24r is empty, due to CaptureListExpr::CaptureListExpr.getVariable/1#dispred#96e296a1/3@c5ae0061.
[2026-10-08 00:42:28] (0s) Inferred that CaptureListExpr::CaptureListExpr.getVariable/1#dispred#96e296a1_0#antijoin_rhs/1@7ac73c3t is empty, due to CaptureListExpr::CaptureListExpr.getVariable/1#dispred#96e296a1/3@c5ae0061.
[2026-10-08 00:42:28] (0s) Inferred that _CaptureListExpr::CaptureListExpr.getVariable/1#dispred#96e296a1_01#count_range#join_rhs/2@cd3b3cfc is empty, due to CaptureListExpr::CaptureListExpr.getVariable/1#dispred#96e296a1_01#count_range/2@e0bba24r.
[2026-10-08 00:42:28] (0s) Inferred that Synth::Synth::TUnsafeCastExpr#e98b616b_1#join_rhs/1@0e8f632i is empty, due to cached_Synth::Synth::TUnsafeCastExpr#e98b616b/2@1da95c0l.
[2026-10-08 00:42:28] (0s)  >>> Full cache hit cached_Synth::Synth::TOpaqueTypeDecl#3f22baa3/2@b182810u with 12 rows and digest 049e47v8qr1gp4m1lp7lef6f4n5.
[2026-10-08 00:42:28] (0s)  >>> Full cache hit cached_Synth::Synth::TNilLiteralExpr#d121107c/2@e4a19605 with 1 rows and digest 8df468dgnl6658vih2issvbuo6f.
[2026-10-08 00:42:28] (0s)  >>> First-level cache hit cached_Synth::Synth::TKeyPathDotExpr#ffba864a/2@fa0ae5ae with empty relation.
[2026-10-08 00:42:28] (0s)  >>> First-level cache hit cached_Synth::Synth::TEnumIsCaseExpr#3123b215/2@0c79f2ji with empty relation.
[2026-10-08 00:42:28] (0s) Inferred that EnumIsCaseExpr::Generated::EnumIsCaseExpr.getImmediateSubExpr/0#dispred#3086005c/2@3b7285j0 is empty, due to cached_Synth::Synth::TEnumIsCaseExpr#3123b215/2@0c79f2ji.
[2026-10-08 00:42:28] (0s) Inferred that ControlFlowGraphImpl::Exprs::EnumIsCaseTree#f798c0ff/2@81d3ffkh is empty, due to cached_Synth::Synth::TEnumIsCaseExpr#3123b215/2@0c79f2ji.
[2026-10-08 00:42:28] (0s) Inferred that EnumIsCaseExpr::Generated::EnumIsCaseExpr.getSubExpr/0#dispred#58ad6568/2@1e22071m is empty, due to cached_Synth::Synth::TEnumIsCaseExpr#3123b215/2@0c79f2ji.
[2026-10-08 00:42:28] (0s)  >>> Full cache hit cached_Synth::Synth::TForceValueExpr#46e88c3b/2@d6a553f4 with 1 rows and digest ea3cb3jkd1a229mk8d50pscvkl0.
[2026-10-08 00:42:28] (0s)  >>> First-level cache hit cached_Synth::Synth::TDictionaryExpr#0a7110a3/2@d5b85285 with empty relation.
[2026-10-08 00:42:28] (0s) Inferred that DictionaryExpr::Generated::DictionaryExpr.getImmediateElement/1#dispred#01f48f9a/3@48daf5cn is empty, due to cached_Synth::Synth::TDictionaryExpr#0a7110a3/2@d5b85285.
[2026-10-08 00:42:28] (0s) Inferred that ControlFlowGraphImpl::Exprs::DictionaryLiteralTree#a17d8237/2@74d269mo is empty, due to cached_Synth::Synth::TDictionaryExpr#0a7110a3/2@d5b85285.
[2026-10-08 00:42:28] (0s) Inferred that DictionaryExpr::Generated::DictionaryExpr.getImmediateElement/1#dispred#01f48f9a/3@38293002 is empty, due to cached_Synth::Synth::TDictionaryExpr#0a7110a3/2@d5b85285.
[2026-10-08 00:42:28] (0s) Inferred that _DictionaryExpr::Generated::DictionaryExpr.getImmediateElement/1#dispred#01f48f9a#max_range/2@2d3c28m4 is empty, due to DictionaryExpr::Generated::DictionaryExpr.getImmediateElement/1#dispred#01f48f9a/3@48daf5cn.
[2026-10-08 00:42:28] (0s) Inferred that _DictionaryExpr::Generated::DictionaryExpr.getImmediateElement/1#dispred#01f48f9a#max_term/3@ae88c6l5 is empty, due to DictionaryExpr::Generated::DictionaryExpr.getImmediateElement/1#dispred#01f48f9a/3@48daf5cn.
[2026-10-08 00:42:28] (0s) Inferred that ControlFlowGraphImpl::Exprs::DictionaryLiteralTree#a17d8237_10#join_rhs/2@3fa862io is empty, due to ControlFlowGraphImpl::Exprs::DictionaryLiteralTree#a17d8237/2@74d269mo.
[2026-10-08 00:42:28] (0s) Inferred that __DictionaryExpr::Generated::DictionaryExpr.getImmediateElement/1#dispred#01f48f9a#max_range__Dictio__#join_rhs/1@7250bbof is empty, due to _DictionaryExpr::Generated::DictionaryExpr.getImmediateElement/1#dispred#01f48f9a#max_range/2@2d3c28m4.
[2026-10-08 00:42:28] (0s)  >>> Full cache hit cached_Synth::Synth::TBindingPattern#a1286971/2@fc44978c with 1 rows and digest 694c1fsv36jpnodphute7936aha.
[2026-10-08 00:42:28] (0s)  >>> First-level cache hit cached_Synth::Synth::TTypeValueExpr#c5cf603d/2@1bf76bc7 with empty relation.
[2026-10-08 00:42:28] (0s)  >>> Full cache hit cached_Synth::Synth::TTypeAliasDecl#c8e3c943/2@7feb4919 with 4142 rows and digest 54e0ffu90m132loav8a8jmem3i5.
[2026-10-08 00:42:28] (0s)  >>> Full cache hit cached_Synth::Synth::TSubscriptExpr#aa4a4343/2@bd2104f7 with 1 rows and digest cf6e3d98ecig0jroomc0p7vssg1.
[2026-10-08 00:42:28] (0s)  >>> Full cache hit cached_Synth::Synth::TStmtCondition#a94490a1/2@3cb6ddol with 1 rows and digest 1601d62167sdb76cskll68usvf9.
[2026-10-08 00:42:28] (0s)  >>> Full cache hit cached_Synth::Synth::TMemberRefExpr#87b2de3a/2@1bf4c2n4 with 1389 rows and digest 40f755ck399nb2evv34vib5je4a.
[2026-10-08 00:42:28] (0s)  >>> First-level cache hit cached_Synth::Synth::TCaseLabelItem#ecfcec3b/2@418c4dcg with empty relation.
[2026-10-08 00:42:28] (0s) Inferred that CaseStmt::Generated::CaseStmt.getLabel/1#dispred#50014dfa/3@bad5614h is empty, due to cached_Synth::Synth::TCaseLabelItem#ecfcec3b/2@418c4dcg.
[2026-10-08 00:42:28] (0s) Inferred that CaseLabelItem::Generated::CaseLabelItem.getImmediatePattern/0#dispred#5298e1c6/2@dc5fd8np is empty, due to cached_Synth::Synth::TCaseLabelItem#ecfcec3b/2@418c4dcg.
[2026-10-08 00:42:28] (0s)  >>> Full cache hit cached_Synth::Synth::TExtensionDecl#cddc3503/2@6e51d0bc with 4471 rows and digest 4f7c8bissh3ur12kqncb59omip8.
[2026-10-08 00:42:28] (0s) Inferred that CaseLabelItem::Generated::CaseLabelItem.getImmediateGuard/0#dispred#af99aa1c/2@2c036ec2 is empty, due to cached_Synth::Synth::TCaseLabelItem#ecfcec3b/2@418c4dcg.
[2026-10-08 00:42:28] (0s) Inferred that ControlFlowGraphImpl::Stmts::CaseLabelItemTree#9026a190/2@7543aesb is empty, due to cached_Synth::Synth::TCaseLabelItem#ecfcec3b/2@418c4dcg.
[2026-10-08 00:42:28] (0s) Inferred that CaseLabelItem::Generated::CaseLabelItem.getGuard/0#dispred#b77595c5/2@936207ne is empty, due to cached_Synth::Synth::TCaseLabelItem#ecfcec3b/2@418c4dcg.
[2026-10-08 00:42:28] (0s) Inferred that CaseLabelItem::Generated::CaseLabelItem.getPattern/0#dispred#a57216b8/2@539b7bpn is empty, due to cached_Synth::Synth::TCaseLabelItem#ecfcec3b/2@418c4dcg.
[2026-10-08 00:42:28] (0s) Inferred that CaseStmt::Generated::CaseStmt.getLabel/1#dispred#50014dfa_01#count_range/2@1cd11bci is empty, due to CaseStmt::Generated::CaseStmt.getLabel/1#dispred#50014dfa/3@bad5614h.
[2026-10-08 00:42:28] (0s) Inferred that CaseStmt::Generated::CaseStmt.getLabel/1#dispred#50014dfa_0#antijoin_rhs/1@06b4b016 is empty, due to CaseStmt::Generated::CaseStmt.getLabel/1#dispred#50014dfa/3@bad5614h.
[2026-10-08 00:42:28] (0s) Inferred that CaseStmt::Generated::CaseStmt.getLabel/1#dispred#50014dfa_0_expr_#antijoin_rhs/2@eed2fe6t is empty, due to CaseStmt::Generated::CaseStmt.getLabel/1#dispred#50014dfa/3@bad5614h.
[2026-10-08 00:42:28] (0s) Inferred that CaseStmt::CaseStmt.getLastLabel/0#dispred#35fbea17/2@2f1a3dif is empty, due to CaseStmt::Generated::CaseStmt.getLabel/1#dispred#50014dfa/3@bad5614h.
[2026-10-08 00:42:28] (0s) Inferred that Completion::mustHaveMatchingCompletion/2#663d6067#bf/2@654553v8 is empty, due to CaseStmt::Generated::CaseStmt.getLabel/1#dispred#50014dfa/3@bad5614h.
[2026-10-08 00:42:28] (0s) Inferred that _CaseLabelItem::Generated::CaseLabelItem.getGuard/0#dispred#b77595c5_ControlFlowGraphImpl::Stmts::Ca__#shared/2@f0904cll is empty, due to ControlFlowGraphImpl::Stmts::CaseLabelItemTree#9026a190/2@7543aesb.
[2026-10-08 00:42:28] (0s) Inferred that _CaseLabelItem::Generated::CaseLabelItem.getPattern/0#dispred#a57216b8_ControlFlowGraphImpl::Stmts::__#join_rhs/2@04ecdfuo is empty, due to ControlFlowGraphImpl::Stmts::CaseLabelItemTree#9026a190/2@7543aesb.
[2026-10-08 00:42:28] (0s) Inferred that _CaseLabelItem::Generated::CaseLabelItem.getPattern/0#dispred#a57216b8_ControlFlowGraphImpl::Stmts::__#join_rhs#1/3@b90877po is empty, due to ControlFlowGraphImpl::Stmts::CaseLabelItemTree#9026a190/2@7543aesb.
[2026-10-08 00:42:28] (0s) Inferred that CaseLabelItem::Generated::CaseLabelItem.getGuard/0#dispred#b77595c5_0#antijoin_rhs/1@dbcd443i is empty, due to CaseLabelItem::Generated::CaseLabelItem.getGuard/0#dispred#b77595c5/2@936207ne.
[2026-10-08 00:42:28] (0s) Inferred that CaseLabelItem::Generated::CaseLabelItem.getPattern/0#dispred#a57216b8_1#join_rhs/1@656ae3bm is empty, due to CaseLabelItem::Generated::CaseLabelItem.getPattern/0#dispred#a57216b8/2@539b7bpn.
[2026-10-08 00:42:28] (0s) Inferred that _CaseStmt::Generated::CaseStmt.getLabel/1#dispred#50014dfa_01#count_range#join_rhs/2@dab9c3d4 is empty, due to CaseStmt::Generated::CaseStmt.getLabel/1#dispred#50014dfa_01#count_range/2@1cd11bci.
[2026-10-08 00:42:28] (0s) Inferred that _CaseStmt::CaseStmt.getLastLabel/0#dispred#35fbea17_ControlFlowGraphImpl::Stmts::CaseTree#00554fc5_E__#join_rhs/2@404857va is empty, due to CaseStmt::CaseStmt.getLastLabel/0#dispred#35fbea17/2@2f1a3dif.
[2026-10-08 00:42:28] (0s) Inferred that Completion::mustHaveMatchingCompletion/2#663d6067#bf_10#join_rhs/2@fb13015d is empty, due to Completion::mustHaveMatchingCompletion/2#663d6067#bf/2@654553v8.
[2026-10-08 00:42:28] (0s) Inferred that _Element::Element.getFullyUnresolved/0#97fc9caa__CaseLabelItem::Generated::CaseLabelItem.getGuard/0#__#join_rhs/2@b33206gp is empty, due to _CaseLabelItem::Generated::CaseLabelItem.getGuard/0#dispred#b77595c5_ControlFlowGraphImpl::Stmts::Ca__#shared/2@f0904cll.
[2026-10-08 00:42:28] (0s) Inferred that Completion::getPatternValue/1#a7a2a508#bf/2@f7015drp is empty, due to CaseLabelItem::Generated::CaseLabelItem.getPattern/0#dispred#a57216b8_1#join_rhs/1@656ae3bm.
[2026-10-08 00:42:28] (0s)  >>> First-level cache hit cached_Synth::Synth::TTuplePattern#ec85277c/2@46a5399n with empty relation.
[2026-10-08 00:42:28] (0s) Inferred that TuplePattern::Generated::TuplePattern.getImmediateElement/1#dispred#56e1358f/3@17691cbi is empty, due to cached_Synth::Synth::TTuplePattern#ec85277c/2@46a5399n.
[2026-10-08 00:42:28] (0s) Inferred that ControlFlowGraphImpl::Patterns::TupleTree#19c50843/2@d4ec22vo is empty, due to cached_Synth::Synth::TTuplePattern#ec85277c/2@46a5399n.
[2026-10-08 00:42:28] (0s) Inferred that TuplePattern::Generated::TuplePattern.getElement/1#dispred#6d8fa592/3@c1323f22 is empty, due to cached_Synth::Synth::TTuplePattern#ec85277c/2@46a5399n.
[2026-10-08 00:42:28] (0s)  >>> Full cache hit cached_Synth::Synth::TTypedPattern#5cfad51a/2@bd9a59ud with 7953 rows and digest db547d34ibsouaegv9ebvh3p0g4.
[2026-10-08 00:42:28] (0s) Inferred that _TuplePattern::Generated::TuplePattern.getImmediateElement/1#dispred#56e1358f#max_range/2@22932cd6 is empty, due to TuplePattern::Generated::TuplePattern.getImmediateElement/1#dispred#56e1358f/3@17691cbi.
[2026-10-08 00:42:28] (0s) Inferred that _TuplePattern::Generated::TuplePattern.getImmediateElement/1#dispred#56e1358f#max_term/3@9913e0id is empty, due to TuplePattern::Generated::TuplePattern.getImmediateElement/1#dispred#56e1358f/3@17691cbi.
[2026-10-08 00:42:28] (0s) Inferred that _ControlFlowGraphImpl::Patterns::TupleTree#19c50843_Element::Element.getFullyUnresolved/0#97fc9caa_T__#join_rhs/2@b7f045jn is empty, due to ControlFlowGraphImpl::Patterns::TupleTree#19c50843/2@d4ec22vo.
[2026-10-08 00:42:28] (0s) Inferred that _ControlFlowGraphImpl::Patterns::TupleTree#19c50843_Element::Element.getFullyUnresolved/0#97fc9caa_T__#join_rhs#1/2@af950fcr is empty, due to ControlFlowGraphImpl::Patterns::TupleTree#19c50843/2@d4ec22vo.
[2026-10-08 00:42:28] (0s) Inferred that TuplePattern::Generated::TuplePattern.getElement/1#dispred#6d8fa592_0_expr_#antijoin_rhs/2@2ccccet3 is empty, due to TuplePattern::Generated::TuplePattern.getElement/1#dispred#6d8fa592/3@c1323f22.
[2026-10-08 00:42:28] (0s) Inferred that TuplePattern::TuplePattern.getLastElement/0#dispred#05039a83/2@7dec591l is empty, due to TuplePattern::Generated::TuplePattern.getElement/1#dispred#6d8fa592/3@c1323f22.
[2026-10-08 00:42:28] (0s) Inferred that __TuplePattern::Generated::TuplePattern.getImmediateElement/1#dispred#56e1358f#max_range__TuplePatte__#join_rhs/1@f59402gs is empty, due to _TuplePattern::Generated::TuplePattern.getImmediateElement/1#dispred#56e1358f#max_range/2@22932cd6.
[2026-10-08 00:42:28] (0s)  >>> First-level cache hit cached_Synth::Synth::TSuperRefExpr#4d1b7b74/2@e9fc8ce6 with empty relation.
[2026-10-08 00:42:28] (0s)  >>> First-level cache hit cached_Synth::Synth::TSequenceExpr#32ecc61a/2@ae6a6dlo with empty relation.
[2026-10-08 00:42:28] (0s) Inferred that SequenceExpr::Generated::SequenceExpr.getImmediateElement/1#dispred#0126392c/3@511a16vd is empty, due to cached_Synth::Synth::TSequenceExpr#32ecc61a/2@ae6a6dlo.
[2026-10-08 00:42:28] (0s)  >>> Full cache hit cached_Synth::Synth::TProtocolDecl#76ae7699/2@3a37014v with 268 rows and digest 53f3e3upmbc7i2vj5kcgcupnd26.
[2026-10-08 00:42:28] (0s) Inferred that _SequenceExpr::Generated::SequenceExpr.getImmediateElement/1#dispred#0126392c#max_range/2@9c5fc99d is empty, due to SequenceExpr::Generated::SequenceExpr.getImmediateElement/1#dispred#0126392c/3@511a16vd.
[2026-10-08 00:42:28] (0s) Inferred that _SequenceExpr::Generated::SequenceExpr.getImmediateElement/1#dispred#0126392c#max_term/3@478377on is empty, due to SequenceExpr::Generated::SequenceExpr.getImmediateElement/1#dispred#0126392c/3@511a16vd.
[2026-10-08 00:42:28] (0s) Inferred that __SequenceExpr::Generated::SequenceExpr.getImmediateElement/1#dispred#0126392c#max_range__SequenceEx__#join_rhs/1@54ce6192 is empty, due to _SequenceExpr::Generated::SequenceExpr.getImmediateElement/1#dispred#0126392c#max_range/2@9c5fc99d.
[2026-10-08 00:42:28] (0s)  >>> First-level cache hit cached_Synth::Synth::TParenPattern#14396679/2@f10e7e4h with empty relation.
[2026-10-08 00:42:28] (0s) Inferred that ParenPattern::Generated::ParenPattern.getImmediateSubPattern/0#dispred#b428ea01/2@5a400a8b is empty, due to cached_Synth::Synth::TParenPattern#14396679/2@f10e7e4h.
[2026-10-08 00:42:28] (0s) Inferred that ControlFlowGraphImpl::Patterns::ParenTree#2b421cd4/2@4b381fbv is empty, due to cached_Synth::Synth::TParenPattern#14396679/2@f10e7e4h.
[2026-10-08 00:42:28] (0s)  >>> First-level cache hit cached_Synth::Synth::TIfConfigDecl#43f53a30/2@893fd7t9 with empty relation.
[2026-10-08 00:42:28] (0s)  >>> Full cache hit cached_Synth::Synth::TNamedPattern#df5d0b46/2@4d9d5e09 with 8079 rows and digest 8da14b30o32l2ojqimg7k5cosga.
[2026-10-08 00:42:28] (0s)  >>> First-level cache hit cached_Synth::Synth::TForceTryExpr#aca35586/2@18221b0p with empty relation.
[2026-10-08 00:42:28] (0s) Inferred that Synth::Synth::TForceTryExpr#aca35586_1#join_rhs/1@0f4139gi is empty, due to cached_Synth::Synth::TForceTryExpr#aca35586/2@18221b0p.
[2026-10-08 00:42:28] (0s)  >>> First-level cache hit cached_Synth::Synth::TContinueStmt#7ebd2bcd/2@9c2f50he with empty relation.
[2026-10-08 00:42:28] (0s) Inferred that ContinueStmt::Generated::ContinueStmt.getTarget/0#dispred#7371e039/2@bc7d3dfq is empty, due to cached_Synth::Synth::TContinueStmt#7ebd2bcd/2@9c2f50he.
[2026-10-08 00:42:28] (0s) Inferred that Completion::TContinueCompletion#dom#dd32076a/1@11ca221f is empty, due to ContinueStmt::Generated::ContinueStmt.getTarget/0#dispred#7371e039/2@bc7d3dfq.
[2026-10-08 00:42:28] (0s)  >>> First-level cache hit cached_Synth::Synth::TEnumCaseDecl#6ce3f6d5/2@61bbf1mr with empty relation.
[2026-10-08 00:42:28] (0s) Inferred that num#Completion::TContinueCompletion#351029a2/2@5bc896pu is empty, due to Completion::TContinueCompletion#dom#dd32076a/1@11ca221f.
[2026-10-08 00:42:28] (0s) Inferred that num#Completion::TContinueCompletion#351029a2_1#antijoin_rhs/1@443d91k0 is empty, due to num#Completion::TContinueCompletion#351029a2/2@5bc896pu.
[2026-10-08 00:42:28] (0s)  >>> First-level cache hit cached_Synth::Synth::TCapturedDecl#676ccadd/2@ba2e6e8s with empty relation.
[2026-10-08 00:42:28] (0s) Inferred that Callable::Generated::Callable.getCapture/1#dispred#20645baa/3@8489097d is empty, due to cached_Synth::Synth::TCapturedDecl#676ccadd/2@ba2e6e8s.
[2026-10-08 00:42:28] (0s) Inferred that Callable::Generated::Callable.getCapture/1#dispred#20645baa_01#count_range/2@f863f8ef is empty, due to Callable::Generated::Callable.getCapture/1#dispred#20645baa/3@8489097d.
[2026-10-08 00:42:28] (0s) Inferred that Callable::Generated::Callable.getCapture/1#dispred#20645baa_0#antijoin_rhs/1@31172eue is empty, due to Callable::Generated::Callable.getCapture/1#dispred#20645baa/3@8489097d.
[2026-10-08 00:42:28] (0s)  >>> First-level cache hit cached_Synth::Synth::TForEachStmt#d335d334/2@f9ff50i3 with empty relation.
[2026-10-08 00:42:28] (0s) Inferred that ForEachStmt::Generated::ForEachStmt.getBody/0#dispred#2c7b0e27/2@125774n8 is empty, due to cached_Synth::Synth::TForEachStmt#d335d334/2@f9ff50i3.
[2026-10-08 00:42:28] (0s)  >>> First-level cache hit cached_Synth::Synth::TExprPattern#64b09386/2@4bebbf2p with empty relation.
[2026-10-08 00:42:28] (0s) Inferred that ForEachStmt::Generated::ForEachStmt.getIteratorVar/0#dispred#53590c7f/2@0cde20vp is empty, due to cached_Synth::Synth::TForEachStmt#d335d334/2@f9ff50i3.
[2026-10-08 00:42:28] (0s) Inferred that ForEachStmt::Generated::ForEachStmt.getImmediatePattern/0#dispred#19a87a79/2@678ce619 is empty, due to cached_Synth::Synth::TForEachStmt#d335d334/2@f9ff50i3.
[2026-10-08 00:42:28] (0s) Inferred that ForEachStmt::Generated::ForEachStmt.getVariable/1#dispred#d3bf7b74/3@d38e0fc0 is empty, due to cached_Synth::Synth::TForEachStmt#d335d334/2@f9ff50i3.
[2026-10-08 00:42:28] (0s) Inferred that ForEachStmt::Generated::ForEachStmt.getNumberOfVariables/0#dispred#8a208963/2@74328d77 is empty, due to cached_Synth::Synth::TForEachStmt#d335d334/2@f9ff50i3.
[2026-10-08 00:42:28] (0s) Inferred that ForEachStmt::Generated::ForEachStmt.getImmediateNextCall/0#dispred#6a794547/2@fa8dfbvg is empty, due to cached_Synth::Synth::TForEachStmt#d335d334/2@f9ff50i3.
[2026-10-08 00:42:28] (0s) Inferred that ForEachStmt::Generated::ForEachStmt.getImmediateWhere/0#dispred#09343890/2@cdaa86uk is empty, due to cached_Synth::Synth::TForEachStmt#d335d334/2@f9ff50i3.
[2026-10-08 00:42:28] (0s) Inferred that ControlFlowGraphImpl::Stmts::Loops::ForEachTree#1eb7d5cb/2@9bf3ef7a is empty, due to cached_Synth::Synth::TForEachStmt#d335d334/2@f9ff50i3.
[2026-10-08 00:42:28] (0s) Inferred that ForEachStmt::Generated::ForEachStmt.getNextCall/0#dispred#b54d6cb7/2@6c7ee2jp is empty, due to cached_Synth::Synth::TForEachStmt#d335d334/2@f9ff50i3.
[2026-10-08 00:42:28] (0s) Inferred that ForEachStmt::Generated::ForEachStmt.getPattern/0#dispred#8ddc0acc/2@3cf6af8f is empty, due to cached_Synth::Synth::TForEachStmt#d335d334/2@f9ff50i3.
[2026-10-08 00:42:28] (0s) Inferred that ForEachStmt::Generated::ForEachStmt.getWhere/0#dispred#40ba33d6/2@475664si is empty, due to cached_Synth::Synth::TForEachStmt#d335d334/2@f9ff50i3.
[2026-10-08 00:42:28] (0s) Inferred that _ControlFlowGraphImpl::Stmts::Loops::ForEachTree#1eb7d5cb_ForEachStmt::Generated::ForEachStmt.getBod__#join_rhs/3@0c9c24sl is empty, due to ControlFlowGraphImpl::Stmts::Loops::ForEachTree#1eb7d5cb/2@9bf3ef7a.
[2026-10-08 00:42:28] (0s) Inferred that _ControlFlowGraphImpl::Stmts::Loops::ForEachTree#1eb7d5cb_ForEachStmt::Generated::ForEachStmt.getBod__#join_rhs#1/2@d4468dr4 is empty, due to ControlFlowGraphImpl::Stmts::Loops::ForEachTree#1eb7d5cb/2@9bf3ef7a.
[2026-10-08 00:42:28] (0s) Inferred that _ControlFlowGraphImpl::Stmts::Loops::ForEachTree#1eb7d5cb_ForEachStmt::Generated::ForEachStmt.getIte__#join_rhs/2@1e7e48r1 is empty, due to ControlFlowGraphImpl::Stmts::Loops::ForEachTree#1eb7d5cb/2@9bf3ef7a.
[2026-10-08 00:42:28] (0s) Inferred that ForEachStmt::Generated::ForEachStmt.getVariable/1#dispred#d3bf7b74_01#count_range/2@f92e26kq is empty, due to ForEachStmt::Generated::ForEachStmt.getVariable/1#dispred#d3bf7b74/3@d38e0fc0.
[2026-10-08 00:42:28] (0s) Inferred that ForEachStmt::Generated::ForEachStmt.getVariable/1#dispred#d3bf7b74_0#antijoin_rhs/1@1b464434 is empty, due to ForEachStmt::Generated::ForEachStmt.getVariable/1#dispred#d3bf7b74/3@d38e0fc0.
[2026-10-08 00:42:28] (0s) Inferred that ForEachStmt::Generated::ForEachStmt.getWhere/0#dispred#40ba33d6_0#antijoin_rhs/1@1bae4dom is empty, due to ForEachStmt::Generated::ForEachStmt.getWhere/0#dispred#40ba33d6/2@475664si.
[2026-10-08 00:42:28] (0s) Inferred that _ForEachStmt::Generated::ForEachStmt.getVariable/1#dispred#d3bf7b74_01#count_range#join_rhs/2@fa1551ge is empty, due to ForEachStmt::Generated::ForEachStmt.getVariable/1#dispred#d3bf7b74_01#count_range/2@f92e26kq.
[2026-10-08 00:42:28] (0s) Inferred that ExprPattern::Generated::ExprPattern.getImmediateSubExpr/0#dispred#b9adf80c/2@11bfb197 is empty, due to cached_Synth::Synth::TExprPattern#64b09386/2@4bebbf2p.
[2026-10-08 00:42:28] (0s) Inferred that ControlFlowGraphImpl::Patterns::ExprTree#cfb31f0c/2@15b48fm7 is empty, due to cached_Synth::Synth::TExprPattern#64b09386/2@4bebbf2p.
[2026-10-08 00:42:28] (0s) Inferred that ExprPattern::Generated::ExprPattern.getSubExpr/0#dispred#a4d96483/2@4efe11jl is empty, due to cached_Synth::Synth::TExprPattern#64b09386/2@4bebbf2p.
[2026-10-08 00:42:28] (0s)  >>> Full cache hit cached_Synth::Synth::TErasureExpr#b856878f/2@381a3but with 3 rows and digest 4bd1fa129fmpaq0t1ish586da65.
[2026-10-08 00:42:28] (0s)  >>> First-level cache hit cached_Synth::Synth::TDotSelfExpr#2af432ab/2@e85b6a0p with empty relation.
[2026-10-08 00:42:28] (0s) Inferred that Synth::Synth::TDotSelfExpr#2af432ab_1#join_rhs/1@53c290eg is empty, due to cached_Synth::Synth::TDotSelfExpr#2af432ab/2@e85b6a0p.
[2026-10-08 00:42:28] (0s)  >>> First-level cache hit cached_Synth::Synth::TDoCatchStmt#e9143c54/2@d6a160p9 with empty relation.
[2026-10-08 00:42:28] (0s) Inferred that DoCatchStmt::Generated::DoCatchStmt.getCatch/1#dispred#33738fe8/3@86649a2l is empty, due to cached_Synth::Synth::TDoCatchStmt#e9143c54/2@d6a160p9.
[2026-10-08 00:42:28] (0s) Inferred that DoCatchStmt::Generated::DoCatchStmt.getNumberOfCatches/0#dispred#ad1645e1/2@259cf8ap is empty, due to cached_Synth::Synth::TDoCatchStmt#e9143c54/2@d6a160p9.
[2026-10-08 00:42:28] (0s) Inferred that DoCatchStmt::Generated::DoCatchStmt.getBody/0#dispred#a1134ec4/2@9dc2c17o is empty, due to cached_Synth::Synth::TDoCatchStmt#e9143c54/2@d6a160p9.
[2026-10-08 00:42:28] (0s) Inferred that ControlFlowGraphImpl::Stmts::DoCatchTree#6ba092bb/2@584353ik is empty, due to cached_Synth::Synth::TDoCatchStmt#e9143c54/2@d6a160p9.
[2026-10-08 00:42:28] (0s) Inferred that Synth::Synth::TDoCatchStmt#e9143c54_10#join_rhs/2@54c67fk6 is empty, due to cached_Synth::Synth::TDoCatchStmt#e9143c54/2@d6a160p9.
[2026-10-08 00:42:28] (0s) Inferred that DoCatchStmt::Generated::DoCatchStmt.getCatch/1#dispred#33738fe8_01#count_range/2@08f0ee2g is empty, due to DoCatchStmt::Generated::DoCatchStmt.getCatch/1#dispred#33738fe8/3@86649a2l.
[2026-10-08 00:42:28] (0s) Inferred that DoCatchStmt::Generated::DoCatchStmt.getCatch/1#dispred#33738fe8_0#antijoin_rhs/1@4fe262ov is empty, due to DoCatchStmt::Generated::DoCatchStmt.getCatch/1#dispred#33738fe8/3@86649a2l.
[2026-10-08 00:42:28] (0s) Inferred that DoCatchStmt::Generated::DoCatchStmt.getCatch/1#dispred#33738fe8_0_expr_#antijoin_rhs/2@2cff6306 is empty, due to DoCatchStmt::Generated::DoCatchStmt.getCatch/1#dispred#33738fe8/3@86649a2l.
[2026-10-08 00:42:28] (0s) Inferred that DoCatchStmt::DoCatchStmt.getLastCatch/0#dispred#f77b1a62/2@b00d1cra is empty, due to DoCatchStmt::Generated::DoCatchStmt.getCatch/1#dispred#33738fe8/3@86649a2l.
[2026-10-08 00:42:28] (0s) Inferred that _CaseStmt::Generated::CaseStmt.getBody/0#dispred#dd79662c_ControlFlowGraphImpl::Stmts::DoCatchTree#6__#join_rhs/2@7b2296qt is empty, due to ControlFlowGraphImpl::Stmts::DoCatchTree#6ba092bb/2@584353ik.
[2026-10-08 00:42:28] (0s) Inferred that ControlFlowGraphImpl::Stmts::DoCatchTree#6ba092bb_0#antijoin_rhs/1@976c57sb is empty, due to ControlFlowGraphImpl::Stmts::DoCatchTree#6ba092bb/2@584353ik.
[2026-10-08 00:42:28] (0s) Inferred that _ControlFlowGraphImpl::Stmts::DoCatchTree#6ba092bb_DoCatchStmt::DoCatchStmt.getLastCatch/0#dispred#f__#join_rhs/2@34d6f3cr is empty, due to ControlFlowGraphImpl::Stmts::DoCatchTree#6ba092bb/2@584353ik.
[2026-10-08 00:42:28] (0s) Inferred that _DoCatchStmt::Generated::DoCatchStmt.getCatch/1#dispred#33738fe8_01#count_range#join_rhs/2@eb9ddd06 is empty, due to DoCatchStmt::Generated::DoCatchStmt.getCatch/1#dispred#33738fe8_01#count_range/2@08f0ee2g.
[2026-10-08 00:42:28] (0s)  >>> First-level cache hit cached_Synth::Synth::TDiscardStmt#bdb000d3/2@1755b7an with empty relation.
[2026-10-08 00:42:28] (0s) Inferred that DiscardStmt::Generated::DiscardStmt.getImmediateSubExpr/0#dispred#511d46bb/2@c40aa2j5 is empty, due to cached_Synth::Synth::TDiscardStmt#bdb000d3/2@1755b7an.
[2026-10-08 00:42:28] (0s) Inferred that ControlFlowGraphImpl::Stmts::DiscardStmtTree#fa23d57b/2@3917cfre is empty, due to cached_Synth::Synth::TDiscardStmt#bdb000d3/2@1755b7an.
[2026-10-08 00:42:28] (0s) Inferred that DiscardStmt::Generated::DiscardStmt.getImmediateSubExpr/0#dispred#511d46bb/2@860680da is empty, due to cached_Synth::Synth::TDiscardStmt#bdb000d3/2@1755b7an.
[2026-10-08 00:42:28] (0s)  >>> Full cache hit cached_Synth::Synth::TDeclRefExpr#d9fd4dc9/2@30d0ffe0 with 12231 rows and digest 6fcdbc1utt4lg8lef6tu1g10bn5.
[2026-10-08 00:42:28] (0s)  >>> First-level cache hit cached_Synth::Synth::TConsumeExpr#6debb2d8/2@6b4f96pi with empty relation.
[2026-10-08 00:42:28] (0s) Inferred that ConsumeExpr::Generated::ConsumeExpr.getImmediateSubExpr/0#dispred#ac9e2db9/2@6bf221ff is empty, due to cached_Synth::Synth::TConsumeExpr#6debb2d8/2@6b4f96pi.
[2026-10-08 00:42:28] (0s) Inferred that ControlFlowGraphImpl::Exprs::ConsumeExprTree#5b93c2f4/2@49e8dfin is empty, due to cached_Synth::Synth::TConsumeExpr#6debb2d8/2@6b4f96pi.
[2026-10-08 00:42:28] (0s) Inferred that ConsumeExpr::Generated::ConsumeExpr.getSubExpr/0#dispred#d4535c4c/2@57d543mu is empty, due to cached_Synth::Synth::TConsumeExpr#6debb2d8/2@6b4f96pi.
[2026-10-08 00:42:28] (0s)  >>> First-level cache hit cached_Synth::Synth::TUnsafeExpr#5c199287/2@9793536j with empty relation.
[2026-10-08 00:42:28] (0s) Inferred that Synth::Synth::TUnsafeExpr#5c199287_1#join_rhs/1@1e7a1bsu is empty, due to cached_Synth::Synth::TUnsafeExpr#5c199287/2@9793536j.
[2026-10-08 00:42:28] (0s)  >>> First-level cache hit cached_Synth::Synth::TBoolPattern#65decc27/2@d890688k with empty relation.
[2026-10-08 00:42:28] (0s)  >>> First-level cache hit cached_Synth::Synth::TSwitchStmt#06d5b636/2@096a41v8 with empty relation.
[2026-10-08 00:42:28] (0s) Inferred that SwitchStmt::Generated::SwitchStmt.getCase/1#dispred#0522a946/3@40d2ff3m is empty, due to cached_Synth::Synth::TSwitchStmt#06d5b636/2@096a41v8.
[2026-10-08 00:42:28] (0s) Inferred that SwitchStmt::Generated::SwitchStmt.getNumberOfCases/0#dispred#753a3685/2@54375d3n is empty, due to cached_Synth::Synth::TSwitchStmt#06d5b636/2@096a41v8.
[2026-10-08 00:42:28] (0s) Inferred that SwitchStmt::Generated::SwitchStmt.getImmediateExpr/0#dispred#e503079d/2@6897acdj is empty, due to cached_Synth::Synth::TSwitchStmt#06d5b636/2@096a41v8.
[2026-10-08 00:42:28] (0s) Inferred that ControlFlowGraphImpl::Stmts::SwitchTree#870f8e9b/2@667316p8 is empty, due to cached_Synth::Synth::TSwitchStmt#06d5b636/2@096a41v8.
[2026-10-08 00:42:28] (0s) Inferred that SwitchStmt::Generated::SwitchStmt.getExpr/0#dispred#269e2eb5/2@6d290bom is empty, due to cached_Synth::Synth::TSwitchStmt#06d5b636/2@096a41v8.
[2026-10-08 00:42:28] (0s) Inferred that SwitchStmt::Generated::SwitchStmt.getCase/1#dispred#0522a946_01#count_range/2@36b3bb9q is empty, due to SwitchStmt::Generated::SwitchStmt.getCase/1#dispred#0522a946/3@40d2ff3m.
[2026-10-08 00:42:28] (0s) Inferred that SwitchStmt::Generated::SwitchStmt.getCase/1#dispred#0522a946_0#antijoin_rhs/1@b75985rv is empty, due to SwitchStmt::Generated::SwitchStmt.getCase/1#dispred#0522a946/3@40d2ff3m.
[2026-10-08 00:42:28] (0s) Inferred that _CaseStmt::Generated::CaseStmt.getBody/0#dispred#dd79662c_ControlFlowGraphImpl::Stmts::SwitchTree#87__#join_rhs/2@7b26f0e6 is empty, due to ControlFlowGraphImpl::Stmts::SwitchTree#870f8e9b/2@667316p8.
[2026-10-08 00:42:28] (0s) Inferred that _ControlFlowGraphImpl::Stmts::SwitchTree#870f8e9b_Expr::Expr.getFullyConverted/0#dispred#e3fb566d#bf__#join_rhs/2@b6a8466h is empty, due to ControlFlowGraphImpl::Stmts::SwitchTree#870f8e9b/2@667316p8.
[2026-10-08 00:42:28] (0s) Inferred that _SwitchStmt::Generated::SwitchStmt.getCase/1#dispred#0522a946_01#count_range#join_rhs/2@ee07ab0k is empty, due to SwitchStmt::Generated::SwitchStmt.getCase/1#dispred#0522a946_01#count_range/2@36b3bb9q.
[2026-10-08 00:42:28] (0s)  >>> Full cache hit cached_Synth::Synth::TReturnStmt#df2ab8bc/2@10df35nh with 19424 rows and digest 47dca3tfaim0k0lmiff3qhm7l5a.
[2026-10-08 00:42:28] (0s)  >>> First-level cache hit cached_Synth::Synth::TOneWayExpr#b4202b84/2@53bd2276 with empty relation.
[2026-10-08 00:42:28] (0s) Inferred that OneWayExpr::Generated::OneWayExpr.getImmediateSubExpr/0#dispred#ea633a76/2@365ad4kn is empty, due to cached_Synth::Synth::TOneWayExpr#b4202b84/2@53bd2276.
[2026-10-08 00:42:28] (0s) Inferred that ControlFlowGraphImpl::Exprs::OneWayTree#cb2df409/2@517e9c41 is empty, due to cached_Synth::Synth::TOneWayExpr#b4202b84/2@53bd2276.
[2026-10-08 00:42:28] (0s) Inferred that OneWayExpr::Generated::OneWayExpr.getImmediateSubExpr/0#dispred#ea633a76/2@276a61rh is empty, due to cached_Synth::Synth::TOneWayExpr#b4202b84/2@53bd2276.
[2026-10-08 00:42:28] (0s) Inferred that OneWayExpr::Generated::OneWayExpr.getSubExpr/0#dispred#c18e12d1/2@20c5d1ss is empty, due to OneWayExpr::Generated::OneWayExpr.getImmediateSubExpr/0#dispred#ea633a76/2@276a61rh.
[2026-10-08 00:42:28] (0s)  >>> Full cache hit cached_Synth::Synth::TStructDecl#ed4ba2ab/2@26ec66ag with 2833 rows and digest 89e38bgjasvop8v3aud8tst1cce.
[2026-10-08 00:42:28] (0s)  >>> Full cache hit cached_Synth::Synth::TModuleDecl#c5ee4163/2@7b55fbs7 with 965 rows and digest 2a4a67vbcahoddq8rvmacito0b4.
[2026-10-08 00:42:28] (0s)  >>> Full cache hit cached_Synth::Synth::TCoerceExpr#39192c64/2@c9b3526g with 98 rows and digest ec98a1aq4uqhamj4rs1lehru0kb.
[2026-10-08 00:42:28] (0s)  >>> Full cache hit cached_Synth::Synth::TImportDecl#e2b0c550/2@b702f5rc with 1 rows and digest bebe504i42sc4qg5lt7ec4rp039.
[2026-10-08 00:42:28] (0s)  >>> First-level cache hit cached_Synth::Synth::TBorrowExpr#0b4a36c6/2@5e4be0jn with empty relation.
[2026-10-08 00:42:28] (0s) Inferred that Synth::Synth::TBorrowExpr#0b4a36c6_1#join_rhs/1@cf74975a is empty, due to cached_Synth::Synth::TBorrowExpr#0b4a36c6/2@5e4be0jn.
[2026-10-08 00:42:28] (0s)  >>> First-level cache hit cached_Synth::Synth::TAnyPattern#871f9d50/2@bec908sv with empty relation.
[2026-10-08 00:42:28] (0s)  >>> First-level cache hit cached_Synth::Synth::TYieldStmt#d9f4cffc/2@09ecedr9 with empty relation.
[2026-10-08 00:42:28] (0s)  >>> Full cache hit cached_Synth::Synth::TAssignExpr#4d91050c/2@40fbff87 with 3098 rows and digest ee8bc71micu3l553a1fa6tei9f7.
[2026-10-08 00:42:28] (0s) Inferred that YieldStmt::Generated::YieldStmt.getImmediateResult/1#dispred#dc65717f/3@028a64tt is empty, due to cached_Synth::Synth::TYieldStmt#d9f4cffc/2@09ecedr9.
[2026-10-08 00:42:28] (0s) Inferred that ControlFlowGraphImpl::Stmts::YieldStmtTree#7fe97088/2@71345318 is empty, due to cached_Synth::Synth::TYieldStmt#d9f4cffc/2@09ecedr9.
[2026-10-08 00:42:28] (0s) Inferred that YieldStmt::Generated::YieldStmt.getImmediateResult/1#dispred#dc65717f/3@06974651 is empty, due to cached_Synth::Synth::TYieldStmt#d9f4cffc/2@09ecedr9.
[2026-10-08 00:42:28] (0s) Inferred that _YieldStmt::Generated::YieldStmt.getImmediateResult/1#dispred#dc65717f#max_range/2@3a6c367s is empty, due to YieldStmt::Generated::YieldStmt.getImmediateResult/1#dispred#dc65717f/3@028a64tt.
[2026-10-08 00:42:28] (0s) Inferred that _YieldStmt::Generated::YieldStmt.getImmediateResult/1#dispred#dc65717f#max_term/3@4bcd985q is empty, due to YieldStmt::Generated::YieldStmt.getImmediateResult/1#dispred#dc65717f/3@028a64tt.
[2026-10-08 00:42:28] (0s) Inferred that __YieldStmt::Generated::YieldStmt.getImmediateResult/1#dispred#dc65717f#max_range__YieldStmt::Genera__#join_rhs/1@3ab455nh is empty, due to _YieldStmt::Generated::YieldStmt.getImmediateResult/1#dispred#dc65717f#max_range/2@3a6c367s.
[2026-10-08 00:42:28] (0s)  >>> First-level cache hit cached_Synth::Synth::TWhileStmt#1d136a5f/2@3bf7828g with empty relation.
[2026-10-08 00:42:28] (0s) Inferred that WhileStmt::Generated::WhileStmt.getBody/0#dispred#cd74eb83/2@74a411kl is empty, due to cached_Synth::Synth::TWhileStmt#1d136a5f/2@3bf7828g.
[2026-10-08 00:42:28] (0s) Inferred that Synth::Synth::TWhileStmt#1d136a5f_1#join_rhs/1@644e2b2t is empty, due to cached_Synth::Synth::TWhileStmt#1d136a5f/2@3bf7828g.
[2026-10-08 00:42:28] (0s) Inferred that ControlFlowGraphImpl::Stmts::Loops::WhileTree#40f291bd/2@719fc3ct is empty, due to cached_Synth::Synth::TWhileStmt#1d136a5f/2@3bf7828g.
[2026-10-08 00:42:28] (0s) Inferred that Synth::Synth::TWhileStmt#1d136a5f_10#join_rhs/2@22dd12u4 is empty, due to cached_Synth::Synth::TWhileStmt#1d136a5f/2@3bf7828g.
[2026-10-08 00:42:28] (0s)  >>> First-level cache hit cached_Synth::Synth::TTupleExpr#29bd1b0a/2@262e14j1 with empty relation.
[2026-10-08 00:42:28] (0s) Inferred that TupleExpr::Generated::TupleExpr.getImmediateElement/1#dispred#96eaeafe/3@5efb9fg9 is empty, due to cached_Synth::Synth::TTupleExpr#29bd1b0a/2@262e14j1.
[2026-10-08 00:42:28] (0s) Inferred that ControlFlowGraphImpl::Exprs::TupleTree#c270585a/2@27aa4bdm is empty, due to cached_Synth::Synth::TTupleExpr#29bd1b0a/2@262e14j1.
[2026-10-08 00:42:28] (0s) Inferred that TupleExpr::Generated::TupleExpr.getImmediateElement/1#dispred#96eaeafe/3@1690c1k9 is empty, due to cached_Synth::Synth::TTupleExpr#29bd1b0a/2@262e14j1.
[2026-10-08 00:42:28] (0s) Inferred that _TupleExpr::Generated::TupleExpr.getImmediateElement/1#dispred#96eaeafe#max_range/2@a4a508ni is empty, due to TupleExpr::Generated::TupleExpr.getImmediateElement/1#dispred#96eaeafe/3@5efb9fg9.
[2026-10-08 00:42:28] (0s) Inferred that _TupleExpr::Generated::TupleExpr.getImmediateElement/1#dispred#96eaeafe#max_term/3@20ffd550 is empty, due to TupleExpr::Generated::TupleExpr.getImmediateElement/1#dispred#96eaeafe/3@5efb9fg9.
[2026-10-08 00:42:28] (0s) Inferred that ControlFlowGraphImpl::Exprs::TupleTree#c270585a_10#join_rhs/2@a40f2btk is empty, due to ControlFlowGraphImpl::Exprs::TupleTree#c270585a/2@27aa4bdm.
[2026-10-08 00:42:28] (0s) Inferred that __TupleExpr::Generated::TupleExpr.getImmediateElement/1#dispred#96eaeafe#max_range__TupleExpr::Gener__#join_rhs/1@4f2e66qo is empty, due to _TupleExpr::Generated::TupleExpr.getImmediateElement/1#dispred#96eaeafe#max_range/2@a4a508ni.
[2026-10-08 00:42:28] (0s)  >>> First-level cache hit cached_Synth::Synth::TUsingDecl#e0cbe509/2@acf4ffqd with empty relation.
[2026-10-08 00:42:28] (0s)  >>> First-level cache hit cached_Synth::Synth::TThrowStmt#bcadd45d/2@6d5f5fd0 with empty relation.
[2026-10-08 00:42:28] (0s)  >>> First-level cache hit cached_Synth::Synth::TParenExpr#81d40ae0/2@a5bab0cg with empty relation.
[2026-10-08 00:42:28] (0s) Inferred that ThrowStmt::Generated::ThrowStmt.getImmediateSubExpr/0#dispred#db99e9e8/2@e65bc123 is empty, due to cached_Synth::Synth::TThrowStmt#bcadd45d/2@6d5f5fd0.
[2026-10-08 00:42:28] (0s) Inferred that ControlFlowGraphImpl::Stmts::ThrowExprTree#9aaf8eed/2@66a1a5hg is empty, due to cached_Synth::Synth::TThrowStmt#bcadd45d/2@6d5f5fd0.
[2026-10-08 00:42:28] (0s) Inferred that ThrowStmt::Generated::ThrowStmt.getSubExpr/0#dispred#5b78bf8a/2@97bc51q5 is empty, due to cached_Synth::Synth::TThrowStmt#bcadd45d/2@6d5f5fd0.
[2026-10-08 00:42:28] (0s) Inferred that _ControlFlowGraphImpl::Stmts::ThrowExprTree#9aaf8eed_Expr::Expr.getFullyConverted/0#dispred#e3fb566d__#join_rhs/2@70fb6123 is empty, due to ControlFlowGraphImpl::Stmts::ThrowExprTree#9aaf8eed/2@66a1a5hg.
[2026-10-08 00:42:28] (0s) Inferred that Synth::Synth::TParenExpr#81d40ae0_1#join_rhs/1@c828b83t is empty, due to cached_Synth::Synth::TParenExpr#81d40ae0/2@a5bab0cg.
[2026-10-08 00:42:28] (0s)  >>> Full cache hit cached_Synth::Synth::TMacroRole#f32fae77/2@0e326bu9 with 27 rows and digest 234f2fi18q94c6hl1824sc7djr6.
[2026-10-08 00:42:28] (0s)  >>> First-level cache hit cached_Synth::Synth::TIsPattern#95458e89/2@cb6c99o1 with empty relation.
[2026-10-08 00:42:28] (0s) Inferred that IsPattern::Generated::IsPattern.getCastTypeRepr/0#dispred#f3589dfa/2@2d8bf455 is empty, due to cached_Synth::Synth::TIsPattern#95458e89/2@cb6c99o1.
[2026-10-08 00:42:28] (0s) Inferred that IsPattern::Generated::IsPattern.getImmediateSubPattern/0#dispred#960cd98c/2@d15b0dho is empty, due to cached_Synth::Synth::TIsPattern#95458e89/2@cb6c99o1.
[2026-10-08 00:42:28] (0s) Inferred that ControlFlowGraphImpl::Patterns::IsTree#383265a1/2@238319bk is empty, due to cached_Synth::Synth::TIsPattern#95458e89/2@cb6c99o1.
[2026-10-08 00:42:28] (0s) Inferred that IsPattern::Generated::IsPattern.getSubPattern/0#dispred#32df06b5/2@b05c5bnd is empty, due to cached_Synth::Synth::TIsPattern#95458e89/2@cb6c99o1.
[2026-10-08 00:42:28] (0s)  >>> Full cache hit cached_Synth::Synth::TMacroDecl#b21ede06/2@bbeb2ak3 with 22 rows and digest 44ddc9g7gj4gphl82cnso6uu9ce.
[2026-10-08 00:42:28] (0s)  >>> Full cache hit cached_Synth::Synth::TInOutExpr#44321ca1/2@cfb0c1m8 with 759 rows and digest d8497e2d2dt5ahc0krmuam2bd33.
[2026-10-08 00:42:28] (0s)  >>> First-level cache hit cached_Synth::Synth::TErrorExpr#cc07fd89/2@1fe2e1ag with empty relation.
[2026-10-08 00:42:28] (0s)  >>> Full cache hit cached_Synth::Synth::TGuardStmt#26c2badf/2@065e55co with 1 rows and digest 79be6ejrv9v4jureil6h8chol6a.
[2026-10-08 00:42:28] (0s)  >>> First-level cache hit cached_Synth::Synth::TDeferStmt#9fd29ba2/2@2f5917ag with empty relation.
[2026-10-08 00:42:28] (0s) Inferred that DeferStmt::Generated::DeferStmt.getBody/0#dispred#54f7b135/2@83f452ra is empty, due to cached_Synth::Synth::TDeferStmt#9fd29ba2/2@2f5917ag.
[2026-10-08 00:42:28] (0s) Inferred that _DeferStmt::Generated::DeferStmt.getBody/0#dispred#54f7b135__BraceStmt::Generated::BraceStmt.getElem__#rank_range/4@c71c546a is empty, due to DeferStmt::Generated::DeferStmt.getBody/0#dispred#54f7b135/2@83f452ra.
[2026-10-08 00:42:28] (0s) Inferred that _DeferStmt::Generated::DeferStmt.getBody/0#dispred#54f7b135__BraceStmt::Generated::BraceStmt.getElem__#rank_term/6@aae8b6g8 is empty, due to DeferStmt::Generated::DeferStmt.getBody/0#dispred#54f7b135/2@83f452ra.
[2026-10-08 00:42:28] (0s) Inferred that DeferStmt::Generated::DeferStmt.getBody/0#dispred#54f7b135_10#join_rhs/2@5bfe78sr is empty, due to DeferStmt::Generated::DeferStmt.getBody/0#dispred#54f7b135/2@83f452ra.
[2026-10-08 00:42:28] (0s) Inferred that __DeferStmt::Generated::DeferStmt.getBody/0#dispred#54f7b135__BraceStmt::Generated::BraceStmt.getEle__#join_rhs/3@da182243 is empty, due to _DeferStmt::Generated::DeferStmt.getBody/0#dispred#54f7b135__BraceStmt::Generated::BraceStmt.getElem__#rank_range/4@c71c546a.
[2026-10-08 00:42:28] (0s) Inferred that ControlFlowGraphImpl::Stmts::BraceStmtTree.getDeferIndex/1#dispred#02ea6711/3@7c1d62gr is empty, due to DeferStmt::Generated::DeferStmt.getBody/0#dispred#54f7b135_10#join_rhs/2@5bfe78sr.
[2026-10-08 00:42:28] (0s)  >>> Full cache hit cached_Synth::Synth::TClassDecl#c6294075/2@8059bega with 530 rows and digest 7dcb51oloub1246kq7c4a0bng47.
[2026-10-08 00:42:28] (0s) Inferred that ControlFlowGraphImpl::Stmts::BraceStmtTree.getDeferStmtBody/1#dispred#665e6daf/3@27d5b318 is empty, due to __DeferStmt::Generated::DeferStmt.getBody/0#dispred#54f7b135__BraceStmt::Generated::BraceStmt.getEle__#join_rhs/3@da182243.
[2026-10-08 00:42:28] (0s) Inferred that _AstControlFlowTrees::astFirst/2#67012432_ControlFlowGraphImpl::Stmts::BraceStmtTree.getDeferIndex/1__#shared/5@d33d31g8 is empty, due to ControlFlowGraphImpl::Stmts::BraceStmtTree.getDeferIndex/1#dispred#02ea6711/3@7c1d62gr.
[2026-10-08 00:42:28] (0s) Inferred that _ControlFlowGraphImpl::Stmts::BraceStmtTree#f695537a_ControlFlowGraphImpl::Stmts::BraceStmtTree.getD__#shared/4@798b332d is empty, due to ControlFlowGraphImpl::Stmts::BraceStmtTree.getDeferStmtBody/1#dispred#665e6daf/3@27d5b318.
[2026-10-08 00:42:28] (0s) Inferred that _ControlFlowGraphImpl::Stmts::BraceStmtTree.getDeferStmtBody/1#dispred#665e6daf#antijoin_rhs/3@213e741t is empty, due to ControlFlowGraphImpl::Stmts::BraceStmtTree.getDeferStmtBody/1#dispred#665e6daf/3@27d5b318.
[2026-10-08 00:42:28] (0s) Inferred that ControlFlowGraphImpl::Stmts::BraceStmtTree.getFirstDeferStmtBody/0#dispred#849d4a0b/2@a95aa889 is empty, due to ControlFlowGraphImpl::Stmts::BraceStmtTree.getDeferStmtBody/1#dispred#665e6daf/3@27d5b318.
[2026-10-08 00:42:28] (0s) Inferred that _ControlFlowGraphImpl::Stmts::BraceStmtTree.getDeferStmtBody/1#dispred#665e6daf#antijoin_rhs#1/3@e5d96een is empty, due to ControlFlowGraphImpl::Stmts::BraceStmtTree.getDeferStmtBody/1#dispred#665e6daf/3@27d5b318.
[2026-10-08 00:42:28] (0s) Inferred that ControlFlowGraphImpl::Stmts::BraceStmtTree.getLastDeferStmtBody/0#dispred#71ec8d3d/2@4a343epa is empty, due to ControlFlowGraphImpl::Stmts::BraceStmtTree.getDeferStmtBody/1#dispred#665e6daf/3@27d5b318.
[2026-10-08 00:42:28] (0s) Inferred that _BraceStmt::Generated::BraceStmt.getElement/1#dispred#b3b58647_ControlFlowGraphImpl::Stmts::BraceStm__#antijoin_rhs/7@0fb0c3v2 is empty, due to _AstControlFlowTrees::astFirst/2#67012432_ControlFlowGraphImpl::Stmts::BraceStmtTree.getDeferIndex/1__#shared/5@d33d31g8.
[2026-10-08 00:42:28] (0s) Inferred that ControlFlowGraphImpl::Stmts::BraceStmtTree.getFirstDeferStmtBody/0#dispred#849d4a0b_0#antijoin_rhs/1@6b7256eu is empty, due to ControlFlowGraphImpl::Stmts::BraceStmtTree.getFirstDeferStmtBody/0#dispred#849d4a0b/2@a95aa889.
[2026-10-08 00:42:28] (0s) Inferred that _ControlFlowGraphImpl::Stmts::BraceStmtTree#f695537a_0#join_rhs_ControlFlowGraphImpl::Stmts::BraceSt__#join_rhs/2@2efe293p is empty, due to ControlFlowGraphImpl::Stmts::BraceStmtTree.getLastDeferStmtBody/0#dispred#71ec8d3d/2@4a343epa.
[2026-10-08 00:42:28] (0s)  >>> First-level cache hit cached_Synth::Synth::TBreakStmt#5398332a/2@19c4ec1j with empty relation.
[2026-10-08 00:42:28] (0s) Inferred that BreakStmt::Generated::BreakStmt.getTarget/0#dispred#0deaabb7/2@f5dce064 is empty, due to cached_Synth::Synth::TBreakStmt#5398332a/2@19c4ec1j.
[2026-10-08 00:42:28] (0s) Inferred that Completion::TBreakCompletion#dom#b8351522/1@d41c574c is empty, due to BreakStmt::Generated::BreakStmt.getTarget/0#dispred#0deaabb7/2@f5dce064.
[2026-10-08 00:42:28] (0s) Inferred that num#Completion::TBreakCompletion#13ebb018/2@fd9cacku is empty, due to Completion::TBreakCompletion#dom#b8351522/1@d41c574c.
[2026-10-08 00:42:28] (0s) Inferred that num#Completion::TBreakCompletion#13ebb018_1#join_rhs/1@17e90feq is empty, due to num#Completion::TBreakCompletion#13ebb018/2@fd9cacku.
[2026-10-08 00:42:28] (0s)  >>> First-level cache hit cached_Synth::Synth::TAwaitExpr#6204bb36/2@f57a4dsq with empty relation.
[2026-10-08 00:42:28] (0s) Inferred that Synth::Synth::TAwaitExpr#6204bb36_1#join_rhs/1@a7f0a492 is empty, due to cached_Synth::Synth::TAwaitExpr#6204bb36/2@f57a4dsq.
[2026-10-08 00:42:28] (0s)  >>> Full cache hit cached_Synth::Synth::TBraceStmt#37e15e9e/2@aab392g3 with 20196 rows and digest 7f78d26j68l0b9a1hqhj1422jr4.
[2026-10-08 00:42:28] (0s)  >>> Full cache hit cached_Synth::Synth::TArrayExpr#8890e100/2@3606681p with 1 rows and digest 2fc15bggioe4bf1f5cll4flq3u3.
[2026-10-08 00:42:28] (0s)  >>> Full cache hit cached_Synth::Synth::TTypeRepr#5c4de296/2@3f8f9bem with 4 rows and digest 40cd02m92c1157s71hphqvg5ba5.
[2026-10-08 00:42:28] (0s)  >>> First-level cache hit cached_Synth::Synth::TThenStmt#75c8c702/2@ec8d85v0 with empty relation.
[2026-10-08 00:42:28] (0s) Inferred that ThenStmt::Generated::ThenStmt.getImmediateResult/0#dispred#b17391d1/2@7002f926 is empty, due to cached_Synth::Synth::TThenStmt#75c8c702/2@ec8d85v0.
[2026-10-08 00:42:28] (0s) Inferred that ControlFlowGraphImpl::Stmts::ThenStmtTree#c5180462/2@7eb07bhm is empty, due to cached_Synth::Synth::TThenStmt#75c8c702/2@ec8d85v0.
[2026-10-08 00:42:28] (0s) Inferred that ThenStmt::Generated::ThenStmt.getImmediateResult/0#dispred#b17391d1/2@ef1ad49m is empty, due to cached_Synth::Synth::TThenStmt#75c8c702/2@ec8d85v0.
[2026-10-08 00:42:28] (0s)  >>> Full cache hit cached_Synth::Synth::TTypeExpr#b91ffb42/2@02a62fnc with 954 rows and digest 07380ejml0kqk4n2lsdav8l0n36.
[2026-10-08 00:42:28] (0s)  >>> First-level cache hit cached_Synth::Synth::TLoadExpr#f2bc71da/2@83f84ag1 with empty relation.
[2026-10-08 00:42:28] (0s)  >>> First-level cache hit cached_Synth::Synth::TFailStmt#23406f79/2@469ab6km with empty relation.
[2026-10-08 00:42:28] (0s) Inferred that Synth::Synth::TLoadExpr#f2bc71da_1#join_rhs/1@532796dn is empty, due to cached_Synth::Synth::TLoadExpr#f2bc71da/2@83f84ag1.
[2026-10-08 00:42:28] (0s)  >>> First-level cache hit cached_Synth::Synth::TCopyExpr#df1dd922/2@381dcf46 with empty relation.
[2026-10-08 00:42:28] (0s) Inferred that CopyExpr::Generated::CopyExpr.getImmediateSubExpr/0#dispred#cb9a8662/2@d41160tt is empty, due to cached_Synth::Synth::TCopyExpr#df1dd922/2@381dcf46.
[2026-10-08 00:42:28] (0s) Inferred that ControlFlowGraphImpl::Exprs::CopyExprTree#4b32ef53/2@8c34a4f8 is empty, due to cached_Synth::Synth::TCopyExpr#df1dd922/2@381dcf46.
[2026-10-08 00:42:28] (0s) Inferred that CopyExpr::Generated::CopyExpr.getSubExpr/0#dispred#141b1e34/2@983af3os is empty, due to cached_Synth::Synth::TCopyExpr#df1dd922/2@381dcf46.
[2026-10-08 00:42:28] (0s)  >>> Full cache hit cached_Synth::Synth::TEnumDecl#3ce91061/2@c0027b3p with 417 rows and digest 3ca502d1ekktolhn1fn88o6gd44.
[2026-10-08 00:42:28] (0s)  >>> First-level cache hit cached_Synth::Synth::TCaseStmt#884a7c9d/2@349b5fbh with empty relation.
[2026-10-08 00:42:28] (0s) Inferred that CaseStmt::Generated::CaseStmt.getNumberOfLabels/0#dispred#295f1f06/2@bb03bfbf is empty, due to cached_Synth::Synth::TCaseStmt#884a7c9d/2@349b5fbh.
[2026-10-08 00:42:28] (0s) Inferred that CaseStmt::Generated::CaseStmt.getVariable/1#dispred#1c552c66/3@89b9fbtm is empty, due to cached_Synth::Synth::TCaseStmt#884a7c9d/2@349b5fbh.
[2026-10-08 00:42:28] (0s) Inferred that CaseStmt::Generated::CaseStmt.getNumberOfVariables/0#dispred#f38f2593/2@0d4c959v is empty, due to cached_Synth::Synth::TCaseStmt#884a7c9d/2@349b5fbh.
[2026-10-08 00:42:28] (0s) Inferred that CaseStmt::Generated::CaseStmt.getBody/0#dispred#dd79662c/2@c827c05k is empty, due to cached_Synth::Synth::TCaseStmt#884a7c9d/2@349b5fbh.
[2026-10-08 00:42:28] (0s) Inferred that ControlFlowGraphImpl::Stmts::CaseTree#00554fc5/2@11fe60md is empty, due to cached_Synth::Synth::TCaseStmt#884a7c9d/2@349b5fbh.
[2026-10-08 00:42:28] (0s) Inferred that CaseStmt::Generated::CaseStmt.getBody/0#dispred#dd79662c/2@b3efddn0 is empty, due to cached_Synth::Synth::TCaseStmt#884a7c9d/2@349b5fbh.
[2026-10-08 00:42:28] (0s) Inferred that CaseStmt::Generated::CaseStmt.getVariable/1#dispred#1c552c66_01#count_range/2@f46bb6um is empty, due to CaseStmt::Generated::CaseStmt.getVariable/1#dispred#1c552c66/3@89b9fbtm.
[2026-10-08 00:42:28] (0s) Inferred that CaseStmt::Generated::CaseStmt.getVariable/1#dispred#1c552c66_0#antijoin_rhs/1@cd5feeod is empty, due to CaseStmt::Generated::CaseStmt.getVariable/1#dispred#1c552c66/3@89b9fbtm.
[2026-10-08 00:42:28] (0s) Inferred that _CaseStmt::Generated::CaseStmt.getBody/0#dispred#dd79662c_ControlFlowGraphImpl::Stmts::CaseTree#0055__#join_rhs/2@bb8f01k9 is empty, due to ControlFlowGraphImpl::Stmts::CaseTree#00554fc5/2@11fe60md.
[2026-10-08 00:42:28] (0s) Inferred that _CaseStmt::Generated::CaseStmt.getVariable/1#dispred#1c552c66_01#count_range#join_rhs/2@66bd00mt is empty, due to CaseStmt::Generated::CaseStmt.getVariable/1#dispred#1c552c66_01#count_range/2@f46bb6um.
[2026-10-08 00:42:28] (0s)  >>> Full cache hit cached_Synth::Synth::TCallExpr#5b2e69bc/2@ac6e2ca5 with 5166 rows and digest b991f93g70ljv3m3ujeh99j07k6.
[2026-10-08 00:42:28] (0s)  >>> First-level cache hit cached_Synth::Synth::TTapExpr#846ec96a/2@904b5dhq with empty relation.
[2026-10-08 00:42:28] (0s) Inferred that TapExpr::Generated::TapExpr.getBody/0#dispred#4d5cdd10/2@d336b41m is empty, due to cached_Synth::Synth::TTapExpr#846ec96a/2@904b5dhq.
[2026-10-08 00:42:28] (0s) Inferred that TapExpr::Generated::TapExpr.getImmediateSubExpr/0#dispred#f0eaddd8/2@0cab1cqt is empty, due to cached_Synth::Synth::TTapExpr#846ec96a/2@904b5dhq.
[2026-10-08 00:42:28] (0s) Inferred that ControlFlowGraphImpl::Exprs::TapExprTree#25ea11c1/2@f5e833je is empty, due to cached_Synth::Synth::TTapExpr#846ec96a/2@904b5dhq.
[2026-10-08 00:42:28] (0s) Inferred that TapExpr::Generated::TapExpr.getSubExpr/0#dispred#7736fb47/2@03272blr is empty, due to cached_Synth::Synth::TTapExpr#846ec96a/2@904b5dhq.
[2026-10-08 00:42:28] (0s)  >>> First-level cache hit cached_Synth::Synth::TIsExpr#e5607cdc/2@834e3ec6 with empty relation.
[2026-10-08 00:42:28] (0s) Inferred that Synth::Synth::TIsExpr#e5607cdc_1#join_rhs/1@11e969ks is empty, due to cached_Synth::Synth::TIsExpr#e5607cdc/2@834e3ec6.
[2026-10-08 00:42:28] (0s) Inferred that ControlFlowGraphImpl::Exprs::IsTree#1f7ef8b0/2@6b4c763m is empty, due to cached_Synth::Synth::TIsExpr#e5607cdc/2@834e3ec6.
[2026-10-08 00:42:28] (0s)  >>> First-level cache hit cached_Synth::Synth::TIfStmt#1c17eab0/2@186325b4 with empty relation.
[2026-10-08 00:42:28] (0s) Inferred that IfStmt::Generated::IfStmt.getElse/0#dispred#09810aa2/2@2b4a0dkp is empty, due to cached_Synth::Synth::TIfStmt#1c17eab0/2@186325b4.
[2026-10-08 00:42:28] (0s) Inferred that IfStmt::Generated::IfStmt.getThen/0#dispred#4d5a42ae/2@219572kp is empty, due to cached_Synth::Synth::TIfStmt#1c17eab0/2@186325b4.
[2026-10-08 00:42:28] (0s) Inferred that Synth::Synth::TIfStmt#1c17eab0_1#join_rhs/1@bb0051lc is empty, due to cached_Synth::Synth::TIfStmt#1c17eab0/2@186325b4.
[2026-10-08 00:42:28] (0s) Inferred that ControlFlowGraphImpl::Stmts::IfStmtTree#23315332/2@f5b6a3e8 is empty, due to cached_Synth::Synth::TIfStmt#1c17eab0/2@186325b4.
[2026-10-08 00:42:28] (0s) Inferred that IfStmt::Generated::IfStmt.getElse/0#dispred#09810aa2/2@a1ca4bdi is empty, due to cached_Synth::Synth::TIfStmt#1c17eab0/2@186325b4.
[2026-10-08 00:42:28] (0s) Inferred that IfStmt::Generated::IfStmt.getThen/0#dispred#4d5a42ae/2@adfb6c4q is empty, due to cached_Synth::Synth::TIfStmt#1c17eab0/2@186325b4.
[2026-10-08 00:42:28] (0s) Inferred that IfStmt::IfStmt.getBranch/1#dispred#8e3b3e48/3@e4c41cvn is empty, due to cached_Synth::Synth::TIfStmt#1c17eab0/2@186325b4.
[2026-10-08 00:42:28] (0s)  >>> Full cache hit cached_Synth::Synth::TTryExpr#e15e67f5/2@23e87dm1 with 1 rows and digest a0a412ia5qmn8uiplq0632rftq1.
[2026-10-08 00:42:28] (0s) Inferred that _ControlFlowGraphImpl::Stmts::IfStmtTree#23315332_Element::Element.getFullyUnresolved/0#97fc9caa_IfS__#join_rhs/2@5f8b73kd is empty, due to ControlFlowGraphImpl::Stmts::IfStmtTree#23315332/2@f5b6a3e8.
[2026-10-08 00:42:28] (0s) Inferred that _ControlFlowGraphImpl::Stmts::IfStmtTree#23315332_IfStmt::IfStmt.getBranch/1#dispred#8e3b3e48#join_rhs/2@5db5f37h is empty, due to ControlFlowGraphImpl::Stmts::IfStmtTree#23315332/2@f5b6a3e8.
[2026-10-08 00:42:28] (0s) Inferred that IfStmt::Generated::IfStmt.getElse/0#dispred#09810aa2_0#antijoin_rhs/1@0e8595n7 is empty, due to IfStmt::Generated::IfStmt.getElse/0#dispred#09810aa2/2@a1ca4bdi.
[2026-10-08 00:42:28] (0s)  >>> First-level cache hit cached_Synth::Synth::TIfExpr#0dd62e70/2@d935f787 with empty relation.
[2026-10-08 00:42:28] (0s) Inferred that IfExpr::Generated::IfExpr.getImmediateCondition/0#dispred#9e95f85f/2@e409d1u6 is empty, due to cached_Synth::Synth::TIfExpr#0dd62e70/2@d935f787.
[2026-10-08 00:42:28] (0s) Inferred that IfExpr::Generated::IfExpr.getImmediateElseExpr/0#dispred#0068860d/2@0e3c7f66 is empty, due to cached_Synth::Synth::TIfExpr#0dd62e70/2@d935f787.
[2026-10-08 00:42:28] (0s) Inferred that IfExpr::Generated::IfExpr.getImmediateThenExpr/0#dispred#d2e27c38/2@f81f80q7 is empty, due to cached_Synth::Synth::TIfExpr#0dd62e70/2@d935f787.
[2026-10-08 00:42:28] (0s) Inferred that ControlFlowGraphImpl::Exprs::IfTree#a7e65e91/2@e758e10g is empty, due to cached_Synth::Synth::TIfExpr#0dd62e70/2@d935f787.
[2026-10-08 00:42:28] (0s) Inferred that _Expr::Expr.getResolveStep/0#dispred#318c6ca3_0#antijoin_rhs_Synth::Synth::TIfExpr#0dd62e70#shared/2@a4e0db9e is empty, due to cached_Synth::Synth::TIfExpr#0dd62e70/2@d935f787.
[2026-10-08 00:42:28] (0s) Inferred that _ControlFlowGraphImpl::Exprs::IfTree#a7e65e91_Expr::Expr.getFullyConverted/0#dispred#e3fb566d#bf_IfE__#join_rhs/2@bf4a8f10 is empty, due to ControlFlowGraphImpl::Exprs::IfTree#a7e65e91/2@e758e10g.
[2026-10-08 00:42:28] (0s) Inferred that IfExpr::Generated::IfExpr.getCondition/0#dispred#45c2f310/2@3b6a79io is empty, due to _Expr::Expr.getResolveStep/0#dispred#318c6ca3_0#antijoin_rhs_Synth::Synth::TIfExpr#0dd62e70#shared/2@a4e0db9e.
[2026-10-08 00:42:28] (0s) Inferred that IfExpr::IfExpr.getBranch/1#dispred#85052849/3@78fb32df is empty, due to _Expr::Expr.getResolveStep/0#dispred#318c6ca3_0#antijoin_rhs_Synth::Synth::TIfExpr#0dd62e70#shared/2@a4e0db9e.
[2026-10-08 00:42:28] (0s)  >>> First-level cache hit cached_Synth::Synth::TDoStmt#4a4c2e2a/2@c8f205uc with empty relation.
[2026-10-08 00:42:28] (0s) Inferred that IfExpr::IfExpr.getBranch/1#dispred#85052849_02#join_rhs/2@9d6e1cqq is empty, due to IfExpr::IfExpr.getBranch/1#dispred#85052849/3@78fb32df.
[2026-10-08 00:42:28] (0s) Inferred that ControlFlowGraphImpl::Stmts::DoTree#b3fd7d99/2@169e97sk is empty, due to cached_Synth::Synth::TDoStmt#4a4c2e2a/2@c8f205uc.
[2026-10-08 00:42:28] (0s) Inferred that Synth::Synth::TDoStmt#4a4c2e2a_10#join_rhs/2@84d14232 is empty, due to cached_Synth::Synth::TDoStmt#4a4c2e2a/2@c8f205uc.
[2026-10-08 00:42:28] (0s)  >>> Full cache hit cached_Synth::Synth::TNamedFunction#a7a5ce81/2@2d9bbf3b with 18019 rows and digest 47bbe9fa67eohrg6uqb1tbagch3.
[2026-10-08 00:42:28] (0s)  >>> Full cache hit cached_Synth::Synth::TBinaryExpr#db62cefe/2@87e3c192 with 1 rows and digest d769c3i6n88chlke9hqp4vg65pc.
[2026-10-08 00:42:28] (0s)  >>> Full cache hit cached_Synth::Synth::TDeinitializer#9bf324b7/2@3c05c8el with 121 rows and digest 50089a6hke5g9thc5j4tq1prra6.
[2026-10-08 00:42:28] (0s)  >>> Full cache hit cached_Synth::Synth::TInitializer#3cbb8122/2@17e6beb5 with 8622 rows and digest 4d8f47tq0rtlcdb58sd1i90nn22.
[2026-10-08 00:42:28] (0s)  >>> First-level cache hit cached_Synth::Synth::TExplicitClosureExpr#5e87f25d/2@a8e9ddim with empty relation.
[2026-10-08 00:42:28] (0s)  >>> Full cache hit cached_Synth::Synth::TAccessor#5309eb00/2@976d6b3l with 30493 rows and digest 3624dfhc6grqv1j8vulcrttr69d.
[2026-10-08 00:42:28] (0s) Inferred that Synth::Synth::TExplicitClosureExpr#5e87f25d_1#join_rhs/1@af884dbm is empty, due to cached_Synth::Synth::TExplicitClosureExpr#5e87f25d/2@a8e9ddim.
[2026-10-08 00:42:28] (0s)  >>> Full cache hit cached_Synth::Synth::TAutoClosureExpr#00bd9cae/2@1d9b09ub with 1 rows and digest 8788f89fale375shsk4751no8r6.
[2026-10-08 00:42:28] (0s)  >>> Full cache hit cached_Synth::Synth::TSubscriptDecl#7d38f394/2@c7b53css with 408 rows and digest 8993520fenpfi4eea3ugnsg5b6f.
[2026-10-08 00:42:28] (0s)  >>> Full cache hit cached_Synth::Synth::TConcreteVarDecl#05bbf88f/2@7a78f88g with 35551 rows and digest 19ac9c3smfb04iqpeleito0nj76.
[2026-10-08 00:42:28] (0s)  >>> First-level cache hit cached_Synth::Synth::TKeyPathExpr#d2a0a362/2@31c31efq with empty relation.
[2026-10-08 00:42:28] (0s)  >>> Full cache hit cached_Synth::Synth::TParamDecl#7692b990/2@cc61e58m with 85612 rows and digest 55df1euj3qlablsa8obeokkjhha.
[2026-10-08 00:42:28] (0s) Inferred that ControlFlowElements::TKeyPathElement#dom#f10df078/1@775d5761 is empty, due to cached_Synth::Synth::TKeyPathExpr#d2a0a362/2@31c31efq.
[2026-10-08 00:42:28] (0s) Inferred that KeyPathExpr::Generated::KeyPathExpr.getNumberOfComponents/0#dispred#f667fa97/2@56a62bos is empty, due to cached_Synth::Synth::TKeyPathExpr#d2a0a362/2@31c31efq.
[2026-10-08 00:42:28] (0s) Inferred that KeyPathExpr::Generated::KeyPathExpr.getRoot/0#dispred#33c7a14c/2@308bd35t is empty, due to cached_Synth::Synth::TKeyPathExpr#d2a0a362/2@31c31efq.
[2026-10-08 00:42:28] (0s) Inferred that ControlFlowElements::TKeyPathElement#b129b1c7/2@69f0d63h is empty, due to ControlFlowElements::TKeyPathElement#dom#f10df078/1@775d5761.
[2026-10-08 00:42:28] (0s) Inferred that cached_ControlFlowElements::TKeyPathElement#b129b1c7/2@8fb2b37h is empty, due to ControlFlowElements::TKeyPathElement#b129b1c7/2@69f0d63h.
[2026-10-08 00:42:28] (0s)  >>> Full cache hit cached_ControlFlowElements::TAstElement#5aa9dc9a/2@7d43f0b4 with 305266 rows and digest e99fb8vhr1auqnsjf6hbdk7rped.
[2026-10-08 00:42:28] (0s)  >>> Full cache hit cached_Synth::Synth::TElement#5aa52b4d/1@b66ecaki with 486978 rows and digest 8c25b8mit921tf6vg19fjkqfusa.
[2026-10-08 00:42:28] (0s)  >>> Full cache hit cached_Synth::Synth::TDynamicSelfType#374f9a25/2@ea8504rn with 174 rows and digest 8ba0582ks4k1rhfap89hosk36r8.
[2026-10-08 00:42:28] (0s)  >>> First-level cache hit cached_Synth::Synth::TBuiltinDefaultActorStorageType#2f47b651/2@b9014fat with empty relation.
[2026-10-08 00:42:28] (0s)  >>> Full cache hit cached_Synth::Synth::TBuiltinUnsafeValueBufferType#b46f4a04/2@6b4282mk with 1 rows and digest 00c0ecie6gpft4pjvgqea7qike0.
[2026-10-08 00:42:28] (0s)  >>> Full cache hit cached_Synth::Synth::TBuiltinRawUnsafeContinuationType#bab7bc55/2@f67feakg with 1 rows and digest 68c812oro2s4sd6tn9oll2t5bo0.
[2026-10-08 00:42:28] (0s)  >>> Full cache hit cached_Synth::Synth::TParameterizedProtocolType#982ddc6e/2@b1c006og with 26 rows and digest 2d1465qeg133g8fjg0b5j7nb4hc.
[2026-10-08 00:42:28] (0s)  >>> First-level cache hit cached_Synth::Synth::TExistentialArchetypeType#781535e4/2@ff803e40 with empty relation.
[2026-10-08 00:42:28] (0s)  >>> Full cache hit cached_Synth::Synth::TProtocolCompositionType#addc769c/2@534d379k with 160 rows and digest 428e56ffk8679nfte9hhqognsac.
[2026-10-08 00:42:28] (0s)  >>> Full cache hit cached_Synth::Synth::TBuiltinIntegerLiteralType#b02aed30/2@8dca5eos with 1 rows and digest 5b2ee82cdkiftrki5qvra4shne5.
[2026-10-08 00:42:28] (0s)  >>> Full cache hit cached_Synth::Synth::TExistentialMetatypeType#3f3e2a69/2@5e4fa9p0 with 7 rows and digest 59cbe1mhkkg6jv4kckjt8fn3772.
[2026-10-08 00:42:28] (0s)  >>> Full cache hit cached_Synth::Synth::TOpaqueTypeArchetypeType#5be8fd26/2@ce26c6ff with 17 rows and digest d012b1v3tg9nbkrqf3grtl2eam1.
[2026-10-08 00:42:28] (0s)  >>> Full cache hit cached_Synth::Synth::TBuiltinNativeObjectType#d3de4dfd/2@d64dadl7 with 1 rows and digest 125668ksi7mgt4jt6l3ptalbdv1.
[2026-10-08 00:42:28] (0s)  >>> Full cache hit cached_Synth::Synth::TBoundGenericStructType#1e4ab342/2@505b883s with 5416 rows and digest 125c74l75vq9mig58a4okpfdai1.
[2026-10-08 00:42:28] (0s)  >>> Full cache hit cached_Synth::Synth::TBuiltinBridgeObjectType#292b7138/2@8de822m4 with 1 rows and digest 90f7f3mq2rolulimbg3edp3bm3f.
[2026-10-08 00:42:28] (0s)  >>> Full cache hit cached_Synth::Synth::TBuiltinRawPointerType#12c242b1/2@91cb14si with 1 rows and digest 14a135jre3urnpv39akkqdk155b.
[2026-10-08 00:42:28] (0s)  >>> Full cache hit cached_Synth::Synth::TBuiltinFixedArrayType#39558fdf/2@f3ba6dbs with 3 rows and digest e49898g4cefrqeh65om25u1of93.
[2026-10-08 00:42:28] (0s)  >>> Full cache hit cached_Synth::Synth::TBoundGenericClassType#edd79b18/2@27f5d5u0 with 744 rows and digest 3143f38s8m4ql2ng08gqtf3u8ud.
[2026-10-08 00:42:28] (0s)  >>> Full cache hit cached_Synth::Synth::TVariadicSequenceType#9d2e74de/2@9794ac9u with 51 rows and digest 909c85e2k0a9e2lkejmvbapu348.
[2026-10-08 00:42:28] (0s)  >>> Full cache hit cached_Synth::Synth::TUnmanagedStorageType#446e1fcd/2@e8d2eekq with 34 rows and digest 31b949n8m3gbksp9td2vv1bmpb4.
[2026-10-08 00:42:28] (0s)  >>> Full cache hit cached_Synth::Synth::TPrimaryArchetypeType#dbba9ea9/2@f4e8a82f with 4351 rows and digest c1b8c4bjdkbag1mfqbf6mb4bfn8.
[2026-10-08 00:42:28] (0s)  >>> Full cache hit cached_Synth::Synth::TGenericTypeParamType#cae336bb/2@576540sm with 6523 rows and digest 2ca42c9fgcj7aisq96aq0t1fu9c.
[2026-10-08 00:42:28] (0s)  >>> First-level cache hit cached_Synth::Synth::TElementArchetypeType#b3949d06/2@983f6fdq with empty relation.
[2026-10-08 00:42:28] (0s)  >>> Full cache hit cached_Synth::Synth::TGenericFunctionType#161b4bb7/2@959003ht with 18572 rows and digest 8c225798485d998isvo1lklhrn4.
[2026-10-08 00:42:28] (0s)  >>> Full cache hit cached_Synth::Synth::TBoundGenericEnumType#5531539b/2@1fcb36ta with 2349 rows and digest 93b48amj8gl9mdb1es2dgjhnb0d.
[2026-10-08 00:42:28] (0s)  >>> Full cache hit cached_Synth::Synth::TDependentMemberType#e65a0d0d/2@80ebb6mb with 2439 rows and digest 732111b0kbcmdfiav4199c17tve.
[2026-10-08 00:42:28] (0s)  >>> First-level cache hit cached_Synth::Synth::TUnownedStorageType#05dc6da5/2@480c8bkt with empty relation.
[2026-10-08 00:42:28] (0s)  >>> Full cache hit cached_Synth::Synth::TBuiltinExecutorType#4dae5d7c/2@a3de2cfg with 1 rows and digest f2c026smn47pu490ho29lmlbsuf.
[2026-10-08 00:42:28] (0s)  >>> Full cache hit cached_Synth::Synth::TUnboundGenericType#c849487c/2@2e2120f8 with 355 rows and digest d86f4du2k3l6ooi3t7dsp1mi378.
[2026-10-08 00:42:28] (0s)  >>> Full cache hit cached_Synth::Synth::TBuiltinIntegerType#047b23ce/2@46db4566 with 7 rows and digest 81daf5jeutr68karqla0d81if3a.
[2026-10-08 00:42:28] (0s)  >>> Full cache hit cached_Synth::Synth::TPackExpansionType#6cca1837/2@53f1d00a with 80 rows and digest f6751diibc2dbsgc9352eklmng6.
[2026-10-08 00:42:28] (0s)  >>> Full cache hit cached_Synth::Synth::TPackArchetypeType#f5859719/2@548de6t5 with 28 rows and digest 640dbbfejlac61irrdtjb48pgb1.
[2026-10-08 00:42:28] (0s)  >>> Full cache hit cached_Synth::Synth::TBuiltinFloatType#0f0178c1/2@2b4fd8gn with 3 rows and digest 8ef491vj6jg7g4cvleudd8ni91c.
[2026-10-08 00:42:28] (0s)  >>> Full cache hit cached_Synth::Synth::TBuiltinVectorType#bcf13a08/2@d05504d2 with 42 rows and digest bb73f4lcun0rmd6uahu3tkvk8da.
[2026-10-08 00:42:28] (0s)  >>> First-level cache hit cached_Synth::Synth::TPackElementType#f174a347/2@712514l9 with empty relation.
[2026-10-08 00:42:28] (0s)  >>> First-level cache hit cached_Synth::Synth::TInlineArrayType#f9d546ec/2@ef7d1diq with empty relation.
[2026-10-08 00:42:28] (0s)  >>> Full cache hit cached_Synth::Synth::TWeakStorageType#80cad9d5/2@56a04e1k with 4 rows and digest f91e50vv2dbptt9ndf7pnrh67t5.
[2026-10-08 00:42:28] (0s)  >>> First-level cache hit cached_Synth::Synth::TUnresolvedType#a38a5b5d/2@fc337f6g with empty relation.
[2026-10-08 00:42:28] (0s)  >>> Full cache hit cached_Synth::Synth::TExistentialType#4647efdd/2@ced7d0e1 with 250 rows and digest 44bb43uvvp05gqabatjfbsear1e.
[2026-10-08 00:42:28] (0s)  >>> Full cache hit cached_Synth::Synth::TBuiltinJobType#d7a19c63/2@2045baq5 with 1 rows and digest 9b278b08r85ejrpk60qnccebrle.
[2026-10-08 00:42:28] (0s)  >>> Full cache hit cached_Synth::Synth::TDictionaryType#38b533b7/2@d6ea32m6 with 50 rows and digest 17ae6ep4i831d2cja12ju5tj336.
[2026-10-08 00:42:28] (0s)  >>> Full cache hit cached_Synth::Synth::TArraySliceType#214c3226/2@f48267vh with 207 rows and digest 8830072vjf9mokptpq4lcr9up43.
[2026-10-08 00:42:28] (0s)  >>> Full cache hit cached_Synth::Synth::TTypeAliasType#474ad5be/2@70ef2fvk with 4502 rows and digest 944c3dlolokqhqirkq40it6cpf8.
[2026-10-08 00:42:28] (0s)  >>> Full cache hit cached_Synth::Synth::TProtocolType#54399279/2@9ca1e0na with 268 rows and digest e77656cdtlem6b5vihp1b92akqd.
[2026-10-08 00:42:28] (0s)  >>> Full cache hit cached_Synth::Synth::TOptionalType#309683f7/2@901ab7j3 with 2908 rows and digest 81f927pd82iaq9unavdi24jc3g4.
[2026-10-08 00:42:28] (0s)  >>> Full cache hit cached_Synth::Synth::TFunctionType#daaca57a/2@4b4e62jb with 64157 rows and digest 549c55fotuipn1kt5r4aq2aj1ue.
[2026-10-08 00:42:28] (0s)  >>> Full cache hit cached_Synth::Synth::TMetatypeType#bfd87215/2@a941e1l8 with 16985 rows and digest 9b4496cpllcc1u5devmtjum2aca.
[2026-10-08 00:42:28] (0s)  >>> Full cache hit cached_Synth::Synth::TIntegerType#239a7d67/2@5da0ddgi with 6 rows and digest dce90dalep4l1ncvffcuhbdq7r4.
[2026-10-08 00:42:28] (0s)  >>> Full cache hit cached_Synth::Synth::TModuleType#2491189a/2@a836a0oj with 965 rows and digest 62b00cvkvrqnguciu6m16oeqsf5.
[2026-10-08 00:42:28] (0s)  >>> Full cache hit cached_Synth::Synth::TStructType#ce6862f1/2@7afc2efe with 3141 rows and digest a48899nioonr52vu01roe81d8u1.
[2026-10-08 00:42:28] (0s)  >>> Full cache hit cached_Synth::Synth::TLValueType#2056c587/2@6b55a8qj with 2097 rows and digest 222666pfl5q5pn000a7d36vo4n9.
[2026-10-08 00:42:28] (0s)  >>> Full cache hit cached_Synth::Synth::TTupleType#bee7f153/2@d295d4ir with 771 rows and digest f7b45br5l5c1a2888mv273ul53e.
[2026-10-08 00:42:28] (0s)  >>> First-level cache hit cached_Synth::Synth::TParenType#da175b47/2@93fa29r4 with empty relation.
[2026-10-08 00:42:28] (0s)  >>> Full cache hit cached_Synth::Synth::TInOutType#a1735351/2@733eba04 with 73 rows and digest 7b853298e9iob95tbbvdsht8l4f.
[2026-10-08 00:42:28] (0s)  >>> Full cache hit cached_Synth::Synth::TErrorType#ae5662fa/2@8f13e17r with 5 rows and digest ee71b5aldn4rnaa2l95r3ohuhs5.
[2026-10-08 00:42:28] (0s)  >>> Full cache hit cached_Synth::Synth::TClassType#c42a08fb/2@52500bld with 502 rows and digest 0595b22v917t848oll96k7bk6o1.
[2026-10-08 00:42:28] (0s)  >>> Full cache hit cached_Synth::Synth::TPackType#24187f72/2@a702bf7j with 31 rows and digest 400468tne0h9uh2chcs7p1j6tif.
[2026-10-08 00:42:28] (0s)  >>> Full cache hit cached_Synth::Synth::TArgument#eb5bc4bd/2@0c3f3dgc with 4304 rows and digest 8ce019glgdsvorlfs11dc3bi4m2.
[2026-10-08 00:42:28] (0s)  >>> Full cache hit cached_Synth::Synth::TEnumType#d1923378/2@e20522nn with 511 rows and digest 57797cb22bij8n6vigric08urab.
[2026-10-08 00:42:28] (0s)  >>> First-level cache hit cached_ControlFlowElements::TPropertyObserverElement#ec3073ab/3@6c2fafrf with empty relation.
[2026-10-08 00:42:28] (0s) Inferred that ControlFlowElements::TPropertyObserverElement#ec3073ab_2#join_rhs/1@8cc20d8e is empty, due to cached_ControlFlowElements::TPropertyObserverElement#ec3073ab/3@6c2fafrf.
[2026-10-08 00:42:28] (0s) Inferred that ControlFlowElements::isPropertyObserverElement/3#5d450422/3@e13a9f45 is empty, due to ControlFlowElements::TPropertyObserverElement#ec3073ab_2#join_rhs/1@8cc20d8e.
[2026-10-08 00:42:28] (0s) Inferred that ControlFlowElements::isPropertyObserverElement/3#5d450422_21#join_rhs/2@84ff2dtf is empty, due to ControlFlowElements::isPropertyObserverElement/3#5d450422/3@e13a9f45.
[2026-10-08 00:42:28] (0s) Inferred that ControlFlowElements::isPropertyObserverElement/3#5d450422_201#join_rhs/3@24495568 is empty, due to ControlFlowElements::isPropertyObserverElement/3#5d450422/3@e13a9f45.
[2026-10-08 00:42:28] (0s) Inferred that ControlFlowGraphImpl::Exprs::AssignExprs::AssignExprTree.hasWillSetObserver/0#dispred#4debab66/1@f42e12le is empty, due to ControlFlowElements::isPropertyObserverElement/3#5d450422_21#join_rhs/2@84ff2dtf.
[2026-10-08 00:42:28] (0s) Inferred that _ControlFlowElements::isPropertyObserverElement/3#5d450422_21#join_rhs_ControlFlowGraphImpl::Exprs::__#antijoin_rhs/2@b34472dn is empty, due to ControlFlowElements::isPropertyObserverElement/3#5d450422_21#join_rhs/2@84ff2dtf.
[2026-10-08 00:42:28] (0s)  >>> Full cache hit cached_MethodLookupExpr::MethodLookupExpr.getUnderlying/0#dispred#1cb45815/2@82c981m2 with 956 rows and digest 0a57d2rbo6r2a9tnph9ifefugp0.
[2026-10-08 00:42:28] (0s)  >>> Full cache hit cached_ControlFlowElements::TPropertySetterElement#f65b7675/3@7ff723in with 974 rows and digest 1d8afclncecto2v91ur9p704c04.
[2026-10-08 00:42:28] (0s)  >>> Full cache hit cached_ControlFlowElements::TPropertyGetterElement#0db15e1b/3@5a119bqg with 13 rows and digest c203dab2pefsshs4c3ab3ssbqb7.
[2026-10-08 00:42:28] (0s)  >>> First-level cache hit cached_ControlFlowElements::TClosureElement#53f0de6e/2@dd46f6f4 with empty relation.
[2026-10-08 00:42:28] (0s) Inferred that ControlFlowGraphImpl::CfgScope::ClosureExprScope#5db317f5/2@ba11b60a is empty, due to cached_ControlFlowElements::TClosureElement#53f0de6e/2@dd46f6f4.
[2026-10-08 00:42:28] (0s)  >>> Full cache hit cached_ControlFlowElements::TFuncDeclElement#bcf12d04/2@d32777u6 with 20194 rows and digest ae7b573jn8o8u99v9umgqneu3i0.
[2026-10-08 00:42:28] (0s)  >>> Full cache hit cached_ControlFlowElements::TNilCoalescingTestElement#66034683/2@463f7b9d with 1 rows and digest 97dcd6bdfddk5ls5arf8pm32cbc.
[2026-10-08 00:42:28] (0s)  >>> Full cache hit cached_ControlFlowElements::TControlFlowElement#4d34738d/1@22f33cs3 with 326448 rows and digest 12b35031mt0gvst0sjp1l3tklnd.
[2026-10-08 00:42:28] (0s)  >>> Full cache hit cached_BasicBlock::Make<Location::Location,BasicBlocks::BasicBlocksImpl::BasicBlockInputSig>::Cached::TBasicBlockStart#02c52780/2@384b37dk with 20207 rows and digest 9d6e69t30qj31ed5el4t6pa2gm8.
[2026-10-08 00:42:28] (0s)  >>> Full cache hit cached_BasicBlock::Make<Location::Location,BasicBlocks::BasicBlocksImpl::BasicBlockInputSig>::Cached::getNode/2#42d576bb/3@a6c71f86 with 147082 rows and digest a189ca7de0de435ssd0fk0hgkf6.
[2026-10-08 00:42:28] (0s)  >>> Full cache hit cached_ControlFlowGraphImplSpecific::CfgImpl::Cached::TAstNode#e7ae24eb/4@be2828q9 with 86499 rows and digest 7c63004g1s7dmmcrf5a6rptl353.
[2026-10-08 00:42:28] (0s)  >>> First-level cache hit cached_Synth::Synth::TUnspecifiedElement#37502608/2@1fdc52rm with empty relation.
[2026-10-08 00:42:28] (0s) Inferred that UnspecifiedElement::Generated::UnspecifiedElement.getImmediateChild/1#dispred#6d85743d/3@5da6e287 is empty, due to cached_Synth::Synth::TUnspecifiedElement#37502608/2@1fdc52rm.
[2026-10-08 00:42:28] (0s) Inferred that _UnspecifiedElement::Generated::UnspecifiedElement.getImmediateChild/1#dispred#6d85743d#max_range/2@b43d781n is empty, due to UnspecifiedElement::Generated::UnspecifiedElement.getImmediateChild/1#dispred#6d85743d/3@5da6e287.
[2026-10-08 00:42:28] (0s) Inferred that _UnspecifiedElement::Generated::UnspecifiedElement.getImmediateChild/1#dispred#6d85743d#max_term/3@e99989a0 is empty, due to UnspecifiedElement::Generated::UnspecifiedElement.getImmediateChild/1#dispred#6d85743d/3@5da6e287.
[2026-10-08 00:42:28] (0s) Inferred that __UnspecifiedElement::Generated::UnspecifiedElement.getImmediateChild/1#dispred#6d85743d#max_range____#join_rhs/1@96f4aeoh is empty, due to _UnspecifiedElement::Generated::UnspecifiedElement.getImmediateChild/1#dispred#6d85743d#max_range/2@b43d781n.
[2026-10-08 00:42:28] (0s)  >>> First-level cache hit cached_Synth::Synth::TDiagnostics#b2bc0e23/2@526db9rq with empty relation.
[2026-10-08 00:42:28] (0s)  >>> Full cache hit cached_ControlFlowGraphImplSpecific::CfgImpl::Cached::Public::getNodeCfgScope/1#0b45c2c9/2@ea7627i9 with 147082 rows and digest 84435b9l56hp7d6m06dpgu3bu89.
[2026-10-08 00:42:28] (0s)  >>> Full cache hit cached_Synth::Synth::TComment#24e6a7b0/2@1cee6cso with 2 rows and digest e6b997das29aqu2bdvmt0i8dmqb.
[2026-10-08 00:42:28] (0s)  >>> Full cache hit cached_File::File.splitAbsolutePath/2#dispred#958b917e/3@4ac935if with 2106 rows and digest 7e9ab7g3tu85mdvpli47ck0bfaf.
[2026-10-08 00:42:28] (0s)  >>> Full cache hit cached_Splitting::TConditionalCompletionSplitKind#174cd667/1@0195d44a with 1 rows and digest 19f2cevarof1fbaqkctt3t43if4.
[2026-10-08 00:42:28] (0s)  >>> Full cache hit cached_Splitting::TSplit#80b510fb/1@dff168l5 with 6 rows and digest ae9acd4qfa35i65ck0grjmghsn7.
[2026-10-08 00:42:28] (0s)  >>> Full cache hit cached_Splitting::TConditionalCompletionSplit#a476a87b/2@84a332o8 with 6 rows and digest 54d028e0730h8dkjnh6f4i2ntu5.
[2026-10-08 00:42:28] (0s)  >>> Full cache hit cached_ControlFlowGraphImplSpecific::CfgImpl::Cached::getJoinBlockPredecessor/2#1fdcc2e0/3@278807ct with 8 rows and digest 37c483j1qmulb1hp6v2rahrv8n6.
[2026-10-08 00:42:28] (0s)  >>> Full cache hit cached_ControlFlowGraphImplSpecific::CfgImpl::Cached::splitsToString/1#ac4b523a/2@651905i8 with 1 rows and digest 21a913top5a6p7rho01cvfkrh42.
[2026-10-08 00:42:28] (0s)  >>> Full cache hit cached_ControlFlowGraphImplSpecific::CfgImpl::Cached::getASuccessor/2#a5a1263d/3@8a8005p8 with 126892 rows and digest 43327b23p2v5jploq3kufbf16h7.
[2026-10-08 00:42:28] (0s)  >>> First-level cache hit cached_ControlFlowGraphImplSpecific::CfgImpl::Cached::TSplitsCons#9c4dc943#origOrder/3@d94792sl with empty relation.
[2026-10-08 00:42:28] (0s)  >>> Full cache hit cached_ControlFlowGraphImplSpecific::CfgImpl::Cached::TSplitsNil#a1ff069e/1@753f4d0d with 1 rows and digest 19f2cevarof1fbaqkctt3t43if4.
[2026-10-08 00:42:28] (0s)  >>> Full cache hit cached_ControlFlowGraphImplSpecific::CfgImpl::Cached::TSplits#050a968d/1@a5efd043 with 1 rows and digest 19f2cevarof1fbaqkctt3t43if4.
[2026-10-08 00:42:28] (0s)  >>> Full cache hit cached_ControlFlowGraphImplSpecific::CfgImpl::Cached::TNode#c71108ec/1@ee790791 with 147082 rows and digest 7c2507ogg9bl4h2l3qq235nc8s3.
[2026-10-08 00:42:28] (0s)  >>> Full cache hit cached_ControlFlowGraphImplSpecific::CfgImpl::Cached::TEntryNode#e6ee8ac9/2@0b4600bf with 20194 rows and digest f81a53scqf3quf4n0v6qjvn6vm6.
[2026-10-08 00:42:28] (0s)  >>> Full cache hit cached_ControlFlowGraphImplSpecific::CfgImpl::Cached::TExitNode#2cfb98c2/2@ee14e6j9 with 20194 rows and digest 7ac801na2pqtbk0t4l6p6vdappf.
[2026-10-08 00:42:28] (0s)  >>> Full cache hit cached_ControlFlowGraphImplSpecific::CfgImpl::Cached::TAnnotatedExitNode#059eb84b/3@b48f18ob with 20195 rows and digest 4e658ctk6eiimkbcben72vi4l2b.
[2026-10-08 00:42:28] (0s)  >>> Full cache hit cached_ControlFlowGraphImplSpecific::CfgImpl::ControlFlowTree.first/1#dispred#c2911af9/2@2d1b33te with 318129 rows and digest 01abeafiklr55slvopa00i23b39.
[2026-10-08 00:42:28] (0s)  >>> Full cache hit cached_ControlFlowGraphImplSpecific::CfgImpl::Cached::Public::forceCachingInSameStage/0#19d0b30a/0@a80d27a0 with 1 rows and digest ac90f0ei322hhreshlvdl215c38.
[2026-10-08 00:42:28] (0s)  >>> Full cache hit cached_BasicBlock::Make<Location::Location,BasicBlocks::BasicBlocksImpl::BasicBlockInputSig>::Cached::bbSuccessor/3#539ba761/3@c57bd0tg with 17 rows and digest 1f1ad8mlruk9q4pk16vah8437m6.
[2026-10-08 00:42:28] (0s)  >>> Full cache hit cached_ControlFlowGraphImplSpecific::CfgImpl::Cached::Public::getAControlFlowExitNode/1#310bcd9a/2@43117du6 with 318140 rows and digest 1f5966etfujtljrpou5nqf24887.
[2026-10-08 00:42:28] (0s)  >>> Full cache hit cached_BasicBlock::Make<Location::Location,BasicBlocks::BasicBlocksImpl::BasicBlockInputSig>::Cached::bbIPostDominates/2#9e1c610b/2@fc710bft with 11 rows and digest c68026c8fk4b2spo2d2e6ju8v62.
[2026-10-08 00:42:28] (0s)  >>> Full cache hit cached_BasicBlock::Make<Location::Location,BasicBlocks::BasicBlocksImpl::BasicBlockInputSig>::Cached::TBasicBlock#c2fef76e/1@4a8efbi3 with 20207 rows and digest 14fd2an112cg9cmmt52f5dmbbu8.
[2026-10-08 00:42:28] (0s)  >>> Full cache hit cached_BasicBlock::Make<Location::Location,BasicBlocks::BasicBlocksImpl::BasicBlockInputSig>::Cached::bbIDominates/2#d13501c8/2@b06135n2 with 13 rows and digest ece96ftrh2vot60tnc1fpf8rcn9.
[2026-10-08 00:42:28] (0s)  >>> Full cache hit cached_ParentChild::Impl::getImmediateChild/3#ddb9b4d3/4@399bf03c with 275930 rows and digest fc01felbjitvb8f518a8gjhe84f.
[2026-10-08 00:42:28] (0s)  >>> Full cache hit cached_Scope::scopeOfAst/1#bbeab029/2@444468u9 with 167855 rows and digest bc943cckaoo2jm8ol7ll8klq2d3.
[2026-10-08 00:42:28] (0s)  >>> Full cache hit cached_Scope::getParentOfAst/1#4c41cdcc/2@df7f14cf with 271614 rows and digest 754091osv4p5mg2kja49b7lshkd.
[2026-10-08 00:42:28] (0s) Starting to evaluate predicate Synth::Synth::TBinaryExpr#db62cefe_1#join_rhs/1@61eb4a29
[2026-10-08 00:42:28] (0s) Starting to evaluate predicate Synth::Synth::TFunction#4b08b623/1@3c002778
[2026-10-08 00:42:28] (0s)  >>> Created relation Synth::Synth::TBinaryExpr#db62cefe_1#join_rhs/1@61eb4a29 with 1 rows and digest 659c00ofpbact5tjlr38glrie28.
[2026-10-08 00:42:28] (0s) Starting to evaluate predicate Synth::Synth::TClosureExpr#7bd7eaff/1@a30db5vn
[2026-10-08 00:42:28] (0s)  >>> Created relation Synth::Synth::TClosureExpr#7bd7eaff/1@a30db5vn with 1 rows and digest c8fb1e2qqtg9li0805l0vprtga8.
[2026-10-08 00:42:28] (0s)  >>> Created relation Synth::Synth::TFunction#4b08b623/1@3c002778 with 57255 rows and digest f276845u2fpsn7k22ons67g7kv4.
[2026-10-08 00:42:28] (0s) Starting to evaluate predicate Synth::Synth::TCallable#9f63cd6e/1@911f1382
[2026-10-08 00:42:28] (0s)  >>> Created relation Synth::Synth::TCallable#9f63cd6e/1@911f1382 with 57256 rows and digest e54c5couacvh8vvj678nmmjc2p0.
[2026-10-08 00:42:28] (0s) Starting to evaluate predicate Locatable::Generated::Locatable#d713c658/1@02c9883o
[2026-10-08 00:42:28] (0s)  >>> Created relation Locatable::Generated::Locatable#d713c658/1@02c9883o with 62423 rows and digest 2d67e8vlrap95tu14t6ce1ceg86.
[2026-10-08 00:42:28] (0s)  >>> Created relation locatable_locations/2@0fca24o7 with 50822 rows and digest 5261ceet4h4kkc6cug0dffhfv86.
[2026-10-08 00:42:28] (0s)  >>> Created relation implicit_conversion_exprs/2@7a3df9p5 with 106 rows and digest 56cfcfrq967cdqe0br8cqcjlcpc.
[2026-10-08 00:42:28] (0s)  >>> Created relation explicit_cast_exprs/2@e2ece0cm with 98 rows and digest 90d02dsj08c0glbi7rak0fs5co1.
[2026-10-08 00:42:28] (0s)  >>> Created relation identity_exprs/2@1f545fs1 with 0 rows and digest THIS-RELATION-HAS-NO-TUPLES.
[2026-10-08 00:42:28] (0s) Inferred that Synth::Synth::convertIdentityExprToRaw/1#8a5e8892#fb/2@99d926ef is empty, due to identity_exprs/2@1f545fs1.
[2026-10-08 00:42:28] (0s) Inferred that IdentityExpr::IdentityExpr.convertsFrom/1#dispred#0a2d7a42/2@a457a1cd is empty, due to identity_exprs/2@1f545fs1.
[2026-10-08 00:42:28] (0s) Inferred that Synth::Synth::convertIdentityExprToRaw/1#8a5e8892#fb_10#join_rhs/2@ff44a8gb is empty, due to Synth::Synth::convertIdentityExprToRaw/1#8a5e8892#fb/2@99d926ef.
[2026-10-08 00:42:28] (0s) Inferred that IdentityExpr::Generated::IdentityExpr.getImmediateSubExpr/0#dispred#6ec588c9/2@fa1daahi is empty, due to Synth::Synth::convertIdentityExprToRaw/1#8a5e8892#fb_10#join_rhs/2@ff44a8gb.
[2026-10-08 00:42:28] (0s)  >>> Created relation callable_names/2@71b1fcij with 57255 rows and digest 9c945fb0dbpc3172uo4kea343n3.
[2026-10-08 00:42:28] (0s)  >>> Created relation decl_members/3@41f6cbb2 with 53510 rows and digest a49d943d8v6qmnm4pu0h6lebfe1.
[2026-10-08 00:42:28] (0s) Starting to evaluate predicate m#Synth::Synth::convertCallableToRaw/1#52a2f9a1#fb/1@4b141bb1
[2026-10-08 00:42:28] (0s)  >>> Created relation decls/2@40b5241e with 209213 rows and digest 52b88ar8ge0istl4gh0t4sju17e.
[2026-10-08 00:42:28] (0s) Starting to evaluate predicate m#Synth::Synth::convertDeclToRaw/1#b63039ab#fb/1@2e683607
[2026-10-08 00:42:28] (0s)  >>> Created relation m#Synth::Synth::convertCallableToRaw/1#52a2f9a1#fb/1@4b141bb1 with 95087 rows and digest 8cd228a8lef53d97nhd7is2sp8d.
[2026-10-08 00:42:28] (0s) Starting to evaluate predicate m#Synth::Synth::convertImplicitConversionExprToRaw/1#4e5e3133#fb/1@084dc97c
[2026-10-08 00:42:28] (0s)  >>> Created relation m#Synth::Synth::convertImplicitConversionExprToRaw/1#4e5e3133#fb/1@084dc97c with 50920 rows and digest ec3f36a7fjtrk0qsq215kj361l7.
[2026-10-08 00:42:28] (0s) Starting to evaluate predicate Synth::Synth::convertImplicitConversionExprToRaw/1#4e5e3133#fb/2@7dcc0anj
[2026-10-08 00:42:28] (0s)  >>> Created relation Synth::Synth::convertImplicitConversionExprToRaw/1#4e5e3133#fb/2@7dcc0anj with 106 rows and digest e2a62b1m6sp5dvu4hneojud76i5.
[2026-10-08 00:42:28] (0s) Starting to evaluate predicate Synth::Synth::convertImplicitConversionExprToRaw/1#4e5e3133#fb_10#join_rhs/2@e28147t2
[2026-10-08 00:42:28] (0s)  >>> Created relation Synth::Synth::convertImplicitConversionExprToRaw/1#4e5e3133#fb_10#join_rhs/2@e28147t2 with 106 rows and digest 0a0275kbqlviuqciu9qm2slc6fd.
[2026-10-08 00:42:28] (0s) Starting to evaluate predicate m#Synth::Synth::convertExplicitCastExprToRaw/1#486dcb63#fb/1@949e0f2m
[2026-10-08 00:42:28] (0s)  >>> Created relation m#Synth::Synth::convertExplicitCastExprToRaw/1#486dcb63#fb/1@949e0f2m with 50920 rows and digest 8025b1qdk5g5ejlt1omj7n6ilt6.
[2026-10-08 00:42:28] (0s) Starting to evaluate predicate Synth::Synth::convertExplicitCastExprToRaw/1#486dcb63#fb/2@6425bft3
[2026-10-08 00:42:28] (0s)  >>> Created relation Synth::Synth::convertExplicitCastExprToRaw/1#486dcb63#fb/2@6425bft3 with 98 rows and digest 8f296b3beo172p92q0ihnlm235f.
[2026-10-08 00:42:28] (0s) Starting to evaluate predicate Synth::Synth::convertExplicitCastExprToRaw/1#486dcb63#fb_10#join_rhs/2@9fd71ajf
[2026-10-08 00:42:28] (0s)  >>> Created relation Synth::Synth::convertExplicitCastExprToRaw/1#486dcb63#fb_10#join_rhs/2@9fd71ajf with 98 rows and digest ec98a1aq4uqhamj4rs1lehru0kb.
[2026-10-08 00:42:28] (0s) Starting to evaluate predicate m#Synth::Synth::convertIdentityExprToRaw/1#8a5e8892#fb/1@f9c0f25s
[2026-10-08 00:42:28] (0s)  >>> Created relation m#Synth::Synth::convertIdentityExprToRaw/1#8a5e8892#fb/1@f9c0f25s with 50822 rows and digest 8535589vsnv7e172hbknsti1er7.
[2026-10-08 00:42:28] (0s) Starting to evaluate predicate Synth::Synth::convertIdentityExprToRaw/1#8a5e8892#fb/2@e646fd1e
[2026-10-08 00:42:28] (0s)  >>> Created relation Synth::Synth::convertIdentityExprToRaw/1#8a5e8892#fb/2@e646fd1e with 0 rows and digest THIS-RELATION-HAS-NO-TUPLES.
[2026-10-08 00:42:28] (0s) Inferred that Synth::Synth::convertIdentityExprToRaw/1#8a5e8892#fb_10#join_rhs/2@e8bd80fa is empty, due to Synth::Synth::convertIdentityExprToRaw/1#8a5e8892#fb/2@e646fd1e.
[2026-10-08 00:42:28] (0s) Starting to evaluate predicate m#Synth::Synth::convertClosureExprToRaw/1#54e3c165#fb/1@965f9245
[2026-10-08 00:42:28] (0s)  >>> Created relation m#Synth::Synth::convertClosureExprToRaw/1#54e3c165#fb/1@965f9245 with 95087 rows and digest 8cd228a8lef53d97nhd7is2sp8d.
[2026-10-08 00:42:28] (0s) Starting to evaluate predicate Synth::Synth::convertClosureExprToRaw/1#54e3c165#fb/2@1a2b20go
[2026-10-08 00:42:28] (0s)  >>> Created relation Synth::Synth::convertClosureExprToRaw/1#54e3c165#fb/2@1a2b20go with 1 rows and digest 5320d3mlg3otul5s8s1hmsjcmm2.
[2026-10-08 00:42:28] (0s) Starting to evaluate predicate Synth::Synth::convertClosureExprToRaw/1#54e3c165#fb_10#join_rhs/2@abf3d1hd
[2026-10-08 00:42:28] (0s)  >>> Created relation Synth::Synth::convertClosureExprToRaw/1#54e3c165#fb_10#join_rhs/2@abf3d1hd with 1 rows and digest 8788f89fale375shsk4751no8r6.
[2026-10-08 00:42:28] (0s)  >>> Created relation apply_exprs/2@0a3b1aj3 with 6123 rows and digest 2f92c7mp32s4lu5fcb7rldlp984.
[2026-10-08 00:42:28] (0s)  >>> Created relation m#Synth::Synth::convertDeclToRaw/1#b63039ab#fb/1@2e683607 with 209314 rows and digest 7374ceb8dsj647sd7furgha5rbd.
[2026-10-08 00:42:28] (0s)  >>> Created relation one_way_exprs/2@f5e2a131 with 0 rows and digest THIS-RELATION-HAS-NO-TUPLES.
[2026-10-08 00:42:28] (0s) Inferred that Synth::Synth::TOneWayExpr#dom#3569e7f6/1@176f823l is empty, due to one_way_exprs/2@f5e2a131.
[2026-10-08 00:42:28] (0s) Inferred that Synth::Synth::TOneWayExpr#b4202b84/2@884403fl is empty, due to Synth::Synth::TOneWayExpr#dom#3569e7f6/1@176f823l.
[2026-10-08 00:42:28] (0s)  >>> Created relation in_out_exprs/2@08dff3br with 759 rows and digest 1e0758m780632re1bbd9fgthh6c.
[2026-10-08 00:42:28] (0s) Starting to evaluate predicate m#Synth::Synth::convertFunctionToRaw/1#f2c987f6#fb/1@7351b8dn
[2026-10-08 00:42:28] (0s)  >>> Created relation abstract_storage_decl_accessors/3@1849a9pt with 30493 rows and digest 5b16e5a97mk1b70r2829c8uls67.
[2026-10-08 00:42:28] (0s) Starting to evaluate predicate m#Synth::Synth::convertAbstractStorageDeclToRaw/1#52c961eb#fb/1@5b0db923
[2026-10-08 00:42:28] (0s)  >>> Created relation m#Synth::Synth::convertFunctionToRaw/1#f2c987f6#fb/1@7351b8dn with 209314 rows and digest 7374ceb8dsj647sd7furgha5rbd.
[2026-10-08 00:42:28] (0s) Starting to evaluate predicate Synth::Synth::convertFunctionToRaw/1#f2c987f6#fb/2@ba74953p
[2026-10-08 00:42:28] (0s)  >>> Created relation m#Synth::Synth::convertAbstractStorageDeclToRaw/1#52c961eb#fb/1@5b0db923 with 209314 rows and digest 7374ceb8dsj647sd7furgha5rbd.
[2026-10-08 00:42:28] (0s) Starting to evaluate predicate Synth::Synth::convertAbstractStorageDeclToRaw/1#52c961eb#fb/2@8dc193o1
[2026-10-08 00:42:28] (0s)  >>> Created relation Synth::Synth::convertFunctionToRaw/1#f2c987f6#fb/2@ba74953p with 57255 rows and digest 06a7f0jke5o7p1f5edg723caei1.
[2026-10-08 00:42:28] (0s)  >>> Created relation type_decls/3@77b615l0 with 15794 rows and digest 2cbd62hrsdmr6qj1r597qrj5voe.
[2026-10-08 00:42:28] (0s) Starting to evaluate predicate m#Synth::Synth::convertTypeDeclToRaw/1#114006c7#fb/1@a78fe17f
[2026-10-08 00:42:28] (0s)  >>> Created relation m#Synth::Synth::convertTypeDeclToRaw/1#114006c7#fb/1@a78fe17f with 209314 rows and digest 7374ceb8dsj647sd7furgha5rbd.
[2026-10-08 00:42:28] (0s) Starting to evaluate predicate Synth::Synth::convertTypeDeclToRaw/1#114006c7#fb/2@bc9aeaar
[2026-10-08 00:42:28] (0s)  >>> Created relation Synth::Synth::convertAbstractStorageDeclToRaw/1#52c961eb#fb/2@8dc193o1 with 121571 rows and digest 96d030a33jivoh7fn8rjcp395e5.
[2026-10-08 00:42:28] (0s) Starting to evaluate predicate m#Raw::Raw::Expr#8a3b61a4#b/1@b36a6d71
[2026-10-08 00:42:28] (0s)  >>> Created relation m#Raw::Raw::Expr#8a3b61a4#b/1@b36a6d71 with 7086 rows and digest 753732lfvns29uvupbe8ndr0cc1.
[2026-10-08 00:42:28] (0s)  >>> Created relation Synth::Synth::convertTypeDeclToRaw/1#114006c7#fb/2@bc9aeaar with 15794 rows and digest 5a0ee02nes0ih1j87s1rev2u4u2.
[2026-10-08 00:42:28] (0s)  >>> Created relation differentiable_function_extract_original_exprs/1@22abb302 with 0 rows and digest THIS-RELATION-HAS-NO-TUPLES.
[2026-10-08 00:42:28] (0s) Inferred that Synth::Synth::TDifferentiableFunctionExtractOriginalExpr#0bfec5d3/2@634ae4l2 is empty, due to differentiable_function_extract_original_exprs/1@22abb302.
[2026-10-08 00:42:28] (0s)  >>> Created relation property_wrapper_value_placeholder_exprs/2@3ea058gg with 0 rows and digest THIS-RELATION-HAS-NO-TUPLES.
[2026-10-08 00:42:28] (0s) Inferred that Synth::Synth::TPropertyWrapperValuePlaceholderExpr#dom#24ba84a3/1@c734b12f is empty, due to property_wrapper_value_placeholder_exprs/2@3ea058gg.
[2026-10-08 00:42:28] (0s)  >>> Created relation linear_to_differentiable_function_exprs/1@d85767iq with 0 rows and digest THIS-RELATION-HAS-NO-TUPLES.
[2026-10-08 00:42:28] (0s) Inferred that Synth::Synth::TPropertyWrapperValuePlaceholderExpr#8e089f89/2@86e2b055 is empty, due to Synth::Synth::TPropertyWrapperValuePlaceholderExpr#dom#24ba84a3/1@c734b12f.
[2026-10-08 00:42:28] (0s)  >>> Created relation linear_function_extract_original_exprs/1@e0e715qi with 0 rows and digest THIS-RELATION-HAS-NO-TUPLES.
[2026-10-08 00:42:28] (0s) Inferred that Synth::Synth::TLinearToDifferentiableFunctionExpr#14ac48e5/2@acf141tt is empty, due to linear_to_differentiable_function_exprs/1@d85767iq.
[2026-10-08 00:42:28] (0s)  >>> Created relation unresolved_member_chain_result_exprs/1@9e8a51bd with 0 rows and digest THIS-RELATION-HAS-NO-TUPLES.
[2026-10-08 00:42:28] (0s) Inferred that Synth::Synth::TLinearFunctionExtractOriginalExpr#a0a54307/2@d41c67so is empty, due to linear_function_extract_original_exprs/1@e0e715qi.
[2026-10-08 00:42:28] (0s)  >>> Created relation existential_metatype_to_object_exprs/1@397d7bfk with 0 rows and digest THIS-RELATION-HAS-NO-TUPLES.
[2026-10-08 00:42:28] (0s) Inferred that Synth::Synth::TUnresolvedMemberChainResultExpr#9e61fe98/2@4cdd8cq7 is empty, due to unresolved_member_chain_result_exprs/1@9e8a51bd.
[2026-10-08 00:42:28] (0s)  >>> Created relation covariant_function_conversion_exprs/1@c66875p3 with 0 rows and digest THIS-RELATION-HAS-NO-TUPLES.
[2026-10-08 00:42:28] (0s) Inferred that Synth::Synth::TExistentialMetatypeToObjectExpr#a1c04933/2@f7d6b85n is empty, due to existential_metatype_to_object_exprs/1@397d7bfk.
[2026-10-08 00:42:28] (0s)  >>> Created relation collection_upcast_conversion_exprs/1@9f7f791e with 0 rows and digest THIS-RELATION-HAS-NO-TUPLES.
[2026-10-08 00:42:28] (0s) Inferred that Synth::Synth::TCovariantFunctionConversionExpr#e0dd248d/2@b0a36f1o is empty, due to covariant_function_conversion_exprs/1@c66875p3.
[2026-10-08 00:42:28] (0s) Inferred that Synth::Synth::TCollectionUpcastConversionExpr#1fef3f7e/2@cf4598qo is empty, due to collection_upcast_conversion_exprs/1@9f7f791e.
[2026-10-08 00:42:28] (0s)  >>> Created relation interpolated_string_literal_exprs/1@6da61fn8 with 0 rows and digest THIS-RELATION-HAS-NO-TUPLES.
[2026-10-08 00:42:28] (0s) Inferred that Synth::Synth::TInterpolatedStringLiteralExpr#9d3a89a5/2@c698d0im is empty, due to interpolated_string_literal_exprs/1@6da61fn8.
[2026-10-08 00:42:28] (0s)  >>> Created relation covariant_return_conversion_exprs/1@01f5dfvo with 0 rows and digest THIS-RELATION-HAS-NO-TUPLES.
[2026-10-08 00:42:28] (0s)  >>> Created relation conditional_bridge_from_obj_c_exprs/1@06da73uf with 0 rows and digest THIS-RELATION-HAS-NO-TUPLES.
[2026-10-08 00:42:28] (0s) Inferred that Synth::Synth::TCovariantReturnConversionExpr#5c3f45a1/2@3c56d23n is empty, due to covariant_return_conversion_exprs/1@01f5dfvo.
[2026-10-08 00:42:28] (0s) Inferred that Synth::Synth::TConditionalBridgeFromObjCExpr#f87ddf23/2@08e283jc is empty, due to conditional_bridge_from_obj_c_exprs/1@06da73uf.
[2026-10-08 00:42:28] (0s)  >>> Created relation unresolved_type_conversion_exprs/1@b4068dfm with 0 rows and digest THIS-RELATION-HAS-NO-TUPLES.
[2026-10-08 00:42:28] (0s) Inferred that Synth::Synth::TUnresolvedTypeConversionExpr#3415bbc8/2@25a35bfj is empty, due to unresolved_type_conversion_exprs/1@b4068dfm.
[2026-10-08 00:42:28] (0s)  >>> Created relation protocol_metatype_to_object_exprs/1@bca73aqp with 0 rows and digest THIS-RELATION-HAS-NO-TUPLES.
[2026-10-08 00:42:28] (0s) Inferred that Synth::Synth::TProtocolMetatypeToObjectExpr#7be9d010/2@4f197diq is empty, due to protocol_metatype_to_object_exprs/1@bca73aqp.
[2026-10-08 00:42:28] (0s)  >>> Created relation make_temporarily_escapable_exprs/4@0a83e3h3 with 0 rows and digest THIS-RELATION-HAS-NO-TUPLES.
[2026-10-08 00:42:28] (0s)  >>> Created relation extract_function_isolation_exprs/2@054293v5 with 0 rows and digest THIS-RELATION-HAS-NO-TUPLES.
[2026-10-08 00:42:28] (0s) Inferred that Synth::Synth::TMakeTemporarilyEscapableExpr#dom#0229d2b0/1@3551f5pe is empty, due to make_temporarily_escapable_exprs/4@0a83e3h3.
[2026-10-08 00:42:28] (0s) Inferred that Synth::Synth::TMakeTemporarilyEscapableExpr#abd7b139/2@569e0cjb is empty, due to Synth::Synth::TMakeTemporarilyEscapableExpr#dom#0229d2b0/1@3551f5pe.
[2026-10-08 00:42:28] (0s)  >>> Created relation rebind_self_in_initializer_exprs/3@38cb0b6o with 0 rows and digest THIS-RELATION-HAS-NO-TUPLES.
[2026-10-08 00:42:28] (0s) Inferred that Synth::Synth::TExtractFunctionIsolationExpr#dom#952c5bd8/1@77526a1i is empty, due to extract_function_isolation_exprs/2@054293v5.
[2026-10-08 00:42:28] (0s) Inferred that Synth::Synth::TExtractFunctionIsolationExpr#f24411e5/2@8bbcf8gb is empty, due to Synth::Synth::TExtractFunctionIsolationExpr#dom#952c5bd8/1@77526a1i.
[2026-10-08 00:42:28] (0s) Inferred that Synth::Synth::TRebindSelfInInitializerExpr#dom#68f3412e/1@834e31gl is empty, due to rebind_self_in_initializer_exprs/3@38cb0b6o.
[2026-10-08 00:42:28] (0s)  >>> Created relation foreign_object_conversion_exprs/1@ad298b37 with 0 rows and digest THIS-RELATION-HAS-NO-TUPLES.
[2026-10-08 00:42:28] (0s) Inferred that Synth::Synth::TRebindSelfInInitializerExpr#3360a566/2@6178e6i1 is empty, due to Synth::Synth::TRebindSelfInInitializerExpr#dom#68f3412e/1@834e31gl.
[2026-10-08 00:42:28] (0s) Inferred that Synth::Synth::TForeignObjectConversionExpr#077500b5/2@6eb3fft1 is empty, due to foreign_object_conversion_exprs/1@ad298b37.
[2026-10-08 00:42:28] (0s)  >>> Created relation current_context_isolation_exprs/2@97ad48lc with 0 rows and digest THIS-RELATION-HAS-NO-TUPLES.
[2026-10-08 00:42:28] (0s) Inferred that Synth::Synth::TCurrentContextIsolationExpr#dom#c0ed0e39/1@56f05ffs is empty, due to current_context_isolation_exprs/2@97ad48lc.
[2026-10-08 00:42:28] (0s)  >>> Created relation magic_identifier_literal_exprs/2@2f24e4rd with 0 rows and digest THIS-RELATION-HAS-NO-TUPLES.
[2026-10-08 00:42:28] (0s) Inferred that Synth::Synth::TCurrentContextIsolationExpr#ebdd1812/2@355d15g3 is empty, due to Synth::Synth::TCurrentContextIsolationExpr#dom#c0ed0e39/1@56f05ffs.
[2026-10-08 00:42:28] (0s)  >>> Created relation differentiable_function_exprs/1@2c9838u7 with 0 rows and digest THIS-RELATION-HAS-NO-TUPLES.
[2026-10-08 00:42:28] (0s) Inferred that Synth::Synth::TMagicIdentifierLiteralExpr#dom#628fed16/1@cbb56ae9 is empty, due to magic_identifier_literal_exprs/2@2f24e4rd.
[2026-10-08 00:42:28] (0s) Inferred that Synth::Synth::TMagicIdentifierLiteralExpr#95c0fc2d/2@8bcee8r7 is empty, due to Synth::Synth::TMagicIdentifierLiteralExpr#dom#628fed16/1@cbb56ae9.
[2026-10-08 00:42:28] (0s)  >>> Created relation conditional_checked_cast_exprs/1@8f3ed1ol with 0 rows and digest THIS-RELATION-HAS-NO-TUPLES.
[2026-10-08 00:42:28] (0s) Inferred that Synth::Synth::TDifferentiableFunctionExpr#c86fe24b/2@88a102i7 is empty, due to differentiable_function_exprs/1@2c9838u7.
[2026-10-08 00:42:28] (0s) Inferred that Synth::Synth::TConditionalCheckedCastExpr#f5e920c9/2@2dd3ebs2 is empty, due to conditional_checked_cast_exprs/1@8f3ed1ol.
[2026-10-08 00:42:28] (0s)  >>> Created relation applied_property_wrapper_exprs/4@a6d671oj with 0 rows and digest THIS-RELATION-HAS-NO-TUPLES.
[2026-10-08 00:42:28] (0s)  >>> Created relation class_metatype_to_object_exprs/1@48cf2dtf with 0 rows and digest THIS-RELATION-HAS-NO-TUPLES.
[2026-10-08 00:42:28] (0s) Inferred that Synth::Synth::TAppliedPropertyWrapperExpr#dom#55d340c5/1@f333c0b6 is empty, due to applied_property_wrapper_exprs/4@a6d671oj.
[2026-10-08 00:42:28] (0s) Inferred that Synth::Synth::TAppliedPropertyWrapperExpr#8df015f0/2@eb9a26te is empty, due to Synth::Synth::TAppliedPropertyWrapperExpr#dom#55d340c5/1@f333c0b6.
[2026-10-08 00:42:28] (0s)  >>> Created relation actor_isolation_erasure_exprs/1@e573a6b1 with 0 rows and digest THIS-RELATION-HAS-NO-TUPLES.
[2026-10-08 00:42:28] (0s) Inferred that Synth::Synth::TClassMetatypeToObjectExpr#c160980e/2@4579f111 is empty, due to class_metatype_to_object_exprs/1@48cf2dtf.
[2026-10-08 00:42:28] (0s)  >>> Created relation unresolved_specialize_exprs/2@433f23js with 0 rows and digest THIS-RELATION-HAS-NO-TUPLES.
[2026-10-08 00:42:28] (0s) Inferred that Synth::Synth::TActorIsolationErasureExpr#dd3bba94/2@ee8a90qq is empty, due to actor_isolation_erasure_exprs/1@e573a6b1.
[2026-10-08 00:42:28] (0s) Inferred that Synth::Synth::TUnresolvedSpecializeExpr#dom#ee1d8e28/1@23615eic is empty, due to unresolved_specialize_exprs/2@433f23js.
[2026-10-08 00:42:28] (0s)  >>> Created relation dot_syntax_base_ignored_exprs/3@e41f4dmd with 0 rows and digest THIS-RELATION-HAS-NO-TUPLES.
[2026-10-08 00:42:28] (0s) Inferred that Synth::Synth::TUnresolvedSpecializeExpr#79e399e8/2@ff78716o is empty, due to Synth::Synth::TUnresolvedSpecializeExpr#dom#ee1d8e28/1@23615eic.
[2026-10-08 00:42:28] (0s)  >>> Created relation unevaluated_instance_exprs/1@37454f0d with 0 rows and digest THIS-RELATION-HAS-NO-TUPLES.
[2026-10-08 00:42:28] (0s) Inferred that Synth::Synth::TDotSyntaxBaseIgnoredExpr#dom#99d833c4/1@af7482ol is empty, due to dot_syntax_base_ignored_exprs/3@e41f4dmd.
[2026-10-08 00:42:28] (0s) Inferred that Synth::Synth::TUnevaluatedInstanceExpr#b05f665d/2@e5026fbk is empty, due to unevaluated_instance_exprs/1@37454f0d.
[2026-10-08 00:42:28] (0s) Inferred that Synth::Synth::TDotSyntaxBaseIgnoredExpr#c6ec664f/2@7c1782r3 is empty, due to Synth::Synth::TDotSyntaxBaseIgnoredExpr#dom#99d833c4/1@af7482ol.
[2026-10-08 00:42:28] (0s)  >>> Created relation other_initializer_ref_exprs/2@15c11128 with 0 rows and digest THIS-RELATION-HAS-NO-TUPLES.
[2026-10-08 00:42:28] (0s) Inferred that Synth::Synth::TOtherInitializerRefExpr#dom#166178fc/1@25bee7bb is empty, due to other_initializer_ref_exprs/2@15c11128.
[2026-10-08 00:42:28] (0s) Inferred that other_initializer_ref_exprs_10#join_rhs/2@695742vb is empty, due to other_initializer_ref_exprs/2@15c11128.
[2026-10-08 00:42:28] (0s) Inferred that Synth::Synth::TOtherInitializerRefExpr#c196dce5/2@5ee9d6vu is empty, due to Synth::Synth::TOtherInitializerRefExpr#dom#166178fc/1@25bee7bb.
[2026-10-08 00:42:28] (0s)  >>> Created relation underlying_to_opaque_exprs/1@2259f29m with 0 rows and digest THIS-RELATION-HAS-NO-TUPLES.
[2026-10-08 00:42:28] (0s) Inferred that Synth::Synth::TUnderlyingToOpaqueExpr#067cbe2b/2@23f6d8gj is empty, due to underlying_to_opaque_exprs/1@2259f29m.
[2026-10-08 00:42:28] (0s)  >>> Created relation optional_evaluation_exprs/2@cc5d60q2 with 0 rows and digest THIS-RELATION-HAS-NO-TUPLES.
[2026-10-08 00:42:28] (0s)  >>> Created relation metatype_conversion_exprs/1@26d158et with 0 rows and digest THIS-RELATION-HAS-NO-TUPLES.
[2026-10-08 00:42:28] (0s) Inferred that Synth::Synth::TOptionalEvaluationExpr#dom#1d20abef/1@a2defbuk is empty, due to optional_evaluation_exprs/2@cc5d60q2.
[2026-10-08 00:42:28] (0s) Inferred that Synth::Synth::TMetatypeConversionExpr#69e49b49/2@90d71fk7 is empty, due to metatype_conversion_exprs/1@26d158et.
[2026-10-08 00:42:28] (0s) Inferred that Synth::Synth::TOptionalEvaluationExpr#f7ab09c0/2@1e79faar is empty, due to Synth::Synth::TOptionalEvaluationExpr#dom#1d20abef/1@a2defbuk.
[2026-10-08 00:42:28] (0s)  >>> Created relation lazy_initialization_exprs/2@48ea10dl with 0 rows and digest THIS-RELATION-HAS-NO-TUPLES.
[2026-10-08 00:42:28] (0s) Inferred that Synth::Synth::TLazyInitializationExpr#dom#38f9e33d/1@238e005c is empty, due to lazy_initialization_exprs/2@48ea10dl.
[2026-10-08 00:42:28] (0s)  >>> Created relation key_path_application_exprs/3@87b5a7ks with 0 rows and digest THIS-RELATION-HAS-NO-TUPLES.
[2026-10-08 00:42:28] (0s) Inferred that Synth::Synth::TLazyInitializationExpr#03f4fc3e/2@a923402e is empty, due to Synth::Synth::TLazyInitializationExpr#dom#38f9e33d/1@238e005c.
[2026-10-08 00:42:28] (0s) Inferred that Synth::Synth::TKeyPathApplicationExpr#dom#06e9697f/1@812dfafp is empty, due to key_path_application_exprs/3@87b5a7ks.
[2026-10-08 00:42:28] (0s) Inferred that Synth::Synth::TKeyPathApplicationExpr#e5b19e99/2@39e64d7v is empty, due to Synth::Synth::TKeyPathApplicationExpr#dom#06e9697f/1@812dfafp.
[2026-10-08 00:42:28] (0s)  >>> Created relation inject_into_optional_exprs/1@3f1ea7fr with 4 rows and digest 49710792b719s6ueo9ae742podd.
[2026-10-08 00:42:28] (0s)  >>> Created relation any_hashable_erasure_exprs/1@a9fbbaq1 with 0 rows and digest THIS-RELATION-HAS-NO-TUPLES.
[2026-10-08 00:42:28] (0s) Inferred that Synth::Synth::TAnyHashableErasureExpr#0ca15a55/2@a01a27e1 is empty, due to any_hashable_erasure_exprs/1@a9fbbaq1.
[2026-10-08 00:42:28] (0s)  >>> Created relation function_conversion_exprs/1@503ef6b4 with 1 rows and digest f4498343kvc7dijml2jpfrgda04.
[2026-10-08 00:42:28] (0s)  >>> Created relation unresolved_pattern_exprs/2@be38b6ca with 0 rows and digest THIS-RELATION-HAS-NO-TUPLES.
[2026-10-08 00:42:28] (0s) Inferred that Synth::Synth::TUnresolvedPatternExpr#dom#26d14318/1@d5552f96 is empty, due to unresolved_pattern_exprs/2@be38b6ca.
[2026-10-08 00:42:28] (0s) Inferred that Synth::Synth::TUnresolvedPatternExpr#a7c8b151/2@13f249ln is empty, due to Synth::Synth::TUnresolvedPatternExpr#dom#26d14318/1@d5552f96.
[2026-10-08 00:42:28] (0s)  >>> Created relation unresolved_decl_ref_exprs/1@60e0d9r2 with 0 rows and digest THIS-RELATION-HAS-NO-TUPLES.
[2026-10-08 00:42:28] (0s) Inferred that Synth::Synth::TUnresolvedDeclRefExpr#9eff000e/2@966cf1bt is empty, due to unresolved_decl_ref_exprs/1@60e0d9r2.
[2026-10-08 00:42:28] (0s)  >>> Created relation overloaded_decl_ref_exprs/1@42e536ok with 0 rows and digest THIS-RELATION-HAS-NO-TUPLES.
[2026-10-08 00:42:28] (0s)  >>> Created relation forced_checked_cast_exprs/1@1d7cab2t with 0 rows and digest THIS-RELATION-HAS-NO-TUPLES.
[2026-10-08 00:42:28] (0s) Inferred that Synth::Synth::TOverloadedDeclRefExpr#72e16e49/2@50f8c56j is empty, due to overloaded_decl_ref_exprs/1@42e536ok.
[2026-10-08 00:42:28] (0s) Inferred that Synth::Synth::TForcedCheckedCastExpr#7723bc31/2@558c9bih is empty, due to forced_checked_cast_exprs/1@1d7cab2t.
[2026-10-08 00:42:28] (0s)  >>> Created relation discard_assignment_exprs/1@121637j6 with 0 rows and digest THIS-RELATION-HAS-NO-TUPLES.
[2026-10-08 00:42:28] (0s) Inferred that Synth::Synth::TDiscardAssignmentExpr#e64fd2dc/2@168c76d5 is empty, due to discard_assignment_exprs/1@121637j6.
[2026-10-08 00:42:28] (0s)  >>> Created relation abi_safe_conversion_exprs/1@2cc4f73m with 0 rows and digest THIS-RELATION-HAS-NO-TUPLES.
[2026-10-08 00:42:28] (0s) Inferred that Synth::Synth::TAbiSafeConversionExpr#9c7313bf/2@ce64f860 is empty, due to abi_safe_conversion_exprs/1@2cc4f73m.
[2026-10-08 00:42:28] (0s)  >>> Created relation unresolved_member_exprs/2@18e3a6np with 0 rows and digest THIS-RELATION-HAS-NO-TUPLES.
[2026-10-08 00:42:28] (0s)  >>> Created relation pointer_to_pointer_exprs/1@43e923mi with 0 rows and digest THIS-RELATION-HAS-NO-TUPLES.
[2026-10-08 00:42:28] (0s) Inferred that Synth::Synth::TUnresolvedMemberExpr#dom#51b38a73/1@951be0b2 is empty, due to unresolved_member_exprs/2@18e3a6np.
[2026-10-08 00:42:28] (0s) Inferred that Synth::Synth::TUnresolvedMemberExpr#398da227/2@a16669m7 is empty, due to Synth::Synth::TUnresolvedMemberExpr#dom#51b38a73/1@951be0b2.
[2026-10-08 00:42:28] (0s)  >>> Created relation dynamic_subscript_exprs/1@ec7dd3iu with 0 rows and digest THIS-RELATION-HAS-NO-TUPLES.
[2026-10-08 00:42:28] (0s) Inferred that Synth::Synth::TPointerToPointerExpr#e35729e3/2@d57f9am6 is empty, due to pointer_to_pointer_exprs/1@43e923mi.
[2026-10-08 00:42:28] (0s)  >>> Created relation dynamic_member_ref_exprs/1@9824eebv with 0 rows and digest THIS-RELATION-HAS-NO-TUPLES.
[2026-10-08 00:42:28] (0s) Inferred that Synth::Synth::TDynamicSubscriptExpr#2a005669/2@9401c2gc is empty, due to dynamic_subscript_exprs/1@ec7dd3iu.
[2026-10-08 00:42:28] (0s)  >>> Created relation destructure_tuple_exprs/1@82c8a0nv with 0 rows and digest THIS-RELATION-HAS-NO-TUPLES.
[2026-10-08 00:42:28] (0s) Inferred that Synth::Synth::TDynamicMemberRefExpr#6da7b8cc/2@b020e0pb is empty, due to dynamic_member_ref_exprs/1@9824eebv.
[2026-10-08 00:42:28] (0s)  >>> Created relation archetype_to_super_exprs/1@6da563q6 with 0 rows and digest THIS-RELATION-HAS-NO-TUPLES.
[2026-10-08 00:42:28] (0s) Inferred that Synth::Synth::TDestructureTupleExpr#860e5a59/2@7d6c6c39 is empty, due to destructure_tuple_exprs/1@82c8a0nv.
[2026-10-08 00:42:28] (0s)  >>> Created relation vararg_expansion_exprs/2@52352c6g with 0 rows and digest THIS-RELATION-HAS-NO-TUPLES.
[2026-10-08 00:42:28] (0s) Inferred that Synth::Synth::TArchetypeToSuperExpr#a2acdb61/2@fe02c116 is empty, due to archetype_to_super_exprs/1@6da563q6.
[2026-10-08 00:42:28] (0s)  >>> Created relation string_to_pointer_exprs/1@3a396ah4 with 0 rows and digest THIS-RELATION-HAS-NO-TUPLES.
[2026-10-08 00:42:28] (0s) Inferred that Synth::Synth::TVarargExpansionExpr#dom#213ebcc4/1@ddb9f36e is empty, due to vararg_expansion_exprs/2@52352c6g.
[2026-10-08 00:42:28] (0s) Inferred that Synth::Synth::TVarargExpansionExpr#368405ed/2@0378d9b5 is empty, due to Synth::Synth::TVarargExpansionExpr#dom#213ebcc4/1@ddb9f36e.
[2026-10-08 00:42:28] (0s) Inferred that Synth::Synth::TStringToPointerExpr#aa0ce277/2@eccf4a14 is empty, due to string_to_pointer_exprs/1@3a396ah4.
[2026-10-08 00:42:28] (0s)  >>> Created relation single_value_stmt_exprs/2@d4da00r7 with 0 rows and digest THIS-RELATION-HAS-NO-TUPLES.
[2026-10-08 00:42:28] (0s) Inferred that Synth::Synth::TSingleValueStmtExpr#dom#43734acd/1@a8a7a3go is empty, due to single_value_stmt_exprs/2@d4da00r7.
[2026-10-08 00:42:28] (0s)  >>> Created relation open_existential_exprs/4@44db22ji with 0 rows and digest THIS-RELATION-HAS-NO-TUPLES.
[2026-10-08 00:42:28] (0s) Inferred that Synth::Synth::TSingleValueStmtExpr#ee9fcec0/2@8c16a61m is empty, due to Synth::Synth::TSingleValueStmtExpr#dom#43734acd/1@a8a7a3go.
[2026-10-08 00:42:28] (0s) Inferred that Synth::Synth::TOpenExistentialExpr#dom#f7826a92/1@1c165e1c is empty, due to open_existential_exprs/4@44db22ji.
[2026-10-08 00:42:28] (0s) Inferred that Synth::Synth::TOpenExistentialExpr#69c081f6/2@2487ccrv is empty, due to Synth::Synth::TOpenExistentialExpr#dom#f7826a92/1@1c165e1c.
[2026-10-08 00:42:28] (0s)  >>> Created relation materialize_pack_exprs/2@9328812n with 0 rows and digest THIS-RELATION-HAS-NO-TUPLES.
[2026-10-08 00:42:28] (0s) Inferred that Synth::Synth::TMaterializePackExpr#dom#5597c857/1@80ff258b is empty, due to materialize_pack_exprs/2@9328812n.
[2026-10-08 00:42:28] (0s) Inferred that Synth::Synth::TMaterializePackExpr#95302548/2@8cfd02ok is empty, due to Synth::Synth::TMaterializePackExpr#dom#5597c857/1@80ff258b.
[2026-10-08 00:42:28] (0s)  >>> Created relation default_argument_exprs/3@3e3a91em with 0 rows and digest THIS-RELATION-HAS-NO-TUPLES.
[2026-10-08 00:42:28] (0s)  >>> Created relation linear_function_exprs/1@a70fafmc with 0 rows and digest THIS-RELATION-HAS-NO-TUPLES.
[2026-10-08 00:42:28] (0s) Inferred that Synth::Synth::TDefaultArgumentExpr#dom#a09f75b0/1@28fa25mh is empty, due to default_argument_exprs/3@3e3a91em.
[2026-10-08 00:42:28] (0s) Inferred that Synth::Synth::TDefaultArgumentExpr#f8106b5f/2@9abd7bfe is empty, due to Synth::Synth::TDefaultArgumentExpr#dom#a09f75b0/1@28fa25mh.
[2026-10-08 00:42:28] (0s) Inferred that Synth::Synth::TLinearFunctionExpr#fe6da37b/2@c3adaams is empty, due to linear_function_exprs/1@a70fafmc.
[2026-10-08 00:42:28] (0s)  >>> Created relation in_out_to_pointer_exprs/1@d266e4bi with 0 rows and digest THIS-RELATION-HAS-NO-TUPLES.
[2026-10-08 00:42:28] (0s) Inferred that Synth::Synth::TInOutToPointerExpr#5326128c/2@d35d44bb is empty, due to in_out_to_pointer_exprs/1@d266e4bi.
[2026-10-08 00:42:28] (0s)  >>> Created relation integer_literal_exprs/2@c55ee8f6 with 14943 rows and digest e910beni358f8ka5lglbkgaik72.
[2026-10-08 00:42:28] (0s)  >>> Created relation bridge_from_obj_c_exprs/1@ba0e9fme with 38 rows and digest 1d6b70svcfjblsmcoseo1plc3ie.
[2026-10-08 00:42:28] (0s)  >>> Created relation boolean_literal_exprs/2@16871d4h with 1 rows and digest 582608a2vegd767c3oe5o9h04l4.
[2026-10-08 00:42:28] (0s)  >>> Created relation array_to_pointer_exprs/1@e52a62rj with 0 rows and digest THIS-RELATION-HAS-NO-TUPLES.
[2026-10-08 00:42:28] (0s) Inferred that Synth::Synth::TArrayToPointerExpr#b95316dd/2@f0ec57bu is empty, due to array_to_pointer_exprs/1@e52a62rj.
[2026-10-08 00:42:28] (0s)  >>> Created relation unresolved_dot_exprs/3@ec6f7doh with 0 rows and digest THIS-RELATION-HAS-NO-TUPLES.
[2026-10-08 00:42:28] (0s) Inferred that Synth::Synth::TUnresolvedDotExpr#dom#312d2f0d/1@c68e6563 is empty, due to unresolved_dot_exprs/3@ec6f7doh.
[2026-10-08 00:42:28] (0s) Inferred that Synth::Synth::TUnresolvedDotExpr#fdff6bbb/2@2208d5p2 is empty, due to Synth::Synth::TUnresolvedDotExpr#dom#312d2f0d/1@c68e6563.
[2026-10-08 00:42:28] (0s)  >>> Created relation pack_expansion_exprs/2@f3d570p4 with 0 rows and digest THIS-RELATION-HAS-NO-TUPLES.
[2026-10-08 00:42:28] (0s) Inferred that Synth::Synth::TPackExpansionExpr#dom#c494fbf1/1@35163bpe is empty, due to pack_expansion_exprs/2@f3d570p4.
[2026-10-08 00:42:28] (0s) Inferred that Synth::Synth::TPackExpansionExpr#75eece85/2@116a1fji is empty, due to Synth::Synth::TPackExpansionExpr#dom#c494fbf1/1@35163bpe.
[2026-10-08 00:42:28] (0s)  >>> Created relation object_literal_exprs/2@d81c767h with 0 rows and digest THIS-RELATION-HAS-NO-TUPLES.
[2026-10-08 00:42:28] (0s) Inferred that Synth::Synth::TObjectLiteralExpr#dom#ad4eeda6/1@f0164868 is empty, due to object_literal_exprs/2@d81c767h.
[2026-10-08 00:42:28] (0s) Inferred that Synth::Synth::TObjectLiteralExpr#8e8a0dd9/2@bb08124b is empty, due to Synth::Synth::TObjectLiteralExpr#dom#ad4eeda6/1@f0164868.
[2026-10-08 00:42:28] (0s)  >>> Created relation string_literal_exprs/2@577d28ck with 480 rows and digest b4218c2hp7f1pl8aqmv3gtealo3.
[2026-10-08 00:42:28] (0s)  >>> Created relation derived_to_base_exprs/1@992122di with 0 rows and digest THIS-RELATION-HAS-NO-TUPLES.
[2026-10-08 00:42:28] (0s) Inferred that Synth::Synth::TDerivedToBaseExpr#6070e7e4/2@4a1e1015 is empty, due to derived_to_base_exprs/1@992122di.
[2026-10-08 00:42:28] (0s)  >>> Created relation tuple_element_exprs/3@bbe29bdp with 0 rows and digest THIS-RELATION-HAS-NO-TUPLES.
[2026-10-08 00:42:28] (0s) Inferred that Synth::Synth::TTupleElementExpr#dom#04c5f57e/1@6aad022l is empty, due to tuple_element_exprs/3@bbe29bdp.
[2026-10-08 00:42:28] (0s)  >>> Created relation regex_literal_exprs/3@f6ba52vn with 0 rows and digest THIS-RELATION-HAS-NO-TUPLES.
[2026-10-08 00:42:28] (0s) Inferred that Synth::Synth::TTupleElementExpr#a3b34463/2@35a3240s is empty, due to Synth::Synth::TTupleElementExpr#dom#04c5f57e/1@6aad022l.
[2026-10-08 00:42:28] (0s) Inferred that Synth::Synth::TRegexLiteralExpr#dom#ff9f7c93/1@5dcdcdu6 is empty, due to regex_literal_exprs/3@f6ba52vn.
[2026-10-08 00:42:28] (0s) Inferred that Synth::Synth::TRegexLiteralExpr#c000cb56/2@0d0875qo is empty, due to Synth::Synth::TRegexLiteralExpr#dom#ff9f7c93/1@5dcdcdu6.
[2026-10-08 00:42:28] (0s)  >>> Created relation postfix_unary_exprs/1@9838e3hi with 0 rows and digest THIS-RELATION-HAS-NO-TUPLES.
[2026-10-08 00:42:28] (0s) Inferred that Synth::Synth::TPostfixUnaryExpr#e8902ee8/2@fde7c4g2 is empty, due to postfix_unary_exprs/1@9838e3hi.
[2026-10-08 00:42:28] (0s)  >>> Created relation obj_c_selector_exprs/3@c73ea490 with 0 rows and digest THIS-RELATION-HAS-NO-TUPLES.
[2026-10-08 00:42:28] (0s) Inferred that Synth::Synth::TObjCSelectorExpr#dom#0b23ab7f/1@dd97f2dd is empty, due to obj_c_selector_exprs/3@c73ea490.
[2026-10-08 00:42:28] (0s) Inferred that Synth::Synth::TObjCSelectorExpr#444c9092/2@764a162n is empty, due to Synth::Synth::TObjCSelectorExpr#dom#0b23ab7f/1@dd97f2dd.
[2026-10-08 00:42:28] (0s)  >>> Created relation initializer_ref_call_exprs/1@95b49atp with 2 rows and digest cd0ee9ku4td2ui4t0233qpkbal9.
[2026-10-08 00:42:28] (0s)  >>> Created relation dot_syntax_call_exprs/1@daf1179g with 954 rows and digest f31c5d4kfm6pj0d8s0heo3m1650.
[2026-10-08 00:42:28] (0s)  >>> Created relation float_literal_exprs/2@a1fba593 with 177 rows and digest a0841e84r08jscqf5bfch61ge6b.
[2026-10-08 00:42:28] (0s)  >>> Created relation bind_optional_exprs/2@95efc9er with 0 rows and digest THIS-RELATION-HAS-NO-TUPLES.
[2026-10-08 00:42:28] (0s) Inferred that Synth::Synth::TBindOptionalExpr#dom#86999c1e/1@985715fv is empty, due to bind_optional_exprs/2@95efc9er.
[2026-10-08 00:42:28] (0s)  >>> Created relation bridge_to_obj_c_exprs/1@a27ac1e5 with 60 rows and digest 58651097ogt0gl0q26987lppjsc.
[2026-10-08 00:42:28] (0s) Inferred that Synth::Synth::TBindOptionalExpr#e5116af4/2@78433e1e is empty, due to Synth::Synth::TBindOptionalExpr#dom#86999c1e/1@985715fv.
[2026-10-08 00:42:28] (0s)  >>> Created relation unreachable_exprs/1@fada3b5e with 0 rows and digest THIS-RELATION-HAS-NO-TUPLES.
[2026-10-08 00:42:28] (0s)  >>> Created relation prefix_unary_exprs/1@07142a13 with 0 rows and digest THIS-RELATION-HAS-NO-TUPLES.
[2026-10-08 00:42:28] (0s) Inferred that Synth::Synth::TUnreachableExpr#fe41eeea/2@a0239eib is empty, due to unreachable_exprs/1@fada3b5e.
[2026-10-08 00:42:28] (0s) Inferred that Synth::Synth::TPrefixUnaryExpr#16ae17d6/2@6268893l is empty, due to prefix_unary_exprs/1@07142a13.
[2026-10-08 00:42:28] (0s)  >>> Created relation pack_element_exprs/2@641300ar with 0 rows and digest THIS-RELATION-HAS-NO-TUPLES.
[2026-10-08 00:42:28] (0s)  >>> Created relation optional_try_exprs/1@d34684ie with 0 rows and digest THIS-RELATION-HAS-NO-TUPLES.
[2026-10-08 00:42:28] (0s) Inferred that Synth::Synth::TPackElementExpr#dom#fe662a1e/1@a2f1173g is empty, due to pack_element_exprs/2@641300ar.
[2026-10-08 00:42:28] (0s) Inferred that Synth::Synth::TPackElementExpr#a2e17bdb/2@f8d1b18j is empty, due to Synth::Synth::TPackElementExpr#dom#fe662a1e/1@a2f1173g.
[2026-10-08 00:42:28] (0s)  >>> Created relation opaque_value_exprs/1@e324daco with 0 rows and digest THIS-RELATION-HAS-NO-TUPLES.
[2026-10-08 00:42:28] (0s) Inferred that Synth::Synth::TOptionalTryExpr#0f092936/2@ac4ea21f is empty, due to optional_try_exprs/1@d34684ie.
[2026-10-08 00:42:28] (0s) Inferred that Synth::Synth::TOpaqueValueExpr#b4fc1e55/2@6290a802 is empty, due to opaque_value_exprs/1@e324daco.
[2026-10-08 00:42:28] (0s)  >>> Created relation capture_list_exprs/2@8465d9dr with 0 rows and digest THIS-RELATION-HAS-NO-TUPLES.
[2026-10-08 00:42:28] (0s)  >>> Created relation dynamic_type_exprs/2@954d54tr with 0 rows and digest THIS-RELATION-HAS-NO-TUPLES.
[2026-10-08 00:42:28] (0s) Inferred that Synth::Synth::TCaptureListExpr#dom#61e92b79/1@869f39nt is empty, due to capture_list_exprs/2@8465d9dr.
[2026-10-08 00:42:28] (0s) Inferred that Synth::Synth::TDynamicTypeExpr#dom#f7f0b80a/1@2dc8eb5l is empty, due to dynamic_type_exprs/2@954d54tr.
[2026-10-08 00:42:28] (0s) Inferred that Synth::Synth::TCaptureListExpr#4e5ecb1c/2@db9ec8us is empty, due to Synth::Synth::TCaptureListExpr#dom#61e92b79/1@869f39nt.
[2026-10-08 00:42:28] (0s) Inferred that Synth::Synth::TDynamicTypeExpr#16d385bf/2@a24a28vu is empty, due to Synth::Synth::TDynamicTypeExpr#dom#f7f0b80a/1@2dc8eb5l.
[2026-10-08 00:42:28] (0s)  >>> Created relation unsafe_cast_exprs/1@df8aa2e1 with 0 rows and digest THIS-RELATION-HAS-NO-TUPLES.
[2026-10-08 00:42:28] (0s) Inferred that Synth::Synth::TUnsafeCastExpr#e98b616b/2@ce6707qt is empty, due to unsafe_cast_exprs/1@df8aa2e1.
[2026-10-08 00:42:28] (0s)  >>> Created relation key_path_dot_exprs/1@c0ab34k9 with 0 rows and digest THIS-RELATION-HAS-NO-TUPLES.
[2026-10-08 00:42:28] (0s) Inferred that Synth::Synth::TKeyPathDotExpr#ffba864a/2@956e08ge is empty, due to key_path_dot_exprs/1@c0ab34k9.
[2026-10-08 00:42:28] (0s)  >>> Created relation nil_literal_exprs/1@fe15ee7s with 1 rows and digest 49d263kv5f7r28mdcifete1uo15.
[2026-10-08 00:42:28] (0s)  >>> Created relation force_value_exprs/2@a9473f45 with 1 rows and digest ff5a3avlsa710q070mjoh0kvtc4.
[2026-10-08 00:42:28] (0s)  >>> Created relation enum_is_case_exprs/3@2ccaedqg with 0 rows and digest THIS-RELATION-HAS-NO-TUPLES.
[2026-10-08 00:42:28] (0s) Inferred that Synth::Synth::TEnumIsCaseExpr#dom#d64c7717/1@493214l0 is empty, due to enum_is_case_exprs/3@2ccaedqg.
[2026-10-08 00:42:28] (0s) Inferred that Synth::Synth::TEnumIsCaseExpr#3123b215/2@934f44np is empty, due to Synth::Synth::TEnumIsCaseExpr#dom#d64c7717/1@493214l0.
[2026-10-08 00:42:28] (0s)  >>> Created relation dictionary_exprs/1@f3ebce9r with 0 rows and digest THIS-RELATION-HAS-NO-TUPLES.
[2026-10-08 00:42:28] (0s) Inferred that Synth::Synth::TDictionaryExpr#0a7110a3/2@48fe877k is empty, due to dictionary_exprs/1@f3ebce9r.
[2026-10-08 00:42:28] (0s)  >>> Created relation type_value_exprs/2@9fc1d2ir with 0 rows and digest THIS-RELATION-HAS-NO-TUPLES.
[2026-10-08 00:42:28] (0s) Inferred that Synth::Synth::TTypeValueExpr#dom#6d54a5db/1@b5973ccr is empty, due to type_value_exprs/2@9fc1d2ir.
[2026-10-08 00:42:28] (0s) Inferred that type_value_exprs_10#join_rhs/2@60af001c is empty, due to type_value_exprs/2@9fc1d2ir.
[2026-10-08 00:42:28] (0s) Inferred that Synth::Synth::TTypeValueExpr#c5cf603d/2@3071897h is empty, due to Synth::Synth::TTypeValueExpr#dom#6d54a5db/1@b5973ccr.
[2026-10-08 00:42:28] (0s)  >>> Created relation subscript_exprs/1@02ff71d2 with 1 rows and digest bb03701sbjd2s8m0lef93kal8q3.
[2026-10-08 00:42:28] (0s)  >>> Created relation member_ref_exprs/1@4c9274am with 1389 rows and digest ddc5ebkkc1ijanhu89as39n77j7.
[2026-10-08 00:42:28] (0s)  >>> Created relation sequence_exprs/1@a956c5rt with 0 rows and digest THIS-RELATION-HAS-NO-TUPLES.
[2026-10-08 00:42:28] (0s)  >>> Created relation super_ref_exprs/2@20d7a3jt with 0 rows and digest THIS-RELATION-HAS-NO-TUPLES.
[2026-10-08 00:42:28] (0s) Inferred that Synth::Synth::TSequenceExpr#32ecc61a/2@0c33fdr8 is empty, due to sequence_exprs/1@a956c5rt.
[2026-10-08 00:42:28] (0s) Inferred that Synth::Synth::TSuperRefExpr#dom#9b32a428/1@2920cb6e is empty, due to super_ref_exprs/2@20d7a3jt.
[2026-10-08 00:42:28] (0s) Inferred that Synth::Synth::TSuperRefExpr#4d1b7b74/2@36ff12jv is empty, due to Synth::Synth::TSuperRefExpr#dom#9b32a428/1@2920cb6e.
[2026-10-08 00:42:28] (0s)  >>> Created relation force_try_exprs/1@4611e2km with 0 rows and digest THIS-RELATION-HAS-NO-TUPLES.
[2026-10-08 00:42:28] (0s) Inferred that Synth::Synth::TForceTryExpr#aca35586/2@e53657sf is empty, due to force_try_exprs/1@4611e2km.
[2026-10-08 00:42:28] (0s)  >>> Created relation dot_self_exprs/1@653864gd with 0 rows and digest THIS-RELATION-HAS-NO-TUPLES.
[2026-10-08 00:42:28] (0s) Inferred that Synth::Synth::TDotSelfExpr#2af432ab/2@a4e80dmu is empty, due to dot_self_exprs/1@653864gd.
[2026-10-08 00:42:28] (0s)  >>> Created relation erasure_exprs/1@c21dccqk with 3 rows and digest 380bddjhflgrbrs7m76v45k5nie.
[2026-10-08 00:42:28] (0s)  >>> Created relation consume_exprs/2@f4f2c8fj with 0 rows and digest THIS-RELATION-HAS-NO-TUPLES.
[2026-10-08 00:42:28] (0s) Inferred that Synth::Synth::TConsumeExpr#dom#12a1798b/1@af89d93r is empty, due to consume_exprs/2@f4f2c8fj.
[2026-10-08 00:42:28] (0s)  >>> Created relation decl_ref_exprs/2@044852ho with 12231 rows and digest 88857bve8369karsbh1dpag1cka.
[2026-10-08 00:42:28] (0s) Inferred that Synth::Synth::TConsumeExpr#6debb2d8/2@463941f7 is empty, due to Synth::Synth::TConsumeExpr#dom#12a1798b/1@af89d93r.
[2026-10-08 00:42:28] (0s)  >>> Created relation unsafe_exprs/1@3e173fgn with 0 rows and digest THIS-RELATION-HAS-NO-TUPLES.
[2026-10-08 00:42:28] (0s) Inferred that Synth::Synth::TUnsafeExpr#5c199287/2@da0630gm is empty, due to unsafe_exprs/1@3e173fgn.
[2026-10-08 00:42:28] (0s)  >>> Created relation borrow_exprs/1@adb248gb with 0 rows and digest THIS-RELATION-HAS-NO-TUPLES.
[2026-10-08 00:42:28] (0s) Inferred that Synth::Synth::TBorrowExpr#0b4a36c6/2@696488hf is empty, due to borrow_exprs/1@adb248gb.
[2026-10-08 00:42:28] (0s)  >>> Created relation coerce_exprs/1@dc6ecf2o with 98 rows and digest b8bff0ig4j1tvaqj7qi0s1p2jv7.
[2026-10-08 00:42:28] (0s)  >>> Created relation tuple_exprs/1@1d1af5p2 with 0 rows and digest THIS-RELATION-HAS-NO-TUPLES.
[2026-10-08 00:42:28] (0s) Inferred that Synth::Synth::TTupleExpr#29bd1b0a/2@273806dn is empty, due to tuple_exprs/1@1d1af5p2.
[2026-10-08 00:42:28] (0s)  >>> Created relation paren_exprs/1@2eb093n3 with 0 rows and digest THIS-RELATION-HAS-NO-TUPLES.
[2026-10-08 00:42:28] (0s) Inferred that Synth::Synth::TParenExpr#81d40ae0/2@3db4e1r0 is empty, due to paren_exprs/1@2eb093n3.
[2026-10-08 00:42:28] (0s)  >>> Created relation assign_exprs/3@960809f0 with 3098 rows and digest 62e5e8q6ocosu613ahe20deul90.
[2026-10-08 00:42:28] (0s)  >>> Created relation error_exprs/1@5fda9f7m with 0 rows and digest THIS-RELATION-HAS-NO-TUPLES.
[2026-10-08 00:42:28] (0s)  >>> Created relation await_exprs/1@f36557u8 with 0 rows and digest THIS-RELATION-HAS-NO-TUPLES.
[2026-10-08 00:42:28] (0s) Inferred that Synth::Synth::TErrorExpr#cc07fd89/2@d5839dda is empty, due to error_exprs/1@5fda9f7m.
[2026-10-08 00:42:28] (0s) Inferred that Synth::Synth::TAwaitExpr#6204bb36/2@8a8550fi is empty, due to await_exprs/1@f36557u8.
[2026-10-08 00:42:28] (0s)  >>> Created relation array_exprs/1@0196403p with 1 rows and digest 0d4abfnhl95smd4m86ha0km9muc.
[2026-10-08 00:42:28] (0s)  >>> Created relation load_exprs/1@aa57717d with 0 rows and digest THIS-RELATION-HAS-NO-TUPLES.
[2026-10-08 00:42:28] (0s) Inferred that Synth::Synth::TLoadExpr#f2bc71da/2@a69d6agb is empty, due to load_exprs/1@aa57717d.
[2026-10-08 00:42:28] (0s)  >>> Created relation copy_exprs/2@20efa1l8 with 0 rows and digest THIS-RELATION-HAS-NO-TUPLES.
[2026-10-08 00:42:28] (0s) Inferred that Synth::Synth::TCopyExpr#dom#ad1c5d90/1@25a4e8lj is empty, due to copy_exprs/2@20efa1l8.
[2026-10-08 00:42:28] (0s) Inferred that Synth::Synth::TCopyExpr#df1dd922/2@4313dc60 is empty, due to Synth::Synth::TCopyExpr#dom#ad1c5d90/1@25a4e8lj.
[2026-10-08 00:42:28] (0s)  >>> Created relation type_exprs/1@8165a10t with 954 rows and digest 3330d2eh5s364hhto0r4ostitm4.
[2026-10-08 00:42:28] (0s)  >>> Created relation call_exprs/1@7aa0564n with 5166 rows and digest dfd3560nrb19t6mc7v9t1obt1mc.
[2026-10-08 00:42:28] (0s)  >>> Created relation tap_exprs/3@dc14533g with 0 rows and digest THIS-RELATION-HAS-NO-TUPLES.
[2026-10-08 00:42:28] (0s) Inferred that Synth::Synth::TTapExpr#dom#c84cc1ad/1@af1131ua is empty, due to tap_exprs/3@dc14533g.
[2026-10-08 00:42:28] (0s) Inferred that Synth::Synth::TTapExpr#846ec96a/2@2915f2j1 is empty, due to Synth::Synth::TTapExpr#dom#c84cc1ad/1@af1131ua.
[2026-10-08 00:42:28] (0s)  >>> Created relation is_exprs/1@fa7ea08l with 0 rows and digest THIS-RELATION-HAS-NO-TUPLES.
[2026-10-08 00:42:28] (0s) Inferred that Synth::Synth::TIsExpr#e5607cdc/2@97b45e6k is empty, due to is_exprs/1@fa7ea08l.
[2026-10-08 00:42:28] (0s)  >>> Created relation try_exprs/1@8ccefduj with 1 rows and digest 9a4f5ejqtj7f2jgashkst2vf8l8.
[2026-10-08 00:42:28] (0s)  >>> Created relation if_exprs/4@e1374dbd with 0 rows and digest THIS-RELATION-HAS-NO-TUPLES.
[2026-10-08 00:42:28] (0s) Inferred that Synth::Synth::TIfExpr#dom#86a1020d/1@c9294dva is empty, due to if_exprs/4@e1374dbd.
[2026-10-08 00:42:28] (0s) Inferred that Synth::Synth::TIfExpr#0dd62e70/2@d4fd81uj is empty, due to Synth::Synth::TIfExpr#dom#86a1020d/1@c9294dva.
[2026-10-08 00:42:28] (0s)  >>> Created relation explicit_closure_exprs/1@f984e06m with 0 rows and digest THIS-RELATION-HAS-NO-TUPLES.
[2026-10-08 00:42:28] (0s) Inferred that Synth::Synth::TExplicitClosureExpr#5e87f25d/2@1b96a516 is empty, due to explicit_closure_exprs/1@f984e06m.
[2026-10-08 00:42:28] (0s)  >>> Created relation binary_exprs/1@6eace97g with 1 rows and digest c3d1b53jqimagekt38v6sf3m0v7.
[2026-10-08 00:42:28] (0s)  >>> Created relation key_path_exprs/1@9f557bia with 0 rows and digest THIS-RELATION-HAS-NO-TUPLES.
[2026-10-08 00:42:28] (0s) Inferred that Synth::Synth::TKeyPathExpr#d2a0a362/2@af9011ph is empty, due to key_path_exprs/1@9f557bia.
[2026-10-08 00:42:28] (0s)  >>> Created relation auto_closure_exprs/1@0f81fdrn with 1 rows and digest 0ca42dv0c4uff7cbktr4i7momlc.
[2026-10-08 00:42:28] (0s) Starting to evaluate predicate Synth::Synth::convertTypeDeclToRaw/1#114006c7#fb_10#join_rhs/2@176454cl
[2026-10-08 00:42:28] (0s)  >>> Created relation Synth::Synth::convertTypeDeclToRaw/1#114006c7#fb_10#join_rhs/2@176454cl with 15794 rows and digest 3a68d94a4b2qlu2eu7lc8pmb2c8.
[2026-10-08 00:42:28] (0s) Starting to evaluate predicate Synth::Synth::convertDeclToRaw/1#b63039ab#fb/2@94cf32hh
[2026-10-08 00:42:28] (0s) Starting to evaluate predicate Raw::Raw::Expr#8a3b61a4#b/1@7898346a
[2026-10-08 00:42:28] (0s)  >>> Created relation Raw::Raw::Expr#8a3b61a4#b/1@7898346a with 7086 rows and digest 753732lfvns29uvupbe8ndr0cc1.
[2026-10-08 00:42:28] (0s) Starting to evaluate predicate Raw::Raw::ApplyExpr.getFunction/0#dispred#bd9824c5/2@d7c6aeqd
[2026-10-08 00:42:28] (0s)  >>> Created relation Raw::Raw::ApplyExpr.getFunction/0#dispred#bd9824c5/2@d7c6aeqd with 6123 rows and digest 2f92c7mp32s4lu5fcb7rldlp984.
[2026-10-08 00:42:28] (0s) Starting to evaluate predicate m#Synth::Synth::convertApplyExprToRaw/1#55467ecc#fb/1@7a927f5f
[2026-10-08 00:42:28] (0s)  >>> Created relation m#Synth::Synth::convertApplyExprToRaw/1#55467ecc#fb/1@7a927f5f with 56930 rows and digest 2c1227c5mm2p7f947aij1ph79k2.
[2026-10-08 00:42:28] (0s) Starting to evaluate predicate Synth::Synth::convertApplyExprToRaw/1#55467ecc#fb/2@e631793n
[2026-10-08 00:42:28] (0s)  >>> Created relation Synth::Synth::convertApplyExprToRaw/1#55467ecc#fb/2@e631793n with 5167 rows and digest 5c734evdr3scqksguvu6g6dpqke.
[2026-10-08 00:42:28] (0s) Starting to evaluate predicate Synth::Synth::convertApplyExprToRaw/1#55467ecc#fb_10#join_rhs/2@eda261re
[2026-10-08 00:42:28] (0s)  >>> Created relation Synth::Synth::convertApplyExprToRaw/1#55467ecc#fb_10#join_rhs/2@eda261re with 5167 rows and digest 0fa967egsea9iecupt7llpavqd8.
[2026-10-08 00:42:28] (0s) Starting to evaluate predicate Synth::Synth::convertCallableToRaw/1#52a2f9a1#fb/2@f0efdd15
[2026-10-08 00:42:28] (0s)  >>> Created relation Synth::Synth::convertCallableToRaw/1#52a2f9a1#fb/2@f0efdd15 with 57256 rows and digest ea339etfic6vl644mpv23t6q7e4.
[2026-10-08 00:42:28] (0s) Starting to evaluate predicate Synth::Synth::convertCallableToRaw/1#52a2f9a1#fb_10#join_rhs/2@d21e1c6d
[2026-10-08 00:42:28] (0s)  >>> Created relation Synth::Synth::convertCallableToRaw/1#52a2f9a1#fb_10#join_rhs/2@d21e1c6d with 57256 rows and digest fda231ib5goe3lkp6tq20j9q8pa.
[2026-10-08 00:42:28] (0s)  >>> Created relation Synth::Synth::convertDeclToRaw/1#b63039ab#fb/2@94cf32hh with 209213 rows and digest b09548iritmpkj9irhubgu9gc3a.
[2026-10-08 00:42:28] (0s) Starting to evaluate predicate Synth::Synth::convertDeclToRaw/1#b63039ab#fb_10#join_rhs/2@0cdb6c4n
[2026-10-08 00:42:28] (0s)  >>> Created relation Synth::Synth::convertDeclToRaw/1#b63039ab#fb_10#join_rhs/2@0cdb6c4n with 209213 rows and digest 8154cbkdr5dcm1pbgpsucouk3k9.
[2026-10-08 00:42:28] (0s) Starting to evaluate predicate Synth::Synth::convertLocatableToRaw/1#dd9193a3#fb/2@ef9b21ve
[2026-10-08 00:42:28] (0s)  >>> Created relation Synth::Synth::convertLocatableToRaw/1#dd9193a3#fb/2@ef9b21ve with 50815 rows and digest d80b06pi35j4olfd2pgeiqqpv55.
[2026-10-08 00:42:28] (0s) Starting to evaluate predicate Synth::Synth::convertLocatableToRaw/1#dd9193a3#fb_10#join_rhs/2@7e1c83hf
[2026-10-08 00:42:28] (0s)  >>> Created relation Synth::Synth::convertLocatableToRaw/1#dd9193a3#fb_10#join_rhs/2@7e1c83hf with 50815 rows and digest 91545fidqq69tfh33r9gdsag2n2.
[2026-10-08 00:42:28] (0s) Starting to evaluate predicate Locatable::Generated::Locatable.getLocation/0#7854be4c/2@81d190if
[2026-10-08 00:42:28] (0s)  >>> Created relation Locatable::Generated::Locatable.getLocation/0#7854be4c/2@81d190if with 50815 rows and digest 583fecul92risilht4hi7t2v670.
[2026-10-08 00:42:28] (0s) Starting to evaluate predicate Locatable::Generated::Locatable.getLocation/0#7854be4c_0#antijoin_rhs/1@87482dbs
[2026-10-08 00:42:28] (0s)  >>> Created relation Locatable::Generated::Locatable.getLocation/0#7854be4c_0#antijoin_rhs/1@87482dbs with 50815 rows and digest 744f806s9thm9hu931idgrtmmd2.
[2026-10-08 00:42:28] (0s) Starting to evaluate predicate Locatable::Locatable.getLocation/0#bd902d56/2@1627c9ie
[2026-10-08 00:42:28] (0s)  >>> Created relation Locatable::Locatable.getLocation/0#bd902d56/2@1627c9ie with 62423 rows and digest 249a72kvcbtn9ref8eb2bl6ilka.
[2026-10-08 00:42:28] (0s)  >>> Created relation locations/6@c9367cqk with 37880 rows and digest e8c492eafrct9uu3k3j7i05pud0.
[2026-10-08 00:42:28] (0s) Starting to evaluate predicate Location::Generated::Location.getStartLine/0#dispred#1b318da1/2@9ff0d6fe
[2026-10-08 00:42:28] (0s)  >>> Created relation Location::Generated::Location.getStartLine/0#dispred#1b318da1/2@9ff0d6fe with 37881 rows and digest 52d9b8msdtjrglftt37ptp2l630.
[2026-10-08 00:42:28] (0s)  >>> Created relation m#Synth::Synth::convertExprFromRaw/1#05c84b4a#bf/1@f78d2b04 with 7086 rows and digest 753732lfvns29uvupbe8ndr0cc1.
[2026-10-08 00:42:28] (0s) Starting to evaluate predicate Synth::Synth::convertExprFromRaw/1#05c84b4a#bf/2@8bb18722
[2026-10-08 00:42:28] (0s)  >>> Created relation Synth::Synth::convertExprFromRaw/1#05c84b4a#bf/2@8bb18722 with 7086 rows and digest 059dbdar6f4sq3lib27rm6bet3d.
[2026-10-08 00:42:28] (0s) Starting to evaluate predicate Expr::Expr.getResolveStep/0#dispred#318c6ca3/2@f0d6dfop
[2026-10-08 00:42:28] (0s)  >>> Created relation Expr::Expr.getResolveStep/0#dispred#318c6ca3/2@f0d6dfop with 963 rows and digest 1db070hg4jb7vica83ub86l3995.
[2026-10-08 00:42:28] (0s) Starting to evaluate predicate Expr::Expr.getResolveStep/0#dispred#318c6ca3_0#antijoin_rhs/1@500d32pb
[2026-10-08 00:42:28] (0s)  >>> Created relation Expr::Expr.getResolveStep/0#dispred#318c6ca3_0#antijoin_rhs/1@500d32pb with 963 rows and digest f587162615746s73ur6ht5stkgc.
[2026-10-08 00:42:28] (0s) Starting to evaluate predicate _Expr::Expr.getResolveStep/0#dispred#318c6ca3_0#antijoin_rhs_Raw::Raw::ApplyExpr.getFunction/0#dispr__#shared/2@175483it
[2026-10-08 00:42:28] (0s)  >>> Created relation _Expr::Expr.getResolveStep/0#dispred#318c6ca3_0#antijoin_rhs_Raw::Raw::ApplyExpr.getFunction/0#dispr__#shared/2@175483it with 5167 rows and digest d9f9dbgrcciqr30oamrndd8ggbc.
[2026-10-08 00:42:28] (0s)  >>> Created relation paren_patterns/2@a0ac061b with 0 rows and digest THIS-RELATION-HAS-NO-TUPLES.
[2026-10-08 00:42:28] (0s) Inferred that Synth::Synth::TParenPattern#dom#86c804bb/1@c00f4201 is empty, due to paren_patterns/2@a0ac061b.
[2026-10-08 00:42:28] (0s) Inferred that Synth::Synth::TParenPattern#14396679/2@204e6cs5 is empty, due to Synth::Synth::TParenPattern#dom#86c804bb/1@c00f4201.
[2026-10-08 00:42:28] (0s)  >>> Created relation binding_patterns/2@5bca7dc6 with 1 rows and digest fb8418mrjpj0929fcgsitrpn37e.
[2026-10-08 00:42:28] (0s)  >>> Created relation l_value_types/2@2fbd1c4m with 2097 rows and digest 7d8217cc9sh5aashaf46rjt6bhc.
[2026-10-08 00:42:28] (0s) Starting to evaluate predicate m#Raw::Raw::Pattern#6d63e72f#b/1@dd7738fo
[2026-10-08 00:42:28] (0s)  >>> Created relation m#Raw::Raw::Pattern#6d63e72f#b/1@dd7738fo with 1 rows and digest 7394c7urhfj5j1qt2s04nd1l9b9.
[2026-10-08 00:42:28] (0s)  >>> Created relation dynamic_self_types/2@f41a11fv with 174 rows and digest a4ad2fj2ggag2uca8kebgk4rpv4.
[2026-10-08 00:42:28] (0s)  >>> Created relation enum_element_patterns/2@2390d7pb with 0 rows and digest THIS-RELATION-HAS-NO-TUPLES.
[2026-10-08 00:42:28] (0s) Inferred that Synth::Synth::TEnumElementPattern#dom#3346e895/1@67a744s6 is empty, due to enum_element_patterns/2@2390d7pb.
[2026-10-08 00:42:28] (0s) Inferred that Synth::Synth::TEnumElementPattern#7a6a0f73/2@52c9fc2f is empty, due to Synth::Synth::TEnumElementPattern#dom#3346e895/1@67a744s6.
[2026-10-08 00:42:28] (0s)  >>> Created relation optional_some_patterns/2@c4fbfalg with 1 rows and digest da8596vg44vmsc5kthil7j0mu84.
[2026-10-08 00:42:28] (0s)  >>> Created relation tuple_patterns/1@05b97ee3 with 0 rows and digest THIS-RELATION-HAS-NO-TUPLES.
[2026-10-08 00:42:28] (0s) Inferred that Synth::Synth::TTuplePattern#ec85277c/2@7ffe7fni is empty, due to tuple_patterns/1@05b97ee3.
[2026-10-08 00:42:28] (0s)  >>> Created relation named_patterns/2@ce020479 with 8079 rows and digest db539eocg7ureorkkpboiv1etld.
[2026-10-08 00:42:28] (0s)  >>> Created relation expr_patterns/2@82bc10te with 0 rows and digest THIS-RELATION-HAS-NO-TUPLES.
[2026-10-08 00:42:28] (0s)  >>> Created relation typed_patterns/2@f03bf38j with 7953 rows and digest 2928e6hqad6i4plidhhc26ltl4f.
[2026-10-08 00:42:28] (0s) Inferred that Synth::Synth::TExprPattern#dom#f624a6d3/1@8f3047kq is empty, due to expr_patterns/2@82bc10te.
[2026-10-08 00:42:28] (0s) Inferred that Synth::Synth::TExprPattern#64b09386/2@9b42e6rn is empty, due to Synth::Synth::TExprPattern#dom#f624a6d3/1@8f3047kq.
[2026-10-08 00:42:28] (0s)  >>> Created relation bool_patterns/2@0135cdos with 0 rows and digest THIS-RELATION-HAS-NO-TUPLES.
[2026-10-08 00:42:28] (0s) Inferred that Synth::Synth::TBoolPattern#dom#95cbf12b/1@cebff2nl is empty, due to bool_patterns/2@0135cdos.
[2026-10-08 00:42:28] (0s)  >>> Created relation any_patterns/1@41ae966u with 0 rows and digest THIS-RELATION-HAS-NO-TUPLES.
[2026-10-08 00:42:28] (0s) Inferred that Synth::Synth::TBoolPattern#65decc27/2@3c21237o is empty, due to Synth::Synth::TBoolPattern#dom#95cbf12b/1@cebff2nl.
[2026-10-08 00:42:28] (0s) Inferred that Synth::Synth::TAnyPattern#871f9d50/2@5fc785cv is empty, due to any_patterns/1@41ae966u.
[2026-10-08 00:42:28] (0s)  >>> Created relation is_patterns/1@0e7c7624 with 0 rows and digest THIS-RELATION-HAS-NO-TUPLES.
[2026-10-08 00:42:28] (0s) Inferred that Synth::Synth::TIsPattern#95458e89/2@3f492809 is empty, due to is_patterns/1@0e7c7624.
[2026-10-08 00:42:28] (0s) Starting to evaluate predicate Synth::Synth::convertPatternFromRaw/1#aac7661b#bf/2@5bba58ql
[2026-10-08 00:42:28] (0s)  >>> Created relation Synth::Synth::convertPatternFromRaw/1#aac7661b#bf/2@5bba58ql with 1 rows and digest dfb36cs5jvs6ub02gdm333mlti6.
[2026-10-08 00:42:28] (0s) Starting to evaluate predicate Raw::Raw::Pattern#6d63e72f#b/1@6bc107u4
[2026-10-08 00:42:28] (0s) Starting to evaluate predicate m#Raw::Raw::Type#99a362c7#b/1@0aaf14me
[2026-10-08 00:42:28] (0s)  >>> Created relation m#Raw::Raw::Type#99a362c7#b/1@0aaf14me with 2270 rows and digest cf46739j2dht8t98bkn8lo9d72a.
[2026-10-08 00:42:28] (0s)  >>> Created relation Raw::Raw::Pattern#6d63e72f#b/1@6bc107u4 with 1 rows and digest 7394c7urhfj5j1qt2s04nd1l9b9.
[2026-10-08 00:42:28] (0s)  >>> Created relation builtin_default_actor_storage_types/1@24e6f7pm with 0 rows and digest THIS-RELATION-HAS-NO-TUPLES.
[2026-10-08 00:42:28] (0s) Inferred that Synth::Synth::TBuiltinDefaultActorStorageType#2f47b651/2@5ede2agf is empty, due to builtin_default_actor_storage_types/1@24e6f7pm.
[2026-10-08 00:42:28] (0s)  >>> Created relation builtin_raw_unsafe_continuation_types/1@98a12cpb with 1 rows and digest 86fe137o0ge5jqaaktfa2701533.
[2026-10-08 00:42:28] (0s)  >>> Created relation builtin_integer_literal_types/1@1a4dd7ae with 1 rows and digest 486c0edce3rlfievl2svpku11se.
[2026-10-08 00:42:28] (0s)  >>> Created relation existential_archetype_types/1@1d5c55i4 with 0 rows and digest THIS-RELATION-HAS-NO-TUPLES.
[2026-10-08 00:42:28] (0s) Inferred that Synth::Synth::TExistentialArchetypeType#781535e4/2@7718072n is empty, due to existential_archetype_types/1@1d5c55i4.
[2026-10-08 00:42:28] (0s)  >>> Created relation builtin_unsafe_value_buffer_types/1@2ecbba40 with 1 rows and digest b06ffclc3epi2slsic6sl3a3as0.
[2026-10-08 00:42:28] (0s)  >>> Created relation builtin_native_object_types/1@c55a64a9 with 1 rows and digest 78266a26dcpg1ta6r6at56no7n8.
[2026-10-08 00:42:28] (0s)  >>> Created relation protocol_composition_types/1@98599a48 with 160 rows and digest 58335fa2q17j94tk9qga986024f.
[2026-10-08 00:42:28] (0s)  >>> Created relation builtin_bridge_object_types/1@2898e96d with 1 rows and digest 7e923ea2f66a5i15mmvkl28gc08.
[2026-10-08 00:42:28] (0s)  >>> Created relation existential_metatype_types/1@57632du2 with 7 rows and digest c077908i38egfh786jjg9nu48aa.
[2026-10-08 00:42:28] (0s)  >>> Created relation builtin_raw_pointer_types/1@ef6ba990 with 1 rows and digest 3a61943rvhtf6ftiq73i0oe3l6e.
[2026-10-08 00:42:28] (0s)  >>> Created relation bound_generic_struct_types/1@e0240e3l with 5416 rows and digest 0758c5vhsednukq27fnlaaef2b0.
[2026-10-08 00:42:28] (0s)  >>> Created relation bound_generic_class_types/1@8867efmr with 744 rows and digest cf3050qhqtmmt1v1c6v5jallptc.
[2026-10-08 00:42:28] (0s)  >>> Created relation bound_generic_enum_types/1@65647a4c with 2349 rows and digest e48511j2at2bpe9fdekcudnn9a3.
[2026-10-08 00:42:28] (0s)  >>> Created relation generic_type_param_types/1@ae3c4c0u with 6523 rows and digest 1632f3so0qfodkka0oermbl0ds6.
[2026-10-08 00:42:28] (0s)  >>> Created relation variadic_sequence_types/1@92c9e3i9 with 51 rows and digest 1e90d5l4116491pksjsgppl34me.
[2026-10-08 00:42:28] (0s)  >>> Created relation primary_archetype_types/1@01dc368i with 4351 rows and digest 2d39dbl5ror7o4jvr8mn84g86l0.
[2026-10-08 00:42:28] (0s)  >>> Created relation element_archetype_types/1@a0755c61 with 0 rows and digest THIS-RELATION-HAS-NO-TUPLES.
[2026-10-08 00:42:28] (0s) Inferred that Synth::Synth::TElementArchetypeType#b3949d06/2@2ba9capv is empty, due to element_archetype_types/1@a0755c61.
[2026-10-08 00:42:28] (0s)  >>> Created relation unmanaged_storage_types/1@a9ab636l with 34 rows and digest 1f901ftgatmn9ar74sp2iagptgb.
[2026-10-08 00:42:28] (0s)  >>> Created relation generic_function_types/1@b96860oe with 18572 rows and digest b51bf1uh43feeojqshjhlpfobac.
[2026-10-08 00:42:28] (0s)  >>> Created relation unowned_storage_types/1@791945ke with 0 rows and digest THIS-RELATION-HAS-NO-TUPLES.
[2026-10-08 00:42:28] (0s) Inferred that Synth::Synth::TUnownedStorageType#05dc6da5/2@30f6e8qd is empty, due to unowned_storage_types/1@791945ke.
[2026-10-08 00:42:28] (0s)  >>> Created relation builtin_executor_types/1@00d4f3op with 1 rows and digest 9e45483f3jl4inorll55lutdmr7.
[2026-10-08 00:42:28] (0s)  >>> Created relation unbound_generic_types/1@e87275ec with 355 rows and digest baeb32kmtcet1pviub8ckfh9jq5.
[2026-10-08 00:42:28] (0s)  >>> Created relation builtin_integer_types/1@a2dc83r1 with 7 rows and digest 208e3a3hphlkdp1r15t8dmd04te.
[2026-10-08 00:42:28] (0s)  >>> Created relation builtin_vector_types/1@dffe330f with 42 rows and digest a8f6a9lh4mjulksbotaudqhkjc9.
[2026-10-08 00:42:28] (0s)  >>> Created relation pack_archetype_types/1@8981fff5 with 28 rows and digest 920a71lbltv84c1n213epdamo27.
[2026-10-08 00:42:28] (0s)  >>> Created relation builtin_float_types/1@94a3dbpt with 3 rows and digest f7896eok1199ueilf64ei6rk40f.
[2026-10-08 00:42:28] (0s)  >>> Created relation builtin_job_types/1@1777e98p with 1 rows and digest 1b9bcba5ugbfln44192lrrosk65.
[2026-10-08 00:42:28] (0s)  >>> Created relation weak_storage_types/1@fa44253k with 4 rows and digest e3c62bmer9al2fu51nomfbi0s4a.
[2026-10-08 00:42:28] (0s)  >>> Created relation unresolved_types/1@27485drk with 0 rows and digest THIS-RELATION-HAS-NO-TUPLES.
[2026-10-08 00:42:28] (0s) Inferred that Synth::Synth::TUnresolvedType#a38a5b5d/2@559561hd is empty, due to unresolved_types/1@27485drk.
[2026-10-08 00:42:28] (0s)  >>> Created relation array_slice_types/1@24c2c35o with 207 rows and digest 26cbaa8m96741ci396mro99dhq1.
[2026-10-08 00:42:28] (0s)  >>> Created relation protocol_types/1@dddde92o with 268 rows and digest 8ae869u17ofo7qus6eqcbg44fla.
[2026-10-08 00:42:28] (0s)  >>> Created relation optional_types/1@b3d3beu9 with 2908 rows and digest 8e7eb9n67nbh7kabsvjjp04us4d.
[2026-10-08 00:42:28] (0s)  >>> Created relation metatype_types/1@431c6c4c with 16985 rows and digest 45b223dte78g1qjcakl9ieeo281.
[2026-10-08 00:42:28] (0s)  >>> Created relation struct_types/1@5f78eaeh with 3141 rows and digest c8defdsbovgpthunq0nfrehl3me.
[2026-10-08 00:42:28] (0s)  >>> Created relation function_types/1@d9cc069f with 64157 rows and digest 8455313rsejuh4jln9iamkirrg5.
[2026-10-08 00:42:28] (0s)  >>> Created relation tuple_types/1@96c73dpa with 771 rows and digest fe52c4m3gopu8th320nhneq1308.
[2026-10-08 00:42:28] (0s)  >>> Created relation class_types/1@233f26ck with 502 rows and digest 1b235fivgppbnora5f9tt3opmsd.
[2026-10-08 00:42:28] (0s)  >>> Created relation error_types/1@79ece05l with 5 rows and digest f162779ctm66op098khgqfepbj8.
[2026-10-08 00:42:28] (0s)  >>> Created relation pack_types/1@120d7905 with 31 rows and digest 84a0fd2e5ghmhjsgtvvvn90tlnd.
[2026-10-08 00:42:28] (0s)  >>> Created relation type_alias_types/2@f55067id with 4502 rows and digest 64f39fq8p1f9bg1jluj7elsnq30.
[2026-10-08 00:42:28] (0s)  >>> Created relation enum_types/1@51cf840s with 511 rows and digest ec2d60l5g034emoh1lpecvlg4ed.
[2026-10-08 00:42:28] (0s)  >>> Created relation paren_types/2@9a024eq1 with 0 rows and digest THIS-RELATION-HAS-NO-TUPLES.
[2026-10-08 00:42:28] (0s) Inferred that Synth::Synth::TParenType#dom#7f7c5909/1@1c4701ph is empty, due to paren_types/2@9a024eq1.
[2026-10-08 00:42:28] (0s) Inferred that Synth::Synth::TParenType#da175b47/2@a974dccv is empty, due to Synth::Synth::TParenType#dom#7f7c5909/1@1c4701ph.
[2026-10-08 00:42:28] (0s)  >>> Created relation pack_expansion_types/3@25cc722j with 80 rows and digest 1396bfb46thi5ie1p6mbhlmcok4.
[2026-10-08 00:42:28] (0s)  >>> Created relation pack_element_types/2@a07d91jr with 0 rows and digest THIS-RELATION-HAS-NO-TUPLES.
[2026-10-08 00:42:28] (0s) Inferred that Synth::Synth::TPackElementType#dom#8300a567/1@2d9c02eu is empty, due to pack_element_types/2@a07d91jr.
[2026-10-08 00:42:28] (0s) Inferred that Synth::Synth::TPackElementType#f174a347/2@a8ecdc5p is empty, due to Synth::Synth::TPackElementType#dom#8300a567/1@2d9c02eu.
[2026-10-08 00:42:28] (0s)  >>> Created relation parameterized_protocol_types/2@eb1aedht with 26 rows and digest 461ab6g3obn5rv5mbdoh1ce8klf.
[2026-10-08 00:42:28] (0s)  >>> Created relation opaque_type_archetype_types/2@283669du with 17 rows and digest 14c0a0pp3ulngq7pinvuo3ull50.
[2026-10-08 00:42:28] (0s)  >>> Created relation integer_types/2@14d1d232 with 6 rows and digest a830edk949c0lnu44ggtei3ha65.
[2026-10-08 00:42:28] (0s)  >>> Created relation module_types/2@4eb60aun with 965 rows and digest 01c20b17me6psi2u9vijpub92k6.
[2026-10-08 00:42:28] (0s)  >>> Created relation inline_array_types/3@fda0d158 with 0 rows and digest THIS-RELATION-HAS-NO-TUPLES.
[2026-10-08 00:42:28] (0s) Inferred that Synth::Synth::TInlineArrayType#dom#99d857a5/1@a12ff1un is empty, due to inline_array_types/3@fda0d158.
[2026-10-08 00:42:28] (0s) Inferred that Synth::Synth::TInlineArrayType#f9d546ec/2@8945cdht is empty, due to Synth::Synth::TInlineArrayType#dom#99d857a5/1@a12ff1un.
[2026-10-08 00:42:28] (0s)  >>> Created relation existential_types/2@e4a9b146 with 250 rows and digest 8b88fcqe32uqs006jt1ap8g5cu0.
[2026-10-08 00:42:28] (0s)  >>> Created relation in_out_types/2@88dbdau9 with 73 rows and digest baa5e5t9k2r0g56fkgqdj6mpv09.
[2026-10-08 00:42:28] (0s)  >>> Created relation dictionary_types/3@78f26d3l with 50 rows and digest 17226bqtugrpq716r9h9qe5bi9b.
[2026-10-08 00:42:28] (0s)  >>> Created relation builtin_fixed_array_types/3@bf390dm0 with 3 rows and digest d32f8dacer8vfcpna3h0t465uo2.
[2026-10-08 00:42:28] (0s)  >>> Created relation dependent_member_types/3@edddc3an with 2439 rows and digest 05cca6gcaj91aijhbdb5flnmvo6.
[2026-10-08 00:42:28] (0s) Starting to evaluate predicate Synth::Synth::convertTypeFromRaw/1#69bbb1b7#bf/2@4b91eb5l
[2026-10-08 00:42:28] (0s) Starting to evaluate predicate Raw::Raw::Type#99a362c7#b/1@8990715s
[2026-10-08 00:42:28] (0s)  >>> Created relation Raw::Raw::Type#99a362c7#b/1@8990715s with 2270 rows and digest cf46739j2dht8t98bkn8lo9d72a.
[2026-10-08 00:42:28] (0s) Starting to evaluate predicate _Expr::Expr.getResolveStep/0#dispred#318c6ca3_0#antijoin_rhs_MethodLookupExpr::MethodLookupExpr.getU__#shared/2@29932bte
[2026-10-08 00:42:28] (0s)  >>> Created relation _Expr::Expr.getResolveStep/0#dispred#318c6ca3_0#antijoin_rhs_MethodLookupExpr::MethodLookupExpr.getU__#shared/2@29932bte with 956 rows and digest 3cfed5sas4gom2nfcu0okc7lus5.
[2026-10-08 00:42:28] (0s)  >>> Created relation Synth::Synth::convertTypeFromRaw/1#69bbb1b7#bf/2@4b91eb5l with 2270 rows and digest 320e76ibod4ngvmhl3mpbi8sv70.
[2026-10-08 00:42:28] (0s) Starting to evaluate predicate Element::Generated::Element.getResolveStep/0#dispred#f0bb72ef/2@522544ut
[2026-10-08 00:42:28] (0s)  >>> Created relation Element::Generated::Element.getResolveStep/0#dispred#f0bb72ef/2@522544ut with 3235 rows and digest af7af1b41ot3jf4eh5skd0rj1m2.
[2026-10-08 00:42:28] (0s) Starting to evaluate predicate m#Element::Generated::Element.resolve/0#6937ae00#bf/1@i1#ef30ewg2 (iteration 1)
[2026-10-08 00:42:28] (0s) 			 - m#Element::Generated::Element.resolve/0#6937ae00#bf_delta has 6123 rows (order for disjuncts: delta=0).
[2026-10-08 00:42:28] (0s) Starting to evaluate predicate m#Element::Generated::Element.resolve/0#6937ae00#bf/1@i2#ef30ewg2 (iteration 2)
[2026-10-08 00:42:28] (0s) 			 - m#Element::Generated::Element.resolve/0#6937ae00#bf_delta has 1 rows (order for disjuncts: delta=<standard>).
[2026-10-08 00:42:28] (0s) Starting to evaluate predicate m#Element::Generated::Element.resolve/0#6937ae00#bf/1@i3#ef30ewg2 (iteration 3)
[2026-10-08 00:42:28] (0s) Empty delta for m#Element::Generated::Element.resolve/0#6937ae00#bf_delta (order for disjuncts: delta=<standard>).
[2026-10-08 00:42:28] (0s) Accumulating deltas
[2026-10-08 00:42:28] (0s)  >>> Created relation m#Element::Generated::Element.resolve/0#6937ae00#bf/1@ef30ewg2 with 6124 rows and digest 6daebcm638ui5k3ebq2uc0vsc17.
[2026-10-08 00:42:28] (0s) Starting to evaluate predicate _Element::Generated::Element.getResolveStep/0#dispred#f0bb72ef_m#Element::Generated::Element.resolve__#join_rhs/2@0451849d
[2026-10-08 00:42:28] (0s)  >>> Created relation _Element::Generated::Element.getResolveStep/0#dispred#f0bb72ef_m#Element::Generated::Element.resolve__#join_rhs/2@0451849d with 1 rows and digest 8d746dn9e5ps21f1qa52vt9r389.
[2026-10-08 00:42:28] (0s) Starting to evaluate predicate Element::Generated::Element.getResolveStep/0#dispred#f0bb72ef_0#antijoin_rhs/1@b50ab2lc
[2026-10-08 00:42:28] (0s)  >>> Created relation Element::Generated::Element.getResolveStep/0#dispred#f0bb72ef_0#antijoin_rhs/1@b50ab2lc with 3235 rows and digest 6ab742k3jmrurbjeothisiim52f.
[2026-10-08 00:42:28] (0s) Starting to evaluate predicate Element::Generated::Element.resolve/0#6937ae00#bf/2@i1#010ccwh9 (iteration 1)
[2026-10-08 00:42:28] (0s) 			 - Element::Generated::Element.resolve/0#6937ae00#bf_delta has 6123 rows (order for disjuncts: delta=0).
[2026-10-08 00:42:28] (0s) Starting to evaluate predicate Element::Generated::Element.resolve/0#6937ae00#bf/2@i2#010ccwh9 (iteration 2)
[2026-10-08 00:42:28] (0s) 			 - Element::Generated::Element.resolve/0#6937ae00#bf_delta has 1 rows (order for disjuncts: delta=<standard>).
[2026-10-08 00:42:28] (0s) Starting to evaluate predicate Element::Generated::Element.resolve/0#6937ae00#bf/2@i3#010ccwh9 (iteration 3)
[2026-10-08 00:42:28] (0s) Empty delta for Element::Generated::Element.resolve/0#6937ae00#bf_delta (order for disjuncts: delta=<standard>).
[2026-10-08 00:42:28] (0s) Accumulating deltas
[2026-10-08 00:42:28] (0s)  >>> Created relation Element::Generated::Element.resolve/0#6937ae00#bf/2@010ccwh9 with 6124 rows and digest 20b2e1jl7frmnvvhv3fe4bft38e.
[2026-10-08 00:42:28] (0s) Starting to evaluate predicate ApplyExpr::Generated::ApplyExpr.getFunction/0#dispred#12f7b5a0/2@c4c296vo
[2026-10-08 00:42:28] (0s)  >>> Created relation ApplyExpr::Generated::ApplyExpr.getFunction/0#dispred#12f7b5a0/2@c4c296vo with 5167 rows and digest 0ef170r6kv0pt3srtov8s6tbotb.
[2026-10-08 00:42:28] (0s) Starting to evaluate predicate ApplyExpr::Generated::ApplyExpr.getFunction/0#dispred#12f7b5a0_10#join_rhs/2@dfe50csf
[2026-10-08 00:42:28] (0s)  >>> Created relation ApplyExpr::Generated::ApplyExpr.getFunction/0#dispred#12f7b5a0_10#join_rhs/2@dfe50csf with 5167 rows and digest b5a7516uvntap5auodhdc9jpo6c.
[2026-10-08 00:42:28] (0s) Starting to evaluate predicate m#Raw::Raw::Decl#5bb7b5e2#b/1@493dacca
[2026-10-08 00:42:28] (0s)  >>> Created relation m#Raw::Raw::Decl#5bb7b5e2#b/1@493dacca with 60341 rows and digest 7908126dcuei5af709fbk6e0pd1.
[2026-10-08 00:42:28] (0s)  >>> Created relation deinitializers/1@076ff3rb with 121 rows and digest 402d44oam5kojaf1e2hoocbq4r9.
[2026-10-08 00:42:28] (0s)  >>> Created relation named_functions/1@d5b724c9 with 18019 rows and digest 209effqjedp9oqrqbpqg531hgpb.
[2026-10-08 00:42:28] (0s)  >>> Created relation initializers/1@5652adjm with 8622 rows and digest eeafadqglm97re7dtlev8f1uc62.
[2026-10-08 00:42:28] (0s)  >>> Created relation subscript_decls/2@9e8df814 with 408 rows and digest 6f073cn0versjdleord2ogqq915.
[2026-10-08 00:42:28] (0s)  >>> Created relation accessors/1@fe28a6f4 with 30493 rows and digest 7d9e83nnfi2ksle9je2s9iojdn8.
[2026-10-08 00:42:28] (0s)  >>> Created relation concrete_var_decls/2@a69a69po with 35551 rows and digest 8514b1qcnb0pf3rmt13d68thh8d.
[2026-10-08 00:42:28] (0s)  >>> Created relation param_decls/1@b3d4dang with 85612 rows and digest f0095b7ri02n6i0hddkh36tg688.
[2026-10-08 00:42:28] (0s) Starting to evaluate predicate Raw::Raw::Decl#5bb7b5e2#b/1@c3725ade
[2026-10-08 00:42:28] (0s)  >>> Created relation Raw::Raw::Decl#5bb7b5e2#b/1@c3725ade with 47043 rows and digest d0938frkv85ja3nu6sbe7c1439f.
[2026-10-08 00:42:28] (0s) Starting to evaluate predicate Synth::Synth::convertDeclFromRaw/1#11ddb6a3#bf/2@bbe358cr
[2026-10-08 00:42:28] (0s)  >>> Created relation Synth::Synth::convertDeclFromRaw/1#11ddb6a3#bf/2@bbe358cr with 46635 rows and digest 0d554cfvsrpft6kj3c9esldi62e.
[2026-10-08 00:42:28] (0s) Starting to evaluate predicate Decl::Generated::Decl.getAMember/0#dispred#8544abdc/2@e958cbds
[2026-10-08 00:42:28] (0s)  >>> Created relation Decl::Generated::Decl.getAMember/0#dispred#8544abdc/2@e958cbds with 39804 rows and digest 1fc3387444dsc20n5o74rjs78i2.
[2026-10-08 00:42:28] (0s) Starting to evaluate predicate Decl::Generated::Decl.getAMember/0#dispred#8544abdc_10#join_rhs/2@4cc440eu
[2026-10-08 00:42:28] (0s)  >>> Created relation Decl::Generated::Decl.getAMember/0#dispred#8544abdc_10#join_rhs/2@4cc440eu with 39804 rows and digest 4d7a46u90a14m9gcl7k3ur398qc.
[2026-10-08 00:42:28] (0s) Starting to evaluate predicate MethodImpl::Impl::getAMember/1#292c4cf3/2@36a3e51i
[2026-10-08 00:42:28] (0s)  >>> Created relation MethodImpl::Impl::getAMember/1#292c4cf3/2@36a3e51i with 54045 rows and digest 412cb2po1l721dlm01ohgkfpqv7.
[2026-10-08 00:42:28] (0s) Starting to evaluate predicate MethodImpl::Impl::Method#1b720671/1@f4624ecg
[2026-10-08 00:42:28] (0s)  >>> Created relation MethodImpl::Impl::Method#1b720671/1@f4624ecg with 35653 rows and digest 5d750cvri5924enqb48v8leaf4b.
[2026-10-08 00:42:28] (0s) Starting to evaluate predicate Decl::Generated::Decl.getModule/0#dispred#6337565b/2@64600f21
[2026-10-08 00:42:28] (0s)  >>> Created relation Decl::Generated::Decl.getModule/0#dispred#6337565b/2@64600f21 with 209213 rows and digest 9650531sdujoo6qv2s2rdfle2ie.
[2026-10-08 00:42:28] (0s) Starting to evaluate predicate TypeDecl::Generated::TypeDecl.getName/0#dispred#9d4d687f/2@d6cee16p
[2026-10-08 00:42:28] (0s)  >>> Created relation TypeDecl::Generated::TypeDecl.getName/0#dispred#9d4d687f/2@d6cee16p with 15794 rows and digest e20730do7q9rn6m3tanrk9aj1h7.
[2026-10-08 00:42:28] (0s) Starting to evaluate predicate Synth::Synth::TNominalTypeDecl#f1bfce46/1@ac9190r4
[2026-10-08 00:42:28] (0s)  >>> Created relation Synth::Synth::TNominalTypeDecl#f1bfce46/1@ac9190r4 with 4048 rows and digest 5c2e7b9mc6rcfnhmbv1eqsfdpja.
[2026-10-08 00:42:28] (0s)  >>> Created relation extension_decls/2@1342cehc with 4471 rows and digest bafd329ijeaqkioqrklv81e0t19.
[2026-10-08 00:42:28] (0s) Starting to evaluate predicate Synth::Synth::convertNominalTypeDeclFromRaw/1#053ecc94#bf/2@bfc2b75j
[2026-10-08 00:42:28] (0s)  >>> Created relation Synth::Synth::convertNominalTypeDeclFromRaw/1#053ecc94#bf/2@bfc2b75j with 1056 rows and digest ad2313nmfqkv5dibmq35i4stvca.
[2026-10-08 00:42:28] (0s) Starting to evaluate predicate ExtensionDecl::Generated::ExtensionDecl.getExtendedTypeDecl/0#dispred#9b7f025d#bf/2@fc1ea2kc
[2026-10-08 00:42:28] (0s)  >>> Created relation ExtensionDecl::Generated::ExtensionDecl.getExtendedTypeDecl/0#dispred#9b7f025d#bf/2@fc1ea2kc with 3459 rows and digest ea87db2jh0p65d60sos6aa8ql4f.
[2026-10-08 00:42:28] (0s) Starting to evaluate predicate Decl::Decl.asNominalTypeDecl/0#dispred#6841cd82#bf/2@22ca6dm7
[2026-10-08 00:42:28] (0s)  >>> Created relation Decl::Decl.asNominalTypeDecl/0#dispred#6841cd82#bf/2@22ca6dm7 with 7191 rows and digest d962ae1nekp90grcc139h8noll6.
[2026-10-08 00:42:28] (0s) Starting to evaluate predicate PersistenceCoverage::persistenceOwner/1#c4f56934/1@c83961c5
[2026-10-08 00:42:28] (0s)  >>> Created relation PersistenceCoverage::persistenceOwner/1#c4f56934/1@c83961c5 with 34 rows and digest 943a32qpeu6m3q978k5ii7etj8b.
[2026-10-08 00:42:28] (0s) Starting to evaluate predicate ApplyExprImpl::Impl::MethodApplyExpr#af2ec0bc/2@c1e05cld
[2026-10-08 00:42:28] (0s) Starting to evaluate predicate DeclRefExpr::Generated::DeclRefExpr.getDecl/0#dispred#5e94cea4/2@b874b38j
[2026-10-08 00:42:28] (0s)  >>> Created relation ApplyExprImpl::Impl::MethodApplyExpr#af2ec0bc/2@c1e05cld with 948 rows and digest 056a51cu6ap3mcl08njcf1v7j97.
[2026-10-08 00:42:28] (0s) Starting to evaluate predicate ApplyExprImpl::Impl::MethodApplyExpr#af2ec0bc_10#join_rhs/2@80bca5ee
[2026-10-08 00:42:28] (0s)  >>> Created relation ApplyExprImpl::Impl::MethodApplyExpr#af2ec0bc_10#join_rhs/2@80bca5ee with 948 rows and digest bc567c22f73l6nbq5hk0obe6kv2.
[2026-10-08 00:42:28] (0s) Starting to evaluate predicate MethodLookupExpr::Generated::MethodLookupExpr.getMethodRef/0#dispred#244b5fea/2@2bf0b554
[2026-10-08 00:42:28] (0s)  >>> Created relation MethodLookupExpr::Generated::MethodLookupExpr.getMethodRef/0#dispred#244b5fea/2@2bf0b554 with 956 rows and digest fb542e3k9tu2p1go3fgtnn3m853.
[2026-10-08 00:42:28] (0s) Starting to evaluate predicate MethodLookupExpr::Generated::MethodLookupExpr.getMethodRef/0#dispred#244b5fea_10#join_rhs/2@b7c651m2
[2026-10-08 00:42:28] (0s)  >>> Created relation MethodLookupExpr::Generated::MethodLookupExpr.getMethodRef/0#dispred#244b5fea_10#join_rhs/2@b7c651m2 with 956 rows and digest 7b54e0h9u072dggs5e7sjcf6rpd.
[2026-10-08 00:42:28] (0s) Starting to evaluate predicate ApplyExprImpl::Impl::MethodApplyExpr#af2ec0bc_1#join_rhs/1@808b54d8
[2026-10-08 00:42:28] (0s)  >>> Created relation ApplyExprImpl::Impl::MethodApplyExpr#af2ec0bc_1#join_rhs/1@808b54d8 with 948 rows and digest 1a7a286d0a6ae286a1p1jo5am13.
[2026-10-08 00:42:28] (0s)  >>> Created relation DeclRefExpr::Generated::DeclRefExpr.getDecl/0#dispred#5e94cea4/2@b874b38j with 12223 rows and digest 911bfb8pv9hdmgn7po8ttr4cu21.
[2026-10-08 00:42:28] (0s) Starting to evaluate predicate MethodLookupExpr::MethodLookupExpr.getMember/0#dispred#2f9f426a#bb/2@dcdb58mn
[2026-10-08 00:42:28] (0s) Starting to evaluate predicate ApplyExpr::ApplyExpr.getStaticTarget/0#a70d1aa7/2@01892dnf
[2026-10-08 00:42:28] (0s)  >>> Created relation MethodLookupExpr::MethodLookupExpr.getMember/0#dispred#2f9f426a#bb/2@dcdb58mn with 5 rows and digest 2b509etjg9pkh7vbqjvp30d6r61.
[2026-10-08 00:42:28] (0s) Starting to evaluate predicate MethodLookupExpr::MethodLookupExpr.getMember/0#dispred#2f9f426a#bb_10#join_rhs/2@c42627hs
[2026-10-08 00:42:28] (0s)  >>> Created relation MethodLookupExpr::MethodLookupExpr.getMember/0#dispred#2f9f426a#bb_10#join_rhs/2@c42627hs with 5 rows and digest 699de0assn3a5ss8jtirpc0cks3.
[2026-10-08 00:42:28] (0s)  >>> Created relation ApplyExpr::ApplyExpr.getStaticTarget/0#a70d1aa7/2@01892dnf with 4219 rows and digest 3556176sbscd8vk3ruqcoolf036.
[2026-10-08 00:42:28] (0s) Starting to evaluate predicate _ApplyExpr::ApplyExpr.getStaticTarget/0#a70d1aa7_PersistenceCoverage::persistenceOwner/1#c4f56934_Sy__#shared/1@ca9ef2lp
[2026-10-08 00:42:28] (0s)  >>> Created relation _ApplyExpr::ApplyExpr.getStaticTarget/0#a70d1aa7_PersistenceCoverage::persistenceOwner/1#c4f56934_Sy__#shared/1@ca9ef2lp with 0 rows and digest THIS-RELATION-HAS-NO-TUPLES.
[2026-10-08 00:42:28] (0s) Inferred that ApplyExpr::ApplyExpr_not_BinaryExpr::BinaryExpr_ApplyExprImpl::Impl::FullDotSyntaxBaseIgnoredApplyExpr_MethodApplyExpr::MethodApplyExpr_ApplyExprImpl::Impl::PartialDotSyntaxBaseIgnoredApplyExpr_PrefixUnaryExpr::PrefixUnaryExpr#ce3a3db8#b/1@ee025f7k is empty, due to _ApplyExpr::ApplyExpr.getStaticTarget/0#a70d1aa7_PersistenceCoverage::persistenceOwner/1#c4f56934_Sy__#shared/1@ca9ef2lp.
[2026-10-08 00:42:28] (0s) Starting to evaluate predicate ApplyExpr::ApplyExpr.getStaticTarget/0#dispred#43fd147e#fb/2@61068c4t
[2026-10-08 00:42:28] (0s)  >>> Created relation ApplyExpr::ApplyExpr.getStaticTarget/0#dispred#43fd147e#fb/2@61068c4t with 5 rows and digest 33f9a7m66t31ggbnf4mgqc2obk6.
[2026-10-08 00:42:28] (0s) Starting to evaluate predicate ControlFlowGraphImplSpecific::CfgImpl::Cached::TAstNode#e7ae24eb_13#join_rhs/2@d90744dj
[2026-10-08 00:42:28] (0s)  >>> Created relation ControlFlowGraphImplSpecific::CfgImpl::Cached::TAstNode#e7ae24eb_13#join_rhs/2@d90744dj with 86499 rows and digest 370f0ec9u7uip3p5saai79e3hu3.
[2026-10-08 00:42:28] (0s) Starting to evaluate predicate CfgNodes::ApplyExprCfgNode.getStaticTarget/0#dispred#9f17c645#fb/2@c811d7hj
[2026-10-08 00:42:28] (0s)  >>> Created relation CfgNodes::ApplyExprCfgNode.getStaticTarget/0#dispred#9f17c645#fb/2@c811d7hj with 5 rows and digest 3e6e73a3eu2l8dg2fcncicb0m53.
[2026-10-08 00:42:28] (0s) Starting to evaluate predicate CfgNodes::ApplyExprCfgNode.getStaticTarget/0#dispred#9f17c645#fb_10#join_rhs/2@9e7957va
[2026-10-08 00:42:28] (0s)  >>> Created relation CfgNodes::ApplyExprCfgNode.getStaticTarget/0#dispred#9f17c645#fb_10#join_rhs/2@9e7957va with 5 rows and digest 14f524gh1o6rivdptb6ncnm7682.
[2026-10-08 00:42:28] (0s) Starting to evaluate predicate project#BasicBlock::Make<Location::Location,BasicBlocks::BasicBlocksImpl::BasicBlockInputSig>::Cached::getNode/2#42d576bb/2@b1bfbcr7
[2026-10-08 00:42:28] (0s)  >>> Created relation project#BasicBlock::Make<Location::Location,BasicBlocks::BasicBlocksImpl::BasicBlockInputSig>::Cached::getNode/2#42d576bb/2@b1bfbcr7 with 147082 rows and digest 0e7abdiaf8chadoptr7h0duel15.
[2026-10-08 00:42:28] (0s) Starting to evaluate predicate project#BasicBlock::Make<Location::Location,BasicBlocks::BasicBlocksImpl::BasicBlockInputSig>::Cached::getNode/2#42d576bb_10#join_rhs/2@8c63f0h3
[2026-10-08 00:42:28] (0s)  >>> Created relation project#BasicBlock::Make<Location::Location,BasicBlocks::BasicBlocksImpl::BasicBlockInputSig>::Cached::getNode/2#42d576bb_10#join_rhs/2@8c63f0h3 with 147082 rows and digest f44702oles2utcu9dmhirfdk4mc.
[2026-10-08 00:42:28] (0s) Starting to evaluate predicate BasicBlock::Make<Location::Location,BasicBlocks::BasicBlocksImpl::BasicBlockInputSig>::Cached::TBasicBlockStart#02c52780_10#join_rhs/2@7c71a0k3
[2026-10-08 00:42:28] (0s)  >>> Created relation BasicBlock::Make<Location::Location,BasicBlocks::BasicBlocksImpl::BasicBlockInputSig>::Cached::TBasicBlockStart#02c52780_10#join_rhs/2@7c71a0k3 with 20207 rows and digest 3aa767t8cvefvc4jsra4utj947a.
[2026-10-08 00:42:28] (0s) Starting to evaluate predicate PersistenceCoverage::relevantScope/1#4f433707/1@1c88b53h
[2026-10-08 00:42:28] (0s)  >>> Created relation PersistenceCoverage::relevantScope/1#4f433707/1@1c88b53h with 1 rows and digest bf65226orudkc1lbngg6vnovuef.
[2026-10-08 00:42:28] (0s) Starting to evaluate predicate Location::Generated::Location.getFile/0#dispred#58f1445d/2@c3fcd9ke
[2026-10-08 00:42:28] (0s)  >>> Created relation Location::Generated::Location.getFile/0#dispred#58f1445d/2@c3fcd9ke with 37881 rows and digest a581de9tc2b56e0ou0kkkfk7vgf.
[2026-10-08 00:42:28] (0s) Starting to evaluate predicate #select#query/1@146373o8
[2026-10-08 00:42:28] (0s)  >>> Created relation #select#query/1@146373o8 with 1 rows and digest 1a7690ikgoip19a1kgio2vkcn37.
[2026-10-08 00:42:28] (0s) Query done
[2026-10-08 00:42:28] (0s) Sequence stamp origin is -5859825972252524011
[2026-10-08 00:42:28] (0s) Pausing evaluation to sync to disk at sequence stamp o+0
[2026-10-08 00:42:28] (0s) Unpausing evaluation
[2026-10-08 00:42:28] Evaluation of /Users/dave/.codex/worktrees/844d/dataflowbench/execution-state/v090-resume-20261007-05/execution/matrix/adapters/codeql/swift-normal-v1/queries/native/scopes.ql produced BQRS results.
[2026-10-08 00:42:28] [PROGRESS] execute queries> [1/1 eval 326ms] Evaluation done; writing results to /Users/dave/.codex/worktrees/844d/dataflowbench/execution-state/v090-resume-20261007-05/execution/matrix/reports/raw/swift-common-v2/current108-v090-01/dfb-taint-swift-native-persistence-negative/scopes.bqrs.
[2026-10-08 00:42:28] [PROGRESS] execute queries> Shutting down query evaluator.
[2026-10-08 00:42:28] Pausing evaluation to close the cache at sequence stamp o+1
[2026-10-08 00:42:28] The disk cache is freshly trimmed; leave it be.
[2026-10-08 00:42:28] Unpausing evaluation
[2026-10-08 00:42:28] Exiting with code 0
