[E 07:23:40 4385] CodeQL C/C++ Extractor 2.27.0
[E 07:23:40 4385] Current directory: /private/tmp/dfb-213/partial-source
[E 07:23:40 4385] Command: /Users/dave/.cache/dataflowbench-tools/codeql-v2.27.0/codeql/cpp/tools/osx64/extractor --mimic /usr/bin/clang++ -std=c++17 -fexceptions -Xcodeql --pending_instantiations -Xcodeql 512 -c /private/tmp/dfb-213/partial-source/closure_capture_positive.cpp
[E 07:23:40 4385] Checking whether C compilation already happened.
[E 07:23:40 4385] Checking for tag c-compilation-happened
[E 07:23:40 4385] Looks like C compilation didn't already happen.
[E 07:23:40 4385] Checking whether C compilation has been attempted.
[E 07:23:40 4385] Checking for tag c-compilation-attempted
[E 07:23:40 4385] Marking C compilation as attempted.
[E 07:23:40 4385] Setting tag c-compilation-attempted
[E 07:23:41 4385] Processed command line: /Users/dave/.cache/dataflowbench-tools/codeql-v2.27.0/codeql/cpp/tools/osx64/extractor --trapfolder /private/tmp/dfb-213/partial-sdk15-db/trap/cpp --src_archive /private/tmp/dfb-213/partial-sdk15-db/src --no_warnings_and_discretionary_errors --error_limit 10000 --disable_system_macros --variadic_macros --incognito --c++17 --g++ --clang_version 210106 --has_feature_vector 11111111000000111111111101111111111111111110111111111111101111111111011 --clang --target linux_arm64 -DTARGET_IPHONE_SIMULATOR=0 -DTARGET_OS_ARROW=1 -DTARGET_OS_BRIDGE=0 -DTARGET_OS_DRIVERKIT=0 -DTARGET_OS_EMBEDDED=0 -DTARGET_OS_FIRMWARE=0 -DTARGET_OS_IOS=0 -DTARGET_OS_IOSMAC=0 -DTARGET_OS_IPHONE=0 -DTARGET_OS_KERNELKIT=0 -DTARGET_OS_LINUX=0 -DTARGET_OS_MAC=1 -DTARGET_OS_MACCATALYST=0 -DTARGET_OS_NANO=0 -DTARGET_OS_OSX=1 -DTARGET_OS_SIMULATOR=0 -DTARGET_OS_TV=0 -DTARGET_OS_UEFI=0 -DTARGET_OS_UIKITFORMAC=0 -DTARGET_OS_UNIX=0 -DTARGET_OS_VISION=0 -DTARGET_OS_WATCH=0 -DTARGET_OS_WIN32=0 -DTARGET_OS_WINDOWS=0 -DTARGET_OS_XR=0 -D_HAS_BUILTIN_AVAILABLE_FEATS=1 -D_LP64=1 -D__AARCH64EL__=1 -D__AARCH64_CMODEL_SMALL__=1 -D__AARCH64_SIMD__=1 -D__APPLE_CC__=6000 -D__APPLE__=1 -D__ARM64_ARCH_8__=1 -D__ARM_64BIT_STATE=1 -D__ARM_ACLE=202420 '-D__ARM_ACLE_VERSION(year,quarter,patch)=(100 * (year) + 10 * (quarter) + (patch))' -D__ARM_ALIGN_MAX_STACK_PWR=4 -D__ARM_ARCH=8 -D__ARM_ARCH_8_2__=1 -D__ARM_ARCH_8_3__=1 -D__ARM_ARCH_8_4__=1 -D__ARM_ARCH_8_5__=1 -D__ARM_ARCH_ISA_A64=1 '-D__ARM_ARCH_PROFILE='\''A'\''' -D__ARM_FEATURE_AES=1 -D__ARM_FEATURE_ATOMICS=1 -D__ARM_FEATURE_BTI=1 -D__ARM_FEATURE_CLZ=1 -D__ARM_FEATURE_COMPLEX=1 -D__ARM_FEATURE_CRC32=1 -D__ARM_FEATURE_CRYPTO=1 -D__ARM_FEATURE_DIRECTED_ROUNDING=1 -D__ARM_FEATURE_DIV=1 -D__ARM_FEATURE_DOTPROD=1 -D__ARM_FEATURE_FMA=1 -D__ARM_FEATURE_FP16_FML=1 -D__ARM_FEATURE_FP16_SCALAR_ARITHMETIC=1 -D__ARM_FEATURE_FP16_VECTOR_ARITHMETIC=1 -D__ARM_FEATURE_FRINT=1 -D__ARM_FEATURE_IDIV=1 -D__ARM_FEATURE_JCVT=1 -D__ARM_FEATURE_LDREX=0xF -D__ARM_FEATURE_NUMERIC_MAXMIN=1 -D__ARM_FEATURE_PAUTH=1 -D__ARM_FEATURE_QRDMX=1 -D__ARM_FEATURE_RCPC=1 -D__ARM_FEATURE_SHA2=1 -D__ARM_FEATURE_SHA3=1 -D__ARM_FEATURE_SHA512=1 -D__ARM_FEATURE_UNALIGNED=1 -D__ARM_FP=0xE -D__ARM_FP16_ARGS=1 -D__ARM_FP16_FORMAT_IEEE=1 -D__ARM_NEON=1 -D__ARM_NEON_FP=0xE -D__ARM_NEON_SVE_BRIDGE=1 -D__ARM_NEON__=1 -D__ARM_PCS_AAPCS64=1 -D__ARM_SIZEOF_MINIMAL_ENUM=4 -D__ARM_SIZEOF_WCHAR_T=4 -D__ARM_STATE_ZA=1 -D__ARM_STATE_ZT0=1 -D__ATOMIC_ACQUIRE=2 -D__ATOMIC_ACQ_REL=4 -D__ATOMIC_CONSUME=1 -D__ATOMIC_RELAXED=0 -D__ATOMIC_RELEASE=3 -D__ATOMIC_SEQ_CST=5 -D__BIGGEST_ALIGNMENT__=8 -D__BITINT_MAXWIDTH__=128 -D__BLOCKS__=1 -D__BOOL_WIDTH__=1 -D__BYTE_ORDER__=__ORDER_LITTLE_ENDIAN__ -D__CHAR_BIT__=8 -D__CLANG_ATOMIC_BOOL_LOCK_FREE=2 -D__CLANG_ATOMIC_CHAR16_T_LOCK_FREE=2 -D__CLANG_ATOMIC_CHAR32_T_LOCK_FREE=2 -D__CLANG_ATOMIC_CHAR_LOCK_FREE=2 -D__CLANG_ATOMIC_INT_LOCK_FREE=2 -D__CLANG_ATOMIC_LLONG_LOCK_FREE=2 -D__CLANG_ATOMIC_LONG_LOCK_FREE=2 -D__CLANG_ATOMIC_POINTER_LOCK_FREE=2 -D__CLANG_ATOMIC_SHORT_LOCK_FREE=2 -D__CLANG_ATOMIC_WCHAR_T_LOCK_FREE=2 -D__CONSTANT_CFSTRINGS__=1 -D__DBL_DECIMAL_DIG__=17 -D__DBL_DENORM_MIN__=4.9406564584124654e-324 -D__DBL_DIG__=15 -D__DBL_EPSILON__=2.2204460492503131e-16 -D__DBL_HAS_DENORM__=1 -D__DBL_HAS_INFINITY__=1 -D__DBL_HAS_QUIET_NAN__=1 -D__DBL_MANT_DIG__=53 -D__DBL_MAX_10_EXP__=308 -D__DBL_MAX_EXP__=1024 -D__DBL_MAX__=1.7976931348623157e+308 '-D__DBL_MIN_10_EXP__=(-307)' '-D__DBL_MIN_EXP__=(-1021)' -D__DBL_MIN__=2.2250738585072014e-308 -D__DBL_NORM_MAX__=1.7976931348623157e+308 -D__DECIMAL_DIG__=__LDBL_DECIMAL_DIG__ -D__DEPRECATED=1 -D__DYNAMIC__=1 -D__ENVIRONMENT_MAC_OS_X_VERSION_MIN_REQUIRED__=150200 -D__ENVIRONMENT_OS_VERSION_MIN_REQUIRED__=150200 -D__EXCEPTIONS=1 -D__FINITE_MATH_ONLY__=0 -D__FLT16_DECIMAL_DIG__=5 -D__FLT16_DENORM_MIN__=5.9604644775390625e-8F16 -D__FLT16_DIG__=3 -D__FLT16_EPSILON__=9.765625e-4F16 -D__FLT16_HAS_DENORM__=1 -D__FLT16_HAS_INFINITY__=1 -D__FLT16_HAS_QUIET_NAN__=1 -D__FLT16_MANT_DIG__=11 -D__FLT16_MAX_10_EXP__=4 -D__FLT16_MAX_EXP__=16 -D__FLT16_MAX__=6.5504e+4F16 '-D__FLT16_MIN_10_EXP__=(-4)' '-D__FLT16_MIN_EXP__=(-13)' -D__FLT16_MIN__=6.103515625e-5F16 -D__FLT16_NORM_MAX__=6.5504e+4F16 -D__FLT_DECIMAL_DIG__=9 -D__FLT_DENORM_MIN__=1.40129846e-45F -D__FLT_DIG__=6 -D__FLT_EPSILON__=1.19209290e-7F -D__FLT_HAS_DENORM__=1 -D__FLT_HAS_INFINITY__=1 -D__FLT_HAS_QUIET_NAN__=1 -D__FLT_MANT_DIG__=24 -D__FLT_MAX_10_EXP__=38 -D__FLT_MAX_EXP__=128 -D__FLT_MAX__=3.40282347e+38F '-D__FLT_MIN_10_EXP__=(-37)' '-D__FLT_MIN_EXP__=(-125)' -D__FLT_MIN__=1.17549435e-38F -D__FLT_NORM_MAX__=3.40282347e+38F -D__FLT_RADIX__=2 -D__FPCLASS_NEGINF=0x0004 -D__FPCLASS_NEGNORMAL=0x0008 -D__FPCLASS_NEGSUBNORMAL=0x0010 -D__FPCLASS_NEGZERO=0x0020 -D__FPCLASS_POSINF=0x0200 -D__FPCLASS_POSNORMAL=0x0100 -D__FPCLASS_POSSUBNORMAL=0x0080 -D__FPCLASS_POSZERO=0x0040 -D__FPCLASS_QNAN=0x0002 -D__FPCLASS_SNAN=0x0001 -D__FP_FAST_FMA=1 -D__FP_FAST_FMAF=1 -D__FUNCTION_MULTI_VERSIONING_SUPPORT_LEVEL=202430 -D__GCC_ASM_FLAG_OUTPUTS__=1 -D__GCC_ATOMIC_BOOL_LOCK_FREE=2 -D__GCC_ATOMIC_CHAR16_T_LOCK_FREE=2 -D__GCC_ATOMIC_CHAR32_T_LOCK_FREE=2 -D__GCC_ATOMIC_CHAR_LOCK_FREE=2 -D__GCC_ATOMIC_INT_LOCK_FREE=2 -D__GCC_ATOMIC_LLONG_LOCK_FREE=2 -D__GCC_ATOMIC_LONG_LOCK_FREE=2 -D__GCC_ATOMIC_POINTER_LOCK_FREE=2 -D__GCC_ATOMIC_SHORT_LOCK_FREE=2 -D__GCC_ATOMIC_TEST_AND_SET_TRUEVAL=1 -D__GCC_ATOMIC_WCHAR_T_LOCK_FREE=2 -D__GCC_CONSTRUCTIVE_SIZE=64 -D__GCC_DESTRUCTIVE_SIZE=256 -D__GCC_HAVE_DWARF2_CFI_ASM=1 -D__GCC_HAVE_SYNC_COMPARE_AND_SWAP_1=1 -D__GCC_HAVE_SYNC_COMPARE_AND_SWAP_16=1 -D__GCC_HAVE_SYNC_COMPARE_AND_SWAP_2=1 -D__GCC_HAVE_SYNC_COMPARE_AND_SWAP_4=1 -D__GCC_HAVE_SYNC_COMPARE_AND_SWAP_8=1 -D__GNUC_MINOR__=2 -D__GNUC_PATCHLEVEL__=1 -D__GNUC__=4 -D__GNUG__=4 -D__GXX_ABI_VERSION=1002 -D__GXX_EXPERIMENTAL_CXX0X__=1 -D__GXX_RTTI=1 -D__GXX_WEAK__=1 -D__HAVE_FUNCTION_MULTI_VERSIONING=1 '-D__INT16_C(c)=c' -D__INT16_C_SUFFIX__= '-D__INT16_FMTd__="hd"' '-D__INT16_FMTi__="hi"' -D__INT16_MAX__=32767 -D__INT16_TYPE__=short '-D__INT32_C(c)=c' -D__INT32_C_SUFFIX__= '-D__INT32_FMTd__="d"' '-D__INT32_FMTi__="i"' -D__INT32_MAX__=2147483647 -D__INT32_TYPE__=int '-D__INT64_C(c)=c##LL' -D__INT64_C_SUFFIX__=LL '-D__INT64_FMTd__="lld"' '-D__INT64_FMTi__="lli"' -D__INT64_MAX__=9223372036854775807LL '-D__INT64_TYPE__=long long int' '-D__INT8_C(c)=c' -D__INT8_C_SUFFIX__= '-D__INT8_FMTd__="hhd"' '-D__INT8_FMTi__="hhi"' -D__INT8_MAX__=127 '-D__INT8_TYPE__=signed char' '-D__INTMAX_C(c)=c##L' -D__INTMAX_C_SUFFIX__=L '-D__INTMAX_FMTd__="ld"' '-D__INTMAX_FMTi__="li"' -D__INTMAX_MAX__=9223372036854775807L '-D__INTMAX_TYPE__=long int' -D__INTMAX_WIDTH__=64 '-D__INTPTR_FMTd__="ld"' '-D__INTPTR_FMTi__="li"' -D__INTPTR_MAX__=9223372036854775807L '-D__INTPTR_TYPE__=long int' -D__INTPTR_WIDTH__=64 '-D__INT_FAST16_FMTd__="hd"' '-D__INT_FAST16_FMTi__="hi"' -D__INT_FAST16_MAX__=32767 -D__INT_FAST16_TYPE__=short -D__INT_FAST16_WIDTH__=16 '-D__INT_FAST32_FMTd__="d"' '-D__INT_FAST32_FMTi__="i"' -D__INT_FAST32_MAX__=2147483647 -D__INT_FAST32_TYPE__=int -D__INT_FAST32_WIDTH__=32 '-D__INT_FAST64_FMTd__="lld"' '-D__INT_FAST64_FMTi__="lli"' -D__INT_FAST64_MAX__=9223372036854775807LL '-D__INT_FAST64_TYPE__=long long int' -D__INT_FAST64_WIDTH__=64 '-D__INT_FAST8_FMTd__="hhd"' '-D__INT_FAST8_FMTi__="hhi"' -D__INT_FAST8_MAX__=127 '-D__INT_FAST8_TYPE__=signed char' -D__INT_FAST8_WIDTH__=8 '-D__INT_LEAST16_FMTd__="hd"' '-D__INT_LEAST16_FMTi__="hi"' -D__INT_LEAST16_MAX__=32767 -D__INT_LEAST16_TYPE__=short -D__INT_LEAST16_WIDTH__=16 '-D__INT_LEAST32_FMTd__="d"' '-D__INT_LEAST32_FMTi__="i"' -D__INT_LEAST32_MAX__=2147483647 -D__INT_LEAST32_TYPE__=int -D__INT_LEAST32_WIDTH__=32 '-D__INT_LEAST64_FMTd__="lld"' '-D__INT_LEAST64_FMTi__="lli"' -D__INT_LEAST64_MAX__=9223372036854775807LL '-D__INT_LEAST64_TYPE__=long long int' -D__INT_LEAST64_WIDTH__=64 '-D__INT_LEAST8_FMTd__="hhd"' '-D__INT_LEAST8_FMTi__="hhi"' -D__INT_LEAST8_MAX__=127 '-D__INT_LEAST8_TYPE__=signed char' -D__INT_LEAST8_WIDTH__=8 -D__INT_MAX__=2147483647 -D__INT_WIDTH__=32 -D__LDBL_DECIMAL_DIG__=17 -D__LDBL_DENORM_MIN__=4.9406564584124654e-324L -D__LDBL_DIG__=15 -D__LDBL_EPSILON__=2.2204460492503131e-16L -D__LDBL_HAS_DENORM__=1 -D__LDBL_HAS_INFINITY__=1 -D__LDBL_HAS_QUIET_NAN__=1 -D__LDBL_MANT_DIG__=53 -D__LDBL_MAX_10_EXP__=308 -D__LDBL_MAX_EXP__=1024 -D__LDBL_MAX__=1.7976931348623157e+308L '-D__LDBL_MIN_10_EXP__=(-307)' '-D__LDBL_MIN_EXP__=(-1021)' -D__LDBL_MIN__=2.2250738585072014e-308L -D__LDBL_NORM_MAX__=1.7976931348623157e+308L -D__LITTLE_ENDIAN__=1 -D__LLONG_WIDTH__=64 -D__LONG_LONG_MAX__=9223372036854775807LL -D__LONG_MAX__=9223372036854775807L -D__LONG_WIDTH__=64 -D__LP64__=1 -D__MACH__=1 -D__MEMORY_SCOPE_DEVICE=1 -D__MEMORY_SCOPE_SINGLE=4 -D__MEMORY_SCOPE_SYSTEM=0 -D__MEMORY_SCOPE_WRKGRP=2 -D__MEMORY_SCOPE_WVFRNT=3 -D__NO_INLINE__=1 -D__NO_MATH_ERRNO__=1 -D__OBJC_BOOL_IS_BOOL=1 -D__OPENCL_MEMORY_SCOPE_ALL_SVM_DEVICES=3 -D__OPENCL_MEMORY_SCOPE_DEVICE=2 -D__OPENCL_MEMORY_SCOPE_SUB_GROUP=4 -D__OPENCL_MEMORY_SCOPE_WORK_GROUP=1 -D__OPENCL_MEMORY_SCOPE_WORK_ITEM=0 -D__ORDER_BIG_ENDIAN__=4321 -D__ORDER_LITTLE_ENDIAN__=1234 -D__ORDER_PDP_ENDIAN__=3412 -D__PIC__=2 -D__POINTER_WIDTH__=64 -D__PRAGMA_REDEFINE_EXTNAME=1 '-D__PTRDIFF_FMTd__="ld"' '-D__PTRDIFF_FMTi__="li"' -D__PTRDIFF_MAX__=9223372036854775807L '-D__PTRDIFF_TYPE__=long int' -D__PTRDIFF_WIDTH__=64 -D__REGISTER_PREFIX__= -D__SCHAR_MAX__=127 -D__SHRT_MAX__=32767 -D__SHRT_WIDTH__=16 -D__SIG_ATOMIC_MAX__=2147483647 -D__SIG_ATOMIC_WIDTH__=32 -D__SIZEOF_DOUBLE__=8 -D__SIZEOF_FLOAT__=4 -D__SIZEOF_INT128__=16 -D__SIZEOF_INT__=4 -D__SIZEOF_LONG_DOUBLE__=8 -D__SIZEOF_LONG_LONG__=8 -D__SIZEOF_LONG__=8 -D__SIZEOF_POINTER__=8 -D__SIZEOF_PTRDIFF_T__=8 -D__SIZEOF_SHORT__=2 -D__SIZEOF_SIZE_T__=8 -D__SIZEOF_WCHAR_T__=4 -D__SIZEOF_WINT_T__=4 '-D__SIZE_FMTX__="lX"' '-D__SIZE_FMTo__="lo"' '-D__SIZE_FMTu__="lu"' '-D__SIZE_FMTx__="lx"' -D__SIZE_MAX__=18446744073709551615UL '-D__SIZE_TYPE__=long unsigned int' -D__SIZE_WIDTH__=64 -D__SSP__=1 -D__STDCPP_DEFAULT_NEW_ALIGNMENT__=16UL -D__STDCPP_THREADS__=1 -D__STDC_EMBED_EMPTY__=2 -D__STDC_EMBED_FOUND__=1 -D__STDC_EMBED_NOT_FOUND__=0 -D__STDC_NO_THREADS__=1 -D__STDC_UTF_16__=1 -D__STDC_UTF_32__=1 -D__STRICT_ANSI__=1 '-D__UINT16_C(c)=c' -D__UINT16_C_SUFFIX__= '-D__UINT16_FMTX__="hX"' '-D__UINT16_FMTo__="ho"' '-D__UINT16_FMTu__="hu"' '-D__UINT16_FMTx__="hx"' -D__UINT16_MAX__=65535 '-D__UINT16_TYPE__=unsigned short' '-D__UINT32_C(c)=c##U' -D__UINT32_C_SUFFIX__=U '-D__UINT32_FMTX__="X"' '-D__UINT32_FMTo__="o"' '-D__UINT32_FMTu__="u"' '-D__UINT32_FMTx__="x"' -D__UINT32_MAX__=4294967295U '-D__UINT32_TYPE__=unsigned int' '-D__UINT64_C(c)=c##ULL' -D__UINT64_C_SUFFIX__=ULL '-D__UINT64_FMTX__="llX"' '-D__UINT64_FMTo__="llo"' '-D__UINT64_FMTu__="llu"' '-D__UINT64_FMTx__="llx"' -D__UINT64_MAX__=18446744073709551615ULL '-D__UINT64_TYPE__=long long unsigned int' '-D__UINT8_C(c)=c' -D__UINT8_C_SUFFIX__= '-D__UINT8_FMTX__="hhX"' '-D__UINT8_FMTo__="hho"' '-D__UINT8_FMTu__="hhu"' '-D__UINT8_FMTx__="hhx"' -D__UINT8_MAX__=255 '-D__UINT8_TYPE__=unsigned char' '-D__UINTMAX_C(c)=c##UL' -D__UINTMAX_C_SUFFIX__=UL '-D__UINTMAX_FMTX__="lX"' '-D__UINTMAX_FMTo__="lo"' '-D__UINTMAX_FMTu__="lu"' '-D__UINTMAX_FMTx__="lx"' -D__UINTMAX_MAX__=18446744073709551615UL '-D__UINTMAX_TYPE__=long unsigned int' -D__UINTMAX_WIDTH__=64 '-D__UINTPTR_FMTX__="lX"' '-D__UINTPTR_FMTo__="lo"' '-D__UINTPTR_FMTu__="lu"' '-D__UINTPTR_FMTx__="lx"' -D__UINTPTR_MAX__=18446744073709551615UL '-D__UINTPTR_TYPE__=long unsigned int' -D__UINTPTR_WIDTH__=64 '-D__UINT_FAST16_FMTX__="hX"' '-D__UINT_FAST16_FMTo__="ho"' '-D__UINT_FAST16_FMTu__="hu"' '-D__UINT_FAST16_FMTx__="hx"' -D__UINT_FAST16_MAX__=65535 '-D__UINT_FAST16_TYPE__=unsigned short' '-D__UINT_FAST32_FMTX__="X"' '-D__UINT_FAST32_FMTo__="o"' '-D__UINT_FAST32_FMTu__="u"' '-D__UINT_FAST32_FMTx__="x"' -D__UINT_FAST32_MAX__=4294967295U '-D__UINT_FAST32_TYPE__=unsigned int' '-D__UINT_FAST64_FMTX__="llX"' '-D__UINT_FAST64_FMTo__="llo"' '-D__UINT_FAST64_FMTu__="llu"' '-D__UINT_FAST64_FMTx__="llx"' -D__UINT_FAST64_MAX__=18446744073709551615ULL '-D__UINT_FAST64_TYPE__=long long unsigned int' '-D__UINT_FAST8_FMTX__="hhX"' '-D__UINT_FAST8_FMTo__="hho"' '-D__UINT_FAST8_FMTu__="hhu"' '-D__UINT_FAST8_FMTx__="hhx"' -D__UINT_FAST8_MAX__=255 '-D__UINT_FAST8_TYPE__=unsigned char' '-D__UINT_LEAST16_FMTX__="hX"' '-D__UINT_LEAST16_FMTo__="ho"' '-D__UINT_LEAST16_FMTu__="hu"' '-D__UINT_LEAST16_FMTx__="hx"' -D__UINT_LEAST16_MAX__=65535 '-D__UINT_LEAST16_TYPE__=unsigned short' '-D__UINT_LEAST32_FMTX__="X"' '-D__UINT_LEAST32_FMTo__="o"' '-D__UINT_LEAST32_FMTu__="u"' '-D__UINT_LEAST32_FMTx__="x"' -D__UINT_LEAST32_MAX__=4294967295U '-D__UINT_LEAST32_TYPE__=unsigned int' '-D__UINT_LEAST64_FMTX__="llX"' '-D__UINT_LEAST64_FMTo__="llo"' '-D__UINT_LEAST64_FMTu__="llu"' '-D__UINT_LEAST64_FMTx__="llx"' -D__UINT_LEAST64_MAX__=18446744073709551615ULL '-D__UINT_LEAST64_TYPE__=long long unsigned int' '-D__UINT_LEAST8_FMTX__="hhX"' '-D__UINT_LEAST8_FMTo__="hho"' '-D__UINT_LEAST8_FMTu__="hhu"' '-D__UINT_LEAST8_FMTx__="hhx"' -D__UINT_LEAST8_MAX__=255 '-D__UINT_LEAST8_TYPE__=unsigned char' -D__USER_LABEL_PREFIX__=_ '-D__VERSION__="Apple LLVM 21.0.0 (clang-2100.3.34.2)"' -D__WCHAR_MAX__=2147483647 -D__WCHAR_TYPE__=int -D__WCHAR_WIDTH__=32 -D__WINT_MAX__=2147483647 -D__WINT_TYPE__=int -D__WINT_WIDTH__=32 -D__aarch64__=1 -D__apple_build_version__=21000334 -D__arm64=1 -D__arm64__=1 '-D__block=__attribute__((__blocks__(byref)))' -D__clang__=1 '-D__clang_literal_encoding__="UTF-8"' -D__clang_major__=21 -D__clang_minor__=0 -D__clang_patchlevel__=0 '-D__clang_version__="21.0.0 (clang-2100.3.34.2)"' '-D__clang_wide_literal_encoding__="UTF-32"' -D__cpp_aggregate_bases=201603L -D__cpp_aggregate_nsdmi=201304L -D__cpp_alias_templates=200704L -D__cpp_aligned_new=201606L -D__cpp_attributes=200809L -D__cpp_binary_literals=201304L -D__cpp_capture_star_this=201603L -D__cpp_constexpr=201603L -D__cpp_constexpr_in_decltype=201711L -D__cpp_decltype=200707L -D__cpp_decltype_auto=201304L -D__cpp_deduction_guides=201703L -D__cpp_delegating_constructors=200604L -D__cpp_deleted_function=202403L -D__cpp_digit_separators=201309L -D__cpp_enumerator_attributes=201411L -D__cpp_exceptions=199711L -D__cpp_fold_expressions=201603L -D__cpp_generic_lambdas=201304L -D__cpp_guaranteed_copy_elision=201606L -D__cpp_hex_float=201603L -D__cpp_if_constexpr=201606L -D__cpp_impl_destroying_delete=201806L -D__cpp_inheriting_constructors=201511L -D__cpp_init_captures=201304L -D__cpp_initializer_lists=200806L -D__cpp_inline_variables=201606L -D__cpp_lambdas=200907L -D__cpp_named_character_escapes=202207L -D__cpp_namespace_attributes=201411L -D__cpp_nested_namespace_definitions=201411L -D__cpp_noexcept_function_type=201510L -D__cpp_nontype_template_args=201411L -D__cpp_nontype_template_parameter_auto=201606L -D__cpp_nsdmi=200809L -D__cpp_pack_indexing=202311L -D__cpp_placeholder_variables=202306L -D__cpp_range_based_for=201603L -D__cpp_raw_strings=200710L -D__cpp_ref_qualifiers=200710L -D__cpp_return_type_deduction=201304L -D__cpp_rtti=199711L -D__cpp_rvalue_references=200610L -D__cpp_static_assert=202306L -D__cpp_static_call_operator=202207L -D__cpp_structured_bindings=202411L -D__cpp_template_auto=201606L -D__cpp_template_template_args=201611L -D__cpp_threadsafe_static_init=200806L -D__cpp_unicode_characters=200704L -D__cpp_unicode_literals=200710L -D__cpp_user_defined_literals=200809L -D__cpp_variable_templates=201304L -D__cpp_variadic_friend=202403L -D__cpp_variadic_templates=200704L -D__cpp_variadic_using=201611L -D__llvm__=1 -D__nonnull=_Nonnull -D__null_unspecified=_Null_unspecified -D__nullable=_Nullable -D__pic__=2 -D__private_extern__=extern -D__strong= -D__unsafe_unretained= '-D__weak=__attribute__((objc_gc(weak)))' --pending_instantiations 512 --exceptions -I/Library/Developer/CommandLineTools/SDKs/MacOSX15.2.sdk/usr/include/c++/v1 -I/Applications/Xcode.app/Contents/Developer/Toolchains/XcodeDefault.xctoolchain/usr/lib/clang/21/include -I/Library/Developer/CommandLineTools/SDKs/MacOSX15.2.sdk/usr/include -I/Applications/Xcode.app/Contents/Developer/Toolchains/XcodeDefault.xctoolchain/usr/include -F/Library/Developer/CommandLineTools/SDKs/MacOSX15.2.sdk/System/Library/Frameworks -- /private/tmp/dfb-213/partial-source/closure_capture_positive.cpp
[E 07:23:41 4385] CODEQL_EXTRACTOR_CPP_TRAP_CACHING is not set
[E 07:23:41 4385] CODEQL_EXTRACTOR_CPP_OPTION_TRAP_CACHE_WRITE is not set
[E 07:23:41 4385] CODEQL_EXTRACTOR_CPP_OPTION_TRAP_CACHE_DIR is not set
[E 07:23:41 4385] Initialising TRAP cache at path: 55/a452/52dfd4a9111e85db74b7638863d7
[E 07:23:41 4385] Not using TRAP cache
[E 07:23:41 4385] TRAP cache miss
[E 07:23:41 4385] Starting compilation TRAP /private/tmp/dfb-213/partial-sdk15-db/trap/cpp/compilations/59/24772976_0.trap.zst
[E 07:23:41 4385] Archiving /private/tmp/dfb-213/partial-sdk15-db/src/private/tmp/dfb-213/partial-source/closure_capture_positive.cpp
[E 07:23:41 4385] Archiving /private/tmp/dfb-213/partial-sdk15-db/src/Library/Developer/CommandLineTools/SDKs/MacOSX15.2.sdk/usr/include/c++/v1/functional
[E 07:23:41 4385] Archiving /private/tmp/dfb-213/partial-sdk15-db/src/Library/Developer/CommandLineTools/SDKs/MacOSX15.2.sdk/usr/include/c++/v1/__algorithm/search.h
[E 07:23:41 4385] Archiving /private/tmp/dfb-213/partial-sdk15-db/src/Library/Developer/CommandLineTools/SDKs/MacOSX15.2.sdk/usr/include/c++/v1/__algorithm/comp.h
[E 07:23:41 4385] Archiving /private/tmp/dfb-213/partial-sdk15-db/src/Library/Developer/CommandLineTools/SDKs/MacOSX15.2.sdk/usr/include/c++/v1/__config
[E 07:23:41 4385] Archiving /private/tmp/dfb-213/partial-sdk15-db/src/Library/Developer/CommandLineTools/SDKs/MacOSX15.2.sdk/usr/include/c++/v1/__config_site
[E 07:23:41 4385] Archiving /private/tmp/dfb-213/partial-sdk15-db/src/Library/Developer/CommandLineTools/SDKs/MacOSX15.2.sdk/usr/include/c++/v1/__type_traits/integral_constant.h
[E 07:23:41 4385] Archiving /private/tmp/dfb-213/partial-sdk15-db/src/Library/Developer/CommandLineTools/SDKs/MacOSX15.2.sdk/usr/include/c++/v1/__type_traits/operation_traits.h
[E 07:23:41 4385] Archiving /private/tmp/dfb-213/partial-sdk15-db/src/Library/Developer/CommandLineTools/SDKs/MacOSX15.2.sdk/usr/include/c++/v1/__algorithm/iterator_operations.h
[E 07:23:41 4385] Archiving /private/tmp/dfb-213/partial-sdk15-db/src/Library/Developer/CommandLineTools/SDKs/MacOSX15.2.sdk/usr/include/c++/v1/__algorithm/iter_swap.h
[E 07:23:41 4385] Archiving /private/tmp/dfb-213/partial-sdk15-db/src/Library/Developer/CommandLineTools/SDKs/MacOSX15.2.sdk/usr/include/c++/v1/__utility/declval.h
[E 07:23:41 4385] Archiving /private/tmp/dfb-213/partial-sdk15-db/src/Library/Developer/CommandLineTools/SDKs/MacOSX15.2.sdk/usr/include/c++/v1/__utility/swap.h
[E 07:23:41 4385] Archiving /private/tmp/dfb-213/partial-sdk15-db/src/Library/Developer/CommandLineTools/SDKs/MacOSX15.2.sdk/usr/include/c++/v1/__type_traits/is_move_assignable.h
[E 07:23:41 4385] Archiving /private/tmp/dfb-213/partial-sdk15-db/src/Library/Developer/CommandLineTools/SDKs/MacOSX15.2.sdk/usr/include/c++/v1/__type_traits/add_lvalue_reference.h
[E 07:23:41 4385] Archiving /private/tmp/dfb-213/partial-sdk15-db/src/Library/Developer/CommandLineTools/SDKs/MacOSX15.2.sdk/usr/include/c++/v1/__type_traits/is_referenceable.h
[E 07:23:41 4385] Archiving /private/tmp/dfb-213/partial-sdk15-db/src/Library/Developer/CommandLineTools/SDKs/MacOSX15.2.sdk/usr/include/c++/v1/__type_traits/is_same.h
[E 07:23:41 4385] Archiving /private/tmp/dfb-213/partial-sdk15-db/src/Library/Developer/CommandLineTools/SDKs/MacOSX15.2.sdk/usr/include/c++/v1/__type_traits/add_rvalue_reference.h
[E 07:23:41 4385] Archiving /private/tmp/dfb-213/partial-sdk15-db/src/Library/Developer/CommandLineTools/SDKs/MacOSX15.2.sdk/usr/include/c++/v1/__type_traits/is_move_constructible.h
[E 07:23:41 4385] Archiving /private/tmp/dfb-213/partial-sdk15-db/src/Library/Developer/CommandLineTools/SDKs/MacOSX15.2.sdk/usr/include/c++/v1/__type_traits/is_nothrow_move_assignable.h
[E 07:23:41 4385] Archiving /private/tmp/dfb-213/partial-sdk15-db/src/Library/Developer/CommandLineTools/SDKs/MacOSX15.2.sdk/usr/include/c++/v1/__type_traits/is_nothrow_move_constructible.h
[E 07:23:41 4385] Archiving /private/tmp/dfb-213/partial-sdk15-db/src/Library/Developer/CommandLineTools/SDKs/MacOSX15.2.sdk/usr/include/c++/v1/__type_traits/is_nothrow_constructible.h
[E 07:23:41 4385] Archiving /private/tmp/dfb-213/partial-sdk15-db/src/Library/Developer/CommandLineTools/SDKs/MacOSX15.2.sdk/usr/include/c++/v1/__type_traits/is_constructible.h
[E 07:23:41 4385] Archiving /private/tmp/dfb-213/partial-sdk15-db/src/Library/Developer/CommandLineTools/SDKs/MacOSX15.2.sdk/usr/include/c++/v1/__type_traits/is_reference.h
[E 07:23:41 4385] Archiving /private/tmp/dfb-213/partial-sdk15-db/src/Library/Developer/CommandLineTools/SDKs/MacOSX15.2.sdk/usr/include/c++/v1/cstddef
[E 07:23:41 4385] Archiving /private/tmp/dfb-213/partial-sdk15-db/src/Library/Developer/CommandLineTools/SDKs/MacOSX15.2.sdk/usr/include/c++/v1/__assert
[E 07:23:41 4385] Archiving /private/tmp/dfb-213/partial-sdk15-db/src/Library/Developer/CommandLineTools/SDKs/MacOSX15.2.sdk/usr/include/c++/v1/__assertion_handler
[E 07:23:41 4385] Archiving /private/tmp/dfb-213/partial-sdk15-db/src/Library/Developer/CommandLineTools/SDKs/MacOSX15.2.sdk/usr/include/c++/v1/__verbose_abort
[E 07:23:41 4385] Archiving /private/tmp/dfb-213/partial-sdk15-db/src/Library/Developer/CommandLineTools/SDKs/MacOSX15.2.sdk/usr/include/c++/v1/__availability
[E 07:23:41 4385] Archiving /private/tmp/dfb-213/partial-sdk15-db/src/Library/Developer/CommandLineTools/SDKs/MacOSX15.2.sdk/usr/include/c++/v1/__type_traits/enable_if.h
[E 07:23:41 4385] Archiving /private/tmp/dfb-213/partial-sdk15-db/src/Library/Developer/CommandLineTools/SDKs/MacOSX15.2.sdk/usr/include/c++/v1/__type_traits/is_integral.h
[E 07:23:41 4385] Archiving /private/tmp/dfb-213/partial-sdk15-db/src/Library/Developer/CommandLineTools/SDKs/MacOSX15.2.sdk/usr/include/c++/v1/__type_traits/remove_cv.h
[E 07:23:41 4385] Archiving /private/tmp/dfb-213/partial-sdk15-db/src/Library/Developer/CommandLineTools/SDKs/MacOSX15.2.sdk/usr/include/c++/v1/__type_traits/remove_const.h
[E 07:23:41 4385] Archiving /private/tmp/dfb-213/partial-sdk15-db/src/Library/Developer/CommandLineTools/SDKs/MacOSX15.2.sdk/usr/include/c++/v1/__type_traits/remove_volatile.h
[E 07:23:41 4385] Archiving /private/tmp/dfb-213/partial-sdk15-db/src/Library/Developer/CommandLineTools/SDKs/MacOSX15.2.sdk/usr/include/c++/v1/version
[E 07:23:41 4385] Archiving /private/tmp/dfb-213/partial-sdk15-db/src/Library/Developer/CommandLineTools/SDKs/MacOSX15.2.sdk/usr/include/c++/v1/stddef.h
[E 07:23:41 4385] Archiving /private/tmp/dfb-213/partial-sdk15-db/src/Applications/Xcode.app/Contents/Developer/Toolchains/XcodeDefault.xctoolchain/usr/lib/clang/21/include/stddef.h
[E 07:23:41 4385] Archiving /private/tmp/dfb-213/partial-sdk15-db/src/Applications/Xcode.app/Contents/Developer/Toolchains/XcodeDefault.xctoolchain/usr/lib/clang/21/include/__stddef_header_macro.h
[E 07:23:41 4385] Archiving /private/tmp/dfb-213/partial-sdk15-db/src/Applications/Xcode.app/Contents/Developer/Toolchains/XcodeDefault.xctoolchain/usr/lib/clang/21/include/__stddef_ptrdiff_t.h
[E 07:23:41 4385] Archiving /private/tmp/dfb-213/partial-sdk15-db/src/Applications/Xcode.app/Contents/Developer/Toolchains/XcodeDefault.xctoolchain/usr/lib/clang/21/include/__stddef_size_t.h
[E 07:23:41 4385] Archiving /private/tmp/dfb-213/partial-sdk15-db/src/Applications/Xcode.app/Contents/Developer/Toolchains/XcodeDefault.xctoolchain/usr/lib/clang/21/include/__stddef_wchar_t.h
[E 07:23:41 4385] Archiving /private/tmp/dfb-213/partial-sdk15-db/src/Applications/Xcode.app/Contents/Developer/Toolchains/XcodeDefault.xctoolchain/usr/lib/clang/21/include/__stddef_null.h
[E 07:23:41 4385] Archiving /private/tmp/dfb-213/partial-sdk15-db/src/Applications/Xcode.app/Contents/Developer/Toolchains/XcodeDefault.xctoolchain/usr/lib/clang/21/include/__stddef_nullptr_t.h
[E 07:23:41 4385] Archiving /private/tmp/dfb-213/partial-sdk15-db/src/Applications/Xcode.app/Contents/Developer/Toolchains/XcodeDefault.xctoolchain/usr/lib/clang/21/include/__stddef_max_align_t.h
[E 07:23:41 4385] Archiving /private/tmp/dfb-213/partial-sdk15-db/src/Applications/Xcode.app/Contents/Developer/Toolchains/XcodeDefault.xctoolchain/usr/lib/clang/21/include/__stddef_offsetof.h
[E 07:23:41 4385] Archiving /private/tmp/dfb-213/partial-sdk15-db/src/Library/Developer/CommandLineTools/SDKs/MacOSX15.2.sdk/usr/include/c++/v1/__type_traits/is_swappable.h
[E 07:23:41 4385] Archiving /private/tmp/dfb-213/partial-sdk15-db/src/Library/Developer/CommandLineTools/SDKs/MacOSX15.2.sdk/usr/include/c++/v1/__type_traits/conditional.h
[E 07:23:41 4385] Archiving /private/tmp/dfb-213/partial-sdk15-db/src/Library/Developer/CommandLineTools/SDKs/MacOSX15.2.sdk/usr/include/c++/v1/__type_traits/is_void.h
[E 07:23:41 4385] Archiving /private/tmp/dfb-213/partial-sdk15-db/src/Library/Developer/CommandLineTools/SDKs/MacOSX15.2.sdk/usr/include/c++/v1/__type_traits/nat.h
[E 07:23:41 4385] Archiving /private/tmp/dfb-213/partial-sdk15-db/src/Library/Developer/CommandLineTools/SDKs/MacOSX15.2.sdk/usr/include/c++/v1/__utility/move.h
[E 07:23:41 4385] Archiving /private/tmp/dfb-213/partial-sdk15-db/src/Library/Developer/CommandLineTools/SDKs/MacOSX15.2.sdk/usr/include/c++/v1/__type_traits/is_copy_constructible.h
[E 07:23:41 4385] Archiving /private/tmp/dfb-213/partial-sdk15-db/src/Library/Developer/CommandLineTools/SDKs/MacOSX15.2.sdk/usr/include/c++/v1/__type_traits/add_const.h
[E 07:23:41 4385] Archiving /private/tmp/dfb-213/partial-sdk15-db/src/Library/Developer/CommandLineTools/SDKs/MacOSX15.2.sdk/usr/include/c++/v1/__type_traits/remove_reference.h
[E 07:23:41 4385] Archiving /private/tmp/dfb-213/partial-sdk15-db/src/Library/Developer/CommandLineTools/SDKs/MacOSX15.2.sdk/usr/include/c++/v1/__undef_macros
[E 07:23:41 4385] Already archived /private/tmp/dfb-213/partial-sdk15-db/src/Library/Developer/CommandLineTools/SDKs/MacOSX15.2.sdk/usr/include/c++/v1/__undef_macros
[E 07:23:41 4385] Archiving /private/tmp/dfb-213/partial-sdk15-db/src/Library/Developer/CommandLineTools/SDKs/MacOSX15.2.sdk/usr/include/c++/v1/__algorithm/ranges_iterator_concept.h
[E 07:23:41 4385] Archiving /private/tmp/dfb-213/partial-sdk15-db/src/Library/Developer/CommandLineTools/SDKs/MacOSX15.2.sdk/usr/include/c++/v1/__iterator/concepts.h
[E 07:23:41 4385] Archiving /private/tmp/dfb-213/partial-sdk15-db/src/Library/Developer/CommandLineTools/SDKs/MacOSX15.2.sdk/usr/include/c++/v1/__concepts/arithmetic.h
[E 07:23:41 4385] Archiving /private/tmp/dfb-213/partial-sdk15-db/src/Library/Developer/CommandLineTools/SDKs/MacOSX15.2.sdk/usr/include/c++/v1/__type_traits/is_floating_point.h
[E 07:23:41 4385] Archiving /private/tmp/dfb-213/partial-sdk15-db/src/Library/Developer/CommandLineTools/SDKs/MacOSX15.2.sdk/usr/include/c++/v1/__type_traits/is_signed.h
[E 07:23:41 4385] Archiving /private/tmp/dfb-213/partial-sdk15-db/src/Library/Developer/CommandLineTools/SDKs/MacOSX15.2.sdk/usr/include/c++/v1/__type_traits/is_arithmetic.h
[E 07:23:41 4385] Archiving /private/tmp/dfb-213/partial-sdk15-db/src/Library/Developer/CommandLineTools/SDKs/MacOSX15.2.sdk/usr/include/c++/v1/__type_traits/is_signed_integer.h
[E 07:23:41 4385] Archiving /private/tmp/dfb-213/partial-sdk15-db/src/Library/Developer/CommandLineTools/SDKs/MacOSX15.2.sdk/usr/include/c++/v1/__type_traits/is_unsigned_integer.h
[E 07:23:41 4385] Archiving /private/tmp/dfb-213/partial-sdk15-db/src/Library/Developer/CommandLineTools/SDKs/MacOSX15.2.sdk/usr/include/c++/v1/__concepts/assignable.h
[E 07:23:41 4385] Archiving /private/tmp/dfb-213/partial-sdk15-db/src/Library/Developer/CommandLineTools/SDKs/MacOSX15.2.sdk/usr/include/c++/v1/__concepts/common_reference_with.h
[E 07:23:41 4385] Archiving /private/tmp/dfb-213/partial-sdk15-db/src/Library/Developer/CommandLineTools/SDKs/MacOSX15.2.sdk/usr/include/c++/v1/__concepts/convertible_to.h
[E 07:23:41 4385] Archiving /private/tmp/dfb-213/partial-sdk15-db/src/Library/Developer/CommandLineTools/SDKs/MacOSX15.2.sdk/usr/include/c++/v1/__type_traits/is_convertible.h
[E 07:23:41 4385] Archiving /private/tmp/dfb-213/partial-sdk15-db/src/Library/Developer/CommandLineTools/SDKs/MacOSX15.2.sdk/usr/include/c++/v1/__type_traits/is_array.h
[E 07:23:41 4385] Archiving /private/tmp/dfb-213/partial-sdk15-db/src/Library/Developer/CommandLineTools/SDKs/MacOSX15.2.sdk/usr/include/c++/v1/__type_traits/is_function.h
[E 07:23:41 4385] Archiving /private/tmp/dfb-213/partial-sdk15-db/src/Library/Developer/CommandLineTools/SDKs/MacOSX15.2.sdk/usr/include/c++/v1/__type_traits/is_const.h
[E 07:23:41 4385] Archiving /private/tmp/dfb-213/partial-sdk15-db/src/Library/Developer/CommandLineTools/SDKs/MacOSX15.2.sdk/usr/include/c++/v1/__concepts/same_as.h
[E 07:23:41 4385] Archiving /private/tmp/dfb-213/partial-sdk15-db/src/Library/Developer/CommandLineTools/SDKs/MacOSX15.2.sdk/usr/include/c++/v1/__type_traits/common_reference.h
[E 07:23:41 4385] Archiving /private/tmp/dfb-213/partial-sdk15-db/src/Library/Developer/CommandLineTools/SDKs/MacOSX15.2.sdk/usr/include/c++/v1/__type_traits/common_type.h
[E 07:23:41 4385] Archiving /private/tmp/dfb-213/partial-sdk15-db/src/Library/Developer/CommandLineTools/SDKs/MacOSX15.2.sdk/usr/include/c++/v1/__type_traits/decay.h
[E 07:23:41 4385] Archiving /private/tmp/dfb-213/partial-sdk15-db/src/Library/Developer/CommandLineTools/SDKs/MacOSX15.2.sdk/usr/include/c++/v1/__type_traits/add_pointer.h
[E 07:23:41 4385] Archiving /private/tmp/dfb-213/partial-sdk15-db/src/Library/Developer/CommandLineTools/SDKs/MacOSX15.2.sdk/usr/include/c++/v1/__type_traits/remove_extent.h
[E 07:23:41 4385] Archiving /private/tmp/dfb-213/partial-sdk15-db/src/Library/Developer/CommandLineTools/SDKs/MacOSX15.2.sdk/usr/include/c++/v1/__type_traits/remove_cvref.h
[E 07:23:41 4385] Archiving /private/tmp/dfb-213/partial-sdk15-db/src/Library/Developer/CommandLineTools/SDKs/MacOSX15.2.sdk/usr/include/c++/v1/__type_traits/void_t.h
[E 07:23:41 4385] Archiving /private/tmp/dfb-213/partial-sdk15-db/src/Library/Developer/CommandLineTools/SDKs/MacOSX15.2.sdk/usr/include/c++/v1/__type_traits/copy_cv.h
[E 07:23:41 4385] Archiving /private/tmp/dfb-213/partial-sdk15-db/src/Library/Developer/CommandLineTools/SDKs/MacOSX15.2.sdk/usr/include/c++/v1/__type_traits/add_cv.h
[E 07:23:41 4385] Archiving /private/tmp/dfb-213/partial-sdk15-db/src/Library/Developer/CommandLineTools/SDKs/MacOSX15.2.sdk/usr/include/c++/v1/__type_traits/add_volatile.h
[E 07:23:41 4385] Archiving /private/tmp/dfb-213/partial-sdk15-db/src/Library/Developer/CommandLineTools/SDKs/MacOSX15.2.sdk/usr/include/c++/v1/__type_traits/copy_cvref.h
[E 07:23:41 4385] Archiving /private/tmp/dfb-213/partial-sdk15-db/src/Library/Developer/CommandLineTools/SDKs/MacOSX15.2.sdk/usr/include/c++/v1/__type_traits/make_const_lvalue_ref.h
[E 07:23:41 4385] Archiving /private/tmp/dfb-213/partial-sdk15-db/src/Library/Developer/CommandLineTools/SDKs/MacOSX15.2.sdk/usr/include/c++/v1/__utility/forward.h
[E 07:23:41 4385] Archiving /private/tmp/dfb-213/partial-sdk15-db/src/Library/Developer/CommandLineTools/SDKs/MacOSX15.2.sdk/usr/include/c++/v1/__concepts/constructible.h
[E 07:23:41 4385] Archiving /private/tmp/dfb-213/partial-sdk15-db/src/Library/Developer/CommandLineTools/SDKs/MacOSX15.2.sdk/usr/include/c++/v1/__concepts/destructible.h
[E 07:23:41 4385] Archiving /private/tmp/dfb-213/partial-sdk15-db/src/Library/Developer/CommandLineTools/SDKs/MacOSX15.2.sdk/usr/include/c++/v1/__type_traits/is_nothrow_destructible.h
[E 07:23:41 4385] Archiving /private/tmp/dfb-213/partial-sdk15-db/src/Library/Developer/CommandLineTools/SDKs/MacOSX15.2.sdk/usr/include/c++/v1/__type_traits/is_destructible.h
[E 07:23:41 4385] Archiving /private/tmp/dfb-213/partial-sdk15-db/src/Library/Developer/CommandLineTools/SDKs/MacOSX15.2.sdk/usr/include/c++/v1/__type_traits/remove_all_extents.h
[E 07:23:41 4385] Archiving /private/tmp/dfb-213/partial-sdk15-db/src/Library/Developer/CommandLineTools/SDKs/MacOSX15.2.sdk/usr/include/c++/v1/__type_traits/is_scalar.h
[E 07:23:41 4385] Archiving /private/tmp/dfb-213/partial-sdk15-db/src/Library/Developer/CommandLineTools/SDKs/MacOSX15.2.sdk/usr/include/c++/v1/__type_traits/is_enum.h
[E 07:23:41 4385] Archiving /private/tmp/dfb-213/partial-sdk15-db/src/Library/Developer/CommandLineTools/SDKs/MacOSX15.2.sdk/usr/include/c++/v1/__type_traits/is_member_pointer.h
[E 07:23:41 4385] Archiving /private/tmp/dfb-213/partial-sdk15-db/src/Library/Developer/CommandLineTools/SDKs/MacOSX15.2.sdk/usr/include/c++/v1/__type_traits/is_member_function_pointer.h
[E 07:23:41 4385] Archiving /private/tmp/dfb-213/partial-sdk15-db/src/Library/Developer/CommandLineTools/SDKs/MacOSX15.2.sdk/usr/include/c++/v1/__type_traits/is_null_pointer.h
[E 07:23:41 4385] Archiving /private/tmp/dfb-213/partial-sdk15-db/src/Library/Developer/CommandLineTools/SDKs/MacOSX15.2.sdk/usr/include/c++/v1/__type_traits/is_pointer.h
[E 07:23:41 4385] Archiving /private/tmp/dfb-213/partial-sdk15-db/src/Library/Developer/CommandLineTools/SDKs/MacOSX15.2.sdk/usr/include/c++/v1/__concepts/copyable.h
[E 07:23:41 4385] Archiving /private/tmp/dfb-213/partial-sdk15-db/src/Library/Developer/CommandLineTools/SDKs/MacOSX15.2.sdk/usr/include/c++/v1/__concepts/movable.h
[E 07:23:41 4385] Archiving /private/tmp/dfb-213/partial-sdk15-db/src/Library/Developer/CommandLineTools/SDKs/MacOSX15.2.sdk/usr/include/c++/v1/__concepts/swappable.h
[E 07:23:41 4385] Archiving /private/tmp/dfb-213/partial-sdk15-db/src/Library/Developer/CommandLineTools/SDKs/MacOSX15.2.sdk/usr/include/c++/v1/__concepts/class_or_enum.h
[E 07:23:41 4385] Archiving /private/tmp/dfb-213/partial-sdk15-db/src/Library/Developer/CommandLineTools/SDKs/MacOSX15.2.sdk/usr/include/c++/v1/__type_traits/is_class.h
[E 07:23:41 4385] Archiving /private/tmp/dfb-213/partial-sdk15-db/src/Library/Developer/CommandLineTools/SDKs/MacOSX15.2.sdk/usr/include/c++/v1/__type_traits/is_union.h
[E 07:23:41 4385] Archiving /private/tmp/dfb-213/partial-sdk15-db/src/Library/Developer/CommandLineTools/SDKs/MacOSX15.2.sdk/usr/include/c++/v1/__type_traits/extent.h
[E 07:23:41 4385] Archiving /private/tmp/dfb-213/partial-sdk15-db/src/Library/Developer/CommandLineTools/SDKs/MacOSX15.2.sdk/usr/include/c++/v1/__utility/exchange.h
[E 07:23:41 4385] Archiving /private/tmp/dfb-213/partial-sdk15-db/src/Library/Developer/CommandLineTools/SDKs/MacOSX15.2.sdk/usr/include/c++/v1/__type_traits/is_nothrow_assignable.h
[E 07:23:41 4385] Already archived /private/tmp/dfb-213/partial-sdk15-db/src/Library/Developer/CommandLineTools/SDKs/MacOSX15.2.sdk/usr/include/c++/v1/__undef_macros
[E 07:23:41 4385] Already archived /private/tmp/dfb-213/partial-sdk15-db/src/Library/Developer/CommandLineTools/SDKs/MacOSX15.2.sdk/usr/include/c++/v1/__undef_macros
[E 07:23:41 4385] Archiving /private/tmp/dfb-213/partial-sdk15-db/src/Library/Developer/CommandLineTools/SDKs/MacOSX15.2.sdk/usr/include/c++/v1/__type_traits/is_object.h
[E 07:23:41 4385] Archiving /private/tmp/dfb-213/partial-sdk15-db/src/Library/Developer/CommandLineTools/SDKs/MacOSX15.2.sdk/usr/include/c++/v1/__concepts/derived_from.h
[E 07:23:41 4385] Archiving /private/tmp/dfb-213/partial-sdk15-db/src/Library/Developer/CommandLineTools/SDKs/MacOSX15.2.sdk/usr/include/c++/v1/__type_traits/is_base_of.h
[E 07:23:41 4385] Archiving /private/tmp/dfb-213/partial-sdk15-db/src/Library/Developer/CommandLineTools/SDKs/MacOSX15.2.sdk/usr/include/c++/v1/__concepts/equality_comparable.h
[E 07:23:41 4385] Archiving /private/tmp/dfb-213/partial-sdk15-db/src/Library/Developer/CommandLineTools/SDKs/MacOSX15.2.sdk/usr/include/c++/v1/__concepts/boolean_testable.h
[E 07:23:41 4385] Archiving /private/tmp/dfb-213/partial-sdk15-db/src/Library/Developer/CommandLineTools/SDKs/MacOSX15.2.sdk/usr/include/c++/v1/__concepts/invocable.h
[E 07:23:41 4385] Archiving /private/tmp/dfb-213/partial-sdk15-db/src/Library/Developer/CommandLineTools/SDKs/MacOSX15.2.sdk/usr/include/c++/v1/__functional/invoke.h
[E 07:23:41 4385] Archiving /private/tmp/dfb-213/partial-sdk15-db/src/Library/Developer/CommandLineTools/SDKs/MacOSX15.2.sdk/usr/include/c++/v1/__type_traits/invoke.h
[E 07:23:41 4385] Archiving /private/tmp/dfb-213/partial-sdk15-db/src/Library/Developer/CommandLineTools/SDKs/MacOSX15.2.sdk/usr/include/c++/v1/__type_traits/apply_cv.h
[E 07:23:41 4385] Archiving /private/tmp/dfb-213/partial-sdk15-db/src/Library/Developer/CommandLineTools/SDKs/MacOSX15.2.sdk/usr/include/c++/v1/__type_traits/is_volatile.h
[E 07:23:41 4385] Archiving /private/tmp/dfb-213/partial-sdk15-db/src/Library/Developer/CommandLineTools/SDKs/MacOSX15.2.sdk/usr/include/c++/v1/__type_traits/is_core_convertible.h
[E 07:23:41 4385] Archiving /private/tmp/dfb-213/partial-sdk15-db/src/Library/Developer/CommandLineTools/SDKs/MacOSX15.2.sdk/usr/include/c++/v1/__type_traits/is_member_object_pointer.h
[E 07:23:41 4385] Archiving /private/tmp/dfb-213/partial-sdk15-db/src/Library/Developer/CommandLineTools/SDKs/MacOSX15.2.sdk/usr/include/c++/v1/__type_traits/is_reference_wrapper.h
[E 07:23:41 4385] Archiving /private/tmp/dfb-213/partial-sdk15-db/src/Library/Developer/CommandLineTools/SDKs/MacOSX15.2.sdk/usr/include/c++/v1/__concepts/predicate.h
[E 07:23:41 4385] Archiving /private/tmp/dfb-213/partial-sdk15-db/src/Library/Developer/CommandLineTools/SDKs/MacOSX15.2.sdk/usr/include/c++/v1/__concepts/regular.h
[E 07:23:41 4385] Archiving /private/tmp/dfb-213/partial-sdk15-db/src/Library/Developer/CommandLineTools/SDKs/MacOSX15.2.sdk/usr/include/c++/v1/__concepts/semiregular.h
[E 07:23:41 4385] Archiving /private/tmp/dfb-213/partial-sdk15-db/src/Library/Developer/CommandLineTools/SDKs/MacOSX15.2.sdk/usr/include/c++/v1/__concepts/relation.h
[E 07:23:41 4385] Archiving /private/tmp/dfb-213/partial-sdk15-db/src/Library/Developer/CommandLineTools/SDKs/MacOSX15.2.sdk/usr/include/c++/v1/__concepts/totally_ordered.h
[E 07:23:41 4385] Archiving /private/tmp/dfb-213/partial-sdk15-db/src/Library/Developer/CommandLineTools/SDKs/MacOSX15.2.sdk/usr/include/c++/v1/__iterator/incrementable_traits.h
[E 07:23:41 4385] Archiving /private/tmp/dfb-213/partial-sdk15-db/src/Library/Developer/CommandLineTools/SDKs/MacOSX15.2.sdk/usr/include/c++/v1/__type_traits/is_primary_template.h
[E 07:23:41 4385] Archiving /private/tmp/dfb-213/partial-sdk15-db/src/Library/Developer/CommandLineTools/SDKs/MacOSX15.2.sdk/usr/include/c++/v1/__type_traits/is_valid_expansion.h
[E 07:23:41 4385] Archiving /private/tmp/dfb-213/partial-sdk15-db/src/Library/Developer/CommandLineTools/SDKs/MacOSX15.2.sdk/usr/include/c++/v1/__type_traits/make_signed.h
[E 07:23:41 4385] Archiving /private/tmp/dfb-213/partial-sdk15-db/src/Library/Developer/CommandLineTools/SDKs/MacOSX15.2.sdk/usr/include/c++/v1/__type_traits/type_list.h
[E 07:23:41 4385] Archiving /private/tmp/dfb-213/partial-sdk15-db/src/Library/Developer/CommandLineTools/SDKs/MacOSX15.2.sdk/usr/include/c++/v1/__iterator/iter_move.h
[E 07:23:41 4385] Archiving /private/tmp/dfb-213/partial-sdk15-db/src/Library/Developer/CommandLineTools/SDKs/MacOSX15.2.sdk/usr/include/c++/v1/__iterator/iterator_traits.h
[E 07:23:41 4385] Archiving /private/tmp/dfb-213/partial-sdk15-db/src/Library/Developer/CommandLineTools/SDKs/MacOSX15.2.sdk/usr/include/c++/v1/__fwd/pair.h
[E 07:23:41 4385] Archiving /private/tmp/dfb-213/partial-sdk15-db/src/Library/Developer/CommandLineTools/SDKs/MacOSX15.2.sdk/usr/include/c++/v1/__iterator/readable_traits.h
[E 07:23:41 4385] Archiving /private/tmp/dfb-213/partial-sdk15-db/src/Library/Developer/CommandLineTools/SDKs/MacOSX15.2.sdk/usr/include/c++/v1/__type_traits/disjunction.h
[E 07:23:41 4385] Already archived /private/tmp/dfb-213/partial-sdk15-db/src/Library/Developer/CommandLineTools/SDKs/MacOSX15.2.sdk/usr/include/c++/v1/__undef_macros
[E 07:23:41 4385] Archiving /private/tmp/dfb-213/partial-sdk15-db/src/Library/Developer/CommandLineTools/SDKs/MacOSX15.2.sdk/usr/include/c++/v1/__memory/pointer_traits.h
[E 07:23:41 4385] Archiving /private/tmp/dfb-213/partial-sdk15-db/src/Library/Developer/CommandLineTools/SDKs/MacOSX15.2.sdk/usr/include/c++/v1/__memory/addressof.h
[E 07:23:41 4385] Archiving /private/tmp/dfb-213/partial-sdk15-db/src/Library/Developer/CommandLineTools/SDKs/MacOSX15.2.sdk/usr/include/c++/v1/__type_traits/conjunction.h
[E 07:23:41 4385] Already archived /private/tmp/dfb-213/partial-sdk15-db/src/Library/Developer/CommandLineTools/SDKs/MacOSX15.2.sdk/usr/include/c++/v1/__undef_macros
[E 07:23:41 4385] Archiving /private/tmp/dfb-213/partial-sdk15-db/src/Library/Developer/CommandLineTools/SDKs/MacOSX15.2.sdk/usr/include/c++/v1/__iterator/advance.h
[E 07:23:41 4385] Archiving /private/tmp/dfb-213/partial-sdk15-db/src/Library/Developer/CommandLineTools/SDKs/MacOSX15.2.sdk/usr/include/c++/v1/__utility/convert_to_integral.h
[E 07:23:41 4385] Archiving /private/tmp/dfb-213/partial-sdk15-db/src/Library/Developer/CommandLineTools/SDKs/MacOSX15.2.sdk/usr/include/c++/v1/__type_traits/underlying_type.h
[E 07:23:41 4385] Archiving /private/tmp/dfb-213/partial-sdk15-db/src/Library/Developer/CommandLineTools/SDKs/MacOSX15.2.sdk/usr/include/c++/v1/__utility/unreachable.h
[E 07:23:41 4385] Archiving /private/tmp/dfb-213/partial-sdk15-db/src/Library/Developer/CommandLineTools/SDKs/MacOSX15.2.sdk/usr/include/c++/v1/limits
[E 07:23:41 4385] Already archived /private/tmp/dfb-213/partial-sdk15-db/src/Library/Developer/CommandLineTools/SDKs/MacOSX15.2.sdk/usr/include/c++/v1/__undef_macros
[E 07:23:41 4385] Archiving /private/tmp/dfb-213/partial-sdk15-db/src/Library/Developer/CommandLineTools/SDKs/MacOSX15.2.sdk/usr/include/c++/v1/type_traits
[E 07:23:41 4385] Archiving /private/tmp/dfb-213/partial-sdk15-db/src/Library/Developer/CommandLineTools/SDKs/MacOSX15.2.sdk/usr/include/c++/v1/__fwd/hash.h
[E 07:23:41 4385] Archiving /private/tmp/dfb-213/partial-sdk15-db/src/Library/Developer/CommandLineTools/SDKs/MacOSX15.2.sdk/usr/include/c++/v1/__type_traits/aligned_storage.h
[E 07:23:41 4385] Archiving /private/tmp/dfb-213/partial-sdk15-db/src/Library/Developer/CommandLineTools/SDKs/MacOSX15.2.sdk/usr/include/c++/v1/__type_traits/aligned_union.h
[E 07:23:41 4385] Archiving /private/tmp/dfb-213/partial-sdk15-db/src/Library/Developer/CommandLineTools/SDKs/MacOSX15.2.sdk/usr/include/c++/v1/__type_traits/alignment_of.h
[E 07:23:41 4385] Archiving /private/tmp/dfb-213/partial-sdk15-db/src/Library/Developer/CommandLineTools/SDKs/MacOSX15.2.sdk/usr/include/c++/v1/__type_traits/can_extract_key.h
[E 07:23:41 4385] Archiving /private/tmp/dfb-213/partial-sdk15-db/src/Library/Developer/CommandLineTools/SDKs/MacOSX15.2.sdk/usr/include/c++/v1/__type_traits/remove_const_ref.h
[E 07:23:41 4385] Archiving /private/tmp/dfb-213/partial-sdk15-db/src/Library/Developer/CommandLineTools/SDKs/MacOSX15.2.sdk/usr/include/c++/v1/__type_traits/dependent_type.h
[E 07:23:41 4385] Archiving /private/tmp/dfb-213/partial-sdk15-db/src/Library/Developer/CommandLineTools/SDKs/MacOSX15.2.sdk/usr/include/c++/v1/__type_traits/has_unique_object_representation.h
[E 07:23:41 4385] Archiving /private/tmp/dfb-213/partial-sdk15-db/src/Library/Developer/CommandLineTools/SDKs/MacOSX15.2.sdk/usr/include/c++/v1/__type_traits/has_virtual_destructor.h
[E 07:23:41 4385] Archiving /private/tmp/dfb-213/partial-sdk15-db/src/Library/Developer/CommandLineTools/SDKs/MacOSX15.2.sdk/usr/include/c++/v1/__type_traits/is_abstract.h
[E 07:23:41 4385] Archiving /private/tmp/dfb-213/partial-sdk15-db/src/Library/Developer/CommandLineTools/SDKs/MacOSX15.2.sdk/usr/include/c++/v1/__type_traits/is_aggregate.h
[E 07:23:41 4385] Archiving /private/tmp/dfb-213/partial-sdk15-db/src/Library/Developer/CommandLineTools/SDKs/MacOSX15.2.sdk/usr/include/c++/v1/__type_traits/is_assignable.h
[E 07:23:41 4385] Archiving /private/tmp/dfb-213/partial-sdk15-db/src/Library/Developer/CommandLineTools/SDKs/MacOSX15.2.sdk/usr/include/c++/v1/__type_traits/is_bounded_array.h
[E 07:23:41 4385] Archiving /private/tmp/dfb-213/partial-sdk15-db/src/Library/Developer/CommandLineTools/SDKs/MacOSX15.2.sdk/usr/include/c++/v1/__type_traits/is_callable.h
[E 07:23:41 4385] Archiving /private/tmp/dfb-213/partial-sdk15-db/src/Library/Developer/CommandLineTools/SDKs/MacOSX15.2.sdk/usr/include/c++/v1/__type_traits/is_char_like_type.h
[E 07:23:41 4385] Archiving /private/tmp/dfb-213/partial-sdk15-db/src/Library/Developer/CommandLineTools/SDKs/MacOSX15.2.sdk/usr/include/c++/v1/__type_traits/is_standard_layout.h
[E 07:23:41 4385] Archiving /private/tmp/dfb-213/partial-sdk15-db/src/Library/Developer/CommandLineTools/SDKs/MacOSX15.2.sdk/usr/include/c++/v1/__type_traits/is_trivial.h
[E 07:23:41 4385] Archiving /private/tmp/dfb-213/partial-sdk15-db/src/Library/Developer/CommandLineTools/SDKs/MacOSX15.2.sdk/usr/include/c++/v1/__type_traits/is_compound.h
[E 07:23:41 4385] Archiving /private/tmp/dfb-213/partial-sdk15-db/src/Library/Developer/CommandLineTools/SDKs/MacOSX15.2.sdk/usr/include/c++/v1/__type_traits/is_fundamental.h
[E 07:23:41 4385] Archiving /private/tmp/dfb-213/partial-sdk15-db/src/Library/Developer/CommandLineTools/SDKs/MacOSX15.2.sdk/usr/include/c++/v1/__type_traits/is_constant_evaluated.h
[E 07:23:41 4385] Archiving /private/tmp/dfb-213/partial-sdk15-db/src/Library/Developer/CommandLineTools/SDKs/MacOSX15.2.sdk/usr/include/c++/v1/__type_traits/is_copy_assignable.h
[E 07:23:41 4385] Archiving /private/tmp/dfb-213/partial-sdk15-db/src/Library/Developer/CommandLineTools/SDKs/MacOSX15.2.sdk/usr/include/c++/v1/__type_traits/is_default_constructible.h
[E 07:23:41 4385] Archiving /private/tmp/dfb-213/partial-sdk15-db/src/Library/Developer/CommandLineTools/SDKs/MacOSX15.2.sdk/usr/include/c++/v1/__type_traits/is_empty.h
[E 07:23:41 4385] Archiving /private/tmp/dfb-213/partial-sdk15-db/src/Library/Developer/CommandLineTools/SDKs/MacOSX15.2.sdk/usr/include/c++/v1/__type_traits/is_final.h
[E 07:23:41 4385] Archiving /private/tmp/dfb-213/partial-sdk15-db/src/Library/Developer/CommandLineTools/SDKs/MacOSX15.2.sdk/usr/include/c++/v1/__type_traits/is_implicitly_default_constructible.h
[E 07:23:41 4385] Archiving /private/tmp/dfb-213/partial-sdk15-db/src/Library/Developer/CommandLineTools/SDKs/MacOSX15.2.sdk/usr/include/c++/v1/__type_traits/is_literal_type.h
[E 07:23:41 4385] Archiving /private/tmp/dfb-213/partial-sdk15-db/src/Library/Developer/CommandLineTools/SDKs/MacOSX15.2.sdk/usr/include/c++/v1/__type_traits/is_nothrow_convertible.h
[E 07:23:41 4385] Archiving /private/tmp/dfb-213/partial-sdk15-db/src/Library/Developer/CommandLineTools/SDKs/MacOSX15.2.sdk/usr/include/c++/v1/__type_traits/lazy.h
[E 07:23:41 4385] Archiving /private/tmp/dfb-213/partial-sdk15-db/src/Library/Developer/CommandLineTools/SDKs/MacOSX15.2.sdk/usr/include/c++/v1/__type_traits/is_nothrow_copy_assignable.h
[E 07:23:41 4385] Archiving /private/tmp/dfb-213/partial-sdk15-db/src/Library/Developer/CommandLineTools/SDKs/MacOSX15.2.sdk/usr/include/c++/v1/__type_traits/is_nothrow_copy_constructible.h
[E 07:23:41 4385] Archiving /private/tmp/dfb-213/partial-sdk15-db/src/Library/Developer/CommandLineTools/SDKs/MacOSX15.2.sdk/usr/include/c++/v1/__type_traits/is_nothrow_default_constructible.h
[E 07:23:41 4385] Archiving /private/tmp/dfb-213/partial-sdk15-db/src/Library/Developer/CommandLineTools/SDKs/MacOSX15.2.sdk/usr/include/c++/v1/__type_traits/is_pod.h
[E 07:23:41 4385] Archiving /private/tmp/dfb-213/partial-sdk15-db/src/Library/Developer/CommandLineTools/SDKs/MacOSX15.2.sdk/usr/include/c++/v1/__type_traits/is_polymorphic.h
[E 07:23:41 4385] Archiving /private/tmp/dfb-213/partial-sdk15-db/src/Library/Developer/CommandLineTools/SDKs/MacOSX15.2.sdk/usr/include/c++/v1/__type_traits/is_scoped_enum.h
[E 07:23:41 4385] Archiving /private/tmp/dfb-213/partial-sdk15-db/src/Library/Developer/CommandLineTools/SDKs/MacOSX15.2.sdk/usr/include/c++/v1/__type_traits/is_specialization.h
[E 07:23:41 4385] Archiving /private/tmp/dfb-213/partial-sdk15-db/src/Library/Developer/CommandLineTools/SDKs/MacOSX15.2.sdk/usr/include/c++/v1/__type_traits/is_trivially_assignable.h
[E 07:23:41 4385] Archiving /private/tmp/dfb-213/partial-sdk15-db/src/Library/Developer/CommandLineTools/SDKs/MacOSX15.2.sdk/usr/include/c++/v1/__type_traits/is_trivially_constructible.h
[E 07:23:41 4385] Archiving /private/tmp/dfb-213/partial-sdk15-db/src/Library/Developer/CommandLineTools/SDKs/MacOSX15.2.sdk/usr/include/c++/v1/__type_traits/is_trivially_copy_assignable.h
[E 07:23:41 4385] Archiving /private/tmp/dfb-213/partial-sdk15-db/src/Library/Developer/CommandLineTools/SDKs/MacOSX15.2.sdk/usr/include/c++/v1/__type_traits/is_trivially_copy_constructible.h
[E 07:23:41 4385] Archiving /private/tmp/dfb-213/partial-sdk15-db/src/Library/Developer/CommandLineTools/SDKs/MacOSX15.2.sdk/usr/include/c++/v1/__type_traits/is_trivially_copyable.h
[E 07:23:41 4385] Archiving /private/tmp/dfb-213/partial-sdk15-db/src/Library/Developer/CommandLineTools/SDKs/MacOSX15.2.sdk/usr/include/c++/v1/cstdint
[E 07:23:41 4385] Archiving /private/tmp/dfb-213/partial-sdk15-db/src/Library/Developer/CommandLineTools/SDKs/MacOSX15.2.sdk/usr/include/c++/v1/stdint.h
[E 07:23:41 4385] Archiving /private/tmp/dfb-213/partial-sdk15-db/src/Applications/Xcode.app/Contents/Developer/Toolchains/XcodeDefault.xctoolchain/usr/lib/clang/21/include/stdint.h
[E 07:23:41 4385] Archiving /private/tmp/dfb-213/partial-sdk15-db/src/Library/Developer/CommandLineTools/SDKs/MacOSX15.2.sdk/usr/include/stdint.h
[E 07:23:41 4385] Archiving /private/tmp/dfb-213/partial-sdk15-db/src/Library/Developer/CommandLineTools/SDKs/MacOSX15.2.sdk/usr/include/sys/_types/_int8_t.h
[E 07:23:41 4385] Archiving /private/tmp/dfb-213/partial-sdk15-db/src/Library/Developer/CommandLineTools/SDKs/MacOSX15.2.sdk/usr/include/sys/_types/_int16_t.h
[E 07:23:41 4385] Archiving /private/tmp/dfb-213/partial-sdk15-db/src/Library/Developer/CommandLineTools/SDKs/MacOSX15.2.sdk/usr/include/sys/_types/_int32_t.h
[E 07:23:41 4385] Archiving /private/tmp/dfb-213/partial-sdk15-db/src/Library/Developer/CommandLineTools/SDKs/MacOSX15.2.sdk/usr/include/sys/_types/_int64_t.h
[E 07:23:41 4385] Archiving /private/tmp/dfb-213/partial-sdk15-db/src/Library/Developer/CommandLineTools/SDKs/MacOSX15.2.sdk/usr/include/_types/_uint8_t.h
[E 07:23:41 4385] Archiving /private/tmp/dfb-213/partial-sdk15-db/src/Library/Developer/CommandLineTools/SDKs/MacOSX15.2.sdk/usr/include/_types/_uint16_t.h
[E 07:23:41 4385] Archiving /private/tmp/dfb-213/partial-sdk15-db/src/Library/Developer/CommandLineTools/SDKs/MacOSX15.2.sdk/usr/include/_types/_uint32_t.h
[E 07:23:41 4385] Archiving /private/tmp/dfb-213/partial-sdk15-db/src/Library/Developer/CommandLineTools/SDKs/MacOSX15.2.sdk/usr/include/_types/_uint64_t.h
[E 07:23:41 4385] Archiving /private/tmp/dfb-213/partial-sdk15-db/src/Library/Developer/CommandLineTools/SDKs/MacOSX15.2.sdk/usr/include/sys/_types.h
[E 07:23:41 4385] Archiving /private/tmp/dfb-213/partial-sdk15-db/src/Library/Developer/CommandLineTools/SDKs/MacOSX15.2.sdk/usr/include/sys/cdefs.h
[E 07:23:41 4385] Archiving /private/tmp/dfb-213/partial-sdk15-db/src/Library/Developer/CommandLineTools/SDKs/MacOSX15.2.sdk/usr/include/sys/_symbol_aliasing.h
[E 07:23:41 4385] Archiving /private/tmp/dfb-213/partial-sdk15-db/src/Library/Developer/CommandLineTools/SDKs/MacOSX15.2.sdk/usr/include/sys/_posix_availability.h
[E 07:23:41 4385] Archiving /private/tmp/dfb-213/partial-sdk15-db/src/Applications/Xcode.app/Contents/Developer/Toolchains/XcodeDefault.xctoolchain/usr/lib/clang/21/include/ptrcheck.h
[E 07:23:41 4385] Archiving /private/tmp/dfb-213/partial-sdk15-db/src/Library/Developer/CommandLineTools/SDKs/MacOSX15.2.sdk/usr/include/machine/_types.h
[E 07:23:41 4385] Archiving /private/tmp/dfb-213/partial-sdk15-db/src/Library/Developer/CommandLineTools/SDKs/MacOSX15.2.sdk/usr/include/arm/_types.h
[E 07:23:41 4385] Archiving /private/tmp/dfb-213/partial-sdk15-db/src/Library/Developer/CommandLineTools/SDKs/MacOSX15.2.sdk/usr/include/sys/_pthread/_pthread_types.h
[E 07:23:41 4385] Archiving /private/tmp/dfb-213/partial-sdk15-db/src/Library/Developer/CommandLineTools/SDKs/MacOSX15.2.sdk/usr/include/sys/_types/_intptr_t.h
[E 07:23:41 4385] Archiving /private/tmp/dfb-213/partial-sdk15-db/src/Library/Developer/CommandLineTools/SDKs/MacOSX15.2.sdk/usr/include/sys/_types/_uintptr_t.h
[E 07:23:41 4385] Archiving /private/tmp/dfb-213/partial-sdk15-db/src/Library/Developer/CommandLineTools/SDKs/MacOSX15.2.sdk/usr/include/_types/_intmax_t.h
[E 07:23:41 4385] Archiving /private/tmp/dfb-213/partial-sdk15-db/src/Library/Developer/CommandLineTools/SDKs/MacOSX15.2.sdk/usr/include/_types/_uintmax_t.h
[E 07:23:41 4385] Archiving /private/tmp/dfb-213/partial-sdk15-db/src/Library/Developer/CommandLineTools/SDKs/MacOSX15.2.sdk/usr/include/c++/v1/__type_traits/is_trivially_default_constructible.h
[E 07:23:41 4385] Archiving /private/tmp/dfb-213/partial-sdk15-db/src/Library/Developer/CommandLineTools/SDKs/MacOSX15.2.sdk/usr/include/c++/v1/__type_traits/is_trivially_destructible.h
[E 07:23:41 4385] Archiving /private/tmp/dfb-213/partial-sdk15-db/src/Library/Developer/CommandLineTools/SDKs/MacOSX15.2.sdk/usr/include/c++/v1/__type_traits/is_trivially_move_assignable.h
[E 07:23:41 4385] Archiving /private/tmp/dfb-213/partial-sdk15-db/src/Library/Developer/CommandLineTools/SDKs/MacOSX15.2.sdk/usr/include/c++/v1/__type_traits/is_trivially_move_constructible.h
[E 07:23:41 4385] Archiving /private/tmp/dfb-213/partial-sdk15-db/src/Library/Developer/CommandLineTools/SDKs/MacOSX15.2.sdk/usr/include/c++/v1/__type_traits/is_unbounded_array.h
[E 07:23:41 4385] Archiving /private/tmp/dfb-213/partial-sdk15-db/src/Library/Developer/CommandLineTools/SDKs/MacOSX15.2.sdk/usr/include/c++/v1/__type_traits/is_unsigned.h
[E 07:23:41 4385] Archiving /private/tmp/dfb-213/partial-sdk15-db/src/Library/Developer/CommandLineTools/SDKs/MacOSX15.2.sdk/usr/include/c++/v1/__type_traits/make_unsigned.h
[E 07:23:41 4385] Archiving /private/tmp/dfb-213/partial-sdk15-db/src/Library/Developer/CommandLineTools/SDKs/MacOSX15.2.sdk/usr/include/c++/v1/__type_traits/maybe_const.h
[E 07:23:41 4385] Archiving /private/tmp/dfb-213/partial-sdk15-db/src/Library/Developer/CommandLineTools/SDKs/MacOSX15.2.sdk/usr/include/c++/v1/__type_traits/negation.h
[E 07:23:41 4385] Archiving /private/tmp/dfb-213/partial-sdk15-db/src/Library/Developer/CommandLineTools/SDKs/MacOSX15.2.sdk/usr/include/c++/v1/__type_traits/rank.h
[E 07:23:41 4385] Archiving /private/tmp/dfb-213/partial-sdk15-db/src/Library/Developer/CommandLineTools/SDKs/MacOSX15.2.sdk/usr/include/c++/v1/__type_traits/remove_pointer.h
[E 07:23:41 4385] Archiving /private/tmp/dfb-213/partial-sdk15-db/src/Library/Developer/CommandLineTools/SDKs/MacOSX15.2.sdk/usr/include/c++/v1/__type_traits/result_of.h
[E 07:23:41 4385] Archiving /private/tmp/dfb-213/partial-sdk15-db/src/Library/Developer/CommandLineTools/SDKs/MacOSX15.2.sdk/usr/include/c++/v1/__type_traits/type_identity.h
[E 07:23:41 4385] Archiving /private/tmp/dfb-213/partial-sdk15-db/src/Library/Developer/CommandLineTools/SDKs/MacOSX15.2.sdk/usr/include/c++/v1/__type_traits/unwrap_ref.h
[E 07:23:41 4385] Already archived /private/tmp/dfb-213/partial-sdk15-db/src/Library/Developer/CommandLineTools/SDKs/MacOSX15.2.sdk/usr/include/c++/v1/__undef_macros
[E 07:23:41 4385] Archiving /private/tmp/dfb-213/partial-sdk15-db/src/Library/Developer/CommandLineTools/SDKs/MacOSX15.2.sdk/usr/include/c++/v1/__iterator/distance.h
[E 07:23:41 4385] Archiving /private/tmp/dfb-213/partial-sdk15-db/src/Library/Developer/CommandLineTools/SDKs/MacOSX15.2.sdk/usr/include/c++/v1/__ranges/access.h
[E 07:23:41 4385] Archiving /private/tmp/dfb-213/partial-sdk15-db/src/Library/Developer/CommandLineTools/SDKs/MacOSX15.2.sdk/usr/include/c++/v1/__ranges/enable_borrowed_range.h
[E 07:23:41 4385] Archiving /private/tmp/dfb-213/partial-sdk15-db/src/Library/Developer/CommandLineTools/SDKs/MacOSX15.2.sdk/usr/include/c++/v1/__utility/auto_cast.h
[E 07:23:41 4385] Archiving /private/tmp/dfb-213/partial-sdk15-db/src/Library/Developer/CommandLineTools/SDKs/MacOSX15.2.sdk/usr/include/c++/v1/__ranges/concepts.h
[E 07:23:41 4385] Archiving /private/tmp/dfb-213/partial-sdk15-db/src/Library/Developer/CommandLineTools/SDKs/MacOSX15.2.sdk/usr/include/c++/v1/__ranges/data.h
[E 07:23:41 4385] Archiving /private/tmp/dfb-213/partial-sdk15-db/src/Library/Developer/CommandLineTools/SDKs/MacOSX15.2.sdk/usr/include/c++/v1/__ranges/enable_view.h
[E 07:23:41 4385] Archiving /private/tmp/dfb-213/partial-sdk15-db/src/Library/Developer/CommandLineTools/SDKs/MacOSX15.2.sdk/usr/include/c++/v1/__ranges/size.h
[E 07:23:41 4385] Archiving /private/tmp/dfb-213/partial-sdk15-db/src/Library/Developer/CommandLineTools/SDKs/MacOSX15.2.sdk/usr/include/c++/v1/initializer_list
[E 07:23:41 4385] Archiving /private/tmp/dfb-213/partial-sdk15-db/src/Library/Developer/CommandLineTools/SDKs/MacOSX15.2.sdk/usr/include/c++/v1/__iterator/iter_swap.h
[E 07:23:41 4385] Already archived /private/tmp/dfb-213/partial-sdk15-db/src/Library/Developer/CommandLineTools/SDKs/MacOSX15.2.sdk/usr/include/c++/v1/__undef_macros
[E 07:23:41 4385] Archiving /private/tmp/dfb-213/partial-sdk15-db/src/Library/Developer/CommandLineTools/SDKs/MacOSX15.2.sdk/usr/include/c++/v1/__iterator/next.h
[E 07:23:41 4385] Archiving /private/tmp/dfb-213/partial-sdk15-db/src/Library/Developer/CommandLineTools/SDKs/MacOSX15.2.sdk/usr/include/c++/v1/__iterator/prev.h
[E 07:23:41 4385] Already archived /private/tmp/dfb-213/partial-sdk15-db/src/Library/Developer/CommandLineTools/SDKs/MacOSX15.2.sdk/usr/include/c++/v1/__undef_macros
[E 07:23:41 4385] Archiving /private/tmp/dfb-213/partial-sdk15-db/src/Library/Developer/CommandLineTools/SDKs/MacOSX15.2.sdk/usr/include/c++/v1/__functional/identity.h
[E 07:23:41 4385] Archiving /private/tmp/dfb-213/partial-sdk15-db/src/Library/Developer/CommandLineTools/SDKs/MacOSX15.2.sdk/usr/include/c++/v1/__functional/reference_wrapper.h
[E 07:23:41 4385] Archiving /private/tmp/dfb-213/partial-sdk15-db/src/Library/Developer/CommandLineTools/SDKs/MacOSX15.2.sdk/usr/include/c++/v1/__functional/weak_result_type.h
[E 07:23:41 4385] Archiving /private/tmp/dfb-213/partial-sdk15-db/src/Library/Developer/CommandLineTools/SDKs/MacOSX15.2.sdk/usr/include/c++/v1/__functional/binary_function.h
[E 07:23:41 4385] Archiving /private/tmp/dfb-213/partial-sdk15-db/src/Library/Developer/CommandLineTools/SDKs/MacOSX15.2.sdk/usr/include/c++/v1/__functional/unary_function.h
[E 07:23:41 4385] Archiving /private/tmp/dfb-213/partial-sdk15-db/src/Library/Developer/CommandLineTools/SDKs/MacOSX15.2.sdk/usr/include/c++/v1/__utility/pair.h
[E 07:23:41 4385] Archiving /private/tmp/dfb-213/partial-sdk15-db/src/Library/Developer/CommandLineTools/SDKs/MacOSX15.2.sdk/usr/include/c++/v1/__compare/common_comparison_category.h
[E 07:23:41 4385] Archiving /private/tmp/dfb-213/partial-sdk15-db/src/Library/Developer/CommandLineTools/SDKs/MacOSX15.2.sdk/usr/include/c++/v1/__compare/ordering.h
[E 07:23:41 4385] Archiving /private/tmp/dfb-213/partial-sdk15-db/src/Library/Developer/CommandLineTools/SDKs/MacOSX15.2.sdk/usr/include/c++/v1/__compare/synth_three_way.h
[E 07:23:41 4385] Archiving /private/tmp/dfb-213/partial-sdk15-db/src/Library/Developer/CommandLineTools/SDKs/MacOSX15.2.sdk/usr/include/c++/v1/__compare/three_way_comparable.h
[E 07:23:41 4385] Archiving /private/tmp/dfb-213/partial-sdk15-db/src/Library/Developer/CommandLineTools/SDKs/MacOSX15.2.sdk/usr/include/c++/v1/__concepts/different_from.h
[E 07:23:41 4385] Archiving /private/tmp/dfb-213/partial-sdk15-db/src/Library/Developer/CommandLineTools/SDKs/MacOSX15.2.sdk/usr/include/c++/v1/__fwd/array.h
[E 07:23:41 4385] Archiving /private/tmp/dfb-213/partial-sdk15-db/src/Library/Developer/CommandLineTools/SDKs/MacOSX15.2.sdk/usr/include/c++/v1/__fwd/get.h
[E 07:23:41 4385] Archiving /private/tmp/dfb-213/partial-sdk15-db/src/Library/Developer/CommandLineTools/SDKs/MacOSX15.2.sdk/usr/include/c++/v1/__fwd/subrange.h
[E 07:23:41 4385] Archiving /private/tmp/dfb-213/partial-sdk15-db/src/Library/Developer/CommandLineTools/SDKs/MacOSX15.2.sdk/usr/include/c++/v1/__fwd/tuple.h
[E 07:23:41 4385] Archiving /private/tmp/dfb-213/partial-sdk15-db/src/Library/Developer/CommandLineTools/SDKs/MacOSX15.2.sdk/usr/include/c++/v1/__tuple/tuple_element.h
[E 07:23:41 4385] Archiving /private/tmp/dfb-213/partial-sdk15-db/src/Library/Developer/CommandLineTools/SDKs/MacOSX15.2.sdk/usr/include/c++/v1/__tuple/tuple_indices.h
[E 07:23:41 4385] Archiving /private/tmp/dfb-213/partial-sdk15-db/src/Library/Developer/CommandLineTools/SDKs/MacOSX15.2.sdk/usr/include/c++/v1/__utility/integer_sequence.h
[E 07:23:41 4385] Archiving /private/tmp/dfb-213/partial-sdk15-db/src/Library/Developer/CommandLineTools/SDKs/MacOSX15.2.sdk/usr/include/c++/v1/__tuple/tuple_types.h
[E 07:23:41 4385] Archiving /private/tmp/dfb-213/partial-sdk15-db/src/Library/Developer/CommandLineTools/SDKs/MacOSX15.2.sdk/usr/include/c++/v1/__tuple/pair_like.h
[E 07:23:41 4385] Archiving /private/tmp/dfb-213/partial-sdk15-db/src/Library/Developer/CommandLineTools/SDKs/MacOSX15.2.sdk/usr/include/c++/v1/__tuple/tuple_like.h
[E 07:23:41 4385] Archiving /private/tmp/dfb-213/partial-sdk15-db/src/Library/Developer/CommandLineTools/SDKs/MacOSX15.2.sdk/usr/include/c++/v1/__tuple/tuple_size.h
[E 07:23:41 4385] Archiving /private/tmp/dfb-213/partial-sdk15-db/src/Library/Developer/CommandLineTools/SDKs/MacOSX15.2.sdk/usr/include/c++/v1/__tuple/sfinae_helpers.h
[E 07:23:41 4385] Archiving /private/tmp/dfb-213/partial-sdk15-db/src/Library/Developer/CommandLineTools/SDKs/MacOSX15.2.sdk/usr/include/c++/v1/__tuple/make_tuple_types.h
[E 07:23:41 4385] Archiving /private/tmp/dfb-213/partial-sdk15-db/src/Library/Developer/CommandLineTools/SDKs/MacOSX15.2.sdk/usr/include/c++/v1/__tuple/tuple_like_ext.h
[E 07:23:41 4385] Archiving /private/tmp/dfb-213/partial-sdk15-db/src/Library/Developer/CommandLineTools/SDKs/MacOSX15.2.sdk/usr/include/c++/v1/__utility/piecewise_construct.h
[E 07:23:41 4385] Already archived /private/tmp/dfb-213/partial-sdk15-db/src/Library/Developer/CommandLineTools/SDKs/MacOSX15.2.sdk/usr/include/c++/v1/__undef_macros
[E 07:23:41 4385] Archiving /private/tmp/dfb-213/partial-sdk15-db/src/Library/Developer/CommandLineTools/SDKs/MacOSX15.2.sdk/usr/include/c++/v1/__compare/compare_three_way.h
[E 07:23:41 4385] Archiving /private/tmp/dfb-213/partial-sdk15-db/src/Library/Developer/CommandLineTools/SDKs/MacOSX15.2.sdk/usr/include/c++/v1/__functional/binary_negate.h
[E 07:23:41 4385] Archiving /private/tmp/dfb-213/partial-sdk15-db/src/Library/Developer/CommandLineTools/SDKs/MacOSX15.2.sdk/usr/include/c++/v1/__functional/bind.h
[E 07:23:41 4385] Archiving /private/tmp/dfb-213/partial-sdk15-db/src/Library/Developer/CommandLineTools/SDKs/MacOSX15.2.sdk/usr/include/c++/v1/tuple
[E 07:23:41 4385] Archiving /private/tmp/dfb-213/partial-sdk15-db/src/Library/Developer/CommandLineTools/SDKs/MacOSX15.2.sdk/usr/include/c++/v1/__memory/allocator_arg_t.h
[E 07:23:41 4385] Archiving /private/tmp/dfb-213/partial-sdk15-db/src/Library/Developer/CommandLineTools/SDKs/MacOSX15.2.sdk/usr/include/c++/v1/__memory/uses_allocator.h
[E 07:23:41 4385] Archiving /private/tmp/dfb-213/partial-sdk15-db/src/Library/Developer/CommandLineTools/SDKs/MacOSX15.2.sdk/usr/include/c++/v1/compare
[E 07:23:41 4385] Archiving /private/tmp/dfb-213/partial-sdk15-db/src/Library/Developer/CommandLineTools/SDKs/MacOSX15.2.sdk/usr/include/c++/v1/__compare/compare_partial_order_fallback.h
[E 07:23:41 4385] Archiving /private/tmp/dfb-213/partial-sdk15-db/src/Library/Developer/CommandLineTools/SDKs/MacOSX15.2.sdk/usr/include/c++/v1/__compare/partial_order.h
[E 07:23:41 4385] Archiving /private/tmp/dfb-213/partial-sdk15-db/src/Library/Developer/CommandLineTools/SDKs/MacOSX15.2.sdk/usr/include/c++/v1/__compare/weak_order.h
[E 07:23:41 4385] Archiving /private/tmp/dfb-213/partial-sdk15-db/src/Library/Developer/CommandLineTools/SDKs/MacOSX15.2.sdk/usr/include/c++/v1/__compare/strong_order.h
[E 07:23:41 4385] Archiving /private/tmp/dfb-213/partial-sdk15-db/src/Library/Developer/CommandLineTools/SDKs/MacOSX15.2.sdk/usr/include/c++/v1/__bit/bit_cast.h
[E 07:23:41 4385] Archiving /private/tmp/dfb-213/partial-sdk15-db/src/Library/Developer/CommandLineTools/SDKs/MacOSX15.2.sdk/usr/include/c++/v1/__utility/priority_tag.h
[E 07:23:41 4385] Archiving /private/tmp/dfb-213/partial-sdk15-db/src/Library/Developer/CommandLineTools/SDKs/MacOSX15.2.sdk/usr/include/c++/v1/cmath
[E 07:23:41 4385] Archiving /private/tmp/dfb-213/partial-sdk15-db/src/Library/Developer/CommandLineTools/SDKs/MacOSX15.2.sdk/usr/include/c++/v1/__type_traits/promote.h
[E 07:23:41 4385] Archiving /private/tmp/dfb-213/partial-sdk15-db/src/Library/Developer/CommandLineTools/SDKs/MacOSX15.2.sdk/usr/include/c++/v1/math.h
[E 07:23:41 4385] Archiving /private/tmp/dfb-213/partial-sdk15-db/src/Library/Developer/CommandLineTools/SDKs/MacOSX15.2.sdk/usr/include/math.h
[E 07:23:41 4385] Archiving /private/tmp/dfb-213/partial-sdk15-db/src/Library/Developer/CommandLineTools/SDKs/MacOSX15.2.sdk/usr/include/Availability.h
[E 07:23:41 4385] Archiving /private/tmp/dfb-213/partial-sdk15-db/src/Library/Developer/CommandLineTools/SDKs/MacOSX15.2.sdk/usr/include/AvailabilityVersions.h
[E 07:23:41 4385] Archiving /private/tmp/dfb-213/partial-sdk15-db/src/Library/Developer/CommandLineTools/SDKs/MacOSX15.2.sdk/usr/include/AvailabilityInternal.h
[E 07:23:41 4385] Archiving /private/tmp/dfb-213/partial-sdk15-db/src/Library/Developer/CommandLineTools/SDKs/MacOSX15.2.sdk/usr/include/AvailabilityInternalLegacy.h
[E 07:23:41 4385] Archiving /private/tmp/dfb-213/partial-sdk15-db/src/Library/Developer/CommandLineTools/SDKs/MacOSX15.2.sdk/usr/include/c++/v1/__math/abs.h
[E 07:23:41 4385] Archiving /private/tmp/dfb-213/partial-sdk15-db/src/Library/Developer/CommandLineTools/SDKs/MacOSX15.2.sdk/usr/include/c++/v1/__math/copysign.h
[E 07:23:41 4385] Archiving /private/tmp/dfb-213/partial-sdk15-db/src/Library/Developer/CommandLineTools/SDKs/MacOSX15.2.sdk/usr/include/c++/v1/__math/error_functions.h
[E 07:23:41 4385] Archiving /private/tmp/dfb-213/partial-sdk15-db/src/Library/Developer/CommandLineTools/SDKs/MacOSX15.2.sdk/usr/include/c++/v1/__math/exponential_functions.h
[E 07:23:41 4385] Archiving /private/tmp/dfb-213/partial-sdk15-db/src/Library/Developer/CommandLineTools/SDKs/MacOSX15.2.sdk/usr/include/c++/v1/__math/fdim.h
[E 07:23:41 4385] Archiving /private/tmp/dfb-213/partial-sdk15-db/src/Library/Developer/CommandLineTools/SDKs/MacOSX15.2.sdk/usr/include/c++/v1/__math/fma.h
[E 07:23:41 4385] Archiving /private/tmp/dfb-213/partial-sdk15-db/src/Library/Developer/CommandLineTools/SDKs/MacOSX15.2.sdk/usr/include/c++/v1/__math/gamma.h
[E 07:23:41 4385] Archiving /private/tmp/dfb-213/partial-sdk15-db/src/Library/Developer/CommandLineTools/SDKs/MacOSX15.2.sdk/usr/include/c++/v1/__math/hyperbolic_functions.h
[E 07:23:41 4385] Archiving /private/tmp/dfb-213/partial-sdk15-db/src/Library/Developer/CommandLineTools/SDKs/MacOSX15.2.sdk/usr/include/c++/v1/__math/hypot.h
[E 07:23:41 4385] Archiving /private/tmp/dfb-213/partial-sdk15-db/src/Library/Developer/CommandLineTools/SDKs/MacOSX15.2.sdk/usr/include/c++/v1/__math/inverse_hyperbolic_functions.h
[E 07:23:41 4385] Archiving /private/tmp/dfb-213/partial-sdk15-db/src/Library/Developer/CommandLineTools/SDKs/MacOSX15.2.sdk/usr/include/c++/v1/__math/inverse_trigonometric_functions.h
[E 07:23:41 4385] Archiving /private/tmp/dfb-213/partial-sdk15-db/src/Library/Developer/CommandLineTools/SDKs/MacOSX15.2.sdk/usr/include/c++/v1/__math/logarithms.h
[E 07:23:41 4385] Archiving /private/tmp/dfb-213/partial-sdk15-db/src/Library/Developer/CommandLineTools/SDKs/MacOSX15.2.sdk/usr/include/c++/v1/__math/min_max.h
[E 07:23:41 4385] Archiving /private/tmp/dfb-213/partial-sdk15-db/src/Library/Developer/CommandLineTools/SDKs/MacOSX15.2.sdk/usr/include/c++/v1/__math/modulo.h
[E 07:23:41 4385] Archiving /private/tmp/dfb-213/partial-sdk15-db/src/Library/Developer/CommandLineTools/SDKs/MacOSX15.2.sdk/usr/include/c++/v1/__math/remainder.h
[E 07:23:41 4385] Archiving /private/tmp/dfb-213/partial-sdk15-db/src/Library/Developer/CommandLineTools/SDKs/MacOSX15.2.sdk/usr/include/c++/v1/__math/roots.h
[E 07:23:41 4385] Archiving /private/tmp/dfb-213/partial-sdk15-db/src/Library/Developer/CommandLineTools/SDKs/MacOSX15.2.sdk/usr/include/c++/v1/__math/rounding_functions.h
[E 07:23:41 4385] Archiving /private/tmp/dfb-213/partial-sdk15-db/src/Library/Developer/CommandLineTools/SDKs/MacOSX15.2.sdk/usr/include/c++/v1/__math/traits.h
[E 07:23:41 4385] Archiving /private/tmp/dfb-213/partial-sdk15-db/src/Library/Developer/CommandLineTools/SDKs/MacOSX15.2.sdk/usr/include/c++/v1/__math/trigonometric_functions.h
[E 07:23:41 4385] Archiving /private/tmp/dfb-213/partial-sdk15-db/src/Library/Developer/CommandLineTools/SDKs/MacOSX15.2.sdk/usr/include/c++/v1/stdlib.h
[E 07:23:41 4385] Archiving /private/tmp/dfb-213/partial-sdk15-db/src/Library/Developer/CommandLineTools/SDKs/MacOSX15.2.sdk/usr/include/stdlib.h
[E 07:23:41 4385] Archiving /private/tmp/dfb-213/partial-sdk15-db/src/Library/Developer/CommandLineTools/SDKs/MacOSX15.2.sdk/usr/include/_stdlib.h
[E 07:23:41 4385] Archiving /private/tmp/dfb-213/partial-sdk15-db/src/Library/Developer/CommandLineTools/SDKs/MacOSX15.2.sdk/usr/include/_types.h
[E 07:23:41 4385] Archiving /private/tmp/dfb-213/partial-sdk15-db/src/Library/Developer/CommandLineTools/SDKs/MacOSX15.2.sdk/usr/include/sys/wait.h
[E 07:23:41 4385] Archiving /private/tmp/dfb-213/partial-sdk15-db/src/Library/Developer/CommandLineTools/SDKs/MacOSX15.2.sdk/usr/include/sys/_types/_pid_t.h
[E 07:23:41 4385] Archiving /private/tmp/dfb-213/partial-sdk15-db/src/Library/Developer/CommandLineTools/SDKs/MacOSX15.2.sdk/usr/include/sys/_types/_id_t.h
[E 07:23:41 4385] Archiving /private/tmp/dfb-213/partial-sdk15-db/src/Library/Developer/CommandLineTools/SDKs/MacOSX15.2.sdk/usr/include/sys/signal.h
[E 07:23:41 4385] Archiving /private/tmp/dfb-213/partial-sdk15-db/src/Library/Developer/CommandLineTools/SDKs/MacOSX15.2.sdk/usr/include/sys/appleapiopts.h
[E 07:23:41 4385] Archiving /private/tmp/dfb-213/partial-sdk15-db/src/Library/Developer/CommandLineTools/SDKs/MacOSX15.2.sdk/usr/include/machine/signal.h
[E 07:23:41 4385] Archiving /private/tmp/dfb-213/partial-sdk15-db/src/Library/Developer/CommandLineTools/SDKs/MacOSX15.2.sdk/usr/include/arm/signal.h
[E 07:23:41 4385] Archiving /private/tmp/dfb-213/partial-sdk15-db/src/Library/Developer/CommandLineTools/SDKs/MacOSX15.2.sdk/usr/include/machine/_mcontext.h
[E 07:23:41 4385] Archiving /private/tmp/dfb-213/partial-sdk15-db/src/Library/Developer/CommandLineTools/SDKs/MacOSX15.2.sdk/usr/include/arm/_mcontext.h
[E 07:23:41 4385] Archiving /private/tmp/dfb-213/partial-sdk15-db/src/Library/Developer/CommandLineTools/SDKs/MacOSX15.2.sdk/usr/include/mach/machine/_structs.h
[E 07:23:41 4385] Archiving /private/tmp/dfb-213/partial-sdk15-db/src/Library/Developer/CommandLineTools/SDKs/MacOSX15.2.sdk/usr/include/mach/arm/_structs.h
[E 07:23:41 4385] Archiving /private/tmp/dfb-213/partial-sdk15-db/src/Library/Developer/CommandLineTools/SDKs/MacOSX15.2.sdk/usr/include/machine/types.h
[E 07:23:41 4385] Archiving /private/tmp/dfb-213/partial-sdk15-db/src/Library/Developer/CommandLineTools/SDKs/MacOSX15.2.sdk/usr/include/arm/types.h
[E 07:23:41 4385] Archiving /private/tmp/dfb-213/partial-sdk15-db/src/Library/Developer/CommandLineTools/SDKs/MacOSX15.2.sdk/usr/include/sys/_types/_u_int8_t.h
[E 07:23:41 4385] Archiving /private/tmp/dfb-213/partial-sdk15-db/src/Library/Developer/CommandLineTools/SDKs/MacOSX15.2.sdk/usr/include/sys/_types/_u_int16_t.h
[E 07:23:41 4385] Archiving /private/tmp/dfb-213/partial-sdk15-db/src/Library/Developer/CommandLineTools/SDKs/MacOSX15.2.sdk/usr/include/sys/_types/_u_int32_t.h
[E 07:23:41 4385] Archiving /private/tmp/dfb-213/partial-sdk15-db/src/Library/Developer/CommandLineTools/SDKs/MacOSX15.2.sdk/usr/include/sys/_types/_u_int64_t.h
[E 07:23:41 4385] Archiving /private/tmp/dfb-213/partial-sdk15-db/src/Library/Developer/CommandLineTools/SDKs/MacOSX15.2.sdk/usr/include/sys/_pthread/_pthread_attr_t.h
[E 07:23:41 4385] Archiving /private/tmp/dfb-213/partial-sdk15-db/src/Library/Developer/CommandLineTools/SDKs/MacOSX15.2.sdk/usr/include/sys/_types/_sigaltstack.h
[E 07:23:41 4385] Archiving /private/tmp/dfb-213/partial-sdk15-db/src/Library/Developer/CommandLineTools/SDKs/MacOSX15.2.sdk/usr/include/sys/_types/_ucontext.h
[E 07:23:41 4385] Archiving /private/tmp/dfb-213/partial-sdk15-db/src/Library/Developer/CommandLineTools/SDKs/MacOSX15.2.sdk/usr/include/sys/_types/_sigset_t.h
[E 07:23:41 4385] Archiving /private/tmp/dfb-213/partial-sdk15-db/src/Library/Developer/CommandLineTools/SDKs/MacOSX15.2.sdk/usr/include/sys/_types/_size_t.h
[E 07:23:41 4385] Archiving /private/tmp/dfb-213/partial-sdk15-db/src/Library/Developer/CommandLineTools/SDKs/MacOSX15.2.sdk/usr/include/sys/_types/_uid_t.h
[E 07:23:41 4385] Archiving /private/tmp/dfb-213/partial-sdk15-db/src/Library/Developer/CommandLineTools/SDKs/MacOSX15.2.sdk/usr/include/sys/resource.h
[E 07:23:41 4385] Archiving /private/tmp/dfb-213/partial-sdk15-db/src/Library/Developer/CommandLineTools/SDKs/MacOSX15.2.sdk/usr/include/sys/_types/_timeval.h
[E 07:23:41 4385] Archiving /private/tmp/dfb-213/partial-sdk15-db/src/Library/Developer/CommandLineTools/SDKs/MacOSX15.2.sdk/usr/include/machine/endian.h
[E 07:23:41 4385] Archiving /private/tmp/dfb-213/partial-sdk15-db/src/Library/Developer/CommandLineTools/SDKs/MacOSX15.2.sdk/usr/include/arm/endian.h
[E 07:23:41 4385] Archiving /private/tmp/dfb-213/partial-sdk15-db/src/Library/Developer/CommandLineTools/SDKs/MacOSX15.2.sdk/usr/include/sys/_endian.h
[E 07:23:41 4385] Archiving /private/tmp/dfb-213/partial-sdk15-db/src/Library/Developer/CommandLineTools/SDKs/MacOSX15.2.sdk/usr/include/machine/_endian.h
[E 07:23:41 4385] Archiving /private/tmp/dfb-213/partial-sdk15-db/src/Library/Developer/CommandLineTools/SDKs/MacOSX15.2.sdk/usr/include/arm/_endian.h
[E 07:23:41 4385] Archiving /private/tmp/dfb-213/partial-sdk15-db/src/Library/Developer/CommandLineTools/SDKs/MacOSX15.2.sdk/usr/include/sys/__endian.h
[E 07:23:41 4385] Archiving /private/tmp/dfb-213/partial-sdk15-db/src/Library/Developer/CommandLineTools/SDKs/MacOSX15.2.sdk/usr/include/libkern/_OSByteOrder.h
[E 07:23:41 4385] Archiving /private/tmp/dfb-213/partial-sdk15-db/src/Library/Developer/CommandLineTools/SDKs/MacOSX15.2.sdk/usr/include/libkern/arm/_OSByteOrder.h
[E 07:23:41 4385] Archiving /private/tmp/dfb-213/partial-sdk15-db/src/Library/Developer/CommandLineTools/SDKs/MacOSX15.2.sdk/usr/include/alloca.h
[E 07:23:41 4385] Already archived /private/tmp/dfb-213/partial-sdk15-db/src/Library/Developer/CommandLineTools/SDKs/MacOSX15.2.sdk/usr/include/sys/_types/_size_t.h
[E 07:23:41 4385] Already archived /private/tmp/dfb-213/partial-sdk15-db/src/Library/Developer/CommandLineTools/SDKs/MacOSX15.2.sdk/usr/include/sys/_types/_size_t.h
[E 07:23:41 4385] Archiving /private/tmp/dfb-213/partial-sdk15-db/src/Library/Developer/CommandLineTools/SDKs/MacOSX15.2.sdk/usr/include/sys/_types/_ct_rune_t.h
[E 07:23:41 4385] Archiving /private/tmp/dfb-213/partial-sdk15-db/src/Library/Developer/CommandLineTools/SDKs/MacOSX15.2.sdk/usr/include/sys/_types/_rune_t.h
[E 07:23:41 4385] Archiving /private/tmp/dfb-213/partial-sdk15-db/src/Library/Developer/CommandLineTools/SDKs/MacOSX15.2.sdk/usr/include/sys/_types/_wchar_t.h
[E 07:23:41 4385] Archiving /private/tmp/dfb-213/partial-sdk15-db/src/Library/Developer/CommandLineTools/SDKs/MacOSX15.2.sdk/usr/include/sys/_types/_null.h
[E 07:23:41 4385] Archiving /private/tmp/dfb-213/partial-sdk15-db/src/Library/Developer/CommandLineTools/SDKs/MacOSX15.2.sdk/usr/include/malloc/_malloc.h
[E 07:23:41 4385] Already archived /private/tmp/dfb-213/partial-sdk15-db/src/Library/Developer/CommandLineTools/SDKs/MacOSX15.2.sdk/usr/include/sys/_types/_size_t.h
[E 07:23:41 4385] Archiving /private/tmp/dfb-213/partial-sdk15-db/src/Library/Developer/CommandLineTools/SDKs/MacOSX15.2.sdk/usr/include/malloc/_malloc_type.h
[E 07:23:41 4385] Archiving /private/tmp/dfb-213/partial-sdk15-db/src/Library/Developer/CommandLineTools/SDKs/MacOSX15.2.sdk/usr/include/malloc/_ptrcheck.h
[E 07:23:41 4385] Already archived /private/tmp/dfb-213/partial-sdk15-db/src/Library/Developer/CommandLineTools/SDKs/MacOSX15.2.sdk/usr/include/sys/_types/_size_t.h
[E 07:23:41 4385] Archiving /private/tmp/dfb-213/partial-sdk15-db/src/Library/Developer/CommandLineTools/SDKs/MacOSX15.2.sdk/usr/include/_abort.h
[E 07:23:41 4385] Archiving /private/tmp/dfb-213/partial-sdk15-db/src/Library/Developer/CommandLineTools/SDKs/MacOSX15.2.sdk/usr/include/sys/_types/_dev_t.h
[E 07:23:41 4385] Archiving /private/tmp/dfb-213/partial-sdk15-db/src/Library/Developer/CommandLineTools/SDKs/MacOSX15.2.sdk/usr/include/sys/_types/_mode_t.h
[E 07:23:41 4385] Already archived /private/tmp/dfb-213/partial-sdk15-db/src/Library/Developer/CommandLineTools/SDKs/MacOSX15.2.sdk/usr/include/c++/v1/__undef_macros
[E 07:23:41 4385] Already archived /private/tmp/dfb-213/partial-sdk15-db/src/Library/Developer/CommandLineTools/SDKs/MacOSX15.2.sdk/usr/include/c++/v1/__undef_macros
[E 07:23:41 4385] Archiving /private/tmp/dfb-213/partial-sdk15-db/src/Library/Developer/CommandLineTools/SDKs/MacOSX15.2.sdk/usr/include/c++/v1/__compare/compare_strong_order_fallback.h
[E 07:23:41 4385] Archiving /private/tmp/dfb-213/partial-sdk15-db/src/Library/Developer/CommandLineTools/SDKs/MacOSX15.2.sdk/usr/include/c++/v1/__compare/compare_three_way_result.h
[E 07:23:41 4385] Archiving /private/tmp/dfb-213/partial-sdk15-db/src/Library/Developer/CommandLineTools/SDKs/MacOSX15.2.sdk/usr/include/c++/v1/__compare/compare_weak_order_fallback.h
[E 07:23:41 4385] Archiving /private/tmp/dfb-213/partial-sdk15-db/src/Library/Developer/CommandLineTools/SDKs/MacOSX15.2.sdk/usr/include/c++/v1/__compare/is_eq.h
[E 07:23:41 4385] Already archived /private/tmp/dfb-213/partial-sdk15-db/src/Library/Developer/CommandLineTools/SDKs/MacOSX15.2.sdk/usr/include/c++/v1/__undef_macros
[E 07:23:41 4385] Archiving /private/tmp/dfb-213/partial-sdk15-db/src/Library/Developer/CommandLineTools/SDKs/MacOSX15.2.sdk/usr/include/c++/v1/exception
[E 07:23:41 4385] Archiving /private/tmp/dfb-213/partial-sdk15-db/src/Library/Developer/CommandLineTools/SDKs/MacOSX15.2.sdk/usr/include/c++/v1/__exception/exception.h
[E 07:23:41 4385] Archiving /private/tmp/dfb-213/partial-sdk15-db/src/Library/Developer/CommandLineTools/SDKs/MacOSX15.2.sdk/usr/include/c++/v1/__exception/exception_ptr.h
[E 07:23:41 4385] Archiving /private/tmp/dfb-213/partial-sdk15-db/src/Library/Developer/CommandLineTools/SDKs/MacOSX15.2.sdk/usr/include/c++/v1/__exception/operations.h
[E 07:23:41 4385] Archiving /private/tmp/dfb-213/partial-sdk15-db/src/Library/Developer/CommandLineTools/SDKs/MacOSX15.2.sdk/usr/include/c++/v1/__memory/construct_at.h
[E 07:23:41 4385] Archiving /private/tmp/dfb-213/partial-sdk15-db/src/Library/Developer/CommandLineTools/SDKs/MacOSX15.2.sdk/usr/include/c++/v1/__iterator/access.h
[E 07:23:41 4385] Archiving /private/tmp/dfb-213/partial-sdk15-db/src/Library/Developer/CommandLineTools/SDKs/MacOSX15.2.sdk/usr/include/c++/v1/__memory/voidify.h
[E 07:23:41 4385] Archiving /private/tmp/dfb-213/partial-sdk15-db/src/Library/Developer/CommandLineTools/SDKs/MacOSX15.2.sdk/usr/include/c++/v1/new
[E 07:23:41 4385] Already archived /private/tmp/dfb-213/partial-sdk15-db/src/Library/Developer/CommandLineTools/SDKs/MacOSX15.2.sdk/usr/include/c++/v1/stdlib.h
[E 07:23:41 4385] Archiving /private/tmp/dfb-213/partial-sdk15-db/src/Library/Developer/CommandLineTools/SDKs/MacOSX15.2.sdk/usr/include/c++/v1/cstdlib
[E 07:23:41 4385] Already archived /private/tmp/dfb-213/partial-sdk15-db/src/Library/Developer/CommandLineTools/SDKs/MacOSX15.2.sdk/usr/include/c++/v1/stdlib.h
[E 07:23:41 4385] Already archived /private/tmp/dfb-213/partial-sdk15-db/src/Library/Developer/CommandLineTools/SDKs/MacOSX15.2.sdk/usr/include/c++/v1/__undef_macros
[E 07:23:41 4385] Archiving /private/tmp/dfb-213/partial-sdk15-db/src/Library/Developer/CommandLineTools/SDKs/MacOSX15.2.sdk/usr/include/c++/v1/typeinfo
[E 07:23:41 4385] Archiving /private/tmp/dfb-213/partial-sdk15-db/src/Library/Developer/CommandLineTools/SDKs/MacOSX15.2.sdk/usr/include/c++/v1/__exception/nested_exception.h
[E 07:23:41 4385] Archiving /private/tmp/dfb-213/partial-sdk15-db/src/Library/Developer/CommandLineTools/SDKs/MacOSX15.2.sdk/usr/include/c++/v1/__exception/terminate.h
[E 07:23:41 4385] Archiving /private/tmp/dfb-213/partial-sdk15-db/src/Library/Developer/CommandLineTools/SDKs/MacOSX15.2.sdk/usr/include/c++/v1/iosfwd
[E 07:23:41 4385] Archiving /private/tmp/dfb-213/partial-sdk15-db/src/Library/Developer/CommandLineTools/SDKs/MacOSX15.2.sdk/usr/include/c++/v1/__fwd/fstream.h
[E 07:23:41 4385] Archiving /private/tmp/dfb-213/partial-sdk15-db/src/Library/Developer/CommandLineTools/SDKs/MacOSX15.2.sdk/usr/include/c++/v1/__fwd/string.h
[E 07:23:41 4385] Archiving /private/tmp/dfb-213/partial-sdk15-db/src/Library/Developer/CommandLineTools/SDKs/MacOSX15.2.sdk/usr/include/c++/v1/__fwd/memory_resource.h
[E 07:23:41 4385] Archiving /private/tmp/dfb-213/partial-sdk15-db/src/Library/Developer/CommandLineTools/SDKs/MacOSX15.2.sdk/usr/include/c++/v1/__fwd/ios.h
[E 07:23:41 4385] Archiving /private/tmp/dfb-213/partial-sdk15-db/src/Library/Developer/CommandLineTools/SDKs/MacOSX15.2.sdk/usr/include/c++/v1/__fwd/istream.h
[E 07:23:41 4385] Archiving /private/tmp/dfb-213/partial-sdk15-db/src/Library/Developer/CommandLineTools/SDKs/MacOSX15.2.sdk/usr/include/c++/v1/__fwd/ostream.h
[E 07:23:41 4385] Archiving /private/tmp/dfb-213/partial-sdk15-db/src/Library/Developer/CommandLineTools/SDKs/MacOSX15.2.sdk/usr/include/c++/v1/__fwd/sstream.h
[E 07:23:41 4385] Archiving /private/tmp/dfb-213/partial-sdk15-db/src/Library/Developer/CommandLineTools/SDKs/MacOSX15.2.sdk/usr/include/c++/v1/__fwd/streambuf.h
[E 07:23:41 4385] Archiving /private/tmp/dfb-213/partial-sdk15-db/src/Library/Developer/CommandLineTools/SDKs/MacOSX15.2.sdk/usr/include/c++/v1/__std_mbstate_t.h
[E 07:23:41 4385] Archiving /private/tmp/dfb-213/partial-sdk15-db/src/Library/Developer/CommandLineTools/SDKs/MacOSX15.2.sdk/usr/include/c++/v1/__mbstate_t.h
[E 07:23:41 4385] Archiving /private/tmp/dfb-213/partial-sdk15-db/src/Library/Developer/CommandLineTools/SDKs/MacOSX15.2.sdk/usr/include/sys/_types/_mbstate_t.h
[E 07:23:41 4385] Archiving /private/tmp/dfb-213/partial-sdk15-db/src/Library/Developer/CommandLineTools/SDKs/MacOSX15.2.sdk/usr/include/c++/v1/utility
[E 07:23:41 4385] Archiving /private/tmp/dfb-213/partial-sdk15-db/src/Library/Developer/CommandLineTools/SDKs/MacOSX15.2.sdk/usr/include/c++/v1/__utility/as_const.h
[E 07:23:41 4385] Archiving /private/tmp/dfb-213/partial-sdk15-db/src/Library/Developer/CommandLineTools/SDKs/MacOSX15.2.sdk/usr/include/c++/v1/__utility/as_lvalue.h
[E 07:23:41 4385] Already archived /private/tmp/dfb-213/partial-sdk15-db/src/Library/Developer/CommandLineTools/SDKs/MacOSX15.2.sdk/usr/include/c++/v1/__undef_macros
[E 07:23:41 4385] Archiving /private/tmp/dfb-213/partial-sdk15-db/src/Library/Developer/CommandLineTools/SDKs/MacOSX15.2.sdk/usr/include/c++/v1/__utility/cmp.h
[E 07:23:41 4385] Already archived /private/tmp/dfb-213/partial-sdk15-db/src/Library/Developer/CommandLineTools/SDKs/MacOSX15.2.sdk/usr/include/c++/v1/__undef_macros
[E 07:23:41 4385] Archiving /private/tmp/dfb-213/partial-sdk15-db/src/Library/Developer/CommandLineTools/SDKs/MacOSX15.2.sdk/usr/include/c++/v1/__utility/exception_guard.h
[E 07:23:41 4385] Already archived /private/tmp/dfb-213/partial-sdk15-db/src/Library/Developer/CommandLineTools/SDKs/MacOSX15.2.sdk/usr/include/c++/v1/__undef_macros
[E 07:23:41 4385] Archiving /private/tmp/dfb-213/partial-sdk15-db/src/Library/Developer/CommandLineTools/SDKs/MacOSX15.2.sdk/usr/include/c++/v1/__utility/forward_like.h
[E 07:23:41 4385] Archiving /private/tmp/dfb-213/partial-sdk15-db/src/Library/Developer/CommandLineTools/SDKs/MacOSX15.2.sdk/usr/include/c++/v1/__utility/in_place.h
[E 07:23:41 4385] Archiving /private/tmp/dfb-213/partial-sdk15-db/src/Library/Developer/CommandLineTools/SDKs/MacOSX15.2.sdk/usr/include/c++/v1/__utility/rel_ops.h
[E 07:23:41 4385] Archiving /private/tmp/dfb-213/partial-sdk15-db/src/Library/Developer/CommandLineTools/SDKs/MacOSX15.2.sdk/usr/include/c++/v1/__utility/to_underlying.h
[E 07:23:41 4385] Archiving /private/tmp/dfb-213/partial-sdk15-db/src/Library/Developer/CommandLineTools/SDKs/MacOSX15.2.sdk/usr/include/c++/v1/__functional/bind_back.h
[E 07:23:41 4385] Archiving /private/tmp/dfb-213/partial-sdk15-db/src/Library/Developer/CommandLineTools/SDKs/MacOSX15.2.sdk/usr/include/c++/v1/__functional/perfect_forward.h
[E 07:23:41 4385] Already archived /private/tmp/dfb-213/partial-sdk15-db/src/Library/Developer/CommandLineTools/SDKs/MacOSX15.2.sdk/usr/include/c++/v1/__undef_macros
[E 07:23:41 4385] Archiving /private/tmp/dfb-213/partial-sdk15-db/src/Library/Developer/CommandLineTools/SDKs/MacOSX15.2.sdk/usr/include/c++/v1/__functional/bind_front.h
[E 07:23:41 4385] Archiving /private/tmp/dfb-213/partial-sdk15-db/src/Library/Developer/CommandLineTools/SDKs/MacOSX15.2.sdk/usr/include/c++/v1/__functional/binder1st.h
[E 07:23:41 4385] Archiving /private/tmp/dfb-213/partial-sdk15-db/src/Library/Developer/CommandLineTools/SDKs/MacOSX15.2.sdk/usr/include/c++/v1/__functional/binder2nd.h
[E 07:23:41 4385] Archiving /private/tmp/dfb-213/partial-sdk15-db/src/Library/Developer/CommandLineTools/SDKs/MacOSX15.2.sdk/usr/include/c++/v1/__functional/boyer_moore_searcher.h
[E 07:23:41 4385] Archiving /private/tmp/dfb-213/partial-sdk15-db/src/Library/Developer/CommandLineTools/SDKs/MacOSX15.2.sdk/usr/include/c++/v1/__algorithm/fill_n.h
[E 07:23:41 4385] Archiving /private/tmp/dfb-213/partial-sdk15-db/src/Library/Developer/CommandLineTools/SDKs/MacOSX15.2.sdk/usr/include/c++/v1/__functional/hash.h
[E 07:23:41 4385] Archiving /private/tmp/dfb-213/partial-sdk15-db/src/Library/Developer/CommandLineTools/SDKs/MacOSX15.2.sdk/usr/include/c++/v1/cstring
[E 07:23:41 4385] Archiving /private/tmp/dfb-213/partial-sdk15-db/src/Library/Developer/CommandLineTools/SDKs/MacOSX15.2.sdk/usr/include/c++/v1/string.h
[E 07:23:41 4385] Archiving /private/tmp/dfb-213/partial-sdk15-db/src/Library/Developer/CommandLineTools/SDKs/MacOSX15.2.sdk/usr/include/string.h
[E 07:23:41 4385] Archiving /private/tmp/dfb-213/partial-sdk15-db/src/Library/Developer/CommandLineTools/SDKs/MacOSX15.2.sdk/usr/include/_string.h
[E 07:23:41 4385] Already archived /private/tmp/dfb-213/partial-sdk15-db/src/Library/Developer/CommandLineTools/SDKs/MacOSX15.2.sdk/usr/include/sys/_types/_size_t.h
[E 07:23:41 4385] Already archived /private/tmp/dfb-213/partial-sdk15-db/src/Library/Developer/CommandLineTools/SDKs/MacOSX15.2.sdk/usr/include/sys/_types/_null.h
[E 07:23:41 4385] Archiving /private/tmp/dfb-213/partial-sdk15-db/src/Library/Developer/CommandLineTools/SDKs/MacOSX15.2.sdk/usr/include/sys/_types/_ssize_t.h
[E 07:23:41 4385] Archiving /private/tmp/dfb-213/partial-sdk15-db/src/Library/Developer/CommandLineTools/SDKs/MacOSX15.2.sdk/usr/include/_strings.h
[E 07:23:41 4385] Already archived /private/tmp/dfb-213/partial-sdk15-db/src/Library/Developer/CommandLineTools/SDKs/MacOSX15.2.sdk/usr/include/sys/_types/_size_t.h
[E 07:23:41 4385] Archiving /private/tmp/dfb-213/partial-sdk15-db/src/Library/Developer/CommandLineTools/SDKs/MacOSX15.2.sdk/usr/include/c++/v1/__functional/operations.h
[E 07:23:41 4385] Archiving /private/tmp/dfb-213/partial-sdk15-db/src/Library/Developer/CommandLineTools/SDKs/MacOSX15.2.sdk/usr/include/c++/v1/__memory/shared_ptr.h
[E 07:23:41 4385] Archiving /private/tmp/dfb-213/partial-sdk15-db/src/Library/Developer/CommandLineTools/SDKs/MacOSX15.2.sdk/usr/include/c++/v1/__memory/allocation_guard.h
[E 07:23:41 4385] Archiving /private/tmp/dfb-213/partial-sdk15-db/src/Library/Developer/CommandLineTools/SDKs/MacOSX15.2.sdk/usr/include/c++/v1/__memory/allocator_traits.h
[E 07:23:41 4385] Already archived /private/tmp/dfb-213/partial-sdk15-db/src/Library/Developer/CommandLineTools/SDKs/MacOSX15.2.sdk/usr/include/c++/v1/__undef_macros
[E 07:23:41 4385] Already archived /private/tmp/dfb-213/partial-sdk15-db/src/Library/Developer/CommandLineTools/SDKs/MacOSX15.2.sdk/usr/include/c++/v1/__undef_macros
[E 07:23:41 4385] Archiving /private/tmp/dfb-213/partial-sdk15-db/src/Library/Developer/CommandLineTools/SDKs/MacOSX15.2.sdk/usr/include/c++/v1/__memory/allocator.h
[E 07:23:41 4385] Archiving /private/tmp/dfb-213/partial-sdk15-db/src/Library/Developer/CommandLineTools/SDKs/MacOSX15.2.sdk/usr/include/c++/v1/__memory/allocate_at_least.h
[E 07:23:41 4385] Archiving /private/tmp/dfb-213/partial-sdk15-db/src/Library/Developer/CommandLineTools/SDKs/MacOSX15.2.sdk/usr/include/c++/v1/__memory/allocator_destructor.h
[E 07:23:41 4385] Archiving /private/tmp/dfb-213/partial-sdk15-db/src/Library/Developer/CommandLineTools/SDKs/MacOSX15.2.sdk/usr/include/c++/v1/__memory/auto_ptr.h
[E 07:23:41 4385] Archiving /private/tmp/dfb-213/partial-sdk15-db/src/Library/Developer/CommandLineTools/SDKs/MacOSX15.2.sdk/usr/include/c++/v1/__memory/compressed_pair.h
[E 07:23:41 4385] Already archived /private/tmp/dfb-213/partial-sdk15-db/src/Library/Developer/CommandLineTools/SDKs/MacOSX15.2.sdk/usr/include/c++/v1/__undef_macros
[E 07:23:41 4385] Archiving /private/tmp/dfb-213/partial-sdk15-db/src/Library/Developer/CommandLineTools/SDKs/MacOSX15.2.sdk/usr/include/c++/v1/__memory/uninitialized_algorithms.h
[E 07:23:41 4385] Archiving /private/tmp/dfb-213/partial-sdk15-db/src/Library/Developer/CommandLineTools/SDKs/MacOSX15.2.sdk/usr/include/c++/v1/__algorithm/copy.h
[E 07:23:41 4385] Archiving /private/tmp/dfb-213/partial-sdk15-db/src/Library/Developer/CommandLineTools/SDKs/MacOSX15.2.sdk/usr/include/c++/v1/__algorithm/copy_move_common.h
[E 07:23:41 4385] Archiving /private/tmp/dfb-213/partial-sdk15-db/src/Library/Developer/CommandLineTools/SDKs/MacOSX15.2.sdk/usr/include/c++/v1/__algorithm/unwrap_iter.h
[E 07:23:41 4385] Already archived /private/tmp/dfb-213/partial-sdk15-db/src/Library/Developer/CommandLineTools/SDKs/MacOSX15.2.sdk/usr/include/c++/v1/__undef_macros
[E 07:23:41 4385] Archiving /private/tmp/dfb-213/partial-sdk15-db/src/Library/Developer/CommandLineTools/SDKs/MacOSX15.2.sdk/usr/include/c++/v1/__algorithm/unwrap_range.h
[E 07:23:41 4385] Already archived /private/tmp/dfb-213/partial-sdk15-db/src/Library/Developer/CommandLineTools/SDKs/MacOSX15.2.sdk/usr/include/c++/v1/__undef_macros
[E 07:23:41 4385] Archiving /private/tmp/dfb-213/partial-sdk15-db/src/Library/Developer/CommandLineTools/SDKs/MacOSX15.2.sdk/usr/include/c++/v1/__string/constexpr_c_functions.h
[E 07:23:41 4385] Archiving /private/tmp/dfb-213/partial-sdk15-db/src/Library/Developer/CommandLineTools/SDKs/MacOSX15.2.sdk/usr/include/c++/v1/__type_traits/datasizeof.h
[E 07:23:41 4385] Archiving /private/tmp/dfb-213/partial-sdk15-db/src/Library/Developer/CommandLineTools/SDKs/MacOSX15.2.sdk/usr/include/c++/v1/__type_traits/is_always_bitcastable.h
[E 07:23:41 4385] Archiving /private/tmp/dfb-213/partial-sdk15-db/src/Library/Developer/CommandLineTools/SDKs/MacOSX15.2.sdk/usr/include/c++/v1/__type_traits/is_equality_comparable.h
[E 07:23:41 4385] Archiving /private/tmp/dfb-213/partial-sdk15-db/src/Library/Developer/CommandLineTools/SDKs/MacOSX15.2.sdk/usr/include/c++/v1/__type_traits/is_trivially_lexicographically_comparable.h
[E 07:23:41 4385] Archiving /private/tmp/dfb-213/partial-sdk15-db/src/Library/Developer/CommandLineTools/SDKs/MacOSX15.2.sdk/usr/include/c++/v1/__utility/is_pointer_in_range.h
[E 07:23:41 4385] Already archived /private/tmp/dfb-213/partial-sdk15-db/src/Library/Developer/CommandLineTools/SDKs/MacOSX15.2.sdk/usr/include/c++/v1/__undef_macros
[E 07:23:41 4385] Archiving /private/tmp/dfb-213/partial-sdk15-db/src/Library/Developer/CommandLineTools/SDKs/MacOSX15.2.sdk/usr/include/c++/v1/__algorithm/for_each_segment.h
[E 07:23:41 4385] Archiving /private/tmp/dfb-213/partial-sdk15-db/src/Library/Developer/CommandLineTools/SDKs/MacOSX15.2.sdk/usr/include/c++/v1/__iterator/segmented_iterator.h
[E 07:23:41 4385] Archiving /private/tmp/dfb-213/partial-sdk15-db/src/Library/Developer/CommandLineTools/SDKs/MacOSX15.2.sdk/usr/include/c++/v1/__algorithm/min.h
[E 07:23:41 4385] Archiving /private/tmp/dfb-213/partial-sdk15-db/src/Library/Developer/CommandLineTools/SDKs/MacOSX15.2.sdk/usr/include/c++/v1/__algorithm/comp_ref_type.h
[E 07:23:41 4385] Archiving /private/tmp/dfb-213/partial-sdk15-db/src/Library/Developer/CommandLineTools/SDKs/MacOSX15.2.sdk/usr/include/c++/v1/__algorithm/min_element.h
[E 07:23:41 4385] Already archived /private/tmp/dfb-213/partial-sdk15-db/src/Library/Developer/CommandLineTools/SDKs/MacOSX15.2.sdk/usr/include/c++/v1/__undef_macros
[E 07:23:41 4385] Already archived /private/tmp/dfb-213/partial-sdk15-db/src/Library/Developer/CommandLineTools/SDKs/MacOSX15.2.sdk/usr/include/c++/v1/__undef_macros
[E 07:23:41 4385] Already archived /private/tmp/dfb-213/partial-sdk15-db/src/Library/Developer/CommandLineTools/SDKs/MacOSX15.2.sdk/usr/include/c++/v1/__undef_macros
[E 07:23:41 4385] Archiving /private/tmp/dfb-213/partial-sdk15-db/src/Library/Developer/CommandLineTools/SDKs/MacOSX15.2.sdk/usr/include/c++/v1/__algorithm/move.h
[E 07:23:41 4385] Already archived /private/tmp/dfb-213/partial-sdk15-db/src/Library/Developer/CommandLineTools/SDKs/MacOSX15.2.sdk/usr/include/c++/v1/__undef_macros
[E 07:23:41 4385] Archiving /private/tmp/dfb-213/partial-sdk15-db/src/Library/Developer/CommandLineTools/SDKs/MacOSX15.2.sdk/usr/include/c++/v1/__iterator/reverse_iterator.h
[E 07:23:41 4385] Archiving /private/tmp/dfb-213/partial-sdk15-db/src/Library/Developer/CommandLineTools/SDKs/MacOSX15.2.sdk/usr/include/c++/v1/__iterator/iterator.h
[E 07:23:41 4385] Archiving /private/tmp/dfb-213/partial-sdk15-db/src/Library/Developer/CommandLineTools/SDKs/MacOSX15.2.sdk/usr/include/c++/v1/__ranges/subrange.h
[E 07:23:41 4385] Archiving /private/tmp/dfb-213/partial-sdk15-db/src/Library/Developer/CommandLineTools/SDKs/MacOSX15.2.sdk/usr/include/c++/v1/__ranges/dangling.h
[E 07:23:41 4385] Archiving /private/tmp/dfb-213/partial-sdk15-db/src/Library/Developer/CommandLineTools/SDKs/MacOSX15.2.sdk/usr/include/c++/v1/__ranges/view_interface.h
[E 07:23:41 4385] Archiving /private/tmp/dfb-213/partial-sdk15-db/src/Library/Developer/CommandLineTools/SDKs/MacOSX15.2.sdk/usr/include/c++/v1/__ranges/empty.h
[E 07:23:41 4385] Already archived /private/tmp/dfb-213/partial-sdk15-db/src/Library/Developer/CommandLineTools/SDKs/MacOSX15.2.sdk/usr/include/c++/v1/__undef_macros
[E 07:23:41 4385] Already archived /private/tmp/dfb-213/partial-sdk15-db/src/Library/Developer/CommandLineTools/SDKs/MacOSX15.2.sdk/usr/include/c++/v1/__undef_macros
[E 07:23:41 4385] Archiving /private/tmp/dfb-213/partial-sdk15-db/src/Library/Developer/CommandLineTools/SDKs/MacOSX15.2.sdk/usr/include/c++/v1/__memory/unique_ptr.h
[E 07:23:41 4385] Already archived /private/tmp/dfb-213/partial-sdk15-db/src/Library/Developer/CommandLineTools/SDKs/MacOSX15.2.sdk/usr/include/c++/v1/__undef_macros
[E 07:23:41 4385] Archiving /private/tmp/dfb-213/partial-sdk15-db/src/Library/Developer/CommandLineTools/SDKs/MacOSX15.2.sdk/usr/include/c++/v1/__atomic/memory_order.h
[E 07:23:41 4385] Already archived /private/tmp/dfb-213/partial-sdk15-db/src/Library/Developer/CommandLineTools/SDKs/MacOSX15.2.sdk/usr/include/c++/v1/__undef_macros
[E 07:23:41 4385] Archiving /private/tmp/dfb-213/partial-sdk15-db/src/Library/Developer/CommandLineTools/SDKs/MacOSX15.2.sdk/usr/include/c++/v1/array
[E 07:23:41 4385] Archiving /private/tmp/dfb-213/partial-sdk15-db/src/Library/Developer/CommandLineTools/SDKs/MacOSX15.2.sdk/usr/include/c++/v1/__algorithm/equal.h
[E 07:23:41 4385] Already archived /private/tmp/dfb-213/partial-sdk15-db/src/Library/Developer/CommandLineTools/SDKs/MacOSX15.2.sdk/usr/include/c++/v1/__undef_macros
[E 07:23:41 4385] Archiving /private/tmp/dfb-213/partial-sdk15-db/src/Library/Developer/CommandLineTools/SDKs/MacOSX15.2.sdk/usr/include/c++/v1/__algorithm/lexicographical_compare.h
[E 07:23:41 4385] Archiving /private/tmp/dfb-213/partial-sdk15-db/src/Library/Developer/CommandLineTools/SDKs/MacOSX15.2.sdk/usr/include/c++/v1/__algorithm/lexicographical_compare_three_way.h
[E 07:23:41 4385] Archiving /private/tmp/dfb-213/partial-sdk15-db/src/Library/Developer/CommandLineTools/SDKs/MacOSX15.2.sdk/usr/include/c++/v1/__algorithm/three_way_comp_ref_type.h
[E 07:23:41 4385] Already archived /private/tmp/dfb-213/partial-sdk15-db/src/Library/Developer/CommandLineTools/SDKs/MacOSX15.2.sdk/usr/include/c++/v1/__undef_macros
[E 07:23:41 4385] Archiving /private/tmp/dfb-213/partial-sdk15-db/src/Library/Developer/CommandLineTools/SDKs/MacOSX15.2.sdk/usr/include/c++/v1/__algorithm/swap_ranges.h
[E 07:23:41 4385] Already archived /private/tmp/dfb-213/partial-sdk15-db/src/Library/Developer/CommandLineTools/SDKs/MacOSX15.2.sdk/usr/include/c++/v1/__undef_macros
[E 07:23:41 4385] Archiving /private/tmp/dfb-213/partial-sdk15-db/src/Library/Developer/CommandLineTools/SDKs/MacOSX15.2.sdk/usr/include/c++/v1/__utility/empty.h
[E 07:23:41 4385] Archiving /private/tmp/dfb-213/partial-sdk15-db/src/Library/Developer/CommandLineTools/SDKs/MacOSX15.2.sdk/usr/include/c++/v1/stdexcept
[E 07:23:41 4385] Already archived /private/tmp/dfb-213/partial-sdk15-db/src/Library/Developer/CommandLineTools/SDKs/MacOSX15.2.sdk/usr/include/c++/v1/stdlib.h
[E 07:23:41 4385] Archiving /private/tmp/dfb-213/partial-sdk15-db/src/Library/Developer/CommandLineTools/SDKs/MacOSX15.2.sdk/usr/include/c++/v1/__iterator/data.h
[E 07:23:41 4385] Archiving /private/tmp/dfb-213/partial-sdk15-db/src/Library/Developer/CommandLineTools/SDKs/MacOSX15.2.sdk/usr/include/c++/v1/__iterator/empty.h
[E 07:23:41 4385] Archiving /private/tmp/dfb-213/partial-sdk15-db/src/Library/Developer/CommandLineTools/SDKs/MacOSX15.2.sdk/usr/include/c++/v1/__iterator/reverse_access.h
[E 07:23:41 4385] Archiving /private/tmp/dfb-213/partial-sdk15-db/src/Library/Developer/CommandLineTools/SDKs/MacOSX15.2.sdk/usr/include/c++/v1/__iterator/size.h
[E 07:23:41 4385] Already archived /private/tmp/dfb-213/partial-sdk15-db/src/Library/Developer/CommandLineTools/SDKs/MacOSX15.2.sdk/usr/include/c++/v1/__undef_macros
[E 07:23:41 4385] Archiving /private/tmp/dfb-213/partial-sdk15-db/src/Library/Developer/CommandLineTools/SDKs/MacOSX15.2.sdk/usr/include/c++/v1/algorithm
[E 07:23:41 4385] Archiving /private/tmp/dfb-213/partial-sdk15-db/src/Library/Developer/CommandLineTools/SDKs/MacOSX15.2.sdk/usr/include/c++/v1/__algorithm/adjacent_find.h
[E 07:23:41 4385] Already archived /private/tmp/dfb-213/partial-sdk15-db/src/Library/Developer/CommandLineTools/SDKs/MacOSX15.2.sdk/usr/include/c++/v1/__undef_macros
[E 07:23:41 4385] Archiving /private/tmp/dfb-213/partial-sdk15-db/src/Library/Developer/CommandLineTools/SDKs/MacOSX15.2.sdk/usr/include/c++/v1/__algorithm/all_of.h
[E 07:23:41 4385] Archiving /private/tmp/dfb-213/partial-sdk15-db/src/Library/Developer/CommandLineTools/SDKs/MacOSX15.2.sdk/usr/include/c++/v1/__algorithm/any_of.h
[E 07:23:41 4385] Archiving /private/tmp/dfb-213/partial-sdk15-db/src/Library/Developer/CommandLineTools/SDKs/MacOSX15.2.sdk/usr/include/c++/v1/__algorithm/binary_search.h
[E 07:23:41 4385] Archiving /private/tmp/dfb-213/partial-sdk15-db/src/Library/Developer/CommandLineTools/SDKs/MacOSX15.2.sdk/usr/include/c++/v1/__algorithm/lower_bound.h
[E 07:23:41 4385] Archiving /private/tmp/dfb-213/partial-sdk15-db/src/Library/Developer/CommandLineTools/SDKs/MacOSX15.2.sdk/usr/include/c++/v1/__algorithm/half_positive.h
[E 07:23:41 4385] Archiving /private/tmp/dfb-213/partial-sdk15-db/src/Library/Developer/CommandLineTools/SDKs/MacOSX15.2.sdk/usr/include/c++/v1/__algorithm/clamp.h
[E 07:23:41 4385] Archiving /private/tmp/dfb-213/partial-sdk15-db/src/Library/Developer/CommandLineTools/SDKs/MacOSX15.2.sdk/usr/include/c++/v1/__algorithm/copy_backward.h
[E 07:23:41 4385] Already archived /private/tmp/dfb-213/partial-sdk15-db/src/Library/Developer/CommandLineTools/SDKs/MacOSX15.2.sdk/usr/include/c++/v1/__undef_macros
[E 07:23:41 4385] Archiving /private/tmp/dfb-213/partial-sdk15-db/src/Library/Developer/CommandLineTools/SDKs/MacOSX15.2.sdk/usr/include/c++/v1/__algorithm/copy_if.h
[E 07:23:41 4385] Archiving /private/tmp/dfb-213/partial-sdk15-db/src/Library/Developer/CommandLineTools/SDKs/MacOSX15.2.sdk/usr/include/c++/v1/__algorithm/copy_n.h
[E 07:23:41 4385] Archiving /private/tmp/dfb-213/partial-sdk15-db/src/Library/Developer/CommandLineTools/SDKs/MacOSX15.2.sdk/usr/include/c++/v1/__algorithm/count.h
[E 07:23:41 4385] Archiving /private/tmp/dfb-213/partial-sdk15-db/src/Library/Developer/CommandLineTools/SDKs/MacOSX15.2.sdk/usr/include/c++/v1/__bit/invert_if.h
[E 07:23:41 4385] Archiving /private/tmp/dfb-213/partial-sdk15-db/src/Library/Developer/CommandLineTools/SDKs/MacOSX15.2.sdk/usr/include/c++/v1/__bit/popcount.h
[E 07:23:41 4385] Archiving /private/tmp/dfb-213/partial-sdk15-db/src/Library/Developer/CommandLineTools/SDKs/MacOSX15.2.sdk/usr/include/c++/v1/__bit/rotate.h
[E 07:23:41 4385] Already archived /private/tmp/dfb-213/partial-sdk15-db/src/Library/Developer/CommandLineTools/SDKs/MacOSX15.2.sdk/usr/include/c++/v1/__undef_macros
[E 07:23:41 4385] Archiving /private/tmp/dfb-213/partial-sdk15-db/src/Library/Developer/CommandLineTools/SDKs/MacOSX15.2.sdk/usr/include/c++/v1/__fwd/bit_reference.h
[E 07:23:41 4385] Already archived /private/tmp/dfb-213/partial-sdk15-db/src/Library/Developer/CommandLineTools/SDKs/MacOSX15.2.sdk/usr/include/c++/v1/__undef_macros
[E 07:23:41 4385] Archiving /private/tmp/dfb-213/partial-sdk15-db/src/Library/Developer/CommandLineTools/SDKs/MacOSX15.2.sdk/usr/include/c++/v1/__algorithm/count_if.h
[E 07:23:41 4385] Archiving /private/tmp/dfb-213/partial-sdk15-db/src/Library/Developer/CommandLineTools/SDKs/MacOSX15.2.sdk/usr/include/c++/v1/__algorithm/equal_range.h
[E 07:23:41 4385] Archiving /private/tmp/dfb-213/partial-sdk15-db/src/Library/Developer/CommandLineTools/SDKs/MacOSX15.2.sdk/usr/include/c++/v1/__algorithm/upper_bound.h
[E 07:23:41 4385] Already archived /private/tmp/dfb-213/partial-sdk15-db/src/Library/Developer/CommandLineTools/SDKs/MacOSX15.2.sdk/usr/include/c++/v1/__undef_macros
[E 07:23:41 4385] Already archived /private/tmp/dfb-213/partial-sdk15-db/src/Library/Developer/CommandLineTools/SDKs/MacOSX15.2.sdk/usr/include/c++/v1/__undef_macros
[E 07:23:41 4385] Archiving /private/tmp/dfb-213/partial-sdk15-db/src/Library/Developer/CommandLineTools/SDKs/MacOSX15.2.sdk/usr/include/c++/v1/__algorithm/fill.h
[E 07:23:41 4385] Archiving /private/tmp/dfb-213/partial-sdk15-db/src/Library/Developer/CommandLineTools/SDKs/MacOSX15.2.sdk/usr/include/c++/v1/__algorithm/find.h
[E 07:23:41 4385] Archiving /private/tmp/dfb-213/partial-sdk15-db/src/Library/Developer/CommandLineTools/SDKs/MacOSX15.2.sdk/usr/include/c++/v1/__algorithm/find_segment_if.h
[E 07:23:41 4385] Archiving /private/tmp/dfb-213/partial-sdk15-db/src/Library/Developer/CommandLineTools/SDKs/MacOSX15.2.sdk/usr/include/c++/v1/__bit/countr.h
[E 07:23:41 4385] Already archived /private/tmp/dfb-213/partial-sdk15-db/src/Library/Developer/CommandLineTools/SDKs/MacOSX15.2.sdk/usr/include/c++/v1/__undef_macros
[E 07:23:41 4385] Archiving /private/tmp/dfb-213/partial-sdk15-db/src/Library/Developer/CommandLineTools/SDKs/MacOSX15.2.sdk/usr/include/c++/v1/cwchar
[E 07:23:41 4385] Archiving /private/tmp/dfb-213/partial-sdk15-db/src/Library/Developer/CommandLineTools/SDKs/MacOSX15.2.sdk/usr/include/c++/v1/cwctype
[E 07:23:41 4385] Archiving /private/tmp/dfb-213/partial-sdk15-db/src/Library/Developer/CommandLineTools/SDKs/MacOSX15.2.sdk/usr/include/c++/v1/cctype
[E 07:23:41 4385] Archiving /private/tmp/dfb-213/partial-sdk15-db/src/Library/Developer/CommandLineTools/SDKs/MacOSX15.2.sdk/usr/include/c++/v1/ctype.h
[E 07:23:41 4385] Archiving /private/tmp/dfb-213/partial-sdk15-db/src/Library/Developer/CommandLineTools/SDKs/MacOSX15.2.sdk/usr/include/ctype.h
[E 07:23:41 4385] Archiving /private/tmp/dfb-213/partial-sdk15-db/src/Library/Developer/CommandLineTools/SDKs/MacOSX15.2.sdk/usr/include/_ctype.h
[E 07:23:41 4385] Archiving /private/tmp/dfb-213/partial-sdk15-db/src/Library/Developer/CommandLineTools/SDKs/MacOSX15.2.sdk/usr/include/runetype.h
[E 07:23:41 4385] Already archived /private/tmp/dfb-213/partial-sdk15-db/src/Library/Developer/CommandLineTools/SDKs/MacOSX15.2.sdk/usr/include/sys/_types/_size_t.h
[E 07:23:41 4385] Already archived /private/tmp/dfb-213/partial-sdk15-db/src/Library/Developer/CommandLineTools/SDKs/MacOSX15.2.sdk/usr/include/sys/_types/_wchar_t.h
[E 07:23:41 4385] Archiving /private/tmp/dfb-213/partial-sdk15-db/src/Library/Developer/CommandLineTools/SDKs/MacOSX15.2.sdk/usr/include/sys/_types/_wint_t.h
[E 07:23:41 4385] Archiving /private/tmp/dfb-213/partial-sdk15-db/src/Library/Developer/CommandLineTools/SDKs/MacOSX15.2.sdk/usr/include/c++/v1/wctype.h
[E 07:23:41 4385] Archiving /private/tmp/dfb-213/partial-sdk15-db/src/Library/Developer/CommandLineTools/SDKs/MacOSX15.2.sdk/usr/include/wctype.h
[E 07:23:41 4385] Archiving /private/tmp/dfb-213/partial-sdk15-db/src/Library/Developer/CommandLineTools/SDKs/MacOSX15.2.sdk/usr/include/_wctype.h
[E 07:23:41 4385] Archiving /private/tmp/dfb-213/partial-sdk15-db/src/Library/Developer/CommandLineTools/SDKs/MacOSX15.2.sdk/usr/include/_types/_wctrans_t.h
[E 07:23:41 4385] Archiving /private/tmp/dfb-213/partial-sdk15-db/src/Library/Developer/CommandLineTools/SDKs/MacOSX15.2.sdk/usr/include/__wctype.h
[E 07:23:41 4385] Archiving /private/tmp/dfb-213/partial-sdk15-db/src/Library/Developer/CommandLineTools/SDKs/MacOSX15.2.sdk/usr/include/___wctype.h
[E 07:23:41 4385] Archiving /private/tmp/dfb-213/partial-sdk15-db/src/Library/Developer/CommandLineTools/SDKs/MacOSX15.2.sdk/usr/include/_types/_wctype_t.h
[E 07:23:41 4385] Archiving /private/tmp/dfb-213/partial-sdk15-db/src/Library/Developer/CommandLineTools/SDKs/MacOSX15.2.sdk/usr/include/c++/v1/wchar.h
[E 07:23:41 4385] Already archived /private/tmp/dfb-213/partial-sdk15-db/src/Library/Developer/CommandLineTools/SDKs/MacOSX15.2.sdk/usr/include/c++/v1/stddef.h
[E 07:23:41 4385] Already archived /private/tmp/dfb-213/partial-sdk15-db/src/Applications/Xcode.app/Contents/Developer/Toolchains/XcodeDefault.xctoolchain/usr/lib/clang/21/include/stddef.h
[E 07:23:41 4385] Already archived /private/tmp/dfb-213/partial-sdk15-db/src/Applications/Xcode.app/Contents/Developer/Toolchains/XcodeDefault.xctoolchain/usr/lib/clang/21/include/__stddef_ptrdiff_t.h
[E 07:23:41 4385] Already archived /private/tmp/dfb-213/partial-sdk15-db/src/Applications/Xcode.app/Contents/Developer/Toolchains/XcodeDefault.xctoolchain/usr/lib/clang/21/include/__stddef_size_t.h
[E 07:23:41 4385] Already archived /private/tmp/dfb-213/partial-sdk15-db/src/Applications/Xcode.app/Contents/Developer/Toolchains/XcodeDefault.xctoolchain/usr/lib/clang/21/include/__stddef_wchar_t.h
[E 07:23:41 4385] Already archived /private/tmp/dfb-213/partial-sdk15-db/src/Applications/Xcode.app/Contents/Developer/Toolchains/XcodeDefault.xctoolchain/usr/lib/clang/21/include/__stddef_nullptr_t.h
[E 07:23:41 4385] Already archived /private/tmp/dfb-213/partial-sdk15-db/src/Applications/Xcode.app/Contents/Developer/Toolchains/XcodeDefault.xctoolchain/usr/lib/clang/21/include/__stddef_offsetof.h
[E 07:23:41 4385] Archiving /private/tmp/dfb-213/partial-sdk15-db/src/Library/Developer/CommandLineTools/SDKs/MacOSX15.2.sdk/usr/include/wchar.h
[E 07:23:41 4385] Archiving /private/tmp/dfb-213/partial-sdk15-db/src/Library/Developer/CommandLineTools/SDKs/MacOSX15.2.sdk/usr/include/_wchar.h
[E 07:23:41 4385] Already archived /private/tmp/dfb-213/partial-sdk15-db/src/Library/Developer/CommandLineTools/SDKs/MacOSX15.2.sdk/usr/include/sys/_types/_null.h
[E 07:23:41 4385] Already archived /private/tmp/dfb-213/partial-sdk15-db/src/Library/Developer/CommandLineTools/SDKs/MacOSX15.2.sdk/usr/include/sys/_types/_size_t.h
[E 07:23:41 4385] Already archived /private/tmp/dfb-213/partial-sdk15-db/src/Library/Developer/CommandLineTools/SDKs/MacOSX15.2.sdk/usr/include/sys/_types/_wchar_t.h
[E 07:23:41 4385] Archiving /private/tmp/dfb-213/partial-sdk15-db/src/Applications/Xcode.app/Contents/Developer/Toolchains/XcodeDefault.xctoolchain/usr/lib/clang/21/include/stdarg.h
[E 07:23:41 4385] Archiving /private/tmp/dfb-213/partial-sdk15-db/src/Applications/Xcode.app/Contents/Developer/Toolchains/XcodeDefault.xctoolchain/usr/lib/clang/21/include/__stdarg_header_macro.h
[E 07:23:41 4385] Archiving /private/tmp/dfb-213/partial-sdk15-db/src/Applications/Xcode.app/Contents/Developer/Toolchains/XcodeDefault.xctoolchain/usr/lib/clang/21/include/__stdarg___gnuc_va_list.h
[E 07:23:41 4385] Archiving /private/tmp/dfb-213/partial-sdk15-db/src/Applications/Xcode.app/Contents/Developer/Toolchains/XcodeDefault.xctoolchain/usr/lib/clang/21/include/__stdarg_va_list.h
[E 07:23:41 4385] Archiving /private/tmp/dfb-213/partial-sdk15-db/src/Applications/Xcode.app/Contents/Developer/Toolchains/XcodeDefault.xctoolchain/usr/lib/clang/21/include/__stdarg_va_arg.h
[E 07:23:41 4385] Archiving /private/tmp/dfb-213/partial-sdk15-db/src/Applications/Xcode.app/Contents/Developer/Toolchains/XcodeDefault.xctoolchain/usr/lib/clang/21/include/__stdarg___va_copy.h
[E 07:23:41 4385] Archiving /private/tmp/dfb-213/partial-sdk15-db/src/Applications/Xcode.app/Contents/Developer/Toolchains/XcodeDefault.xctoolchain/usr/lib/clang/21/include/__stdarg_va_copy.h
[E 07:23:41 4385] Archiving /private/tmp/dfb-213/partial-sdk15-db/src/Library/Developer/CommandLineTools/SDKs/MacOSX15.2.sdk/usr/include/c++/v1/stdio.h
[E 07:23:41 4385] Archiving /private/tmp/dfb-213/partial-sdk15-db/src/Library/Developer/CommandLineTools/SDKs/MacOSX15.2.sdk/usr/include/stdio.h
[E 07:23:41 4385] Archiving /private/tmp/dfb-213/partial-sdk15-db/src/Library/Developer/CommandLineTools/SDKs/MacOSX15.2.sdk/usr/include/_stdio.h
[E 07:23:41 4385] Archiving /private/tmp/dfb-213/partial-sdk15-db/src/Library/Developer/CommandLineTools/SDKs/MacOSX15.2.sdk/usr/include/sys/_types/_va_list.h
[E 07:23:41 4385] Already archived /private/tmp/dfb-213/partial-sdk15-db/src/Library/Developer/CommandLineTools/SDKs/MacOSX15.2.sdk/usr/include/sys/_types/_size_t.h
[E 07:23:41 4385] Already archived /private/tmp/dfb-213/partial-sdk15-db/src/Library/Developer/CommandLineTools/SDKs/MacOSX15.2.sdk/usr/include/sys/_types/_null.h
[E 07:23:41 4385] Archiving /private/tmp/dfb-213/partial-sdk15-db/src/Library/Developer/CommandLineTools/SDKs/MacOSX15.2.sdk/usr/include/sys/stdio.h
[E 07:23:41 4385] Archiving /private/tmp/dfb-213/partial-sdk15-db/src/Library/Developer/CommandLineTools/SDKs/MacOSX15.2.sdk/usr/include/_printf.h
[E 07:23:41 4385] Archiving /private/tmp/dfb-213/partial-sdk15-db/src/Library/Developer/CommandLineTools/SDKs/MacOSX15.2.sdk/usr/include/sys/_types/_seek_set.h
[E 07:23:41 4385] Archiving /private/tmp/dfb-213/partial-sdk15-db/src/Library/Developer/CommandLineTools/SDKs/MacOSX15.2.sdk/usr/include/_ctermid.h
[E 07:23:41 4385] Archiving /private/tmp/dfb-213/partial-sdk15-db/src/Library/Developer/CommandLineTools/SDKs/MacOSX15.2.sdk/usr/include/sys/_types/_off_t.h
[E 07:23:41 4385] Archiving /private/tmp/dfb-213/partial-sdk15-db/src/Library/Developer/CommandLineTools/SDKs/MacOSX15.2.sdk/usr/include/time.h
[E 07:23:41 4385] Archiving /private/tmp/dfb-213/partial-sdk15-db/src/Library/Developer/CommandLineTools/SDKs/MacOSX15.2.sdk/usr/include/_time.h
[E 07:23:41 4385] Archiving /private/tmp/dfb-213/partial-sdk15-db/src/Library/Developer/CommandLineTools/SDKs/MacOSX15.2.sdk/usr/include/sys/_types/_clock_t.h
[E 07:23:41 4385] Already archived /private/tmp/dfb-213/partial-sdk15-db/src/Library/Developer/CommandLineTools/SDKs/MacOSX15.2.sdk/usr/include/sys/_types/_null.h
[E 07:23:41 4385] Already archived /private/tmp/dfb-213/partial-sdk15-db/src/Library/Developer/CommandLineTools/SDKs/MacOSX15.2.sdk/usr/include/sys/_types/_size_t.h
[E 07:23:41 4385] Archiving /private/tmp/dfb-213/partial-sdk15-db/src/Library/Developer/CommandLineTools/SDKs/MacOSX15.2.sdk/usr/include/sys/_types/_time_t.h
[E 07:23:41 4385] Archiving /private/tmp/dfb-213/partial-sdk15-db/src/Library/Developer/CommandLineTools/SDKs/MacOSX15.2.sdk/usr/include/sys/_types/_timespec.h
[E 07:23:41 4385] Already archived /private/tmp/dfb-213/partial-sdk15-db/src/Library/Developer/CommandLineTools/SDKs/MacOSX15.2.sdk/usr/include/__wctype.h
[E 07:23:41 4385] Already archived /private/tmp/dfb-213/partial-sdk15-db/src/Library/Developer/CommandLineTools/SDKs/MacOSX15.2.sdk/usr/include/c++/v1/__undef_macros
[E 07:23:41 4385] Archiving /private/tmp/dfb-213/partial-sdk15-db/src/Library/Developer/CommandLineTools/SDKs/MacOSX15.2.sdk/usr/include/c++/v1/__algorithm/find_end.h
[E 07:23:41 4385] Archiving /private/tmp/dfb-213/partial-sdk15-db/src/Library/Developer/CommandLineTools/SDKs/MacOSX15.2.sdk/usr/include/c++/v1/__algorithm/find_first_of.h
[E 07:23:41 4385] Archiving /private/tmp/dfb-213/partial-sdk15-db/src/Library/Developer/CommandLineTools/SDKs/MacOSX15.2.sdk/usr/include/c++/v1/__algorithm/find_if.h
[E 07:23:41 4385] Archiving /private/tmp/dfb-213/partial-sdk15-db/src/Library/Developer/CommandLineTools/SDKs/MacOSX15.2.sdk/usr/include/c++/v1/__algorithm/find_if_not.h
[E 07:23:41 4385] Archiving /private/tmp/dfb-213/partial-sdk15-db/src/Library/Developer/CommandLineTools/SDKs/MacOSX15.2.sdk/usr/include/c++/v1/__algorithm/fold.h
[E 07:23:41 4385] Already archived /private/tmp/dfb-213/partial-sdk15-db/src/Library/Developer/CommandLineTools/SDKs/MacOSX15.2.sdk/usr/include/c++/v1/__undef_macros
[E 07:23:41 4385] Archiving /private/tmp/dfb-213/partial-sdk15-db/src/Library/Developer/CommandLineTools/SDKs/MacOSX15.2.sdk/usr/include/c++/v1/__algorithm/for_each.h
[E 07:23:41 4385] Archiving /private/tmp/dfb-213/partial-sdk15-db/src/Library/Developer/CommandLineTools/SDKs/MacOSX15.2.sdk/usr/include/c++/v1/__ranges/movable_box.h
[E 07:23:41 4385] Archiving /private/tmp/dfb-213/partial-sdk15-db/src/Library/Developer/CommandLineTools/SDKs/MacOSX15.2.sdk/usr/include/c++/v1/optional
[E 07:23:41 4385] Already archived /private/tmp/dfb-213/partial-sdk15-db/src/Library/Developer/CommandLineTools/SDKs/MacOSX15.2.sdk/usr/include/c++/v1/__undef_macros
[E 07:23:41 4385] Archiving /private/tmp/dfb-213/partial-sdk15-db/src/Library/Developer/CommandLineTools/SDKs/MacOSX15.2.sdk/usr/include/c++/v1/atomic
[E 07:23:41 4385] Archiving /private/tmp/dfb-213/partial-sdk15-db/src/Library/Developer/CommandLineTools/SDKs/MacOSX15.2.sdk/usr/include/c++/v1/__atomic/aliases.h
[E 07:23:41 4385] Archiving /private/tmp/dfb-213/partial-sdk15-db/src/Library/Developer/CommandLineTools/SDKs/MacOSX15.2.sdk/usr/include/c++/v1/__atomic/atomic.h
[E 07:23:41 4385] Archiving /private/tmp/dfb-213/partial-sdk15-db/src/Library/Developer/CommandLineTools/SDKs/MacOSX15.2.sdk/usr/include/c++/v1/__atomic/atomic_base.h
[E 07:23:41 4385] Archiving /private/tmp/dfb-213/partial-sdk15-db/src/Library/Developer/CommandLineTools/SDKs/MacOSX15.2.sdk/usr/include/c++/v1/__atomic/atomic_sync.h
[E 07:23:41 4385] Archiving /private/tmp/dfb-213/partial-sdk15-db/src/Library/Developer/CommandLineTools/SDKs/MacOSX15.2.sdk/usr/include/c++/v1/__atomic/contention_t.h
[E 07:23:41 4385] Archiving /private/tmp/dfb-213/partial-sdk15-db/src/Library/Developer/CommandLineTools/SDKs/MacOSX15.2.sdk/usr/include/c++/v1/__atomic/cxx_atomic_impl.h
[E 07:23:41 4385] Archiving /private/tmp/dfb-213/partial-sdk15-db/src/Library/Developer/CommandLineTools/SDKs/MacOSX15.2.sdk/usr/include/c++/v1/__atomic/is_always_lock_free.h
[E 07:23:41 4385] Archiving /private/tmp/dfb-213/partial-sdk15-db/src/Library/Developer/CommandLineTools/SDKs/MacOSX15.2.sdk/usr/include/c++/v1/__chrono/duration.h
[E 07:23:41 4385] Archiving /private/tmp/dfb-213/partial-sdk15-db/src/Library/Developer/CommandLineTools/SDKs/MacOSX15.2.sdk/usr/include/c++/v1/ratio
[E 07:23:41 4385] Archiving /private/tmp/dfb-213/partial-sdk15-db/src/Library/Developer/CommandLineTools/SDKs/MacOSX15.2.sdk/usr/include/c++/v1/climits
[E 07:23:41 4385] Archiving /private/tmp/dfb-213/partial-sdk15-db/src/Applications/Xcode.app/Contents/Developer/Toolchains/XcodeDefault.xctoolchain/usr/lib/clang/21/include/limits.h
[E 07:23:41 4385] Archiving /private/tmp/dfb-213/partial-sdk15-db/src/Library/Developer/CommandLineTools/SDKs/MacOSX15.2.sdk/usr/include/limits.h
[E 07:23:41 4385] Archiving /private/tmp/dfb-213/partial-sdk15-db/src/Library/Developer/CommandLineTools/SDKs/MacOSX15.2.sdk/usr/include/machine/limits.h
[E 07:23:41 4385] Archiving /private/tmp/dfb-213/partial-sdk15-db/src/Library/Developer/CommandLineTools/SDKs/MacOSX15.2.sdk/usr/include/arm/limits.h
[E 07:23:41 4385] Archiving /private/tmp/dfb-213/partial-sdk15-db/src/Library/Developer/CommandLineTools/SDKs/MacOSX15.2.sdk/usr/include/arm/_limits.h
[E 07:23:41 4385] Archiving /private/tmp/dfb-213/partial-sdk15-db/src/Library/Developer/CommandLineTools/SDKs/MacOSX15.2.sdk/usr/include/sys/syslimits.h
[E 07:23:41 4385] Already archived /private/tmp/dfb-213/partial-sdk15-db/src/Library/Developer/CommandLineTools/SDKs/MacOSX15.2.sdk/usr/include/c++/v1/__undef_macros
[E 07:23:41 4385] Already archived /private/tmp/dfb-213/partial-sdk15-db/src/Library/Developer/CommandLineTools/SDKs/MacOSX15.2.sdk/usr/include/c++/v1/__undef_macros
[E 07:23:41 4385] Archiving /private/tmp/dfb-213/partial-sdk15-db/src/Library/Developer/CommandLineTools/SDKs/MacOSX15.2.sdk/usr/include/c++/v1/__thread/poll_with_backoff.h
[E 07:23:41 4385] Archiving /private/tmp/dfb-213/partial-sdk15-db/src/Library/Developer/CommandLineTools/SDKs/MacOSX15.2.sdk/usr/include/c++/v1/__chrono/high_resolution_clock.h
[E 07:23:41 4385] Archiving /private/tmp/dfb-213/partial-sdk15-db/src/Library/Developer/CommandLineTools/SDKs/MacOSX15.2.sdk/usr/include/c++/v1/__chrono/steady_clock.h
[E 07:23:41 4385] Archiving /private/tmp/dfb-213/partial-sdk15-db/src/Library/Developer/CommandLineTools/SDKs/MacOSX15.2.sdk/usr/include/c++/v1/__chrono/time_point.h
[E 07:23:41 4385] Already archived /private/tmp/dfb-213/partial-sdk15-db/src/Library/Developer/CommandLineTools/SDKs/MacOSX15.2.sdk/usr/include/c++/v1/__undef_macros
[E 07:23:41 4385] Archiving /private/tmp/dfb-213/partial-sdk15-db/src/Library/Developer/CommandLineTools/SDKs/MacOSX15.2.sdk/usr/include/c++/v1/__chrono/system_clock.h
[E 07:23:41 4385] Archiving /private/tmp/dfb-213/partial-sdk15-db/src/Library/Developer/CommandLineTools/SDKs/MacOSX15.2.sdk/usr/include/c++/v1/ctime
[E 07:23:41 4385] Already archived /private/tmp/dfb-213/partial-sdk15-db/src/Library/Developer/CommandLineTools/SDKs/MacOSX15.2.sdk/usr/include/time.h
[E 07:23:41 4385] Archiving /private/tmp/dfb-213/partial-sdk15-db/src/Library/Developer/CommandLineTools/SDKs/MacOSX15.2.sdk/usr/include/c++/v1/__threading_support
[E 07:23:41 4385] Archiving /private/tmp/dfb-213/partial-sdk15-db/src/Library/Developer/CommandLineTools/SDKs/MacOSX15.2.sdk/usr/include/c++/v1/__chrono/convert_to_timespec.h
[E 07:23:41 4385] Already archived /private/tmp/dfb-213/partial-sdk15-db/src/Library/Developer/CommandLineTools/SDKs/MacOSX15.2.sdk/usr/include/c++/v1/__undef_macros
[E 07:23:41 4385] Archiving /private/tmp/dfb-213/partial-sdk15-db/src/Library/Developer/CommandLineTools/SDKs/MacOSX15.2.sdk/usr/include/c++/v1/errno.h
[E 07:23:41 4385] Archiving /private/tmp/dfb-213/partial-sdk15-db/src/Library/Developer/CommandLineTools/SDKs/MacOSX15.2.sdk/usr/include/errno.h
[E 07:23:41 4385] Archiving /private/tmp/dfb-213/partial-sdk15-db/src/Library/Developer/CommandLineTools/SDKs/MacOSX15.2.sdk/usr/include/sys/errno.h
[E 07:23:41 4385] Already archived /private/tmp/dfb-213/partial-sdk15-db/src/Library/Developer/CommandLineTools/SDKs/MacOSX15.2.sdk/usr/include/c++/v1/math.h
[E 07:23:41 4385] Archiving /private/tmp/dfb-213/partial-sdk15-db/src/Library/Developer/CommandLineTools/SDKs/MacOSX15.2.sdk/usr/include/pthread/pthread.h
[E 07:23:41 4385] Archiving /private/tmp/dfb-213/partial-sdk15-db/src/Library/Developer/CommandLineTools/SDKs/MacOSX15.2.sdk/usr/include/pthread/sched.h
[E 07:23:41 4385] Archiving /private/tmp/dfb-213/partial-sdk15-db/src/Library/Developer/CommandLineTools/SDKs/MacOSX15.2.sdk/usr/include/pthread/pthread_impl.h
[E 07:23:41 4385] Already archived /private/tmp/dfb-213/partial-sdk15-db/src/Library/Developer/CommandLineTools/SDKs/MacOSX15.2.sdk/usr/include/time.h
[E 07:23:41 4385] Archiving /private/tmp/dfb-213/partial-sdk15-db/src/Library/Developer/CommandLineTools/SDKs/MacOSX15.2.sdk/usr/include/sys/_pthread/_pthread_cond_t.h
[E 07:23:41 4385] Archiving /private/tmp/dfb-213/partial-sdk15-db/src/Library/Developer/CommandLineTools/SDKs/MacOSX15.2.sdk/usr/include/sys/_pthread/_pthread_condattr_t.h
[E 07:23:41 4385] Archiving /private/tmp/dfb-213/partial-sdk15-db/src/Library/Developer/CommandLineTools/SDKs/MacOSX15.2.sdk/usr/include/sys/_pthread/_pthread_key_t.h
[E 07:23:41 4385] Archiving /private/tmp/dfb-213/partial-sdk15-db/src/Library/Developer/CommandLineTools/SDKs/MacOSX15.2.sdk/usr/include/sys/_pthread/_pthread_mutex_t.h
[E 07:23:41 4385] Archiving /private/tmp/dfb-213/partial-sdk15-db/src/Library/Developer/CommandLineTools/SDKs/MacOSX15.2.sdk/usr/include/sys/_pthread/_pthread_mutexattr_t.h
[E 07:23:41 4385] Archiving /private/tmp/dfb-213/partial-sdk15-db/src/Library/Developer/CommandLineTools/SDKs/MacOSX15.2.sdk/usr/include/sys/_pthread/_pthread_once_t.h
[E 07:23:41 4385] Archiving /private/tmp/dfb-213/partial-sdk15-db/src/Library/Developer/CommandLineTools/SDKs/MacOSX15.2.sdk/usr/include/sys/_pthread/_pthread_rwlock_t.h
[E 07:23:41 4385] Archiving /private/tmp/dfb-213/partial-sdk15-db/src/Library/Developer/CommandLineTools/SDKs/MacOSX15.2.sdk/usr/include/sys/_pthread/_pthread_rwlockattr_t.h
[E 07:23:41 4385] Archiving /private/tmp/dfb-213/partial-sdk15-db/src/Library/Developer/CommandLineTools/SDKs/MacOSX15.2.sdk/usr/include/sys/_pthread/_pthread_t.h
[E 07:23:41 4385] Archiving /private/tmp/dfb-213/partial-sdk15-db/src/Library/Developer/CommandLineTools/SDKs/MacOSX15.2.sdk/usr/include/pthread/qos.h
[E 07:23:41 4385] Archiving /private/tmp/dfb-213/partial-sdk15-db/src/Library/Developer/CommandLineTools/SDKs/MacOSX15.2.sdk/usr/include/sys/qos.h
[E 07:23:41 4385] Archiving /private/tmp/dfb-213/partial-sdk15-db/src/Library/Developer/CommandLineTools/SDKs/MacOSX15.2.sdk/usr/include/sys/_types/_mach_port_t.h
[E 07:23:41 4385] Archiving /private/tmp/dfb-213/partial-sdk15-db/src/Library/Developer/CommandLineTools/SDKs/MacOSX15.2.sdk/usr/include/c++/v1/__atomic/check_memory_order.h
[E 07:23:41 4385] Archiving /private/tmp/dfb-213/partial-sdk15-db/src/Library/Developer/CommandLineTools/SDKs/MacOSX15.2.sdk/usr/include/c++/v1/__atomic/atomic_lock_free.h
[E 07:23:41 4385] Archiving /private/tmp/dfb-213/partial-sdk15-db/src/Library/Developer/CommandLineTools/SDKs/MacOSX15.2.sdk/usr/include/c++/v1/__atomic/atomic_flag.h
[E 07:23:41 4385] Archiving /private/tmp/dfb-213/partial-sdk15-db/src/Library/Developer/CommandLineTools/SDKs/MacOSX15.2.sdk/usr/include/c++/v1/__atomic/atomic_init.h
[E 07:23:41 4385] Archiving /private/tmp/dfb-213/partial-sdk15-db/src/Library/Developer/CommandLineTools/SDKs/MacOSX15.2.sdk/usr/include/c++/v1/__atomic/fence.h
[E 07:23:41 4385] Archiving /private/tmp/dfb-213/partial-sdk15-db/src/Library/Developer/CommandLineTools/SDKs/MacOSX15.2.sdk/usr/include/c++/v1/__atomic/kill_dependency.h
[E 07:23:41 4385] Archiving /private/tmp/dfb-213/partial-sdk15-db/src/Library/Developer/CommandLineTools/SDKs/MacOSX15.2.sdk/usr/include/c++/v1/concepts
[E 07:23:41 4385] Archiving /private/tmp/dfb-213/partial-sdk15-db/src/Library/Developer/CommandLineTools/SDKs/MacOSX15.2.sdk/usr/include/c++/v1/__concepts/common_with.h
[E 07:23:41 4385] Archiving /private/tmp/dfb-213/partial-sdk15-db/src/Library/Developer/CommandLineTools/SDKs/MacOSX15.2.sdk/usr/include/c++/v1/iterator
[E 07:23:41 4385] Archiving /private/tmp/dfb-213/partial-sdk15-db/src/Library/Developer/CommandLineTools/SDKs/MacOSX15.2.sdk/usr/include/c++/v1/__iterator/back_insert_iterator.h
[E 07:23:41 4385] Already archived /private/tmp/dfb-213/partial-sdk15-db/src/Library/Developer/CommandLineTools/SDKs/MacOSX15.2.sdk/usr/include/c++/v1/__undef_macros
[E 07:23:41 4385] Archiving /private/tmp/dfb-213/partial-sdk15-db/src/Library/Developer/CommandLineTools/SDKs/MacOSX15.2.sdk/usr/include/c++/v1/__iterator/bounded_iter.h
[E 07:23:41 4385] Already archived /private/tmp/dfb-213/partial-sdk15-db/src/Library/Developer/CommandLineTools/SDKs/MacOSX15.2.sdk/usr/include/c++/v1/__undef_macros
[E 07:23:41 4385] Archiving /private/tmp/dfb-213/partial-sdk15-db/src/Library/Developer/CommandLineTools/SDKs/MacOSX15.2.sdk/usr/include/c++/v1/__iterator/common_iterator.h
[E 07:23:41 4385] Archiving /private/tmp/dfb-213/partial-sdk15-db/src/Library/Developer/CommandLineTools/SDKs/MacOSX15.2.sdk/usr/include/c++/v1/variant
[E 07:23:41 4385] Archiving /private/tmp/dfb-213/partial-sdk15-db/src/Library/Developer/CommandLineTools/SDKs/MacOSX15.2.sdk/usr/include/c++/v1/__variant/monostate.h
[E 07:23:41 4385] Already archived /private/tmp/dfb-213/partial-sdk15-db/src/Library/Developer/CommandLineTools/SDKs/MacOSX15.2.sdk/usr/include/c++/v1/__undef_macros
[E 07:23:41 4385] Already archived /private/tmp/dfb-213/partial-sdk15-db/src/Library/Developer/CommandLineTools/SDKs/MacOSX15.2.sdk/usr/include/c++/v1/__undef_macros
[E 07:23:41 4385] Archiving /private/tmp/dfb-213/partial-sdk15-db/src/Library/Developer/CommandLineTools/SDKs/MacOSX15.2.sdk/usr/include/c++/v1/__iterator/counted_iterator.h
[E 07:23:41 4385] Archiving /private/tmp/dfb-213/partial-sdk15-db/src/Library/Developer/CommandLineTools/SDKs/MacOSX15.2.sdk/usr/include/c++/v1/__iterator/default_sentinel.h
[E 07:23:41 4385] Already archived /private/tmp/dfb-213/partial-sdk15-db/src/Library/Developer/CommandLineTools/SDKs/MacOSX15.2.sdk/usr/include/c++/v1/__undef_macros
[E 07:23:41 4385] Archiving /private/tmp/dfb-213/partial-sdk15-db/src/Library/Developer/CommandLineTools/SDKs/MacOSX15.2.sdk/usr/include/c++/v1/__iterator/erase_if_container.h
[E 07:23:41 4385] Already archived /private/tmp/dfb-213/partial-sdk15-db/src/Library/Developer/CommandLineTools/SDKs/MacOSX15.2.sdk/usr/include/c++/v1/__undef_macros
[E 07:23:41 4385] Archiving /private/tmp/dfb-213/partial-sdk15-db/src/Library/Developer/CommandLineTools/SDKs/MacOSX15.2.sdk/usr/include/c++/v1/__iterator/front_insert_iterator.h
[E 07:23:41 4385] Already archived /private/tmp/dfb-213/partial-sdk15-db/src/Library/Developer/CommandLineTools/SDKs/MacOSX15.2.sdk/usr/include/c++/v1/__undef_macros
[E 07:23:41 4385] Archiving /private/tmp/dfb-213/partial-sdk15-db/src/Library/Developer/CommandLineTools/SDKs/MacOSX15.2.sdk/usr/include/c++/v1/__iterator/indirectly_comparable.h
[E 07:23:41 4385] Archiving /private/tmp/dfb-213/partial-sdk15-db/src/Library/Developer/CommandLineTools/SDKs/MacOSX15.2.sdk/usr/include/c++/v1/__iterator/projected.h
[E 07:23:41 4385] Archiving /private/tmp/dfb-213/partial-sdk15-db/src/Library/Developer/CommandLineTools/SDKs/MacOSX15.2.sdk/usr/include/c++/v1/__iterator/insert_iterator.h
[E 07:23:41 4385] Already archived /private/tmp/dfb-213/partial-sdk15-db/src/Library/Developer/CommandLineTools/SDKs/MacOSX15.2.sdk/usr/include/c++/v1/__undef_macros
[E 07:23:41 4385] Archiving /private/tmp/dfb-213/partial-sdk15-db/src/Library/Developer/CommandLineTools/SDKs/MacOSX15.2.sdk/usr/include/c++/v1/__iterator/istream_iterator.h
[E 07:23:41 4385] Archiving /private/tmp/dfb-213/partial-sdk15-db/src/Library/Developer/CommandLineTools/SDKs/MacOSX15.2.sdk/usr/include/c++/v1/__iterator/istreambuf_iterator.h
[E 07:23:41 4385] Archiving /private/tmp/dfb-213/partial-sdk15-db/src/Library/Developer/CommandLineTools/SDKs/MacOSX15.2.sdk/usr/include/c++/v1/__iterator/mergeable.h
[E 07:23:41 4385] Archiving /private/tmp/dfb-213/partial-sdk15-db/src/Library/Developer/CommandLineTools/SDKs/MacOSX15.2.sdk/usr/include/c++/v1/__functional/ranges_operations.h
[E 07:23:41 4385] Archiving /private/tmp/dfb-213/partial-sdk15-db/src/Library/Developer/CommandLineTools/SDKs/MacOSX15.2.sdk/usr/include/c++/v1/__iterator/move_iterator.h
[E 07:23:41 4385] Archiving /private/tmp/dfb-213/partial-sdk15-db/src/Library/Developer/CommandLineTools/SDKs/MacOSX15.2.sdk/usr/include/c++/v1/__iterator/move_sentinel.h
[E 07:23:41 4385] Already archived /private/tmp/dfb-213/partial-sdk15-db/src/Library/Developer/CommandLineTools/SDKs/MacOSX15.2.sdk/usr/include/c++/v1/__undef_macros
[E 07:23:41 4385] Already archived /private/tmp/dfb-213/partial-sdk15-db/src/Library/Developer/CommandLineTools/SDKs/MacOSX15.2.sdk/usr/include/c++/v1/__undef_macros
[E 07:23:41 4385] Archiving /private/tmp/dfb-213/partial-sdk15-db/src/Library/Developer/CommandLineTools/SDKs/MacOSX15.2.sdk/usr/include/c++/v1/__iterator/ostream_iterator.h
[E 07:23:41 4385] Archiving /private/tmp/dfb-213/partial-sdk15-db/src/Library/Developer/CommandLineTools/SDKs/MacOSX15.2.sdk/usr/include/c++/v1/__iterator/ostreambuf_iterator.h
[E 07:23:41 4385] Archiving /private/tmp/dfb-213/partial-sdk15-db/src/Library/Developer/CommandLineTools/SDKs/MacOSX15.2.sdk/usr/include/c++/v1/__iterator/permutable.h
[E 07:23:41 4385] Archiving /private/tmp/dfb-213/partial-sdk15-db/src/Library/Developer/CommandLineTools/SDKs/MacOSX15.2.sdk/usr/include/c++/v1/__iterator/sortable.h
[E 07:23:41 4385] Archiving /private/tmp/dfb-213/partial-sdk15-db/src/Library/Developer/CommandLineTools/SDKs/MacOSX15.2.sdk/usr/include/c++/v1/__iterator/unreachable_sentinel.h
[E 07:23:41 4385] Archiving /private/tmp/dfb-213/partial-sdk15-db/src/Library/Developer/CommandLineTools/SDKs/MacOSX15.2.sdk/usr/include/c++/v1/__iterator/wrap_iter.h
[E 07:23:41 4385] Archiving /private/tmp/dfb-213/partial-sdk15-db/src/Library/Developer/CommandLineTools/SDKs/MacOSX15.2.sdk/usr/include/c++/v1/memory
[E 07:23:41 4385] Archiving /private/tmp/dfb-213/partial-sdk15-db/src/Library/Developer/CommandLineTools/SDKs/MacOSX15.2.sdk/usr/include/c++/v1/__memory/align.h
[E 07:23:41 4385] Archiving /private/tmp/dfb-213/partial-sdk15-db/src/Library/Developer/CommandLineTools/SDKs/MacOSX15.2.sdk/usr/include/c++/v1/__memory/assume_aligned.h
[E 07:23:41 4385] Archiving /private/tmp/dfb-213/partial-sdk15-db/src/Library/Developer/CommandLineTools/SDKs/MacOSX15.2.sdk/usr/include/c++/v1/__memory/concepts.h
[E 07:23:41 4385] Archiving /private/tmp/dfb-213/partial-sdk15-db/src/Library/Developer/CommandLineTools/SDKs/MacOSX15.2.sdk/usr/include/c++/v1/__memory/ranges_construct_at.h
[E 07:23:41 4385] Already archived /private/tmp/dfb-213/partial-sdk15-db/src/Library/Developer/CommandLineTools/SDKs/MacOSX15.2.sdk/usr/include/c++/v1/__undef_macros
[E 07:23:41 4385] Archiving /private/tmp/dfb-213/partial-sdk15-db/src/Library/Developer/CommandLineTools/SDKs/MacOSX15.2.sdk/usr/include/c++/v1/__memory/ranges_uninitialized_algorithms.h
[E 07:23:41 4385] Archiving /private/tmp/dfb-213/partial-sdk15-db/src/Library/Developer/CommandLineTools/SDKs/MacOSX15.2.sdk/usr/include/c++/v1/__algorithm/in_out_result.h
[E 07:23:41 4385] Already archived /private/tmp/dfb-213/partial-sdk15-db/src/Library/Developer/CommandLineTools/SDKs/MacOSX15.2.sdk/usr/include/c++/v1/__undef_macros
[E 07:23:41 4385] Already archived /private/tmp/dfb-213/partial-sdk15-db/src/Library/Developer/CommandLineTools/SDKs/MacOSX15.2.sdk/usr/include/c++/v1/__undef_macros
[E 07:23:41 4385] Archiving /private/tmp/dfb-213/partial-sdk15-db/src/Library/Developer/CommandLineTools/SDKs/MacOSX15.2.sdk/usr/include/c++/v1/__memory/raw_storage_iterator.h
[E 07:23:41 4385] Already archived /private/tmp/dfb-213/partial-sdk15-db/src/Library/Developer/CommandLineTools/SDKs/MacOSX15.2.sdk/usr/include/c++/v1/__undef_macros
[E 07:23:41 4385] Archiving /private/tmp/dfb-213/partial-sdk15-db/src/Library/Developer/CommandLineTools/SDKs/MacOSX15.2.sdk/usr/include/c++/v1/__memory/temporary_buffer.h
[E 07:23:41 4385] Archiving /private/tmp/dfb-213/partial-sdk15-db/src/Library/Developer/CommandLineTools/SDKs/MacOSX15.2.sdk/usr/include/c++/v1/__memory/uses_allocator_construction.h
[E 07:23:41 4385] Already archived /private/tmp/dfb-213/partial-sdk15-db/src/Library/Developer/CommandLineTools/SDKs/MacOSX15.2.sdk/usr/include/c++/v1/__undef_macros
[E 07:23:41 4385] Already archived /private/tmp/dfb-213/partial-sdk15-db/src/Library/Developer/CommandLineTools/SDKs/MacOSX15.2.sdk/usr/include/c++/v1/__undef_macros
[E 07:23:41 4385] Already archived /private/tmp/dfb-213/partial-sdk15-db/src/Library/Developer/CommandLineTools/SDKs/MacOSX15.2.sdk/usr/include/c++/v1/__undef_macros
[E 07:23:41 4385] Archiving /private/tmp/dfb-213/partial-sdk15-db/src/Library/Developer/CommandLineTools/SDKs/MacOSX15.2.sdk/usr/include/c++/v1/__algorithm/for_each_n.h
[E 07:23:41 4385] Archiving /private/tmp/dfb-213/partial-sdk15-db/src/Library/Developer/CommandLineTools/SDKs/MacOSX15.2.sdk/usr/include/c++/v1/__algorithm/generate.h
[E 07:23:41 4385] Archiving /private/tmp/dfb-213/partial-sdk15-db/src/Library/Developer/CommandLineTools/SDKs/MacOSX15.2.sdk/usr/include/c++/v1/__algorithm/generate_n.h
[E 07:23:41 4385] Archiving /private/tmp/dfb-213/partial-sdk15-db/src/Library/Developer/CommandLineTools/SDKs/MacOSX15.2.sdk/usr/include/c++/v1/__algorithm/in_found_result.h
[E 07:23:41 4385] Already archived /private/tmp/dfb-213/partial-sdk15-db/src/Library/Developer/CommandLineTools/SDKs/MacOSX15.2.sdk/usr/include/c++/v1/__undef_macros
[E 07:23:41 4385] Archiving /private/tmp/dfb-213/partial-sdk15-db/src/Library/Developer/CommandLineTools/SDKs/MacOSX15.2.sdk/usr/include/c++/v1/__algorithm/in_fun_result.h
[E 07:23:41 4385] Already archived /private/tmp/dfb-213/partial-sdk15-db/src/Library/Developer/CommandLineTools/SDKs/MacOSX15.2.sdk/usr/include/c++/v1/__undef_macros
[E 07:23:41 4385] Archiving /private/tmp/dfb-213/partial-sdk15-db/src/Library/Developer/CommandLineTools/SDKs/MacOSX15.2.sdk/usr/include/c++/v1/__algorithm/in_in_out_result.h
[E 07:23:41 4385] Already archived /private/tmp/dfb-213/partial-sdk15-db/src/Library/Developer/CommandLineTools/SDKs/MacOSX15.2.sdk/usr/include/c++/v1/__undef_macros
[E 07:23:41 4385] Archiving /private/tmp/dfb-213/partial-sdk15-db/src/Library/Developer/CommandLineTools/SDKs/MacOSX15.2.sdk/usr/include/c++/v1/__algorithm/in_in_result.h
[E 07:23:41 4385] Already archived /private/tmp/dfb-213/partial-sdk15-db/src/Library/Developer/CommandLineTools/SDKs/MacOSX15.2.sdk/usr/include/c++/v1/__undef_macros
[E 07:23:41 4385] Archiving /private/tmp/dfb-213/partial-sdk15-db/src/Library/Developer/CommandLineTools/SDKs/MacOSX15.2.sdk/usr/include/c++/v1/__algorithm/in_out_out_result.h
[E 07:23:41 4385] Already archived /private/tmp/dfb-213/partial-sdk15-db/src/Library/Developer/CommandLineTools/SDKs/MacOSX15.2.sdk/usr/include/c++/v1/__undef_macros
[E 07:23:41 4385] Archiving /private/tmp/dfb-213/partial-sdk15-db/src/Library/Developer/CommandLineTools/SDKs/MacOSX15.2.sdk/usr/include/c++/v1/__algorithm/includes.h
[E 07:23:41 4385] Already archived /private/tmp/dfb-213/partial-sdk15-db/src/Library/Developer/CommandLineTools/SDKs/MacOSX15.2.sdk/usr/include/c++/v1/__undef_macros
[E 07:23:41 4385] Archiving /private/tmp/dfb-213/partial-sdk15-db/src/Library/Developer/CommandLineTools/SDKs/MacOSX15.2.sdk/usr/include/c++/v1/__algorithm/inplace_merge.h
[E 07:23:41 4385] Archiving /private/tmp/dfb-213/partial-sdk15-db/src/Library/Developer/CommandLineTools/SDKs/MacOSX15.2.sdk/usr/include/c++/v1/__algorithm/rotate.h
[E 07:23:41 4385] Archiving /private/tmp/dfb-213/partial-sdk15-db/src/Library/Developer/CommandLineTools/SDKs/MacOSX15.2.sdk/usr/include/c++/v1/__algorithm/move_backward.h
[E 07:23:41 4385] Already archived /private/tmp/dfb-213/partial-sdk15-db/src/Library/Developer/CommandLineTools/SDKs/MacOSX15.2.sdk/usr/include/c++/v1/__undef_macros
[E 07:23:41 4385] Already archived /private/tmp/dfb-213/partial-sdk15-db/src/Library/Developer/CommandLineTools/SDKs/MacOSX15.2.sdk/usr/include/c++/v1/__undef_macros
[E 07:23:41 4385] Archiving /private/tmp/dfb-213/partial-sdk15-db/src/Library/Developer/CommandLineTools/SDKs/MacOSX15.2.sdk/usr/include/c++/v1/__memory/destruct_n.h
[E 07:23:41 4385] Already archived /private/tmp/dfb-213/partial-sdk15-db/src/Library/Developer/CommandLineTools/SDKs/MacOSX15.2.sdk/usr/include/c++/v1/__undef_macros
[E 07:23:41 4385] Archiving /private/tmp/dfb-213/partial-sdk15-db/src/Library/Developer/CommandLineTools/SDKs/MacOSX15.2.sdk/usr/include/c++/v1/__algorithm/is_heap.h
[E 07:23:41 4385] Archiving /private/tmp/dfb-213/partial-sdk15-db/src/Library/Developer/CommandLineTools/SDKs/MacOSX15.2.sdk/usr/include/c++/v1/__algorithm/is_heap_until.h
[E 07:23:41 4385] Archiving /private/tmp/dfb-213/partial-sdk15-db/src/Library/Developer/CommandLineTools/SDKs/MacOSX15.2.sdk/usr/include/c++/v1/__algorithm/is_partitioned.h
[E 07:23:41 4385] Archiving /private/tmp/dfb-213/partial-sdk15-db/src/Library/Developer/CommandLineTools/SDKs/MacOSX15.2.sdk/usr/include/c++/v1/__algorithm/is_permutation.h
[E 07:23:41 4385] Already archived /private/tmp/dfb-213/partial-sdk15-db/src/Library/Developer/CommandLineTools/SDKs/MacOSX15.2.sdk/usr/include/c++/v1/__undef_macros
[E 07:23:41 4385] Archiving /private/tmp/dfb-213/partial-sdk15-db/src/Library/Developer/CommandLineTools/SDKs/MacOSX15.2.sdk/usr/include/c++/v1/__algorithm/is_sorted.h
[E 07:23:41 4385] Archiving /private/tmp/dfb-213/partial-sdk15-db/src/Library/Developer/CommandLineTools/SDKs/MacOSX15.2.sdk/usr/include/c++/v1/__algorithm/is_sorted_until.h
[E 07:23:41 4385] Archiving /private/tmp/dfb-213/partial-sdk15-db/src/Library/Developer/CommandLineTools/SDKs/MacOSX15.2.sdk/usr/include/c++/v1/__algorithm/make_heap.h
[E 07:23:41 4385] Archiving /private/tmp/dfb-213/partial-sdk15-db/src/Library/Developer/CommandLineTools/SDKs/MacOSX15.2.sdk/usr/include/c++/v1/__algorithm/sift_down.h
[E 07:23:41 4385] Already archived /private/tmp/dfb-213/partial-sdk15-db/src/Library/Developer/CommandLineTools/SDKs/MacOSX15.2.sdk/usr/include/c++/v1/__undef_macros
[E 07:23:41 4385] Already archived /private/tmp/dfb-213/partial-sdk15-db/src/Library/Developer/CommandLineTools/SDKs/MacOSX15.2.sdk/usr/include/c++/v1/__undef_macros
[E 07:23:41 4385] Archiving /private/tmp/dfb-213/partial-sdk15-db/src/Library/Developer/CommandLineTools/SDKs/MacOSX15.2.sdk/usr/include/c++/v1/__algorithm/max.h
[E 07:23:41 4385] Archiving /private/tmp/dfb-213/partial-sdk15-db/src/Library/Developer/CommandLineTools/SDKs/MacOSX15.2.sdk/usr/include/c++/v1/__algorithm/max_element.h
[E 07:23:41 4385] Already archived /private/tmp/dfb-213/partial-sdk15-db/src/Library/Developer/CommandLineTools/SDKs/MacOSX15.2.sdk/usr/include/c++/v1/__undef_macros
[E 07:23:41 4385] Archiving /private/tmp/dfb-213/partial-sdk15-db/src/Library/Developer/CommandLineTools/SDKs/MacOSX15.2.sdk/usr/include/c++/v1/__algorithm/merge.h
[E 07:23:41 4385] Archiving /private/tmp/dfb-213/partial-sdk15-db/src/Library/Developer/CommandLineTools/SDKs/MacOSX15.2.sdk/usr/include/c++/v1/__algorithm/min_max_result.h
[E 07:23:41 4385] Already archived /private/tmp/dfb-213/partial-sdk15-db/src/Library/Developer/CommandLineTools/SDKs/MacOSX15.2.sdk/usr/include/c++/v1/__undef_macros
[E 07:23:41 4385] Archiving /private/tmp/dfb-213/partial-sdk15-db/src/Library/Developer/CommandLineTools/SDKs/MacOSX15.2.sdk/usr/include/c++/v1/__algorithm/minmax.h
[E 07:23:41 4385] Archiving /private/tmp/dfb-213/partial-sdk15-db/src/Library/Developer/CommandLineTools/SDKs/MacOSX15.2.sdk/usr/include/c++/v1/__algorithm/minmax_element.h
[E 07:23:41 4385] Archiving /private/tmp/dfb-213/partial-sdk15-db/src/Library/Developer/CommandLineTools/SDKs/MacOSX15.2.sdk/usr/include/c++/v1/__algorithm/mismatch.h
[E 07:23:41 4385] Archiving /private/tmp/dfb-213/partial-sdk15-db/src/Library/Developer/CommandLineTools/SDKs/MacOSX15.2.sdk/usr/include/c++/v1/__algorithm/next_permutation.h
[E 07:23:41 4385] Archiving /private/tmp/dfb-213/partial-sdk15-db/src/Library/Developer/CommandLineTools/SDKs/MacOSX15.2.sdk/usr/include/c++/v1/__algorithm/reverse.h
[E 07:23:41 4385] Already archived /private/tmp/dfb-213/partial-sdk15-db/src/Library/Developer/CommandLineTools/SDKs/MacOSX15.2.sdk/usr/include/c++/v1/__undef_macros
[E 07:23:41 4385] Already archived /private/tmp/dfb-213/partial-sdk15-db/src/Library/Developer/CommandLineTools/SDKs/MacOSX15.2.sdk/usr/include/c++/v1/__undef_macros
[E 07:23:41 4385] Archiving /private/tmp/dfb-213/partial-sdk15-db/src/Library/Developer/CommandLineTools/SDKs/MacOSX15.2.sdk/usr/include/c++/v1/__algorithm/none_of.h
[E 07:23:41 4385] Archiving /private/tmp/dfb-213/partial-sdk15-db/src/Library/Developer/CommandLineTools/SDKs/MacOSX15.2.sdk/usr/include/c++/v1/__algorithm/nth_element.h
[E 07:23:41 4385] Archiving /private/tmp/dfb-213/partial-sdk15-db/src/Library/Developer/CommandLineTools/SDKs/MacOSX15.2.sdk/usr/include/c++/v1/__algorithm/sort.h
[E 07:23:41 4385] Archiving /private/tmp/dfb-213/partial-sdk15-db/src/Library/Developer/CommandLineTools/SDKs/MacOSX15.2.sdk/usr/include/c++/v1/__algorithm/partial_sort.h
[E 07:23:41 4385] Archiving /private/tmp/dfb-213/partial-sdk15-db/src/Library/Developer/CommandLineTools/SDKs/MacOSX15.2.sdk/usr/include/c++/v1/__algorithm/sort_heap.h
[E 07:23:41 4385] Archiving /private/tmp/dfb-213/partial-sdk15-db/src/Library/Developer/CommandLineTools/SDKs/MacOSX15.2.sdk/usr/include/c++/v1/__algorithm/pop_heap.h
[E 07:23:41 4385] Archiving /private/tmp/dfb-213/partial-sdk15-db/src/Library/Developer/CommandLineTools/SDKs/MacOSX15.2.sdk/usr/include/c++/v1/__algorithm/push_heap.h
[E 07:23:41 4385] Already archived /private/tmp/dfb-213/partial-sdk15-db/src/Library/Developer/CommandLineTools/SDKs/MacOSX15.2.sdk/usr/include/c++/v1/__undef_macros
[E 07:23:41 4385] Already archived /private/tmp/dfb-213/partial-sdk15-db/src/Library/Developer/CommandLineTools/SDKs/MacOSX15.2.sdk/usr/include/c++/v1/__undef_macros
[E 07:23:41 4385] Archiving /private/tmp/dfb-213/partial-sdk15-db/src/Library/Developer/CommandLineTools/SDKs/MacOSX15.2.sdk/usr/include/c++/v1/__debug_utils/strict_weak_ordering_check.h
[E 07:23:41 4385] Already archived /private/tmp/dfb-213/partial-sdk15-db/src/Library/Developer/CommandLineTools/SDKs/MacOSX15.2.sdk/usr/include/c++/v1/__undef_macros
[E 07:23:41 4385] Archiving /private/tmp/dfb-213/partial-sdk15-db/src/Library/Developer/CommandLineTools/SDKs/MacOSX15.2.sdk/usr/include/c++/v1/__debug_utils/randomize_range.h
[E 07:23:41 4385] Already archived /private/tmp/dfb-213/partial-sdk15-db/src/Library/Developer/CommandLineTools/SDKs/MacOSX15.2.sdk/usr/include/c++/v1/__undef_macros
[E 07:23:41 4385] Archiving /private/tmp/dfb-213/partial-sdk15-db/src/Library/Developer/CommandLineTools/SDKs/MacOSX15.2.sdk/usr/include/c++/v1/__bit/blsr.h
[E 07:23:41 4385] Archiving /private/tmp/dfb-213/partial-sdk15-db/src/Library/Developer/CommandLineTools/SDKs/MacOSX15.2.sdk/usr/include/c++/v1/__bit/countl.h
[E 07:23:41 4385] Already archived /private/tmp/dfb-213/partial-sdk15-db/src/Library/Developer/CommandLineTools/SDKs/MacOSX15.2.sdk/usr/include/c++/v1/__undef_macros
[E 07:23:41 4385] Already archived /private/tmp/dfb-213/partial-sdk15-db/src/Library/Developer/CommandLineTools/SDKs/MacOSX15.2.sdk/usr/include/c++/v1/__undef_macros
[E 07:23:41 4385] Already archived /private/tmp/dfb-213/partial-sdk15-db/src/Library/Developer/CommandLineTools/SDKs/MacOSX15.2.sdk/usr/include/c++/v1/__undef_macros
[E 07:23:41 4385] Archiving /private/tmp/dfb-213/partial-sdk15-db/src/Library/Developer/CommandLineTools/SDKs/MacOSX15.2.sdk/usr/include/c++/v1/__algorithm/partial_sort_copy.h
[E 07:23:41 4385] Archiving /private/tmp/dfb-213/partial-sdk15-db/src/Library/Developer/CommandLineTools/SDKs/MacOSX15.2.sdk/usr/include/c++/v1/__algorithm/make_projected.h
[E 07:23:41 4385] Already archived /private/tmp/dfb-213/partial-sdk15-db/src/Library/Developer/CommandLineTools/SDKs/MacOSX15.2.sdk/usr/include/c++/v1/__undef_macros
[E 07:23:41 4385] Archiving /private/tmp/dfb-213/partial-sdk15-db/src/Library/Developer/CommandLineTools/SDKs/MacOSX15.2.sdk/usr/include/c++/v1/__algorithm/partition.h
[E 07:23:41 4385] Already archived /private/tmp/dfb-213/partial-sdk15-db/src/Library/Developer/CommandLineTools/SDKs/MacOSX15.2.sdk/usr/include/c++/v1/__undef_macros
[E 07:23:41 4385] Archiving /private/tmp/dfb-213/partial-sdk15-db/src/Library/Developer/CommandLineTools/SDKs/MacOSX15.2.sdk/usr/include/c++/v1/__algorithm/partition_copy.h
[E 07:23:41 4385] Archiving /private/tmp/dfb-213/partial-sdk15-db/src/Library/Developer/CommandLineTools/SDKs/MacOSX15.2.sdk/usr/include/c++/v1/__algorithm/partition_point.h
[E 07:23:41 4385] Archiving /private/tmp/dfb-213/partial-sdk15-db/src/Library/Developer/CommandLineTools/SDKs/MacOSX15.2.sdk/usr/include/c++/v1/__algorithm/prev_permutation.h
[E 07:23:41 4385] Already archived /private/tmp/dfb-213/partial-sdk15-db/src/Library/Developer/CommandLineTools/SDKs/MacOSX15.2.sdk/usr/include/c++/v1/__undef_macros
[E 07:23:41 4385] Archiving /private/tmp/dfb-213/partial-sdk15-db/src/Library/Developer/CommandLineTools/SDKs/MacOSX15.2.sdk/usr/include/c++/v1/__algorithm/pstl_any_all_none_of.h
[E 07:23:41 4385] Archiving /private/tmp/dfb-213/partial-sdk15-db/src/Library/Developer/CommandLineTools/SDKs/MacOSX15.2.sdk/usr/include/c++/v1/__algorithm/pstl_find.h
[E 07:23:41 4385] Archiving /private/tmp/dfb-213/partial-sdk15-db/src/Library/Developer/CommandLineTools/SDKs/MacOSX15.2.sdk/usr/include/c++/v1/__algorithm/pstl_backend.h
[E 07:23:41 4385] Archiving /private/tmp/dfb-213/partial-sdk15-db/src/Library/Developer/CommandLineTools/SDKs/MacOSX15.2.sdk/usr/include/c++/v1/__algorithm/pstl_backends/cpu_backend.h
[E 07:23:41 4385] Archiving /private/tmp/dfb-213/partial-sdk15-db/src/Library/Developer/CommandLineTools/SDKs/MacOSX15.2.sdk/usr/include/c++/v1/__algorithm/pstl_backends/cpu_backends/any_of.h
[E 07:23:41 4385] Archiving /private/tmp/dfb-213/partial-sdk15-db/src/Library/Developer/CommandLineTools/SDKs/MacOSX15.2.sdk/usr/include/c++/v1/__algorithm/pstl_backends/cpu_backends/backend.h
[E 07:23:41 4385] Archiving /private/tmp/dfb-213/partial-sdk15-db/src/Library/Developer/CommandLineTools/SDKs/MacOSX15.2.sdk/usr/include/c++/v1/__algorithm/pstl_backends/cpu_backends/libdispatch.h
[E 07:23:41 4385] Archiving /private/tmp/dfb-213/partial-sdk15-db/src/Library/Developer/CommandLineTools/SDKs/MacOSX15.2.sdk/usr/include/c++/v1/__numeric/reduce.h
[E 07:23:41 4385] Already archived /private/tmp/dfb-213/partial-sdk15-db/src/Library/Developer/CommandLineTools/SDKs/MacOSX15.2.sdk/usr/include/c++/v1/__undef_macros
[E 07:23:41 4385] Already archived /private/tmp/dfb-213/partial-sdk15-db/src/Library/Developer/CommandLineTools/SDKs/MacOSX15.2.sdk/usr/include/c++/v1/__undef_macros
[E 07:23:41 4385] Archiving /private/tmp/dfb-213/partial-sdk15-db/src/Library/Developer/CommandLineTools/SDKs/MacOSX15.2.sdk/usr/include/c++/v1/__type_traits/is_execution_policy.h
[E 07:23:41 4385] Archiving /private/tmp/dfb-213/partial-sdk15-db/src/Library/Developer/CommandLineTools/SDKs/MacOSX15.2.sdk/usr/include/c++/v1/__algorithm/pstl_backends/cpu_backends/fill.h
[E 07:23:41 4385] Archiving /private/tmp/dfb-213/partial-sdk15-db/src/Library/Developer/CommandLineTools/SDKs/MacOSX15.2.sdk/usr/include/c++/v1/__algorithm/pstl_backends/cpu_backends/find_if.h
[E 07:23:41 4385] Archiving /private/tmp/dfb-213/partial-sdk15-db/src/Library/Developer/CommandLineTools/SDKs/MacOSX15.2.sdk/usr/include/c++/v1/__algorithm/pstl_backends/cpu_backends/for_each.h
[E 07:23:41 4385] Archiving /private/tmp/dfb-213/partial-sdk15-db/src/Library/Developer/CommandLineTools/SDKs/MacOSX15.2.sdk/usr/include/c++/v1/__algorithm/pstl_backends/cpu_backends/merge.h
[E 07:23:41 4385] Archiving /private/tmp/dfb-213/partial-sdk15-db/src/Library/Developer/CommandLineTools/SDKs/MacOSX15.2.sdk/usr/include/c++/v1/__algorithm/pstl_backends/cpu_backends/stable_sort.h
[E 07:23:41 4385] Archiving /private/tmp/dfb-213/partial-sdk15-db/src/Library/Developer/CommandLineTools/SDKs/MacOSX15.2.sdk/usr/include/c++/v1/__algorithm/stable_sort.h
[E 07:23:41 4385] Already archived /private/tmp/dfb-213/partial-sdk15-db/src/Library/Developer/CommandLineTools/SDKs/MacOSX15.2.sdk/usr/include/c++/v1/__undef_macros
[E 07:23:41 4385] Archiving /private/tmp/dfb-213/partial-sdk15-db/src/Library/Developer/CommandLineTools/SDKs/MacOSX15.2.sdk/usr/include/c++/v1/__algorithm/pstl_backends/cpu_backends/transform.h
[E 07:23:41 4385] Archiving /private/tmp/dfb-213/partial-sdk15-db/src/Library/Developer/CommandLineTools/SDKs/MacOSX15.2.sdk/usr/include/c++/v1/__algorithm/transform.h
[E 07:23:41 4385] Archiving /private/tmp/dfb-213/partial-sdk15-db/src/Library/Developer/CommandLineTools/SDKs/MacOSX15.2.sdk/usr/include/c++/v1/__algorithm/pstl_backends/cpu_backends/transform_reduce.h
[E 07:23:41 4385] Archiving /private/tmp/dfb-213/partial-sdk15-db/src/Library/Developer/CommandLineTools/SDKs/MacOSX15.2.sdk/usr/include/c++/v1/__numeric/transform_reduce.h
[E 07:23:41 4385] Already archived /private/tmp/dfb-213/partial-sdk15-db/src/Library/Developer/CommandLineTools/SDKs/MacOSX15.2.sdk/usr/include/c++/v1/__undef_macros
[E 07:23:41 4385] Already archived /private/tmp/dfb-213/partial-sdk15-db/src/Library/Developer/CommandLineTools/SDKs/MacOSX15.2.sdk/usr/include/c++/v1/__undef_macros
[E 07:23:41 4385] Archiving /private/tmp/dfb-213/partial-sdk15-db/src/Library/Developer/CommandLineTools/SDKs/MacOSX15.2.sdk/usr/include/c++/v1/execution
[E 07:23:41 4385] Archiving /private/tmp/dfb-213/partial-sdk15-db/src/Library/Developer/CommandLineTools/SDKs/MacOSX15.2.sdk/usr/include/c++/v1/__algorithm/pstl_frontend_dispatch.h
[E 07:23:41 4385] Archiving /private/tmp/dfb-213/partial-sdk15-db/src/Library/Developer/CommandLineTools/SDKs/MacOSX15.2.sdk/usr/include/c++/v1/__iterator/cpp17_iterator_concepts.h
[E 07:23:41 4385] Already archived /private/tmp/dfb-213/partial-sdk15-db/src/Library/Developer/CommandLineTools/SDKs/MacOSX15.2.sdk/usr/include/c++/v1/__undef_macros
[E 07:23:41 4385] Already archived /private/tmp/dfb-213/partial-sdk15-db/src/Library/Developer/CommandLineTools/SDKs/MacOSX15.2.sdk/usr/include/c++/v1/__undef_macros
[E 07:23:41 4385] Already archived /private/tmp/dfb-213/partial-sdk15-db/src/Library/Developer/CommandLineTools/SDKs/MacOSX15.2.sdk/usr/include/c++/v1/__undef_macros
[E 07:23:41 4385] Archiving /private/tmp/dfb-213/partial-sdk15-db/src/Library/Developer/CommandLineTools/SDKs/MacOSX15.2.sdk/usr/include/c++/v1/__algorithm/pstl_copy.h
[E 07:23:41 4385] Archiving /private/tmp/dfb-213/partial-sdk15-db/src/Library/Developer/CommandLineTools/SDKs/MacOSX15.2.sdk/usr/include/c++/v1/__algorithm/pstl_transform.h
[E 07:23:41 4385] Already archived /private/tmp/dfb-213/partial-sdk15-db/src/Library/Developer/CommandLineTools/SDKs/MacOSX15.2.sdk/usr/include/c++/v1/__undef_macros
[E 07:23:41 4385] Already archived /private/tmp/dfb-213/partial-sdk15-db/src/Library/Developer/CommandLineTools/SDKs/MacOSX15.2.sdk/usr/include/c++/v1/__undef_macros
[E 07:23:41 4385] Archiving /private/tmp/dfb-213/partial-sdk15-db/src/Library/Developer/CommandLineTools/SDKs/MacOSX15.2.sdk/usr/include/c++/v1/__algorithm/pstl_count.h
[E 07:23:41 4385] Archiving /private/tmp/dfb-213/partial-sdk15-db/src/Library/Developer/CommandLineTools/SDKs/MacOSX15.2.sdk/usr/include/c++/v1/__algorithm/pstl_for_each.h
[E 07:23:41 4385] Already archived /private/tmp/dfb-213/partial-sdk15-db/src/Library/Developer/CommandLineTools/SDKs/MacOSX15.2.sdk/usr/include/c++/v1/__undef_macros
[E 07:23:41 4385] Archiving /private/tmp/dfb-213/partial-sdk15-db/src/Library/Developer/CommandLineTools/SDKs/MacOSX15.2.sdk/usr/include/c++/v1/__numeric/pstl_transform_reduce.h
[E 07:23:41 4385] Already archived /private/tmp/dfb-213/partial-sdk15-db/src/Library/Developer/CommandLineTools/SDKs/MacOSX15.2.sdk/usr/include/c++/v1/__undef_macros
[E 07:23:41 4385] Already archived /private/tmp/dfb-213/partial-sdk15-db/src/Library/Developer/CommandLineTools/SDKs/MacOSX15.2.sdk/usr/include/c++/v1/__undef_macros
[E 07:23:41 4385] Archiving /private/tmp/dfb-213/partial-sdk15-db/src/Library/Developer/CommandLineTools/SDKs/MacOSX15.2.sdk/usr/include/c++/v1/__algorithm/pstl_equal.h
[E 07:23:41 4385] Already archived /private/tmp/dfb-213/partial-sdk15-db/src/Library/Developer/CommandLineTools/SDKs/MacOSX15.2.sdk/usr/include/c++/v1/__undef_macros
[E 07:23:41 4385] Archiving /private/tmp/dfb-213/partial-sdk15-db/src/Library/Developer/CommandLineTools/SDKs/MacOSX15.2.sdk/usr/include/c++/v1/__algorithm/pstl_fill.h
[E 07:23:41 4385] Already archived /private/tmp/dfb-213/partial-sdk15-db/src/Library/Developer/CommandLineTools/SDKs/MacOSX15.2.sdk/usr/include/c++/v1/__undef_macros
[E 07:23:41 4385] Archiving /private/tmp/dfb-213/partial-sdk15-db/src/Library/Developer/CommandLineTools/SDKs/MacOSX15.2.sdk/usr/include/c++/v1/__algorithm/pstl_generate.h
[E 07:23:41 4385] Already archived /private/tmp/dfb-213/partial-sdk15-db/src/Library/Developer/CommandLineTools/SDKs/MacOSX15.2.sdk/usr/include/c++/v1/__undef_macros
[E 07:23:41 4385] Archiving /private/tmp/dfb-213/partial-sdk15-db/src/Library/Developer/CommandLineTools/SDKs/MacOSX15.2.sdk/usr/include/c++/v1/__algorithm/pstl_is_partitioned.h
[E 07:23:41 4385] Already archived /private/tmp/dfb-213/partial-sdk15-db/src/Library/Developer/CommandLineTools/SDKs/MacOSX15.2.sdk/usr/include/c++/v1/__undef_macros
[E 07:23:41 4385] Archiving /private/tmp/dfb-213/partial-sdk15-db/src/Library/Developer/CommandLineTools/SDKs/MacOSX15.2.sdk/usr/include/c++/v1/__algorithm/pstl_merge.h
[E 07:23:41 4385] Already archived /private/tmp/dfb-213/partial-sdk15-db/src/Library/Developer/CommandLineTools/SDKs/MacOSX15.2.sdk/usr/include/c++/v1/__undef_macros
[E 07:23:41 4385] Archiving /private/tmp/dfb-213/partial-sdk15-db/src/Library/Developer/CommandLineTools/SDKs/MacOSX15.2.sdk/usr/include/c++/v1/__algorithm/pstl_move.h
[E 07:23:41 4385] Already archived /private/tmp/dfb-213/partial-sdk15-db/src/Library/Developer/CommandLineTools/SDKs/MacOSX15.2.sdk/usr/include/c++/v1/__undef_macros
[E 07:23:41 4385] Archiving /private/tmp/dfb-213/partial-sdk15-db/src/Library/Developer/CommandLineTools/SDKs/MacOSX15.2.sdk/usr/include/c++/v1/__algorithm/pstl_replace.h
[E 07:23:41 4385] Already archived /private/tmp/dfb-213/partial-sdk15-db/src/Library/Developer/CommandLineTools/SDKs/MacOSX15.2.sdk/usr/include/c++/v1/__undef_macros
[E 07:23:41 4385] Archiving /private/tmp/dfb-213/partial-sdk15-db/src/Library/Developer/CommandLineTools/SDKs/MacOSX15.2.sdk/usr/include/c++/v1/__algorithm/pstl_rotate_copy.h
[E 07:23:41 4385] Already archived /private/tmp/dfb-213/partial-sdk15-db/src/Library/Developer/CommandLineTools/SDKs/MacOSX15.2.sdk/usr/include/c++/v1/__undef_macros
[E 07:23:41 4385] Archiving /private/tmp/dfb-213/partial-sdk15-db/src/Library/Developer/CommandLineTools/SDKs/MacOSX15.2.sdk/usr/include/c++/v1/__algorithm/pstl_sort.h
[E 07:23:41 4385] Archiving /private/tmp/dfb-213/partial-sdk15-db/src/Library/Developer/CommandLineTools/SDKs/MacOSX15.2.sdk/usr/include/c++/v1/__algorithm/pstl_stable_sort.h
[E 07:23:41 4385] Already archived /private/tmp/dfb-213/partial-sdk15-db/src/Library/Developer/CommandLineTools/SDKs/MacOSX15.2.sdk/usr/include/c++/v1/__undef_macros
[E 07:23:41 4385] Already archived /private/tmp/dfb-213/partial-sdk15-db/src/Library/Developer/CommandLineTools/SDKs/MacOSX15.2.sdk/usr/include/c++/v1/__undef_macros
[E 07:23:41 4385] Archiving /private/tmp/dfb-213/partial-sdk15-db/src/Library/Developer/CommandLineTools/SDKs/MacOSX15.2.sdk/usr/include/c++/v1/__algorithm/ranges_adjacent_find.h
[E 07:23:41 4385] Already archived /private/tmp/dfb-213/partial-sdk15-db/src/Library/Developer/CommandLineTools/SDKs/MacOSX15.2.sdk/usr/include/c++/v1/__undef_macros
[E 07:23:41 4385] Archiving /private/tmp/dfb-213/partial-sdk15-db/src/Library/Developer/CommandLineTools/SDKs/MacOSX15.2.sdk/usr/include/c++/v1/__algorithm/ranges_all_of.h
[E 07:23:41 4385] Already archived /private/tmp/dfb-213/partial-sdk15-db/src/Library/Developer/CommandLineTools/SDKs/MacOSX15.2.sdk/usr/include/c++/v1/__undef_macros
[E 07:23:41 4385] Archiving /private/tmp/dfb-213/partial-sdk15-db/src/Library/Developer/CommandLineTools/SDKs/MacOSX15.2.sdk/usr/include/c++/v1/__algorithm/ranges_any_of.h
[E 07:23:41 4385] Already archived /private/tmp/dfb-213/partial-sdk15-db/src/Library/Developer/CommandLineTools/SDKs/MacOSX15.2.sdk/usr/include/c++/v1/__undef_macros
[E 07:23:41 4385] Archiving /private/tmp/dfb-213/partial-sdk15-db/src/Library/Developer/CommandLineTools/SDKs/MacOSX15.2.sdk/usr/include/c++/v1/__algorithm/ranges_binary_search.h
[E 07:23:41 4385] Already archived /private/tmp/dfb-213/partial-sdk15-db/src/Library/Developer/CommandLineTools/SDKs/MacOSX15.2.sdk/usr/include/c++/v1/__undef_macros
[E 07:23:41 4385] Archiving /private/tmp/dfb-213/partial-sdk15-db/src/Library/Developer/CommandLineTools/SDKs/MacOSX15.2.sdk/usr/include/c++/v1/__algorithm/ranges_clamp.h
[E 07:23:41 4385] Already archived /private/tmp/dfb-213/partial-sdk15-db/src/Library/Developer/CommandLineTools/SDKs/MacOSX15.2.sdk/usr/include/c++/v1/__undef_macros
[E 07:23:41 4385] Archiving /private/tmp/dfb-213/partial-sdk15-db/src/Library/Developer/CommandLineTools/SDKs/MacOSX15.2.sdk/usr/include/c++/v1/__algorithm/ranges_contains.h
[E 07:23:41 4385] Archiving /private/tmp/dfb-213/partial-sdk15-db/src/Library/Developer/CommandLineTools/SDKs/MacOSX15.2.sdk/usr/include/c++/v1/__algorithm/ranges_find.h
[E 07:23:41 4385] Archiving /private/tmp/dfb-213/partial-sdk15-db/src/Library/Developer/CommandLineTools/SDKs/MacOSX15.2.sdk/usr/include/c++/v1/__algorithm/ranges_find_if.h
[E 07:23:41 4385] Already archived /private/tmp/dfb-213/partial-sdk15-db/src/Library/Developer/CommandLineTools/SDKs/MacOSX15.2.sdk/usr/include/c++/v1/__undef_macros
[E 07:23:41 4385] Already archived /private/tmp/dfb-213/partial-sdk15-db/src/Library/Developer/CommandLineTools/SDKs/MacOSX15.2.sdk/usr/include/c++/v1/__undef_macros
[E 07:23:41 4385] Already archived /private/tmp/dfb-213/partial-sdk15-db/src/Library/Developer/CommandLineTools/SDKs/MacOSX15.2.sdk/usr/include/c++/v1/__undef_macros
[E 07:23:41 4385] Archiving /private/tmp/dfb-213/partial-sdk15-db/src/Library/Developer/CommandLineTools/SDKs/MacOSX15.2.sdk/usr/include/c++/v1/__algorithm/ranges_copy.h
[E 07:23:41 4385] Already archived /private/tmp/dfb-213/partial-sdk15-db/src/Library/Developer/CommandLineTools/SDKs/MacOSX15.2.sdk/usr/include/c++/v1/__undef_macros
[E 07:23:41 4385] Archiving /private/tmp/dfb-213/partial-sdk15-db/src/Library/Developer/CommandLineTools/SDKs/MacOSX15.2.sdk/usr/include/c++/v1/__algorithm/ranges_copy_backward.h
[E 07:23:41 4385] Already archived /private/tmp/dfb-213/partial-sdk15-db/src/Library/Developer/CommandLineTools/SDKs/MacOSX15.2.sdk/usr/include/c++/v1/__undef_macros
[E 07:23:41 4385] Archiving /private/tmp/dfb-213/partial-sdk15-db/src/Library/Developer/CommandLineTools/SDKs/MacOSX15.2.sdk/usr/include/c++/v1/__algorithm/ranges_copy_if.h
[E 07:23:41 4385] Already archived /private/tmp/dfb-213/partial-sdk15-db/src/Library/Developer/CommandLineTools/SDKs/MacOSX15.2.sdk/usr/include/c++/v1/__undef_macros
[E 07:23:41 4385] Archiving /private/tmp/dfb-213/partial-sdk15-db/src/Library/Developer/CommandLineTools/SDKs/MacOSX15.2.sdk/usr/include/c++/v1/__algorithm/ranges_copy_n.h
[E 07:23:41 4385] Already archived /private/tmp/dfb-213/partial-sdk15-db/src/Library/Developer/CommandLineTools/SDKs/MacOSX15.2.sdk/usr/include/c++/v1/__undef_macros
[E 07:23:41 4385] Archiving /private/tmp/dfb-213/partial-sdk15-db/src/Library/Developer/CommandLineTools/SDKs/MacOSX15.2.sdk/usr/include/c++/v1/__algorithm/ranges_count.h
[E 07:23:41 4385] Already archived /private/tmp/dfb-213/partial-sdk15-db/src/Library/Developer/CommandLineTools/SDKs/MacOSX15.2.sdk/usr/include/c++/v1/__undef_macros
[E 07:23:41 4385] Archiving /private/tmp/dfb-213/partial-sdk15-db/src/Library/Developer/CommandLineTools/SDKs/MacOSX15.2.sdk/usr/include/c++/v1/__algorithm/ranges_count_if.h
[E 07:23:41 4385] Already archived /private/tmp/dfb-213/partial-sdk15-db/src/Library/Developer/CommandLineTools/SDKs/MacOSX15.2.sdk/usr/include/c++/v1/__undef_macros
[E 07:23:41 4385] Archiving /private/tmp/dfb-213/partial-sdk15-db/src/Library/Developer/CommandLineTools/SDKs/MacOSX15.2.sdk/usr/include/c++/v1/__algorithm/ranges_ends_with.h
[E 07:23:41 4385] Archiving /private/tmp/dfb-213/partial-sdk15-db/src/Library/Developer/CommandLineTools/SDKs/MacOSX15.2.sdk/usr/include/c++/v1/__algorithm/ranges_equal.h
[E 07:23:41 4385] Already archived /private/tmp/dfb-213/partial-sdk15-db/src/Library/Developer/CommandLineTools/SDKs/MacOSX15.2.sdk/usr/include/c++/v1/__undef_macros
[E 07:23:41 4385] Archiving /private/tmp/dfb-213/partial-sdk15-db/src/Library/Developer/CommandLineTools/SDKs/MacOSX15.2.sdk/usr/include/c++/v1/__algorithm/ranges_starts_with.h
[E 07:23:41 4385] Archiving /private/tmp/dfb-213/partial-sdk15-db/src/Library/Developer/CommandLineTools/SDKs/MacOSX15.2.sdk/usr/include/c++/v1/__algorithm/ranges_mismatch.h
[E 07:23:41 4385] Already archived /private/tmp/dfb-213/partial-sdk15-db/src/Library/Developer/CommandLineTools/SDKs/MacOSX15.2.sdk/usr/include/c++/v1/__undef_macros
[E 07:23:41 4385] Already archived /private/tmp/dfb-213/partial-sdk15-db/src/Library/Developer/CommandLineTools/SDKs/MacOSX15.2.sdk/usr/include/c++/v1/__undef_macros
[E 07:23:41 4385] Already archived /private/tmp/dfb-213/partial-sdk15-db/src/Library/Developer/CommandLineTools/SDKs/MacOSX15.2.sdk/usr/include/c++/v1/__undef_macros
[E 07:23:41 4385] Archiving /private/tmp/dfb-213/partial-sdk15-db/src/Library/Developer/CommandLineTools/SDKs/MacOSX15.2.sdk/usr/include/c++/v1/__algorithm/ranges_equal_range.h
[E 07:23:41 4385] Already archived /private/tmp/dfb-213/partial-sdk15-db/src/Library/Developer/CommandLineTools/SDKs/MacOSX15.2.sdk/usr/include/c++/v1/__undef_macros
[E 07:23:41 4385] Archiving /private/tmp/dfb-213/partial-sdk15-db/src/Library/Developer/CommandLineTools/SDKs/MacOSX15.2.sdk/usr/include/c++/v1/__algorithm/ranges_fill.h
[E 07:23:41 4385] Archiving /private/tmp/dfb-213/partial-sdk15-db/src/Library/Developer/CommandLineTools/SDKs/MacOSX15.2.sdk/usr/include/c++/v1/__algorithm/ranges_fill_n.h
[E 07:23:41 4385] Already archived /private/tmp/dfb-213/partial-sdk15-db/src/Library/Developer/CommandLineTools/SDKs/MacOSX15.2.sdk/usr/include/c++/v1/__undef_macros
[E 07:23:41 4385] Already archived /private/tmp/dfb-213/partial-sdk15-db/src/Library/Developer/CommandLineTools/SDKs/MacOSX15.2.sdk/usr/include/c++/v1/__undef_macros
[E 07:23:41 4385] Archiving /private/tmp/dfb-213/partial-sdk15-db/src/Library/Developer/CommandLineTools/SDKs/MacOSX15.2.sdk/usr/include/c++/v1/__algorithm/ranges_find_end.h
[E 07:23:41 4385] Already archived /private/tmp/dfb-213/partial-sdk15-db/src/Library/Developer/CommandLineTools/SDKs/MacOSX15.2.sdk/usr/include/c++/v1/__undef_macros
[E 07:23:41 4385] Archiving /private/tmp/dfb-213/partial-sdk15-db/src/Library/Developer/CommandLineTools/SDKs/MacOSX15.2.sdk/usr/include/c++/v1/__algorithm/ranges_find_first_of.h
[E 07:23:41 4385] Already archived /private/tmp/dfb-213/partial-sdk15-db/src/Library/Developer/CommandLineTools/SDKs/MacOSX15.2.sdk/usr/include/c++/v1/__undef_macros
[E 07:23:41 4385] Archiving /private/tmp/dfb-213/partial-sdk15-db/src/Library/Developer/CommandLineTools/SDKs/MacOSX15.2.sdk/usr/include/c++/v1/__algorithm/ranges_find_if_not.h
[E 07:23:41 4385] Already archived /private/tmp/dfb-213/partial-sdk15-db/src/Library/Developer/CommandLineTools/SDKs/MacOSX15.2.sdk/usr/include/c++/v1/__undef_macros
[E 07:23:41 4385] Archiving /private/tmp/dfb-213/partial-sdk15-db/src/Library/Developer/CommandLineTools/SDKs/MacOSX15.2.sdk/usr/include/c++/v1/__algorithm/ranges_for_each.h
[E 07:23:41 4385] Already archived /private/tmp/dfb-213/partial-sdk15-db/src/Library/Developer/CommandLineTools/SDKs/MacOSX15.2.sdk/usr/include/c++/v1/__undef_macros
[E 07:23:41 4385] Archiving /private/tmp/dfb-213/partial-sdk15-db/src/Library/Developer/CommandLineTools/SDKs/MacOSX15.2.sdk/usr/include/c++/v1/__algorithm/ranges_for_each_n.h
[E 07:23:41 4385] Already archived /private/tmp/dfb-213/partial-sdk15-db/src/Library/Developer/CommandLineTools/SDKs/MacOSX15.2.sdk/usr/include/c++/v1/__undef_macros
[E 07:23:41 4385] Archiving /private/tmp/dfb-213/partial-sdk15-db/src/Library/Developer/CommandLineTools/SDKs/MacOSX15.2.sdk/usr/include/c++/v1/__algorithm/ranges_generate.h
[E 07:23:41 4385] Already archived /private/tmp/dfb-213/partial-sdk15-db/src/Library/Developer/CommandLineTools/SDKs/MacOSX15.2.sdk/usr/include/c++/v1/__undef_macros
[E 07:23:41 4385] Archiving /private/tmp/dfb-213/partial-sdk15-db/src/Library/Developer/CommandLineTools/SDKs/MacOSX15.2.sdk/usr/include/c++/v1/__algorithm/ranges_generate_n.h
[E 07:23:41 4385] Already archived /private/tmp/dfb-213/partial-sdk15-db/src/Library/Developer/CommandLineTools/SDKs/MacOSX15.2.sdk/usr/include/c++/v1/__undef_macros
[E 07:23:41 4385] Archiving /private/tmp/dfb-213/partial-sdk15-db/src/Library/Developer/CommandLineTools/SDKs/MacOSX15.2.sdk/usr/include/c++/v1/__algorithm/ranges_includes.h
[E 07:23:41 4385] Already archived /private/tmp/dfb-213/partial-sdk15-db/src/Library/Developer/CommandLineTools/SDKs/MacOSX15.2.sdk/usr/include/c++/v1/__undef_macros
[E 07:23:41 4385] Archiving /private/tmp/dfb-213/partial-sdk15-db/src/Library/Developer/CommandLineTools/SDKs/MacOSX15.2.sdk/usr/include/c++/v1/__algorithm/ranges_inplace_merge.h
[E 07:23:41 4385] Already archived /private/tmp/dfb-213/partial-sdk15-db/src/Library/Developer/CommandLineTools/SDKs/MacOSX15.2.sdk/usr/include/c++/v1/__undef_macros
[E 07:23:41 4385] Archiving /private/tmp/dfb-213/partial-sdk15-db/src/Library/Developer/CommandLineTools/SDKs/MacOSX15.2.sdk/usr/include/c++/v1/__algorithm/ranges_is_heap.h
[E 07:23:41 4385] Already archived /private/tmp/dfb-213/partial-sdk15-db/src/Library/Developer/CommandLineTools/SDKs/MacOSX15.2.sdk/usr/include/c++/v1/__undef_macros
[E 07:23:41 4385] Archiving /private/tmp/dfb-213/partial-sdk15-db/src/Library/Developer/CommandLineTools/SDKs/MacOSX15.2.sdk/usr/include/c++/v1/__algorithm/ranges_is_heap_until.h
[E 07:23:41 4385] Already archived /private/tmp/dfb-213/partial-sdk15-db/src/Library/Developer/CommandLineTools/SDKs/MacOSX15.2.sdk/usr/include/c++/v1/__undef_macros
[E 07:23:41 4385] Archiving /private/tmp/dfb-213/partial-sdk15-db/src/Library/Developer/CommandLineTools/SDKs/MacOSX15.2.sdk/usr/include/c++/v1/__algorithm/ranges_is_partitioned.h
[E 07:23:41 4385] Already archived /private/tmp/dfb-213/partial-sdk15-db/src/Library/Developer/CommandLineTools/SDKs/MacOSX15.2.sdk/usr/include/c++/v1/__undef_macros
[E 07:23:41 4385] Archiving /private/tmp/dfb-213/partial-sdk15-db/src/Library/Developer/CommandLineTools/SDKs/MacOSX15.2.sdk/usr/include/c++/v1/__algorithm/ranges_is_permutation.h
[E 07:23:41 4385] Already archived /private/tmp/dfb-213/partial-sdk15-db/src/Library/Developer/CommandLineTools/SDKs/MacOSX15.2.sdk/usr/include/c++/v1/__undef_macros
[E 07:23:41 4385] Archiving /private/tmp/dfb-213/partial-sdk15-db/src/Library/Developer/CommandLineTools/SDKs/MacOSX15.2.sdk/usr/include/c++/v1/__algorithm/ranges_is_sorted.h
[E 07:23:41 4385] Archiving /private/tmp/dfb-213/partial-sdk15-db/src/Library/Developer/CommandLineTools/SDKs/MacOSX15.2.sdk/usr/include/c++/v1/__algorithm/ranges_is_sorted_until.h
[E 07:23:41 4385] Already archived /private/tmp/dfb-213/partial-sdk15-db/src/Library/Developer/CommandLineTools/SDKs/MacOSX15.2.sdk/usr/include/c++/v1/__undef_macros
[E 07:23:41 4385] Already archived /private/tmp/dfb-213/partial-sdk15-db/src/Library/Developer/CommandLineTools/SDKs/MacOSX15.2.sdk/usr/include/c++/v1/__undef_macros
[E 07:23:41 4385] Archiving /private/tmp/dfb-213/partial-sdk15-db/src/Library/Developer/CommandLineTools/SDKs/MacOSX15.2.sdk/usr/include/c++/v1/__algorithm/ranges_lexicographical_compare.h
[E 07:23:41 4385] Already archived /private/tmp/dfb-213/partial-sdk15-db/src/Library/Developer/CommandLineTools/SDKs/MacOSX15.2.sdk/usr/include/c++/v1/__undef_macros
[E 07:23:41 4385] Archiving /private/tmp/dfb-213/partial-sdk15-db/src/Library/Developer/CommandLineTools/SDKs/MacOSX15.2.sdk/usr/include/c++/v1/__algorithm/ranges_lower_bound.h
[E 07:23:41 4385] Already archived /private/tmp/dfb-213/partial-sdk15-db/src/Library/Developer/CommandLineTools/SDKs/MacOSX15.2.sdk/usr/include/c++/v1/__undef_macros
[E 07:23:41 4385] Archiving /private/tmp/dfb-213/partial-sdk15-db/src/Library/Developer/CommandLineTools/SDKs/MacOSX15.2.sdk/usr/include/c++/v1/__algorithm/ranges_make_heap.h
[E 07:23:41 4385] Already archived /private/tmp/dfb-213/partial-sdk15-db/src/Library/Developer/CommandLineTools/SDKs/MacOSX15.2.sdk/usr/include/c++/v1/__undef_macros
[E 07:23:41 4385] Archiving /private/tmp/dfb-213/partial-sdk15-db/src/Library/Developer/CommandLineTools/SDKs/MacOSX15.2.sdk/usr/include/c++/v1/__algorithm/ranges_max.h
[E 07:23:41 4385] Archiving /private/tmp/dfb-213/partial-sdk15-db/src/Library/Developer/CommandLineTools/SDKs/MacOSX15.2.sdk/usr/include/c++/v1/__algorithm/ranges_min_element.h
[E 07:23:41 4385] Already archived /private/tmp/dfb-213/partial-sdk15-db/src/Library/Developer/CommandLineTools/SDKs/MacOSX15.2.sdk/usr/include/c++/v1/__undef_macros
[E 07:23:41 4385] Archiving /private/tmp/dfb-213/partial-sdk15-db/src/Library/Developer/CommandLineTools/SDKs/MacOSX15.2.sdk/usr/include/c++/v1/__algorithm/ranges_max_element.h
[E 07:23:41 4385] Already archived /private/tmp/dfb-213/partial-sdk15-db/src/Library/Developer/CommandLineTools/SDKs/MacOSX15.2.sdk/usr/include/c++/v1/__undef_macros
[E 07:23:41 4385] Archiving /private/tmp/dfb-213/partial-sdk15-db/src/Library/Developer/CommandLineTools/SDKs/MacOSX15.2.sdk/usr/include/c++/v1/__algorithm/ranges_merge.h
[E 07:23:41 4385] Already archived /private/tmp/dfb-213/partial-sdk15-db/src/Library/Developer/CommandLineTools/SDKs/MacOSX15.2.sdk/usr/include/c++/v1/__undef_macros
[E 07:23:41 4385] Archiving /private/tmp/dfb-213/partial-sdk15-db/src/Library/Developer/CommandLineTools/SDKs/MacOSX15.2.sdk/usr/include/c++/v1/__algorithm/ranges_min.h
[E 07:23:41 4385] Archiving /private/tmp/dfb-213/partial-sdk15-db/src/Library/Developer/CommandLineTools/SDKs/MacOSX15.2.sdk/usr/include/c++/v1/__algorithm/ranges_minmax.h
[E 07:23:41 4385] Archiving /private/tmp/dfb-213/partial-sdk15-db/src/Library/Developer/CommandLineTools/SDKs/MacOSX15.2.sdk/usr/include/c++/v1/__algorithm/ranges_minmax_element.h
[E 07:23:41 4385] Already archived /private/tmp/dfb-213/partial-sdk15-db/src/Library/Developer/CommandLineTools/SDKs/MacOSX15.2.sdk/usr/include/c++/v1/__undef_macros
[E 07:23:41 4385] Archiving /private/tmp/dfb-213/partial-sdk15-db/src/Library/Developer/CommandLineTools/SDKs/MacOSX15.2.sdk/usr/include/c++/v1/__algorithm/ranges_move.h
[E 07:23:41 4385] Already archived /private/tmp/dfb-213/partial-sdk15-db/src/Library/Developer/CommandLineTools/SDKs/MacOSX15.2.sdk/usr/include/c++/v1/__undef_macros
[E 07:23:41 4385] Archiving /private/tmp/dfb-213/partial-sdk15-db/src/Library/Developer/CommandLineTools/SDKs/MacOSX15.2.sdk/usr/include/c++/v1/__algorithm/ranges_move_backward.h
[E 07:23:41 4385] Already archived /private/tmp/dfb-213/partial-sdk15-db/src/Library/Developer/CommandLineTools/SDKs/MacOSX15.2.sdk/usr/include/c++/v1/__undef_macros
[E 07:23:41 4385] Archiving /private/tmp/dfb-213/partial-sdk15-db/src/Library/Developer/CommandLineTools/SDKs/MacOSX15.2.sdk/usr/include/c++/v1/__algorithm/ranges_next_permutation.h
[E 07:23:41 4385] Already archived /private/tmp/dfb-213/partial-sdk15-db/src/Library/Developer/CommandLineTools/SDKs/MacOSX15.2.sdk/usr/include/c++/v1/__undef_macros
[E 07:23:41 4385] Archiving /private/tmp/dfb-213/partial-sdk15-db/src/Library/Developer/CommandLineTools/SDKs/MacOSX15.2.sdk/usr/include/c++/v1/__algorithm/ranges_none_of.h
[E 07:23:41 4385] Already archived /private/tmp/dfb-213/partial-sdk15-db/src/Library/Developer/CommandLineTools/SDKs/MacOSX15.2.sdk/usr/include/c++/v1/__undef_macros
[E 07:23:41 4385] Archiving /private/tmp/dfb-213/partial-sdk15-db/src/Library/Developer/CommandLineTools/SDKs/MacOSX15.2.sdk/usr/include/c++/v1/__algorithm/ranges_nth_element.h
[E 07:23:41 4385] Already archived /private/tmp/dfb-213/partial-sdk15-db/src/Library/Developer/CommandLineTools/SDKs/MacOSX15.2.sdk/usr/include/c++/v1/__undef_macros
[E 07:23:41 4385] Archiving /private/tmp/dfb-213/partial-sdk15-db/src/Library/Developer/CommandLineTools/SDKs/MacOSX15.2.sdk/usr/include/c++/v1/__algorithm/ranges_partial_sort.h
[E 07:23:41 4385] Already archived /private/tmp/dfb-213/partial-sdk15-db/src/Library/Developer/CommandLineTools/SDKs/MacOSX15.2.sdk/usr/include/c++/v1/__undef_macros
[E 07:23:41 4385] Archiving /private/tmp/dfb-213/partial-sdk15-db/src/Library/Developer/CommandLineTools/SDKs/MacOSX15.2.sdk/usr/include/c++/v1/__algorithm/ranges_partial_sort_copy.h
[E 07:23:41 4385] Already archived /private/tmp/dfb-213/partial-sdk15-db/src/Library/Developer/CommandLineTools/SDKs/MacOSX15.2.sdk/usr/include/c++/v1/__undef_macros
[E 07:23:41 4385] Archiving /private/tmp/dfb-213/partial-sdk15-db/src/Library/Developer/CommandLineTools/SDKs/MacOSX15.2.sdk/usr/include/c++/v1/__algorithm/ranges_partition.h
[E 07:23:41 4385] Already archived /private/tmp/dfb-213/partial-sdk15-db/src/Library/Developer/CommandLineTools/SDKs/MacOSX15.2.sdk/usr/include/c++/v1/__undef_macros
[E 07:23:41 4385] Archiving /private/tmp/dfb-213/partial-sdk15-db/src/Library/Developer/CommandLineTools/SDKs/MacOSX15.2.sdk/usr/include/c++/v1/__algorithm/ranges_partition_copy.h
[E 07:23:41 4385] Already archived /private/tmp/dfb-213/partial-sdk15-db/src/Library/Developer/CommandLineTools/SDKs/MacOSX15.2.sdk/usr/include/c++/v1/__undef_macros
[E 07:23:41 4385] Archiving /private/tmp/dfb-213/partial-sdk15-db/src/Library/Developer/CommandLineTools/SDKs/MacOSX15.2.sdk/usr/include/c++/v1/__algorithm/ranges_partition_point.h
[E 07:23:41 4385] Already archived /private/tmp/dfb-213/partial-sdk15-db/src/Library/Developer/CommandLineTools/SDKs/MacOSX15.2.sdk/usr/include/c++/v1/__undef_macros
[E 07:23:41 4385] Archiving /private/tmp/dfb-213/partial-sdk15-db/src/Library/Developer/CommandLineTools/SDKs/MacOSX15.2.sdk/usr/include/c++/v1/__algorithm/ranges_pop_heap.h
[E 07:23:41 4385] Already archived /private/tmp/dfb-213/partial-sdk15-db/src/Library/Developer/CommandLineTools/SDKs/MacOSX15.2.sdk/usr/include/c++/v1/__undef_macros
[E 07:23:41 4385] Archiving /private/tmp/dfb-213/partial-sdk15-db/src/Library/Developer/CommandLineTools/SDKs/MacOSX15.2.sdk/usr/include/c++/v1/__algorithm/ranges_prev_permutation.h
[E 07:23:41 4385] Already archived /private/tmp/dfb-213/partial-sdk15-db/src/Library/Developer/CommandLineTools/SDKs/MacOSX15.2.sdk/usr/include/c++/v1/__undef_macros
[E 07:23:41 4385] Archiving /private/tmp/dfb-213/partial-sdk15-db/src/Library/Developer/CommandLineTools/SDKs/MacOSX15.2.sdk/usr/include/c++/v1/__algorithm/ranges_push_heap.h
[E 07:23:41 4385] Already archived /private/tmp/dfb-213/partial-sdk15-db/src/Library/Developer/CommandLineTools/SDKs/MacOSX15.2.sdk/usr/include/c++/v1/__undef_macros
[E 07:23:41 4385] Archiving /private/tmp/dfb-213/partial-sdk15-db/src/Library/Developer/CommandLineTools/SDKs/MacOSX15.2.sdk/usr/include/c++/v1/__algorithm/ranges_remove.h
[E 07:23:41 4385] Archiving /private/tmp/dfb-213/partial-sdk15-db/src/Library/Developer/CommandLineTools/SDKs/MacOSX15.2.sdk/usr/include/c++/v1/__algorithm/ranges_remove_if.h
[E 07:23:41 4385] Already archived /private/tmp/dfb-213/partial-sdk15-db/src/Library/Developer/CommandLineTools/SDKs/MacOSX15.2.sdk/usr/include/c++/v1/__undef_macros
[E 07:23:41 4385] Already archived /private/tmp/dfb-213/partial-sdk15-db/src/Library/Developer/CommandLineTools/SDKs/MacOSX15.2.sdk/usr/include/c++/v1/__undef_macros
[E 07:23:41 4385] Archiving /private/tmp/dfb-213/partial-sdk15-db/src/Library/Developer/CommandLineTools/SDKs/MacOSX15.2.sdk/usr/include/c++/v1/__algorithm/ranges_remove_copy.h
[E 07:23:41 4385] Archiving /private/tmp/dfb-213/partial-sdk15-db/src/Library/Developer/CommandLineTools/SDKs/MacOSX15.2.sdk/usr/include/c++/v1/__algorithm/ranges_remove_copy_if.h
[E 07:23:41 4385] Archiving /private/tmp/dfb-213/partial-sdk15-db/src/Library/Developer/CommandLineTools/SDKs/MacOSX15.2.sdk/usr/include/c++/v1/__algorithm/remove_copy_if.h
[E 07:23:41 4385] Already archived /private/tmp/dfb-213/partial-sdk15-db/src/Library/Developer/CommandLineTools/SDKs/MacOSX15.2.sdk/usr/include/c++/v1/__undef_macros
[E 07:23:41 4385] Already archived /private/tmp/dfb-213/partial-sdk15-db/src/Library/Developer/CommandLineTools/SDKs/MacOSX15.2.sdk/usr/include/c++/v1/__undef_macros
[E 07:23:41 4385] Archiving /private/tmp/dfb-213/partial-sdk15-db/src/Library/Developer/CommandLineTools/SDKs/MacOSX15.2.sdk/usr/include/c++/v1/__algorithm/ranges_replace.h
[E 07:23:41 4385] Archiving /private/tmp/dfb-213/partial-sdk15-db/src/Library/Developer/CommandLineTools/SDKs/MacOSX15.2.sdk/usr/include/c++/v1/__algorithm/ranges_replace_if.h
[E 07:23:41 4385] Already archived /private/tmp/dfb-213/partial-sdk15-db/src/Library/Developer/CommandLineTools/SDKs/MacOSX15.2.sdk/usr/include/c++/v1/__undef_macros
[E 07:23:41 4385] Already archived /private/tmp/dfb-213/partial-sdk15-db/src/Library/Developer/CommandLineTools/SDKs/MacOSX15.2.sdk/usr/include/c++/v1/__undef_macros
[E 07:23:41 4385] Archiving /private/tmp/dfb-213/partial-sdk15-db/src/Library/Developer/CommandLineTools/SDKs/MacOSX15.2.sdk/usr/include/c++/v1/__algorithm/ranges_replace_copy.h
[E 07:23:41 4385] Archiving /private/tmp/dfb-213/partial-sdk15-db/src/Library/Developer/CommandLineTools/SDKs/MacOSX15.2.sdk/usr/include/c++/v1/__algorithm/ranges_replace_copy_if.h
[E 07:23:41 4385] Already archived /private/tmp/dfb-213/partial-sdk15-db/src/Library/Developer/CommandLineTools/SDKs/MacOSX15.2.sdk/usr/include/c++/v1/__undef_macros
[E 07:23:41 4385] Already archived /private/tmp/dfb-213/partial-sdk15-db/src/Library/Developer/CommandLineTools/SDKs/MacOSX15.2.sdk/usr/include/c++/v1/__undef_macros
[E 07:23:41 4385] Archiving /private/tmp/dfb-213/partial-sdk15-db/src/Library/Developer/CommandLineTools/SDKs/MacOSX15.2.sdk/usr/include/c++/v1/__algorithm/ranges_reverse.h
[E 07:23:41 4385] Archiving /private/tmp/dfb-213/partial-sdk15-db/src/Library/Developer/CommandLineTools/SDKs/MacOSX15.2.sdk/usr/include/c++/v1/__algorithm/ranges_reverse_copy.h
[E 07:23:41 4385] Already archived /private/tmp/dfb-213/partial-sdk15-db/src/Library/Developer/CommandLineTools/SDKs/MacOSX15.2.sdk/usr/include/c++/v1/__undef_macros
[E 07:23:41 4385] Archiving /private/tmp/dfb-213/partial-sdk15-db/src/Library/Developer/CommandLineTools/SDKs/MacOSX15.2.sdk/usr/include/c++/v1/__algorithm/ranges_rotate.h
[E 07:23:41 4385] Already archived /private/tmp/dfb-213/partial-sdk15-db/src/Library/Developer/CommandLineTools/SDKs/MacOSX15.2.sdk/usr/include/c++/v1/__undef_macros
[E 07:23:41 4385] Archiving /private/tmp/dfb-213/partial-sdk15-db/src/Library/Developer/CommandLineTools/SDKs/MacOSX15.2.sdk/usr/include/c++/v1/__algorithm/ranges_rotate_copy.h
[E 07:23:41 4385] Already archived /private/tmp/dfb-213/partial-sdk15-db/src/Library/Developer/CommandLineTools/SDKs/MacOSX15.2.sdk/usr/include/c++/v1/__undef_macros
[E 07:23:41 4385] Archiving /private/tmp/dfb-213/partial-sdk15-db/src/Library/Developer/CommandLineTools/SDKs/MacOSX15.2.sdk/usr/include/c++/v1/__algorithm/ranges_sample.h
[E 07:23:41 4385] Archiving /private/tmp/dfb-213/partial-sdk15-db/src/Library/Developer/CommandLineTools/SDKs/MacOSX15.2.sdk/usr/include/c++/v1/__algorithm/sample.h
[E 07:23:41 4385] Archiving /private/tmp/dfb-213/partial-sdk15-db/src/Library/Developer/CommandLineTools/SDKs/MacOSX15.2.sdk/usr/include/c++/v1/__random/uniform_int_distribution.h
[E 07:23:41 4385] Archiving /private/tmp/dfb-213/partial-sdk15-db/src/Library/Developer/CommandLineTools/SDKs/MacOSX15.2.sdk/usr/include/c++/v1/__random/is_valid.h
[E 07:23:41 4385] Archiving /private/tmp/dfb-213/partial-sdk15-db/src/Library/Developer/CommandLineTools/SDKs/MacOSX15.2.sdk/usr/include/c++/v1/__random/log2.h
[E 07:23:41 4385] Already archived /private/tmp/dfb-213/partial-sdk15-db/src/Library/Developer/CommandLineTools/SDKs/MacOSX15.2.sdk/usr/include/c++/v1/__undef_macros
[E 07:23:41 4385] Already archived /private/tmp/dfb-213/partial-sdk15-db/src/Library/Developer/CommandLineTools/SDKs/MacOSX15.2.sdk/usr/include/c++/v1/__undef_macros
[E 07:23:41 4385] Archiving /private/tmp/dfb-213/partial-sdk15-db/src/Library/Developer/CommandLineTools/SDKs/MacOSX15.2.sdk/usr/include/c++/v1/__algorithm/uniform_random_bit_generator_adaptor.h
[E 07:23:41 4385] Archiving /private/tmp/dfb-213/partial-sdk15-db/src/Library/Developer/CommandLineTools/SDKs/MacOSX15.2.sdk/usr/include/c++/v1/__random/uniform_random_bit_generator.h
[E 07:23:41 4385] Already archived /private/tmp/dfb-213/partial-sdk15-db/src/Library/Developer/CommandLineTools/SDKs/MacOSX15.2.sdk/usr/include/c++/v1/__undef_macros
[E 07:23:41 4385] Already archived /private/tmp/dfb-213/partial-sdk15-db/src/Library/Developer/CommandLineTools/SDKs/MacOSX15.2.sdk/usr/include/c++/v1/__undef_macros
[E 07:23:41 4385] Archiving /private/tmp/dfb-213/partial-sdk15-db/src/Library/Developer/CommandLineTools/SDKs/MacOSX15.2.sdk/usr/include/c++/v1/__algorithm/ranges_search.h
[E 07:23:41 4385] Archiving /private/tmp/dfb-213/partial-sdk15-db/src/Library/Developer/CommandLineTools/SDKs/MacOSX15.2.sdk/usr/include/c++/v1/__algorithm/ranges_search_n.h
[E 07:23:41 4385] Archiving /private/tmp/dfb-213/partial-sdk15-db/src/Library/Developer/CommandLineTools/SDKs/MacOSX15.2.sdk/usr/include/c++/v1/__algorithm/search_n.h
[E 07:23:41 4385] Already archived /private/tmp/dfb-213/partial-sdk15-db/src/Library/Developer/CommandLineTools/SDKs/MacOSX15.2.sdk/usr/include/c++/v1/__undef_macros
[E 07:23:41 4385] Archiving /private/tmp/dfb-213/partial-sdk15-db/src/Library/Developer/CommandLineTools/SDKs/MacOSX15.2.sdk/usr/include/c++/v1/__algorithm/ranges_set_difference.h
[E 07:23:41 4385] Archiving /private/tmp/dfb-213/partial-sdk15-db/src/Library/Developer/CommandLineTools/SDKs/MacOSX15.2.sdk/usr/include/c++/v1/__algorithm/set_difference.h
[E 07:23:41 4385] Already archived /private/tmp/dfb-213/partial-sdk15-db/src/Library/Developer/CommandLineTools/SDKs/MacOSX15.2.sdk/usr/include/c++/v1/__undef_macros
[E 07:23:41 4385] Already archived /private/tmp/dfb-213/partial-sdk15-db/src/Library/Developer/CommandLineTools/SDKs/MacOSX15.2.sdk/usr/include/c++/v1/__undef_macros
[E 07:23:41 4385] Archiving /private/tmp/dfb-213/partial-sdk15-db/src/Library/Developer/CommandLineTools/SDKs/MacOSX15.2.sdk/usr/include/c++/v1/__algorithm/ranges_set_intersection.h
[E 07:23:41 4385] Archiving /private/tmp/dfb-213/partial-sdk15-db/src/Library/Developer/CommandLineTools/SDKs/MacOSX15.2.sdk/usr/include/c++/v1/__algorithm/set_intersection.h
[E 07:23:41 4385] Already archived /private/tmp/dfb-213/partial-sdk15-db/src/Library/Developer/CommandLineTools/SDKs/MacOSX15.2.sdk/usr/include/c++/v1/__undef_macros
[E 07:23:41 4385] Already archived /private/tmp/dfb-213/partial-sdk15-db/src/Library/Developer/CommandLineTools/SDKs/MacOSX15.2.sdk/usr/include/c++/v1/__undef_macros
[E 07:23:41 4385] Archiving /private/tmp/dfb-213/partial-sdk15-db/src/Library/Developer/CommandLineTools/SDKs/MacOSX15.2.sdk/usr/include/c++/v1/__algorithm/ranges_set_symmetric_difference.h
[E 07:23:41 4385] Archiving /private/tmp/dfb-213/partial-sdk15-db/src/Library/Developer/CommandLineTools/SDKs/MacOSX15.2.sdk/usr/include/c++/v1/__algorithm/set_symmetric_difference.h
[E 07:23:41 4385] Already archived /private/tmp/dfb-213/partial-sdk15-db/src/Library/Developer/CommandLineTools/SDKs/MacOSX15.2.sdk/usr/include/c++/v1/__undef_macros
[E 07:23:41 4385] Already archived /private/tmp/dfb-213/partial-sdk15-db/src/Library/Developer/CommandLineTools/SDKs/MacOSX15.2.sdk/usr/include/c++/v1/__undef_macros
[E 07:23:41 4385] Archiving /private/tmp/dfb-213/partial-sdk15-db/src/Library/Developer/CommandLineTools/SDKs/MacOSX15.2.sdk/usr/include/c++/v1/__algorithm/ranges_set_union.h
[E 07:23:41 4385] Archiving /private/tmp/dfb-213/partial-sdk15-db/src/Library/Developer/CommandLineTools/SDKs/MacOSX15.2.sdk/usr/include/c++/v1/__algorithm/set_union.h
[E 07:23:41 4385] Already archived /private/tmp/dfb-213/partial-sdk15-db/src/Library/Developer/CommandLineTools/SDKs/MacOSX15.2.sdk/usr/include/c++/v1/__undef_macros
[E 07:23:41 4385] Already archived /private/tmp/dfb-213/partial-sdk15-db/src/Library/Developer/CommandLineTools/SDKs/MacOSX15.2.sdk/usr/include/c++/v1/__undef_macros
[E 07:23:41 4385] Archiving /private/tmp/dfb-213/partial-sdk15-db/src/Library/Developer/CommandLineTools/SDKs/MacOSX15.2.sdk/usr/include/c++/v1/__algorithm/ranges_shuffle.h
[E 07:23:41 4385] Archiving /private/tmp/dfb-213/partial-sdk15-db/src/Library/Developer/CommandLineTools/SDKs/MacOSX15.2.sdk/usr/include/c++/v1/__algorithm/shuffle.h
[E 07:23:41 4385] Already archived /private/tmp/dfb-213/partial-sdk15-db/src/Library/Developer/CommandLineTools/SDKs/MacOSX15.2.sdk/usr/include/c++/v1/__undef_macros
[E 07:23:41 4385] Already archived /private/tmp/dfb-213/partial-sdk15-db/src/Library/Developer/CommandLineTools/SDKs/MacOSX15.2.sdk/usr/include/c++/v1/__undef_macros
[E 07:23:41 4385] Archiving /private/tmp/dfb-213/partial-sdk15-db/src/Library/Developer/CommandLineTools/SDKs/MacOSX15.2.sdk/usr/include/c++/v1/__algorithm/ranges_sort.h
[E 07:23:41 4385] Already archived /private/tmp/dfb-213/partial-sdk15-db/src/Library/Developer/CommandLineTools/SDKs/MacOSX15.2.sdk/usr/include/c++/v1/__undef_macros
[E 07:23:41 4385] Archiving /private/tmp/dfb-213/partial-sdk15-db/src/Library/Developer/CommandLineTools/SDKs/MacOSX15.2.sdk/usr/include/c++/v1/__algorithm/ranges_sort_heap.h
[E 07:23:41 4385] Already archived /private/tmp/dfb-213/partial-sdk15-db/src/Library/Developer/CommandLineTools/SDKs/MacOSX15.2.sdk/usr/include/c++/v1/__undef_macros
[E 07:23:41 4385] Archiving /private/tmp/dfb-213/partial-sdk15-db/src/Library/Developer/CommandLineTools/SDKs/MacOSX15.2.sdk/usr/include/c++/v1/__algorithm/ranges_stable_partition.h
[E 07:23:41 4385] Archiving /private/tmp/dfb-213/partial-sdk15-db/src/Library/Developer/CommandLineTools/SDKs/MacOSX15.2.sdk/usr/include/c++/v1/__algorithm/stable_partition.h
[E 07:23:41 4385] Already archived /private/tmp/dfb-213/partial-sdk15-db/src/Library/Developer/CommandLineTools/SDKs/MacOSX15.2.sdk/usr/include/c++/v1/__undef_macros
[E 07:23:41 4385] Already archived /private/tmp/dfb-213/partial-sdk15-db/src/Library/Developer/CommandLineTools/SDKs/MacOSX15.2.sdk/usr/include/c++/v1/__undef_macros
[E 07:23:41 4385] Archiving /private/tmp/dfb-213/partial-sdk15-db/src/Library/Developer/CommandLineTools/SDKs/MacOSX15.2.sdk/usr/include/c++/v1/__algorithm/ranges_stable_sort.h
[E 07:23:41 4385] Already archived /private/tmp/dfb-213/partial-sdk15-db/src/Library/Developer/CommandLineTools/SDKs/MacOSX15.2.sdk/usr/include/c++/v1/__undef_macros
[E 07:23:41 4385] Archiving /private/tmp/dfb-213/partial-sdk15-db/src/Library/Developer/CommandLineTools/SDKs/MacOSX15.2.sdk/usr/include/c++/v1/__algorithm/ranges_swap_ranges.h
[E 07:23:41 4385] Already archived /private/tmp/dfb-213/partial-sdk15-db/src/Library/Developer/CommandLineTools/SDKs/MacOSX15.2.sdk/usr/include/c++/v1/__undef_macros
[E 07:23:41 4385] Archiving /private/tmp/dfb-213/partial-sdk15-db/src/Library/Developer/CommandLineTools/SDKs/MacOSX15.2.sdk/usr/include/c++/v1/__algorithm/ranges_transform.h
[E 07:23:41 4385] Already archived /private/tmp/dfb-213/partial-sdk15-db/src/Library/Developer/CommandLineTools/SDKs/MacOSX15.2.sdk/usr/include/c++/v1/__undef_macros
[E 07:23:41 4385] Archiving /private/tmp/dfb-213/partial-sdk15-db/src/Library/Developer/CommandLineTools/SDKs/MacOSX15.2.sdk/usr/include/c++/v1/__algorithm/ranges_unique.h
[E 07:23:41 4385] Archiving /private/tmp/dfb-213/partial-sdk15-db/src/Library/Developer/CommandLineTools/SDKs/MacOSX15.2.sdk/usr/include/c++/v1/__algorithm/unique.h
[E 07:23:41 4385] Already archived /private/tmp/dfb-213/partial-sdk15-db/src/Library/Developer/CommandLineTools/SDKs/MacOSX15.2.sdk/usr/include/c++/v1/__undef_macros
[E 07:23:41 4385] Already archived /private/tmp/dfb-213/partial-sdk15-db/src/Library/Developer/CommandLineTools/SDKs/MacOSX15.2.sdk/usr/include/c++/v1/__undef_macros
[E 07:23:41 4385] Archiving /private/tmp/dfb-213/partial-sdk15-db/src/Library/Developer/CommandLineTools/SDKs/MacOSX15.2.sdk/usr/include/c++/v1/__algorithm/ranges_unique_copy.h
[E 07:23:41 4385] Archiving /private/tmp/dfb-213/partial-sdk15-db/src/Library/Developer/CommandLineTools/SDKs/MacOSX15.2.sdk/usr/include/c++/v1/__algorithm/unique_copy.h
[E 07:23:41 4385] Already archived /private/tmp/dfb-213/partial-sdk15-db/src/Library/Developer/CommandLineTools/SDKs/MacOSX15.2.sdk/usr/include/c++/v1/__undef_macros
[E 07:23:41 4385] Already archived /private/tmp/dfb-213/partial-sdk15-db/src/Library/Developer/CommandLineTools/SDKs/MacOSX15.2.sdk/usr/include/c++/v1/__undef_macros
[E 07:23:41 4385] Archiving /private/tmp/dfb-213/partial-sdk15-db/src/Library/Developer/CommandLineTools/SDKs/MacOSX15.2.sdk/usr/include/c++/v1/__algorithm/ranges_upper_bound.h
[E 07:23:41 4385] Archiving /private/tmp/dfb-213/partial-sdk15-db/src/Library/Developer/CommandLineTools/SDKs/MacOSX15.2.sdk/usr/include/c++/v1/__algorithm/remove.h
[E 07:23:41 4385] Already archived /private/tmp/dfb-213/partial-sdk15-db/src/Library/Developer/CommandLineTools/SDKs/MacOSX15.2.sdk/usr/include/c++/v1/__undef_macros
[E 07:23:41 4385] Archiving /private/tmp/dfb-213/partial-sdk15-db/src/Library/Developer/CommandLineTools/SDKs/MacOSX15.2.sdk/usr/include/c++/v1/__algorithm/remove_copy.h
[E 07:23:41 4385] Archiving /private/tmp/dfb-213/partial-sdk15-db/src/Library/Developer/CommandLineTools/SDKs/MacOSX15.2.sdk/usr/include/c++/v1/__algorithm/remove_if.h
[E 07:23:41 4385] Already archived /private/tmp/dfb-213/partial-sdk15-db/src/Library/Developer/CommandLineTools/SDKs/MacOSX15.2.sdk/usr/include/c++/v1/__undef_macros
[E 07:23:41 4385] Archiving /private/tmp/dfb-213/partial-sdk15-db/src/Library/Developer/CommandLineTools/SDKs/MacOSX15.2.sdk/usr/include/c++/v1/__algorithm/replace.h
[E 07:23:41 4385] Archiving /private/tmp/dfb-213/partial-sdk15-db/src/Library/Developer/CommandLineTools/SDKs/MacOSX15.2.sdk/usr/include/c++/v1/__algorithm/replace_copy.h
[E 07:23:41 4385] Archiving /private/tmp/dfb-213/partial-sdk15-db/src/Library/Developer/CommandLineTools/SDKs/MacOSX15.2.sdk/usr/include/c++/v1/__algorithm/replace_copy_if.h
[E 07:23:41 4385] Archiving /private/tmp/dfb-213/partial-sdk15-db/src/Library/Developer/CommandLineTools/SDKs/MacOSX15.2.sdk/usr/include/c++/v1/__algorithm/replace_if.h
[E 07:23:41 4385] Archiving /private/tmp/dfb-213/partial-sdk15-db/src/Library/Developer/CommandLineTools/SDKs/MacOSX15.2.sdk/usr/include/c++/v1/__algorithm/reverse_copy.h
[E 07:23:41 4385] Archiving /private/tmp/dfb-213/partial-sdk15-db/src/Library/Developer/CommandLineTools/SDKs/MacOSX15.2.sdk/usr/include/c++/v1/__algorithm/rotate_copy.h
[E 07:23:41 4385] Archiving /private/tmp/dfb-213/partial-sdk15-db/src/Library/Developer/CommandLineTools/SDKs/MacOSX15.2.sdk/usr/include/c++/v1/__algorithm/shift_left.h
[E 07:23:41 4385] Already archived /private/tmp/dfb-213/partial-sdk15-db/src/Library/Developer/CommandLineTools/SDKs/MacOSX15.2.sdk/usr/include/c++/v1/__undef_macros
[E 07:23:41 4385] Archiving /private/tmp/dfb-213/partial-sdk15-db/src/Library/Developer/CommandLineTools/SDKs/MacOSX15.2.sdk/usr/include/c++/v1/__algorithm/shift_right.h
[E 07:23:41 4385] Already archived /private/tmp/dfb-213/partial-sdk15-db/src/Library/Developer/CommandLineTools/SDKs/MacOSX15.2.sdk/usr/include/c++/v1/__undef_macros
[E 07:23:41 4385] Archiving /private/tmp/dfb-213/partial-sdk15-db/src/Library/Developer/CommandLineTools/SDKs/MacOSX15.2.sdk/usr/include/c++/v1/bit
[E 07:23:41 4385] Archiving /private/tmp/dfb-213/partial-sdk15-db/src/Library/Developer/CommandLineTools/SDKs/MacOSX15.2.sdk/usr/include/c++/v1/__bit/bit_ceil.h
[E 07:23:41 4385] Archiving /private/tmp/dfb-213/partial-sdk15-db/src/Library/Developer/CommandLineTools/SDKs/MacOSX15.2.sdk/usr/include/c++/v1/__bit/bit_floor.h
[E 07:23:41 4385] Archiving /private/tmp/dfb-213/partial-sdk15-db/src/Library/Developer/CommandLineTools/SDKs/MacOSX15.2.sdk/usr/include/c++/v1/__bit/bit_log2.h
[E 07:23:41 4385] Archiving /private/tmp/dfb-213/partial-sdk15-db/src/Library/Developer/CommandLineTools/SDKs/MacOSX15.2.sdk/usr/include/c++/v1/__bit/bit_width.h
[E 07:23:41 4385] Archiving /private/tmp/dfb-213/partial-sdk15-db/src/Library/Developer/CommandLineTools/SDKs/MacOSX15.2.sdk/usr/include/c++/v1/__bit/byteswap.h
[E 07:23:41 4385] Archiving /private/tmp/dfb-213/partial-sdk15-db/src/Library/Developer/CommandLineTools/SDKs/MacOSX15.2.sdk/usr/include/c++/v1/__bit/endian.h
[E 07:23:41 4385] Archiving /private/tmp/dfb-213/partial-sdk15-db/src/Library/Developer/CommandLineTools/SDKs/MacOSX15.2.sdk/usr/include/c++/v1/__bit/has_single_bit.h
[E 07:23:41 4385] Already archived /private/tmp/dfb-213/partial-sdk15-db/src/Library/Developer/CommandLineTools/SDKs/MacOSX15.2.sdk/usr/include/c++/v1/__undef_macros
[E 07:23:41 4385] Archiving /private/tmp/dfb-213/partial-sdk15-db/src/Library/Developer/CommandLineTools/SDKs/MacOSX15.2.sdk/usr/include/c++/v1/unordered_map
[E 07:23:41 4385] Archiving /private/tmp/dfb-213/partial-sdk15-db/src/Library/Developer/CommandLineTools/SDKs/MacOSX15.2.sdk/usr/include/c++/v1/__functional/is_transparent.h
[E 07:23:41 4385] Archiving /private/tmp/dfb-213/partial-sdk15-db/src/Library/Developer/CommandLineTools/SDKs/MacOSX15.2.sdk/usr/include/c++/v1/__hash_table
[E 07:23:41 4385] Archiving /private/tmp/dfb-213/partial-sdk15-db/src/Library/Developer/CommandLineTools/SDKs/MacOSX15.2.sdk/usr/include/c++/v1/__memory/swap_allocator.h
[E 07:23:41 4385] Already archived /private/tmp/dfb-213/partial-sdk15-db/src/Library/Developer/CommandLineTools/SDKs/MacOSX15.2.sdk/usr/include/c++/v1/__undef_macros
[E 07:23:41 4385] Archiving /private/tmp/dfb-213/partial-sdk15-db/src/Library/Developer/CommandLineTools/SDKs/MacOSX15.2.sdk/usr/include/c++/v1/__iterator/ranges_iterator_traits.h
[E 07:23:41 4385] Archiving /private/tmp/dfb-213/partial-sdk15-db/src/Library/Developer/CommandLineTools/SDKs/MacOSX15.2.sdk/usr/include/c++/v1/__memory_resource/polymorphic_allocator.h
[E 07:23:41 4385] Archiving /private/tmp/dfb-213/partial-sdk15-db/src/Library/Developer/CommandLineTools/SDKs/MacOSX15.2.sdk/usr/include/c++/v1/__memory_resource/memory_resource.h
[E 07:23:41 4385] Already archived /private/tmp/dfb-213/partial-sdk15-db/src/Library/Developer/CommandLineTools/SDKs/MacOSX15.2.sdk/usr/include/c++/v1/__undef_macros
[E 07:23:41 4385] Archiving /private/tmp/dfb-213/partial-sdk15-db/src/Library/Developer/CommandLineTools/SDKs/MacOSX15.2.sdk/usr/include/c++/v1/__node_handle
[E 07:23:41 4385] Already archived /private/tmp/dfb-213/partial-sdk15-db/src/Library/Developer/CommandLineTools/SDKs/MacOSX15.2.sdk/usr/include/c++/v1/__undef_macros
[E 07:23:41 4385] Archiving /private/tmp/dfb-213/partial-sdk15-db/src/Library/Developer/CommandLineTools/SDKs/MacOSX15.2.sdk/usr/include/c++/v1/__ranges/container_compatible_range.h
[E 07:23:41 4385] Archiving /private/tmp/dfb-213/partial-sdk15-db/src/Library/Developer/CommandLineTools/SDKs/MacOSX15.2.sdk/usr/include/c++/v1/__ranges/from_range.h
[E 07:23:41 4385] Archiving /private/tmp/dfb-213/partial-sdk15-db/src/Library/Developer/CommandLineTools/SDKs/MacOSX15.2.sdk/usr/include/c++/v1/__type_traits/is_allocator.h
[E 07:23:41 4385] Already archived /private/tmp/dfb-213/partial-sdk15-db/src/Library/Developer/CommandLineTools/SDKs/MacOSX15.2.sdk/usr/include/c++/v1/__undef_macros
[E 07:23:41 4385] Archiving /private/tmp/dfb-213/partial-sdk15-db/src/Library/Developer/CommandLineTools/SDKs/MacOSX15.2.sdk/usr/include/c++/v1/vector
[E 07:23:41 4385] Archiving /private/tmp/dfb-213/partial-sdk15-db/src/Library/Developer/CommandLineTools/SDKs/MacOSX15.2.sdk/usr/include/c++/v1/__bit_reference
[E 07:23:41 4385] Already archived /private/tmp/dfb-213/partial-sdk15-db/src/Library/Developer/CommandLineTools/SDKs/MacOSX15.2.sdk/usr/include/c++/v1/__undef_macros
[E 07:23:41 4385] Archiving /private/tmp/dfb-213/partial-sdk15-db/src/Library/Developer/CommandLineTools/SDKs/MacOSX15.2.sdk/usr/include/c++/v1/__format/enable_insertable.h
[E 07:23:41 4385] Archiving /private/tmp/dfb-213/partial-sdk15-db/src/Library/Developer/CommandLineTools/SDKs/MacOSX15.2.sdk/usr/include/c++/v1/__format/formatter.h
[E 07:23:41 4385] Archiving /private/tmp/dfb-213/partial-sdk15-db/src/Library/Developer/CommandLineTools/SDKs/MacOSX15.2.sdk/usr/include/c++/v1/__format/format_fwd.h
[E 07:23:41 4385] Archiving /private/tmp/dfb-213/partial-sdk15-db/src/Library/Developer/CommandLineTools/SDKs/MacOSX15.2.sdk/usr/include/c++/v1/__format/formatter_bool.h
[E 07:23:41 4385] Archiving /private/tmp/dfb-213/partial-sdk15-db/src/Library/Developer/CommandLineTools/SDKs/MacOSX15.2.sdk/usr/include/c++/v1/__format/concepts.h
[E 07:23:41 4385] Archiving /private/tmp/dfb-213/partial-sdk15-db/src/Library/Developer/CommandLineTools/SDKs/MacOSX15.2.sdk/usr/include/c++/v1/__format/format_parse_context.h
[E 07:23:41 4385] Archiving /private/tmp/dfb-213/partial-sdk15-db/src/Library/Developer/CommandLineTools/SDKs/MacOSX15.2.sdk/usr/include/c++/v1/__format/format_error.h
[E 07:23:41 4385] Archiving /private/tmp/dfb-213/partial-sdk15-db/src/Library/Developer/CommandLineTools/SDKs/MacOSX15.2.sdk/usr/include/c++/v1/string_view
[E 07:23:41 4385] Archiving /private/tmp/dfb-213/partial-sdk15-db/src/Library/Developer/CommandLineTools/SDKs/MacOSX15.2.sdk/usr/include/c++/v1/__fwd/string_view.h
[E 07:23:41 4385] Archiving /private/tmp/dfb-213/partial-sdk15-db/src/Library/Developer/CommandLineTools/SDKs/MacOSX15.2.sdk/usr/include/c++/v1/__string/char_traits.h
[E 07:23:41 4385] Archiving /private/tmp/dfb-213/partial-sdk15-db/src/Library/Developer/CommandLineTools/SDKs/MacOSX15.2.sdk/usr/include/c++/v1/cstdio
[E 07:23:41 4385] Already archived /private/tmp/dfb-213/partial-sdk15-db/src/Library/Developer/CommandLineTools/SDKs/MacOSX15.2.sdk/usr/include/c++/v1/stdio.h
[E 07:23:41 4385] Already archived /private/tmp/dfb-213/partial-sdk15-db/src/Library/Developer/CommandLineTools/SDKs/MacOSX15.2.sdk/usr/include/c++/v1/__undef_macros
[E 07:23:41 4385] Already archived /private/tmp/dfb-213/partial-sdk15-db/src/Library/Developer/CommandLineTools/SDKs/MacOSX15.2.sdk/usr/include/c++/v1/__undef_macros
[E 07:23:41 4385] Archiving /private/tmp/dfb-213/partial-sdk15-db/src/Library/Developer/CommandLineTools/SDKs/MacOSX15.2.sdk/usr/include/c++/v1/__format/formatter_integral.h
[E 07:23:41 4385] Archiving /private/tmp/dfb-213/partial-sdk15-db/src/Library/Developer/CommandLineTools/SDKs/MacOSX15.2.sdk/usr/include/c++/v1/__charconv/to_chars_integral.h
[E 07:23:41 4385] Archiving /private/tmp/dfb-213/partial-sdk15-db/src/Library/Developer/CommandLineTools/SDKs/MacOSX15.2.sdk/usr/include/c++/v1/__charconv/tables.h
[E 07:23:41 4385] Archiving /private/tmp/dfb-213/partial-sdk15-db/src/Library/Developer/CommandLineTools/SDKs/MacOSX15.2.sdk/usr/include/c++/v1/__charconv/to_chars_base_10.h
[E 07:23:41 4385] Already archived /private/tmp/dfb-213/partial-sdk15-db/src/Library/Developer/CommandLineTools/SDKs/MacOSX15.2.sdk/usr/include/c++/v1/__undef_macros
[E 07:23:41 4385] Archiving /private/tmp/dfb-213/partial-sdk15-db/src/Library/Developer/CommandLineTools/SDKs/MacOSX15.2.sdk/usr/include/c++/v1/__charconv/to_chars_result.h
[E 07:23:41 4385] Archiving /private/tmp/dfb-213/partial-sdk15-db/src/Library/Developer/CommandLineTools/SDKs/MacOSX15.2.sdk/usr/include/c++/v1/__system_error/errc.h
[E 07:23:41 4385] Archiving /private/tmp/dfb-213/partial-sdk15-db/src/Library/Developer/CommandLineTools/SDKs/MacOSX15.2.sdk/usr/include/c++/v1/cerrno
[E 07:23:41 4385] Archiving /private/tmp/dfb-213/partial-sdk15-db/src/Library/Developer/CommandLineTools/SDKs/MacOSX15.2.sdk/usr/include/c++/v1/__charconv/traits.h
[E 07:23:41 4385] Already archived /private/tmp/dfb-213/partial-sdk15-db/src/Library/Developer/CommandLineTools/SDKs/MacOSX15.2.sdk/usr/include/c++/v1/__undef_macros
[E 07:23:41 4385] Archiving /private/tmp/dfb-213/partial-sdk15-db/src/Library/Developer/CommandLineTools/SDKs/MacOSX15.2.sdk/usr/include/c++/v1/__type_traits/make_32_64_or_128_bit.h
[E 07:23:41 4385] Already archived /private/tmp/dfb-213/partial-sdk15-db/src/Library/Developer/CommandLineTools/SDKs/MacOSX15.2.sdk/usr/include/c++/v1/__undef_macros
[E 07:23:41 4385] Archiving /private/tmp/dfb-213/partial-sdk15-db/src/Library/Developer/CommandLineTools/SDKs/MacOSX15.2.sdk/usr/include/c++/v1/__format/formatter_output.h
[E 07:23:41 4385] Archiving /private/tmp/dfb-213/partial-sdk15-db/src/Library/Developer/CommandLineTools/SDKs/MacOSX15.2.sdk/usr/include/c++/v1/__format/buffer.h
[E 07:23:41 4385] Archiving /private/tmp/dfb-213/partial-sdk15-db/src/Library/Developer/CommandLineTools/SDKs/MacOSX15.2.sdk/usr/include/c++/v1/__format/format_to_n_result.h
[E 07:23:41 4385] Already archived /private/tmp/dfb-213/partial-sdk15-db/src/Library/Developer/CommandLineTools/SDKs/MacOSX15.2.sdk/usr/include/c++/v1/__undef_macros
[E 07:23:41 4385] Archiving /private/tmp/dfb-213/partial-sdk15-db/src/Library/Developer/CommandLineTools/SDKs/MacOSX15.2.sdk/usr/include/c++/v1/__format/parser_std_format_spec.h
[E 07:23:41 4385] Archiving /private/tmp/dfb-213/partial-sdk15-db/src/Library/Developer/CommandLineTools/SDKs/MacOSX15.2.sdk/usr/include/c++/v1/__format/format_arg.h
[E 07:23:41 4385] Already archived /private/tmp/dfb-213/partial-sdk15-db/src/Library/Developer/CommandLineTools/SDKs/MacOSX15.2.sdk/usr/include/c++/v1/__undef_macros
[E 07:23:41 4385] Archiving /private/tmp/dfb-213/partial-sdk15-db/src/Library/Developer/CommandLineTools/SDKs/MacOSX15.2.sdk/usr/include/c++/v1/__format/format_string.h
[E 07:23:41 4385] Archiving /private/tmp/dfb-213/partial-sdk15-db/src/Library/Developer/CommandLineTools/SDKs/MacOSX15.2.sdk/usr/include/c++/v1/__format/unicode.h
[E 07:23:41 4385] Archiving /private/tmp/dfb-213/partial-sdk15-db/src/Library/Developer/CommandLineTools/SDKs/MacOSX15.2.sdk/usr/include/c++/v1/__format/extended_grapheme_cluster_table.h
[E 07:23:41 4385] Archiving /private/tmp/dfb-213/partial-sdk15-db/src/Library/Developer/CommandLineTools/SDKs/MacOSX15.2.sdk/usr/include/c++/v1/__format/width_estimation_table.h
[E 07:23:41 4385] Archiving /private/tmp/dfb-213/partial-sdk15-db/src/Library/Developer/CommandLineTools/SDKs/MacOSX15.2.sdk/usr/include/c++/v1/string
[E 07:23:41 4385] Archiving /private/tmp/dfb-213/partial-sdk15-db/src/Library/Developer/CommandLineTools/SDKs/MacOSX15.2.sdk/usr/include/c++/v1/__ios/fpos.h
[E 07:23:41 4385] Archiving /private/tmp/dfb-213/partial-sdk15-db/src/Library/Developer/CommandLineTools/SDKs/MacOSX15.2.sdk/usr/include/c++/v1/__string/extern_template_lists.h
[E 07:23:41 4385] Archiving /private/tmp/dfb-213/partial-sdk15-db/src/Library/Developer/CommandLineTools/SDKs/MacOSX15.2.sdk/usr/include/c++/v1/__type_traits/noexcept_move_assign_container.h
[E 07:23:41 4385] Already archived /private/tmp/dfb-213/partial-sdk15-db/src/Library/Developer/CommandLineTools/SDKs/MacOSX15.2.sdk/usr/include/c++/v1/__undef_macros
[E 07:23:41 4385] Already archived /private/tmp/dfb-213/partial-sdk15-db/src/Library/Developer/CommandLineTools/SDKs/MacOSX15.2.sdk/usr/include/c++/v1/__undef_macros
[E 07:23:41 4385] Already archived /private/tmp/dfb-213/partial-sdk15-db/src/Library/Developer/CommandLineTools/SDKs/MacOSX15.2.sdk/usr/include/c++/v1/__undef_macros
[E 07:23:41 4385] Archiving /private/tmp/dfb-213/partial-sdk15-db/src/Library/Developer/CommandLineTools/SDKs/MacOSX15.2.sdk/usr/include/c++/v1/locale
[E 07:23:41 4385] Archiving /private/tmp/dfb-213/partial-sdk15-db/src/Library/Developer/CommandLineTools/SDKs/MacOSX15.2.sdk/usr/include/c++/v1/__locale
[E 07:23:41 4385] Archiving /private/tmp/dfb-213/partial-sdk15-db/src/Library/Developer/CommandLineTools/SDKs/MacOSX15.2.sdk/usr/include/c++/v1/__mutex/once_flag.h
[E 07:23:41 4385] Already archived /private/tmp/dfb-213/partial-sdk15-db/src/Library/Developer/CommandLineTools/SDKs/MacOSX15.2.sdk/usr/include/c++/v1/__undef_macros
[E 07:23:41 4385] Archiving /private/tmp/dfb-213/partial-sdk15-db/src/Library/Developer/CommandLineTools/SDKs/MacOSX15.2.sdk/usr/include/c++/v1/__utility/no_destroy.h
[E 07:23:41 4385] Archiving /private/tmp/dfb-213/partial-sdk15-db/src/Library/Developer/CommandLineTools/SDKs/MacOSX15.2.sdk/usr/include/c++/v1/clocale
[E 07:23:41 4385] Archiving /private/tmp/dfb-213/partial-sdk15-db/src/Library/Developer/CommandLineTools/SDKs/MacOSX15.2.sdk/usr/include/c++/v1/locale.h
[E 07:23:41 4385] Archiving /private/tmp/dfb-213/partial-sdk15-db/src/Library/Developer/CommandLineTools/SDKs/MacOSX15.2.sdk/usr/include/locale.h
[E 07:23:41 4385] Archiving /private/tmp/dfb-213/partial-sdk15-db/src/Library/Developer/CommandLineTools/SDKs/MacOSX15.2.sdk/usr/include/_locale.h
[E 07:23:41 4385] Already archived /private/tmp/dfb-213/partial-sdk15-db/src/Library/Developer/CommandLineTools/SDKs/MacOSX15.2.sdk/usr/include/sys/_types/_null.h
[E 07:23:41 4385] Archiving /private/tmp/dfb-213/partial-sdk15-db/src/Library/Developer/CommandLineTools/SDKs/MacOSX15.2.sdk/usr/include/xlocale.h
[E 07:23:41 4385] Archiving /private/tmp/dfb-213/partial-sdk15-db/src/Library/Developer/CommandLineTools/SDKs/MacOSX15.2.sdk/usr/include/_xlocale.h
[E 07:23:41 4385] Archiving /private/tmp/dfb-213/partial-sdk15-db/src/Library/Developer/CommandLineTools/SDKs/MacOSX15.2.sdk/usr/include/__xlocale.h
[E 07:23:41 4385] Archiving /private/tmp/dfb-213/partial-sdk15-db/src/Library/Developer/CommandLineTools/SDKs/MacOSX15.2.sdk/usr/include/_mb_cur_max.h
[E 07:23:41 4385] Archiving /private/tmp/dfb-213/partial-sdk15-db/src/Library/Developer/CommandLineTools/SDKs/MacOSX15.2.sdk/usr/include/xlocale/_ctype.h
[E 07:23:41 4385] Archiving /private/tmp/dfb-213/partial-sdk15-db/src/Library/Developer/CommandLineTools/SDKs/MacOSX15.2.sdk/usr/include/xlocale/___wctype.h
[E 07:23:41 4385] Archiving /private/tmp/dfb-213/partial-sdk15-db/src/Library/Developer/CommandLineTools/SDKs/MacOSX15.2.sdk/usr/include/xlocale/_stdio.h
[E 07:23:41 4385] Archiving /private/tmp/dfb-213/partial-sdk15-db/src/Library/Developer/CommandLineTools/SDKs/MacOSX15.2.sdk/usr/include/xlocale/_stdlib.h
[E 07:23:41 4385] Already archived /private/tmp/dfb-213/partial-sdk15-db/src/Library/Developer/CommandLineTools/SDKs/MacOSX15.2.sdk/usr/include/sys/_types/_size_t.h
[E 07:23:41 4385] Already archived /private/tmp/dfb-213/partial-sdk15-db/src/Library/Developer/CommandLineTools/SDKs/MacOSX15.2.sdk/usr/include/sys/_types/_wchar_t.h
[E 07:23:41 4385] Archiving /private/tmp/dfb-213/partial-sdk15-db/src/Library/Developer/CommandLineTools/SDKs/MacOSX15.2.sdk/usr/include/xlocale/_string.h
[E 07:23:41 4385] Already archived /private/tmp/dfb-213/partial-sdk15-db/src/Library/Developer/CommandLineTools/SDKs/MacOSX15.2.sdk/usr/include/sys/_types/_size_t.h
[E 07:23:41 4385] Archiving /private/tmp/dfb-213/partial-sdk15-db/src/Library/Developer/CommandLineTools/SDKs/MacOSX15.2.sdk/usr/include/xlocale/_time.h
[E 07:23:41 4385] Already archived /private/tmp/dfb-213/partial-sdk15-db/src/Library/Developer/CommandLineTools/SDKs/MacOSX15.2.sdk/usr/include/sys/_types/_size_t.h
[E 07:23:41 4385] Archiving /private/tmp/dfb-213/partial-sdk15-db/src/Library/Developer/CommandLineTools/SDKs/MacOSX15.2.sdk/usr/include/xlocale/_wchar.h
[E 07:23:41 4385] Already archived /private/tmp/dfb-213/partial-sdk15-db/src/Library/Developer/CommandLineTools/SDKs/MacOSX15.2.sdk/usr/include/c++/v1/stddef.h
[E 07:23:41 4385] Already archived /private/tmp/dfb-213/partial-sdk15-db/src/Applications/Xcode.app/Contents/Developer/Toolchains/XcodeDefault.xctoolchain/usr/lib/clang/21/include/stddef.h
[E 07:23:41 4385] Already archived /private/tmp/dfb-213/partial-sdk15-db/src/Applications/Xcode.app/Contents/Developer/Toolchains/XcodeDefault.xctoolchain/usr/lib/clang/21/include/__stddef_ptrdiff_t.h
[E 07:23:41 4385] Already archived /private/tmp/dfb-213/partial-sdk15-db/src/Applications/Xcode.app/Contents/Developer/Toolchains/XcodeDefault.xctoolchain/usr/lib/clang/21/include/__stddef_size_t.h
[E 07:23:41 4385] Already archived /private/tmp/dfb-213/partial-sdk15-db/src/Applications/Xcode.app/Contents/Developer/Toolchains/XcodeDefault.xctoolchain/usr/lib/clang/21/include/__stddef_wchar_t.h
[E 07:23:41 4385] Already archived /private/tmp/dfb-213/partial-sdk15-db/src/Applications/Xcode.app/Contents/Developer/Toolchains/XcodeDefault.xctoolchain/usr/lib/clang/21/include/__stddef_nullptr_t.h
[E 07:23:41 4385] Already archived /private/tmp/dfb-213/partial-sdk15-db/src/Applications/Xcode.app/Contents/Developer/Toolchains/XcodeDefault.xctoolchain/usr/lib/clang/21/include/__stddef_offsetof.h
[E 07:23:41 4385] Archiving /private/tmp/dfb-213/partial-sdk15-db/src/Library/Developer/CommandLineTools/SDKs/MacOSX15.2.sdk/usr/include/xlocale/_wctype.h
[E 07:23:41 4385] Archiving /private/tmp/dfb-213/partial-sdk15-db/src/Library/Developer/CommandLineTools/SDKs/MacOSX15.2.sdk/usr/include/c++/v1/ios
[E 07:23:41 4385] Archiving /private/tmp/dfb-213/partial-sdk15-db/src/Library/Developer/CommandLineTools/SDKs/MacOSX15.2.sdk/usr/include/c++/v1/__system_error/error_category.h
[E 07:23:41 4385] Archiving /private/tmp/dfb-213/partial-sdk15-db/src/Library/Developer/CommandLineTools/SDKs/MacOSX15.2.sdk/usr/include/c++/v1/__system_error/error_code.h
[E 07:23:41 4385] Archiving /private/tmp/dfb-213/partial-sdk15-db/src/Library/Developer/CommandLineTools/SDKs/MacOSX15.2.sdk/usr/include/c++/v1/__system_error/error_condition.h
[E 07:23:41 4385] Archiving /private/tmp/dfb-213/partial-sdk15-db/src/Library/Developer/CommandLineTools/SDKs/MacOSX15.2.sdk/usr/include/c++/v1/__system_error/system_error.h
[E 07:23:41 4385] Already archived /private/tmp/dfb-213/partial-sdk15-db/src/Library/Developer/CommandLineTools/SDKs/MacOSX15.2.sdk/usr/include/c++/v1/__undef_macros
[E 07:23:41 4385] Archiving /private/tmp/dfb-213/partial-sdk15-db/src/Library/Developer/CommandLineTools/SDKs/MacOSX15.2.sdk/usr/include/c++/v1/mutex
[E 07:23:41 4385] Archiving /private/tmp/dfb-213/partial-sdk15-db/src/Library/Developer/CommandLineTools/SDKs/MacOSX15.2.sdk/usr/include/c++/v1/__condition_variable/condition_variable.h
[E 07:23:41 4385] Archiving /private/tmp/dfb-213/partial-sdk15-db/src/Library/Developer/CommandLineTools/SDKs/MacOSX15.2.sdk/usr/include/c++/v1/__mutex/mutex.h
[E 07:23:41 4385] Archiving /private/tmp/dfb-213/partial-sdk15-db/src/Library/Developer/CommandLineTools/SDKs/MacOSX15.2.sdk/usr/include/c++/v1/__mutex/unique_lock.h
[E 07:23:41 4385] Archiving /private/tmp/dfb-213/partial-sdk15-db/src/Library/Developer/CommandLineTools/SDKs/MacOSX15.2.sdk/usr/include/c++/v1/__mutex/tag_types.h
[E 07:23:41 4385] Already archived /private/tmp/dfb-213/partial-sdk15-db/src/Library/Developer/CommandLineTools/SDKs/MacOSX15.2.sdk/usr/include/c++/v1/__undef_macros
[E 07:23:41 4385] Archiving /private/tmp/dfb-213/partial-sdk15-db/src/Library/Developer/CommandLineTools/SDKs/MacOSX15.2.sdk/usr/include/c++/v1/__mutex/lock_guard.h
[E 07:23:41 4385] Archiving /private/tmp/dfb-213/partial-sdk15-db/src/Library/Developer/CommandLineTools/SDKs/MacOSX15.2.sdk/usr/include/c++/v1/__thread/id.h
[E 07:23:41 4385] Already archived /private/tmp/dfb-213/partial-sdk15-db/src/Library/Developer/CommandLineTools/SDKs/MacOSX15.2.sdk/usr/include/c++/v1/__undef_macros
[E 07:23:41 4385] Archiving /private/tmp/dfb-213/partial-sdk15-db/src/Library/Developer/CommandLineTools/SDKs/MacOSX15.2.sdk/usr/include/c++/v1/system_error
[E 07:23:41 4385] Archiving /private/tmp/dfb-213/partial-sdk15-db/src/Library/Developer/CommandLineTools/SDKs/MacOSX15.2.sdk/usr/include/c++/v1/streambuf
[E 07:23:41 4385] Already archived /private/tmp/dfb-213/partial-sdk15-db/src/Library/Developer/CommandLineTools/SDKs/MacOSX15.2.sdk/usr/include/c++/v1/__undef_macros
[E 07:23:41 4385] Archiving /private/tmp/dfb-213/partial-sdk15-db/src/Library/Developer/CommandLineTools/SDKs/MacOSX15.2.sdk/usr/include/nl_types.h
[E 07:23:41 4385] Archiving /private/tmp/dfb-213/partial-sdk15-db/src/Library/Developer/CommandLineTools/SDKs/MacOSX15.2.sdk/usr/include/sys/types.h
[E 07:23:41 4385] Archiving /private/tmp/dfb-213/partial-sdk15-db/src/Library/Developer/CommandLineTools/SDKs/MacOSX15.2.sdk/usr/include/sys/_types/_u_char.h
[E 07:23:41 4385] Archiving /private/tmp/dfb-213/partial-sdk15-db/src/Library/Developer/CommandLineTools/SDKs/MacOSX15.2.sdk/usr/include/sys/_types/_u_short.h
[E 07:23:41 4385] Archiving /private/tmp/dfb-213/partial-sdk15-db/src/Library/Developer/CommandLineTools/SDKs/MacOSX15.2.sdk/usr/include/sys/_types/_u_int.h
[E 07:23:41 4385] Archiving /private/tmp/dfb-213/partial-sdk15-db/src/Library/Developer/CommandLineTools/SDKs/MacOSX15.2.sdk/usr/include/sys/_types/_caddr_t.h
[E 07:23:41 4385] Archiving /private/tmp/dfb-213/partial-sdk15-db/src/Library/Developer/CommandLineTools/SDKs/MacOSX15.2.sdk/usr/include/sys/_types/_blkcnt_t.h
[E 07:23:41 4385] Archiving /private/tmp/dfb-213/partial-sdk15-db/src/Library/Developer/CommandLineTools/SDKs/MacOSX15.2.sdk/usr/include/sys/_types/_blksize_t.h
[E 07:23:41 4385] Archiving /private/tmp/dfb-213/partial-sdk15-db/src/Library/Developer/CommandLineTools/SDKs/MacOSX15.2.sdk/usr/include/sys/_types/_gid_t.h
[E 07:23:41 4385] Archiving /private/tmp/dfb-213/partial-sdk15-db/src/Library/Developer/CommandLineTools/SDKs/MacOSX15.2.sdk/usr/include/sys/_types/_in_addr_t.h
[E 07:23:41 4385] Archiving /private/tmp/dfb-213/partial-sdk15-db/src/Library/Developer/CommandLineTools/SDKs/MacOSX15.2.sdk/usr/include/sys/_types/_in_port_t.h
[E 07:23:41 4385] Archiving /private/tmp/dfb-213/partial-sdk15-db/src/Library/Developer/CommandLineTools/SDKs/MacOSX15.2.sdk/usr/include/sys/_types/_ino_t.h
[E 07:23:41 4385] Archiving /private/tmp/dfb-213/partial-sdk15-db/src/Library/Developer/CommandLineTools/SDKs/MacOSX15.2.sdk/usr/include/sys/_types/_ino64_t.h
[E 07:23:41 4385] Archiving /private/tmp/dfb-213/partial-sdk15-db/src/Library/Developer/CommandLineTools/SDKs/MacOSX15.2.sdk/usr/include/sys/_types/_key_t.h
[E 07:23:41 4385] Archiving /private/tmp/dfb-213/partial-sdk15-db/src/Library/Developer/CommandLineTools/SDKs/MacOSX15.2.sdk/usr/include/sys/_types/_nlink_t.h
[E 07:23:41 4385] Already archived /private/tmp/dfb-213/partial-sdk15-db/src/Library/Developer/CommandLineTools/SDKs/MacOSX15.2.sdk/usr/include/sys/_types/_size_t.h
[E 07:23:41 4385] Archiving /private/tmp/dfb-213/partial-sdk15-db/src/Library/Developer/CommandLineTools/SDKs/MacOSX15.2.sdk/usr/include/sys/_types/_useconds_t.h
[E 07:23:41 4385] Archiving /private/tmp/dfb-213/partial-sdk15-db/src/Library/Developer/CommandLineTools/SDKs/MacOSX15.2.sdk/usr/include/sys/_types/_suseconds_t.h
[E 07:23:41 4385] Archiving /private/tmp/dfb-213/partial-sdk15-db/src/Library/Developer/CommandLineTools/SDKs/MacOSX15.2.sdk/usr/include/sys/_types/_rsize_t.h
[E 07:23:41 4385] Archiving /private/tmp/dfb-213/partial-sdk15-db/src/Library/Developer/CommandLineTools/SDKs/MacOSX15.2.sdk/usr/include/sys/_types/_errno_t.h
[E 07:23:41 4385] Archiving /private/tmp/dfb-213/partial-sdk15-db/src/Library/Developer/CommandLineTools/SDKs/MacOSX15.2.sdk/usr/include/sys/_types/_fd_def.h
[E 07:23:41 4385] Archiving /private/tmp/dfb-213/partial-sdk15-db/src/Library/Developer/CommandLineTools/SDKs/MacOSX15.2.sdk/usr/include/sys/_types/_fd_setsize.h
[E 07:23:41 4385] Archiving /private/tmp/dfb-213/partial-sdk15-db/src/Library/Developer/CommandLineTools/SDKs/MacOSX15.2.sdk/usr/include/sys/_types/_fd_set.h
[E 07:23:41 4385] Archiving /private/tmp/dfb-213/partial-sdk15-db/src/Library/Developer/CommandLineTools/SDKs/MacOSX15.2.sdk/usr/include/sys/_types/_fd_clr.h
[E 07:23:41 4385] Archiving /private/tmp/dfb-213/partial-sdk15-db/src/Library/Developer/CommandLineTools/SDKs/MacOSX15.2.sdk/usr/include/sys/_types/_fd_zero.h
[E 07:23:41 4385] Archiving /private/tmp/dfb-213/partial-sdk15-db/src/Library/Developer/CommandLineTools/SDKs/MacOSX15.2.sdk/usr/include/sys/_types/_fd_isset.h
[E 07:23:41 4385] Archiving /private/tmp/dfb-213/partial-sdk15-db/src/Library/Developer/CommandLineTools/SDKs/MacOSX15.2.sdk/usr/include/sys/_types/_fd_copy.h
[E 07:23:41 4385] Archiving /private/tmp/dfb-213/partial-sdk15-db/src/Library/Developer/CommandLineTools/SDKs/MacOSX15.2.sdk/usr/include/sys/_types/_fsblkcnt_t.h
[E 07:23:41 4385] Archiving /private/tmp/dfb-213/partial-sdk15-db/src/Library/Developer/CommandLineTools/SDKs/MacOSX15.2.sdk/usr/include/sys/_types/_fsfilcnt_t.h
[E 07:23:41 4385] Archiving /private/tmp/dfb-213/partial-sdk15-db/src/Library/Developer/CommandLineTools/SDKs/MacOSX15.2.sdk/usr/include/_types/_nl_item.h
[E 07:23:41 4385] Archiving /private/tmp/dfb-213/partial-sdk15-db/src/Library/Developer/CommandLineTools/SDKs/MacOSX15.2.sdk/usr/include/c++/v1/__locale_dir/locale_base_api/bsd_locale_defaults.h
[E 07:23:41 4385] Already archived /private/tmp/dfb-213/partial-sdk15-db/src/Library/Developer/CommandLineTools/SDKs/MacOSX15.2.sdk/usr/include/c++/v1/__undef_macros
[E 07:23:41 4385] Archiving /private/tmp/dfb-213/partial-sdk15-db/src/Library/Developer/CommandLineTools/SDKs/MacOSX15.2.sdk/usr/include/c++/v1/cstdarg
[E 07:23:41 4385] Already archived /private/tmp/dfb-213/partial-sdk15-db/src/Applications/Xcode.app/Contents/Developer/Toolchains/XcodeDefault.xctoolchain/usr/lib/clang/21/include/stdarg.h
[E 07:23:41 4385] Already archived /private/tmp/dfb-213/partial-sdk15-db/src/Library/Developer/CommandLineTools/SDKs/MacOSX15.2.sdk/usr/include/c++/v1/__undef_macros
[E 07:23:41 4385] Archiving /private/tmp/dfb-213/partial-sdk15-db/src/Library/Developer/CommandLineTools/SDKs/MacOSX15.2.sdk/usr/include/c++/v1/__memory/temp_value.h
[E 07:23:41 4385] Archiving /private/tmp/dfb-213/partial-sdk15-db/src/Library/Developer/CommandLineTools/SDKs/MacOSX15.2.sdk/usr/include/c++/v1/__split_buffer
[E 07:23:41 4385] Already archived /private/tmp/dfb-213/partial-sdk15-db/src/Library/Developer/CommandLineTools/SDKs/MacOSX15.2.sdk/usr/include/c++/v1/__undef_macros
[E 07:23:41 4385] Already archived /private/tmp/dfb-213/partial-sdk15-db/src/Library/Developer/CommandLineTools/SDKs/MacOSX15.2.sdk/usr/include/c++/v1/__undef_macros
[E 07:23:41 4385] Already archived /private/tmp/dfb-213/partial-sdk15-db/src/Library/Developer/CommandLineTools/SDKs/MacOSX15.2.sdk/usr/include/c++/v1/__undef_macros
[E 07:23:41 4385] Archiving /private/tmp/dfb-213/partial-sdk15-db/src/Library/Developer/CommandLineTools/SDKs/MacOSX15.2.sdk/usr/include/c++/v1/__functional/compose.h
[E 07:23:41 4385] Archiving /private/tmp/dfb-213/partial-sdk15-db/src/Library/Developer/CommandLineTools/SDKs/MacOSX15.2.sdk/usr/include/c++/v1/__functional/default_searcher.h
[E 07:23:41 4385] Archiving /private/tmp/dfb-213/partial-sdk15-db/src/Library/Developer/CommandLineTools/SDKs/MacOSX15.2.sdk/usr/include/c++/v1/__functional/function.h
[E 07:23:41 4385] Archiving /private/tmp/dfb-213/partial-sdk15-db/src/Library/Developer/CommandLineTools/SDKs/MacOSX15.2.sdk/usr/include/c++/v1/__memory/builtin_new_allocator.h
[E 07:23:41 4385] Archiving /private/tmp/dfb-213/partial-sdk15-db/src/Library/Developer/CommandLineTools/SDKs/MacOSX15.2.sdk/usr/include/c++/v1/__type_traits/strip_signature.h
[E 07:23:41 4385] Already archived /private/tmp/dfb-213/partial-sdk15-db/src/Library/Developer/CommandLineTools/SDKs/MacOSX15.2.sdk/usr/include/c++/v1/__undef_macros
[E 07:23:41 4385] Archiving /private/tmp/dfb-213/partial-sdk15-db/src/Library/Developer/CommandLineTools/SDKs/MacOSX15.2.sdk/usr/include/c++/v1/__functional/mem_fn.h
[E 07:23:41 4385] Archiving /private/tmp/dfb-213/partial-sdk15-db/src/Library/Developer/CommandLineTools/SDKs/MacOSX15.2.sdk/usr/include/c++/v1/__functional/mem_fun_ref.h
[E 07:23:41 4385] Archiving /private/tmp/dfb-213/partial-sdk15-db/src/Library/Developer/CommandLineTools/SDKs/MacOSX15.2.sdk/usr/include/c++/v1/__functional/not_fn.h
[E 07:23:41 4385] Archiving /private/tmp/dfb-213/partial-sdk15-db/src/Library/Developer/CommandLineTools/SDKs/MacOSX15.2.sdk/usr/include/c++/v1/__functional/pointer_to_binary_function.h
[E 07:23:41 4385] Archiving /private/tmp/dfb-213/partial-sdk15-db/src/Library/Developer/CommandLineTools/SDKs/MacOSX15.2.sdk/usr/include/c++/v1/__functional/pointer_to_unary_function.h
[E 07:23:41 4385] Archiving /private/tmp/dfb-213/partial-sdk15-db/src/Library/Developer/CommandLineTools/SDKs/MacOSX15.2.sdk/usr/include/c++/v1/__functional/unary_negate.h
[E 07:23:41 4385] Creating trap tarball /private/tmp/dfb-213/partial-sdk15-db/trap/cpp/tarballs/private/tmp/dfb-213/partial-source/closure_capture_positive.cpp.9a43d7d1_0.trap.tar.zst
[E 07:23:41 4385] Emitting trap files for /private/tmp/dfb-213/partial-source/closure_capture_positive.cpp
[E 07:23:41 4385] Opening existencedb in /private/tmp/dfb-213/partial-sdk15-db/working/existencedb/db
[E 07:23:41 4385] Warning[extractor-c++]: In add_macro_expansion: Affecting macros went backwards: 838 > 0.
[E 07:23:41 4385] Warning[extractor-c++]: In add_macro_expansion: Affecting macros went backwards: 1382 > 0.
[E 07:23:41 4385] Warning[extractor-c++]: In add_macro_expansion: Affecting macros went backwards: 1364 > 0.
[E 07:23:41 4385] Warning[extractor-c++]: In add_macro_expansion: Affecting macros went backwards: 1346 > 0.
[E 07:23:41 4385] Warning[extractor-c++]: In add_macro_expansion: Affecting macros went backwards: 1328 > 0.
[E 07:23:41 4385] Warning[extractor-c++]: In add_macro_expansion: Affecting macros went backwards: 1310 > 0.
[E 07:23:41 4385] Warning[extractor-c++]: In add_macro_expansion: Affecting macros went backwards: 1292 > 0.
[E 07:23:41 4385] Warning[extractor-c++]: In add_macro_expansion: Affecting macros went backwards: 1274 > 0.
[E 07:23:41 4385] Warning[extractor-c++]: In add_macro_expansion: Affecting macros went backwards: 5291 > 0.
[E 07:23:41 4385] Warning[extractor-c++]: In add_macro_expansion: Affecting macros went backwards: 16117 > 0.
[E 07:23:41 4385] Warning[extractor-c++]: In add_macro_expansion: Affecting macros went backwards: 16101 > 0.
[E 07:23:41 4385] Warning[extractor-c++]: In add_macro_expansion: Affecting macros went backwards: 15844 > 0.
[E 07:23:41 4385] Warning[extractor-c++]: In add_macro_expansion: Affecting macros went backwards: 15827 > 0.
[E 07:23:41 4385] Warning[extractor-c++]: In add_macro_expansion: Affecting macros went backwards: 15810 > 0.
[E 07:23:41 4385] Warning[extractor-c++]: In add_macro_expansion: Affecting macros went backwards: 15793 > 0.
[E 07:23:41 4385] Warning[extractor-c++]: In add_macro_expansion: Affecting macros went backwards: 18476 > 0.
[E 07:23:41 4385] Warning[extractor-c++]: In add_macro_expansion: Affecting macros went backwards: 18460 > 0.
[E 07:23:41 4385] Warning[extractor-c++]: In add_macro_expansion: Affecting macros went backwards: 18444 > 0.
[E 07:23:41 4385] Warning[extractor-c++]: In add_macro_expansion: Affecting macros went backwards: 18428 > 0.
[E 07:23:41 4385] Warning[extractor-c++]: In add_macro_expansion: Affecting macros went backwards: 20239 > 0.
[E 07:23:41 4385] Warning[extractor-c++]: In add_macro_expansion: Affecting macros went backwards: 20200 > 0.
[E 07:23:41 4385] Warning[extractor-c++]: In add_macro_expansion: Affecting macros went backwards: 20161 > 0.
[E 07:23:41 4385] Warning[extractor-c++]: In add_macro_expansion: Affecting macros went backwards: 20122 > 0.
[E 07:23:41 4385] Warning[extractor-c++]: In add_macro_expansion: Affecting macros went backwards: 20083 > 0.
[E 07:23:41 4385] Warning[extractor-c++]: In add_macro_expansion: Affecting macros went backwards: 20044 > 0.
[E 07:23:41 4385] Warning[extractor-c++]: In add_macro_expansion: Affecting macros went backwards: 20005 > 0.
[E 07:23:41 4385] Warning[extractor-c++]: In add_macro_expansion: Affecting macros went backwards: 19966 > 0.
[E 07:23:41 4385] Warning[extractor-c++]: In add_macro_expansion: Affecting macros went backwards: 19927 > 0.
[E 07:23:41 4385] Warning[extractor-c++]: In add_macro_expansion: Affecting macros went backwards: 19888 > 0.
[E 07:23:41 4385] Warning[extractor-c++]: In add_macro_expansion: Affecting macros went backwards: 19849 > 0.
[E 07:23:41 4385] Warning[extractor-c++]: In add_macro_expansion: Affecting macros went backwards: 19810 > 0.
[E 07:23:41 4385] Warning[extractor-c++]: In add_macro_expansion: Affecting macros went backwards: 19772 > 0.
[E 07:23:41 4385] Warning[extractor-c++]: In add_macro_expansion: Affecting macros went backwards: 19733 > 0.
[E 07:23:41 4385] Warning[extractor-c++]: In add_macro_expansion: Affecting macros went backwards: 19694 > 0.
[E 07:23:41 4385] Warning[extractor-c++]: In add_macro_expansion: Affecting macros went backwards: 19655 > 0.
[E 07:23:41 4385] Warning[extractor-c++]: In add_macro_expansion: Affecting macros went backwards: 19616 > 0.
[E 07:23:41 4385] Warning[extractor-c++]: In add_macro_expansion: Affecting macros went backwards: 19577 > 0.
[E 07:23:41 4385] Warning[extractor-c++]: In add_macro_expansion: Affecting macros went backwards: 19538 > 0.
[E 07:23:41 4385] Warning[extractor-c++]: In add_macro_expansion: Affecting macros went backwards: 28871 > 0.
[E 07:23:41 4385] Warning[extractor-c++]: In add_macro_expansion: Affecting macros went backwards: 28854 > 0.
[E 07:23:41 4385] Warning[extractor-c++]: In add_macro_expansion: Affecting macros went backwards: 28927 > 0.
[E 07:23:41 4385] Warning[extractor-c++]: In add_macro_expansion: Affecting macros went backwards: 29160 > 0.
[E 07:23:42 4385] Warning[extractor-c++]: In add_macro_expansion: Affecting macros went backwards: 44810 > 0.
[E 07:23:42 4385] Warning[extractor-c++]: In add_macro_expansion: Affecting macros went backwards: 34902 > 0.
[E 07:23:42 4385] Warning[extractor-c++]: In add_macro_expansion: Affecting macros went backwards: 30288 > 0.
[E 07:23:42 4385] Warning[extractor-c++]: In add_macro_expansion: Affecting macros went backwards: 55964 > 0.
[E 07:23:42 4385] Warning[extractor-c++]: In add_macro_expansion: Affecting macros went backwards: 56613 > 0.
[E 07:23:42 4385] Warning[extractor-c++]: In add_macro_expansion: Affecting macros went backwards: 60552 > 0.
[E 07:23:42 4385] Warning[extractor-c++]: In add_macro_expansion: Affecting macros went backwards: 59169 > 0.
[E 07:23:42 4385] Warning[extractor-c++]: In add_macro_expansion: Affecting macros went backwards: 57171 > 0.
[E 07:23:42 4385] Warning[extractor-c++]: In add_macro_expansion: Affecting macros went backwards: 56919 > 0.
[E 07:23:42 4385] Warning[extractor-c++]: In add_macro_expansion: Affecting macros went backwards: 70260 > 0.
[E 07:23:42 4385] Warning[extractor-c++]: In add_macro_expansion: Affecting macros went backwards: 80573 > 0.
[E 07:23:42 4385] Warning[extractor-c++]: In add_macro_expansion: Affecting macros went backwards: 85315 > 0.
[E 07:23:42 4385] Warning[extractor-c++]: In add_macro_expansion: Affecting macros went backwards: 87447 > 0.
[E 07:23:42 4385] Warning[extractor-c++]: In add_macro_expansion: Affecting macros went backwards: 21792 > 0.
[E 07:23:42 4385] Warning[extractor-c++]: In add_macro_expansion: Affecting macros went backwards: 4599 > 0.
[E 07:23:42 4385] Warning[extractor-c++]: In add_macro_expansion: Affecting macros went backwards: 4585 > 0.
[E 07:23:42 4385] Warning[extractor-c++]: In add_macro_expansion: Affecting macros went backwards: 4585 > 0.
[E 07:23:42 4385] Warning[extractor-c++]: In add_macro_expansion: Affecting macros went backwards: 4579 > 0.
[E 07:23:42 4385] Warning[extractor-c++]: In add_macro_expansion: Affecting macros went backwards: 4579 > 0.
[E 07:23:42 4385] Warning[extractor-c++]: In add_macro_expansion: Affecting macros went backwards: 4573 > 0.
[E 07:23:42 4385] Warning[extractor-c++]: In add_macro_expansion: Affecting macros went backwards: 4566 > 0.
[E 07:23:42 4385] Warning[extractor-c++]: In add_macro_expansion: Affecting macros went backwards: 4559 > 0.
[E 07:23:42 4385] Warning[extractor-c++]: In add_macro_expansion: Affecting macros went backwards: 4248 > 0.
[E 07:23:42 4385] Warning[extractor-c++]: In add_macro_expansion: Affecting macros went backwards: 4248 > 0.
[E 07:23:42 4385] Warning[extractor-c++]: In add_macro_expansion: Affecting macros went backwards: 4242 > 0.
[E 07:23:42 4385] Warning[extractor-c++]: In add_macro_expansion: Affecting macros went backwards: 4242 > 0.
[E 07:23:42 4385] Warning[extractor-c++]: In add_macro_expansion: Affecting macros went backwards: 4236 > 0.
[E 07:23:42 4385] Warning[extractor-c++]: In add_macro_expansion: Affecting macros went backwards: 4236 > 0.
[E 07:23:42 4385] Warning[extractor-c++]: In add_macro_expansion: Affecting macros went backwards: 4230 > 0.
[E 07:23:42 4385] Warning[extractor-c++]: In add_macro_expansion: Affecting macros went backwards: 4230 > 0.
[E 07:23:42 4385] Warning[extractor-c++]: In add_macro_expansion: Affecting macros went backwards: 4215 > 0.
[E 07:23:42 4385] Warning[extractor-c++]: In add_macro_expansion: Affecting macros went backwards: 4209 > 0.
[E 07:23:42 4385] Warning[extractor-c++]: In add_macro_expansion: Affecting macros went backwards: 4203 > 0.
[E 07:23:42 4385] Warning[extractor-c++]: In add_macro_expansion: Affecting macros went backwards: 4197 > 0.
[E 07:23:42 4385] Warning[extractor-c++]: In add_macro_expansion: Affecting macros went backwards: 4197 > 0.
[E 07:23:42 4385] Warning[extractor-c++]: In add_macro_expansion: Affecting macros went backwards: 4191 > 0.
[E 07:23:42 4385] Warning[extractor-c++]: In add_macro_expansion: Affecting macros went backwards: 4191 > 0.
[E 07:23:42 4385] Warning[extractor-c++]: In add_macro_expansion: Affecting macros went backwards: 4174 > 0.
[E 07:23:42 4385] Warning[extractor-c++]: In add_macro_expansion: Affecting macros went backwards: 4159 > 0.
[E 07:23:42 4385] Warning[extractor-c++]: In add_macro_expansion: Affecting macros went backwards: 4161 > 0.
[E 07:23:42 4385] Warning[extractor-c++]: In add_macro_expansion: Affecting macros went backwards: 4153 > 0.
[E 07:23:42 4385] Warning[extractor-c++]: In add_macro_expansion: Affecting macros went backwards: 4147 > 0.
[E 07:23:42 4385] Warning[extractor-c++]: In add_macro_expansion: Affecting macros went backwards: 4141 > 0.
[E 07:23:42 4385] Warning[extractor-c++]: In add_macro_expansion: Affecting macros went backwards: 4141 > 0.
[E 07:23:42 4385] Warning[extractor-c++]: In add_macro_expansion: Affecting macros went backwards: 4112 > 0.
[E 07:23:42 4385] Warning[extractor-c++]: In add_macro_expansion: Affecting macros went backwards: 4105 > 0.
[E 07:23:42 4385] Warning[extractor-c++]: In add_macro_expansion: Affecting macros went backwards: 4094 > 0.
[E 07:23:42 4385] Warning[extractor-c++]: In add_macro_expansion: Affecting macros went backwards: 4088 > 0.
[E 07:23:42 4385] Warning[extractor-c++]: In add_macro_expansion: Affecting macros went backwards: 4071 > 0.
[E 07:23:42 4385] Warning[extractor-c++]: In add_macro_expansion: Affecting macros went backwards: 4071 > 0.
[E 07:23:42 4385] Warning[extractor-c++]: In add_macro_expansion: Affecting macros went backwards: 4066 > 0.
[E 07:23:42 4385] Warning[extractor-c++]: In add_macro_expansion: Affecting macros went backwards: 4059 > 0.
[E 07:23:42 4385] Warning[extractor-c++]: In add_macro_expansion: Affecting macros went backwards: 4053 > 0.
[E 07:23:42 4385] Warning[extractor-c++]: In add_macro_expansion: Affecting macros went backwards: 4048 > 0.
[E 07:23:42 4385] Warning[extractor-c++]: In add_macro_expansion: Affecting macros went backwards: 1246 > 0.
[E 07:23:42 4385] Warning[extractor-c++]: In add_macro_expansion: Affecting macros went backwards: 1222 > 0.
[E 07:23:42 4385] Warning[extractor-c++]: In add_macro_expansion: Affecting macros went backwards: 1200 > 0.
[E 07:23:42 4385] Warning[extractor-c++]: In add_macro_expansion: Affecting macros went backwards: 1200 > 0.
[E 07:23:42 4385] Warning[extractor-c++]: In add_macro_expansion: Affecting macros went backwards: 1184 > 0.
[E 07:23:42 4385] Warning[extractor-c++]: In add_macro_expansion: Affecting macros went backwards: 1146 > 0.
[E 07:23:42 4385] Warning[extractor-c++]: In add_macro_expansion: Affecting macros went backwards: 1146 > 0.
[E 07:23:42 4385] Warning[extractor-c++]: In add_macro_expansion: Affecting macros went backwards: 1140 > 0.
[E 07:23:42 4385] Warning[extractor-c++]: In add_macro_expansion: Affecting macros went backwards: 1128 > 0.
[E 07:23:42 4385] Warning[extractor-c++]: In add_macro_expansion: Affecting macros went backwards: 1122 > 0.
[E 07:23:42 4385] Warning[extractor-c++]: In add_macro_expansion: Affecting macros went backwards: 1097 > 0.
[E 07:23:42 4385] Warning[extractor-c++]: In add_macro_expansion: Affecting macros went backwards: 1090 > 0.
[E 07:23:42 4385] Warning[extractor-c++]: In add_macro_expansion: Affecting macros went backwards: 1075 > 0.
[E 07:23:42 4385] Warning[extractor-c++]: In add_macro_expansion: Affecting macros went backwards: 1068 > 0.
[E 07:23:42 4385] Warning[extractor-c++]: In add_macro_expansion: Affecting macros went backwards: 1061 > 0.
[E 07:23:42 4385] Warning[extractor-c++]: In add_macro_expansion: Affecting macros went backwards: 1055 > 0.
[E 07:23:42 4385] Warning[extractor-c++]: In add_macro_expansion: Affecting macros went backwards: 898 > 0.
[E 07:23:42 4385] Warning[extractor-c++]: In add_macro_expansion: Affecting macros went backwards: 898 > 0.
[E 07:23:42 4385] Warning[extractor-c++]: In add_macro_expansion: Affecting macros went backwards: 892 > 0.
[E 07:23:42 4385] Warning[extractor-c++]: In add_macro_expansion: Affecting macros went backwards: 885 > 0.
[E 07:23:42 4385] Warning[extractor-c++]: In add_macro_expansion: Affecting macros went backwards: 856 > 0.
[E 07:23:42 4385] Warning[extractor-c++]: In add_macro_expansion: Affecting macros went backwards: 716 > 0.
[E 07:23:42 4385] Warning[extractor-c++]: In add_macro_expansion: Affecting macros went backwards: 716 > 0.
[E 07:23:42 4385] Warning[extractor-c++]: In add_macro_expansion: Affecting macros went backwards: 654 > 0.
[E 07:23:42 4385] Warning[extractor-c++]: In add_macro_expansion: Affecting macros went backwards: 633 > 0.
[E 07:23:42 4385] Warning[extractor-c++]: In add_macro_expansion: Affecting macros went backwards: 633 > 0.
[E 07:23:42 4385] Warning[extractor-c++]: In add_macro_expansion: Affecting macros went backwards: 627 > 0.
[E 07:23:42 4385] Warning[extractor-c++]: In add_macro_expansion: Affecting macros went backwards: 627 > 0.
[E 07:23:42 4385] Warning[extractor-c++]: In add_macro_expansion: Affecting macros went backwards: 380 > 0.
[E 07:23:42 4385] Warning[extractor-c++]: In add_macro_expansion: Affecting macros went backwards: 308 > 0.
[E 07:23:42 4385] Warning[extractor-c++]: In add_macro_expansion: Affecting macros went backwards: 309 > 0.
[E 07:23:42 4385] Warning[extractor-c++]: In add_macro_expansion: Affecting macros went backwards: 310 > 0.
[E 07:23:42 4385] Warning[extractor-c++]: In add_macro_expansion: Affecting macros went backwards: 299 > 0.
[E 07:23:42 4385] Warning[extractor-c++]: In add_macro_expansion: Affecting macros went backwards: 299 > 0.
[E 07:23:42 4385] Warning[extractor-c++]: In add_macro_expansion: Affecting macros went backwards: 293 > 0.
[E 07:23:42 4385] Warning[extractor-c++]: In add_macro_expansion: Affecting macros went backwards: 293 > 0.
[E 07:23:42 4385] Warning[extractor-c++]: In add_macro_expansion: Affecting macros went backwards: 287 > 0.
[E 07:23:42 4385] Warning[extractor-c++]: In add_macro_expansion: Affecting macros went backwards: 287 > 0.
[E 07:23:42 4385] Warning[extractor-c++]: In add_macro_expansion: Affecting macros went backwards: 281 > 0.
[E 07:23:42 4385] Warning[extractor-c++]: In add_macro_expansion: Affecting macros went backwards: 281 > 0.
[E 07:23:42 4385] Warning[extractor-c++]: In add_macro_expansion: Affecting macros went backwards: 263 > 0.
[E 07:23:42 4385] Warning[extractor-c++]: In add_macro_expansion: Affecting macros went backwards: 257 > 0.
[E 07:23:42 4385] Warning[extractor-c++]: In add_macro_expansion: Affecting macros went backwards: 257 > 0.
[E 07:23:42 4385] Warning[extractor-c++]: In add_macro_expansion: Affecting macros went backwards: 258 > 0.
[E 07:23:42 4385] Warning[extractor-c++]: In add_macro_expansion: Affecting macros went backwards: 258 > 0.
[E 07:23:42 4385] Warning[extractor-c++]: In add_macro_expansion: Affecting macros went backwards: 258 > 0.
[E 07:23:42 4385] Warning[extractor-c++]: In add_macro_expansion: Affecting macros went backwards: 258 > 0.
[E 07:23:42 4385] Warning[extractor-c++]: In add_macro_expansion: Affecting macros went backwards: 258 > 0.
[E 07:23:42 4385] Warning[extractor-c++]: In add_macro_expansion: Affecting macros went backwards: 258 > 0.
[E 07:23:42 4385] Warning[extractor-c++]: In add_macro_expansion: Affecting macros went backwards: 258 > 0.
[E 07:23:42 4385] Warning[extractor-c++]: In add_macro_expansion: Affecting macros went backwards: 258 > 0.
[E 07:23:42 4385] Warning[extractor-c++]: In add_macro_expansion: Affecting macros went backwards: 257 > 0.
[E 07:23:42 4385] Warning[extractor-c++]: In add_macro_expansion: Affecting macros went backwards: 257 > 0.
[E 07:23:42 4385] Warning[extractor-c++]: In add_macro_expansion: Affecting macros went backwards: 310 > 0.
[E 07:23:42 4385] Warning[extractor-c++]: In add_macro_expansion: Affecting macros went backwards: 309 > 0.
[E 07:23:42 4385] Warning[extractor-c++]: In add_macro_expansion: Affecting macros went backwards: 308 > 0.
[E 07:23:42 4385] Warning[extractor-c++]: In add_macro_expansion: Affecting macros went backwards: 380 > 0.
[E 07:23:42 4385] Warning[extractor-c++]: In add_macro_expansion: Affecting macros went backwards: 654 > 0.
[E 07:23:42 4385] Warning[extractor-c++]: In add_macro_expansion: Affecting macros went backwards: 856 > 0.
[E 07:23:42 4385] Warning[extractor-c++]: In add_macro_expansion: Affecting macros went backwards: 885 > 0.
[E 07:23:42 4385] Warning[extractor-c++]: In add_macro_expansion: Affecting macros went backwards: 258 > 0.
[E 07:23:42 4385] Warning[extractor-c++]: In add_macro_expansion: Affecting macros went backwards: 258 > 0.
[E 07:23:42 4385] Warning[extractor-c++]: In add_macro_expansion: Affecting macros went backwards: 258 > 0.
[E 07:23:42 4385] Warning[extractor-c++]: In add_macro_expansion: Affecting macros went backwards: 258 > 0.
[E 07:23:42 4385] Warning[extractor-c++]: In add_macro_expansion: Affecting macros went backwards: 1055 > 0.
[E 07:23:42 4385] Warning[extractor-c++]: In add_macro_expansion: Affecting macros went backwards: 1068 > 0.
[E 07:23:42 4385] Warning[extractor-c++]: In add_macro_expansion: Affecting macros went backwards: 1075 > 0.
[E 07:23:42 4385] Warning[extractor-c++]: In add_macro_expansion: Affecting macros went backwards: 1090 > 0.
[E 07:23:42 4385] Warning[extractor-c++]: In add_macro_expansion: Affecting macros went backwards: 1097 > 0.
[E 07:23:42 4385] Warning[extractor-c++]: In add_macro_expansion: Affecting macros went backwards: 1184 > 0.
[E 07:23:42 4385] Warning[extractor-c++]: In add_macro_expansion: Affecting macros went backwards: 1222 > 0.
[E 07:23:42 4385] Warning[extractor-c++]: In add_macro_expansion: Affecting macros went backwards: 1246 > 0.
[E 07:23:42 4385] Warning[extractor-c++]: In add_macro_expansion: Affecting macros went backwards: 258 > 0.
[E 07:23:42 4385] Warning[extractor-c++]: In add_macro_expansion: Affecting macros went backwards: 258 > 0.
[E 07:23:42 4385] Warning[extractor-c++]: In add_macro_expansion: Affecting macros went backwards: 4071 > 0.
[E 07:23:42 4385] Warning[extractor-c++]: In add_macro_expansion: Affecting macros went backwards: 4071 > 0.
[E 07:23:42 4385] Warning[extractor-c++]: In add_macro_expansion: Affecting macros went backwards: 4105 > 0.
[E 07:23:42 4385] Warning[extractor-c++]: In add_macro_expansion: Affecting macros went backwards: 4112 > 0.
[E 07:23:42 4385] Warning[extractor-c++]: In add_macro_expansion: Affecting macros went backwards: 4599 > 0.
[E 07:23:42 4385] Warning[extractor-c++]: In add_macro_expansion: Affecting macros went backwards: 258 > 0.
[E 07:23:42 4385] Warning[extractor-c++]: In add_macro_expansion: Affecting macros went backwards: 258 > 0.
[E 07:23:42 4385] Warning[extractor-c++]: In add_macro_expansion: Affecting macros went backwards: 258 > 0.
[E 07:23:42 4385] Warning[extractor-c++]: In add_macro_expansion: Affecting macros went backwards: 258 > 0.
[E 07:23:42 4385] Warning[extractor-c++]: In add_macro_expansion: Affecting macros went backwards: 258 > 0.
[E 07:23:42 4385] Warning[extractor-c++]: In add_macro_expansion: Affecting macros went backwards: 258 > 0.
[E 07:23:42 4385] Warning[extractor-c++]: In add_macro_expansion: Affecting macros went backwards: 258 > 0.
[E 07:23:42 4385] Warning[extractor-c++]: In add_macro_expansion: Affecting macros went backwards: 258 > 0.
[E 07:23:42 4385] Warning[extractor-c++]: In add_macro_expansion: Affecting macros went backwards: 258 > 0.
[E 07:23:42 4385] Warning[extractor-c++]: In add_macro_expansion: Affecting macros went backwards: 258 > 0.
[E 07:23:42 4385] Warning[extractor-c++]: In add_macro_expansion: Affecting macros went backwards: 258 > 0.
[E 07:23:42 4385] Warning[extractor-c++]: In add_macro_expansion: Affecting macros went backwards: 258 > 0.
[E 07:23:42 4385] Warning[extractor-c++]: In add_macro_expansion: Affecting macros went backwards: 258 > 0.
[E 07:23:42 4385] Warning[extractor-c++]: In add_macro_expansion: Affecting macros went backwards: 258 > 0.
[E 07:23:42 4385] Warning[extractor-c++]: In add_macro_expansion: Affecting macros went backwards: 258 > 0.
[E 07:23:42 4385] Warning[extractor-c++]: In add_macro_expansion: Affecting macros went backwards: 258 > 0.
[E 07:23:42 4385] Warning[extractor-c++]: In add_macro_expansion: Affecting macros went backwards: 258 > 0.
[E 07:23:42 4385] Warning[extractor-c++]: In add_macro_expansion: Affecting macros went backwards: 258 > 0.
[E 07:23:42 4385] Warning[extractor-c++]: In add_macro_expansion: Affecting macros went backwards: 258 > 0.
[E 07:23:42 4385] Warning[extractor-c++]: In add_macro_expansion: Affecting macros went backwards: 258 > 0.
[E 07:23:42 4385] Warning[extractor-c++]: In add_macro_expansion: Affecting macros went backwards: 258 > 0.
[E 07:23:42 4385] Warning[extractor-c++]: In add_macro_expansion: Affecting macros went backwards: 258 > 0.
[E 07:23:42 4385] Warning[extractor-c++]: In add_macro_expansion: Affecting macros went backwards: 258 > 0.
[E 07:23:42 4385] Warning[extractor-c++]: In add_macro_expansion: Affecting macros went backwards: 258 > 0.
[E 07:23:42 4385] Warning[extractor-c++]: In add_macro_expansion: Affecting macros went backwards: 258 > 0.
[E 07:23:42 4385] Warning[extractor-c++]: In add_macro_expansion: Affecting macros went backwards: 258 > 0.
[E 07:23:42 4385] Warning[extractor-c++]: In add_macro_expansion: Affecting macros went backwards: 258 > 0.
[E 07:23:42 4385] Warning[extractor-c++]: In add_macro_expansion: Affecting macros went backwards: 258 > 0.
[E 07:23:42 4385] Warning[extractor-c++]: In add_macro_expansion: Affecting macros went backwards: 258 > 0.
[E 07:23:42 4385] Warning[extractor-c++]: In add_macro_expansion: Affecting macros went backwards: 258 > 0.
[E 07:23:42 4385] Warning[extractor-c++]: In add_macro_expansion: Affecting macros went backwards: 258 > 0.
[E 07:23:42 4385] Warning[extractor-c++]: In add_macro_expansion: Affecting macros went backwards: 258 > 0.
[E 07:23:42 4385] Warning[extractor-c++]: In add_macro_expansion: Affecting macros went backwards: 258 > 0.
[E 07:23:42 4385] Warning[extractor-c++]: In add_macro_expansion: Affecting macros went backwards: 258 > 0.
[E 07:23:42 4385] Warning[extractor-c++]: In add_macro_expansion: Affecting macros went backwards: 258 > 0.
[E 07:23:42 4385] Warning[extractor-c++]: In add_macro_expansion: Affecting macros went backwards: 258 > 0.
[E 07:23:42 4385] Warning[extractor-c++]: In add_macro_expansion: Affecting macros went backwards: 258 > 0.
[E 07:23:42 4385] Warning[extractor-c++]: In add_macro_expansion: Affecting macros went backwards: 258 > 0.
[E 07:23:42 4385] Warning[extractor-c++]: In add_macro_expansion: Affecting macros went backwards: 258 > 0.
[E 07:23:42 4385] Warning[extractor-c++]: In add_macro_expansion: Affecting macros went backwards: 258 > 0.
[E 07:23:42 4385] Warning[extractor-c++]: In add_macro_expansion: Affecting macros went backwards: 258 > 0.
[E 07:23:42 4385] Warning[extractor-c++]: In add_macro_expansion: Affecting macros went backwards: 258 > 0.
[E 07:23:42 4385] Warning[extractor-c++]: In add_macro_expansion: Affecting macros went backwards: 258 > 0.
[E 07:23:42 4385] Warning[extractor-c++]: In add_macro_expansion: Affecting macros went backwards: 258 > 0.
[E 07:23:42 4385] Warning[extractor-c++]: In add_macro_expansion: Affecting macros went backwards: 258 > 0.
[E 07:23:42 4385] Warning[extractor-c++]: In add_macro_expansion: Affecting macros went backwards: 258 > 0.
[E 07:23:42 4385] Warning[extractor-c++]: In add_macro_expansion: Affecting macros went backwards: 258 > 0.
[E 07:23:42 4385] Warning[extractor-c++]: In add_macro_expansion: Affecting macros went backwards: 258 > 0.
[E 07:23:42 4385] Warning[extractor-c++]: In add_constructor_init: Unexpected dynamic init kind 7.
[E 07:23:42 4385] Warning[extractor-c++]: In add_macro_expansion: Affecting macros went backwards: 258 > 0.
[E 07:23:42 4385] Warning[extractor-c++]: In add_macro_expansion: Affecting macros went backwards: 258 > 0.
[E 07:23:42 4385] Warning[extractor-c++]: In add_macro_expansion: Affecting macros went backwards: 258 > 0.
[E 07:23:42 4385] Warning[extractor-c++]: In add_macro_expansion: Affecting macros went backwards: 258 > 0.
[E 07:23:42 4385] Warning[extractor-c++]: In add_macro_expansion: Affecting macros went backwards: 258 > 0.
[E 07:23:42 4385] Warning[extractor-c++]: In add_macro_expansion: Affecting macros went backwards: 258 > 0.
[E 07:23:42 4385] Warning[extractor-c++]: In add_macro_expansion: Affecting macros went backwards: 258 > 0.
[E 07:23:42 4385] Warning[extractor-c++]: In add_macro_expansion: Affecting macros went backwards: 258 > 0.
[E 07:23:42 4385] Warning[extractor-c++]: In add_macro_expansion: Affecting macros went backwards: 258 > 0.
[E 07:23:42 4385] Warning[extractor-c++]: In add_macro_expansion: Affecting macros went backwards: 258 > 0.
[E 07:23:42 4385] Warning[extractor-c++]: In add_macro_expansion: Affecting macros went backwards: 258 > 0.
[E 07:23:42 4385] Warning[extractor-c++]: In add_macro_expansion: Affecting macros went backwards: 258 > 0.
[E 07:23:42 4385] Warning[extractor-c++]: In add_macro_expansion: Affecting macros went backwards: 258 > 0.
[E 07:23:42 4385] Warning[extractor-c++]: In add_macro_expansion: Affecting macros went backwards: 258 > 0.
[E 07:23:42 4385] Warning[extractor-c++]: In add_macro_expansion: Affecting macros went backwards: 258 > 0.
[E 07:23:42 4385] Warning[extractor-c++]: In add_macro_expansion: Affecting macros went backwards: 258 > 0.
[E 07:23:42 4385] Warning[extractor-c++]: In add_macro_expansion: Affecting macros went backwards: 258 > 0.
[E 07:23:42 4385] Warning[extractor-c++]: In add_macro_expansion: Affecting macros went backwards: 258 > 0.
[E 07:23:42 4385] Warning[extractor-c++]: In add_macro_expansion: Affecting macros went backwards: 258 > 0.
[E 07:23:42 4385] Warning[extractor-c++]: In add_macro_expansion: Affecting macros went backwards: 258 > 0.
[E 07:23:42 4385] Warning[extractor-c++]: In add_macro_expansion: Affecting macros went backwards: 258 > 0.
[E 07:23:42 4385] Warning[extractor-c++]: In add_macro_expansion: Affecting macros went backwards: 258 > 0.
[E 07:23:42 4385] Warning[extractor-c++]: In add_macro_expansion: Affecting macros went backwards: 258 > 0.
[E 07:23:42 4385] Warning[extractor-c++]: In add_macro_expansion: Affecting macros went backwards: 258 > 0.
[E 07:23:42 4385] Warning[extractor-c++]: In add_macro_expansion: Affecting macros went backwards: 258 > 0.
[E 07:23:42 4385] Warning[extractor-c++]: In add_macro_expansion: Affecting macros went backwards: 258 > 0.
[E 07:23:42 4385] Warning[extractor-c++]: In add_macro_expansion: Affecting macros went backwards: 258 > 0.
[E 07:23:42 4385] Warning[extractor-c++]: In add_macro_expansion: Affecting macros went backwards: 258 > 0.
[E 07:23:42 4385] Warning[extractor-c++]: In add_macro_expansion: Affecting macros went backwards: 258 > 0.
[E 07:23:42 4385] Warning[extractor-c++]: In add_macro_expansion: Affecting macros went backwards: 258 > 0.
[E 07:23:42 4385] Warning[extractor-c++]: In add_macro_expansion: Affecting macros went backwards: 258 > 0.
[E 07:23:42 4385] Warning[extractor-c++]: In add_macro_expansion: Affecting macros went backwards: 258 > 0.
[E 07:23:42 4385] Warning[extractor-c++]: In add_macro_expansion: Affecting macros went backwards: 258 > 0.
[E 07:23:42 4385] Warning[extractor-c++]: In add_macro_expansion: Affecting macros went backwards: 258 > 0.
[E 07:23:42 4385] Warning[extractor-c++]: In add_macro_expansion: Affecting macros went backwards: 258 > 0.
[E 07:23:42 4385] Warning[extractor-c++]: In add_macro_expansion: Affecting macros went backwards: 258 > 0.
[E 07:23:42 4385] Warning[extractor-c++]: In add_macro_expansion: Affecting macros went backwards: 258 > 0.
[E 07:23:42 4385] Warning[extractor-c++]: In add_macro_expansion: Affecting macros went backwards: 258 > 0.
[E 07:23:42 4385] Warning[extractor-c++]: In add_macro_expansion: Affecting macros went backwards: 258 > 0.
[E 07:23:42 4385] Warning[extractor-c++]: In add_macro_expansion: Affecting macros went backwards: 258 > 0.
[E 07:23:42 4385] Warning[extractor-c++]: In add_macro_expansion: Affecting macros went backwards: 258 > 0.
[E 07:23:42 4385] Warning[extractor-c++]: In add_macro_expansion: Affecting macros went backwards: 258 > 0.
[E 07:23:42 4385] Warning[extractor-c++]: In add_macro_expansion: Affecting macros went backwards: 258 > 0.
[E 07:23:42 4385] Warning[extractor-c++]: In add_macro_expansion: Affecting macros went backwards: 258 > 0.
[E 07:23:42 4385] Warning[extractor-c++]: In add_macro_expansion: Affecting macros went backwards: 258 > 0.
[E 07:23:42 4385] Warning[extractor-c++]: In add_macro_expansion: Affecting macros went backwards: 258 > 0.
[E 07:23:42 4385] Warning[extractor-c++]: In add_constructor_init: Unexpected dynamic init kind 7.
[E 07:23:42 4385] Warning[extractor-c++]: In add_constructor_init: Unexpected dynamic init kind 7.
[E 07:23:42 4385] Warning[extractor-c++]: In add_constructor_init: Unexpected dynamic init kind 7.
[E 07:23:42 4385] Warning[extractor-c++]: In add_constructor_init: Unexpected dynamic init kind 7.
[E 07:23:42 4385] Warning[extractor-c++]: In add_constructor_init: Unexpected dynamic init kind 7.
[E 07:23:42 4385] Warning[extractor-c++]: In canonicalise_path: fs::canonical failed on closure_capture_positive.o (No such file or directory)
[E 07:23:42 4385] Wrote 9771 files to /private/tmp/dfb-213/partial-sdk15-db/trap/cpp/tarballs/private/tmp/dfb-213/partial-source/closure_capture_positive.cpp.9a43d7d1_0.trap.tar.zst
[E 07:23:42 4385] Finished compilation TRAP /private/tmp/dfb-213/partial-sdk15-db/trap/cpp/compilations/59/24772976_0.trap.zst
[E 07:23:42 4385] Marking C compilation as happened.
[E 07:23:42 4385] Setting tag c-compilation-happened
[E 07:23:42 4385] Time: 1.51 (CPU) 1.00 (elapsed)
[E 07:23:42 4385] Memory: 285.59 MiB (peak rss)
[E 07:23:42 4385] Extractor exited successfully
