[2026-10-07 23:45:22] This is codeql execute queries -J-Xmx1223M --verbosity=progress --logdir=/Users/dave/.codex/worktrees/844d/dataflowbench/execution-state/v090-resume-20261007-05/execution/matrix/reports/raw/swift-common-v2/current108-v090-01/dfb-taint-swift-call-context-negative/database/log --evaluator-log-level=5 --threads=2 --warnings=show --additional-packs=/Users/dave/.codex/worktrees/844d/dataflowbench/execution-state/v090-resume-20261007-01/extractor-build/repaired-packs --qlconfig-file=/Users/dave/.codex/worktrees/844d/dataflowbench/execution-state/v090-resume-20261007-05/execution/matrix/qlconfig.yml --dynamic-join-order-mode=none --output=/Users/dave/.codex/worktrees/844d/dataflowbench/execution-state/v090-resume-20261007-05/execution/matrix/reports/raw/swift-common-v2/current108-v090-01/dfb-taint-swift-call-context-negative/flow.bqrs -- /Users/dave/.codex/worktrees/844d/dataflowbench/execution-state/v090-resume-20261007-05/execution/matrix/reports/raw/swift-common-v2/current108-v090-01/dfb-taint-swift-call-context-negative/database/db-swift path:/Users/dave/.codex/worktrees/844d/dataflowbench/execution-state/v090-resume-20261007-05/execution/matrix/adapters/codeql/swift-normal-v1/queries/standard/kernel-flow.ql
[2026-10-07 23:45:22] Calling plumbing command: codeql resolve queries --additional-packs=/Users/dave/.codex/worktrees/844d/dataflowbench/execution-state/v090-resume-20261007-01/extractor-build/repaired-packs --qlconfig-file=/Users/dave/.codex/worktrees/844d/dataflowbench/execution-state/v090-resume-20261007-05/execution/matrix/qlconfig.yml --format=json -- path:/Users/dave/.codex/worktrees/844d/dataflowbench/execution-state/v090-resume-20261007-05/execution/matrix/adapters/codeql/swift-normal-v1/queries/standard/kernel-flow.ql
[2026-10-07 23:45:22] [PROGRESS] resolve queries> Recording pack reference dfb/swift-normal-standard at /Users/dave/.codex/worktrees/844d/dataflowbench/execution-state/v090-resume-20261007-05/execution/matrix/adapters/codeql/swift-normal-v1/queries/standard.
[2026-10-07 23:45:22] Plumbing command codeql resolve queries completed:
                      [
                        "/Users/dave/.codex/worktrees/844d/dataflowbench/execution-state/v090-resume-20261007-05/execution/matrix/adapters/codeql/swift-normal-v1/queries/standard/kernel-flow.ql"
                      ]
[2026-10-07 23:45:22] Refusing fancy output: The terminal is not an xterm: 
[2026-10-07 23:45:22] Creating executor with 2 threads.
[2026-10-07 23:45:22] [PROGRESS] execute queries> Resolving data extensions.
[2026-10-07 23:45:22] Calling plumbing command: codeql resolve extensions --additional-packs=/Users/dave/.codex/worktrees/844d/dataflowbench/execution-state/v090-resume-20261007-01/extractor-build/repaired-packs --qlconfig-file=/Users/dave/.codex/worktrees/844d/dataflowbench/execution-state/v090-resume-20261007-05/execution/matrix/qlconfig.yml --include-extension-row-locations path:/Users/dave/.codex/worktrees/844d/dataflowbench/execution-state/v090-resume-20261007-05/execution/matrix/adapters/codeql/swift-normal-v1/queries/standard/kernel-flow.ql
[2026-10-07 23:45:22] Calling plumbing command: codeql resolve queries --additional-packs=/Users/dave/.codex/worktrees/844d/dataflowbench/execution-state/v090-resume-20261007-01/extractor-build/repaired-packs --qlconfig-file=/Users/dave/.codex/worktrees/844d/dataflowbench/execution-state/v090-resume-20261007-05/execution/matrix/qlconfig.yml --allow-library-packs --format startingpacks -- path:/Users/dave/.codex/worktrees/844d/dataflowbench/execution-state/v090-resume-20261007-05/execution/matrix/adapters/codeql/swift-normal-v1/queries/standard/kernel-flow.ql
[2026-10-07 23:45:22] [PROGRESS] resolve queries> Recording pack reference dfb/swift-normal-standard at /Users/dave/.codex/worktrees/844d/dataflowbench/execution-state/v090-resume-20261007-05/execution/matrix/adapters/codeql/swift-normal-v1/queries/standard.
[2026-10-07 23:45:22] Plumbing command codeql resolve queries completed:
                      [
                        "/Users/dave/.codex/worktrees/844d/dataflowbench/execution-state/v090-resume-20261007-05/execution/matrix/adapters/codeql/swift-normal-v1/queries/standard"
                      ]
[2026-10-07 23:45:22] Calling plumbing command: codeql resolve extensions-by-pack --additional-packs=/Users/dave/.codex/worktrees/844d/dataflowbench/execution-state/v090-resume-20261007-01/extractor-build/repaired-packs --qlconfig-file=/Users/dave/.codex/worktrees/844d/dataflowbench/execution-state/v090-resume-20261007-05/execution/matrix/qlconfig.yml --include-extension-row-locations -- /Users/dave/.codex/worktrees/844d/dataflowbench/execution-state/v090-resume-20261007-05/execution/matrix/adapters/codeql/swift-normal-v1/queries/standard
[2026-10-07 23:45:22] [SPAMMY] resolve extensions-by-pack> [INCOMPATIBILITY] dfb/swift-normal-standard: not 0.0.1 {root: dfb/swift-normal-standard@0.0.1}
[2026-10-07 23:45:22] [SPAMMY] resolve extensions-by-pack> [DERIVATION] dfb/swift-normal-standard: 0.0.1 {dfb/swift-normal-standard: not 0.0.1 {root: dfb/swift-normal-standard@0.0.1}}
[2026-10-07 23:45:22] [SPAMMY] resolve extensions-by-pack> [INCOMPATIBILITY] dfb/swift-normal-standard: * [*], codeql/swift-all: not * [*] {dependency: dfb/swift-normal-standard@* [*] requires codeql/swift-all@6.8.4-dfb.entry1}
[2026-10-07 23:45:22] [SPAMMY] resolve extensions-by-pack> [DECISION 1] dfb/swift-normal-standard: 0.0.1
[2026-10-07 23:45:22] [SPAMMY] resolve extensions-by-pack> [DERIVATION] codeql/swift-all: * [*] {dfb/swift-normal-standard: * [*], codeql/swift-all: not * [*] {dependency: dfb/swift-normal-standard@* [*] requires codeql/swift-all@6.8.4-dfb.entry1}}
[2026-10-07 23:45:22] [SPAMMY] resolve extensions-by-pack> [INCOMPATIBILITY] codeql/swift-all: * [*], codeql/concepts: not * [*] {dependency: codeql/swift-all@* [*] requires codeql/concepts@0.0.32}
[2026-10-07 23:45:22] [SPAMMY] resolve extensions-by-pack> [INCOMPATIBILITY] codeql/swift-all: * [*], codeql/controlflow: not * [*] {dependency: codeql/swift-all@* [*] requires codeql/controlflow@2.0.42}
[2026-10-07 23:45:22] [SPAMMY] resolve extensions-by-pack> [INCOMPATIBILITY] codeql/swift-all: * [*], codeql/dataflow: not * [*] {dependency: codeql/swift-all@* [*] requires codeql/dataflow@2.1.14}
[2026-10-07 23:45:22] [SPAMMY] resolve extensions-by-pack> [INCOMPATIBILITY] codeql/swift-all: * [*], codeql/mad: not * [*] {dependency: codeql/swift-all@* [*] requires codeql/mad@1.0.58}
[2026-10-07 23:45:22] [SPAMMY] resolve extensions-by-pack> [INCOMPATIBILITY] codeql/swift-all: * [*], codeql/regex: not * [*] {dependency: codeql/swift-all@* [*] requires codeql/regex@1.0.58}
[2026-10-07 23:45:22] [SPAMMY] resolve extensions-by-pack> [INCOMPATIBILITY] codeql/swift-all: * [*], codeql/ssa: not * [*] {dependency: codeql/swift-all@* [*] requires codeql/ssa@2.0.34}
[2026-10-07 23:45:22] [SPAMMY] resolve extensions-by-pack> [INCOMPATIBILITY] codeql/swift-all: * [*], codeql/tutorial: not * [*] {dependency: codeql/swift-all@* [*] requires codeql/tutorial@1.0.58}
[2026-10-07 23:45:22] [SPAMMY] resolve extensions-by-pack> [INCOMPATIBILITY] codeql/swift-all: * [*], codeql/util: not * [*] {dependency: codeql/swift-all@* [*] requires codeql/util@2.0.45}
[2026-10-07 23:45:22] [SPAMMY] resolve extensions-by-pack> [DECISION 2] codeql/swift-all: 6.8.4-dfb.entry1
[2026-10-07 23:45:22] [SPAMMY] resolve extensions-by-pack> [DERIVATION] codeql/util: * [*] {codeql/swift-all: * [*], codeql/util: not * [*] {dependency: codeql/swift-all@* [*] requires codeql/util@2.0.45}}
[2026-10-07 23:45:22] [SPAMMY] resolve extensions-by-pack> [DERIVATION] codeql/tutorial: * [*] {codeql/swift-all: * [*], codeql/tutorial: not * [*] {dependency: codeql/swift-all@* [*] requires codeql/tutorial@1.0.58}}
[2026-10-07 23:45:22] [SPAMMY] resolve extensions-by-pack> [DERIVATION] codeql/ssa: * [*] {codeql/swift-all: * [*], codeql/ssa: not * [*] {dependency: codeql/swift-all@* [*] requires codeql/ssa@2.0.34}}
[2026-10-07 23:45:22] [SPAMMY] resolve extensions-by-pack> [DERIVATION] codeql/regex: * [*] {codeql/swift-all: * [*], codeql/regex: not * [*] {dependency: codeql/swift-all@* [*] requires codeql/regex@1.0.58}}
[2026-10-07 23:45:22] [SPAMMY] resolve extensions-by-pack> [DERIVATION] codeql/mad: * [*] {codeql/swift-all: * [*], codeql/mad: not * [*] {dependency: codeql/swift-all@* [*] requires codeql/mad@1.0.58}}
[2026-10-07 23:45:22] [SPAMMY] resolve extensions-by-pack> [DERIVATION] codeql/dataflow: * [*] {codeql/swift-all: * [*], codeql/dataflow: not * [*] {dependency: codeql/swift-all@* [*] requires codeql/dataflow@2.1.14}}
[2026-10-07 23:45:22] [SPAMMY] resolve extensions-by-pack> [DERIVATION] codeql/controlflow: * [*] {codeql/swift-all: * [*], codeql/controlflow: not * [*] {dependency: codeql/swift-all@* [*] requires codeql/controlflow@2.0.42}}
[2026-10-07 23:45:22] [SPAMMY] resolve extensions-by-pack> [DERIVATION] codeql/concepts: * [*] {codeql/swift-all: * [*], codeql/concepts: not * [*] {dependency: codeql/swift-all@* [*] requires codeql/concepts@0.0.32}}
[2026-10-07 23:45:22] [SPAMMY] resolve extensions-by-pack> [INCOMPATIBILITY] codeql/concepts: * [*], codeql/dataflow: not * [*] {dependency: codeql/concepts@* [*] requires codeql/dataflow@2.1.14}
[2026-10-07 23:45:22] [SPAMMY] resolve extensions-by-pack> [INCOMPATIBILITY] codeql/concepts: * [*], codeql/util: not * [*] {dependency: codeql/concepts@* [*] requires codeql/util@2.0.45}
[2026-10-07 23:45:22] [SPAMMY] resolve extensions-by-pack> [DECISION 3] codeql/concepts: 0.0.32
[2026-10-07 23:45:22] [SPAMMY] resolve extensions-by-pack> [INCOMPATIBILITY] codeql/controlflow: * [*], codeql/util: not * [*] {dependency: codeql/controlflow@* [*] requires codeql/util@2.0.45}
[2026-10-07 23:45:22] [SPAMMY] resolve extensions-by-pack> [DECISION 4] codeql/controlflow: 2.0.42
[2026-10-07 23:45:22] [SPAMMY] resolve extensions-by-pack> [INCOMPATIBILITY] codeql/dataflow: * [*], codeql/controlflow: not * [*] {dependency: codeql/dataflow@* [*] requires codeql/controlflow@2.0.42}
[2026-10-07 23:45:22] [SPAMMY] resolve extensions-by-pack> [INCOMPATIBILITY] codeql/dataflow: * [*], codeql/ssa: not * [*] {dependency: codeql/dataflow@* [*] requires codeql/ssa@2.0.34}
[2026-10-07 23:45:22] [SPAMMY] resolve extensions-by-pack> [INCOMPATIBILITY] codeql/dataflow: * [*], codeql/typetracking: not * [*] {dependency: codeql/dataflow@* [*] requires codeql/typetracking@2.0.42}
[2026-10-07 23:45:22] [SPAMMY] resolve extensions-by-pack> [INCOMPATIBILITY] codeql/dataflow: * [*], codeql/util: not * [*] {dependency: codeql/dataflow@* [*] requires codeql/util@2.0.45}
[2026-10-07 23:45:22] [SPAMMY] resolve extensions-by-pack> [DECISION 5] codeql/dataflow: 2.1.14
[2026-10-07 23:45:22] [SPAMMY] resolve extensions-by-pack> [DERIVATION] codeql/typetracking: * [*] {codeql/dataflow: * [*], codeql/typetracking: not * [*] {dependency: codeql/dataflow@* [*] requires codeql/typetracking@2.0.42}}
[2026-10-07 23:45:22] [SPAMMY] resolve extensions-by-pack> [INCOMPATIBILITY] codeql/mad: * [*], codeql/dataflow: not * [*] {dependency: codeql/mad@* [*] requires codeql/dataflow@2.1.14}
[2026-10-07 23:45:22] [SPAMMY] resolve extensions-by-pack> [INCOMPATIBILITY] codeql/mad: * [*], codeql/util: not * [*] {dependency: codeql/mad@* [*] requires codeql/util@2.0.45}
[2026-10-07 23:45:22] [SPAMMY] resolve extensions-by-pack> [DECISION 6] codeql/mad: 1.0.58
[2026-10-07 23:45:22] [SPAMMY] resolve extensions-by-pack> [INCOMPATIBILITY] codeql/regex: * [*], codeql/util: not * [*] {dependency: codeql/regex@* [*] requires codeql/util@2.0.45}
[2026-10-07 23:45:22] [SPAMMY] resolve extensions-by-pack> [DECISION 7] codeql/regex: 1.0.58
[2026-10-07 23:45:22] [SPAMMY] resolve extensions-by-pack> [INCOMPATIBILITY] codeql/ssa: * [*], codeql/controlflow: not * [*] {dependency: codeql/ssa@* [*] requires codeql/controlflow@2.0.42}
[2026-10-07 23:45:22] [SPAMMY] resolve extensions-by-pack> [INCOMPATIBILITY] codeql/ssa: * [*], codeql/util: not * [*] {dependency: codeql/ssa@* [*] requires codeql/util@2.0.45}
[2026-10-07 23:45:22] [SPAMMY] resolve extensions-by-pack> [DECISION 8] codeql/ssa: 2.0.34
[2026-10-07 23:45:22] [SPAMMY] resolve extensions-by-pack> [DECISION 9] codeql/tutorial: 1.0.58
[2026-10-07 23:45:22] [SPAMMY] resolve extensions-by-pack> [INCOMPATIBILITY] codeql/typetracking: * [*], codeql/util: not * [*] {dependency: codeql/typetracking@* [*] requires codeql/util@2.0.45}
[2026-10-07 23:45:22] [SPAMMY] resolve extensions-by-pack> [DECISION 10] codeql/typetracking: 2.0.42
[2026-10-07 23:45:22] [SPAMMY] resolve extensions-by-pack> [DECISION 11] codeql/util: 2.0.45
[2026-10-07 23:45:22] [PROGRESS] resolve extensions-by-pack> Loading data extensions in /Users/dave/.codex/worktrees/844d/dataflowbench/execution-state/v090-resume-20261007-01/extractor-build/repaired-packs/codeql/util/2.0.45/ext/default-alert-filter.yml.
[2026-10-07 23:45:22] [DETAILS] resolve extensions-by-pack>   Found extension targeting codeql/util:restrictAlertsTo: 0 tuples.
[2026-10-07 23:45:22] [DETAILS] resolve extensions-by-pack>   Found extension targeting codeql/util:restrictAlertsToExactLocation: 0 tuples.
[2026-10-07 23:45:22] Plumbing command codeql resolve extensions-by-pack completed:
                      {
                        "models" : [ ],
                        "data" : {
                          "/Users/dave/.codex/worktrees/844d/dataflowbench/execution-state/v090-resume-20261007-05/execution/matrix/adapters/codeql/swift-normal-v1/queries/standard" : [
                            {
                              "predicate" : "restrictAlertsTo",
                              "file" : "/Users/dave/.codex/worktrees/844d/dataflowbench/execution-state/v090-resume-20261007-01/extractor-build/repaired-packs/codeql/util/2.0.45/ext/default-alert-filter.yml",
                              "index" : 0,
                              "firstRowId" : 0,
                              "rowCount" : 0,
                              "predicateHasOrigin" : false,
                              "locations" : {
                                "lineNumbers" : "A",
                                "columnNumbers" : "A"
                              }
                            },
                            {
                              "predicate" : "restrictAlertsToExactLocation",
                              "file" : "/Users/dave/.codex/worktrees/844d/dataflowbench/execution-state/v090-resume-20261007-01/extractor-build/repaired-packs/codeql/util/2.0.45/ext/default-alert-filter.yml",
                              "index" : 1,
                              "firstRowId" : 0,
                              "rowCount" : 0,
                              "predicateHasOrigin" : false,
                              "locations" : {
                                "lineNumbers" : "A",
                                "columnNumbers" : "A"
                              }
                            }
                          ]
                        },
                        "threatModels" : { },
                        "extensionPacks" : [ ]
                      }
[2026-10-07 23:45:22] Plumbing command codeql resolve extensions completed:
                      {
                        "models" : [ ],
                        "data" : {
                          "/Users/dave/.codex/worktrees/844d/dataflowbench/execution-state/v090-resume-20261007-05/execution/matrix/adapters/codeql/swift-normal-v1/queries/standard" : [
                            {
                              "predicate" : "restrictAlertsTo",
                              "file" : "/Users/dave/.codex/worktrees/844d/dataflowbench/execution-state/v090-resume-20261007-01/extractor-build/repaired-packs/codeql/util/2.0.45/ext/default-alert-filter.yml",
                              "index" : 0,
                              "firstRowId" : 0,
                              "rowCount" : 0,
                              "predicateHasOrigin" : false,
                              "locations" : {
                                "lineNumbers" : "A",
                                "columnNumbers" : "A"
                              }
                            },
                            {
                              "predicate" : "restrictAlertsToExactLocation",
                              "file" : "/Users/dave/.codex/worktrees/844d/dataflowbench/execution-state/v090-resume-20261007-01/extractor-build/repaired-packs/codeql/util/2.0.45/ext/default-alert-filter.yml",
                              "index" : 1,
                              "firstRowId" : 0,
                              "rowCount" : 0,
                              "predicateHasOrigin" : false,
                              "locations" : {
                                "lineNumbers" : "A",
                                "columnNumbers" : "A"
                              }
                            }
                          ]
                        },
                        "threatModels" : { },
                        "extensionPacks" : [ ]
                      }
[2026-10-07 23:45:22] [PROGRESS] execute queries> Finished resolving data extensions.
[2026-10-07 23:45:22] [SPAMMY] execute queries> Selected JGit Git client for /Users/dave/.codex/worktrees/844d/dataflowbench/execution-state/v090-resume-20261007-05/execution/matrix/adapters/codeql/swift-normal-v1/queries/standard because the repository uses SHA-1 object format.
[2026-10-07 23:45:22] [PROGRESS] execute queries> Loading data extensions.
[2026-10-07 23:45:22] [PROGRESS] execute queries> Finished loading data extensions.
[2026-10-07 23:45:22] Calling plumbing command: codeql resolve library-paths --additional-packs=/Users/dave/.codex/worktrees/844d/dataflowbench/execution-state/v090-resume-20261007-01/extractor-build/repaired-packs --qlconfig-file=/Users/dave/.codex/worktrees/844d/dataflowbench/execution-state/v090-resume-20261007-05/execution/matrix/qlconfig.yml -- /Users/dave/.codex/worktrees/844d/dataflowbench/execution-state/v090-resume-20261007-05/execution/matrix/adapters/codeql/swift-normal-v1/queries/standard/kernel-flow.ql
[2026-10-07 23:45:22] [DETAILS] resolve library-paths> Resolving query at normalized path /Users/dave/.codex/worktrees/844d/dataflowbench/execution-state/v090-resume-20261007-05/execution/matrix/adapters/codeql/swift-normal-v1/queries/standard/kernel-flow.ql.
[2026-10-07 23:45:22] [DETAILS] resolve library-paths> Found enclosing pack 'dfb/swift-normal-standard' at /Users/dave/.codex/worktrees/844d/dataflowbench/execution-state/v090-resume-20261007-05/execution/matrix/adapters/codeql/swift-normal-v1/queries/standard.
[2026-10-07 23:45:22] [DETAILS] resolve library-paths> Adding compilation cache at /Users/dave/.codeql/compile-cache.
[2026-10-07 23:45:22] [DETAILS] resolve library-paths> Resolving library dependencies from /Users/dave/.codex/worktrees/844d/dataflowbench/execution-state/v090-resume-20261007-05/execution/matrix/adapters/codeql/swift-normal-v1/queries/standard/qlpack.yml.
[2026-10-07 23:45:22] [SPAMMY] resolve library-paths> [INCOMPATIBILITY] dfb/swift-normal-standard: not 0.0.1 {root: dfb/swift-normal-standard@0.0.1}
[2026-10-07 23:45:22] [SPAMMY] resolve library-paths> [DERIVATION] dfb/swift-normal-standard: 0.0.1 {dfb/swift-normal-standard: not 0.0.1 {root: dfb/swift-normal-standard@0.0.1}}
[2026-10-07 23:45:22] [SPAMMY] resolve library-paths> [INCOMPATIBILITY] dfb/swift-normal-standard: * [*], codeql/swift-all: not * [*] {dependency: dfb/swift-normal-standard@* [*] requires codeql/swift-all@6.8.4-dfb.entry1}
[2026-10-07 23:45:22] [SPAMMY] resolve library-paths> [DECISION 1] dfb/swift-normal-standard: 0.0.1
[2026-10-07 23:45:22] [SPAMMY] resolve library-paths> [DERIVATION] codeql/swift-all: * [*] {dfb/swift-normal-standard: * [*], codeql/swift-all: not * [*] {dependency: dfb/swift-normal-standard@* [*] requires codeql/swift-all@6.8.4-dfb.entry1}}
[2026-10-07 23:45:22] [SPAMMY] resolve library-paths> [INCOMPATIBILITY] codeql/swift-all: * [*], codeql/concepts: not * [*] {dependency: codeql/swift-all@* [*] requires codeql/concepts@0.0.32}
[2026-10-07 23:45:22] [SPAMMY] resolve library-paths> [INCOMPATIBILITY] codeql/swift-all: * [*], codeql/controlflow: not * [*] {dependency: codeql/swift-all@* [*] requires codeql/controlflow@2.0.42}
[2026-10-07 23:45:22] [SPAMMY] resolve library-paths> [INCOMPATIBILITY] codeql/swift-all: * [*], codeql/dataflow: not * [*] {dependency: codeql/swift-all@* [*] requires codeql/dataflow@2.1.14}
[2026-10-07 23:45:22] [SPAMMY] resolve library-paths> [INCOMPATIBILITY] codeql/swift-all: * [*], codeql/mad: not * [*] {dependency: codeql/swift-all@* [*] requires codeql/mad@1.0.58}
[2026-10-07 23:45:22] [SPAMMY] resolve library-paths> [INCOMPATIBILITY] codeql/swift-all: * [*], codeql/regex: not * [*] {dependency: codeql/swift-all@* [*] requires codeql/regex@1.0.58}
[2026-10-07 23:45:22] [SPAMMY] resolve library-paths> [INCOMPATIBILITY] codeql/swift-all: * [*], codeql/ssa: not * [*] {dependency: codeql/swift-all@* [*] requires codeql/ssa@2.0.34}
[2026-10-07 23:45:22] [SPAMMY] resolve library-paths> [INCOMPATIBILITY] codeql/swift-all: * [*], codeql/tutorial: not * [*] {dependency: codeql/swift-all@* [*] requires codeql/tutorial@1.0.58}
[2026-10-07 23:45:22] [SPAMMY] resolve library-paths> [INCOMPATIBILITY] codeql/swift-all: * [*], codeql/util: not * [*] {dependency: codeql/swift-all@* [*] requires codeql/util@2.0.45}
[2026-10-07 23:45:22] [SPAMMY] resolve library-paths> [DECISION 2] codeql/swift-all: 6.8.4-dfb.entry1
[2026-10-07 23:45:22] [SPAMMY] resolve library-paths> [DERIVATION] codeql/util: * [*] {codeql/swift-all: * [*], codeql/util: not * [*] {dependency: codeql/swift-all@* [*] requires codeql/util@2.0.45}}
[2026-10-07 23:45:22] [SPAMMY] resolve library-paths> [DERIVATION] codeql/tutorial: * [*] {codeql/swift-all: * [*], codeql/tutorial: not * [*] {dependency: codeql/swift-all@* [*] requires codeql/tutorial@1.0.58}}
[2026-10-07 23:45:22] [SPAMMY] resolve library-paths> [DERIVATION] codeql/ssa: * [*] {codeql/swift-all: * [*], codeql/ssa: not * [*] {dependency: codeql/swift-all@* [*] requires codeql/ssa@2.0.34}}
[2026-10-07 23:45:22] [SPAMMY] resolve library-paths> [DERIVATION] codeql/regex: * [*] {codeql/swift-all: * [*], codeql/regex: not * [*] {dependency: codeql/swift-all@* [*] requires codeql/regex@1.0.58}}
[2026-10-07 23:45:22] [SPAMMY] resolve library-paths> [DERIVATION] codeql/mad: * [*] {codeql/swift-all: * [*], codeql/mad: not * [*] {dependency: codeql/swift-all@* [*] requires codeql/mad@1.0.58}}
[2026-10-07 23:45:22] [SPAMMY] resolve library-paths> [DERIVATION] codeql/dataflow: * [*] {codeql/swift-all: * [*], codeql/dataflow: not * [*] {dependency: codeql/swift-all@* [*] requires codeql/dataflow@2.1.14}}
[2026-10-07 23:45:22] [SPAMMY] resolve library-paths> [DERIVATION] codeql/controlflow: * [*] {codeql/swift-all: * [*], codeql/controlflow: not * [*] {dependency: codeql/swift-all@* [*] requires codeql/controlflow@2.0.42}}
[2026-10-07 23:45:22] [SPAMMY] resolve library-paths> [DERIVATION] codeql/concepts: * [*] {codeql/swift-all: * [*], codeql/concepts: not * [*] {dependency: codeql/swift-all@* [*] requires codeql/concepts@0.0.32}}
[2026-10-07 23:45:22] [SPAMMY] resolve library-paths> [INCOMPATIBILITY] codeql/concepts: * [*], codeql/dataflow: not * [*] {dependency: codeql/concepts@* [*] requires codeql/dataflow@2.1.14}
[2026-10-07 23:45:22] [SPAMMY] resolve library-paths> [INCOMPATIBILITY] codeql/concepts: * [*], codeql/util: not * [*] {dependency: codeql/concepts@* [*] requires codeql/util@2.0.45}
[2026-10-07 23:45:22] [SPAMMY] resolve library-paths> [DECISION 3] codeql/concepts: 0.0.32
[2026-10-07 23:45:22] [SPAMMY] resolve library-paths> [INCOMPATIBILITY] codeql/controlflow: * [*], codeql/util: not * [*] {dependency: codeql/controlflow@* [*] requires codeql/util@2.0.45}
[2026-10-07 23:45:22] [SPAMMY] resolve library-paths> [DECISION 4] codeql/controlflow: 2.0.42
[2026-10-07 23:45:22] [SPAMMY] resolve library-paths> [INCOMPATIBILITY] codeql/dataflow: * [*], codeql/controlflow: not * [*] {dependency: codeql/dataflow@* [*] requires codeql/controlflow@2.0.42}
[2026-10-07 23:45:22] [SPAMMY] resolve library-paths> [INCOMPATIBILITY] codeql/dataflow: * [*], codeql/ssa: not * [*] {dependency: codeql/dataflow@* [*] requires codeql/ssa@2.0.34}
[2026-10-07 23:45:22] [SPAMMY] resolve library-paths> [INCOMPATIBILITY] codeql/dataflow: * [*], codeql/typetracking: not * [*] {dependency: codeql/dataflow@* [*] requires codeql/typetracking@2.0.42}
[2026-10-07 23:45:22] [SPAMMY] resolve library-paths> [INCOMPATIBILITY] codeql/dataflow: * [*], codeql/util: not * [*] {dependency: codeql/dataflow@* [*] requires codeql/util@2.0.45}
[2026-10-07 23:45:22] [SPAMMY] resolve library-paths> [DECISION 5] codeql/dataflow: 2.1.14
[2026-10-07 23:45:22] [SPAMMY] resolve library-paths> [DERIVATION] codeql/typetracking: * [*] {codeql/dataflow: * [*], codeql/typetracking: not * [*] {dependency: codeql/dataflow@* [*] requires codeql/typetracking@2.0.42}}
[2026-10-07 23:45:22] [SPAMMY] resolve library-paths> [INCOMPATIBILITY] codeql/mad: * [*], codeql/dataflow: not * [*] {dependency: codeql/mad@* [*] requires codeql/dataflow@2.1.14}
[2026-10-07 23:45:22] [SPAMMY] resolve library-paths> [INCOMPATIBILITY] codeql/mad: * [*], codeql/util: not * [*] {dependency: codeql/mad@* [*] requires codeql/util@2.0.45}
[2026-10-07 23:45:22] [SPAMMY] resolve library-paths> [DECISION 6] codeql/mad: 1.0.58
[2026-10-07 23:45:22] [SPAMMY] resolve library-paths> [INCOMPATIBILITY] codeql/regex: * [*], codeql/util: not * [*] {dependency: codeql/regex@* [*] requires codeql/util@2.0.45}
[2026-10-07 23:45:22] [SPAMMY] resolve library-paths> [DECISION 7] codeql/regex: 1.0.58
[2026-10-07 23:45:22] [SPAMMY] resolve library-paths> [INCOMPATIBILITY] codeql/ssa: * [*], codeql/controlflow: not * [*] {dependency: codeql/ssa@* [*] requires codeql/controlflow@2.0.42}
[2026-10-07 23:45:22] [SPAMMY] resolve library-paths> [INCOMPATIBILITY] codeql/ssa: * [*], codeql/util: not * [*] {dependency: codeql/ssa@* [*] requires codeql/util@2.0.45}
[2026-10-07 23:45:22] [SPAMMY] resolve library-paths> [DECISION 8] codeql/ssa: 2.0.34
[2026-10-07 23:45:22] [SPAMMY] resolve library-paths> [DECISION 9] codeql/tutorial: 1.0.58
[2026-10-07 23:45:22] [SPAMMY] resolve library-paths> [INCOMPATIBILITY] codeql/typetracking: * [*], codeql/util: not * [*] {dependency: codeql/typetracking@* [*] requires codeql/util@2.0.45}
[2026-10-07 23:45:22] [SPAMMY] resolve library-paths> [DECISION 10] codeql/typetracking: 2.0.42
[2026-10-07 23:45:22] [SPAMMY] resolve library-paths> [DECISION 11] codeql/util: 2.0.45
[2026-10-07 23:45:22] [DETAILS] resolve library-paths> QL pack dependencies for /Users/dave/.codex/worktrees/844d/dataflowbench/execution-state/v090-resume-20261007-05/execution/matrix/adapters/codeql/swift-normal-v1/queries/standard resolved OK.
[2026-10-07 23:45:22] [DETAILS] resolve library-paths> Found dbscheme through QL packs: /Users/dave/.codex/worktrees/844d/dataflowbench/execution-state/v090-resume-20261007-01/extractor-build/repaired-packs/codeql/swift-all/6.8.4-dfb.entry1/swift.dbscheme.
[2026-10-07 23:45:22] Plumbing command codeql resolve library-paths completed:
                      {
                        "/Users/dave/.codex/worktrees/844d/dataflowbench/execution-state/v090-resume-20261007-05/execution/matrix/adapters/codeql/swift-normal-v1/queries/standard/kernel-flow.ql" : {
                          "libraryPath" : [
                            "/Users/dave/.codex/worktrees/844d/dataflowbench/execution-state/v090-resume-20261007-05/execution/matrix/adapters/codeql/swift-normal-v1/queries/standard",
                            "/Users/dave/.codex/worktrees/844d/dataflowbench/execution-state/v090-resume-20261007-01/extractor-build/repaired-packs/codeql/swift-all/6.8.4-dfb.entry1",
                            "/Users/dave/.codex/worktrees/844d/dataflowbench/execution-state/v090-resume-20261007-01/extractor-build/repaired-packs/codeql/concepts/0.0.32",
                            "/Users/dave/.codex/worktrees/844d/dataflowbench/execution-state/v090-resume-20261007-01/extractor-build/repaired-packs/codeql/controlflow/2.0.42",
                            "/Users/dave/.codex/worktrees/844d/dataflowbench/execution-state/v090-resume-20261007-01/extractor-build/repaired-packs/codeql/dataflow/2.1.14",
                            "/Users/dave/.codex/worktrees/844d/dataflowbench/execution-state/v090-resume-20261007-01/extractor-build/repaired-packs/codeql/mad/1.0.58",
                            "/Users/dave/.codex/worktrees/844d/dataflowbench/execution-state/v090-resume-20261007-01/extractor-build/repaired-packs/codeql/regex/1.0.58",
                            "/Users/dave/.codex/worktrees/844d/dataflowbench/execution-state/v090-resume-20261007-01/extractor-build/repaired-packs/codeql/ssa/2.0.34",
                            "/Users/dave/.codex/worktrees/844d/dataflowbench/execution-state/v090-resume-20261007-01/extractor-build/repaired-packs/codeql/tutorial/1.0.58",
                            "/Users/dave/.codex/worktrees/844d/dataflowbench/execution-state/v090-resume-20261007-01/extractor-build/repaired-packs/codeql/typetracking/2.0.42",
                            "/Users/dave/.codex/worktrees/844d/dataflowbench/execution-state/v090-resume-20261007-01/extractor-build/repaired-packs/codeql/util/2.0.45"
                          ],
                          "dbscheme" : "/Users/dave/.codex/worktrees/844d/dataflowbench/execution-state/v090-resume-20261007-01/extractor-build/repaired-packs/codeql/swift-all/6.8.4-dfb.entry1/swift.dbscheme",
                          "compilationCache" : [
                            "/Users/dave/.codeql/compile-cache"
                          ],
                          "relativeName" : "dfb/swift-normal-standard/kernel-flow.ql",
                          "qlPackName" : "dfb/swift-normal-standard"
                        }
                      }
[2026-10-07 23:45:22] [WARN] execute queries> Not caching stages during query-loading, since max heap size is only 1224 MB.
[2026-10-07 23:45:22] [PROGRESS] execute queries> Compiling query plan for /Users/dave/.codex/worktrees/844d/dataflowbench/execution-state/v090-resume-20261007-05/execution/matrix/adapters/codeql/swift-normal-v1/queries/standard/kernel-flow.ql.
[2026-10-07 23:45:22] [DETAILS] execute queries> Resolving imports for /Users/dave/.codex/worktrees/844d/dataflowbench/execution-state/v090-resume-20261007-05/execution/matrix/adapters/codeql/swift-normal-v1/queries/standard/kernel-flow.ql.
[2026-10-07 23:45:23] Resolved file set for /Users/dave/.codex/worktrees/844d/dataflowbench/execution-state/v090-resume-20261007-05/execution/matrix/adapters/codeql/swift-normal-v1/queries/standard/kernel-flow.ql hashes to 9eb70d94507a8069392c2b050c2cc710.
[2026-10-07 23:45:23] [DETAILS] execute queries> Compilation cache hit for /Users/dave/.codex/worktrees/844d/dataflowbench/execution-state/v090-resume-20261007-05/execution/matrix/adapters/codeql/swift-normal-v1/queries/standard/kernel-flow.ql.
[2026-10-07 23:45:23] [SPAMMY] execute queries> No database upgrade/downgrade needed for /Users/dave/.codex/worktrees/844d/dataflowbench/execution-state/v090-resume-20261007-05/execution/matrix/adapters/codeql/swift-normal-v1/queries/standard/kernel-flow.ql
[2026-10-07 23:45:23] Inferred that cached_Synth::Synth::TDotSyntaxCallExpr#91e4431b/2@c2abb08j is empty, due to Synth::Synth::TDotSyntaxCallExpr#91e4431b/2@3dd06euq.
[2026-10-07 23:45:23] Inferred that cached_Synth::Synth::TInitializerRefCallExpr#e9f980ca/2@a82699ne is empty, due to Synth::Synth::TInitializerRefCallExpr#e9f980ca/2@235405e1.
[2026-10-07 23:45:23] Inferred that cached_DataFlowPrivate::CaptureFlow::SsaFlow::TSsaInputNode#c7689f01/3@f3fd132t is empty, due to DataFlowPrivate::CaptureFlow::SsaFlow::TSsaInputNode#c7689f01/3@f8d7786g.
[2026-10-07 23:45:23] Inferred that cached_DataFlowPrivate::CaptureFlow::Cached::TMallocNode#1d610aab/2@6f6ad5nu is empty, due to DataFlowPrivate::CaptureFlow::Cached::TMallocNode#1d610aab/2@8b751dlt.
[2026-10-07 23:45:23] Inferred that cached_DataFlowImplCommon::Cached::TSpecificLocalCall#e5af2727/2@10f86atr is empty, due to DataFlowImplCommon::Cached::TSpecificLocalCall#e5af2727/2@e373e3np.
[2026-10-07 23:45:23] Inferred that cached_DataFlowImplCommon::Cached::UnreachableSet#3a6cd458/1@9b0aabah is empty, due to DataFlowImplCommon::Cached::UnreachableSet#3a6cd458/1@065717fb.
[2026-10-07 23:45:23] Inferred that cached_DataFlowImplCommon::Cached::UnreachableSet.toString/0#dispred#4a57c743/2@d7ab430f is empty, due to DataFlowImplCommon::Cached::UnreachableSet.toString/0#dispred#4a57c743/2@39df17f9.
[2026-10-07 23:45:23] Inferred that cached_DataFlowImplCommon::Cached::getSinkModel/1#ea74d527/2@9bde74p0 is empty, due to DataFlowImplCommon::Cached::getSinkModel/1#ea74d527/2@174bd1gf.
[2026-10-07 23:45:23] Inferred that cached_ExternalFlow::sinkNode/3#9459279b/3@0e580ake is empty, due to ExternalFlow::sinkNode/3#9459279b/3@264cdd48.
[2026-10-07 23:45:23] [PROGRESS] execute queries> [1/1] Found in cache: /Users/dave/.codex/worktrees/844d/dataflowbench/execution-state/v090-resume-20261007-05/execution/matrix/adapters/codeql/swift-normal-v1/queries/standard/kernel-flow.ql.
[2026-10-07 23:45:23] [PROGRESS] execute queries> Starting evaluation of dfb/swift-normal-standard/kernel-flow.ql.
[2026-10-07 23:45:23] Starting evaluation of /Users/dave/.codex/worktrees/844d/dataflowbench/execution-state/v090-resume-20261007-05/execution/matrix/adapters/codeql/swift-normal-v1/queries/standard/kernel-flow.ql
[2026-10-07 23:45:23] (0s) Start query execution
[2026-10-07 23:45:23] (0s) Beginning execution of /Users/dave/.codex/worktrees/844d/dataflowbench/execution-state/v090-resume-20261007-05/execution/matrix/adapters/codeql/swift-normal-v1/queries/standard/kernel-flow.ql
[2026-10-07 23:45:23] (0s)  >>> Full cache hit cached_Synth::Synth::TElement#5aa52b4d/1@b66ecaki with 124963 rows and digest 176d13tg4e9k4i107t91brffl10.
[2026-10-07 23:45:23] (0s)  >>> Full cache hit cached_Synth::Synth::TDynamicSelfType#374f9a25/2@ea8504rn with 1 rows and digest 60e3ae18kfvubh3i1o63hb6s5k7.
[2026-10-07 23:45:23] (0s)  >>> Full cache hit cached_Synth::Synth::TBuiltinRawUnsafeContinuationType#bab7bc55/2@f67feakg with 1 rows and digest 2d0d4a3mbqg8tj58akohjq31vi8.
[2026-10-07 23:45:23] (0s)  >>> First-level cache hit cached_Synth::Synth::TBuiltinDefaultActorStorageType#2f47b651/2@b9014fat with empty relation.
[2026-10-07 23:45:23] (0s)  >>> Full cache hit cached_Synth::Synth::TBuiltinUnsafeValueBufferType#b46f4a04/2@6b4282mk with 1 rows and digest 0e1e896c3iojvkj6qd8o9slcg1a.
[2026-10-07 23:45:23] (0s)  >>> Full cache hit cached_Synth::Synth::TParameterizedProtocolType#982ddc6e/2@b1c006og with 16 rows and digest 13045be3ud9qidlabjjt7krde37.
[2026-10-07 23:45:23] (0s)  >>> Full cache hit cached_Synth::Synth::TBuiltinIntegerLiteralType#b02aed30/2@8dca5eos with 1 rows and digest bb7d48rv21oaem391anmnj7rkv4.
[2026-10-07 23:45:23] (0s)  >>> First-level cache hit cached_Synth::Synth::TExistentialArchetypeType#781535e4/2@ff803e40 with empty relation.
[2026-10-07 23:45:23] (0s)  >>> Full cache hit cached_Synth::Synth::TProtocolCompositionType#addc769c/2@534d379k with 4 rows and digest 85f9eb3hdgbqvme93mppe7e8m66.
[2026-10-07 23:45:23] (0s)  >>> First-level cache hit cached_Synth::Synth::TOpaqueTypeArchetypeType#5be8fd26/2@ce26c6ff with empty relation.
[2026-10-07 23:45:23] (0s)  >>> Full cache hit cached_Synth::Synth::TExistentialMetatypeType#3f3e2a69/2@5e4fa9p0 with 4 rows and digest 7295c4ib5472ounaedamg1ecgb5.
[2026-10-07 23:45:23] (0s)  >>> Full cache hit cached_Synth::Synth::TBuiltinBridgeObjectType#292b7138/2@8de822m4 with 1 rows and digest 2c0b660gomitq6m5q4p7msiclie.
[2026-10-07 23:45:23] (0s)  >>> Full cache hit cached_Synth::Synth::TBuiltinNativeObjectType#d3de4dfd/2@d64dadl7 with 1 rows and digest 09ce84ijvfg2j1pv1m8cn235gm5.
[2026-10-07 23:45:23] (0s)  >>> Full cache hit cached_Synth::Synth::TBoundGenericStructType#1e4ab342/2@505b883s with 2676 rows and digest 6ab048me5v5eh3h4s1cqq4a8ab4.
[2026-10-07 23:45:23] (0s)  >>> Full cache hit cached_Synth::Synth::TBuiltinRawPointerType#12c242b1/2@91cb14si with 1 rows and digest a09091c0hl36afbr5t1amfdijh1.
[2026-10-07 23:45:23] (0s)  >>> Full cache hit cached_Synth::Synth::TBuiltinFixedArrayType#39558fdf/2@f3ba6dbs with 3 rows and digest 770c996qv9b7qmu1q4vd20sok30.
[2026-10-07 23:45:23] (0s)  >>> Full cache hit cached_Synth::Synth::TBoundGenericClassType#edd79b18/2@27f5d5u0 with 239 rows and digest 413d01ehiu6pbg6r0oftdcee2c0.
[2026-10-07 23:45:23] (0s)  >>> Full cache hit cached_Synth::Synth::TVariadicSequenceType#9d2e74de/2@9794ac9u with 33 rows and digest 88eb21oihau3e4dapte4jaupgb9.
[2026-10-07 23:45:23] (0s)  >>> Full cache hit cached_Synth::Synth::TUnmanagedStorageType#446e1fcd/2@e8d2eekq with 3 rows and digest e1f72bkeam0epdc9rhalbra9d76.
[2026-10-07 23:45:23] (0s)  >>> Full cache hit cached_Synth::Synth::TPrimaryArchetypeType#dbba9ea9/2@f4e8a82f with 2532 rows and digest 946555p7ilb61o10ltc5okik8b6.
[2026-10-07 23:45:23] (0s)  >>> First-level cache hit cached_Synth::Synth::TElementArchetypeType#b3949d06/2@983f6fdq with empty relation.
[2026-10-07 23:45:23] (0s)  >>> Full cache hit cached_Synth::Synth::TGenericTypeParamType#cae336bb/2@576540sm with 3943 rows and digest 4087b205csj12jkmlor5887gkvf.
[2026-10-07 23:45:23] (0s)  >>> Full cache hit cached_Synth::Synth::TBoundGenericEnumType#5531539b/2@1fcb36ta with 434 rows and digest 08fbfaoh743o0ugald57vbtv8m8.
[2026-10-07 23:45:23] (0s)  >>> Full cache hit cached_Synth::Synth::TGenericFunctionType#161b4bb7/2@959003ht with 12683 rows and digest 921166asluvbhbnml5u937ps3g2.
[2026-10-07 23:45:23] (0s)  >>> Full cache hit cached_Synth::Synth::TDependentMemberType#e65a0d0d/2@80ebb6mb with 937 rows and digest 415f4artqp018erfkcr47tqj4la.
[2026-10-07 23:45:23] (0s)  >>> First-level cache hit cached_Synth::Synth::TUnownedStorageType#05dc6da5/2@480c8bkt with empty relation.
[2026-10-07 23:45:23] (0s)  >>> Full cache hit cached_Synth::Synth::TBuiltinExecutorType#4dae5d7c/2@a3de2cfg with 1 rows and digest fb097fs1u9o035030pr708emv09.
[2026-10-07 23:45:23] (0s)  >>> Full cache hit cached_Synth::Synth::TUnboundGenericType#c849487c/2@2e2120f8 with 169 rows and digest 08cc3e9cuucrftgk8bvu68emvha.
[2026-10-07 23:45:23] (0s)  >>> Full cache hit cached_Synth::Synth::TBuiltinIntegerType#047b23ce/2@46db4566 with 7 rows and digest 67edfbcn7uf3senqule9tdidv65.
[2026-10-07 23:45:23] (0s)  >>> Full cache hit cached_Synth::Synth::TPackExpansionType#6cca1837/2@53f1d00a with 3 rows and digest 8741f4fah22hlbt7s4gfm0n0cb5.
[2026-10-07 23:45:23] (0s)  >>> Full cache hit cached_Synth::Synth::TPackArchetypeType#f5859719/2@548de6t5 with 1 rows and digest 4c8b55vnmimlsa8vhftnu2ltuj5.
[2026-10-07 23:45:23] (0s)  >>> Full cache hit cached_Synth::Synth::TBuiltinVectorType#bcf13a08/2@d05504d2 with 42 rows and digest da8468ga3281cu4rbe00uthen64.
[2026-10-07 23:45:23] (0s)  >>> First-level cache hit cached_Synth::Synth::TWeakStorageType#80cad9d5/2@56a04e1k with empty relation.
[2026-10-07 23:45:23] (0s)  >>> Full cache hit cached_Synth::Synth::TBuiltinFloatType#0f0178c1/2@2b4fd8gn with 3 rows and digest 684660jq5p5f9vrq5j0rh7sd313.
[2026-10-07 23:45:23] (0s)  >>> First-level cache hit cached_Synth::Synth::TPackElementType#f174a347/2@712514l9 with empty relation.
[2026-10-07 23:45:23] (0s)  >>> First-level cache hit cached_Synth::Synth::TInlineArrayType#f9d546ec/2@ef7d1diq with empty relation.
[2026-10-07 23:45:23] (0s)  >>> Full cache hit cached_Synth::Synth::TExistentialType#4647efdd/2@ced7d0e1 with 31 rows and digest c567907onnqn0urg0quaq0c0vvb.
[2026-10-07 23:45:23] (0s)  >>> First-level cache hit cached_Synth::Synth::TUnresolvedType#a38a5b5d/2@fc337f6g with empty relation.
[2026-10-07 23:45:23] (0s)  >>> Full cache hit cached_Synth::Synth::TDictionaryType#38b533b7/2@d6ea32m6 with 12 rows and digest 493787f7ssbj62t0kqvrhab823e.
[2026-10-07 23:45:23] (0s)  >>> Full cache hit cached_Synth::Synth::TBuiltinJobType#d7a19c63/2@2045baq5 with 1 rows and digest 68b61b1j18hu84anub07osnk9a9.
[2026-10-07 23:45:23] (0s)  >>> Full cache hit cached_Synth::Synth::TArraySliceType#214c3226/2@f48267vh with 110 rows and digest 33081f5lhgacnmsd5g9cl6ovp69.
[2026-10-07 23:45:23] (0s)  >>> Full cache hit cached_Synth::Synth::TProtocolType#54399279/2@9ca1e0na with 145 rows and digest 00c5d9snvj177ojcsrf4fni9m24.
[2026-10-07 23:45:23] (0s)  >>> Full cache hit cached_Synth::Synth::TTypeAliasType#474ad5be/2@70ef2fvk with 1343 rows and digest 280a223b0aharufv60hvp8rr3u1.
[2026-10-07 23:45:23] (0s)  >>> Full cache hit cached_Synth::Synth::TOptionalType#309683f7/2@901ab7j3 with 671 rows and digest 603a69l2dnagtc1lm1of7e504j3.
[2026-10-07 23:45:23] (0s)  >>> Full cache hit cached_Synth::Synth::TMetatypeType#bfd87215/2@a941e1l8 with 7140 rows and digest e0a6d6acno93dtrrlkkqauhhj43.
[2026-10-07 23:45:23] (0s)  >>> Full cache hit cached_Synth::Synth::TFunctionType#daaca57a/2@4b4e62jb with 18671 rows and digest 194f0e206dnivrmtq721p71hdn2.
[2026-10-07 23:45:23] (0s)  >>> Full cache hit cached_Synth::Synth::TIntegerType#239a7d67/2@5da0ddgi with 6 rows and digest ecc1b880uu2vvablmo0tm4d22pf.
[2026-10-07 23:45:23] (0s)  >>> Full cache hit cached_Synth::Synth::TStructType#ce6862f1/2@7afc2efe with 699 rows and digest d78770bmtvb2ltn4oa9idc43vb2.
[2026-10-07 23:45:23] (0s)  >>> Full cache hit cached_Synth::Synth::TModuleType#2491189a/2@a836a0oj with 9 rows and digest e4aa3620e3edevglavfmgk20qsd.
[2026-10-07 23:45:23] (0s)  >>> Full cache hit cached_Synth::Synth::TLValueType#2056c587/2@6b55a8qj with 19 rows and digest b3ac37irnsnu37c37ibjjk2er4f.
[2026-10-07 23:45:23] (0s)  >>> Full cache hit cached_Synth::Synth::TTupleType#bee7f153/2@d295d4ir with 468 rows and digest 40704ciguse30ou4rti4iekejfc.
[2026-10-07 23:45:23] (0s)  >>> First-level cache hit cached_Synth::Synth::TParenType#da175b47/2@93fa29r4 with empty relation.
[2026-10-07 23:45:23] (0s)  >>> First-level cache hit cached_Synth::Synth::TInOutType#a1735351/2@733eba04 with empty relation.
[2026-10-07 23:45:23] (0s)  >>> Full cache hit cached_Synth::Synth::TErrorType#ae5662fa/2@8f13e17r with 1 rows and digest 6ba3cerrusco39fq30qdjdoj9v6.
[2026-10-07 23:45:23] (0s)  >>> First-level cache hit cached_Synth::Synth::TPackType#24187f72/2@a702bf7j with empty relation.
[2026-10-07 23:45:23] (0s)  >>> Full cache hit cached_Synth::Synth::TEnumType#d1923378/2@e20522nn with 197 rows and digest a643fbd0e5gsr6hf08rusj9l7ac.
[2026-10-07 23:45:23] (0s)  >>> Full cache hit cached_Synth::Synth::TClassType#c42a08fb/2@52500bld with 68 rows and digest fd44d7ploig1pjn0pespf0hc3gd.
[2026-10-07 23:45:23] (0s)  >>> First-level cache hit cached_Synth::Synth::TBindingPattern#a1286971/2@fc44978c with empty relation.
[2026-10-07 23:45:23] (0s)  >>> First-level cache hit cached_Synth::Synth::TOptionalSomePattern#dfc4b284/2@52cc7b3r with empty relation.
[2026-10-07 23:45:23] (0s) Inferred that BindingPattern::Generated::BindingPattern.getImmediateSubPattern/0#dispred#9d915676/2@2020dfn0 is empty, due to cached_Synth::Synth::TBindingPattern#a1286971/2@fc44978c.
[2026-10-07 23:45:23] (0s) Inferred that ControlFlowGraphImpl::Patterns::BindingTree#d3fbd767/2@05f815l0 is empty, due to cached_Synth::Synth::TBindingPattern#a1286971/2@fc44978c.
[2026-10-07 23:45:23] (0s) Inferred that Synth::Synth::TBindingPattern#a1286971_1#antijoin_rhs/1@66261ds9 is empty, due to cached_Synth::Synth::TBindingPattern#a1286971/2@fc44978c.
[2026-10-07 23:45:23] (0s) Inferred that ControlFlowGraphImpl::Patterns::OptionalSomeTree#dc75a168/2@2763c3cq is empty, due to cached_Synth::Synth::TOptionalSomePattern#dfc4b284/2@52cc7b3r.
[2026-10-07 23:45:23] (0s) Inferred that OptionalSomePattern::Generated::OptionalSomePattern.getSubPattern/0#dispred#64e9fdc6/2@324809o4 is empty, due to cached_Synth::Synth::TOptionalSomePattern#dfc4b284/2@52cc7b3r.
[2026-10-07 23:45:23] (0s) Inferred that Synth::Synth::TOptionalSomePattern#dfc4b284_1#antijoin_rhs/1@48542fh9 is empty, due to cached_Synth::Synth::TOptionalSomePattern#dfc4b284/2@52cc7b3r.
[2026-10-07 23:45:23] (0s) Inferred that OptionalSomePattern::Generated::OptionalSomePattern.getImmediateSubPattern/0#dispred#d1963e1e/2@b2b3cdrs is empty, due to cached_Synth::Synth::TOptionalSomePattern#dfc4b284/2@52cc7b3r.
[2026-10-07 23:45:23] (0s) Inferred that OptionalSomePattern::Generated::OptionalSomePattern.getSubPattern/0#dispred#64e9fdc6/2@30636c0t is empty, due to cached_Synth::Synth::TOptionalSomePattern#dfc4b284/2@52cc7b3r.
[2026-10-07 23:45:23] (0s) Inferred that OptionalSomePattern::Generated::OptionalSomePattern.getSubPattern/0#dispred#64e9fdc6/2@047119nb is empty, due to cached_Synth::Synth::TOptionalSomePattern#dfc4b284/2@52cc7b3r.
[2026-10-07 23:45:23] (0s) Inferred that _ControlFlowGraphImpl::Patterns::OptionalSomeTree#dc75a168_Element::Element.getFullyUnresolved/0#97f__#join_rhs/2@4f1416q4 is empty, due to ControlFlowGraphImpl::Patterns::OptionalSomeTree#dc75a168/2@2763c3cq.
[2026-10-07 23:45:23] (0s) Inferred that _Element::Generated::Element.getResolveStep/0#dispred#f0bb72ef_0#antijoin_rhs_OptionalSomePattern::G__#shared/2@1304bat2 is empty, due to OptionalSomePattern::Generated::OptionalSomePattern.getImmediateSubPattern/0#dispred#d1963e1e/2@b2b3cdrs.
[2026-10-07 23:45:23] (0s) Inferred that _Element::Generated::Element.getResolveStep/0#dispred#f0bb72ef_0#antijoin_rhs_OptionalSomePattern::G__#shared/2@6c2d287o is empty, due to OptionalSomePattern::Generated::OptionalSomePattern.getImmediateSubPattern/0#dispred#d1963e1e/2@b2b3cdrs.
[2026-10-07 23:45:23] (0s)  >>> First-level cache hit cached_Synth::Synth::TEnumElementPattern#7a6a0f73/2@fe594cld with empty relation.
[2026-10-07 23:45:23] (0s) Inferred that ControlFlowGraphImpl::Patterns::EnumElementTree#cc3c1b21/2@df46acrp is empty, due to cached_Synth::Synth::TEnumElementPattern#7a6a0f73/2@fe594cld.
[2026-10-07 23:45:23] (0s) Inferred that EnumElementPattern::Generated::EnumElementPattern.getSubPattern/0#dispred#5c5267ee/2@f706885t is empty, due to cached_Synth::Synth::TEnumElementPattern#7a6a0f73/2@fe594cld.
[2026-10-07 23:45:23] (0s) Inferred that EnumElementPattern::Generated::EnumElementPattern.getElement/0#dispred#9e559ded/2@852dec9j is empty, due to cached_Synth::Synth::TEnumElementPattern#7a6a0f73/2@fe594cld.
[2026-10-07 23:45:23] (0s) Inferred that Synth::Synth::TEnumElementPattern#7a6a0f73_1#antijoin_rhs/1@1f084c6j is empty, due to cached_Synth::Synth::TEnumElementPattern#7a6a0f73/2@fe594cld.
[2026-10-07 23:45:23] (0s) Inferred that EnumElementPattern::Generated::EnumElementPattern.hasSubPattern/0#dispred#3a1b29d4/1@cd71e7pd is empty, due to cached_Synth::Synth::TEnumElementPattern#7a6a0f73/2@fe594cld.
[2026-10-07 23:45:23] (0s) Inferred that EnumElementPattern::Generated::EnumElementPattern.getImmediateSubPattern/0#dispred#18b0377b/2@944fd5a2 is empty, due to cached_Synth::Synth::TEnumElementPattern#7a6a0f73/2@fe594cld.
[2026-10-07 23:45:23] (0s) Inferred that EnumElementPattern::Generated::EnumElementPattern.getSubPattern/0#dispred#5c5267ee/2@63b433ct is empty, due to cached_Synth::Synth::TEnumElementPattern#7a6a0f73/2@fe594cld.
[2026-10-07 23:45:23] (0s) Inferred that EnumElementPattern::Generated::EnumElementPattern.getSubPattern/0#dispred#5c5267ee/2@8672020s is empty, due to cached_Synth::Synth::TEnumElementPattern#7a6a0f73/2@fe594cld.
[2026-10-07 23:45:23] (0s) Inferred that _ControlFlowGraphImpl::Patterns::EnumElementTree#cc3c1b21_Element::Element.getFullyUnresolved/0#97fc__#join_rhs/2@8ad98avp is empty, due to ControlFlowGraphImpl::Patterns::EnumElementTree#cc3c1b21/2@df46acrp.
[2026-10-07 23:45:23] (0s) Inferred that EnumElementPattern::Generated::EnumElementPattern.getSubPattern/0#dispred#5c5267ee_0#antijoin_rhs/1@2658483u is empty, due to EnumElementPattern::Generated::EnumElementPattern.getSubPattern/0#dispred#5c5267ee/2@f706885t.
[2026-10-07 23:45:23] (0s) Inferred that EnumElementPattern::Generated::EnumElementPattern.getElement/0#dispred#9e559ded_10#join_rhs/2@31eec3ei is empty, due to EnumElementPattern::Generated::EnumElementPattern.getElement/0#dispred#9e559ded/2@852dec9j.
[2026-10-07 23:45:23] (0s) Inferred that _Element::Generated::Element.getResolveStep/0#dispred#f0bb72ef_0#antijoin_rhs_EnumElementPattern::Ge__#shared/2@e7d8berj is empty, due to EnumElementPattern::Generated::EnumElementPattern.getImmediateSubPattern/0#dispred#18b0377b/2@944fd5a2.
[2026-10-07 23:45:23] (0s) Inferred that _Element::Generated::Element.getResolveStep/0#dispred#f0bb72ef_0#antijoin_rhs_EnumElementPattern::Ge__#shared/2@74b6b5c1 is empty, due to EnumElementPattern::Generated::EnumElementPattern.getImmediateSubPattern/0#dispred#18b0377b/2@944fd5a2.
[2026-10-07 23:45:23] (0s) Inferred that EnumElementPattern::Generated::EnumElementPattern.getSubPattern/0#dispred#5c5267ee_10#join_rhs/2@3e18620v is empty, due to EnumElementPattern::Generated::EnumElementPattern.getSubPattern/0#dispred#5c5267ee/2@63b433ct.
[2026-10-07 23:45:23] (0s) Inferred that _EnumElementPattern::Generated::EnumElementPattern.getSubPattern/0#dispred#5c5267ee_Synth::Synth::TT__#antijoin_rhs/3@f82cc0i0 is empty, due to EnumElementPattern::Generated::EnumElementPattern.getSubPattern/0#dispred#5c5267ee/2@63b433ct.
[2026-10-07 23:45:23] (0s) Inferred that EnumElementPattern::EnumElementPattern.getSubPattern/1#dispred#6af6392b#fbf/3@c3a543fm is empty, due to EnumElementPattern::Generated::EnumElementPattern.getSubPattern/0#dispred#5c5267ee/2@63b433ct.
[2026-10-07 23:45:23] (0s) Inferred that EnumElementPattern::Generated::EnumElementPattern.getSubPattern/0#dispred#5c5267ee_10#join_rhs/2@08b212ot is empty, due to EnumElementPattern::Generated::EnumElementPattern.getSubPattern/0#dispred#5c5267ee/2@8672020s.
[2026-10-07 23:45:23] (0s) Inferred that _EnumElementPattern::Generated::EnumElementPattern.getSubPattern/0#dispred#5c5267ee_Synth::Synth::TT__#antijoin_rhs/3@ea2f8769 is empty, due to EnumElementPattern::Generated::EnumElementPattern.getSubPattern/0#dispred#5c5267ee/2@8672020s.
[2026-10-07 23:45:23] (0s) Inferred that EnumElementPattern::EnumElementPattern.getSubPattern/1#dispred#6af6392b#fbf/3@0a269853 is empty, due to EnumElementPattern::Generated::EnumElementPattern.getSubPattern/0#dispred#5c5267ee/2@8672020s.
[2026-10-07 23:45:23] (0s) Inferred that _EnumElementExpr::EnumElementExpr#9b9fa622#bf_EnumElementExpr::EnumElementExpr.getArgument/1#dispred__#join_rhs/4@a81fee74 is empty, due to EnumElementPattern::Generated::EnumElementPattern.getElement/0#dispred#9e559ded_10#join_rhs/2@31eec3ei.
[2026-10-07 23:45:23] (0s) Inferred that _EnumElementExpr::EnumElementExpr#9b9fa622#bf_EnumElementExpr::EnumElementExpr.getArgument/1#dispred__#join_rhs/4@69a9a9k0 is empty, due to EnumElementPattern::Generated::EnumElementPattern.getElement/0#dispred#9e559ded_10#join_rhs/2@31eec3ei.
[2026-10-07 23:45:23] (0s) Inferred that _EnumElementExpr::EnumElementExpr#9b9fa622#bf_EnumElementExpr::EnumElementExpr.getArgument/1#dispred__#join_rhs/4@c21b3a8d is empty, due to EnumElementPattern::Generated::EnumElementPattern.getElement/0#dispred#9e559ded_10#join_rhs/2@31eec3ei.
[2026-10-07 23:45:23] (0s) Inferred that _EnumElementExpr::EnumElementExpr#9b9fa622#bf_EnumElementExpr::EnumElementExpr.getArgument/1#dispred__#join_rhs/4@f91644jo is empty, due to EnumElementPattern::Generated::EnumElementPattern.getElement/0#dispred#9e559ded_10#join_rhs/2@31eec3ei.
[2026-10-07 23:45:23] (0s) Inferred that EnumElementPattern::Generated::EnumElementPattern.getSubPattern/0#dispred#5c5267ee/2@3d7720dl is empty, due to _Element::Generated::Element.getResolveStep/0#dispred#f0bb72ef_0#antijoin_rhs_EnumElementPattern::Ge__#shared/2@e7d8berj.
[2026-10-07 23:45:23] (0s) Inferred that EnumElementPattern::Generated::EnumElementPattern.getSubPattern/0#dispred#5c5267ee/2@f4fc62q3 is empty, due to _Element::Generated::Element.getResolveStep/0#dispred#f0bb72ef_0#antijoin_rhs_EnumElementPattern::Ge__#shared/2@74b6b5c1.
[2026-10-07 23:45:23] (0s) Inferred that EnumElementPattern::Generated::EnumElementPattern.getSubPattern/0#dispred#5c5267ee_10#join_rhs/2@a89f7d28 is empty, due to EnumElementPattern::Generated::EnumElementPattern.getSubPattern/0#dispred#5c5267ee/2@3d7720dl.
[2026-10-07 23:45:23] (0s) Inferred that _EnumElementPattern::Generated::EnumElementPattern.getSubPattern/0#dispred#5c5267ee_Synth::Synth::TT__#antijoin_rhs/3@49add3m2 is empty, due to EnumElementPattern::Generated::EnumElementPattern.getSubPattern/0#dispred#5c5267ee/2@3d7720dl.
[2026-10-07 23:45:23] (0s) Inferred that EnumElementPattern::EnumElementPattern.getSubPattern/1#dispred#6af6392b#fbf/3@f7887b0l is empty, due to EnumElementPattern::Generated::EnumElementPattern.getSubPattern/0#dispred#5c5267ee/2@3d7720dl.
[2026-10-07 23:45:23] (0s) Inferred that EnumElementPattern::Generated::EnumElementPattern.getSubPattern/0#dispred#5c5267ee_10#join_rhs/2@3d1edan3 is empty, due to EnumElementPattern::Generated::EnumElementPattern.getSubPattern/0#dispred#5c5267ee/2@f4fc62q3.
[2026-10-07 23:45:23] (0s) Inferred that _EnumElementPattern::Generated::EnumElementPattern.getSubPattern/0#dispred#5c5267ee_Synth::Synth::TT__#antijoin_rhs/3@5a63a6vb is empty, due to EnumElementPattern::Generated::EnumElementPattern.getSubPattern/0#dispred#5c5267ee/2@f4fc62q3.
[2026-10-07 23:45:23] (0s) Inferred that EnumElementPattern::EnumElementPattern.getSubPattern/1#dispred#6af6392b#fbf/3@892d25ng is empty, due to EnumElementPattern::Generated::EnumElementPattern.getSubPattern/0#dispred#5c5267ee/2@f4fc62q3.
[2026-10-07 23:45:23] (0s)  >>> Full cache hit cached_Synth::Synth::TTypedPattern#5cfad51a/2@bd9a59ud with 3396 rows and digest 77421em5dokms7h363j0jsujt0d.
[2026-10-07 23:45:23] (0s)  >>> First-level cache hit cached_Synth::Synth::TTuplePattern#ec85277c/2@46a5399n with empty relation.
[2026-10-07 23:45:23] (0s) Inferred that TuplePattern::Generated::TuplePattern.getImmediateElement/1#dispred#56e1358f/3@17691cbi is empty, due to cached_Synth::Synth::TTuplePattern#ec85277c/2@46a5399n.
[2026-10-07 23:45:23] (0s)  >>> First-level cache hit cached_Synth::Synth::TParenPattern#14396679/2@f10e7e4h with empty relation.
[2026-10-07 23:45:23] (0s) Inferred that ControlFlowGraphImpl::Patterns::TupleTree#19c50843/2@d4ec22vo is empty, due to cached_Synth::Synth::TTuplePattern#ec85277c/2@46a5399n.
[2026-10-07 23:45:23] (0s) Inferred that TuplePattern::Generated::TuplePattern.getElement/1#dispred#6d8fa592/3@c1323f22 is empty, due to cached_Synth::Synth::TTuplePattern#ec85277c/2@46a5399n.
[2026-10-07 23:45:23] (0s) Inferred that Synth::Synth::TTuplePattern#ec85277c_1#antijoin_rhs/1@1ee33crj is empty, due to cached_Synth::Synth::TTuplePattern#ec85277c/2@46a5399n.
[2026-10-07 23:45:23] (0s) Inferred that TuplePattern::Generated::TuplePattern.getElement/1#dispred#6d8fa592/3@82820ftk is empty, due to cached_Synth::Synth::TTuplePattern#ec85277c/2@46a5399n.
[2026-10-07 23:45:23] (0s) Inferred that TuplePattern::Generated::TuplePattern.getElement/1#dispred#6d8fa592/3@61a12fqi is empty, due to cached_Synth::Synth::TTuplePattern#ec85277c/2@46a5399n.
[2026-10-07 23:45:23] (0s) Inferred that _TuplePattern::Generated::TuplePattern.getImmediateElement/1#dispred#56e1358f#max_range/2@22932cd6 is empty, due to TuplePattern::Generated::TuplePattern.getImmediateElement/1#dispred#56e1358f/3@17691cbi.
[2026-10-07 23:45:23] (0s) Inferred that _TuplePattern::Generated::TuplePattern.getImmediateElement/1#dispred#56e1358f#max_term/3@9913e0id is empty, due to TuplePattern::Generated::TuplePattern.getImmediateElement/1#dispred#56e1358f/3@17691cbi.
[2026-10-07 23:45:23] (0s) Inferred that TuplePattern::Generated::TuplePattern.getElement/1#dispred#6d8fa592/3@cce260t3 is empty, due to TuplePattern::Generated::TuplePattern.getImmediateElement/1#dispred#56e1358f/3@17691cbi.
[2026-10-07 23:45:23] (0s) Inferred that TuplePattern::Generated::TuplePattern.getElement/1#dispred#6d8fa592/3@8f97e4b8 is empty, due to TuplePattern::Generated::TuplePattern.getImmediateElement/1#dispred#56e1358f/3@17691cbi.
[2026-10-07 23:45:23] (0s) Inferred that _ControlFlowGraphImpl::Patterns::TupleTree#19c50843_Element::Element.getFullyUnresolved/0#97fc9caa_T__#join_rhs/2@b7f045jn is empty, due to ControlFlowGraphImpl::Patterns::TupleTree#19c50843/2@d4ec22vo.
[2026-10-07 23:45:23] (0s) Inferred that _ControlFlowGraphImpl::Patterns::TupleTree#19c50843_Element::Element.getFullyUnresolved/0#97fc9caa_T__#join_rhs#1/2@af950fcr is empty, due to ControlFlowGraphImpl::Patterns::TupleTree#19c50843/2@d4ec22vo.
[2026-10-07 23:45:23] (0s) Inferred that TuplePattern::Generated::TuplePattern.getElement/1#dispred#6d8fa592_0_expr_#antijoin_rhs/2@2ccccet3 is empty, due to TuplePattern::Generated::TuplePattern.getElement/1#dispred#6d8fa592/3@c1323f22.
[2026-10-07 23:45:23] (0s) Inferred that TuplePattern::TuplePattern.getLastElement/0#dispred#05039a83/2@7dec591l is empty, due to TuplePattern::Generated::TuplePattern.getElement/1#dispred#6d8fa592/3@c1323f22.
[2026-10-07 23:45:23] (0s) Inferred that TuplePattern::Generated::TuplePattern.getElement/1#dispred#6d8fa592_102#join_rhs/3@22cc08ih is empty, due to TuplePattern::Generated::TuplePattern.getElement/1#dispred#6d8fa592/3@82820ftk.
[2026-10-07 23:45:23] (0s) Inferred that TuplePattern::Generated::TuplePattern.getElement/1#dispred#6d8fa592_102#join_rhs/3@0f1355o4 is empty, due to TuplePattern::Generated::TuplePattern.getElement/1#dispred#6d8fa592/3@61a12fqi.
[2026-10-07 23:45:23] (0s) Inferred that __TuplePattern::Generated::TuplePattern.getImmediateElement/1#dispred#56e1358f#max_range__TuplePatte__#join_rhs/1@f59402gs is empty, due to _TuplePattern::Generated::TuplePattern.getImmediateElement/1#dispred#56e1358f#max_range/2@22932cd6.
[2026-10-07 23:45:23] (0s) Inferred that _TupleExpr::Generated::TupleExpr.getImmediateElement/1#dispred#96eaeafe_102#join_rhs_TuplePattern::G__#join_rhs/4@11dfb4rm is empty, due to TuplePattern::Generated::TuplePattern.getElement/1#dispred#6d8fa592/3@cce260t3.
[2026-10-07 23:45:23] (0s) Inferred that _TupleExpr::Generated::TupleExpr.getImmediateElement/1#dispred#96eaeafe_102#join_rhs_TuplePattern::G__#join_rhs/4@6919479h is empty, due to TuplePattern::Generated::TuplePattern.getElement/1#dispred#6d8fa592/3@8f97e4b8.
[2026-10-07 23:45:23] (0s) Inferred that _TupleExpr::Generated::TupleExpr.getElement/1#dispred#37228a9a_102#join_rhs_TuplePattern::Generated:__#join_rhs/4@9193d496 is empty, due to TuplePattern::Generated::TuplePattern.getElement/1#dispred#6d8fa592_102#join_rhs/3@22cc08ih.
[2026-10-07 23:45:23] (0s) Inferred that _TupleExpr::Generated::TupleExpr.getImmediateElement/1#dispred#96eaeafe_102#join_rhs_TuplePattern::G__#join_rhs/4@505484ck is empty, due to TuplePattern::Generated::TuplePattern.getElement/1#dispred#6d8fa592_102#join_rhs/3@0f1355o4.
[2026-10-07 23:45:23] (0s) Inferred that ParenPattern::Generated::ParenPattern.getImmediateSubPattern/0#dispred#b428ea01/2@5a400a8b is empty, due to cached_Synth::Synth::TParenPattern#14396679/2@f10e7e4h.
[2026-10-07 23:45:23] (0s) Inferred that ControlFlowGraphImpl::Patterns::ParenTree#2b421cd4/2@4b381fbv is empty, due to cached_Synth::Synth::TParenPattern#14396679/2@f10e7e4h.
[2026-10-07 23:45:23] (0s) Inferred that Synth::Synth::TParenPattern#14396679_1#antijoin_rhs/1@4c9caerk is empty, due to cached_Synth::Synth::TParenPattern#14396679/2@f10e7e4h.
[2026-10-07 23:45:23] (0s)  >>> First-level cache hit cached_Synth::Synth::TExprPattern#64b09386/2@4bebbf2p with empty relation.
[2026-10-07 23:45:23] (0s) Inferred that ExprPattern::Generated::ExprPattern.getImmediateSubExpr/0#dispred#b9adf80c/2@11bfb197 is empty, due to cached_Synth::Synth::TExprPattern#64b09386/2@4bebbf2p.
[2026-10-07 23:45:23] (0s) Inferred that ControlFlowGraphImpl::Patterns::ExprTree#cfb31f0c/2@15b48fm7 is empty, due to cached_Synth::Synth::TExprPattern#64b09386/2@4bebbf2p.
[2026-10-07 23:45:23] (0s) Inferred that ExprPattern::Generated::ExprPattern.getSubExpr/0#dispred#a4d96483/2@4efe11jl is empty, due to cached_Synth::Synth::TExprPattern#64b09386/2@4bebbf2p.
[2026-10-07 23:45:23] (0s) Inferred that Synth::Synth::TExprPattern#64b09386_1#antijoin_rhs/1@44ddaa2r is empty, due to cached_Synth::Synth::TExprPattern#64b09386/2@4bebbf2p.
[2026-10-07 23:45:23] (0s)  >>> Full cache hit cached_Synth::Synth::TNamedPattern#df5d0b46/2@4d9d5e09 with 3493 rows and digest 111a8diivlsrvjlm99df69hkjn2.
[2026-10-07 23:45:23] (0s)  >>> First-level cache hit cached_Synth::Synth::TBoolPattern#65decc27/2@d890688k with empty relation.
[2026-10-07 23:45:23] (0s) Inferred that Synth::Synth::TBoolPattern#65decc27_1#antijoin_rhs/1@52b62ct9 is empty, due to cached_Synth::Synth::TBoolPattern#65decc27/2@d890688k.
[2026-10-07 23:45:23] (0s)  >>> First-level cache hit cached_Synth::Synth::TAnyPattern#871f9d50/2@bec908sv with empty relation.
[2026-10-07 23:45:23] (0s) Inferred that Synth::Synth::TAnyPattern#871f9d50_1#antijoin_rhs/1@e9b9b0r4 is empty, due to cached_Synth::Synth::TAnyPattern#871f9d50/2@bec908sv.
[2026-10-07 23:45:23] (0s)  >>> First-level cache hit cached_Synth::Synth::TIsPattern#95458e89/2@cb6c99o1 with empty relation.
[2026-10-07 23:45:23] (0s) Inferred that IsPattern::Generated::IsPattern.getCastTypeRepr/0#dispred#f3589dfa/2@2d8bf455 is empty, due to cached_Synth::Synth::TIsPattern#95458e89/2@cb6c99o1.
[2026-10-07 23:45:23] (0s) Inferred that IsPattern::Generated::IsPattern.getImmediateSubPattern/0#dispred#960cd98c/2@d15b0dho is empty, due to cached_Synth::Synth::TIsPattern#95458e89/2@cb6c99o1.
[2026-10-07 23:45:23] (0s) Inferred that _Element::Generated::Element.getResolveStep/0#dispred#f0bb72ef_0#antijoin_rhs_IsPattern::Generated::__#shared/2@ba4ba43n is empty, due to IsPattern::Generated::IsPattern.getImmediateSubPattern/0#dispred#960cd98c/2@d15b0dho.
[2026-10-07 23:45:23] (0s) Inferred that _Element::Generated::Element.getResolveStep/0#dispred#f0bb72ef_0#antijoin_rhs_IsPattern::Generated::__#shared/2@0560908p is empty, due to IsPattern::Generated::IsPattern.getImmediateSubPattern/0#dispred#960cd98c/2@d15b0dho.
[2026-10-07 23:45:23] (0s) Inferred that ControlFlowGraphImpl::Patterns::IsTree#383265a1/2@238319bk is empty, due to cached_Synth::Synth::TIsPattern#95458e89/2@cb6c99o1.
[2026-10-07 23:45:23] (0s) Inferred that IsPattern::Generated::IsPattern.getSubPattern/0#dispred#32df06b5/2@b05c5bnd is empty, due to cached_Synth::Synth::TIsPattern#95458e89/2@cb6c99o1.
[2026-10-07 23:45:23] (0s) Inferred that Synth::Synth::TIsPattern#95458e89_1#antijoin_rhs/1@c7ee59u1 is empty, due to cached_Synth::Synth::TIsPattern#95458e89/2@cb6c99o1.
[2026-10-07 23:45:23] (0s)  >>> First-level cache hit cached_Synth::Synth::TExplicitClosureExpr#5e87f25d/2@a8e9ddim with empty relation.
[2026-10-07 23:45:23] (0s) Inferred that IsPattern::Generated::IsPattern.getSubPattern/0#dispred#32df06b5/2@87a70610 is empty, due to cached_Synth::Synth::TIsPattern#95458e89/2@cb6c99o1.
[2026-10-07 23:45:23] (0s) Inferred that IsPattern::Generated::IsPattern.getSubPattern/0#dispred#32df06b5_10#join_rhs/2@8a476e48 is empty, due to IsPattern::Generated::IsPattern.getSubPattern/0#dispred#32df06b5/2@87a70610.
[2026-10-07 23:45:23] (0s) Inferred that Synth::Synth::TExplicitClosureExpr#5e87f25d_1#join_rhs/1@af884dbm is empty, due to cached_Synth::Synth::TExplicitClosureExpr#5e87f25d/2@a8e9ddim.
[2026-10-07 23:45:23] (0s)  >>> First-level cache hit cached_Synth::Synth::TAutoClosureExpr#00bd9cae/2@1d9b09ub with empty relation.
[2026-10-07 23:45:23] (0s)  >>> First-level cache hit cached_Synth::Synth::TDifferentiableFunctionExtractOriginalExpr#0bfec5d3/2@ea10f180 with empty relation.
[2026-10-07 23:45:23] (0s) Inferred that Synth::Synth::TAutoClosureExpr#00bd9cae_1#join_rhs/1@30e9c5l6 is empty, due to cached_Synth::Synth::TAutoClosureExpr#00bd9cae/2@1d9b09ub.
[2026-10-07 23:45:23] (0s) Inferred that _BinaryExpr::BinaryExpr.getAnOperand/0#dispred#916b0504_10#join_rhs_Synth::Synth::TAutoClosureExpr#0__#shared/2@380557vm is empty, due to Synth::Synth::TAutoClosureExpr#00bd9cae_1#join_rhs/1@30e9c5l6.
[2026-10-07 23:45:23] (0s) Inferred that LogicalOperation::LogicalOperation.getAnOperand/0#dispred#1a08fc24#fb/2@c1c4b4hh is empty, due to Synth::Synth::TAutoClosureExpr#00bd9cae_1#join_rhs/1@30e9c5l6.
[2026-10-07 23:45:23] (0s) Inferred that ControlFlowGraphImpl::Exprs::Closures::ShortCircuitingAutoClosureTree#5ba262b3/2@ef5fc82o is empty, due to Synth::Synth::TAutoClosureExpr#00bd9cae_1#join_rhs/1@30e9c5l6.
[2026-10-07 23:45:23] (0s) Inferred that AutoClosureExpr::AutoClosureExpr.getReturn/0#dispred#db6aeedd/2@6c79c79e is empty, due to Synth::Synth::TAutoClosureExpr#00bd9cae_1#join_rhs/1@30e9c5l6.
[2026-10-07 23:45:23] (0s) Inferred that AutoClosureExpr::AutoClosureExpr.getReturn/0#dispred#db6aeedd/2@47c5fe1l is empty, due to Synth::Synth::TAutoClosureExpr#00bd9cae_1#antijoin_rhs/1@30e9c5l6.
[2026-10-07 23:45:23] (0s) Inferred that AutoClosureExpr::AutoClosureExpr.getReturn/0#dispred#db6aeedd/2@26f1181p is empty, due to Synth::Synth::TAutoClosureExpr#00bd9cae_1#join_rhs/1@30e9c5l6.
[2026-10-07 23:45:23] (0s) Inferred that AutoClosureExpr::AutoClosureExpr.getReturn/0#dispred#db6aeedd/2@409e15a2 is empty, due to Synth::Synth::TAutoClosureExpr#00bd9cae_1#join_rhs/1@30e9c5l6.
[2026-10-07 23:45:23] (0s) Inferred that ControlFlowGraphImpl::Exprs::Closures::ShortCircuitingAutoClosureTree#5ba262b3_0#antijoin_rhs/1@dc0d455g is empty, due to ControlFlowGraphImpl::Exprs::Closures::ShortCircuitingAutoClosureTree#5ba262b3/2@ef5fc82o.
[2026-10-07 23:45:23] (0s) Inferred that _AutoClosureExpr::AutoClosureExpr.getReturn/0#dispred#db6aeedd_ControlFlowGraphImpl::Exprs::Closures__#join_rhs/2@7ad0cd0h is empty, due to ControlFlowGraphImpl::Exprs::Closures::ShortCircuitingAutoClosureTree#5ba262b3/2@ef5fc82o.
[2026-10-07 23:45:23] (0s) Inferred that AutoClosureExpr::AutoClosureExpr.getReturn/0#dispred#db6aeedd_1#antijoin_rhs/1@de08e1nj is empty, due to AutoClosureExpr::AutoClosureExpr.getReturn/0#dispred#db6aeedd/2@6c79c79e.
[2026-10-07 23:45:23] (0s) Inferred that AutoClosureExpr::AutoClosureExpr.getExpr/0#dispred#ac84d409/2@5f0818ja is empty, due to AutoClosureExpr::AutoClosureExpr.getReturn/0#dispred#db6aeedd/2@47c5fe1l.
[2026-10-07 23:45:23] (0s) Inferred that AutoClosureExpr::AutoClosureExpr.getExpr/0#dispred#ac84d409/2@785d6e5e is empty, due to AutoClosureExpr::AutoClosureExpr.getReturn/0#dispred#db6aeedd/2@26f1181p.
[2026-10-07 23:45:23] (0s) Inferred that AutoClosureExpr::AutoClosureExpr.getExpr/0#dispred#ac84d409/2@c29174ht is empty, due to AutoClosureExpr::AutoClosureExpr.getReturn/0#dispred#db6aeedd/2@409e15a2.
[2026-10-07 23:45:23] (0s) Inferred that AutoClosureExpr::AutoClosureExpr.getExpr/0#dispred#ac84d409_10#join_rhs/2@21e41043 is empty, due to AutoClosureExpr::AutoClosureExpr.getExpr/0#dispred#ac84d409/2@5f0818ja.
[2026-10-07 23:45:23] (0s) Inferred that AutoClosureExpr::AutoClosureExpr.getExpr/0#dispred#ac84d409_10#join_rhs/2@19cc62f1 is empty, due to AutoClosureExpr::AutoClosureExpr.getExpr/0#dispred#ac84d409/2@c29174ht.
[2026-10-07 23:45:23] (0s) Inferred that DotSyntaxBaseIgnoredExpr::DotSyntaxBaseIgnoredExpr.getMethod/0#dispred#aa0bcb41/2@dc96f3lt is empty, due to AutoClosureExpr::AutoClosureExpr.getExpr/0#dispred#ac84d409_10#join_rhs/2@21e41043.
[2026-10-07 23:45:23] (0s) Inferred that _DotSyntaxBaseIgnoredExpr::DotSyntaxBaseIgnoredExpr.getMethod/0#dispred#aa0bcb41_Function::Function.__#shared/2@01c442hi is empty, due to DotSyntaxBaseIgnoredExpr::DotSyntaxBaseIgnoredExpr.getMethod/0#dispred#aa0bcb41/2@dc96f3lt.
[2026-10-07 23:45:23] (0s) Inferred that _DotSyntaxBaseIgnoredExpr::Generated::DotSyntaxBaseIgnoredExpr.getQualifier/0#dispred#1de3c9ad_TypeE__#shared/3@0d01b9mh is empty, due to _DotSyntaxBaseIgnoredExpr::DotSyntaxBaseIgnoredExpr.getMethod/0#dispred#aa0bcb41_Function::Function.__#shared/2@01c442hi.
[2026-10-07 23:45:23] (0s) Inferred that DotSyntaxBaseIgnoredExpr::DotSyntaxBaseIgnoredExpr.toStringImpl/0#dispred#dac22908/2@a8a1e547 is empty, due to _DotSyntaxBaseIgnoredExpr::DotSyntaxBaseIgnoredExpr.getMethod/0#dispred#aa0bcb41_Function::Function.__#shared/2@01c442hi.
[2026-10-07 23:45:23] (0s) Inferred that _TypeRepr::TypeRepr.toStringImpl/0#dispred#c1f65b32__DotSyntaxBaseIgnoredExpr::Generated::DotSyntaxB__#antijoin_rhs/2@178afcbo is empty, due to _DotSyntaxBaseIgnoredExpr::Generated::DotSyntaxBaseIgnoredExpr.getQualifier/0#dispred#1de3c9ad_TypeE__#shared/3@0d01b9mh.
[2026-10-07 23:45:23] (0s) Inferred that Synth::Synth::TDifferentiableFunctionExtractOriginalExpr#0bfec5d3_1#join_rhs/1@3b0c1986 is empty, due to cached_Synth::Synth::TDifferentiableFunctionExtractOriginalExpr#0bfec5d3/2@ea10f180.
[2026-10-07 23:45:23] (0s)  >>> First-level cache hit cached_Synth::Synth::TPropertyWrapperValuePlaceholderExpr#8e089f89/2@de1d5b44 with empty relation.
[2026-10-07 23:45:23] (0s)  >>> First-level cache hit cached_Synth::Synth::TLinearFunctionExtractOriginalExpr#a0a54307/2@247547tf with empty relation.
[2026-10-07 23:45:23] (0s)  >>> First-level cache hit cached_Synth::Synth::TLinearToDifferentiableFunctionExpr#14ac48e5/2@333011oo with empty relation.
[2026-10-07 23:45:23] (0s) Inferred that Synth::Synth::TLinearFunctionExtractOriginalExpr#a0a54307_1#join_rhs/1@2bf4c04e is empty, due to cached_Synth::Synth::TLinearFunctionExtractOriginalExpr#a0a54307/2@247547tf.
[2026-10-07 23:45:23] (0s) Inferred that Synth::Synth::TLinearToDifferentiableFunctionExpr#14ac48e5_1#join_rhs/1@cc5135pr is empty, due to cached_Synth::Synth::TLinearToDifferentiableFunctionExpr#14ac48e5/2@333011oo.
[2026-10-07 23:45:23] (0s)  >>> First-level cache hit cached_Synth::Synth::TUnresolvedMemberChainResultExpr#9e61fe98/2@975c06ts with empty relation.
[2026-10-07 23:45:23] (0s)  >>> First-level cache hit cached_Synth::Synth::TExistentialMetatypeToObjectExpr#a1c04933/2@a7f5e9hm with empty relation.
[2026-10-07 23:45:23] (0s) Inferred that Synth::Synth::TExistentialMetatypeToObjectExpr#a1c04933_1#join_rhs/1@4f8b9e9c is empty, due to cached_Synth::Synth::TExistentialMetatypeToObjectExpr#a1c04933/2@a7f5e9hm.
[2026-10-07 23:45:23] (0s)  >>> First-level cache hit cached_Synth::Synth::TCovariantFunctionConversionExpr#e0dd248d/2@72ec97au with empty relation.
[2026-10-07 23:45:23] (0s) Inferred that Synth::Synth::TCovariantFunctionConversionExpr#e0dd248d_1#join_rhs/1@fb512bt3 is empty, due to cached_Synth::Synth::TCovariantFunctionConversionExpr#e0dd248d/2@72ec97au.
[2026-10-07 23:45:23] (0s)  >>> First-level cache hit cached_Synth::Synth::TCollectionUpcastConversionExpr#1fef3f7e/2@a7402ctr with empty relation.
[2026-10-07 23:45:23] (0s)  >>> First-level cache hit cached_Synth::Synth::TInterpolatedStringLiteralExpr#9d3a89a5/2@731191jt with empty relation.
[2026-10-07 23:45:23] (0s) Inferred that Synth::Synth::TCollectionUpcastConversionExpr#1fef3f7e_1#join_rhs/1@a7a0c1gq is empty, due to cached_Synth::Synth::TCollectionUpcastConversionExpr#1fef3f7e/2@a7402ctr.
[2026-10-07 23:45:23] (0s) Inferred that Synth::Synth::TInterpolatedStringLiteralExpr#9d3a89a5_1#antijoin_rhs/1@bb3796f8 is empty, due to cached_Synth::Synth::TInterpolatedStringLiteralExpr#9d3a89a5/2@731191jt.
[2026-10-07 23:45:23] (0s) Inferred that InterpolatedStringLiteralExpr::Generated::InterpolatedStringLiteralExpr.getAppendingExpr/0#dispred#50a864d0/2@5e3828oe is empty, due to cached_Synth::Synth::TInterpolatedStringLiteralExpr#9d3a89a5/2@731191jt.
[2026-10-07 23:45:23] (0s)  >>> First-level cache hit cached_Synth::Synth::TCovariantReturnConversionExpr#5c3f45a1/2@c6eb2bh3 with empty relation.
[2026-10-07 23:45:23] (0s) Inferred that InterpolatedStringLiteralExpr::Generated::InterpolatedStringLiteralExpr.getAppendingExpr/0#dispred#50a864d0/2@f9837ajt is empty, due to cached_Synth::Synth::TInterpolatedStringLiteralExpr#9d3a89a5/2@731191jt.
[2026-10-07 23:45:23] (0s) Inferred that ControlFlowGraphImpl::Exprs::InterpolatedStringLiteralExprTree#643303fa/2@b28035sl is empty, due to Synth::Synth::TInterpolatedStringLiteralExpr#9d3a89a5_1#antijoin_rhs/1@bb3796f8.
[2026-10-07 23:45:23] (0s) Inferred that Synth::Synth::TCovariantReturnConversionExpr#5c3f45a1_1#join_rhs/1@4669c84i is empty, due to cached_Synth::Synth::TCovariantReturnConversionExpr#5c3f45a1/2@c6eb2bh3.
[2026-10-07 23:45:23] (0s)  >>> First-level cache hit cached_Synth::Synth::TConditionalBridgeFromObjCExpr#f87ddf23/2@c1ce5ed4 with empty relation.
[2026-10-07 23:45:23] (0s)  >>> First-level cache hit cached_Synth::Synth::TUnresolvedTypeConversionExpr#3415bbc8/2@ffac3dvt with empty relation.
[2026-10-07 23:45:23] (0s) Inferred that Synth::Synth::TConditionalBridgeFromObjCExpr#f87ddf23_1#join_rhs/1@766d2aeh is empty, due to cached_Synth::Synth::TConditionalBridgeFromObjCExpr#f87ddf23/2@c1ce5ed4.
[2026-10-07 23:45:23] (0s)  >>> First-level cache hit cached_Synth::Synth::TProtocolMetatypeToObjectExpr#7be9d010/2@866160hq with empty relation.
[2026-10-07 23:45:23] (0s) Inferred that Synth::Synth::TProtocolMetatypeToObjectExpr#7be9d010_1#join_rhs/1@1e408a31 is empty, due to cached_Synth::Synth::TProtocolMetatypeToObjectExpr#7be9d010/2@866160hq.
[2026-10-07 23:45:23] (0s)  >>> First-level cache hit cached_Synth::Synth::TMakeTemporarilyEscapableExpr#abd7b139/2@f25a31vp with empty relation.
[2026-10-07 23:45:23] (0s) Inferred that MakeTemporarilyEscapableExpr::Generated::MakeTemporarilyEscapableExpr.getImmediateEscapingClosure/0#dispred#bdcc689c/2@431705ck is empty, due to cached_Synth::Synth::TMakeTemporarilyEscapableExpr#abd7b139/2@f25a31vp.
[2026-10-07 23:45:23] (0s) Inferred that MakeTemporarilyEscapableExpr::Generated::MakeTemporarilyEscapableExpr.getImmediateNonescapingClosure/0#dispred#392d2192/2@a8dd158f is empty, due to cached_Synth::Synth::TMakeTemporarilyEscapableExpr#abd7b139/2@f25a31vp.
[2026-10-07 23:45:23] (0s) Inferred that MakeTemporarilyEscapableExpr::Generated::MakeTemporarilyEscapableExpr.getImmediateSubExpr/0#dispred#29c2e8d2/2@1093591q is empty, due to cached_Synth::Synth::TMakeTemporarilyEscapableExpr#abd7b139/2@f25a31vp.
[2026-10-07 23:45:23] (0s) Inferred that Synth::Synth::TMakeTemporarilyEscapableExpr#abd7b139_1#antijoin_rhs/1@b6e5231e is empty, due to cached_Synth::Synth::TMakeTemporarilyEscapableExpr#abd7b139/2@f25a31vp.
[2026-10-07 23:45:23] (0s) Inferred that MakeTemporarilyEscapableExpr::Generated::MakeTemporarilyEscapableExpr.getImmediateSubExpr/0#dispred#29c2e8d2/2@4f6d31vj is empty, due to cached_Synth::Synth::TMakeTemporarilyEscapableExpr#abd7b139/2@f25a31vp.
[2026-10-07 23:45:23] (0s) Inferred that _Element::Generated::Element.resolve/0#6937ae00_Expr::Expr.getResolveStep/0#dispred#318c6ca3_0#antij__#join_rhs#1/2@4754ee9t is empty, due to MakeTemporarilyEscapableExpr::Generated::MakeTemporarilyEscapableExpr.getImmediateSubExpr/0#dispred#29c2e8d2/2@4f6d31vj.
[2026-10-07 23:45:23] (0s)  >>> First-level cache hit cached_Synth::Synth::TExtractFunctionIsolationExpr#f24411e5/2@352fa51r with empty relation.
[2026-10-07 23:45:23] (0s)  >>> First-level cache hit cached_Synth::Synth::TRebindSelfInInitializerExpr#3360a566/2@f266acnd with empty relation.
[2026-10-07 23:45:23] (0s) Inferred that ExtractFunctionIsolationExpr::Generated::ExtractFunctionIsolationExpr.getImmediateFunctionExpr/0#dispred#e5804c2d/2@e29b3ai5 is empty, due to cached_Synth::Synth::TExtractFunctionIsolationExpr#f24411e5/2@352fa51r.
[2026-10-07 23:45:23] (0s) Inferred that ControlFlowGraphImpl::Exprs::ExtractFunctionIsolationTree#e2dffcca/2@5559755u is empty, due to cached_Synth::Synth::TExtractFunctionIsolationExpr#f24411e5/2@352fa51r.
[2026-10-07 23:45:23] (0s) Inferred that ExtractFunctionIsolationExpr::Generated::ExtractFunctionIsolationExpr.getFunctionExpr/0#dispred#bd1de19d/2@253236fp is empty, due to cached_Synth::Synth::TExtractFunctionIsolationExpr#f24411e5/2@352fa51r.
[2026-10-07 23:45:23] (0s) Inferred that RebindSelfInInitializerExpr::Generated::RebindSelfInInitializerExpr.getImmediateSubExpr/0#dispred#245da8a3/2@6849e5g4 is empty, due to cached_Synth::Synth::TRebindSelfInInitializerExpr#3360a566/2@f266acnd.
[2026-10-07 23:45:23] (0s) Inferred that ControlFlowGraphImpl::Exprs::RebindSelfInInitializerTree#70ad429e/2@5d0bffdb is empty, due to cached_Synth::Synth::TRebindSelfInInitializerExpr#3360a566/2@f266acnd.
[2026-10-07 23:45:23] (0s) Inferred that RebindSelfInInitializerExpr::Generated::RebindSelfInInitializerExpr.getSubExpr/0#dispred#5edf26c2/2@95fd8cjn is empty, due to cached_Synth::Synth::TRebindSelfInInitializerExpr#3360a566/2@f266acnd.
[2026-10-07 23:45:23] (0s) Inferred that Synth::Synth::TRebindSelfInInitializerExpr#3360a566_1#antijoin_rhs/1@f3067dtd is empty, due to cached_Synth::Synth::TRebindSelfInInitializerExpr#3360a566/2@f266acnd.
[2026-10-07 23:45:23] (0s)  >>> First-level cache hit cached_Synth::Synth::TForeignObjectConversionExpr#077500b5/2@9d10a3os with empty relation.
[2026-10-07 23:45:23] (0s) Inferred that Synth::Synth::TForeignObjectConversionExpr#077500b5_1#join_rhs/1@2b58aaps is empty, due to cached_Synth::Synth::TForeignObjectConversionExpr#077500b5/2@9d10a3os.
[2026-10-07 23:45:23] (0s)  >>> First-level cache hit cached_Synth::Synth::TCurrentContextIsolationExpr#ebdd1812/2@4233a058 with empty relation.
[2026-10-07 23:45:23] (0s) Inferred that ControlFlowGraphImpl::Exprs::CurrentContextIsolationTree#1f355fdc/2@1f748f57 is empty, due to cached_Synth::Synth::TCurrentContextIsolationExpr#ebdd1812/2@4233a058.
[2026-10-07 23:45:23] (0s) Inferred that CurrentContextIsolationExpr::Generated::CurrentContextIsolationExpr.getActor/0#dispred#3432a030/2@4781ack5 is empty, due to cached_Synth::Synth::TCurrentContextIsolationExpr#ebdd1812/2@4233a058.
[2026-10-07 23:45:23] (0s)  >>> First-level cache hit cached_Synth::Synth::TMagicIdentifierLiteralExpr#95c0fc2d/2@a22e9a39 with empty relation.
[2026-10-07 23:45:23] (0s) Inferred that Synth::Synth::TMagicIdentifierLiteralExpr#95c0fc2d_1#antijoin_rhs/1@9dc907s1 is empty, due to cached_Synth::Synth::TMagicIdentifierLiteralExpr#95c0fc2d/2@a22e9a39.
[2026-10-07 23:45:23] (0s)  >>> First-level cache hit cached_Synth::Synth::TDifferentiableFunctionExpr#c86fe24b/2@c3de03rp with empty relation.
[2026-10-07 23:45:23] (0s) Inferred that Synth::Synth::TDifferentiableFunctionExpr#c86fe24b_1#join_rhs/1@7420c6lm is empty, due to cached_Synth::Synth::TDifferentiableFunctionExpr#c86fe24b/2@c3de03rp.
[2026-10-07 23:45:23] (0s)  >>> First-level cache hit cached_Synth::Synth::TConditionalCheckedCastExpr#f5e920c9/2@1f4fb6nv with empty relation.
[2026-10-07 23:45:23] (0s)  >>> First-level cache hit cached_Synth::Synth::TAppliedPropertyWrapperExpr#8df015f0/2@7a0db0vp with empty relation.
[2026-10-07 23:45:23] (0s) Inferred that Synth::Synth::TConditionalCheckedCastExpr#f5e920c9_1#join_rhs/1@6d27c4u6 is empty, due to cached_Synth::Synth::TConditionalCheckedCastExpr#f5e920c9/2@1f4fb6nv.
[2026-10-07 23:45:23] (0s) Inferred that AppliedPropertyWrapperExpr::Generated::AppliedPropertyWrapperExpr.getImmediateValue/0#dispred#4f3ae5bf/2@0defe6cv is empty, due to cached_Synth::Synth::TAppliedPropertyWrapperExpr#8df015f0/2@7a0db0vp.
[2026-10-07 23:45:23] (0s)  >>> First-level cache hit cached_Synth::Synth::TClassMetatypeToObjectExpr#c160980e/2@b632dfug with empty relation.
[2026-10-07 23:45:23] (0s) Inferred that Synth::Synth::TClassMetatypeToObjectExpr#c160980e_1#join_rhs/1@0e078683 is empty, due to cached_Synth::Synth::TClassMetatypeToObjectExpr#c160980e/2@b632dfug.
[2026-10-07 23:45:23] (0s)  >>> First-level cache hit cached_Synth::Synth::TActorIsolationErasureExpr#dd3bba94/2@9693f67j with empty relation.
[2026-10-07 23:45:23] (0s) Inferred that Synth::Synth::TActorIsolationErasureExpr#dd3bba94_1#join_rhs/1@a3e8faol is empty, due to cached_Synth::Synth::TActorIsolationErasureExpr#dd3bba94/2@9693f67j.
[2026-10-07 23:45:23] (0s)  >>> First-level cache hit cached_Synth::Synth::TUnresolvedSpecializeExpr#79e399e8/2@cc5502jv with empty relation.
[2026-10-07 23:45:23] (0s) Inferred that UnresolvedSpecializeExpr::Generated::UnresolvedSpecializeExpr.getImmediateSubExpr/0#dispred#423272ec/2@2baea24d is empty, due to cached_Synth::Synth::TUnresolvedSpecializeExpr#79e399e8/2@cc5502jv.
[2026-10-07 23:45:23] (0s)  >>> First-level cache hit cached_Synth::Synth::TDotSyntaxBaseIgnoredExpr#c6ec664f/2@675e2696 with empty relation.
[2026-10-07 23:45:23] (0s)  >>> First-level cache hit cached_Synth::Synth::TUnevaluatedInstanceExpr#b05f665d/2@4668dfc1 with empty relation.
[2026-10-07 23:45:23] (0s) Inferred that DotSyntaxBaseIgnoredExpr::Generated::DotSyntaxBaseIgnoredExpr.getImmediateQualifier/0#dispred#0f74fa6d/2@1f77f5n4 is empty, due to cached_Synth::Synth::TDotSyntaxBaseIgnoredExpr#c6ec664f/2@675e2696.
[2026-10-07 23:45:23] (0s) Inferred that DotSyntaxBaseIgnoredExpr::Generated::DotSyntaxBaseIgnoredExpr.getImmediateSubExpr/0#dispred#866a36f1/2@c55bcfrr is empty, due to cached_Synth::Synth::TDotSyntaxBaseIgnoredExpr#c6ec664f/2@675e2696.
[2026-10-07 23:45:23] (0s) Inferred that ControlFlowGraphImpl::Exprs::DotSyntaxBaseIgnoredTree#3053ee79/2@9392aahc is empty, due to cached_Synth::Synth::TDotSyntaxBaseIgnoredExpr#c6ec664f/2@675e2696.
[2026-10-07 23:45:23] (0s) Inferred that _Expr::Expr.getResolveStep/0#dispred#318c6ca3_0#antijoin_rhs_Synth::Synth::TDotSyntaxBaseIgnoredExpr__#shared/2@88f240h4 is empty, due to cached_Synth::Synth::TDotSyntaxBaseIgnoredExpr#c6ec664f/2@675e2696.
[2026-10-07 23:45:23] (0s) Inferred that Synth::Synth::TDotSyntaxBaseIgnoredExpr#c6ec664f_1#antijoin_rhs/1@9b8004os is empty, due to cached_Synth::Synth::TDotSyntaxBaseIgnoredExpr#c6ec664f/2@675e2696.
[2026-10-07 23:45:23] (0s) Inferred that DotSyntaxBaseIgnoredExpr::Generated::DotSyntaxBaseIgnoredExpr.getImmediateQualifier/0#dispred#0f74fa6d/2@559fd82u is empty, due to cached_Synth::Synth::TDotSyntaxBaseIgnoredExpr#c6ec664f/2@675e2696.
[2026-10-07 23:45:23] (0s) Inferred that DotSyntaxBaseIgnoredExpr::Generated::DotSyntaxBaseIgnoredExpr.getImmediateSubExpr/0#dispred#866a36f1/2@2e4ea6bk is empty, due to cached_Synth::Synth::TDotSyntaxBaseIgnoredExpr#c6ec664f/2@675e2696.
[2026-10-07 23:45:23] (0s) Inferred that DotSyntaxBaseIgnoredExpr::Generated::DotSyntaxBaseIgnoredExpr.getImmediateQualifier/0#dispred#0f74fa6d/2@e6b11bvc is empty, due to cached_Synth::Synth::TDotSyntaxBaseIgnoredExpr#c6ec664f/2@675e2696.
[2026-10-07 23:45:23] (0s) Inferred that Synth::Synth::TUnevaluatedInstanceExpr#b05f665d_1#join_rhs/1@fff8120n is empty, due to cached_Synth::Synth::TUnevaluatedInstanceExpr#b05f665d/2@4668dfc1.
[2026-10-07 23:45:23] (0s) Inferred that DotSyntaxBaseIgnoredExpr::Generated::DotSyntaxBaseIgnoredExpr.getImmediateSubExpr/0#dispred#866a36f1/2@1a19f0br is empty, due to cached_Synth::Synth::TDotSyntaxBaseIgnoredExpr#c6ec664f/2@675e2696.
[2026-10-07 23:45:23] (0s) Inferred that DotSyntaxBaseIgnoredExpr::Generated::DotSyntaxBaseIgnoredExpr.getImmediateSubExpr/0#dispred#866a36f1/2@5ba3949j is empty, due to cached_Synth::Synth::TDotSyntaxBaseIgnoredExpr#c6ec664f/2@675e2696.
[2026-10-07 23:45:23] (0s) Inferred that Synth::Synth::TDotSyntaxBaseIgnoredExpr#c6ec664f_10#join_rhs/2@2754caej is empty, due to cached_Synth::Synth::TDotSyntaxBaseIgnoredExpr#c6ec664f/2@675e2696.
[2026-10-07 23:45:23] (0s) Inferred that ApplyExprImpl::Impl::PartialDotSyntaxBaseIgnoredApplyExpr#72bc4626/2@7b9936eb is empty, due to cached_Synth::Synth::TDotSyntaxBaseIgnoredExpr#c6ec664f/2@675e2696.
[2026-10-07 23:45:23] (0s) Inferred that DotSyntaxBaseIgnoredExpr::Generated::DotSyntaxBaseIgnoredExpr.getQualifier/0#dispred#1de3c9ad/2@df1849q2 is empty, due to _Expr::Expr.getResolveStep/0#dispred#318c6ca3_0#antijoin_rhs_Synth::Synth::TDotSyntaxBaseIgnoredExpr__#shared/2@88f240h4.
[2026-10-07 23:45:23] (0s) Inferred that DotSyntaxBaseIgnoredExpr::Generated::DotSyntaxBaseIgnoredExpr.getSubExpr/0#dispred#f07e4ff8/2@d288637l is empty, due to _Expr::Expr.getResolveStep/0#dispred#318c6ca3_0#antijoin_rhs_Synth::Synth::TDotSyntaxBaseIgnoredExpr__#shared/2@88f240h4.
[2026-10-07 23:45:23] (0s) Inferred that ApplyExprImpl::Impl::PartialDotSyntaxBaseIgnoredApplyExpr#72bc4626/2@1f01aep4 is empty, due to Synth::Synth::TDotSyntaxBaseIgnoredExpr#c6ec664f_1#antijoin_rhs/1@9b8004os.
[2026-10-07 23:45:23] (0s) Inferred that ApplyExprImpl::Impl::PartialDotSyntaxBaseIgnoredApplyExpr#72bc4626/2@872d39i1 is empty, due to Synth::Synth::TDotSyntaxBaseIgnoredExpr#c6ec664f_1#join_rhs/1@9b8004os.
[2026-10-07 23:45:23] (0s) Inferred that ApplyExprImpl::Impl::PartialDotSyntaxBaseIgnoredApplyExpr#72bc4626/2@c1eb6cvu is empty, due to Synth::Synth::TDotSyntaxBaseIgnoredExpr#c6ec664f_1#join_rhs/1@9b8004os.
[2026-10-07 23:45:23] (0s) Inferred that DotSyntaxBaseIgnoredExpr::Generated::DotSyntaxBaseIgnoredExpr.getQualifier/0#dispred#1de3c9ad/2@6885206v is empty, due to DotSyntaxBaseIgnoredExpr::Generated::DotSyntaxBaseIgnoredExpr.getImmediateQualifier/0#dispred#0f74fa6d/2@559fd82u.
[2026-10-07 23:45:23] (0s) Inferred that DotSyntaxBaseIgnoredExpr::Generated::DotSyntaxBaseIgnoredExpr.getSubExpr/0#dispred#f07e4ff8/2@1f36be3k is empty, due to DotSyntaxBaseIgnoredExpr::Generated::DotSyntaxBaseIgnoredExpr.getImmediateSubExpr/0#dispred#866a36f1/2@2e4ea6bk.
[2026-10-07 23:45:23] (0s) Inferred that _ApplyExpr::Generated::ApplyExpr.getFunction/0#dispred#12f7b5a0_ApplyExprImpl::Impl::PartialDotSynta__#antijoin_rhs/1@b3225f8c is empty, due to ApplyExprImpl::Impl::PartialDotSyntaxBaseIgnoredApplyExpr#72bc4626/2@7b9936eb.
[2026-10-07 23:45:23] (0s) Inferred that ApplyExprImpl::Impl::PartialDotSyntaxBaseIgnoredApplyExpr#72bc4626_0#antijoin_rhs/1@4e6659l9 is empty, due to ApplyExprImpl::Impl::PartialDotSyntaxBaseIgnoredApplyExpr#72bc4626/2@7b9936eb.
[2026-10-07 23:45:23] (0s) Inferred that ApplyExprImpl::Impl::FullDotSyntaxBaseIgnoredApplyExpr#15ef37f6/2@de870dmo is empty, due to ApplyExprImpl::Impl::PartialDotSyntaxBaseIgnoredApplyExpr#72bc4626/2@1f01aep4.
[2026-10-07 23:45:23] (0s) Inferred that ApplyExprImpl::Impl::PartialDotSyntaxBaseIgnoredApplyExpr#72bc4626_0#antijoin_rhs/1@e0fcfa7i is empty, due to ApplyExprImpl::Impl::PartialDotSyntaxBaseIgnoredApplyExpr#72bc4626/2@1f01aep4.
[2026-10-07 23:45:23] (0s) Inferred that ApplyExprImpl::Impl::FullDotSyntaxBaseIgnoredApplyExpr#15ef37f6/2@9af625fa is empty, due to ApplyExprImpl::Impl::PartialDotSyntaxBaseIgnoredApplyExpr#72bc4626/2@872d39i1.
[2026-10-07 23:45:23] (0s) Inferred that ApplyExprImpl::Impl::PartialDotSyntaxBaseIgnoredApplyExpr#72bc4626_0#antijoin_rhs/1@9bdd794f is empty, due to ApplyExprImpl::Impl::PartialDotSyntaxBaseIgnoredApplyExpr#72bc4626/2@872d39i1.
[2026-10-07 23:45:23] (0s) Inferred that _ApplyExprImpl::Impl::PartialDotSyntaxBaseIgnoredApplyExpr#72bc4626_Expr::Expr.getResolveStep/0#disp__#shared/2@60f5bevl is empty, due to ApplyExprImpl::Impl::PartialDotSyntaxBaseIgnoredApplyExpr#72bc4626/2@872d39i1.
[2026-10-07 23:45:23] (0s) Inferred that ApplyExprImpl::Impl::FullDotSyntaxBaseIgnoredApplyExpr#15ef37f6/2@66167e4t is empty, due to ApplyExprImpl::Impl::PartialDotSyntaxBaseIgnoredApplyExpr#72bc4626/2@c1eb6cvu.
[2026-10-07 23:45:23] (0s) Inferred that _ApplyExprImpl::Impl::PartialDotSyntaxBaseIgnoredApplyExpr#72bc4626_Expr::Expr.getResolveStep/0#disp__#shared/2@de7d458s is empty, due to ApplyExprImpl::Impl::PartialDotSyntaxBaseIgnoredApplyExpr#72bc4626/2@c1eb6cvu.
[2026-10-07 23:45:23] (0s) Inferred that ApplyExprImpl::Impl::PartialDotSyntaxBaseIgnoredApplyExpr#72bc4626_0#antijoin_rhs/1@9a0c20er is empty, due to ApplyExprImpl::Impl::PartialDotSyntaxBaseIgnoredApplyExpr#72bc4626/2@c1eb6cvu.
[2026-10-07 23:45:23] (0s) Inferred that DotSyntaxBaseIgnoredExpr::Generated::DotSyntaxBaseIgnoredExpr.getSubExpr/0#dispred#f07e4ff8_10#join_rhs/2@882e50ms is empty, due to DotSyntaxBaseIgnoredExpr::Generated::DotSyntaxBaseIgnoredExpr.getSubExpr/0#dispred#f07e4ff8/2@1f36be3k.
[2026-10-07 23:45:23] (0s) Inferred that ApplyExprImpl::Impl::FullDotSyntaxBaseIgnoredApplyExpr#15ef37f6_0#antijoin_rhs/1@c9575f4k is empty, due to ApplyExprImpl::Impl::FullDotSyntaxBaseIgnoredApplyExpr#15ef37f6/2@de870dmo.
[2026-10-07 23:45:23] (0s) Inferred that ApplyExprImpl::Impl::FullDotSyntaxBaseIgnoredApplyExpr#15ef37f6_10#join_rhs/2@e86c57sj is empty, due to ApplyExprImpl::Impl::FullDotSyntaxBaseIgnoredApplyExpr#15ef37f6/2@de870dmo.
[2026-10-07 23:45:23] (0s) Inferred that ApplyExprImpl::Impl::FullDotSyntaxBaseIgnoredApplyExpr#15ef37f6_0#antijoin_rhs/1@4de4fdl7 is empty, due to ApplyExprImpl::Impl::FullDotSyntaxBaseIgnoredApplyExpr#15ef37f6/2@9af625fa.
[2026-10-07 23:45:23] (0s) Inferred that ApplyExprImpl::Impl::FullDotSyntaxBaseIgnoredApplyExpr#15ef37f6_10#join_rhs/2@09600drb is empty, due to ApplyExprImpl::Impl::FullDotSyntaxBaseIgnoredApplyExpr#15ef37f6/2@9af625fa.
[2026-10-07 23:45:23] (0s) Inferred that ApplyExprImpl::Impl::FullDotSyntaxBaseIgnoredApplyExpr#15ef37f6_0#antijoin_rhs/1@7db606d1 is empty, due to ApplyExprImpl::Impl::FullDotSyntaxBaseIgnoredApplyExpr#15ef37f6/2@66167e4t.
[2026-10-07 23:45:23] (0s) Inferred that ApplyExprImpl::Impl::FullDotSyntaxBaseIgnoredApplyExpr#15ef37f6_10#join_rhs/2@8c828ah1 is empty, due to ApplyExprImpl::Impl::FullDotSyntaxBaseIgnoredApplyExpr#15ef37f6/2@66167e4t.
[2026-10-07 23:45:23] (0s)  >>> First-level cache hit cached_Synth::Synth::TOtherInitializerRefExpr#c196dce5/2@72e079iu with empty relation.
[2026-10-07 23:45:23] (0s) Inferred that OtherInitializerRefExpr::Generated::OtherInitializerRefExpr.getInitializer/0#dispred#953a4b9a#fb/2@643d7eb8 is empty, due to cached_Synth::Synth::TOtherInitializerRefExpr#c196dce5/2@72e079iu.
[2026-10-07 23:45:23] (0s)  >>> First-level cache hit cached_Synth::Synth::TUnderlyingToOpaqueExpr#067cbe2b/2@f12a895j with empty relation.
[2026-10-07 23:45:23] (0s) Inferred that OtherInitializerRefExpr::Generated::OtherInitializerRefExpr.getInitializer/0#dispred#953a4b9a/2@e6983dbv is empty, due to cached_Synth::Synth::TOtherInitializerRefExpr#c196dce5/2@72e079iu.
[2026-10-07 23:45:23] (0s) Inferred that Synth::Synth::TOtherInitializerRefExpr#c196dce5_1#antijoin_rhs/1@1437440k is empty, due to cached_Synth::Synth::TOtherInitializerRefExpr#c196dce5/2@72e079iu.
[2026-10-07 23:45:23] (0s) Inferred that OtherInitializerRefExpr::Generated::OtherInitializerRefExpr.getInitializer/0#dispred#953a4b9a/2@14df1bb9 is empty, due to cached_Synth::Synth::TOtherInitializerRefExpr#c196dce5/2@72e079iu.
[2026-10-07 23:45:23] (0s) Inferred that OtherInitializerRefExpr::Generated::OtherInitializerRefExpr.getInitializer/0#dispred#953a4b9a/2@b45004en is empty, due to cached_Synth::Synth::TOtherInitializerRefExpr#c196dce5/2@72e079iu.
[2026-10-07 23:45:23] (0s) Inferred that OtherInitializerRefExpr::Generated::OtherInitializerRefExpr.getInitializer/0#dispred#953a4b9a/2@9f1a0cp5 is empty, due to cached_Synth::Synth::TOtherInitializerRefExpr#c196dce5/2@72e079iu.
[2026-10-07 23:45:23] (0s) Inferred that OtherInitializerRefExpr::Generated::OtherInitializerRefExpr.getInitializer/0#dispred#953a4b9a/2@11f2d828 is empty, due to cached_Synth::Synth::TOtherInitializerRefExpr#c196dce5/2@72e079iu.
[2026-10-07 23:45:23] (0s) Inferred that OtherInitializerRefExpr::Generated::OtherInitializerRefExpr.getInitializer/0#dispred#953a4b9a/2@f155745a is empty, due to cached_Synth::Synth::TOtherInitializerRefExpr#c196dce5/2@72e079iu.
[2026-10-07 23:45:23] (0s) Inferred that OtherInitializerRefExpr::Generated::OtherInitializerRefExpr.getInitializer/0#dispred#953a4b9a#fb/2@a51a076h is empty, due to cached_Synth::Synth::TOtherInitializerRefExpr#c196dce5/2@72e079iu.
[2026-10-07 23:45:23] (0s) Inferred that Synth::Synth::TUnderlyingToOpaqueExpr#067cbe2b_1#join_rhs/1@d14c83g2 is empty, due to cached_Synth::Synth::TUnderlyingToOpaqueExpr#067cbe2b/2@f12a895j.
[2026-10-07 23:45:23] (0s)  >>> First-level cache hit cached_Synth::Synth::TOptionalEvaluationExpr#f7ab09c0/2@df17e6o6 with empty relation.
[2026-10-07 23:45:23] (0s) Inferred that OptionalEvaluationExpr::Generated::OptionalEvaluationExpr.getImmediateSubExpr/0#dispred#f731ca9d/2@6e3b4dnb is empty, due to cached_Synth::Synth::TOptionalEvaluationExpr#f7ab09c0/2@df17e6o6.
[2026-10-07 23:45:23] (0s) Inferred that ControlFlowGraphImpl::Exprs::OptionalEvaluationTree#36d78899/2@a04e89o6 is empty, due to cached_Synth::Synth::TOptionalEvaluationExpr#f7ab09c0/2@df17e6o6.
[2026-10-07 23:45:23] (0s) Inferred that OptionalEvaluationExpr::Generated::OptionalEvaluationExpr.getSubExpr/0#dispred#88e39415/2@4a0135k8 is empty, due to cached_Synth::Synth::TOptionalEvaluationExpr#f7ab09c0/2@df17e6o6.
[2026-10-07 23:45:23] (0s) Inferred that OptionalEvaluationExpr::Generated::OptionalEvaluationExpr.getImmediateSubExpr/0#dispred#f731ca9d/2@a77b1175 is empty, due to cached_Synth::Synth::TOptionalEvaluationExpr#f7ab09c0/2@df17e6o6.
[2026-10-07 23:45:23] (0s) Inferred that OptionalEvaluationExpr::Generated::OptionalEvaluationExpr.getSubExpr/0#dispred#88e39415/2@9cba09vv is empty, due to OptionalEvaluationExpr::Generated::OptionalEvaluationExpr.getImmediateSubExpr/0#dispred#f731ca9d/2@a77b1175.
[2026-10-07 23:45:23] (0s)  >>> First-level cache hit cached_Synth::Synth::TLazyInitializationExpr#03f4fc3e/2@33bf7a7g with empty relation.
[2026-10-07 23:45:23] (0s) Inferred that LazyInitializationExpr::Generated::LazyInitializationExpr.getImmediateSubExpr/0#dispred#eef3374c/2@f609c80b is empty, due to cached_Synth::Synth::TLazyInitializationExpr#03f4fc3e/2@33bf7a7g.
[2026-10-07 23:45:23] (0s) Inferred that ControlFlowGraphImpl::Exprs::LazyInitializationTree#4efcb312/2@a2fcac5f is empty, due to cached_Synth::Synth::TLazyInitializationExpr#03f4fc3e/2@33bf7a7g.
[2026-10-07 23:45:23] (0s) Inferred that LazyInitializationExpr::Generated::LazyInitializationExpr.getSubExpr/0#dispred#a630b744/2@e5c076ni is empty, due to cached_Synth::Synth::TLazyInitializationExpr#03f4fc3e/2@33bf7a7g.
[2026-10-07 23:45:23] (0s) Inferred that Synth::Synth::TLazyInitializationExpr#03f4fc3e_1#antijoin_rhs/1@0f776e46 is empty, due to cached_Synth::Synth::TLazyInitializationExpr#03f4fc3e/2@33bf7a7g.
[2026-10-07 23:45:23] (0s) Inferred that LazyInitializationExpr::Generated::LazyInitializationExpr.getImmediateSubExpr/0#dispred#eef3374c/2@af1f6bdh is empty, due to cached_Synth::Synth::TLazyInitializationExpr#03f4fc3e/2@33bf7a7g.
[2026-10-07 23:45:23] (0s) Inferred that _Element::Generated::Element.resolve/0#6937ae00_Expr::Expr.getResolveStep/0#dispred#318c6ca3_0#antij__#join_rhs/2@61bdddht is empty, due to LazyInitializationExpr::Generated::LazyInitializationExpr.getImmediateSubExpr/0#dispred#eef3374c/2@af1f6bdh.
[2026-10-07 23:45:23] (0s)  >>> First-level cache hit cached_Synth::Synth::TKeyPathApplicationExpr#e5b19e99/2@95c73dpk with empty relation.
[2026-10-07 23:45:23] (0s) Inferred that KeyPathApplicationExpr::Generated::KeyPathApplicationExpr.getImmediateBase/0#dispred#38ae9d7c/2@1ac26954 is empty, due to cached_Synth::Synth::TKeyPathApplicationExpr#e5b19e99/2@95c73dpk.
[2026-10-07 23:45:23] (0s)  >>> First-level cache hit cached_Synth::Synth::TMetatypeConversionExpr#69e49b49/2@8b01f3h6 with empty relation.
[2026-10-07 23:45:23] (0s) Inferred that KeyPathApplicationExpr::Generated::KeyPathApplicationExpr.getImmediateKeyPath/0#dispred#88cd6151/2@90551a8o is empty, due to cached_Synth::Synth::TKeyPathApplicationExpr#e5b19e99/2@95c73dpk.
[2026-10-07 23:45:23] (0s) Inferred that ControlFlowGraphImpl::Exprs::KeyPathApplicationTree#efbd159e/2@874608lj is empty, due to cached_Synth::Synth::TKeyPathApplicationExpr#e5b19e99/2@95c73dpk.
[2026-10-07 23:45:23] (0s) Inferred that _Expr::Expr.getResolveStep/0#dispred#318c6ca3_0#antijoin_rhs_Synth::Synth::TKeyPathApplicationExpr#e__#shared/2@7ed751um is empty, due to cached_Synth::Synth::TKeyPathApplicationExpr#e5b19e99/2@95c73dpk.
[2026-10-07 23:45:23] (0s) Inferred that Synth::Synth::TKeyPathApplicationExpr#e5b19e99_1#antijoin_rhs/1@6f5f73fk is empty, due to cached_Synth::Synth::TKeyPathApplicationExpr#e5b19e99/2@95c73dpk.
[2026-10-07 23:45:23] (0s) Inferred that KeyPathApplicationExpr::Generated::KeyPathApplicationExpr.getImmediateBase/0#dispred#38ae9d7c/2@a7a0c6m0 is empty, due to cached_Synth::Synth::TKeyPathApplicationExpr#e5b19e99/2@95c73dpk.
[2026-10-07 23:45:23] (0s) Inferred that KeyPathApplicationExpr::Generated::KeyPathApplicationExpr.getImmediateKeyPath/0#dispred#88cd6151/2@2e15895s is empty, due to cached_Synth::Synth::TKeyPathApplicationExpr#e5b19e99/2@95c73dpk.
[2026-10-07 23:45:23] (0s) Inferred that KeyPathApplicationExpr::Generated::KeyPathApplicationExpr.getBase/0#dispred#7746678a/2@04c2f5d0 is empty, due to _Expr::Expr.getResolveStep/0#dispred#318c6ca3_0#antijoin_rhs_Synth::Synth::TKeyPathApplicationExpr#e__#shared/2@7ed751um.
[2026-10-07 23:45:23] (0s) Inferred that KeyPathApplicationExpr::Generated::KeyPathApplicationExpr.getKeyPath/0#dispred#6938ad13/2@76aa3e2t is empty, due to _Expr::Expr.getResolveStep/0#dispred#318c6ca3_0#antijoin_rhs_Synth::Synth::TKeyPathApplicationExpr#e__#shared/2@7ed751um.
[2026-10-07 23:45:23] (0s) Inferred that CfgNodes::KeyPathApplicationExprCfgNode#dcd4d0ef/2@51b86f00 is empty, due to Synth::Synth::TKeyPathApplicationExpr#e5b19e99_1#join_rhs/1@6f5f73fk.
[2026-10-07 23:45:23] (0s) Inferred that _Expr::Expr.getResolveStep/0#dispred#318c6ca3_0#antijoin_rhs_KeyPathApplicationExpr::Generated::KeyP__#shared/2@9681b6qr is empty, due to KeyPathApplicationExpr::Generated::KeyPathApplicationExpr.getImmediateBase/0#dispred#38ae9d7c/2@a7a0c6m0.
[2026-10-07 23:45:23] (0s) Inferred that KeyPathApplicationExpr::Generated::KeyPathApplicationExpr.getKeyPath/0#dispred#6938ad13/2@3b5e6bh9 is empty, due to KeyPathApplicationExpr::Generated::KeyPathApplicationExpr.getImmediateKeyPath/0#dispred#88cd6151/2@2e15895s.
[2026-10-07 23:45:23] (0s) Inferred that DataFlowDispatch::TKeyPathCall#dom#eece413d/1@795865ta is empty, due to CfgNodes::KeyPathApplicationExprCfgNode#dcd4d0ef/2@51b86f00.
[2026-10-07 23:45:23] (0s) Inferred that CfgNodes::KeyPathApplicationExprCfgNode#dcd4d0ef_10#join_rhs/2@64c9e12l is empty, due to CfgNodes::KeyPathApplicationExprCfgNode#dcd4d0ef/2@51b86f00.
[2026-10-07 23:45:23] (0s) Inferred that DataFlowPrivate::KeyPathOutNode#f49d92ce/4@6d11c3ip is empty, due to CfgNodes::KeyPathApplicationExprCfgNode#dcd4d0ef/2@51b86f00.
[2026-10-07 23:45:23] (0s) Inferred that DataFlowPrivate::KeyPathAssignmentArgumentNode#62229d5e/2@7e157fr7 is empty, due to CfgNodes::KeyPathApplicationExprCfgNode#dcd4d0ef/2@51b86f00.
[2026-10-07 23:45:23] (0s) Inferred that CfgNodes::KeyPathApplicationExprCfgNode.getBase/0#dispred#e6fe1e2c/2@44f70ff7 is empty, due to _Expr::Expr.getResolveStep/0#dispred#318c6ca3_0#antijoin_rhs_KeyPathApplicationExpr::Generated::KeyP__#shared/2@9681b6qr.
[2026-10-07 23:45:23] (0s) Inferred that DataFlowDispatch::TKeyPathCall#27774dab/2@d9436b09 is empty, due to DataFlowDispatch::TKeyPathCall#dom#eece413d/1@795865ta.
[2026-10-07 23:45:23] (0s) Inferred that DataFlowPrivate::KeyPathOutNode#f49d92ce_120#join_rhs/3@03789bet is empty, due to DataFlowPrivate::KeyPathOutNode#f49d92ce/4@6d11c3ip.
[2026-10-07 23:45:23] (0s) Inferred that DataFlowPrivate::KeyPathAssignmentArgumentNode#62229d5e_10#join_rhs/2@4832d008 is empty, due to DataFlowPrivate::KeyPathAssignmentArgumentNode#62229d5e/2@7e157fr7.
[2026-10-07 23:45:23] (0s) Inferred that project#CfgNodes::KeyPathApplicationExprCfgNode.getBase/0#dispred#e6fe1e2c/1@858e42km is empty, due to CfgNodes::KeyPathApplicationExprCfgNode.getBase/0#dispred#e6fe1e2c/2@44f70ff7.
[2026-10-07 23:45:23] (0s) Inferred that cached_DataFlowDispatch::TKeyPathCall#27774dab/2@db4f6f86 is empty, due to DataFlowDispatch::TKeyPathCall#27774dab/2@d9436b09.
[2026-10-07 23:45:23] (0s) Inferred that Synth::Synth::TMetatypeConversionExpr#69e49b49_1#join_rhs/1@9095a6q2 is empty, due to cached_Synth::Synth::TMetatypeConversionExpr#69e49b49/2@8b01f3h6.
[2026-10-07 23:45:23] (0s)  >>> First-level cache hit cached_Synth::Synth::TInjectIntoOptionalExpr#73575229/2@218195l6 with empty relation.
[2026-10-07 23:45:23] (0s) Inferred that Synth::Synth::TInjectIntoOptionalExpr#73575229_1#join_rhs/1@861e92p8 is empty, due to cached_Synth::Synth::TInjectIntoOptionalExpr#73575229/2@218195l6.
[2026-10-07 23:45:23] (0s)  >>> First-level cache hit cached_Synth::Synth::TAnyHashableErasureExpr#0ca15a55/2@2c3e7f0k with empty relation.
[2026-10-07 23:45:23] (0s) Inferred that Synth::Synth::TAnyHashableErasureExpr#0ca15a55_1#join_rhs/1@28c741pe is empty, due to cached_Synth::Synth::TAnyHashableErasureExpr#0ca15a55/2@2c3e7f0k.
[2026-10-07 23:45:23] (0s)  >>> First-level cache hit cached_Synth::Synth::TUnresolvedPatternExpr#a7c8b151/2@fbb7e2qa with empty relation.
[2026-10-07 23:45:23] (0s)  >>> First-level cache hit cached_Synth::Synth::TUnresolvedDeclRefExpr#9eff000e/2@ee9af8hf with empty relation.
[2026-10-07 23:45:23] (0s) Inferred that Synth::Synth::TUnresolvedDeclRefExpr#9eff000e_1#antijoin_rhs/1@201ee5s6 is empty, due to cached_Synth::Synth::TUnresolvedDeclRefExpr#9eff000e/2@ee9af8hf.
[2026-10-07 23:45:23] (0s) Inferred that UnresolvedDeclRefExpr::Generated::UnresolvedDeclRefExpr.getName/0#dispred#f5acde9c/2@7270d76l is empty, due to cached_Synth::Synth::TUnresolvedDeclRefExpr#9eff000e/2@ee9af8hf.
[2026-10-07 23:45:23] (0s) Inferred that UnresolvedDeclRefExpr::Generated::UnresolvedDeclRefExpr.getName/0#dispred#f5acde9c_0#antijoin_rhs/1@c7ea40vl is empty, due to UnresolvedDeclRefExpr::Generated::UnresolvedDeclRefExpr.getName/0#dispred#f5acde9c/2@7270d76l.
[2026-10-07 23:45:23] (0s)  >>> First-level cache hit cached_Synth::Synth::TOverloadedDeclRefExpr#72e16e49/2@018471es with empty relation.
[2026-10-07 23:45:23] (0s)  >>> Full cache hit cached_Synth::Synth::TFunctionConversionExpr#e4bc0d30/2@22c5edlb with 6 rows and digest fc2aedej0kgu0doern30plg2jt1.
[2026-10-07 23:45:23] (0s)  >>> First-level cache hit cached_Synth::Synth::TForcedCheckedCastExpr#7723bc31/2@c087f8un with empty relation.
[2026-10-07 23:45:23] (0s) Inferred that Synth::Synth::TForcedCheckedCastExpr#7723bc31_1#join_rhs/1@92c8b4j0 is empty, due to cached_Synth::Synth::TForcedCheckedCastExpr#7723bc31/2@c087f8un.
[2026-10-07 23:45:23] (0s)  >>> First-level cache hit cached_Synth::Synth::TAbiSafeConversionExpr#9c7313bf/2@5f7e2dlu with empty relation.
[2026-10-07 23:45:23] (0s)  >>> Full cache hit cached_Synth::Synth::TDiscardAssignmentExpr#e64fd2dc/2@0128328i with 1 rows and digest eea879c5e4otgc72bn6861nf1m1.
[2026-10-07 23:45:23] (0s) Inferred that Synth::Synth::TAbiSafeConversionExpr#9c7313bf_1#join_rhs/1@53adfbl3 is empty, due to cached_Synth::Synth::TAbiSafeConversionExpr#9c7313bf/2@5f7e2dlu.
[2026-10-07 23:45:23] (0s)  >>> First-level cache hit cached_Synth::Synth::TUnresolvedMemberExpr#398da227/2@89c3430s with empty relation.
[2026-10-07 23:45:23] (0s)  >>> First-level cache hit cached_Synth::Synth::TPointerToPointerExpr#e35729e3/2@b3d055hf with empty relation.
[2026-10-07 23:45:23] (0s)  >>> First-level cache hit cached_Synth::Synth::TDynamicSubscriptExpr#2a005669/2@53cfd8re with empty relation.
[2026-10-07 23:45:23] (0s) Inferred that Synth::Synth::TPointerToPointerExpr#e35729e3_1#join_rhs/1@e9574dlb is empty, due to cached_Synth::Synth::TPointerToPointerExpr#e35729e3/2@b3d055hf.
[2026-10-07 23:45:23] (0s) Inferred that Synth::Synth::TDynamicSubscriptExpr#2a005669_1#join_rhs/1@77b764ci is empty, due to cached_Synth::Synth::TDynamicSubscriptExpr#2a005669/2@53cfd8re.
[2026-10-07 23:45:23] (0s)  >>> First-level cache hit cached_Synth::Synth::TDynamicMemberRefExpr#6da7b8cc/2@fea8698m with empty relation.
[2026-10-07 23:45:23] (0s) Inferred that Synth::Synth::TDynamicMemberRefExpr#6da7b8cc_1#join_rhs/1@85ede8dk is empty, due to cached_Synth::Synth::TDynamicMemberRefExpr#6da7b8cc/2@fea8698m.
[2026-10-07 23:45:23] (0s)  >>> First-level cache hit cached_Synth::Synth::TDestructureTupleExpr#860e5a59/2@ad1baaae with empty relation.
[2026-10-07 23:45:23] (0s) Inferred that Synth::Synth::TDestructureTupleExpr#860e5a59_1#join_rhs/1@89bb22e1 is empty, due to cached_Synth::Synth::TDestructureTupleExpr#860e5a59/2@ad1baaae.
[2026-10-07 23:45:23] (0s)  >>> First-level cache hit cached_Synth::Synth::TArchetypeToSuperExpr#a2acdb61/2@909d69po with empty relation.
[2026-10-07 23:45:23] (0s) Inferred that Synth::Synth::TArchetypeToSuperExpr#a2acdb61_1#join_rhs/1@ae66d49f is empty, due to cached_Synth::Synth::TArchetypeToSuperExpr#a2acdb61/2@909d69po.
[2026-10-07 23:45:23] (0s)  >>> First-level cache hit cached_Synth::Synth::TStringToPointerExpr#aa0ce277/2@805f4a9p with empty relation.
[2026-10-07 23:45:23] (0s)  >>> Full cache hit cached_Synth::Synth::TVarargExpansionExpr#368405ed/2@22e4d77o with 1 rows and digest d3e31cpsf4pskra0ja5sukqdlj3.
[2026-10-07 23:45:23] (0s) Inferred that Synth::Synth::TStringToPointerExpr#aa0ce277_1#join_rhs/1@0f03b21e is empty, due to cached_Synth::Synth::TStringToPointerExpr#aa0ce277/2@805f4a9p.
[2026-10-07 23:45:23] (0s)  >>> First-level cache hit cached_Synth::Synth::TSingleValueStmtExpr#ee9fcec0/2@c0956aid with empty relation.
[2026-10-07 23:45:23] (0s) Inferred that SingleValueStmtExpr::Generated::SingleValueStmtExpr.getStmt/0#dispred#3fc1ccef/2@7eed000g is empty, due to cached_Synth::Synth::TSingleValueStmtExpr#ee9fcec0/2@c0956aid.
[2026-10-07 23:45:23] (0s) Inferred that ControlFlowGraphImpl::Exprs::SingleValueStmtExprTree#55a24ede/2@8a7a58qk is empty, due to cached_Synth::Synth::TSingleValueStmtExpr#ee9fcec0/2@c0956aid.
[2026-10-07 23:45:23] (0s) Inferred that Synth::Synth::TSingleValueStmtExpr#ee9fcec0_10#join_rhs/2@1c1c82k6 is empty, due to cached_Synth::Synth::TSingleValueStmtExpr#ee9fcec0/2@c0956aid.
[2026-10-07 23:45:23] (0s)  >>> First-level cache hit cached_Synth::Synth::TOpenExistentialExpr#69c081f6/2@4d6d8dra with empty relation.
[2026-10-07 23:45:23] (0s) Inferred that OpenExistentialExpr::Generated::OpenExistentialExpr.getImmediateExistential/0#dispred#85ee8816/2@da95fdpm is empty, due to cached_Synth::Synth::TOpenExistentialExpr#69c081f6/2@4d6d8dra.
[2026-10-07 23:45:23] (0s) Inferred that OpenExistentialExpr::Generated::OpenExistentialExpr.getImmediateSubExpr/0#dispred#c7275d80/2@7b24bcav is empty, due to cached_Synth::Synth::TOpenExistentialExpr#69c081f6/2@4d6d8dra.
[2026-10-07 23:45:23] (0s) Inferred that ControlFlowGraphImpl::Exprs::OpenExistentialTree#aab2d9fd/2@9b723cct is empty, due to cached_Synth::Synth::TOpenExistentialExpr#69c081f6/2@4d6d8dra.
[2026-10-07 23:45:23] (0s) Inferred that _Expr::Expr.getResolveStep/0#dispred#318c6ca3_0#antijoin_rhs_Synth::Synth::TOpenExistentialExpr#69c0__#shared/2@8354781d is empty, due to cached_Synth::Synth::TOpenExistentialExpr#69c081f6/2@4d6d8dra.
[2026-10-07 23:45:23] (0s) Inferred that OpenExistentialExpr::Generated::OpenExistentialExpr.getImmediateSubExpr/0#dispred#c7275d80/2@052694r3 is empty, due to cached_Synth::Synth::TOpenExistentialExpr#69c081f6/2@4d6d8dra.
[2026-10-07 23:45:23] (0s) Inferred that OpenExistentialExpr::Generated::OpenExistentialExpr.getExistential/0#dispred#b46fd36a/2@d2306443 is empty, due to _Expr::Expr.getResolveStep/0#dispred#318c6ca3_0#antijoin_rhs_Synth::Synth::TOpenExistentialExpr#69c0__#shared/2@8354781d.
[2026-10-07 23:45:23] (0s) Inferred that OpenExistentialExpr::Generated::OpenExistentialExpr.getSubExpr/0#dispred#49552a5f/2@5b1b720p is empty, due to _Expr::Expr.getResolveStep/0#dispred#318c6ca3_0#antijoin_rhs_Synth::Synth::TOpenExistentialExpr#69c0__#shared/2@8354781d.
[2026-10-07 23:45:23] (0s) Inferred that OpenExistentialExpr::Generated::OpenExistentialExpr.getSubExpr/0#dispred#49552a5f/2@aa1b16kt is empty, due to OpenExistentialExpr::Generated::OpenExistentialExpr.getImmediateSubExpr/0#dispred#c7275d80/2@052694r3.
[2026-10-07 23:45:23] (0s)  >>> First-level cache hit cached_Synth::Synth::TMaterializePackExpr#95302548/2@ce52d057 with empty relation.
[2026-10-07 23:45:23] (0s) Inferred that MaterializePackExpr::Generated::MaterializePackExpr.getImmediateSubExpr/0#dispred#af2bc32b/2@9381667i is empty, due to cached_Synth::Synth::TMaterializePackExpr#95302548/2@ce52d057.
[2026-10-07 23:45:23] (0s) Inferred that ControlFlowGraphImpl::Exprs::MaterializePackExprTree#ce302072/2@05c291al is empty, due to cached_Synth::Synth::TMaterializePackExpr#95302548/2@ce52d057.
[2026-10-07 23:45:23] (0s) Inferred that MaterializePackExpr::Generated::MaterializePackExpr.getSubExpr/0#dispred#1a2fe936/2@ab39e8ub is empty, due to cached_Synth::Synth::TMaterializePackExpr#95302548/2@ce52d057.
[2026-10-07 23:45:23] (0s)  >>> First-level cache hit cached_Synth::Synth::TLinearFunctionExpr#fe6da37b/2@7f7ed756 with empty relation.
[2026-10-07 23:45:23] (0s) Inferred that Synth::Synth::TLinearFunctionExpr#fe6da37b_1#join_rhs/1@917effpl is empty, due to cached_Synth::Synth::TLinearFunctionExpr#fe6da37b/2@7f7ed756.
[2026-10-07 23:45:23] (0s)  >>> Full cache hit cached_Synth::Synth::TDefaultArgumentExpr#f8106b5f/2@9c15e378 with 2 rows and digest 5d0d5e9qo8e2c8895tft0g5hr63.
[2026-10-07 23:45:23] (0s)  >>> First-level cache hit cached_Synth::Synth::TInOutToPointerExpr#5326128c/2@c688f9o0 with empty relation.
[2026-10-07 23:45:23] (0s) Inferred that Synth::Synth::TInOutToPointerExpr#5326128c_1#join_rhs/1@f59e43bf is empty, due to cached_Synth::Synth::TInOutToPointerExpr#5326128c/2@c688f9o0.
[2026-10-07 23:45:23] (0s)  >>> First-level cache hit cached_Synth::Synth::TBridgeFromObjCExpr#867030ca/2@d3c5427b with empty relation.
[2026-10-07 23:45:23] (0s) Inferred that Synth::Synth::TBridgeFromObjCExpr#867030ca_1#join_rhs/1@954e0drf is empty, due to cached_Synth::Synth::TBridgeFromObjCExpr#867030ca/2@d3c5427b.
[2026-10-07 23:45:23] (0s)  >>> Full cache hit cached_Synth::Synth::TIntegerLiteralExpr#9ed0a0f2/2@c26a55dk with 105 rows and digest 2a02d27h7mg3lnten6b34o70vs8.
[2026-10-07 23:45:23] (0s)  >>> First-level cache hit cached_Synth::Synth::TBooleanLiteralExpr#99b3fb7f/2@de856829 with empty relation.
[2026-10-07 23:45:23] (0s)  >>> First-level cache hit cached_Synth::Synth::TArrayToPointerExpr#b95316dd/2@eec4660b with empty relation.
[2026-10-07 23:45:23] (0s) Inferred that BooleanLiteralExpr::Generated::BooleanLiteralExpr.getValue/0#dispred#0100d0c1/2@269bfcr6 is empty, due to cached_Synth::Synth::TBooleanLiteralExpr#99b3fb7f/2@de856829.
[2026-10-07 23:45:23] (0s) Inferred that Synth::Synth::TBooleanLiteralExpr#99b3fb7f_1#antijoin_rhs/1@3c69c09t is empty, due to cached_Synth::Synth::TBooleanLiteralExpr#99b3fb7f/2@de856829.
[2026-10-07 23:45:23] (0s) Inferred that Completion::isBooleanConstant/2#806af55f/2@8c4e4w1m is empty, due to BooleanLiteralExpr::Generated::BooleanLiteralExpr.getValue/0#dispred#0100d0c1/2@269bfcr6.
[2026-10-07 23:45:23] (0s) Inferred that Completion::isBooleanConstant/2#806af55f_0#antijoin_rhs/1@6d18d7tn is empty, due to Completion::isBooleanConstant/2#806af55f/2@8c4e4w1m.
[2026-10-07 23:45:23] (0s) Inferred that Synth::Synth::TArrayToPointerExpr#b95316dd_1#join_rhs/1@d7d94ao4 is empty, due to cached_Synth::Synth::TArrayToPointerExpr#b95316dd/2@eec4660b.
[2026-10-07 23:45:23] (0s)  >>> First-level cache hit cached_Synth::Synth::TUnresolvedDotExpr#fdff6bbb/2@20f1ebuq with empty relation.
[2026-10-07 23:45:23] (0s) Inferred that UnresolvedDotExpr::Generated::UnresolvedDotExpr.getImmediateBase/0#dispred#912b5e08/2@a7c7a5bq is empty, due to cached_Synth::Synth::TUnresolvedDotExpr#fdff6bbb/2@20f1ebuq.
[2026-10-07 23:45:23] (0s) Inferred that Synth::Synth::TUnresolvedDotExpr#fdff6bbb_1#antijoin_rhs/1@61c384g5 is empty, due to cached_Synth::Synth::TUnresolvedDotExpr#fdff6bbb/2@20f1ebuq.
[2026-10-07 23:45:23] (0s)  >>> First-level cache hit cached_Synth::Synth::TStringLiteralExpr#2798413b/2@9ac4d4ii with empty relation.
[2026-10-07 23:45:23] (0s) Inferred that PoundDiagnosticDecl::Generated::PoundDiagnosticDecl.getImmediateMessage/0#dispred#7b350af1/2@139445sk is empty, due to cached_Synth::Synth::TStringLiteralExpr#2798413b/2@9ac4d4ii.
[2026-10-07 23:45:23] (0s) Inferred that Synth::Synth::TStringLiteralExpr#2798413b_1#antijoin_rhs/1@dd8a38bi is empty, due to cached_Synth::Synth::TStringLiteralExpr#2798413b/2@9ac4d4ii.
[2026-10-07 23:45:23] (0s) Inferred that StringLiteralExpr::Generated::StringLiteralExpr.getValue/0#dispred#8054c029/2@eb8d44fc is empty, due to cached_Synth::Synth::TStringLiteralExpr#2798413b/2@9ac4d4ii.
[2026-10-07 23:45:23] (0s) Inferred that Synth::Synth::TStringLiteralExpr#2798413b_10#join_rhs/2@7371a3km is empty, due to cached_Synth::Synth::TStringLiteralExpr#2798413b/2@9ac4d4ii.
[2026-10-07 23:45:23] (0s) Inferred that DataFlowPrivate::userDefaultsLiteralKey/3#a599d1c2/3@17e2633h is empty, due to StringLiteralExpr::Generated::StringLiteralExpr.getValue/0#dispred#8054c029/2@eb8d44fc.
[2026-10-07 23:45:23] (0s) Inferred that DataFlowPrivate::userDefaultsInitializerSuite/2#3e915a9a/2@884a21k9 is empty, due to StringLiteralExpr::Generated::StringLiteralExpr.getValue/0#dispred#8054c029/2@eb8d44fc.
[2026-10-07 23:45:23] (0s) Inferred that DataFlowPrivate::userDefaultsLiteralKey/3#a599d1c2/3@c0b8c69h is empty, due to Synth::Synth::TStringLiteralExpr#2798413b_10#join_rhs/2@7371a3km.
[2026-10-07 23:45:23] (0s)  >>> First-level cache hit cached_Synth::Synth::TPackExpansionExpr#75eece85/2@923cfd19 with empty relation.
[2026-10-07 23:45:23] (0s) Inferred that DataFlowPrivate::TUserDefaultsContent#dom#0c511f8a/1@8c9420g1 is empty, due to DataFlowPrivate::userDefaultsLiteralKey/3#a599d1c2/3@17e2633h.
[2026-10-07 23:45:23] (0s) Inferred that DataFlowPrivate::suiteOperation/2#8d14cebc/2@38e1b2rh is empty, due to DataFlowPrivate::userDefaultsLiteralKey/3#a599d1c2/3@17e2633h.
[2026-10-07 23:45:23] (0s) Inferred that DataFlowPrivate::userDefaultsLiteralKey/3#a599d1c2_021#join_rhs/3@e0360dcn is empty, due to DataFlowPrivate::userDefaultsLiteralKey/3#a599d1c2/3@17e2633h.
[2026-10-07 23:45:23] (0s) Inferred that DataFlowPrivate::userDefaultsSuite/2#eb6a3c81/2@7423b0vg is empty, due to DataFlowPrivate::userDefaultsInitializerSuite/2#3e915a9a/2@884a21k9.
[2026-10-07 23:45:23] (0s) Inferred that DataFlowPrivate::userDefaultsLiteralKey/3#a599d1c2_021#join_rhs/3@88af0c2h is empty, due to DataFlowPrivate::userDefaultsLiteralKey/3#a599d1c2/3@c0b8c69h.
[2026-10-07 23:45:23] (0s) Inferred that DataFlowPrivate::TUserDefaultsContent#e49369ce/2@503e98n8 is empty, due to DataFlowPrivate::TUserDefaultsContent#dom#0c511f8a/1@8c9420g1.
[2026-10-07 23:45:23] (0s) Inferred that DataFlowPrivate::TUserDefaultsState#dom#93731945/3@ae69c3fd is empty, due to DataFlowPrivate::suiteOperation/2#8d14cebc/2@38e1b2rh.
[2026-10-07 23:45:23] (0s) Inferred that _CfgNodes::ApplyExprCfgNode.getQualifier/0#dispred#7b5c5165_CfgNodes::ExprCfgNode#e4dc5a6d_10#join_r__#antijoin_rhs/3@b60508i4 is empty, due to DataFlowPrivate::userDefaultsSuite/2#eb6a3c81/2@7423b0vg.
[2026-10-07 23:45:23] (0s) Inferred that _CfgNodes::ExprCfgNode#e4dc5a6d_10#join_rhs_DataFlowPrivate::userDefaultsSuite/2#eb6a3c81__CfgNodes:__#shared/3@55859dto is empty, due to DataFlowPrivate::userDefaultsSuite/2#eb6a3c81/2@7423b0vg.
[2026-10-07 23:45:23] (0s) Inferred that DataFlowPrivate::TUserDefaultsContent#e49369ce_1#join_rhs/1@3813b5u3 is empty, due to DataFlowPrivate::TUserDefaultsContent#e49369ce/2@503e98n8.
[2026-10-07 23:45:23] (0s) Inferred that cached_DataFlowPrivate::TUserDefaultsContent#e49369ce/2@a243100t is empty, due to DataFlowPrivate::TUserDefaultsContent#e49369ce/2@503e98n8.
[2026-10-07 23:45:23] (0s) Inferred that DataFlowPrivate::TUserDefaultsState#61e16b0f/4@47847bba is empty, due to DataFlowPrivate::TUserDefaultsState#dom#93731945/3@ae69c3fd.
[2026-10-07 23:45:23] (0s) Inferred that _CfgNodes::ApplyExprCfgNode.getQualifier/0#dispred#7b5c5165_DataFlowPrivate::referenceIncomplete/1#8__#antijoin_rhs/3@83ffbdhh is empty, due to _CfgNodes::ExprCfgNode#e4dc5a6d_10#join_rhs_DataFlowPrivate::userDefaultsSuite/2#eb6a3c81__CfgNodes:__#shared/3@55859dto.
[2026-10-07 23:45:23] (0s) Inferred that DataFlowPrivate::userDefaultsMustSuite/2#1909b33c/2@c46c8cvn is empty, due to _CfgNodes::ExprCfgNode#e4dc5a6d_10#join_rhs_DataFlowPrivate::userDefaultsSuite/2#eb6a3c81__CfgNodes:__#shared/3@55859dto.
[2026-10-07 23:45:23] (0s) Inferred that DataFlowPrivate::TUserDefaultsState#61e16b0f_1#join_rhs/1@1407b3cq is empty, due to DataFlowPrivate::TUserDefaultsState#61e16b0f/4@47847bba.
[2026-10-07 23:45:23] (0s) Inferred that DataFlowPrivate::TUserDefaultsState#61e16b0f_13#join_rhs/2@ad7ae2pi is empty, due to DataFlowPrivate::TUserDefaultsState#61e16b0f/4@47847bba.
[2026-10-07 23:45:23] (0s) Inferred that _DataFlowPrivate::TUserDefaultsState#61e16b0f#antijoin_rhs/1@30c401tl is empty, due to DataFlowPrivate::TUserDefaultsState#61e16b0f/4@47847bba.
[2026-10-07 23:45:23] (0s) Inferred that DataFlowPrivate::TUserDefaultsState#61e16b0f_302#join_rhs/3@57617dmf is empty, due to DataFlowPrivate::TUserDefaultsState#61e16b0f/4@47847bba.
[2026-10-07 23:45:23] (0s) Inferred that DataFlowPrivate::TUserDefaultsState#61e16b0f_03#join_rhs/2@62f88deu is empty, due to DataFlowPrivate::TUserDefaultsState#61e16b0f/4@47847bba.
[2026-10-07 23:45:23] (0s) Inferred that DataFlowPrivate::TUserDefaultsState#61e16b0f_3012#join_rhs/4@1335e8bn is empty, due to DataFlowPrivate::TUserDefaultsState#61e16b0f/4@47847bba.
[2026-10-07 23:45:23] (0s) Inferred that DataFlowPrivate::TUserDefaultsState#61e16b0f_30#join_rhs/2@e4e7b3o7 is empty, due to DataFlowPrivate::TUserDefaultsState#61e16b0f/4@47847bba.
[2026-10-07 23:45:23] (0s) Inferred that DataFlowPrivate::TUserDefaultsState#61e16b0f_2013#join_rhs/4@2de994ce is empty, due to DataFlowPrivate::TUserDefaultsState#61e16b0f/4@47847bba.
[2026-10-07 23:45:23] (0s) Inferred that DataFlowPrivate::TUserDefaultsState#61e16b0f_301#join_rhs/3@89ea807m is empty, due to DataFlowPrivate::TUserDefaultsState#61e16b0f/4@47847bba.
[2026-10-07 23:45:23] (0s) Inferred that cached_DataFlowPrivate::TUserDefaultsState#61e16b0f/4@c52259js is empty, due to DataFlowPrivate::TUserDefaultsState#61e16b0f/4@47847bba.
[2026-10-07 23:45:23] (0s) Inferred that DataFlowPrivate::userDefaultsMustSuite/2#1909b33c_10#join_rhs/2@302969d0 is empty, due to DataFlowPrivate::userDefaultsMustSuite/2#1909b33c/2@c46c8cvn.
[2026-10-07 23:45:23] (0s) Inferred that DataFlowPrivate::nextSuiteOperation/3#ef545c68#ffb/3@f0331whe is empty, due to DataFlowPrivate::TUserDefaultsState#61e16b0f_1#join_rhs/1@1407b3cq.
[2026-10-07 23:45:23] (0s) Inferred that DataFlowPrivate::suiteStateStep/2#73c45491/2@b95568jl is empty, due to DataFlowPrivate::TUserDefaultsState#61e16b0f_13#join_rhs/2@ad7ae2pi.
[2026-10-07 23:45:23] (0s) Inferred that _DataFlowPrivate::TUserDefaultsState#61e16b0f_2013#join_rhs_const_true#shared/4@290dc07i is empty, due to DataFlowPrivate::TUserDefaultsState#61e16b0f_2013#join_rhs/4@2de994ce.
[2026-10-07 23:45:23] (0s) Inferred that DataFlowPrivate::TUserDefaultsState#61e16b0f_23#join_rhs/2@d393a66o is empty, due to cached_DataFlowPrivate::TUserDefaultsState#61e16b0f/4@c52259js.
[2026-10-07 23:45:23] (0s) Inferred that DataFlowPrivate::TUserDefaultsState#61e16b0f_31#join_rhs/2@b1fd349h is empty, due to cached_DataFlowPrivate::TUserDefaultsState#61e16b0f/4@c52259js.
[2026-10-07 23:45:23] (0s) Inferred that DataFlowPrivate::TUserDefaultsState#61e16b0f_30#join_rhs/2@704c5dgh is empty, due to cached_DataFlowPrivate::TUserDefaultsState#61e16b0f/4@c52259js.
[2026-10-07 23:45:23] (0s) Inferred that DataFlowPrivate::TUserDefaultsState#61e16b0f_13#join_rhs/2@20f72elc is empty, due to cached_DataFlowPrivate::TUserDefaultsState#61e16b0f/4@c52259js.
[2026-10-07 23:45:23] (0s) Inferred that DataFlowPrivate::TUserDefaultsState#61e16b0f_03#join_rhs/2@50322375 is empty, due to cached_DataFlowPrivate::TUserDefaultsState#61e16b0f/4@c52259js.
[2026-10-07 23:45:23] (0s) Inferred that _DataFlowPrivate::TUserDefaultsState#61e16b0f#antijoin_rhs/1@893c6cik is empty, due to cached_DataFlowPrivate::TUserDefaultsState#61e16b0f/4@c52259js.
[2026-10-07 23:45:23] (0s) Inferred that PackExpansionExpr::Generated::PackExpansionExpr.getImmediatePatternExpr/0#dispred#002f8cb0/2@0acd4cak is empty, due to cached_Synth::Synth::TPackExpansionExpr#75eece85/2@923cfd19.
[2026-10-07 23:45:23] (0s) Inferred that ControlFlowGraphImpl::Exprs::PackExpansionExprTree#62e87809/2@a7c5360d is empty, due to cached_Synth::Synth::TPackExpansionExpr#75eece85/2@923cfd19.
[2026-10-07 23:45:23] (0s) Inferred that PackExpansionExpr::Generated::PackExpansionExpr.getPatternExpr/0#dispred#7348f030/2@8f3bc2e6 is empty, due to cached_Synth::Synth::TPackExpansionExpr#75eece85/2@923cfd19.
[2026-10-07 23:45:23] (0s)  >>> First-level cache hit cached_Synth::Synth::TDerivedToBaseExpr#6070e7e4/2@7ac69cve with empty relation.
[2026-10-07 23:45:23] (0s) Inferred that Synth::Synth::TDerivedToBaseExpr#6070e7e4_1#join_rhs/1@027b63e0 is empty, due to cached_Synth::Synth::TDerivedToBaseExpr#6070e7e4/2@7ac69cve.
[2026-10-07 23:45:23] (0s)  >>> First-level cache hit cached_Synth::Synth::TTupleElementExpr#a3b34463/2@5480d92j with empty relation.
[2026-10-07 23:45:23] (0s)  >>> First-level cache hit cached_Synth::Synth::TObjectLiteralExpr#8e8a0dd9/2@64dd82pm with empty relation.
[2026-10-07 23:45:23] (0s) Inferred that TupleElementExpr::Generated::TupleElementExpr.getImmediateSubExpr/0#dispred#3a4437e0/2@afc98apo is empty, due to cached_Synth::Synth::TTupleElementExpr#a3b34463/2@5480d92j.
[2026-10-07 23:45:23] (0s) Inferred that ControlFlowGraphImpl::Exprs::TupleElementTree#26241f4c/2@1118f3n3 is empty, due to cached_Synth::Synth::TTupleElementExpr#a3b34463/2@5480d92j.
[2026-10-07 23:45:23] (0s) Inferred that TupleElementExpr::Generated::TupleElementExpr.getSubExpr/0#dispred#ebc956b0/2@2105ablj is empty, due to cached_Synth::Synth::TTupleElementExpr#a3b34463/2@5480d92j.
[2026-10-07 23:45:23] (0s) Inferred that Synth::Synth::TTupleElementExpr#a3b34463_1#antijoin_rhs/1@be2cd9fc is empty, due to cached_Synth::Synth::TTupleElementExpr#a3b34463/2@5480d92j.
[2026-10-07 23:45:23] (0s) Inferred that TupleElementExpr::Generated::TupleElementExpr.getIndex/0#dispred#626d3b84/2@f2f3c46u is empty, due to cached_Synth::Synth::TTupleElementExpr#a3b34463/2@5480d92j.
[2026-10-07 23:45:23] (0s) Inferred that TupleElementExpr::Generated::TupleElementExpr.getImmediateSubExpr/0#dispred#3a4437e0/2@01234271 is empty, due to cached_Synth::Synth::TTupleElementExpr#a3b34463/2@5480d92j.
[2026-10-07 23:45:23] (0s) Inferred that TupleElementExpr::Generated::TupleElementExpr.getSubExpr/0#dispred#ebc956b0/2@c31f82m0 is empty, due to cached_Synth::Synth::TTupleElementExpr#a3b34463/2@5480d92j.
[2026-10-07 23:45:23] (0s) Inferred that TupleElementExpr::Generated::TupleElementExpr.getIndex/0#dispred#626d3b84_10#join_rhs/2@632cc0l5 is empty, due to TupleElementExpr::Generated::TupleElementExpr.getIndex/0#dispred#626d3b84/2@f2f3c46u.
[2026-10-07 23:45:23] (0s) Inferred that TupleElementExpr::Generated::TupleElementExpr.getSubExpr/0#dispred#ebc956b0/2@9cd8bc49 is empty, due to TupleElementExpr::Generated::TupleElementExpr.getImmediateSubExpr/0#dispred#3a4437e0/2@01234271.
[2026-10-07 23:45:23] (0s) Inferred that _TupleElementExpr::Generated::TupleElementExpr.getIndex/0#dispred#626d3b84_10#join_rhs_TupleElementE__#shared/3@6742490j is empty, due to TupleElementExpr::Generated::TupleElementExpr.getIndex/0#dispred#626d3b84_10#join_rhs/2@632cc0l5.
[2026-10-07 23:45:23] (0s) Inferred that ObjectLiteralExpr::Generated::ObjectLiteralExpr.getArgument/1#dispred#11e79e1f/3@473828q4 is empty, due to cached_Synth::Synth::TObjectLiteralExpr#8e8a0dd9/2@64dd82pm.
[2026-10-07 23:45:23] (0s) Inferred that ObjectLiteralExpr::Generated::ObjectLiteralExpr.getNumberOfArguments/0#dispred#26ccdd9b/2@27c0f27p is empty, due to cached_Synth::Synth::TObjectLiteralExpr#8e8a0dd9/2@64dd82pm.
[2026-10-07 23:45:23] (0s) Inferred that ObjectLiteralExpr::Generated::ObjectLiteralExpr.getKind/0#dispred#15a98561/2@b16827vd is empty, due to cached_Synth::Synth::TObjectLiteralExpr#8e8a0dd9/2@64dd82pm.
[2026-10-07 23:45:23] (0s) Inferred that ObjectLiteralExpr::Generated::ObjectLiteralExpr.getArgument/1#dispred#11e79e1f_01#count_range/2@e7c74ce9 is empty, due to ObjectLiteralExpr::Generated::ObjectLiteralExpr.getArgument/1#dispred#11e79e1f/3@473828q4.
[2026-10-07 23:45:23] (0s) Inferred that ObjectLiteralExpr::Generated::ObjectLiteralExpr.getArgument/1#dispred#11e79e1f_0#antijoin_rhs/1@4e8c9drp is empty, due to ObjectLiteralExpr::Generated::ObjectLiteralExpr.getArgument/1#dispred#11e79e1f/3@473828q4.
[2026-10-07 23:45:23] (0s) Inferred that ObjectLiteralExpr::Generated::ObjectLiteralExpr.getKind/0#dispred#15a98561_10#join_rhs/2@ad7e225l is empty, due to ObjectLiteralExpr::Generated::ObjectLiteralExpr.getKind/0#dispred#15a98561/2@b16827vd.
[2026-10-07 23:45:23] (0s) Inferred that _ObjectLiteralExpr::Generated::ObjectLiteralExpr.getArgument/1#dispred#11e79e1f_01#count_range#join_rhs/2@9f18bbc5 is empty, due to ObjectLiteralExpr::Generated::ObjectLiteralExpr.getArgument/1#dispred#11e79e1f_01#count_range/2@e7c74ce9.
[2026-10-07 23:45:23] (0s)  >>> First-level cache hit cached_Synth::Synth::TRegexLiteralExpr#c000cb56/2@6cae3cod with empty relation.
[2026-10-07 23:45:23] (0s) Inferred that Synth::Synth::TRegexLiteralExpr#c000cb56_1#antijoin_rhs/1@c8299b1q is empty, due to cached_Synth::Synth::TRegexLiteralExpr#c000cb56/2@6cae3cod.
[2026-10-07 23:45:23] (0s)  >>> First-level cache hit cached_Synth::Synth::TObjCSelectorExpr#444c9092/2@9a4123kj with empty relation.
[2026-10-07 23:45:23] (0s) Inferred that ObjCSelectorExpr::Generated::ObjCSelectorExpr.getImmediateSubExpr/0#dispred#34fbcedf/2@ee32b9d5 is empty, due to cached_Synth::Synth::TObjCSelectorExpr#444c9092/2@9a4123kj.
[2026-10-07 23:45:23] (0s) Inferred that ControlFlowGraphImpl::Exprs::ObjCSelectorTree#b81ef913/2@cd1ed0aj is empty, due to cached_Synth::Synth::TObjCSelectorExpr#444c9092/2@9a4123kj.
[2026-10-07 23:45:23] (0s) Inferred that ObjCSelectorExpr::Generated::ObjCSelectorExpr.getSubExpr/0#dispred#4c0fc582/2@60ccf2t9 is empty, due to cached_Synth::Synth::TObjCSelectorExpr#444c9092/2@9a4123kj.
[2026-10-07 23:45:23] (0s) Inferred that Synth::Synth::TObjCSelectorExpr#444c9092_1#antijoin_rhs/1@859b19oo is empty, due to cached_Synth::Synth::TObjCSelectorExpr#444c9092/2@9a4123kj.
[2026-10-07 23:45:23] (0s)  >>> First-level cache hit cached_Synth::Synth::TPostfixUnaryExpr#e8902ee8/2@b8160b96 with empty relation.
[2026-10-07 23:45:23] (0s)  >>> First-level cache hit cached_Synth::Synth::TMethodLookupExpr#0ca19609/2@dfa173kt with empty relation.
[2026-10-07 23:45:23] (0s) Inferred that MethodLookupExpr::MethodLookupExpr.getUnderlying/0#dispred#1cb45815/2@19f408ck is empty, due to cached_Synth::Synth::TMethodLookupExpr#0ca19609/2@dfa173kt.
[2026-10-07 23:45:23] (0s) Inferred that Synth::Synth::TPostfixUnaryExpr#e8902ee8_1#join_rhs/1@ea163a3a is empty, due to cached_Synth::Synth::TPostfixUnaryExpr#e8902ee8/2@b8160b96.
[2026-10-07 23:45:23] (0s) Inferred that ControlFlowGraphImpl::Exprs::MethodLookupExprTree#a39d1c42/2@152128dm is empty, due to cached_Synth::Synth::TMethodLookupExpr#0ca19609/2@dfa173kt.
[2026-10-07 23:45:23] (0s) Inferred that Synth::Synth::TMethodLookupExpr#0ca19609_1#antijoin_rhs/1@0ace30qm is empty, due to cached_Synth::Synth::TMethodLookupExpr#0ca19609/2@dfa173kt.
[2026-10-07 23:45:23] (0s) Inferred that cached_MethodLookupExpr::MethodLookupExpr.getUnderlying/0#dispred#1cb45815/2@82c981m2 is empty, due to MethodLookupExpr::MethodLookupExpr.getUnderlying/0#dispred#1cb45815/2@19f408ck.
[2026-10-07 23:45:23] (0s) Inferred that ApplyExprImpl::Impl::MethodApplyExpr#af2ec0bc/2@80402cc5 is empty, due to Synth::Synth::TMethodLookupExpr#0ca19609_1#antijoin_rhs/1@0ace30qm.
[2026-10-07 23:45:23] (0s) Inferred that ApplyExprImpl::Impl::MethodApplyExpr#af2ec0bc/2@5e8086ol is empty, due to Synth::Synth::TMethodLookupExpr#0ca19609_1#join_rhs/1@0ace30qm.
[2026-10-07 23:45:23] (0s) Inferred that ApplyExprImpl::Impl::MethodApplyExpr#af2ec0bc/2@1d318bgi is empty, due to Synth::Synth::TMethodLookupExpr#0ca19609_1#join_rhs/1@0ace30qm.
[2026-10-07 23:45:23] (0s) Inferred that ApplyExprImpl::Impl::MethodApplyExpr#af2ec0bc/2@2bcfd70l is empty, due to Synth::Synth::TMethodLookupExpr#0ca19609_1#join_rhs/1@0ace30qm.
[2026-10-07 23:45:23] (0s) Inferred that MethodLookupExpr::MethodLookupExpr.getUnderlying/0#dispred#1cb45815_10#join_rhs/2@8a1ccc21 is empty, due to cached_MethodLookupExpr::MethodLookupExpr.getUnderlying/0#dispred#1cb45815/2@82c981m2.
[2026-10-07 23:45:23] (0s) Inferred that _Expr::Expr.getResolveStep/0#dispred#318c6ca3_0#antijoin_rhs_MethodLookupExpr::MethodLookupExpr.getU__#shared/2@6ba64b8m is empty, due to cached_MethodLookupExpr::MethodLookupExpr.getUnderlying/0#dispred#1cb45815/2@82c981m2.
[2026-10-07 23:45:23] (0s) Inferred that MethodLookupExpr::Generated::MethodLookupExpr.getMethodRef/0#dispred#244b5fea/2@8bba54ki is empty, due to cached_MethodLookupExpr::MethodLookupExpr.getUnderlying/0#dispred#1cb45815/2@82c981m2.
[2026-10-07 23:45:23] (0s) Inferred that MethodLookupExpr::Generated::MethodLookupExpr.getMethodRef/0#dispred#244b5fea/2@f07b13h2 is empty, due to cached_MethodLookupExpr::MethodLookupExpr.getUnderlying/0#dispred#1cb45815/2@82c981m2.
[2026-10-07 23:45:23] (0s) Inferred that _Expr::Expr.getResolveStep/0#dispred#318c6ca3_0#antijoin_rhs_MethodLookupExpr::MethodLookupExpr.getU__#shared/2@e634f03l is empty, due to cached_MethodLookupExpr::MethodLookupExpr.getUnderlying/0#dispred#1cb45815/2@82c981m2.
[2026-10-07 23:45:23] (0s) Inferred that MethodLookupExpr::Generated::MethodLookupExpr.getMethodRef/0#dispred#244b5fea/2@0ea4e4us is empty, due to cached_MethodLookupExpr::MethodLookupExpr.getUnderlying/0#dispred#1cb45815/2@82c981m2.
[2026-10-07 23:45:23] (0s) Inferred that _Expr::Expr.getResolveStep/0#dispred#318c6ca3_0#antijoin_rhs_MethodLookupExpr::MethodLookupExpr.getU__#shared/2@b25affvi is empty, due to cached_MethodLookupExpr::MethodLookupExpr.getUnderlying/0#dispred#1cb45815/2@82c981m2.
[2026-10-07 23:45:23] (0s) Inferred that _Expr::Expr.getResolveStep/0#dispred#318c6ca3_0#antijoin_rhs_MethodLookupExpr::MethodLookupExpr.getU__#shared/2@d28ff9ue is empty, due to cached_MethodLookupExpr::MethodLookupExpr.getUnderlying/0#dispred#1cb45815/2@82c981m2.
[2026-10-07 23:45:23] (0s) Inferred that ApplyExprImpl::Impl::MethodApplyExpr#af2ec0bc_0#antijoin_rhs/1@9f5a42it is empty, due to ApplyExprImpl::Impl::MethodApplyExpr#af2ec0bc/2@80402cc5.
[2026-10-07 23:45:23] (0s) Inferred that ApplyExprImpl::Impl::MethodApplyExpr#af2ec0bc_0#antijoin_rhs/1@cfea5e3b is empty, due to ApplyExprImpl::Impl::MethodApplyExpr#af2ec0bc/2@5e8086ol.
[2026-10-07 23:45:23] (0s) Inferred that MethodCallExpr::MethodCallExpr#5a7758bf/1@7d4b31vd is empty, due to ApplyExprImpl::Impl::MethodApplyExpr#af2ec0bc/2@5e8086ol.
[2026-10-07 23:45:23] (0s) Inferred that MethodCallExpr::MethodCallExpr#5a7758bf/1@f97faflp is empty, due to ApplyExprImpl::Impl::MethodApplyExpr#af2ec0bc/2@1d318bgi.
[2026-10-07 23:45:23] (0s) Inferred that MethodLookupExpr::MethodLookupExpr.getMethod/0#372bac6d#bf/2@ceb968t1 is empty, due to ApplyExprImpl::Impl::MethodApplyExpr#af2ec0bc/2@1d318bgi.
[2026-10-07 23:45:23] (0s) Inferred that ApplyExprImpl::Impl::MethodApplyExpr#af2ec0bc_0#antijoin_rhs/1@74774ban is empty, due to ApplyExprImpl::Impl::MethodApplyExpr#af2ec0bc/2@1d318bgi.
[2026-10-07 23:45:23] (0s) Inferred that ApplyExprImpl::Impl::MethodApplyExpr#af2ec0bc_0#antijoin_rhs/1@8cc61f09 is empty, due to ApplyExprImpl::Impl::MethodApplyExpr#af2ec0bc/2@2bcfd70l.
[2026-10-07 23:45:23] (0s) Inferred that ApplyExprImpl::Impl::MethodApplyExpr#af2ec0bc_10#join_rhs/2@939d87t7 is empty, due to ApplyExprImpl::Impl::MethodApplyExpr#af2ec0bc/2@2bcfd70l.
[2026-10-07 23:45:23] (0s) Inferred that MethodLookupExpr::MethodLookupExpr.getImmediateBase/0#dispred#98588fa3/2@30c255v7 is empty, due to MethodLookupExpr::MethodLookupExpr.getUnderlying/0#dispred#1cb45815_10#join_rhs/2@8a1ccc21.
[2026-10-07 23:45:23] (0s) Inferred that MethodLookupExpr::MethodLookupExpr.getImmediateMethodRef/0#dispred#810bb770/2@f4b05ecl is empty, due to MethodLookupExpr::MethodLookupExpr.getUnderlying/0#dispred#1cb45815_10#join_rhs/2@8a1ccc21.
[2026-10-07 23:45:23] (0s) Inferred that MethodLookupExpr::Generated::MethodLookupExpr.getMethodRef/0#dispred#244b5fea/2@708603k9 is empty, due to MethodLookupExpr::MethodLookupExpr.getUnderlying/0#dispred#1cb45815_10#join_rhs/2@8a1ccc21.
[2026-10-07 23:45:23] (0s) Inferred that MethodLookupExpr::Generated::MethodLookupExpr.getMethodRef/0#dispred#244b5fea/2@b4e3fcri is empty, due to _Expr::Expr.getResolveStep/0#dispred#318c6ca3_0#antijoin_rhs_MethodLookupExpr::MethodLookupExpr.getU__#shared/2@6ba64b8m.
[2026-10-07 23:45:23] (0s) Inferred that MethodLookupExpr::MethodLookupExpr.getMember/0#dispred#2f9f426a/2@4e94e3vd is empty, due to MethodLookupExpr::Generated::MethodLookupExpr.getMethodRef/0#dispred#244b5fea/2@8bba54ki.
[2026-10-07 23:45:23] (0s) Inferred that MethodLookupExpr::MethodLookupExpr.getMember/0#dispred#2f9f426a/2@77b4a9sl is empty, due to MethodLookupExpr::Generated::MethodLookupExpr.getMethodRef/0#dispred#244b5fea/2@f07b13h2.
[2026-10-07 23:45:23] (0s) Inferred that MethodLookupExpr::Generated::MethodLookupExpr.getMethodRef/0#dispred#244b5fea/2@7056d60m is empty, due to _Expr::Expr.getResolveStep/0#dispred#318c6ca3_0#antijoin_rhs_MethodLookupExpr::MethodLookupExpr.getU__#shared/2@e634f03l.
[2026-10-07 23:45:23] (0s) Inferred that MethodLookupExpr::MethodLookupExpr.getMember/0#dispred#2f9f426a/2@1fb4f8li is empty, due to MethodLookupExpr::Generated::MethodLookupExpr.getMethodRef/0#dispred#244b5fea/2@0ea4e4us.
[2026-10-07 23:45:23] (0s) Inferred that MethodLookupExpr::Generated::MethodLookupExpr.getMethodRef/0#dispred#244b5fea/2@408fd3ha is empty, due to _Expr::Expr.getResolveStep/0#dispred#318c6ca3_0#antijoin_rhs_MethodLookupExpr::MethodLookupExpr.getU__#shared/2@b25affvi.
[2026-10-07 23:45:23] (0s) Inferred that MethodLookupExpr::Generated::MethodLookupExpr.getMethodRef/0#dispred#244b5fea/2@4e0637aq is empty, due to _Expr::Expr.getResolveStep/0#dispred#318c6ca3_0#antijoin_rhs_MethodLookupExpr::MethodLookupExpr.getU__#shared/2@d28ff9ue.
[2026-10-07 23:45:23] (0s) Inferred that InitializerCallExpr::InitializerCallExpr#7ebbc922/1@cf625c6v is empty, due to MethodCallExpr::MethodCallExpr#5a7758bf/1@7d4b31vd.
[2026-10-07 23:45:23] (0s) Inferred that InitializerCallExpr::InitializerCallExpr#7ebbc922/1@962ed3vi is empty, due to MethodCallExpr::MethodCallExpr#5a7758bf/1@f97faflp.
[2026-10-07 23:45:23] (0s) Inferred that MethodLookupExpr::MethodLookupExpr.getMember/0#dispred#2f9f426a/2@51ad6bum is empty, due to MethodLookupExpr::Generated::MethodLookupExpr.getMethodRef/0#dispred#244b5fea/2@708603k9.
[2026-10-07 23:45:23] (0s) Inferred that MethodLookupExpr::MethodLookupExpr.getMember/0#dispred#2f9f426a#bb/2@de46490l is empty, due to MethodLookupExpr::Generated::MethodLookupExpr.getMethodRef/0#dispred#244b5fea/2@b4e3fcri.
[2026-10-07 23:45:23] (0s) Inferred that MethodLookupExpr::MethodLookupExpr.getMethod/0#372bac6d/2@92afc5la is empty, due to MethodLookupExpr::MethodLookupExpr.getMember/0#dispred#2f9f426a/2@77b4a9sl.
[2026-10-07 23:45:23] (0s) Inferred that MethodLookupExpr::MethodLookupExpr.toStringImpl/0#d26743fc/2@097b77n4 is empty, due to MethodLookupExpr::MethodLookupExpr.getMember/0#dispred#2f9f426a/2@77b4a9sl.
[2026-10-07 23:45:23] (0s) Inferred that EnumElementExpr::NonNullaryEnumElementExpr#0e3a5d61/2@1401ac24 is empty, due to MethodLookupExpr::Generated::MethodLookupExpr.getMethodRef/0#dispred#244b5fea/2@7056d60m.
[2026-10-07 23:45:23] (0s) Inferred that MethodLookupExpr::MethodLookupExpr.getMember/0#dispred#2f9f426a/2@afc63ean is empty, due to MethodLookupExpr::Generated::MethodLookupExpr.getMethodRef/0#dispred#244b5fea/2@7056d60m.
[2026-10-07 23:45:23] (0s) Inferred that EnumElementExpr::NonNullaryEnumElementExpr#0e3a5d61/2@abc5acsp is empty, due to MethodLookupExpr::MethodLookupExpr.getMember/0#dispred#2f9f426a/2@1fb4f8li.
[2026-10-07 23:45:23] (0s) Inferred that MethodLookupExpr::MethodLookupExpr.getMethod/0#372bac6d#fb/2@4679b439 is empty, due to MethodLookupExpr::MethodLookupExpr.getMember/0#dispred#2f9f426a/2@1fb4f8li.
[2026-10-07 23:45:23] (0s) Inferred that EnumElementExpr::NonNullaryEnumElementExpr#0e3a5d61/2@0067235u is empty, due to MethodLookupExpr::Generated::MethodLookupExpr.getMethodRef/0#dispred#244b5fea/2@408fd3ha.
[2026-10-07 23:45:23] (0s) Inferred that MethodLookupExpr::MethodLookupExpr.getMember/0#dispred#2f9f426a/2@5ebc20se is empty, due to MethodLookupExpr::Generated::MethodLookupExpr.getMethodRef/0#dispred#244b5fea/2@408fd3ha.
[2026-10-07 23:45:23] (0s) Inferred that MethodLookupExpr::MethodLookupExpr.getMember/0#dispred#2f9f426a#bb/2@7ceb53r6 is empty, due to MethodLookupExpr::Generated::MethodLookupExpr.getMethodRef/0#dispred#244b5fea/2@4e0637aq.
[2026-10-07 23:45:23] (0s) Inferred that DataFlowPrivate::referenceOrigin/2#fa6eb7d6/2@8296dwi6 is empty, due to InitializerCallExpr::InitializerCallExpr#7ebbc922/1@cf625c6v.
[2026-10-07 23:45:23] (0s) Inferred that DataFlowPrivate::referenceDefinitionOrigin/2#f598b79f/2@8296dxi6 is empty, due to InitializerCallExpr::InitializerCallExpr#7ebbc922/1@cf625c6v.
[2026-10-07 23:45:23] (0s) Inferred that InitializerCallExpr::InitializerCallExpr.getStaticTarget/0#dispred#05fbf096/2@9b792f92 is empty, due to InitializerCallExpr::InitializerCallExpr#7ebbc922/1@cf625c6v.
[2026-10-07 23:45:23] (0s) Inferred that _CfgNodes::ExprCfgNode#e4dc5a6d_ControlFlowGraphImplSpecific::CfgImpl::Cached::TAstNode#e7ae24eb_3#j__#antijoin_rhs/1@199d87t3 is empty, due to InitializerCallExpr::InitializerCallExpr#7ebbc922/1@cf625c6v.
[2026-10-07 23:45:23] (0s) Inferred that EnumElementExpr::NonNullaryEnumElementExpr#0e3a5d61/2@d50ab92t is empty, due to MethodLookupExpr::MethodLookupExpr.getMember/0#dispred#2f9f426a/2@51ad6bum.
[2026-10-07 23:45:23] (0s) Inferred that MethodLookupExpr::MethodLookupExpr.getMethod/0#372bac6d/2@58b6836v is empty, due to MethodLookupExpr::MethodLookupExpr.getMember/0#dispred#2f9f426a/2@51ad6bum.
[2026-10-07 23:45:23] (0s) Inferred that MethodLookupExpr::MethodLookupExpr.getMember/0#dispred#2f9f426a#bb_10#join_rhs/2@609e4818 is empty, due to MethodLookupExpr::MethodLookupExpr.getMember/0#dispred#2f9f426a#bb/2@de46490l.
[2026-10-07 23:45:23] (0s) Inferred that InitializerLookupExpr::InitializerLookupExprImpl#c1099c82/1@fd5a29dl is empty, due to MethodLookupExpr::MethodLookupExpr.getMethod/0#372bac6d/2@92afc5la.
[2026-10-07 23:45:23] (0s) Inferred that EnumElementExpr::EnumElementExpr#9b9fa622#bf/2@da3f2dqk is empty, due to EnumElementExpr::NonNullaryEnumElementExpr#0e3a5d61/2@1401ac24.
[2026-10-07 23:45:23] (0s) Inferred that EnumElementExpr::EnumElementExpr#9b9fa622#bf/2@c5dc83c5 is empty, due to EnumElementExpr::NonNullaryEnumElementExpr#0e3a5d61/2@abc5acsp.
[2026-10-07 23:45:23] (0s) Inferred that EnumElementExpr::EnumElementExpr#9b9fa622#bf/2@d19bcdk8 is empty, due to EnumElementExpr::NonNullaryEnumElementExpr#0e3a5d61/2@0067235u.
[2026-10-07 23:45:23] (0s) Inferred that MethodLookupExpr::MethodLookupExpr.getMember/0#dispred#2f9f426a#bb_10#join_rhs/2@e941fd0k is empty, due to MethodLookupExpr::MethodLookupExpr.getMember/0#dispred#2f9f426a#bb/2@7ceb53r6.
[2026-10-07 23:45:23] (0s) Inferred that EnumElementExpr::EnumElementExpr#9b9fa622#bf/2@2ac8b4mc is empty, due to EnumElementExpr::NonNullaryEnumElementExpr#0e3a5d61/2@d50ab92t.
[2026-10-07 23:45:23] (0s) Inferred that EnumElementExpr::EnumElementExpr.getArgument/1#dispred#7e0c99d2/3@6795b8ag is empty, due to EnumElementExpr::EnumElementExpr#9b9fa622#bf/2@da3f2dqk.
[2026-10-07 23:45:23] (0s) Inferred that EnumElementExpr::EnumElementExpr.getArgument/1#dispred#7e0c99d2/3@db0bf8mb is empty, due to EnumElementExpr::EnumElementExpr#9b9fa622#bf/2@c5dc83c5.
[2026-10-07 23:45:23] (0s) Inferred that EnumElementExpr::EnumElementExpr.getArgument/1#dispred#7e0c99d2/3@c890aced is empty, due to EnumElementExpr::EnumElementExpr#9b9fa622#bf/2@d19bcdk8.
[2026-10-07 23:45:23] (0s) Inferred that EnumElementExpr::EnumElementExpr.getArgument/1#dispred#7e0c99d2/3@81b99e68 is empty, due to EnumElementExpr::EnumElementExpr#9b9fa622#bf/2@2ac8b4mc.
[2026-10-07 23:45:23] (0s) Inferred that EnumElementExpr::EnumElementExpr.getArgument/1#dispred#7e0c99d2_1#join_rhs/1@ea550008 is empty, due to EnumElementExpr::EnumElementExpr.getArgument/1#dispred#7e0c99d2/3@6795b8ag.
[2026-10-07 23:45:23] (0s) Inferred that EnumElementExpr::EnumElementExpr.getArgument/1#dispred#7e0c99d2_1#join_rhs/1@5d71fcdn is empty, due to EnumElementExpr::EnumElementExpr.getArgument/1#dispred#7e0c99d2/3@c890aced.
[2026-10-07 23:45:23] (0s) Inferred that EnumElementExpr::EnumElementExpr.getArgument/1#dispred#7e0c99d2_102#join_rhs/3@8f5d341b is empty, due to EnumElementExpr::EnumElementExpr.getArgument/1#dispred#7e0c99d2/3@81b99e68.
[2026-10-07 23:45:23] (0s) Inferred that project#EnumElementPattern::EnumElementPattern.getSubPattern/1#dispred#6af6392b#fbf#nullary/0@13d84ee8 is empty, due to EnumElementExpr::EnumElementExpr.getArgument/1#dispred#7e0c99d2_1#join_rhs/1@ea550008.
[2026-10-07 23:45:23] (0s) Inferred that project#EnumElementPattern::EnumElementPattern.getSubPattern/1#dispred#6af6392b#fbf#nullary/0@ceb5008t is empty, due to EnumElementExpr::EnumElementExpr.getArgument/1#dispred#7e0c99d2_1#join_rhs/1@5d71fcdn.
[2026-10-07 23:45:23] (0s)  >>> First-level cache hit cached_Synth::Synth::TFloatLiteralExpr#f476fd54/2@b62da2e7 with empty relation.
[2026-10-07 23:45:23] (0s)  >>> First-level cache hit cached_Synth::Synth::TBridgeToObjCExpr#aca5fee7/2@72b3401i with empty relation.
[2026-10-07 23:45:23] (0s) Inferred that Synth::Synth::TBridgeToObjCExpr#aca5fee7_1#join_rhs/1@ca51fera is empty, due to cached_Synth::Synth::TBridgeToObjCExpr#aca5fee7/2@72b3401i.
[2026-10-07 23:45:23] (0s) Inferred that Synth::Synth::TFloatLiteralExpr#f476fd54_1#antijoin_rhs/1@861d31fn is empty, due to cached_Synth::Synth::TFloatLiteralExpr#f476fd54/2@b62da2e7.
[2026-10-07 23:45:23] (0s)  >>> First-level cache hit cached_Synth::Synth::TBindOptionalExpr#e5116af4/2@7026b4ku with empty relation.
[2026-10-07 23:45:23] (0s)  >>> First-level cache hit cached_Synth::Synth::TUnreachableExpr#fe41eeea/2@52b214a4 with empty relation.
[2026-10-07 23:45:23] (0s) Inferred that BindOptionalExpr::Generated::BindOptionalExpr.getImmediateSubExpr/0#dispred#1c98fca6/2@7ac5d35p is empty, due to cached_Synth::Synth::TBindOptionalExpr#e5116af4/2@7026b4ku.
[2026-10-07 23:45:23] (0s) Inferred that ControlFlowGraphImpl::Exprs::BindOptionalTree#b8f025f4/2@53f30fnt is empty, due to cached_Synth::Synth::TBindOptionalExpr#e5116af4/2@7026b4ku.
[2026-10-07 23:45:23] (0s) Inferred that BindOptionalExpr::Generated::BindOptionalExpr.getSubExpr/0#dispred#54b0d4dc/2@201b2d95 is empty, due to cached_Synth::Synth::TBindOptionalExpr#e5116af4/2@7026b4ku.
[2026-10-07 23:45:23] (0s) Inferred that Synth::Synth::TBindOptionalExpr#e5116af4_1#antijoin_rhs/1@294f61qp is empty, due to cached_Synth::Synth::TBindOptionalExpr#e5116af4/2@7026b4ku.
[2026-10-07 23:45:23] (0s) Inferred that Synth::Synth::TUnreachableExpr#fe41eeea_1#join_rhs/1@19e957kn is empty, due to cached_Synth::Synth::TUnreachableExpr#fe41eeea/2@52b214a4.
[2026-10-07 23:45:23] (0s) Inferred that BindOptionalExpr::Generated::BindOptionalExpr.getImmediateSubExpr/0#dispred#1c98fca6/2@d424e1mj is empty, due to cached_Synth::Synth::TBindOptionalExpr#e5116af4/2@7026b4ku.
[2026-10-07 23:45:23] (0s) Inferred that BindOptionalExpr::Generated::BindOptionalExpr.getSubExpr/0#dispred#54b0d4dc/2@369188gp is empty, due to BindOptionalExpr::Generated::BindOptionalExpr.getImmediateSubExpr/0#dispred#1c98fca6/2@d424e1mj.
[2026-10-07 23:45:23] (0s)  >>> First-level cache hit cached_Synth::Synth::TPrefixUnaryExpr#16ae17d6/2@59dec7r4 with empty relation.
[2026-10-07 23:45:23] (0s) Inferred that Synth::Synth::TPrefixUnaryExpr#16ae17d6_1#join_rhs/1@e424927h is empty, due to cached_Synth::Synth::TPrefixUnaryExpr#16ae17d6/2@59dec7r4.
[2026-10-07 23:45:23] (0s) Inferred that LogicalOperation::unaryHasName/2#4dd50c32/2@acc07f87 is empty, due to Synth::Synth::TPrefixUnaryExpr#16ae17d6_1#join_rhs/1@e424927h.
[2026-10-07 23:45:23] (0s) Inferred that PrefixUnaryExpr::PrefixUnaryExpr.getOperand/0#dispred#16cb7189/2@f3f20dlt is empty, due to Synth::Synth::TPrefixUnaryExpr#16ae17d6_1#join_rhs/1@e424927h.
[2026-10-07 23:45:23] (0s) Inferred that PrefixUnaryExpr::PrefixUnaryExpr.getOperand/0#dispred#16cb7189/2@d22d2172 is empty, due to Synth::Synth::TPrefixUnaryExpr#16ae17d6_1#antijoin_rhs/1@e424927h.
[2026-10-07 23:45:23] (0s) Inferred that ArithmeticOperation::UnaryPlusExpr#68fe5c2d/1@0f6ff653 is empty, due to Synth::Synth::TPrefixUnaryExpr#16ae17d6_1#antijoin_rhs/1@e424927h.
[2026-10-07 23:45:23] (0s) Inferred that PrefixUnaryExpr::PrefixUnaryExpr.getOperand/0#dispred#16cb7189/2@54130c5u is empty, due to Synth::Synth::TPrefixUnaryExpr#16ae17d6_1#join_rhs/1@e424927h.
[2026-10-07 23:45:23] (0s) Inferred that ArithmeticOperation::UnaryArithmeticOperation#4f59bf0a/1@ba2880f6 is empty, due to Synth::Synth::TPrefixUnaryExpr#16ae17d6_1#join_rhs/1@e424927h.
[2026-10-07 23:45:23] (0s) Inferred that BitwiseOperation::UnaryBitwiseOperation#3a9b1727/1@336144nn is empty, due to Synth::Synth::TPrefixUnaryExpr#16ae17d6_1#join_rhs/1@e424927h.
[2026-10-07 23:45:23] (0s) Inferred that LogicalOperation::unaryHasName/2#4dd50c32_10#join_rhs/2@8ce330nl is empty, due to LogicalOperation::unaryHasName/2#4dd50c32/2@acc07f87.
[2026-10-07 23:45:23] (0s) Inferred that _ControlFlowGraphImpl::Exprs::LogicalNotTree#64a8279a_Expr::Expr.getFullyConverted/0#dispred#e3fb566__#join_rhs/2@b4bb08vn is empty, due to PrefixUnaryExpr::PrefixUnaryExpr.getOperand/0#dispred#16cb7189/2@f3f20dlt.
[2026-10-07 23:45:23] (0s) Inferred that ControlFlowGraphImpl::Exprs::LogicalNotTree#64a8279a/2@8f3c3ai7 is empty, due to LogicalOperation::unaryHasName/2#4dd50c32_10#join_rhs/2@8ce330nl.
[2026-10-07 23:45:23] (0s)  >>> First-level cache hit cached_Synth::Synth::TPackElementExpr#a2e17bdb/2@125b910s with empty relation.
[2026-10-07 23:45:23] (0s) Inferred that PackElementExpr::Generated::PackElementExpr.getImmediateSubExpr/0#dispred#e5eb7983/2@6354a07o is empty, due to cached_Synth::Synth::TPackElementExpr#a2e17bdb/2@125b910s.
[2026-10-07 23:45:23] (0s) Inferred that ControlFlowGraphImpl::Exprs::PackElementExprTree#6ec74e54/2@ecba984p is empty, due to cached_Synth::Synth::TPackElementExpr#a2e17bdb/2@125b910s.
[2026-10-07 23:45:23] (0s) Inferred that PackElementExpr::Generated::PackElementExpr.getSubExpr/0#dispred#0c347ba0/2@5438ad70 is empty, due to cached_Synth::Synth::TPackElementExpr#a2e17bdb/2@125b910s.
[2026-10-07 23:45:23] (0s)  >>> First-level cache hit cached_Synth::Synth::TOptionalTryExpr#0f092936/2@c7fb6aj5 with empty relation.
[2026-10-07 23:45:23] (0s) Inferred that Synth::Synth::TOptionalTryExpr#0f092936_1#join_rhs/1@50fe552j is empty, due to cached_Synth::Synth::TOptionalTryExpr#0f092936/2@c7fb6aj5.
[2026-10-07 23:45:23] (0s)  >>> First-level cache hit cached_Synth::Synth::TOpaqueValueExpr#b4fc1e55/2@da0cea53 with empty relation.
[2026-10-07 23:45:23] (0s)  >>> First-level cache hit cached_Synth::Synth::TDynamicTypeExpr#16d385bf/2@1c8b16f1 with empty relation.
[2026-10-07 23:45:23] (0s) Inferred that DynamicTypeExpr::Generated::DynamicTypeExpr.getImmediateBase/0#dispred#4c25a2d9/2@485f550q is empty, due to cached_Synth::Synth::TDynamicTypeExpr#16d385bf/2@1c8b16f1.
[2026-10-07 23:45:23] (0s) Inferred that ControlFlowGraphImpl::Exprs::DynamicTypeTree#8de22b18/2@6018a9hk is empty, due to cached_Synth::Synth::TDynamicTypeExpr#16d385bf/2@1c8b16f1.
[2026-10-07 23:45:23] (0s)  >>> First-level cache hit cached_Synth::Synth::TCaptureListExpr#4e5ecb1c/2@e4f6e7b0 with empty relation.
[2026-10-07 23:45:23] (0s) Inferred that DynamicTypeExpr::Generated::DynamicTypeExpr.getBase/0#dispred#9b1d95f2/2@bbd57d4h is empty, due to cached_Synth::Synth::TDynamicTypeExpr#16d385bf/2@1c8b16f1.
[2026-10-07 23:45:23] (0s) Inferred that Synth::Synth::TDynamicTypeExpr#16d385bf_1#antijoin_rhs/1@81fa8cv8 is empty, due to cached_Synth::Synth::TDynamicTypeExpr#16d385bf/2@1c8b16f1.
[2026-10-07 23:45:23] (0s) Inferred that CaptureListExpr::Generated::CaptureListExpr.getBindingDecl/1#dispred#8f91690a/3@365bdcld is empty, due to cached_Synth::Synth::TCaptureListExpr#4e5ecb1c/2@e4f6e7b0.
[2026-10-07 23:45:23] (0s) Inferred that CaptureListExpr::Generated::CaptureListExpr.getNumberOfBindingDecls/0#dispred#46e7e62f/2@5b1424kd is empty, due to cached_Synth::Synth::TCaptureListExpr#4e5ecb1c/2@e4f6e7b0.
[2026-10-07 23:45:23] (0s) Inferred that CaptureListExpr::Generated::CaptureListExpr.getBindingDecl/1#dispred#8f91690a_01#count_range/2@7a9149pj is empty, due to CaptureListExpr::Generated::CaptureListExpr.getBindingDecl/1#dispred#8f91690a/3@365bdcld.
[2026-10-07 23:45:23] (0s) Inferred that CaptureListExpr::Generated::CaptureListExpr.getBindingDecl/1#dispred#8f91690a_0#antijoin_rhs/1@ef8aa0r3 is empty, due to CaptureListExpr::Generated::CaptureListExpr.getBindingDecl/1#dispred#8f91690a/3@365bdcld.
[2026-10-07 23:45:23] (0s) Inferred that CaptureListExpr::CaptureListExpr.getVariable/1#dispred#96e296a1/3@c5ae0061 is empty, due to CaptureListExpr::Generated::CaptureListExpr.getBindingDecl/1#dispred#8f91690a/3@365bdcld.
[2026-10-07 23:45:23] (0s) Inferred that _CaptureListExpr::Generated::CaptureListExpr.getBindingDecl/1#dispred#8f91690a_01#count_range#join_rhs/2@fd29d14s is empty, due to CaptureListExpr::Generated::CaptureListExpr.getBindingDecl/1#dispred#8f91690a_01#count_range/2@7a9149pj.
[2026-10-07 23:45:23] (0s) Inferred that CaptureListExpr::CaptureListExpr.getVariable/1#dispred#96e296a1_01#count_range/2@e0bba24r is empty, due to CaptureListExpr::CaptureListExpr.getVariable/1#dispred#96e296a1/3@c5ae0061.
[2026-10-07 23:45:23] (0s) Inferred that CaptureListExpr::CaptureListExpr.getVariable/1#dispred#96e296a1_0#antijoin_rhs/1@7ac73c3t is empty, due to CaptureListExpr::CaptureListExpr.getVariable/1#dispred#96e296a1/3@c5ae0061.
[2026-10-07 23:45:23] (0s) Inferred that _CaptureListExpr::CaptureListExpr.getVariable/1#dispred#96e296a1_01#count_range#join_rhs/2@cd3b3cfc is empty, due to CaptureListExpr::CaptureListExpr.getVariable/1#dispred#96e296a1_01#count_range/2@e0bba24r.
[2026-10-07 23:45:23] (0s) Inferred that CaptureListExpr::Generated::CaptureListExpr.getImmediateClosureBody/0#dispred#a264ebaf/2@9aadda6v is empty, due to cached_Synth::Synth::TCaptureListExpr#4e5ecb1c/2@e4f6e7b0.
[2026-10-07 23:45:23] (0s) Inferred that CaptureListExpr::Generated::CaptureListExpr.getNumberOfVariables/0#dispred#6a207b20/2@f3b513fv is empty, due to cached_Synth::Synth::TCaptureListExpr#4e5ecb1c/2@e4f6e7b0.
[2026-10-07 23:45:23] (0s) Inferred that ControlFlowGraphImpl::Exprs::CaptureListTree#03f4b23a/2@a75444rg is empty, due to cached_Synth::Synth::TCaptureListExpr#4e5ecb1c/2@e4f6e7b0.
[2026-10-07 23:45:23] (0s) Inferred that CaptureListExpr::Generated::CaptureListExpr.getClosureBody/0#dispred#f4fccc06/2@34cb11ni is empty, due to cached_Synth::Synth::TCaptureListExpr#4e5ecb1c/2@e4f6e7b0.
[2026-10-07 23:45:23] (0s)  >>> First-level cache hit cached_Synth::Synth::TUnsafeCastExpr#e98b616b/2@1da95c0l with empty relation.
[2026-10-07 23:45:23] (0s) Inferred that Synth::Synth::TCaptureListExpr#4e5ecb1c_1#antijoin_rhs/1@a104f53k is empty, due to cached_Synth::Synth::TCaptureListExpr#4e5ecb1c/2@e4f6e7b0.
[2026-10-07 23:45:23] (0s) Inferred that Synth::Synth::TUnsafeCastExpr#e98b616b_1#join_rhs/1@0e8f632i is empty, due to cached_Synth::Synth::TUnsafeCastExpr#e98b616b/2@1da95c0l.
[2026-10-07 23:45:23] (0s)  >>> First-level cache hit cached_Synth::Synth::TNilLiteralExpr#d121107c/2@e4a19605 with empty relation.
[2026-10-07 23:45:23] (0s) Inferred that Synth::Synth::TNilLiteralExpr#d121107c_1#antijoin_rhs/1@36b207nu is empty, due to cached_Synth::Synth::TNilLiteralExpr#d121107c/2@e4a19605.
[2026-10-07 23:45:23] (0s)  >>> First-level cache hit cached_Synth::Synth::TKeyPathDotExpr#ffba864a/2@fa0ae5ae with empty relation.
[2026-10-07 23:45:23] (0s)  >>> First-level cache hit cached_Synth::Synth::TForceValueExpr#46e88c3b/2@d6a553f4 with empty relation.
[2026-10-07 23:45:23] (0s) Inferred that Synth::Synth::TKeyPathDotExpr#ffba864a_1#antijoin_rhs/1@68d3c2aq is empty, due to cached_Synth::Synth::TKeyPathDotExpr#ffba864a/2@fa0ae5ae.
[2026-10-07 23:45:23] (0s) Inferred that ForceValueExpr::Generated::ForceValueExpr.getImmediateSubExpr/0#dispred#c624875c/2@1a28edfp is empty, due to cached_Synth::Synth::TForceValueExpr#46e88c3b/2@d6a553f4.
[2026-10-07 23:45:23] (0s) Inferred that ControlFlowGraphImpl::Exprs::ForceValueTree#5d68f4a1/2@e93e76gk is empty, due to cached_Synth::Synth::TForceValueExpr#46e88c3b/2@d6a553f4.
[2026-10-07 23:45:23] (0s) Inferred that ForceValueExpr::Generated::ForceValueExpr.getSubExpr/0#dispred#6e2865d4/2@46a6a04o is empty, due to cached_Synth::Synth::TForceValueExpr#46e88c3b/2@d6a553f4.
[2026-10-07 23:45:23] (0s) Inferred that Synth::Synth::TForceValueExpr#46e88c3b_1#antijoin_rhs/1@575a80pk is empty, due to cached_Synth::Synth::TForceValueExpr#46e88c3b/2@d6a553f4.
[2026-10-07 23:45:23] (0s) Inferred that ForceValueExpr::Generated::ForceValueExpr.getImmediateSubExpr/0#dispred#c624875c/2@69a899q1 is empty, due to cached_Synth::Synth::TForceValueExpr#46e88c3b/2@d6a553f4.
[2026-10-07 23:45:23] (0s) Inferred that ForceValueExpr::Generated::ForceValueExpr.getSubExpr/0#dispred#6e2865d4/2@26617f1o is empty, due to ForceValueExpr::Generated::ForceValueExpr.getImmediateSubExpr/0#dispred#c624875c/2@69a899q1.
[2026-10-07 23:45:23] (0s) Inferred that ForceValueExpr::Generated::ForceValueExpr.getSubExpr/0#dispred#6e2865d4_10#join_rhs/2@bafcc9as is empty, due to ForceValueExpr::Generated::ForceValueExpr.getSubExpr/0#dispred#6e2865d4/2@26617f1o.
[2026-10-07 23:45:23] (0s) Inferred that _CfgNodes::ExprCfgNode#e4dc5a6d_10#join_rhs_ForceValueExpr::Generated::ForceValueExpr.getSubExpr/0#d__#join_rhs/2@40a758iq is empty, due to ForceValueExpr::Generated::ForceValueExpr.getSubExpr/0#dispred#6e2865d4_10#join_rhs/2@bafcc9as.
[2026-10-07 23:45:23] (0s) Inferred that ForceValueExpr::Generated::ForceValueExpr.getImmediateSubExpr/0#dispred#c624875c/2@378e14ga is empty, due to cached_Synth::Synth::TForceValueExpr#46e88c3b/2@d6a553f4.
[2026-10-07 23:45:23] (0s)  >>> First-level cache hit cached_Synth::Synth::TEnumIsCaseExpr#3123b215/2@0c79f2ji with empty relation.
[2026-10-07 23:45:23] (0s) Inferred that EnumIsCaseExpr::Generated::EnumIsCaseExpr.getImmediateSubExpr/0#dispred#3086005c/2@3b7285j0 is empty, due to cached_Synth::Synth::TEnumIsCaseExpr#3123b215/2@0c79f2ji.
[2026-10-07 23:45:23] (0s) Inferred that ControlFlowGraphImpl::Exprs::EnumIsCaseTree#f798c0ff/2@81d3ffkh is empty, due to cached_Synth::Synth::TEnumIsCaseExpr#3123b215/2@0c79f2ji.
[2026-10-07 23:45:23] (0s) Inferred that EnumIsCaseExpr::Generated::EnumIsCaseExpr.getSubExpr/0#dispred#58ad6568/2@1e22071m is empty, due to cached_Synth::Synth::TEnumIsCaseExpr#3123b215/2@0c79f2ji.
[2026-10-07 23:45:23] (0s) Inferred that Synth::Synth::TEnumIsCaseExpr#3123b215_1#antijoin_rhs/1@8864b565 is empty, due to cached_Synth::Synth::TEnumIsCaseExpr#3123b215/2@0c79f2ji.
[2026-10-07 23:45:23] (0s)  >>> First-level cache hit cached_Synth::Synth::TDictionaryExpr#0a7110a3/2@d5b85285 with empty relation.
[2026-10-07 23:45:23] (0s) Inferred that DictionaryExpr::Generated::DictionaryExpr.getImmediateElement/1#dispred#01f48f9a/3@48daf5cn is empty, due to cached_Synth::Synth::TDictionaryExpr#0a7110a3/2@d5b85285.
[2026-10-07 23:45:23] (0s) Inferred that _DictionaryExpr::Generated::DictionaryExpr.getImmediateElement/1#dispred#01f48f9a#max_range/2@2d3c28m4 is empty, due to DictionaryExpr::Generated::DictionaryExpr.getImmediateElement/1#dispred#01f48f9a/3@48daf5cn.
[2026-10-07 23:45:23] (0s) Inferred that _DictionaryExpr::Generated::DictionaryExpr.getImmediateElement/1#dispred#01f48f9a#max_term/3@ae88c6l5 is empty, due to DictionaryExpr::Generated::DictionaryExpr.getImmediateElement/1#dispred#01f48f9a/3@48daf5cn.
[2026-10-07 23:45:23] (0s) Inferred that __DictionaryExpr::Generated::DictionaryExpr.getImmediateElement/1#dispred#01f48f9a#max_range__Dictio__#join_rhs/1@7250bbof is empty, due to _DictionaryExpr::Generated::DictionaryExpr.getImmediateElement/1#dispred#01f48f9a#max_range/2@2d3c28m4.
[2026-10-07 23:45:23] (0s) Inferred that ControlFlowGraphImpl::Exprs::DictionaryLiteralTree#a17d8237/2@74d269mo is empty, due to cached_Synth::Synth::TDictionaryExpr#0a7110a3/2@d5b85285.
[2026-10-07 23:45:23] (0s) Inferred that DictionaryExpr::Generated::DictionaryExpr.getImmediateElement/1#dispred#01f48f9a/3@38293002 is empty, due to cached_Synth::Synth::TDictionaryExpr#0a7110a3/2@d5b85285.
[2026-10-07 23:45:23] (0s) Inferred that Synth::Synth::TDictionaryExpr#0a7110a3_1#antijoin_rhs/1@9860b746 is empty, due to cached_Synth::Synth::TDictionaryExpr#0a7110a3/2@d5b85285.
[2026-10-07 23:45:23] (0s)  >>> First-level cache hit cached_Synth::Synth::TTypeValueExpr#c5cf603d/2@1bf76bc7 with empty relation.
[2026-10-07 23:45:23] (0s) Inferred that DictionaryExpr::Generated::DictionaryExpr.getImmediateElement/1#dispred#01f48f9a/3@520a440o is empty, due to cached_Synth::Synth::TDictionaryExpr#0a7110a3/2@d5b85285.
[2026-10-07 23:45:23] (0s) Inferred that ControlFlowGraphImpl::Exprs::DictionaryLiteralTree#a17d8237_10#join_rhs/2@3fa862io is empty, due to ControlFlowGraphImpl::Exprs::DictionaryLiteralTree#a17d8237/2@74d269mo.
[2026-10-07 23:45:23] (0s) Inferred that DictionaryExpr::Generated::DictionaryExpr.getAnElement/0#dispred#c2b975dc/2@07915f2m is empty, due to DictionaryExpr::Generated::DictionaryExpr.getImmediateElement/1#dispred#01f48f9a/3@520a440o.
[2026-10-07 23:45:23] (0s)  >>> First-level cache hit cached_Synth::Synth::TSubscriptExpr#aa4a4343/2@bd2104f7 with empty relation.
[2026-10-07 23:45:23] (0s)  >>> First-level cache hit cached_Synth::Synth::TMemberRefExpr#87b2de3a/2@1bf4c2n4 with empty relation.
[2026-10-07 23:45:23] (0s) Inferred that SubscriptExpr::Generated::SubscriptExpr.getArgument/1#dispred#a33391de/3@507e1cbe is empty, due to cached_Synth::Synth::TSubscriptExpr#aa4a4343/2@bd2104f7.
[2026-10-07 23:45:23] (0s) Inferred that SubscriptExpr::Generated::SubscriptExpr.getNumberOfArguments/0#dispred#834dc6f9/2@6dd340s7 is empty, due to cached_Synth::Synth::TSubscriptExpr#aa4a4343/2@bd2104f7.
[2026-10-07 23:45:23] (0s) Inferred that ControlFlowElements::hasDirectToImplementationOrOrdinarySemantics/1#61425f33/1@732dedhb is empty, due to cached_Synth::Synth::TSubscriptExpr#aa4a4343/2@bd2104f7.
[2026-10-07 23:45:23] (0s) Inferred that ControlFlowGraphImpl::Exprs::SubscriptTree#883a4299/2@190d810l is empty, due to cached_Synth::Synth::TSubscriptExpr#aa4a4343/2@bd2104f7.
[2026-10-07 23:45:23] (0s) Inferred that Synth::Synth::TMemberRefExpr#87b2de3a_1#join_rhs/1@52ad1fdj is empty, due to cached_Synth::Synth::TMemberRefExpr#87b2de3a/2@1bf4c2n4.
[2026-10-07 23:45:23] (0s) Inferred that m#ControlFlowElements::ignoreAstElement/1#1e57d5cb#b/1@a3ebc1ib is empty, due to cached_Synth::Synth::TSubscriptExpr#aa4a4343/2@bd2104f7.
[2026-10-07 23:45:23] (0s) Inferred that Synth::Synth::TSubscriptExpr#aa4a4343_1#antijoin_rhs/1@7515f5p7 is empty, due to cached_Synth::Synth::TSubscriptExpr#aa4a4343/2@bd2104f7.
[2026-10-07 23:45:23] (0s) Inferred that ControlFlowGraphImpl::Exprs::MemberRefs::MemberRefLValueTree#fc71d530/2@7a891321 is empty, due to cached_Synth::Synth::TMemberRefExpr#87b2de3a/2@1bf4c2n4.
[2026-10-07 23:45:23] (0s) Inferred that ControlFlowGraphImpl::Exprs::MemberRefs::MemberRefRValueTree.MemberRefRValueTree#01156714/2@44d7949k is empty, due to cached_Synth::Synth::TMemberRefExpr#87b2de3a/2@1bf4c2n4.
[2026-10-07 23:45:23] (0s) Inferred that ControlFlowGraphImpl::Exprs::MemberRefs::MemberRefTreeBase#30f98e5b/2@1e679042 is empty, due to cached_Synth::Synth::TMemberRefExpr#87b2de3a/2@1bf4c2n4.
[2026-10-07 23:45:23] (0s) Inferred that SubscriptExpr::Generated::SubscriptExpr.getArgument/1#dispred#a33391de_01#count_range/2@61f07e4p is empty, due to SubscriptExpr::Generated::SubscriptExpr.getArgument/1#dispred#a33391de/3@507e1cbe.
[2026-10-07 23:45:23] (0s) Inferred that SubscriptExpr::Generated::SubscriptExpr.getArgument/1#dispred#a33391de_0#antijoin_rhs/1@9e9191np is empty, due to SubscriptExpr::Generated::SubscriptExpr.getArgument/1#dispred#a33391de/3@507e1cbe.
[2026-10-07 23:45:23] (0s) Inferred that SubscriptExpr::Generated::SubscriptExpr.getArgument/1#dispred#a33391de_0_expr_#antijoin_rhs/2@8ded9c3b is empty, due to SubscriptExpr::Generated::SubscriptExpr.getArgument/1#dispred#a33391de/3@507e1cbe.
[2026-10-07 23:45:23] (0s) Inferred that SubscriptExpr::SubscriptExpr.getFirstArgument/0#dispred#63f9add2/2@7acce8p4 is empty, due to SubscriptExpr::Generated::SubscriptExpr.getArgument/1#dispred#a33391de/3@507e1cbe.
[2026-10-07 23:45:23] (0s) Inferred that SubscriptExpr::Generated::SubscriptExpr.getArgument/1#dispred#a33391de_0_expr_#antijoin_rhs#1/2@5fc81arn is empty, due to SubscriptExpr::Generated::SubscriptExpr.getArgument/1#dispred#a33391de/3@507e1cbe.
[2026-10-07 23:45:23] (0s) Inferred that SubscriptExpr::SubscriptExpr.getLastArgument/0#dispred#865a0b6e/2@9a49cbsg is empty, due to SubscriptExpr::Generated::SubscriptExpr.getArgument/1#dispred#a33391de/3@507e1cbe.
[2026-10-07 23:45:23] (0s) Inferred that ControlFlowElements::ignoreAstElement/1#1e57d5cb#b/1@93f60fh8 is empty, due to m#ControlFlowElements::ignoreAstElement/1#1e57d5cb#b/1@a3ebc1ib.
[2026-10-07 23:45:23] (0s) Inferred that _ControlFlowGraphImpl::Exprs::SubscriptTree#883a4299_Expr::Expr.getFullyConverted/0#dispred#e3fb566d__#join_rhs/2@75d126bl is empty, due to ControlFlowGraphImpl::Exprs::SubscriptTree#883a4299/2@190d810l.
[2026-10-07 23:45:23] (0s) Inferred that _LookupExpr::Generated::LookupExpr.getMember/0#dispred#cfef83c8_10#join_rhs_Synth::Synth::TMemberRef__#shared/2@35647epo is empty, due to Synth::Synth::TMemberRefExpr#87b2de3a_1#join_rhs/1@52ad1fdj.
[2026-10-07 23:45:23] (0s) Inferred that DataFlowPrivate::TDictionarySubscriptNode#dom#4b624cb9/1@a6deffg9 is empty, due to Synth::Synth::TSubscriptExpr#aa4a4343_1#join_rhs/1@7515f5p7.
[2026-10-07 23:45:23] (0s) Inferred that ControlFlowGraphImpl::Exprs::MemberRefs::PropertyMemberRefRValue#78af3a73/3@889a1c4o is empty, due to ControlFlowGraphImpl::Exprs::MemberRefs::MemberRefRValueTree.MemberRefRValueTree#01156714/2@44d7949k.
[2026-10-07 23:45:23] (0s) Inferred that ControlFlowGraphImpl::Exprs::MemberRefs::DirectMemberRefRValue#e30d2868/2@0949ccum is empty, due to ControlFlowGraphImpl::Exprs::MemberRefs::MemberRefRValueTree.MemberRefRValueTree#01156714/2@44d7949k.
[2026-10-07 23:45:23] (0s) Inferred that ControlFlowGraphImpl::Exprs::MemberRefs::MemberRefRValueTree#9d4fc5f4/2@81d1c9fr is empty, due to ControlFlowGraphImpl::Exprs::MemberRefs::MemberRefRValueTree.MemberRefRValueTree#01156714/2@44d7949k.
[2026-10-07 23:45:23] (0s) Inferred that _ControlFlowGraphImpl::Exprs::MemberRefs::MemberRefTreeBase#30f98e5b_Expr::Expr.getFullyConverted/0#__#join_rhs/2@79010370 is empty, due to ControlFlowGraphImpl::Exprs::MemberRefs::MemberRefTreeBase#30f98e5b/2@1e679042.
[2026-10-07 23:45:23] (0s) Inferred that _SubscriptExpr::Generated::SubscriptExpr.getArgument/1#dispred#a33391de_01#count_range#join_rhs/2@59df436d is empty, due to SubscriptExpr::Generated::SubscriptExpr.getArgument/1#dispred#a33391de_01#count_range/2@61f07e4p.
[2026-10-07 23:45:23] (0s) Inferred that DataFlowPrivate::TDictionarySubscriptNode#bb14851e/2@4c45e6md is empty, due to DataFlowPrivate::TDictionarySubscriptNode#dom#4b624cb9/1@a6deffg9.
[2026-10-07 23:45:23] (0s) Inferred that ControlFlowGraphImpl::Exprs::MemberRefs::PropertyMemberRefRValue#78af3a73_0#antijoin_rhs/1@4ab806cf is empty, due to ControlFlowGraphImpl::Exprs::MemberRefs::PropertyMemberRefRValue#78af3a73/3@889a1c4o.
[2026-10-07 23:45:23] (0s) Inferred that ControlFlowGraphImpl::Exprs::MemberRefs::PropertyMemberRefRValue#78af3a73_201#join_rhs/3@a4874d2j is empty, due to ControlFlowGraphImpl::Exprs::MemberRefs::PropertyMemberRefRValue#78af3a73/3@889a1c4o.
[2026-10-07 23:45:23] (0s) Inferred that DataFlowPrivate::TDictionarySubscriptNode#bb14851e_0#antijoin_rhs/1@3493ce7r is empty, due to DataFlowPrivate::TDictionarySubscriptNode#bb14851e/2@4c45e6md.
[2026-10-07 23:45:23] (0s) Inferred that _DataFlowPrivate::TDictionarySubscriptNode#bb14851e_DataFlowPrivate::TSingletonContent#7a03e3e2_Data__#shared/3@dbaf91bs is empty, due to DataFlowPrivate::TDictionarySubscriptNode#bb14851e/2@4c45e6md.
[2026-10-07 23:45:23] (0s) Inferred that _DataFlowPrivate::TDictionarySubscriptNode#bb14851e__DataFlowPrivate::TCollectionContent#9985595a_Da__#shared/3@951881og is empty, due to DataFlowPrivate::TDictionarySubscriptNode#bb14851e/2@4c45e6md.
[2026-10-07 23:45:23] (0s) Inferred that cached_DataFlowPrivate::TDictionarySubscriptNode#bb14851e/2@e584ce95 is empty, due to DataFlowPrivate::TDictionarySubscriptNode#bb14851e/2@4c45e6md.
[2026-10-07 23:45:23] (0s)  >>> First-level cache hit cached_Synth::Synth::TSuperRefExpr#4d1b7b74/2@e9fc8ce6 with empty relation.
[2026-10-07 23:45:23] (0s) Inferred that Synth::Synth::TSuperRefExpr#4d1b7b74_1#antijoin_rhs/1@cd0e4a5a is empty, due to cached_Synth::Synth::TSuperRefExpr#4d1b7b74/2@e9fc8ce6.
[2026-10-07 23:45:23] (0s)  >>> First-level cache hit cached_Synth::Synth::TForceTryExpr#aca35586/2@18221b0p with empty relation.
[2026-10-07 23:45:23] (0s)  >>> First-level cache hit cached_Synth::Synth::TSequenceExpr#32ecc61a/2@ae6a6dlo with empty relation.
[2026-10-07 23:45:23] (0s) Inferred that Synth::Synth::TForceTryExpr#aca35586_1#join_rhs/1@0f4139gi is empty, due to cached_Synth::Synth::TForceTryExpr#aca35586/2@18221b0p.
[2026-10-07 23:45:23] (0s) Inferred that SequenceExpr::Generated::SequenceExpr.getImmediateElement/1#dispred#0126392c/3@511a16vd is empty, due to cached_Synth::Synth::TSequenceExpr#32ecc61a/2@ae6a6dlo.
[2026-10-07 23:45:23] (0s)  >>> First-level cache hit cached_Synth::Synth::TKeyPathExpr#d2a0a362/2@31c31efq with empty relation.
[2026-10-07 23:45:23] (0s) Inferred that _SequenceExpr::Generated::SequenceExpr.getImmediateElement/1#dispred#0126392c#max_range/2@9c5fc99d is empty, due to SequenceExpr::Generated::SequenceExpr.getImmediateElement/1#dispred#0126392c/3@511a16vd.
[2026-10-07 23:45:23] (0s) Inferred that _SequenceExpr::Generated::SequenceExpr.getImmediateElement/1#dispred#0126392c#max_term/3@478377on is empty, due to SequenceExpr::Generated::SequenceExpr.getImmediateElement/1#dispred#0126392c/3@511a16vd.
[2026-10-07 23:45:23] (0s) Inferred that __SequenceExpr::Generated::SequenceExpr.getImmediateElement/1#dispred#0126392c#max_range__SequenceEx__#join_rhs/1@54ce6192 is empty, due to _SequenceExpr::Generated::SequenceExpr.getImmediateElement/1#dispred#0126392c#max_range/2@9c5fc99d.
[2026-10-07 23:45:23] (0s) Inferred that KeyPathExpr::Generated::KeyPathExpr.getComponent/1#dispred#432613d1/3@ffb6a703 is empty, due to cached_Synth::Synth::TKeyPathExpr#d2a0a362/2@31c31efq.
[2026-10-07 23:45:23] (0s) Inferred that KeyPathExpr::Generated::KeyPathExpr.getNumberOfComponents/0#dispred#f667fa97/2@56a62bos is empty, due to cached_Synth::Synth::TKeyPathExpr#d2a0a362/2@31c31efq.
[2026-10-07 23:45:23] (0s) Inferred that KeyPathExpr::Generated::KeyPathExpr.getRoot/0#dispred#33c7a14c/2@308bd35t is empty, due to cached_Synth::Synth::TKeyPathExpr#d2a0a362/2@31c31efq.
[2026-10-07 23:45:23] (0s) Inferred that ControlFlowElements::TKeyPathElement#dom#f10df078/1@775d5761 is empty, due to cached_Synth::Synth::TKeyPathExpr#d2a0a362/2@31c31efq.
[2026-10-07 23:45:23] (0s) Inferred that KeyPathExpr::Generated::KeyPathExpr.getComponent/1#dispred#432613d1_01#count_range/2@2e9469sc is empty, due to KeyPathExpr::Generated::KeyPathExpr.getComponent/1#dispred#432613d1/3@ffb6a703.
[2026-10-07 23:45:23] (0s) Inferred that KeyPathExpr::Generated::KeyPathExpr.getComponent/1#dispred#432613d1_0#antijoin_rhs/1@6a02c4e3 is empty, due to KeyPathExpr::Generated::KeyPathExpr.getComponent/1#dispred#432613d1/3@ffb6a703.
[2026-10-07 23:45:23] (0s) Inferred that KeyPathComponent::KeyPathComponent.getNextComponent/0#dispred#0ffbfee6/2@6f7cc88f is empty, due to KeyPathExpr::Generated::KeyPathExpr.getComponent/1#dispred#432613d1/3@ffb6a703.
[2026-10-07 23:45:23] (0s) Inferred that KeyPathExpr::Generated::KeyPathExpr.getComponent/1#dispred#432613d1_120#join_rhs/3@42aee78f is empty, due to KeyPathExpr::Generated::KeyPathExpr.getComponent/1#dispred#432613d1/3@ffb6a703.
[2026-10-07 23:45:23] (0s) Inferred that ControlFlowElements::TKeyPathElement#b129b1c7/2@69f0d63h is empty, due to ControlFlowElements::TKeyPathElement#dom#f10df078/1@775d5761.
[2026-10-07 23:45:23] (0s) Inferred that Ssa::Ssa::SsaInput::TKeyPathSourceVariable#dom#15ef7cb5/1@9fe010a5 is empty, due to Synth::Synth::TKeyPathExpr#d2a0a362_1#join_rhs/1@775d5761.
[2026-10-07 23:45:23] (0s) Inferred that DataFlowPrivate::TKeyPathReturnNode#dom#57f84076/1@43f9b9k7 is empty, due to Synth::Synth::TKeyPathExpr#d2a0a362_1#join_rhs/1@775d5761.
[2026-10-07 23:45:23] (0s) Inferred that KeyPathExpr::Generated::KeyPathExpr.getNumberOfComponents/0#dispred#f667fa97/2@2f0015lu is empty, due to Synth::Synth::TKeyPathExpr#d2a0a362_1#join_rhs/1@775d5761.
[2026-10-07 23:45:23] (0s) Inferred that _KeyPathExpr::Generated::KeyPathExpr.getComponent/1#dispred#432613d1_01#count_range#join_rhs/2@406beclb is empty, due to KeyPathExpr::Generated::KeyPathExpr.getComponent/1#dispred#432613d1_01#count_range/2@2e9469sc.
[2026-10-07 23:45:23] (0s) Inferred that KeyPathComponent::KeyPathComponent.getNextComponent/0#dispred#0ffbfee6_10#join_rhs/2@89fbaf7g is empty, due to KeyPathComponent::KeyPathComponent.getNextComponent/0#dispred#0ffbfee6/2@6f7cc88f.
[2026-10-07 23:45:23] (0s) Inferred that cached_ControlFlowElements::TKeyPathElement#b129b1c7/2@8fb2b37h is empty, due to ControlFlowElements::TKeyPathElement#b129b1c7/2@69f0d63h.
[2026-10-07 23:45:23] (0s) Inferred that num#Ssa::Ssa::SsaInput::TKeyPathSourceVariable#96b937dc/2@bd8bafa1 is empty, due to Ssa::Ssa::SsaInput::TKeyPathSourceVariable#dom#15ef7cb5/1@9fe010a5.
[2026-10-07 23:45:23] (0s) Inferred that DataFlowPrivate::TKeyPathParameterNode#3b6d215d/2@c8d35c1m is empty, due to DataFlowPrivate::TKeyPathParameterNode#dom#d517c3e0/1@9fe010a5.
[2026-10-07 23:45:23] (0s) Inferred that DataFlowPrivate::TKeyPathParameterPostUpdateNode#b12a6191/2@96efb07d is empty, due to DataFlowPrivate::TKeyPathParameterNode#dom#d517c3e0/1@9fe010a5.
[2026-10-07 23:45:23] (0s) Inferred that DataFlowPrivate::TKeyPathReturnNode#d261fe57/2@120c47qa is empty, due to DataFlowPrivate::TKeyPathReturnNode#dom#57f84076/1@43f9b9k7.
[2026-10-07 23:45:23] (0s) Inferred that DataFlowPrivate::TKeyPathReturnPostUpdateNode#02247d28/2@2e80682j is empty, due to DataFlowPrivate::TKeyPathReturnNode#dom#57f84076/1@43f9b9k7.
[2026-10-07 23:45:23] (0s) Inferred that Ssa::Ssa::SsaInput::SourceVariable.asKeyPath/0#dispred#dfdcbd97/2@db4696dn is empty, due to num#Ssa::Ssa::SsaInput::TKeyPathSourceVariable#96b937dc/2@bd8bafa1.
[2026-10-07 23:45:23] (0s) Inferred that _ControlFlowGraphImplSpecific::CfgImpl::Cached::Public::getNodeCfgScope/1#0b45c2c9_DataFlowPrivate::__#shared#2/2@ccaf9ega is empty, due to DataFlowPrivate::TKeyPathParameterNode#3b6d215d/2@c8d35c1m.
[2026-10-07 23:45:23] (0s) Inferred that cached_DataFlowPrivate::TKeyPathParameterNode#3b6d215d/2@410265fi is empty, due to DataFlowPrivate::TKeyPathParameterNode#3b6d215d/2@c8d35c1m.
[2026-10-07 23:45:23] (0s) Inferred that cached_DataFlowPrivate::TKeyPathParameterPostUpdateNode#b12a6191/2@ed445d58 is empty, due to DataFlowPrivate::TKeyPathParameterPostUpdateNode#b12a6191/2@96efb07d.
[2026-10-07 23:45:23] (0s) Inferred that _ControlFlowGraphImplSpecific::CfgImpl::Cached::Public::getNodeCfgScope/1#0b45c2c9_DataFlowPrivate::__#shared/2@7fe99978 is empty, due to DataFlowPrivate::TKeyPathReturnNode#d261fe57/2@120c47qa.
[2026-10-07 23:45:23] (0s) Inferred that cached_DataFlowPrivate::TKeyPathReturnNode#d261fe57/2@f49b35li is empty, due to DataFlowPrivate::TKeyPathReturnNode#d261fe57/2@120c47qa.
[2026-10-07 23:45:23] (0s) Inferred that _ControlFlowGraphImplSpecific::CfgImpl::Cached::Public::getNodeCfgScope/1#0b45c2c9_DataFlowPrivate::__#shared#1/2@ae26b2df is empty, due to DataFlowPrivate::TKeyPathReturnPostUpdateNode#02247d28/2@2e80682j.
[2026-10-07 23:45:23] (0s) Inferred that cached_DataFlowPrivate::TKeyPathReturnPostUpdateNode#02247d28/2@96be547v is empty, due to DataFlowPrivate::TKeyPathReturnPostUpdateNode#02247d28/2@2e80682j.
[2026-10-07 23:45:23] (0s) Inferred that DataFlowPrivate::KeyPathParameterNode.isParameterOf/2#dispred#e6b9d143#cpe#12/2@9668ba8c is empty, due to _ControlFlowGraphImplSpecific::CfgImpl::Cached::Public::getNodeCfgScope/1#0b45c2c9_DataFlowPrivate::__#shared#2/2@ccaf9ega.
[2026-10-07 23:45:23] (0s) Inferred that DataFlowPrivate::KeyPathReturnNodeImpl.getKeyPathExpr/0#dispred#ed36f7c4/2@de2907m0 is empty, due to _ControlFlowGraphImplSpecific::CfgImpl::Cached::Public::getNodeCfgScope/1#0b45c2c9_DataFlowPrivate::__#shared/2@7fe99978.
[2026-10-07 23:45:23] (0s) Inferred that DataFlowPrivate::KeyPathReturnPostUpdateNode.getKeyPathExpr/0#dispred#ed1d1dd7/2@4eefc15c is empty, due to _ControlFlowGraphImplSpecific::CfgImpl::Cached::Public::getNodeCfgScope/1#0b45c2c9_DataFlowPrivate::__#shared#1/2@ae26b2df.
[2026-10-07 23:45:23] (0s) Inferred that DataFlowPrivate::KeyPathReturnNodeImpl.getKeyPathExpr/0#dispred#ed36f7c4_10#join_rhs/2@744b06jl is empty, due to DataFlowPrivate::KeyPathReturnNodeImpl.getKeyPathExpr/0#dispred#ed36f7c4/2@de2907m0.
[2026-10-07 23:45:23] (0s) Inferred that DataFlowPrivate::KeyPathReturnPostUpdateNode.getKeyPathExpr/0#dispred#ed1d1dd7_10#join_rhs/2@c08f6469 is empty, due to DataFlowPrivate::KeyPathReturnPostUpdateNode.getKeyPathExpr/0#dispred#ed1d1dd7/2@4eefc15c.
[2026-10-07 23:45:23] (0s)  >>> First-level cache hit cached_Synth::Synth::TDotSelfExpr#2af432ab/2@e85b6a0p with empty relation.
[2026-10-07 23:45:23] (0s) Inferred that Synth::Synth::TDotSelfExpr#2af432ab_1#join_rhs/1@53c290eg is empty, due to cached_Synth::Synth::TDotSelfExpr#2af432ab/2@e85b6a0p.
[2026-10-07 23:45:23] (0s)  >>> Full cache hit cached_Synth::Synth::TErasureExpr#b856878f/2@381a3but with 1 rows and digest ef80c4s0va0k3ebcef742csoor4.
[2026-10-07 23:45:23] (0s)  >>> Full cache hit cached_Synth::Synth::TDeclRefExpr#d9fd4dc9/2@30d0ffe0 with 46 rows and digest fff98496aicekodc7p8pjkb4sre.
[2026-10-07 23:45:23] (0s)  >>> First-level cache hit cached_Synth::Synth::TConsumeExpr#6debb2d8/2@6b4f96pi with empty relation.
[2026-10-07 23:45:23] (0s) Inferred that ConsumeExpr::Generated::ConsumeExpr.getImmediateSubExpr/0#dispred#ac9e2db9/2@6bf221ff is empty, due to cached_Synth::Synth::TConsumeExpr#6debb2d8/2@6b4f96pi.
[2026-10-07 23:45:23] (0s) Inferred that ControlFlowGraphImpl::Exprs::ConsumeExprTree#5b93c2f4/2@49e8dfin is empty, due to cached_Synth::Synth::TConsumeExpr#6debb2d8/2@6b4f96pi.
[2026-10-07 23:45:23] (0s)  >>> First-level cache hit cached_Synth::Synth::TUnsafeExpr#5c199287/2@9793536j with empty relation.
[2026-10-07 23:45:23] (0s) Inferred that ConsumeExpr::Generated::ConsumeExpr.getSubExpr/0#dispred#d4535c4c/2@57d543mu is empty, due to cached_Synth::Synth::TConsumeExpr#6debb2d8/2@6b4f96pi.
[2026-10-07 23:45:23] (0s)  >>> First-level cache hit cached_Synth::Synth::TOneWayExpr#b4202b84/2@53bd2276 with empty relation.
[2026-10-07 23:45:23] (0s) Inferred that Synth::Synth::TUnsafeExpr#5c199287_1#join_rhs/1@1e7a1bsu is empty, due to cached_Synth::Synth::TUnsafeExpr#5c199287/2@9793536j.
[2026-10-07 23:45:23] (0s) Inferred that OneWayExpr::Generated::OneWayExpr.getImmediateSubExpr/0#dispred#ea633a76/2@365ad4kn is empty, due to cached_Synth::Synth::TOneWayExpr#b4202b84/2@53bd2276.
[2026-10-07 23:45:23] (0s) Inferred that ControlFlowGraphImpl::Exprs::OneWayTree#cb2df409/2@517e9c41 is empty, due to cached_Synth::Synth::TOneWayExpr#b4202b84/2@53bd2276.
[2026-10-07 23:45:23] (0s) Inferred that OneWayExpr::Generated::OneWayExpr.getImmediateSubExpr/0#dispred#ea633a76/2@276a61rh is empty, due to cached_Synth::Synth::TOneWayExpr#b4202b84/2@53bd2276.
[2026-10-07 23:45:23] (0s) Inferred that Synth::Synth::TOneWayExpr#b4202b84_1#antijoin_rhs/1@9ea6f9ui is empty, due to cached_Synth::Synth::TOneWayExpr#b4202b84/2@53bd2276.
[2026-10-07 23:45:23] (0s) Inferred that OneWayExpr::Generated::OneWayExpr.getImmediateSubExpr/0#dispred#ea633a76/2@0fa60dmr is empty, due to cached_Synth::Synth::TOneWayExpr#b4202b84/2@53bd2276.
[2026-10-07 23:45:23] (0s) Inferred that OneWayExpr::Generated::OneWayExpr.getSubExpr/0#dispred#c18e12d1/2@20c5d1ss is empty, due to OneWayExpr::Generated::OneWayExpr.getImmediateSubExpr/0#dispred#ea633a76/2@276a61rh.
[2026-10-07 23:45:23] (0s) Inferred that OneWayExpr::Generated::OneWayExpr.getSubExpr/0#dispred#c18e12d1/2@1c2e71i4 is empty, due to OneWayExpr::Generated::OneWayExpr.getImmediateSubExpr/0#dispred#ea633a76/2@0fa60dmr.
[2026-10-07 23:45:23] (0s) Inferred that OneWayExpr::Generated::OneWayExpr.getSubExpr/0#dispred#c18e12d1_10#join_rhs/2@33cc1dd8 is empty, due to OneWayExpr::Generated::OneWayExpr.getSubExpr/0#dispred#c18e12d1/2@1c2e71i4.
[2026-10-07 23:45:23] (0s)  >>> First-level cache hit cached_Synth::Synth::TCoerceExpr#39192c64/2@c9b3526g with empty relation.
[2026-10-07 23:45:23] (0s) Inferred that Synth::Synth::TCoerceExpr#39192c64_1#join_rhs/1@0d83baln is empty, due to cached_Synth::Synth::TCoerceExpr#39192c64/2@c9b3526g.
[2026-10-07 23:45:23] (0s)  >>> First-level cache hit cached_Synth::Synth::TBorrowExpr#0b4a36c6/2@5e4be0jn with empty relation.
[2026-10-07 23:45:23] (0s) Inferred that Synth::Synth::TBorrowExpr#0b4a36c6_1#join_rhs/1@cf74975a is empty, due to cached_Synth::Synth::TBorrowExpr#0b4a36c6/2@5e4be0jn.
[2026-10-07 23:45:23] (0s)  >>> First-level cache hit cached_Synth::Synth::TBinaryExpr#db62cefe/2@87e3c192 with empty relation.
[2026-10-07 23:45:23] (0s) Inferred that Synth::Synth::TBinaryExpr#db62cefe_1#join_rhs/1@61eb4a29 is empty, due to cached_Synth::Synth::TBinaryExpr#db62cefe/2@87e3c192.
[2026-10-07 23:45:23] (0s) Inferred that _Expr::Expr.getResolveStep/0#dispred#318c6ca3_0#antijoin_rhs_Synth::Synth::TBinaryExpr#db62cefe#shared/2@0fa02emc is empty, due to cached_Synth::Synth::TBinaryExpr#db62cefe/2@87e3c192.
[2026-10-07 23:45:23] (0s)  >>> Full cache hit cached_Synth::Synth::TAssignExpr#4d91050c/2@40fbff87 with 19 rows and digest eb31a79tno31tjeg7p5lod4bhe6.
[2026-10-07 23:45:23] (0s) Inferred that BinaryExpr::BinaryExpr.getOperator/0#dispred#33df5e45/2@25de8cva is empty, due to cached_Synth::Synth::TBinaryExpr#db62cefe/2@87e3c192.
[2026-10-07 23:45:23] (0s) Inferred that _ApplyExpr::Generated::ApplyExpr.getFunction/0#dispred#12f7b5a0_Synth::Synth::TBinaryExpr#db62cefe#shared/2@94b678j5 is empty, due to cached_Synth::Synth::TBinaryExpr#db62cefe/2@87e3c192.
[2026-10-07 23:45:23] (0s) Inferred that ApplyExpr::ApplyExpr.getStaticTarget/0#dispred#43fd147e#bb/2@4d99cano is empty, due to Synth::Synth::TBinaryExpr#db62cefe_1#join_rhs/1@61eb4a29.
[2026-10-07 23:45:23] (0s) Inferred that BinaryExpr::BinaryExpr.getLeftOperand/0#dispred#5627d49e/2@907bdcir is empty, due to Synth::Synth::TBinaryExpr#db62cefe_1#join_rhs/1@61eb4a29.
[2026-10-07 23:45:23] (0s) Inferred that BinaryExpr::BinaryExpr.getRightOperand/0#dispred#f960358b/2@cd5591ci is empty, due to Synth::Synth::TBinaryExpr#db62cefe_1#join_rhs/1@61eb4a29.
[2026-10-07 23:45:23] (0s) Inferred that BinaryExpr::BinaryExpr.getAnOperand/0#dispred#916b0504/2@ebb300ik is empty, due to Synth::Synth::TBinaryExpr#db62cefe_1#join_rhs/1@61eb4a29.
[2026-10-07 23:45:23] (0s) Inferred that LogicalOperation::binaryHasName/2#3f8a69ba/2@5f5fa4o5 is empty, due to Synth::Synth::TBinaryExpr#db62cefe_1#join_rhs/1@61eb4a29.
[2026-10-07 23:45:23] (0s) Inferred that NilCoalescingExpr::NilCoalescingExpr#bb29413a/1@0e9cd0o0 is empty, due to Synth::Synth::TBinaryExpr#db62cefe_1#join_rhs/1@61eb4a29.
[2026-10-07 23:45:23] (0s) Inferred that _ApplyExpr::Generated::ApplyExpr.getFunction/0#dispred#12f7b5a0_Synth::Synth::TBinaryExpr#db62cefe_1__#join_rhs/2@e7492b33 is empty, due to Synth::Synth::TBinaryExpr#db62cefe_1#antijoin_rhs/1@61eb4a29.
[2026-10-07 23:45:23] (0s) Inferred that BinaryExpr::BinaryExpr.getLeftOperand/0#dispred#5627d49e/2@35792b2p is empty, due to Synth::Synth::TBinaryExpr#db62cefe_1#antijoin_rhs/1@61eb4a29.
[2026-10-07 23:45:23] (0s) Inferred that BinaryExpr::BinaryExpr.getRightOperand/0#dispred#f960358b/2@3bd7e2s8 is empty, due to Synth::Synth::TBinaryExpr#db62cefe_1#antijoin_rhs/1@61eb4a29.
[2026-10-07 23:45:23] (0s) Inferred that BinaryExpr::BinaryExpr.getAnOperand/0#dispred#916b0504/2@b57577mt is empty, due to Synth::Synth::TBinaryExpr#db62cefe_1#antijoin_rhs/1@61eb4a29.
[2026-10-07 23:45:23] (0s) Inferred that BinaryExpr::BinaryExpr.getOperator/0#dispred#33df5e45/2@651936d4 is empty, due to Synth::Synth::TBinaryExpr#db62cefe_1#antijoin_rhs/1@61eb4a29.
[2026-10-07 23:45:23] (0s) Inferred that BinaryExpr::BinaryExpr.getLeftOperand/0#dispred#5627d49e/2@9293b2ai is empty, due to Synth::Synth::TBinaryExpr#db62cefe_1#join_rhs/1@61eb4a29.
[2026-10-07 23:45:23] (0s) Inferred that BinaryExpr::BinaryExpr.getRightOperand/0#dispred#f960358b/2@6866ef0g is empty, due to Synth::Synth::TBinaryExpr#db62cefe_1#join_rhs/1@61eb4a29.
[2026-10-07 23:45:23] (0s) Inferred that BinaryExpr::BinaryExpr.getAnOperand/0#dispred#916b0504/2@78dd98ba is empty, due to Synth::Synth::TBinaryExpr#db62cefe_1#join_rhs/1@61eb4a29.
[2026-10-07 23:45:23] (0s) Inferred that ApplyExpr::ApplyExpr.getStaticTarget/0#a70d1aa7#bf/2@b3c9e6vc is empty, due to Synth::Synth::TBinaryExpr#db62cefe_1#join_rhs/1@61eb4a29.
[2026-10-07 23:45:23] (0s) Inferred that BinaryExpr::BinaryExpr.getOperator/0#dispred#33df5e45/2@e4287080 is empty, due to Synth::Synth::TBinaryExpr#db62cefe_1#join_rhs/1@61eb4a29.
[2026-10-07 23:45:23] (0s) Inferred that ArithmeticOperation::BinaryArithmeticOperation#2b02161d/1@be78b7s2 is empty, due to Synth::Synth::TBinaryExpr#db62cefe_1#join_rhs/1@61eb4a29.
[2026-10-07 23:45:23] (0s) Inferred that BitwiseOperation::BinaryBitwiseOperation#2041b93e/1@ad05afj3 is empty, due to Synth::Synth::TBinaryExpr#db62cefe_1#join_rhs/1@61eb4a29.
[2026-10-07 23:45:23] (0s) Inferred that ApplyExpr::Generated::ApplyExpr.getFunction/0#dispred#12f7b5a0#bf/2@6d8a0d0n is empty, due to _Expr::Expr.getResolveStep/0#dispred#318c6ca3_0#antijoin_rhs_Synth::Synth::TBinaryExpr#db62cefe#shared/2@0fa02emc.
[2026-10-07 23:45:23] (0s) Inferred that BinaryExpr::BinaryExpr.getOperator/0#dispred#33df5e45_10#join_rhs/2@187e2855 is empty, due to BinaryExpr::BinaryExpr.getOperator/0#dispred#33df5e45/2@25de8cva.
[2026-10-07 23:45:23] (0s) Inferred that ApplyExpr::ApplyExpr.getStaticTarget/0#a70d1aa7#bf/2@e4f35424 is empty, due to _ApplyExpr::Generated::ApplyExpr.getFunction/0#dispred#12f7b5a0_Synth::Synth::TBinaryExpr#db62cefe#shared/2@94b678j5.
[2026-10-07 23:45:23] (0s) Inferred that BinaryExpr::BinaryExpr.getOperator/0#dispred#33df5e45/2@99517fr7 is empty, due to _ApplyExpr::Generated::ApplyExpr.getFunction/0#dispred#12f7b5a0_Synth::Synth::TBinaryExpr#db62cefe#shared/2@94b678j5.
[2026-10-07 23:45:23] (0s) Inferred that ApplyExpr::ApplyExpr.getStaticTarget/0#dispred#43fd147e#bb_10#join_rhs/2@dab9e1k8 is empty, due to ApplyExpr::ApplyExpr.getStaticTarget/0#dispred#43fd147e#bb/2@4d99cano.
[2026-10-07 23:45:23] (0s) Inferred that _BinaryExpr::BinaryExpr.getLeftOperand/0#dispred#5627d49e_ControlFlowGraphImpl::Exprs::LogicalAndTre__#join_rhs/2@ce52934j is empty, due to BinaryExpr::BinaryExpr.getLeftOperand/0#dispred#5627d49e/2@907bdcir.
[2026-10-07 23:45:23] (0s) Inferred that _BinaryExpr::BinaryExpr.getLeftOperand/0#dispred#5627d49e_ControlFlowGraphImpl::Exprs::LogicalOrTree__#join_rhs/2@c079d9mb is empty, due to BinaryExpr::BinaryExpr.getLeftOperand/0#dispred#5627d49e/2@907bdcir.
[2026-10-07 23:45:23] (0s) Inferred that _BinaryExpr::BinaryExpr.getLeftOperand/0#dispred#5627d49e_ControlFlowGraphImpl::Exprs::NilCoalescing__#join_rhs/2@82cc33s1 is empty, due to BinaryExpr::BinaryExpr.getLeftOperand/0#dispred#5627d49e/2@907bdcir.
[2026-10-07 23:45:23] (0s) Inferred that BinaryExpr::BinaryExpr.getAnOperand/0#dispred#916b0504_10#join_rhs/2@fa42136v is empty, due to BinaryExpr::BinaryExpr.getAnOperand/0#dispred#916b0504/2@ebb300ik.
[2026-10-07 23:45:23] (0s) Inferred that LogicalOperation::binaryHasName/2#3f8a69ba_10#join_rhs/2@aac24al0 is empty, due to LogicalOperation::binaryHasName/2#3f8a69ba/2@5f5fa4o5.
[2026-10-07 23:45:23] (0s) Inferred that ControlFlowGraphImpl::Exprs::NilCoalescingTree#d5b7d92c/2@81749c25 is empty, due to NilCoalescingExpr::NilCoalescingExpr#bb29413a/1@0e9cd0o0.
[2026-10-07 23:45:23] (0s) Inferred that BinaryExpr::BinaryExpr.getOperator/0#dispred#33df5e45_10#join_rhs/2@7ddcc897 is empty, due to BinaryExpr::BinaryExpr.getOperator/0#dispred#33df5e45/2@651936d4.
[2026-10-07 23:45:23] (0s) Inferred that Assignment::AssignOperation.getDest/0#dispred#9b53fdf0/2@a0b59e0i is empty, due to BinaryExpr::BinaryExpr.getLeftOperand/0#dispred#5627d49e/2@9293b2ai.
[2026-10-07 23:45:23] (0s) Inferred that Assignment::AssignOperation.getSource/0#dispred#ce0d9f6f/2@38ecb67d is empty, due to BinaryExpr::BinaryExpr.getRightOperand/0#dispred#f960358b/2@6866ef0g.
[2026-10-07 23:45:23] (0s) Inferred that BinaryExpr::BinaryExpr.getOperator/0#dispred#33df5e45_10#join_rhs/2@56436b2e is empty, due to BinaryExpr::BinaryExpr.getOperator/0#dispred#33df5e45/2@e4287080.
[2026-10-07 23:45:23] (0s) Inferred that ApplyExpr::Generated::ApplyExpr.getFunction/0#dispred#12f7b5a0#bf_10#join_rhs/2@94f9e0qf is empty, due to ApplyExpr::Generated::ApplyExpr.getFunction/0#dispred#12f7b5a0#bf/2@6d8a0d0n.
[2026-10-07 23:45:23] (0s) Inferred that Assignment::AssignOperation#fd886dd2/1@474badlt is empty, due to BinaryExpr::BinaryExpr.getOperator/0#dispred#33df5e45_10#join_rhs/2@187e2855.
[2026-10-07 23:45:23] (0s) Inferred that BinaryExpr::BinaryExpr.getOperator/0#dispred#33df5e45_10#join_rhs/2@56b17b69 is empty, due to BinaryExpr::BinaryExpr.getOperator/0#dispred#33df5e45/2@99517fr7.
[2026-10-07 23:45:23] (0s) Inferred that ControlFlowElements::TNilCoalescingTestElement#dom#9e6e87fe/1@721b5ffg is empty, due to ApplyExpr::ApplyExpr.getStaticTarget/0#dispred#43fd147e#bb_10#join_rhs/2@dab9e1k8.
[2026-10-07 23:45:23] (0s) Inferred that ControlFlowGraphImpl::Exprs::LogicalAndTree#5b65ca69/2@f51c6anm is empty, due to LogicalOperation::binaryHasName/2#3f8a69ba_10#join_rhs/2@aac24al0.
[2026-10-07 23:45:23] (0s) Inferred that ControlFlowGraphImpl::Exprs::LogicalOrTree#12e0a7ea/2@b17ad1at is empty, due to LogicalOperation::binaryHasName/2#3f8a69ba_10#join_rhs/2@aac24al0.
[2026-10-07 23:45:23] (0s) Inferred that LogicalOperation::BinaryLogicalOperation#fdbe8262/1@e09ae2rc is empty, due to LogicalOperation::binaryHasName/2#3f8a69ba_10#join_rhs/2@aac24al0.
[2026-10-07 23:45:23] (0s) Inferred that Assignment::AssignOperation#fd886dd2/1@178aecbl is empty, due to BinaryExpr::BinaryExpr.getOperator/0#dispred#33df5e45_10#join_rhs/2@7ddcc897.
[2026-10-07 23:45:23] (0s) Inferred that Assignment::AssignOperation#fd886dd2/1@1ffc3c6l is empty, due to BinaryExpr::BinaryExpr.getOperator/0#dispred#33df5e45_10#join_rhs/2@56436b2e.
[2026-10-07 23:45:23] (0s) Inferred that Assignment::AssignOperation#fd886dd2/1@cb10906l is empty, due to BinaryExpr::BinaryExpr.getOperator/0#dispred#33df5e45_10#join_rhs/2@56b17b69.
[2026-10-07 23:45:23] (0s) Inferred that ControlFlowElements::TNilCoalescingTestElement#66034683/2@56217bvh is empty, due to ControlFlowElements::TNilCoalescingTestElement#dom#9e6e87fe/1@721b5ffg.
[2026-10-07 23:45:23] (0s) Inferred that cached_ControlFlowElements::TNilCoalescingTestElement#66034683/2@463f7b9d is empty, due to ControlFlowElements::TNilCoalescingTestElement#66034683/2@56217bvh.
[2026-10-07 23:45:23] (0s)  >>> First-level cache hit cached_Synth::Synth::TTupleExpr#29bd1b0a/2@262e14j1 with empty relation.
[2026-10-07 23:45:23] (0s) Inferred that TupleExpr::Generated::TupleExpr.getImmediateElement/1#dispred#96eaeafe/3@5efb9fg9 is empty, due to cached_Synth::Synth::TTupleExpr#29bd1b0a/2@262e14j1.
[2026-10-07 23:45:23] (0s) Inferred that ControlFlowGraphImpl::Exprs::TupleTree#c270585a/2@27aa4bdm is empty, due to cached_Synth::Synth::TTupleExpr#29bd1b0a/2@262e14j1.
[2026-10-07 23:45:23] (0s) Inferred that TupleExpr::Generated::TupleExpr.getImmediateElement/1#dispred#96eaeafe/3@1690c1k9 is empty, due to cached_Synth::Synth::TTupleExpr#29bd1b0a/2@262e14j1.
[2026-10-07 23:45:23] (0s) Inferred that Synth::Synth::TTupleExpr#29bd1b0a_1#antijoin_rhs/1@59313bqc is empty, due to cached_Synth::Synth::TTupleExpr#29bd1b0a/2@262e14j1.
[2026-10-07 23:45:23] (0s)  >>> First-level cache hit cached_Synth::Synth::TParenExpr#81d40ae0/2@a5bab0cg with empty relation.
[2026-10-07 23:45:23] (0s) Inferred that TupleExpr::Generated::TupleExpr.getImmediateElement/1#dispred#96eaeafe/3@a4e22ade is empty, due to cached_Synth::Synth::TTupleExpr#29bd1b0a/2@262e14j1.
[2026-10-07 23:45:23] (0s) Inferred that TupleExpr::Generated::TupleExpr.getImmediateElement/1#dispred#96eaeafe/3@b2bb49vi is empty, due to cached_Synth::Synth::TTupleExpr#29bd1b0a/2@262e14j1.
[2026-10-07 23:45:23] (0s) Inferred that TupleExpr::Generated::TupleExpr.getImmediateElement/1#dispred#96eaeafe/3@4701f1qn is empty, due to cached_Synth::Synth::TTupleExpr#29bd1b0a/2@262e14j1.
[2026-10-07 23:45:23] (0s) Inferred that _TupleExpr::Generated::TupleExpr.getImmediateElement/1#dispred#96eaeafe#max_range/2@a4a508ni is empty, due to TupleExpr::Generated::TupleExpr.getImmediateElement/1#dispred#96eaeafe/3@5efb9fg9.
[2026-10-07 23:45:23] (0s) Inferred that _TupleExpr::Generated::TupleExpr.getImmediateElement/1#dispred#96eaeafe#max_term/3@20ffd550 is empty, due to TupleExpr::Generated::TupleExpr.getImmediateElement/1#dispred#96eaeafe/3@5efb9fg9.
[2026-10-07 23:45:23] (0s) Inferred that ControlFlowGraphImpl::Exprs::TupleTree#c270585a_10#join_rhs/2@a40f2btk is empty, due to ControlFlowGraphImpl::Exprs::TupleTree#c270585a/2@27aa4bdm.
[2026-10-07 23:45:23] (0s) Inferred that TupleExpr::Generated::TupleExpr.getImmediateElement/1#dispred#96eaeafe_102#join_rhs/3@9a2185nh is empty, due to TupleExpr::Generated::TupleExpr.getImmediateElement/1#dispred#96eaeafe/3@a4e22ade.
[2026-10-07 23:45:23] (0s) Inferred that TupleExpr::Generated::TupleExpr.getElement/1#dispred#37228a9a/3@37dfa27e is empty, due to TupleExpr::Generated::TupleExpr.getImmediateElement/1#dispred#96eaeafe/3@b2bb49vi.
[2026-10-07 23:45:23] (0s) Inferred that TupleExpr::Generated::TupleExpr.getImmediateElement/1#dispred#96eaeafe_102#join_rhs/3@aa9927qt is empty, due to TupleExpr::Generated::TupleExpr.getImmediateElement/1#dispred#96eaeafe/3@4701f1qn.
[2026-10-07 23:45:23] (0s) Inferred that __TupleExpr::Generated::TupleExpr.getImmediateElement/1#dispred#96eaeafe#max_range__TupleExpr::Gener__#join_rhs/1@4f2e66qo is empty, due to _TupleExpr::Generated::TupleExpr.getImmediateElement/1#dispred#96eaeafe#max_range/2@a4a508ni.
[2026-10-07 23:45:23] (0s) Inferred that DataFlowPrivate::TTupleContent#dom#71e703a3/1@b1271b51 is empty, due to TupleExpr::Generated::TupleExpr.getElement/1#dispred#37228a9a/3@37dfa27e.
[2026-10-07 23:45:23] (0s) Inferred that TupleExpr::Generated::TupleExpr.getElement/1#dispred#37228a9a_102#join_rhs/3@1bf33bve is empty, due to TupleExpr::Generated::TupleExpr.getElement/1#dispred#37228a9a/3@37dfa27e.
[2026-10-07 23:45:23] (0s) Inferred that DataFlowPrivate::TTupleContent#94e22c35/2@96d249gk is empty, due to DataFlowPrivate::TTupleContent#dom#71e703a3/1@b1271b51.
[2026-10-07 23:45:23] (0s) Inferred that DataFlowPrivate::TTupleContent#94e22c35_1#join_rhs/1@bcaac897 is empty, due to DataFlowPrivate::TTupleContent#94e22c35/2@96d249gk.
[2026-10-07 23:45:23] (0s) Inferred that _DataFlowPrivate::TSingletonContent#7a03e3e2_DataFlowPrivate::TTupleContent#94e22c35#shared/2@f2d3f3s6 is empty, due to DataFlowPrivate::TTupleContent#94e22c35/2@96d249gk.
[2026-10-07 23:45:23] (0s) Inferred that cached_DataFlowPrivate::TTupleContent#94e22c35/2@8b9ec8e0 is empty, due to DataFlowPrivate::TTupleContent#94e22c35/2@96d249gk.
[2026-10-07 23:45:23] (0s) Inferred that Synth::Synth::TParenExpr#81d40ae0_1#join_rhs/1@c828b83t is empty, due to cached_Synth::Synth::TParenExpr#81d40ae0/2@a5bab0cg.
[2026-10-07 23:45:23] (0s)  >>> First-level cache hit cached_Synth::Synth::TErrorExpr#cc07fd89/2@1fe2e1ag with empty relation.
[2026-10-07 23:45:23] (0s)  >>> First-level cache hit cached_Synth::Synth::TInOutExpr#44321ca1/2@cfb0c1m8 with empty relation.
[2026-10-07 23:45:23] (0s) Inferred that InOutExpr::Generated::InOutExpr.getImmediateSubExpr/0#dispred#6680fe37/2@78984244 is empty, due to cached_Synth::Synth::TInOutExpr#44321ca1/2@cfb0c1m8.
[2026-10-07 23:45:23] (0s) Inferred that ControlFlowGraphImpl::Exprs::Conversions::InOutTree#e16d2740/2@ffad588q is empty, due to cached_Synth::Synth::TInOutExpr#44321ca1/2@cfb0c1m8.
[2026-10-07 23:45:23] (0s) Inferred that InOutExpr::InOutExpr.convertsFrom/1#dispred#3ce579ad/2@1f33beg7 is empty, due to cached_Synth::Synth::TInOutExpr#44321ca1/2@cfb0c1m8.
[2026-10-07 23:45:23] (0s)  >>> First-level cache hit cached_Synth::Synth::TAwaitExpr#6204bb36/2@f57a4dsq with empty relation.
[2026-10-07 23:45:23] (0s) Inferred that Synth::Synth::TInOutExpr#44321ca1_1#antijoin_rhs/1@24ed01nc is empty, due to cached_Synth::Synth::TInOutExpr#44321ca1/2@cfb0c1m8.
[2026-10-07 23:45:23] (0s) Inferred that InOutExpr::Generated::InOutExpr.getImmediateSubExpr/0#dispred#6680fe37/2@1f90d4i5 is empty, due to cached_Synth::Synth::TInOutExpr#44321ca1/2@cfb0c1m8.
[2026-10-07 23:45:23] (0s) Inferred that InOutExpr::Generated::InOutExpr.getImmediateSubExpr/0#dispred#6680fe37/2@2303bcm3 is empty, due to cached_Synth::Synth::TInOutExpr#44321ca1/2@cfb0c1m8.
[2026-10-07 23:45:23] (0s) Inferred that InOutExpr::Generated::InOutExpr.getImmediateSubExpr/0#dispred#6680fe37/2@8b7c5ajf is empty, due to cached_Synth::Synth::TInOutExpr#44321ca1/2@cfb0c1m8.
[2026-10-07 23:45:23] (0s) Inferred that InOutExpr::Generated::InOutExpr.getSubExpr/0#dispred#8e1cba9b#fb/2@425705g8 is empty, due to InOutExpr::Generated::InOutExpr.getImmediateSubExpr/0#dispred#6680fe37/2@1f90d4i5.
[2026-10-07 23:45:23] (0s) Inferred that InOutExpr::Generated::InOutExpr.getSubExpr/0#dispred#8e1cba9b#fb/2@4b1c72p7 is empty, due to InOutExpr::Generated::InOutExpr.getImmediateSubExpr/0#dispred#6680fe37/2@2303bcm3.
[2026-10-07 23:45:23] (0s) Inferred that InOutExpr::Generated::InOutExpr.getSubExpr/0#dispred#8e1cba9b/2@16d926om is empty, due to InOutExpr::Generated::InOutExpr.getImmediateSubExpr/0#dispred#6680fe37/2@8b7c5ajf.
[2026-10-07 23:45:23] (0s) Inferred that Synth::Synth::TAwaitExpr#6204bb36_1#join_rhs/1@a7f0a492 is empty, due to cached_Synth::Synth::TAwaitExpr#6204bb36/2@f57a4dsq.
[2026-10-07 23:45:23] (0s)  >>> Full cache hit cached_Synth::Synth::TArrayExpr#8890e100/2@3606681p with 1 rows and digest 1f9403unn24h6cuel3fq4v1fgj7.
[2026-10-07 23:45:23] (0s)  >>> First-level cache hit cached_Synth::Synth::TTypeExpr#b91ffb42/2@02a62fnc with empty relation.
[2026-10-07 23:45:23] (0s)  >>> First-level cache hit cached_Synth::Synth::TLoadExpr#f2bc71da/2@83f84ag1 with empty relation.
[2026-10-07 23:45:23] (0s) Inferred that Synth::Synth::TTypeExpr#b91ffb42_1#antijoin_rhs/1@cbf8ddbu is empty, due to cached_Synth::Synth::TTypeExpr#b91ffb42/2@02a62fnc.
[2026-10-07 23:45:23] (0s) Inferred that TypeExpr::Generated::TypeExpr.getTypeRepr/0#dispred#b5c9c332/2@6b826dbl is empty, due to cached_Synth::Synth::TTypeExpr#b91ffb42/2@02a62fnc.
[2026-10-07 23:45:23] (0s)  >>> First-level cache hit cached_Synth::Synth::TCopyExpr#df1dd922/2@381dcf46 with empty relation.
[2026-10-07 23:45:23] (0s) Inferred that Synth::Synth::TLoadExpr#f2bc71da_1#join_rhs/1@532796dn is empty, due to cached_Synth::Synth::TLoadExpr#f2bc71da/2@83f84ag1.
[2026-10-07 23:45:23] (0s) Inferred that CopyExpr::Generated::CopyExpr.getImmediateSubExpr/0#dispred#cb9a8662/2@d41160tt is empty, due to cached_Synth::Synth::TCopyExpr#df1dd922/2@381dcf46.
[2026-10-07 23:45:23] (0s) Inferred that ControlFlowGraphImpl::Exprs::CopyExprTree#4b32ef53/2@8c34a4f8 is empty, due to cached_Synth::Synth::TCopyExpr#df1dd922/2@381dcf46.
[2026-10-07 23:45:23] (0s) Inferred that CopyExpr::Generated::CopyExpr.getSubExpr/0#dispred#141b1e34/2@983af3os is empty, due to cached_Synth::Synth::TCopyExpr#df1dd922/2@381dcf46.
[2026-10-07 23:45:23] (0s)  >>> Full cache hit cached_Synth::Synth::TCallExpr#5b2e69bc/2@ac6e2ca5 with 24 rows and digest ac2c5a6rq6slb75po2mi1rncc47.
[2026-10-07 23:45:23] (0s)  >>> First-level cache hit cached_Synth::Synth::TTapExpr#846ec96a/2@904b5dhq with empty relation.
[2026-10-07 23:45:23] (0s) Inferred that TapExpr::Generated::TapExpr.getBody/0#dispred#4d5cdd10/2@d336b41m is empty, due to cached_Synth::Synth::TTapExpr#846ec96a/2@904b5dhq.
[2026-10-07 23:45:23] (0s) Inferred that TapExpr::Generated::TapExpr.getImmediateSubExpr/0#dispred#f0eaddd8/2@0cab1cqt is empty, due to cached_Synth::Synth::TTapExpr#846ec96a/2@904b5dhq.
[2026-10-07 23:45:23] (0s) Inferred that ControlFlowGraphImpl::Exprs::TapExprTree#25ea11c1/2@f5e833je is empty, due to cached_Synth::Synth::TTapExpr#846ec96a/2@904b5dhq.
[2026-10-07 23:45:23] (0s) Inferred that TapExpr::Generated::TapExpr.getSubExpr/0#dispred#7736fb47/2@03272blr is empty, due to cached_Synth::Synth::TTapExpr#846ec96a/2@904b5dhq.
[2026-10-07 23:45:23] (0s) Inferred that TapExpr::Generated::TapExpr.getVar/0#dispred#47d1a6b5/2@5ff3296n is empty, due to cached_Synth::Synth::TTapExpr#846ec96a/2@904b5dhq.
[2026-10-07 23:45:23] (0s) Inferred that TapExpr::Generated::TapExpr.getImmediateSubExpr/0#dispred#f0eaddd8/2@f61f4dp1 is empty, due to cached_Synth::Synth::TTapExpr#846ec96a/2@904b5dhq.
[2026-10-07 23:45:23] (0s) Inferred that TapExpr::Generated::TapExpr.getImmediateSubExpr/0#dispred#f0eaddd8/2@15e40b7d is empty, due to cached_Synth::Synth::TTapExpr#846ec96a/2@904b5dhq.
[2026-10-07 23:45:23] (0s) Inferred that _Expr::Expr.getResolveStep/0#dispred#318c6ca3_0#antijoin_rhs_TapExpr::Generated::TapExpr.getImmediat__#shared/2@b00fa0ac is empty, due to TapExpr::Generated::TapExpr.getImmediateSubExpr/0#dispred#f0eaddd8/2@f61f4dp1.
[2026-10-07 23:45:23] (0s) Inferred that _Expr::Expr.getResolveStep/0#dispred#318c6ca3_0#antijoin_rhs_TapExpr::Generated::TapExpr.getImmediat__#shared/2@e83b49d5 is empty, due to TapExpr::Generated::TapExpr.getImmediateSubExpr/0#dispred#f0eaddd8/2@15e40b7d.
[2026-10-07 23:45:23] (0s)  >>> First-level cache hit cached_Synth::Synth::TTryExpr#e15e67f5/2@23e87dm1 with empty relation.
[2026-10-07 23:45:23] (0s) Inferred that TapExpr::Generated::TapExpr.getSubExpr/0#dispred#7736fb47/2@f7d528n4 is empty, due to _Expr::Expr.getResolveStep/0#dispred#318c6ca3_0#antijoin_rhs_TapExpr::Generated::TapExpr.getImmediat__#shared/2@b00fa0ac.
[2026-10-07 23:45:23] (0s) Inferred that TapExpr::Generated::TapExpr.getSubExpr/0#dispred#7736fb47/2@389397iu is empty, due to _Expr::Expr.getResolveStep/0#dispred#318c6ca3_0#antijoin_rhs_TapExpr::Generated::TapExpr.getImmediat__#shared/2@e83b49d5.
[2026-10-07 23:45:23] (0s) Inferred that Synth::Synth::TTryExpr#e15e67f5_1#join_rhs/1@249c39ah is empty, due to cached_Synth::Synth::TTryExpr#e15e67f5/2@23e87dm1.
[2026-10-07 23:45:23] (0s)  >>> First-level cache hit cached_Synth::Synth::TIsExpr#e5607cdc/2@834e3ec6 with empty relation.
[2026-10-07 23:45:23] (0s) Inferred that Synth::Synth::TIsExpr#e5607cdc_1#join_rhs/1@11e969ks is empty, due to cached_Synth::Synth::TIsExpr#e5607cdc/2@834e3ec6.
[2026-10-07 23:45:23] (0s) Inferred that ControlFlowGraphImpl::Exprs::IsTree#1f7ef8b0/2@6b4c763m is empty, due to cached_Synth::Synth::TIsExpr#e5607cdc/2@834e3ec6.
[2026-10-07 23:45:23] (0s)  >>> First-level cache hit cached_Synth::Synth::TIfExpr#0dd62e70/2@d935f787 with empty relation.
[2026-10-07 23:45:23] (0s) Inferred that IfExpr::Generated::IfExpr.getImmediateCondition/0#dispred#9e95f85f/2@e409d1u6 is empty, due to cached_Synth::Synth::TIfExpr#0dd62e70/2@d935f787.
[2026-10-07 23:45:23] (0s) Inferred that IfExpr::Generated::IfExpr.getImmediateElseExpr/0#dispred#0068860d/2@0e3c7f66 is empty, due to cached_Synth::Synth::TIfExpr#0dd62e70/2@d935f787.
[2026-10-07 23:45:23] (0s) Inferred that IfExpr::Generated::IfExpr.getImmediateThenExpr/0#dispred#d2e27c38/2@f81f80q7 is empty, due to cached_Synth::Synth::TIfExpr#0dd62e70/2@d935f787.
[2026-10-07 23:45:23] (0s) Inferred that ControlFlowGraphImpl::Exprs::IfTree#a7e65e91/2@e758e10g is empty, due to cached_Synth::Synth::TIfExpr#0dd62e70/2@d935f787.
[2026-10-07 23:45:23] (0s) Inferred that _Expr::Expr.getResolveStep/0#dispred#318c6ca3_0#antijoin_rhs_Synth::Synth::TIfExpr#0dd62e70#shared/2@a4e0db9e is empty, due to cached_Synth::Synth::TIfExpr#0dd62e70/2@d935f787.
[2026-10-07 23:45:23] (0s) Inferred that Synth::Synth::TIfExpr#0dd62e70_1#antijoin_rhs/1@7196a8u5 is empty, due to cached_Synth::Synth::TIfExpr#0dd62e70/2@d935f787.
[2026-10-07 23:45:23] (0s) Inferred that IfExpr::Generated::IfExpr.getImmediateElseExpr/0#dispred#0068860d/2@5f4f759f is empty, due to cached_Synth::Synth::TIfExpr#0dd62e70/2@d935f787.
[2026-10-07 23:45:23] (0s) Inferred that IfExpr::Generated::IfExpr.getImmediateThenExpr/0#dispred#d2e27c38/2@371af405 is empty, due to cached_Synth::Synth::TIfExpr#0dd62e70/2@d935f787.
[2026-10-07 23:45:23] (0s)  >>> Full cache hit cached_Synth::Synth::TReturnStmt#df2ab8bc/2@10df35nh with 123 rows and digest bb88f8d835qo9i5da5tueemj4v7.
[2026-10-07 23:45:23] (0s) Inferred that IfExpr::Generated::IfExpr.getImmediateElseExpr/0#dispred#0068860d/2@1e11b8a6 is empty, due to cached_Synth::Synth::TIfExpr#0dd62e70/2@d935f787.
[2026-10-07 23:45:23] (0s) Inferred that IfExpr::Generated::IfExpr.getImmediateThenExpr/0#dispred#d2e27c38/2@448c64g2 is empty, due to cached_Synth::Synth::TIfExpr#0dd62e70/2@d935f787.
[2026-10-07 23:45:23] (0s) Inferred that IfExpr::IfExpr.getBranch/1#dispred#85052849/3@14074e9t is empty, due to cached_Synth::Synth::TIfExpr#0dd62e70/2@d935f787.
[2026-10-07 23:45:23] (0s) Inferred that _ControlFlowGraphImpl::Exprs::IfTree#a7e65e91_Expr::Expr.getFullyConverted/0#dispred#e3fb566d#bf_IfE__#join_rhs/2@bf4a8f10 is empty, due to ControlFlowGraphImpl::Exprs::IfTree#a7e65e91/2@e758e10g.
[2026-10-07 23:45:23] (0s) Inferred that IfExpr::Generated::IfExpr.getCondition/0#dispred#45c2f310/2@3b6a79io is empty, due to _Expr::Expr.getResolveStep/0#dispred#318c6ca3_0#antijoin_rhs_Synth::Synth::TIfExpr#0dd62e70#shared/2@a4e0db9e.
[2026-10-07 23:45:23] (0s) Inferred that IfExpr::IfExpr.getBranch/1#dispred#85052849/3@78fb32df is empty, due to _Expr::Expr.getResolveStep/0#dispred#318c6ca3_0#antijoin_rhs_Synth::Synth::TIfExpr#0dd62e70#shared/2@a4e0db9e.
[2026-10-07 23:45:23] (0s) Inferred that _Expr::Expr.getResolveStep/0#dispred#318c6ca3_0#antijoin_rhs_IfExpr::Generated::IfExpr.getImmediateE__#shared/2@19ea940i is empty, due to IfExpr::Generated::IfExpr.getImmediateElseExpr/0#dispred#0068860d/2@5f4f759f.
[2026-10-07 23:45:23] (0s) Inferred that _Expr::Expr.getResolveStep/0#dispred#318c6ca3_0#antijoin_rhs_IfExpr::Generated::IfExpr.getImmediateE__#shared/2@b02eed2i is empty, due to IfExpr::Generated::IfExpr.getImmediateElseExpr/0#dispred#0068860d/2@5f4f759f.
[2026-10-07 23:45:23] (0s) Inferred that _Expr::Expr.getResolveStep/0#dispred#318c6ca3_0#antijoin_rhs_IfExpr::Generated::IfExpr.getImmediateT__#shared/2@f46c6euh is empty, due to IfExpr::Generated::IfExpr.getImmediateThenExpr/0#dispred#d2e27c38/2@371af405.
[2026-10-07 23:45:23] (0s) Inferred that _Expr::Expr.getResolveStep/0#dispred#318c6ca3_0#antijoin_rhs_IfExpr::Generated::IfExpr.getImmediateT__#shared/2@cedea1t9 is empty, due to IfExpr::Generated::IfExpr.getImmediateThenExpr/0#dispred#d2e27c38/2@371af405.
[2026-10-07 23:45:23] (0s) Inferred that IfExpr::IfExpr.getBranch/1#dispred#85052849_02#join_rhs/2@9d6e1cqq is empty, due to IfExpr::IfExpr.getBranch/1#dispred#85052849/3@78fb32df.
[2026-10-07 23:45:23] (0s)  >>> First-level cache hit cached_Synth::Synth::TPoundDiagnosticDecl#d3399477/2@d168bd2o with empty relation.
[2026-10-07 23:45:23] (0s) Inferred that Synth::Synth::TPoundDiagnosticDecl#d3399477_1#join_rhs/1@5d39b7p1 is empty, due to cached_Synth::Synth::TPoundDiagnosticDecl#d3399477/2@d168bd2o.
[2026-10-07 23:45:23] (0s) Inferred that PoundDiagnosticDecl::Generated::PoundDiagnosticDecl.getKind/0#dispred#67cce978/2@708ad1hv is empty, due to cached_Synth::Synth::TPoundDiagnosticDecl#d3399477/2@d168bd2o.
[2026-10-07 23:45:23] (0s) Inferred that PoundDiagnosticDecl::Generated::PoundDiagnosticDecl.getKind/0#dispred#67cce978_10#join_rhs/2@e08f9da7 is empty, due to PoundDiagnosticDecl::Generated::PoundDiagnosticDecl.getKind/0#dispred#67cce978/2@708ad1hv.
[2026-10-07 23:45:23] (0s)  >>> Full cache hit cached_Synth::Synth::TPostfixOperatorDecl#6def445d/2@50273dft with 3 rows and digest 3f0733r1gn0oli115jamkiptb4b.
[2026-10-07 23:45:23] (0s)  >>> Full cache hit cached_Synth::Synth::TPrecedenceGroupDecl#4784d5d9/2@921e3a36 with 13 rows and digest 06a7cchqpphump3818s37cd05s0.
[2026-10-07 23:45:23] (0s)  >>> Full cache hit cached_Synth::Synth::TPrefixOperatorDecl#383f6a1b/2@9146db1u with 9 rows and digest f44864ti7gme3blqlen95mpkcc6.
[2026-10-07 23:45:23] (0s)  >>> Full cache hit cached_Synth::Synth::TMissingMemberDecl#59cfcae4/2@b3302349 with 2 rows and digest 008b91c0s374eud8sielushfv2c.
[2026-10-07 23:45:23] (0s)  >>> Full cache hit cached_Synth::Synth::TInfixOperatorDecl#4aa5ee2c/2@a59c30l1 with 57 rows and digest 99570aup6s79uljs99egehnr250.
[2026-10-07 23:45:23] (0s)  >>> Full cache hit cached_Synth::Synth::TPatternBindingDecl#b9107b65/2@1972b94v with 3506 rows and digest 6e3b698k0uju9foa9ca339o1h25.
[2026-10-07 23:45:23] (0s)  >>> Full cache hit cached_Synth::Synth::TTopLevelCodeDecl#fb4ec4ee/2@b154dacv with 1 rows and digest 8f64b86nnvosuvmgks0dpgubqjb.
[2026-10-07 23:45:23] (0s)  >>> First-level cache hit cached_Synth::Synth::TIfConfigDecl#43f53a30/2@893fd7t9 with empty relation.
[2026-10-07 23:45:23] (0s)  >>> Full cache hit cached_Synth::Synth::TExtensionDecl#cddc3503/2@6e51d0bc with 2415 rows and digest e8336d6dt3jk1m7jk4tmm7s5h99.
[2026-10-07 23:45:23] (0s) Inferred that Synth::Synth::TIfConfigDecl#43f53a30_1#antijoin_rhs/1@901b713d is empty, due to cached_Synth::Synth::TIfConfigDecl#43f53a30/2@893fd7t9.
[2026-10-07 23:45:23] (0s)  >>> First-level cache hit cached_Synth::Synth::TEnumCaseDecl#6ce3f6d5/2@61bbf1mr with empty relation.
[2026-10-07 23:45:23] (0s) Inferred that Synth::Synth::TEnumCaseDecl#6ce3f6d5_1#antijoin_rhs/1@e540a66h is empty, due to cached_Synth::Synth::TEnumCaseDecl#6ce3f6d5/2@61bbf1mr.
[2026-10-07 23:45:23] (0s)  >>> First-level cache hit cached_Synth::Synth::TImportDecl#e2b0c550/2@b702f5rc with empty relation.
[2026-10-07 23:45:23] (0s) Inferred that Synth::Synth::TImportDecl#e2b0c550_1#antijoin_rhs/1@6a55fcph is empty, due to cached_Synth::Synth::TImportDecl#e2b0c550/2@b702f5rc.
[2026-10-07 23:45:23] (0s)  >>> First-level cache hit cached_Synth::Synth::TUsingDecl#e0cbe509/2@acf4ffqd with empty relation.
[2026-10-07 23:45:23] (0s)  >>> First-level cache hit cached_Synth::Synth::TCapturedDecl#676ccadd/2@ba2e6e8s with empty relation.
[2026-10-07 23:45:23] (0s) Inferred that Callable::Generated::Callable.getCapture/1#dispred#20645baa/3@8489097d is empty, due to cached_Synth::Synth::TCapturedDecl#676ccadd/2@ba2e6e8s.
[2026-10-07 23:45:23] (0s) Inferred that Synth::Synth::TCapturedDecl#676ccadd_1#antijoin_rhs/1@9c30accr is empty, due to cached_Synth::Synth::TCapturedDecl#676ccadd/2@ba2e6e8s.
[2026-10-07 23:45:23] (0s) Inferred that CapturedDecl::Generated::CapturedDecl.getDecl/0#dispred#89eb733c/2@0eab9fv3 is empty, due to cached_Synth::Synth::TCapturedDecl#676ccadd/2@ba2e6e8s.
[2026-10-07 23:45:23] (0s) Inferred that _Synth::Synth::TCapturedDecl#676ccadd_callable_captures#shared/1@989c69sa is empty, due to cached_Synth::Synth::TCapturedDecl#676ccadd/2@ba2e6e8s.
[2026-10-07 23:45:23] (0s) Inferred that CapturedDecl::Generated::CapturedDecl.getDecl/0#dispred#89eb733c/2@cc90b04q is empty, due to cached_Synth::Synth::TCapturedDecl#676ccadd/2@ba2e6e8s.
[2026-10-07 23:45:23] (0s) Inferred that DataFlowPrivate::CaptureInput::ClosureExpr#ac30421e/1@59cbfaj3 is empty, due to cached_Synth::Synth::TCapturedDecl#676ccadd/2@ba2e6e8s.
[2026-10-07 23:45:23] (0s) Inferred that CapturedDecl::Generated::CapturedDecl.getDecl/0#dispred#89eb733c/2@450a11oj is empty, due to cached_Synth::Synth::TCapturedDecl#676ccadd/2@ba2e6e8s.
[2026-10-07 23:45:23] (0s) Inferred that CapturedDecl::Generated::CapturedDecl.getDecl/0#dispred#89eb733c/2@beddd35g is empty, due to cached_Synth::Synth::TCapturedDecl#676ccadd/2@ba2e6e8s.
[2026-10-07 23:45:23] (0s) Inferred that CapturedDecl::Generated::CapturedDecl.getDecl/0#dispred#89eb733c/2@eba54cvq is empty, due to cached_Synth::Synth::TCapturedDecl#676ccadd/2@ba2e6e8s.
[2026-10-07 23:45:23] (0s) Inferred that Callable::Generated::Callable.getCapture/1#dispred#20645baa_01#count_range/2@f863f8ef is empty, due to Callable::Generated::Callable.getCapture/1#dispred#20645baa/3@8489097d.
[2026-10-07 23:45:23] (0s) Inferred that Callable::Generated::Callable.getCapture/1#dispred#20645baa_0#antijoin_rhs/1@31172eue is empty, due to Callable::Generated::Callable.getCapture/1#dispred#20645baa/3@8489097d.
[2026-10-07 23:45:23] (0s) Inferred that CapturedDecl::Generated::CapturedDecl.getDecl/0#dispred#89eb733c_10#join_rhs/2@5b6190po is empty, due to CapturedDecl::Generated::CapturedDecl.getDecl/0#dispred#89eb733c/2@0eab9fv3.
[2026-10-07 23:45:23] (0s) Inferred that DataFlowPrivate::CaptureInput::ClosureExpr#ac30421e/1@3251953h is empty, due to _Synth::Synth::TCapturedDecl#676ccadd_callable_captures#shared/1@989c69sa.
[2026-10-07 23:45:23] (0s) Inferred that DataFlowPrivate::CaptureInput::ClosureExpr#ac30421e/1@38c999qg is empty, due to _Synth::Synth::TCapturedDecl#676ccadd_callable_captures#shared/1@989c69sa.
[2026-10-07 23:45:23] (0s)  >>> Full cache hit cached_Synth::Synth::TNamedFunction#a7a5ce81/2@2d9bbf3b with 7909 rows and digest ab220bgmo4r7dble4lb7dp59490.
[2026-10-07 23:45:23] (0s) Inferred that DataFlowPrivate::CaptureInput::ClosureExpr#ac30421e/1@7a434bsq is empty, due to _Synth::Synth::TCapturedDecl#676ccadd_callable_captures#shared/1@989c69sa.
[2026-10-07 23:45:23] (0s) Inferred that CapturedDecl::Generated::CapturedDecl.getDecl/0#dispred#89eb733c_1#join_rhs/1@913a8ag4 is empty, due to CapturedDecl::Generated::CapturedDecl.getDecl/0#dispred#89eb733c/2@cc90b04q.
[2026-10-07 23:45:23] (0s) Inferred that #DataFlowPrivate::closureFlowStep/2#3a33d515Plus#bf/2@0813dwst is empty, due to DataFlowPrivate::CaptureInput::ClosureExpr#ac30421e/1@59cbfaj3.
[2026-10-07 23:45:23] (0s) Inferred that DataFlowPrivate::CaptureFlow::closureExprGetEnclosingCallable/1#f5ef3c71/2@7254c8db is empty, due to DataFlowPrivate::CaptureInput::ClosureExpr#ac30421e/1@59cbfaj3.
[2026-10-07 23:45:23] (0s) Inferred that DataFlowPrivate::CaptureFlow::closureCaptures/2#f247c29b/2@01d97x09 is empty, due to DataFlowPrivate::CaptureInput::ClosureExpr#ac30421e/1@59cbfaj3.
[2026-10-07 23:45:23] (0s) Inferred that DataFlowPrivate::CaptureInput::CapturedVariable#a139c1c6/1@a944b737 is empty, due to CapturedDecl::Generated::CapturedDecl.getDecl/0#dispred#89eb733c/2@450a11oj.
[2026-10-07 23:45:23] (0s) Inferred that DataFlowPrivate::CaptureInput::CapturedVariable#a139c1c6/1@357947k9 is empty, due to CapturedDecl::Generated::CapturedDecl.getDecl/0#dispred#89eb733c/2@beddd35g.
[2026-10-07 23:45:23] (0s) Inferred that DataFlowPrivate::CaptureInput::CapturedVariable#a139c1c6/1@6a21baq6 is empty, due to CapturedDecl::Generated::CapturedDecl.getDecl/0#dispred#89eb733c/2@eba54cvq.
[2026-10-07 23:45:23] (0s) Inferred that #DataFlowPrivate::closureFlowStep/2#3a33d515Plus#bf/2@da135wgi is empty, due to DataFlowPrivate::CaptureInput::ClosureExpr#ac30421e/1@3251953h.
[2026-10-07 23:45:23] (0s) Inferred that DataFlowPrivate::CaptureFlow::closureExprGetEnclosingCallable/1#f5ef3c71/2@97478dcr is empty, due to DataFlowPrivate::CaptureInput::ClosureExpr#ac30421e/1@3251953h.
[2026-10-07 23:45:23] (0s) Inferred that DataFlowPrivate::CaptureFlow::closureCaptures/2#f247c29b/2@60c8dxkm is empty, due to DataFlowPrivate::CaptureInput::ClosureExpr#ac30421e/1@3251953h.
[2026-10-07 23:45:23] (0s) Inferred that #DataFlowPrivate::closureFlowStep/2#3a33d515Plus#bf/2@aa84ewu1 is empty, due to DataFlowPrivate::CaptureInput::ClosureExpr#ac30421e/1@38c999qg.
[2026-10-07 23:45:23] (0s) Inferred that DataFlowPrivate::CaptureFlow::closureExprGetEnclosingCallable/1#f5ef3c71/2@dee7129p is empty, due to DataFlowPrivate::CaptureInput::ClosureExpr#ac30421e/1@38c999qg.
[2026-10-07 23:45:23] (0s) Inferred that DataFlowPrivate::CaptureFlow::captureAccess/2#1d66f434#bb/2@e2bf4wca is empty, due to DataFlowPrivate::CaptureInput::ClosureExpr#ac30421e/1@38c999qg.
[2026-10-07 23:45:23] (0s) Inferred that DataFlowPrivate::CaptureFlow::closureCaptures/2#f247c29b#fb/2@e2bf4xca is empty, due to DataFlowPrivate::CaptureInput::ClosureExpr#ac30421e/1@38c999qg.
[2026-10-07 23:45:23] (0s) Inferred that #DataFlowPrivate::closureFlowStep/2#3a33d515Plus#bf/2@58a8dw2j is empty, due to DataFlowPrivate::CaptureInput::ClosureExpr#ac30421e/1@7a434bsq.
[2026-10-07 23:45:23] (0s) Inferred that DataFlowPrivate::CaptureFlow::closureExprGetEnclosingCallable/1#f5ef3c71/2@6865074n is empty, due to DataFlowPrivate::CaptureInput::ClosureExpr#ac30421e/1@7a434bsq.
[2026-10-07 23:45:23] (0s) Inferred that DataFlowPrivate::CaptureFlow::captureAccess/2#1d66f434#fb/2@99a5cwsi is empty, due to DataFlowPrivate::CaptureInput::ClosureExpr#ac30421e/1@7a434bsq.
[2026-10-07 23:45:23] (0s) Inferred that DataFlowPrivate::CaptureFlow::closureCaptures/2#f247c29b/2@99a5cxsi is empty, due to DataFlowPrivate::CaptureInput::ClosureExpr#ac30421e/1@7a434bsq.
[2026-10-07 23:45:23] (0s) Inferred that VarDeclImpl::Impl::VarDecl#0211b6ec#b/1@2a9180cu is empty, due to CapturedDecl::Generated::CapturedDecl.getDecl/0#dispred#89eb733c_1#join_rhs/1@913a8ag4.
[2026-10-07 23:45:23] (0s) Inferred that DataFlowPrivate::CaptureInput::ClosureExpr.hasAliasedAccess/1#dispred#b95acb88/2@2c494fhg is empty, due to #DataFlowPrivate::closureFlowStep/2#3a33d515Plus#bf/2@0813dwst.
[2026-10-07 23:45:23] (0s) Inferred that #DataFlowPrivate::CaptureFlow::callableGetEnclosingCallable/1#e1b35514Plus#sourceBound#2#2#2#3/1@f650c1bd is empty, due to DataFlowPrivate::CaptureFlow::closureExprGetEnclosingCallable/1#f5ef3c71/2@7254c8db.
[2026-10-07 23:45:23] (0s) Inferred that #DataFlowPrivate::CaptureFlow::callableGetEnclosingCallable/1#e1b35514Plus#sinkBound#3/1@a356d5ne is empty, due to DataFlowPrivate::CaptureFlow::closureExprGetEnclosingCallable/1#f5ef3c71/2@7254c8db.
[2026-10-07 23:45:23] (0s) Inferred that DataFlowPrivate::CaptureFlow::closureExprGetEnclosingCallable/1#f5ef3c71_10#higher_order_body/2@25b86fpi is empty, due to DataFlowPrivate::CaptureFlow::closureExprGetEnclosingCallable/1#f5ef3c71/2@7254c8db.
[2026-10-07 23:45:23] (0s) Inferred that DataFlowPrivate::CaptureFlow::closureExprGetAReferencingCallable/1#71fb7242/2@2e6e0669 is empty, due to DataFlowPrivate::CaptureFlow::closureExprGetEnclosingCallable/1#f5ef3c71/2@7254c8db.
[2026-10-07 23:45:23] (0s) Inferred that DataFlowPrivate::CaptureFlow::closureCaptures/2#f247c29b_10#join_rhs/2@e4e4c2ds is empty, due to DataFlowPrivate::CaptureFlow::closureCaptures/2#f247c29b/2@01d97x09.
[2026-10-07 23:45:23] (0s) Inferred that DataFlowPrivate::CapturedVariable.getCallable/0#dispred#a86a8cf9/2@eae24a6j is empty, due to DataFlowPrivate::CaptureInput::CapturedVariable#a139c1c6/1@a944b737.
[2026-10-07 23:45:23] (0s) Inferred that _DataFlowPrivate::CaptureInput::CapturedVariable#a139c1c6_DeclRefExpr::Generated::DeclRefExpr.getDec__#shared/2@6c8700c0 is empty, due to DataFlowPrivate::CaptureInput::CapturedVariable#a139c1c6/1@a944b737.
[2026-10-07 23:45:23] (0s) Inferred that DataFlowPrivate::TCapturedVariableContent#cd1e7bb9/2@8fa80fma is empty, due to DataFlowPrivate::CaptureInput::CapturedVariable#a139c1c6/1@a944b737.
[2026-10-07 23:45:23] (0s) Inferred that DataFlowPrivate::CaptureInput::VariableWrite#209e7419/3@8faf91aa is empty, due to DataFlowPrivate::CaptureInput::CapturedVariable#a139c1c6/1@a944b737.
[2026-10-07 23:45:23] (0s) Inferred that DataFlowPrivate::CapturedVariable.getCallable/0#dispred#a86a8cf9#bf/2@28ea11ko is empty, due to DataFlowPrivate::CaptureInput::CapturedVariable#a139c1c6/1@357947k9.
[2026-10-07 23:45:23] (0s) Inferred that _AssignExpr::Generated::AssignExpr.getDest/0#dispred#2a0c3463_1#antijoin_rhs_DataFlowPrivate::Captur__#shared/2@75b7e4qt is empty, due to DataFlowPrivate::CaptureInput::CapturedVariable#a139c1c6/1@357947k9.
[2026-10-07 23:45:23] (0s) Inferred that DataFlowPrivate::CaptureInput::VariableWrite#209e7419#fbf/3@aa33a091 is empty, due to DataFlowPrivate::CaptureInput::CapturedVariable#a139c1c6/1@357947k9.
[2026-10-07 23:45:23] (0s) Inferred that DataFlowPrivate::CaptureFlow::readStep/3#5263e7ac#fbf/3@20abb79g is empty, due to DataFlowPrivate::CaptureInput::CapturedVariable#a139c1c6/1@357947k9.
[2026-10-07 23:45:23] (0s) Inferred that DataFlowPrivate::CapturedVariable.getCallable/0#dispred#a86a8cf9/2@d1afeecd is empty, due to DataFlowPrivate::CaptureInput::CapturedVariable#a139c1c6/1@6a21baq6.
[2026-10-07 23:45:23] (0s) Inferred that _DataFlowPrivate::CaptureInput::CapturedVariable#a139c1c6_DeclRefExpr::Generated::DeclRefExpr.getDec__#shared/2@0453f4eb is empty, due to DataFlowPrivate::CaptureInput::CapturedVariable#a139c1c6/1@6a21baq6.
[2026-10-07 23:45:23] (0s) Inferred that DataFlowPrivate::CaptureInput::VariableWrite#209e7419/3@8fddc78s is empty, due to DataFlowPrivate::CaptureInput::CapturedVariable#a139c1c6/1@6a21baq6.
[2026-10-07 23:45:23] (0s) Inferred that DataFlowPrivate::CaptureInput::ClosureExpr.hasAliasedAccess/1#dispred#b95acb88/2@4ae41ah2 is empty, due to #DataFlowPrivate::closureFlowStep/2#3a33d515Plus#bf/2@da135wgi.
[2026-10-07 23:45:23] (0s) Inferred that #DataFlowPrivate::CaptureFlow::callableGetEnclosingCallable/1#e1b35514Plus#sourceBound#2#2#2#3/1@88c161lm is empty, due to DataFlowPrivate::CaptureFlow::closureExprGetEnclosingCallable/1#f5ef3c71/2@97478dcr.
[2026-10-07 23:45:23] (0s) Inferred that #DataFlowPrivate::CaptureFlow::callableGetEnclosingCallable/1#e1b35514Plus#sinkBound#3/1@88cd09gd is empty, due to DataFlowPrivate::CaptureFlow::closureExprGetEnclosingCallable/1#f5ef3c71/2@97478dcr.
[2026-10-07 23:45:23] (0s) Inferred that DataFlowPrivate::CaptureFlow::closureExprGetEnclosingCallable/1#f5ef3c71_10#higher_order_body/2@7d4c2adv is empty, due to DataFlowPrivate::CaptureFlow::closureExprGetEnclosingCallable/1#f5ef3c71/2@97478dcr.
[2026-10-07 23:45:23] (0s) Inferred that DataFlowPrivate::CaptureFlow::closureExprGetAReferencingCallable/1#71fb7242/2@f593c7vc is empty, due to DataFlowPrivate::CaptureFlow::closureExprGetEnclosingCallable/1#f5ef3c71/2@97478dcr.
[2026-10-07 23:45:23] (0s) Inferred that _DataFlowPrivate::CaptureFlow::BasicBlock.getEnclosingCallable/0#dispred#2185b3a1_DataFlowPrivate::C__#shared#2/6@a581d1l2 is empty, due to DataFlowPrivate::CaptureFlow::closureCaptures/2#f247c29b/2@60c8dxkm.
[2026-10-07 23:45:23] (0s) Inferred that DataFlowPrivate::CaptureFlow::synthRead/5#e6f604ae/5@1f44a2mf is empty, due to DataFlowPrivate::CaptureFlow::closureCaptures/2#f247c29b/2@60c8dxkm.
[2026-10-07 23:45:23] (0s) Inferred that DataFlowPrivate::CaptureInput::ClosureExpr.hasAliasedAccess/1#dispred#b95acb88/2@7fd15152 is empty, due to #DataFlowPrivate::closureFlowStep/2#3a33d515Plus#bf/2@aa84ewu1.
[2026-10-07 23:45:23] (0s) Inferred that #DataFlowPrivate::CaptureFlow::callableGetEnclosingCallable/1#e1b35514Plus#sourceBound#2#2#2#3/1@074d33al is empty, due to DataFlowPrivate::CaptureFlow::closureExprGetEnclosingCallable/1#f5ef3c71/2@dee7129p.
[2026-10-07 23:45:23] (0s) Inferred that #DataFlowPrivate::CaptureFlow::callableGetEnclosingCallable/1#e1b35514Plus#sinkBound#3/1@015c11ef is empty, due to DataFlowPrivate::CaptureFlow::closureExprGetEnclosingCallable/1#f5ef3c71/2@dee7129p.
[2026-10-07 23:45:23] (0s) Inferred that DataFlowPrivate::CaptureFlow::closureExprGetEnclosingCallable/1#f5ef3c71_10#higher_order_body/2@d5e116os is empty, due to DataFlowPrivate::CaptureFlow::closureExprGetEnclosingCallable/1#f5ef3c71/2@dee7129p.
[2026-10-07 23:45:23] (0s) Inferred that DataFlowPrivate::CaptureFlow::closureExprGetAReferencingCallable/1#71fb7242/2@e1c757em is empty, due to DataFlowPrivate::CaptureFlow::closureExprGetEnclosingCallable/1#f5ef3c71/2@dee7129p.
[2026-10-07 23:45:23] (0s) Inferred that _DataFlowPrivate::CaptureFlow::closureCaptures/2#f247c29b#fb_DataFlowPrivate::TCapturedVariableConte__#shared/2@9ca815lg is empty, due to DataFlowPrivate::CaptureFlow::closureCaptures/2#f247c29b#fb/2@e2bf4xca.
[2026-10-07 23:45:23] (0s) Inferred that DataFlowPrivate::CaptureInput::ClosureExpr.hasAliasedAccess/1#dispred#b95acb88/2@167bcb95 is empty, due to #DataFlowPrivate::closureFlowStep/2#3a33d515Plus#bf/2@58a8dw2j.
[2026-10-07 23:45:23] (0s) Inferred that #DataFlowPrivate::CaptureFlow::callableGetEnclosingCallable/1#e1b35514Plus#sourceBound#2#2#2#3/1@9ed8b7lh is empty, due to DataFlowPrivate::CaptureFlow::closureExprGetEnclosingCallable/1#f5ef3c71/2@6865074n.
[2026-10-07 23:45:23] (0s) Inferred that #DataFlowPrivate::CaptureFlow::callableGetEnclosingCallable/1#e1b35514Plus#sinkBound#3/1@6102a8mk is empty, due to DataFlowPrivate::CaptureFlow::closureExprGetEnclosingCallable/1#f5ef3c71/2@6865074n.
[2026-10-07 23:45:23] (0s) Inferred that DataFlowPrivate::CaptureFlow::closureExprGetEnclosingCallable/1#f5ef3c71_10#higher_order_body/2@abc2ecm1 is empty, due to DataFlowPrivate::CaptureFlow::closureExprGetEnclosingCallable/1#f5ef3c71/2@6865074n.
[2026-10-07 23:45:23] (0s) Inferred that DataFlowPrivate::CaptureFlow::closureExprGetAReferencingCallable/1#71fb7242/2@f51a2719 is empty, due to DataFlowPrivate::CaptureFlow::closureExprGetEnclosingCallable/1#f5ef3c71/2@6865074n.
[2026-10-07 23:45:23] (0s) Inferred that _DataFlowPrivate::CaptureFlow::BasicBlock.getEnclosingCallable/0#dispred#2185b3a1_DataFlowPrivate::C__#shared#2/6@312d49jg is empty, due to DataFlowPrivate::CaptureFlow::closureCaptures/2#f247c29b/2@99a5cxsi.
[2026-10-07 23:45:23] (0s) Inferred that DataFlowPrivate::CaptureFlow::synthRead/5#e6f604ae/5@3530a1be is empty, due to DataFlowPrivate::CaptureFlow::closureCaptures/2#f247c29b/2@99a5cxsi.
[2026-10-07 23:45:23] (0s) Inferred that DataFlowPrivate::CaptureInput::CapturedVariable#a139c1c6/1@e84f33af is empty, due to VarDeclImpl::Impl::VarDecl#0211b6ec#b/1@2a9180cu.
[2026-10-07 23:45:23] (0s) Inferred that DataFlowPrivate::CaptureInput::ClosureExpr.hasAliasedAccess/1#dispred#b95acb88_10#join_rhs/2@ecc794j8 is empty, due to DataFlowPrivate::CaptureInput::ClosureExpr.hasAliasedAccess/1#dispred#b95acb88/2@2c494fhg.
[2026-10-07 23:45:23] (0s) Inferred that #DataFlowPrivate::CaptureFlow::callableGetEnclosingCallable/1#e1b35514Plus#sourceBound#2#2#3/1@eb853av2 is empty, due to #DataFlowPrivate::CaptureFlow::callableGetEnclosingCallable/1#e1b35514Plus#sourceBound#2#2#2#3/1@f650c1bd.
[2026-10-07 23:45:23] (0s) Inferred that _#DataFlowPrivate::CaptureFlow::callableGetEnclosingCallable/1#e1b35514Plus#sinkBound#3_DataFlowPriv__#higher_order_body/1@9539f1at is empty, due to #DataFlowPrivate::CaptureFlow::callableGetEnclosingCallable/1#e1b35514Plus#sinkBound#3/1@a356d5ne.
[2026-10-07 23:45:23] (0s) Inferred that doublyBoundedFastTC:DataFlowPrivate::CaptureFlow::closureExprGetEnclosingCallable/1#f5ef3c71_10#higher_order_body:_#DataFlowPrivate::CaptureFlow::callableGetEnclosingCallable/1#e1b35514Plus#sinkBound#3_DataFlowPriv__#higher_order_body:#DataFlowPrivate::CaptureFlow::callableGetEnclosingCallable/1#e1b35514Plus#sourceBound#3/2@18c613s0 is empty, due to DataFlowPrivate::CaptureFlow::closureExprGetEnclosingCallable/1#f5ef3c71_10#higher_order_body/2@25b86fpi.
[2026-10-07 23:45:23] (0s) Inferred that DataFlowPrivate::CaptureFlow::localOrNestedClosureAccess/4#59807f58/4@812fecsu is empty, due to DataFlowPrivate::CaptureInput::ClosureExpr.hasAliasedAccess/1#dispred#b95acb88_10#join_rhs/2@ecc794j8.
[2026-10-07 23:45:23] (0s) Inferred that _DataFlowPrivate::CaptureFlow::closureCaptures/2#f247c29b_10#join_rhs_DataFlowPrivate::TCapturedVari__#shared/2@958d824o is empty, due to DataFlowPrivate::TCapturedVariableContent#cd1e7bb9/2@8fa80fma.
[2026-10-07 23:45:23] (0s) Inferred that _DataFlowPrivate::CaptureFlow::BasicBlock.getEnclosingCallable/0#dispred#2185b3a1_DataFlowPrivate::C__#shared/6@88cf13nq is empty, due to DataFlowPrivate::CapturedVariable.getCallable/0#dispred#a86a8cf9/2@eae24a6j.
[2026-10-07 23:45:23] (0s) Inferred that _DataFlowPrivate::CaptureFlow::BasicBlock.getEnclosingCallable/0#dispred#2185b3a1_DataFlowPrivate::C__#shared#1/6@98f22fta is empty, due to DataFlowPrivate::CapturedVariable.getCallable/0#dispred#a86a8cf9/2@eae24a6j.
[2026-10-07 23:45:23] (0s) Inferred that DataFlowPrivate::CaptureFlow::captureAccess/2#1d66f434/2@01d97w09 is empty, due to DataFlowPrivate::CapturedVariable.getCallable/0#dispred#a86a8cf9/2@eae24a6j.
[2026-10-07 23:45:23] (0s) Inferred that _AssignExpr::Generated::AssignExpr.getDest/0#dispred#2a0c3463_1#antijoin_rhs__DataFlowPrivate::Captu__#shared/2@8647fa4h is empty, due to _DataFlowPrivate::CaptureInput::CapturedVariable#a139c1c6_DeclRefExpr::Generated::DeclRefExpr.getDec__#shared/2@6c8700c0.
[2026-10-07 23:45:23] (0s) Inferred that DataFlowPrivate::CaptureFlow::storeStep/3#61280885#fbf/3@f271c6ac is empty, due to DataFlowPrivate::TCapturedVariableContent#cd1e7bb9/2@8fa80fma.
[2026-10-07 23:45:23] (0s) Inferred that DataFlowPrivate::CaptureFlow::readStep/3#5263e7ac#fbf/3@757dd6ff is empty, due to DataFlowPrivate::TCapturedVariableContent#cd1e7bb9/2@8fa80fma.
[2026-10-07 23:45:23] (0s) Inferred that cached_DataFlowPrivate::TCapturedVariableContent#cd1e7bb9/2@14cb3fpn is empty, due to DataFlowPrivate::TCapturedVariableContent#cd1e7bb9/2@8fa80fma.
[2026-10-07 23:45:23] (0s) Inferred that project#DataFlowPrivate::CaptureInput::VariableWrite#209e7419/2@b20576bn is empty, due to DataFlowPrivate::CaptureInput::VariableWrite#209e7419/3@8faf91aa.
[2026-10-07 23:45:23] (0s) Inferred that _DataFlowPrivate::CaptureFlow::BasicBlock.getEnclosingCallable/0#dispred#2185b3a1_DataFlowPrivate::C__#shared/6@c73a007h is empty, due to _AssignExpr::Generated::AssignExpr.getDest/0#dispred#2a0c3463_1#antijoin_rhs_DataFlowPrivate::Captur__#shared/2@75b7e4qt.
[2026-10-07 23:45:23] (0s) Inferred that _DataFlowPrivate::CaptureFlow::BasicBlock.getEnclosingCallable/0#dispred#2185b3a1_DataFlowPrivate::C__#shared#1/6@d9a5e5ft is empty, due to DataFlowPrivate::CapturedVariable.getCallable/0#dispred#a86a8cf9#bf/2@28ea11ko.
[2026-10-07 23:45:23] (0s) Inferred that DataFlowPrivate::CaptureFlow::captureRead/5#57fcd16c#bffff/5@35b782bv is empty, due to _AssignExpr::Generated::AssignExpr.getDest/0#dispred#2a0c3463_1#antijoin_rhs_DataFlowPrivate::Captur__#shared/2@75b7e4qt.
[2026-10-07 23:45:23] (0s) Inferred that DataFlowPrivate::CaptureInput::VariableWrite#209e7419#fbf_10#join_rhs/2@f698b5in is empty, due to DataFlowPrivate::CaptureInput::VariableWrite#209e7419#fbf/3@aa33a091.
[2026-10-07 23:45:23] (0s) Inferred that DataFlowPrivate::captureReadStep/3#7631c11a/3@c938395n is empty, due to DataFlowPrivate::CaptureFlow::readStep/3#5263e7ac#fbf/3@20abb79g.
[2026-10-07 23:45:23] (0s) Inferred that _DataFlowPrivate::CaptureFlow::BasicBlock.getEnclosingCallable/0#dispred#2185b3a1_DataFlowPrivate::C__#shared/6@1b676bc9 is empty, due to DataFlowPrivate::CapturedVariable.getCallable/0#dispred#a86a8cf9/2@d1afeecd.
[2026-10-07 23:45:23] (0s) Inferred that _DataFlowPrivate::CaptureFlow::BasicBlock.getEnclosingCallable/0#dispred#2185b3a1_DataFlowPrivate::C__#shared#1/6@8f0c1e74 is empty, due to DataFlowPrivate::CapturedVariable.getCallable/0#dispred#a86a8cf9/2@d1afeecd.
[2026-10-07 23:45:23] (0s) Inferred that _AssignExpr::Generated::AssignExpr.getDest/0#dispred#2a0c3463_1#antijoin_rhs__DataFlowPrivate::Captu__#shared/2@36bb42ee is empty, due to _DataFlowPrivate::CaptureInput::CapturedVariable#a139c1c6_DeclRefExpr::Generated::DeclRefExpr.getDec__#shared/2@0453f4eb.
[2026-10-07 23:45:23] (0s) Inferred that project#DataFlowPrivate::CaptureInput::VariableWrite#209e7419/2@fe80fdch is empty, due to DataFlowPrivate::CaptureInput::VariableWrite#209e7419/3@8fddc78s.
[2026-10-07 23:45:23] (0s) Inferred that DataFlowPrivate::CaptureInput::ClosureExpr.hasAliasedAccess/1#dispred#b95acb88_10#join_rhs/2@2166caaa is empty, due to DataFlowPrivate::CaptureInput::ClosureExpr.hasAliasedAccess/1#dispred#b95acb88/2@4ae41ah2.
[2026-10-07 23:45:23] (0s) Inferred that #DataFlowPrivate::CaptureFlow::callableGetEnclosingCallable/1#e1b35514Plus#sourceBound#2#2#3/1@c21810jc is empty, due to #DataFlowPrivate::CaptureFlow::callableGetEnclosingCallable/1#e1b35514Plus#sourceBound#2#2#2#3/1@88c161lm.
[2026-10-07 23:45:23] (0s) Inferred that _#DataFlowPrivate::CaptureFlow::callableGetEnclosingCallable/1#e1b35514Plus#sinkBound#3_DataFlowPriv__#higher_order_body/1@638f5619 is empty, due to #DataFlowPrivate::CaptureFlow::callableGetEnclosingCallable/1#e1b35514Plus#sinkBound#3/1@88cd09gd.
[2026-10-07 23:45:23] (0s) Inferred that doublyBoundedFastTC:DataFlowPrivate::CaptureFlow::closureExprGetEnclosingCallable/1#f5ef3c71_10#higher_order_body:_#DataFlowPrivate::CaptureFlow::callableGetEnclosingCallable/1#e1b35514Plus#sinkBound#3_DataFlowPriv__#higher_order_body:#DataFlowPrivate::CaptureFlow::callableGetEnclosingCallable/1#e1b35514Plus#sourceBound#3/2@4ca80ekm is empty, due to DataFlowPrivate::CaptureFlow::closureExprGetEnclosingCallable/1#f5ef3c71_10#higher_order_body/2@7d4c2adv.
[2026-10-07 23:45:23] (0s) Inferred that DataFlowPrivate::CaptureFlow::localOrNestedClosureAccess/4#59807f58/4@8adec58b is empty, due to DataFlowPrivate::CaptureInput::ClosureExpr.hasAliasedAccess/1#dispred#b95acb88_10#join_rhs/2@2166caaa.
[2026-10-07 23:45:23] (0s) Inferred that __DataFlowPrivate::CaptureFlow::BasicBlock.getEnclosingCallable/0#dispred#2185b3a1_DataFlowPrivate::__#antijoin_rhs#2/4@1a41ae03 is empty, due to _DataFlowPrivate::CaptureFlow::BasicBlock.getEnclosingCallable/0#dispred#2185b3a1_DataFlowPrivate::C__#shared#2/6@a581d1l2.
[2026-10-07 23:45:23] (0s) Inferred that project#DataFlowPrivate::CaptureFlow::synthRead/5#e6f604ae/1@fed83c2e is empty, due to DataFlowPrivate::CaptureFlow::synthRead/5#e6f604ae/5@1f44a2mf.
[2026-10-07 23:45:23] (0s) Inferred that project#DataFlowPrivate::CaptureFlow::synthRead/5#e6f604ae#2/3@0262742r is empty, due to DataFlowPrivate::CaptureFlow::synthRead/5#e6f604ae/5@1f44a2mf.
[2026-10-07 23:45:23] (0s) Inferred that DataFlowPrivate::CaptureFlow::synthRead/5#e6f604ae_312#join_rhs/3@cf9581ic is empty, due to DataFlowPrivate::CaptureFlow::synthRead/5#e6f604ae/5@1f44a2mf.
[2026-10-07 23:45:23] (0s) Inferred that DataFlowPrivate::CaptureFlow::synthRead/5#e6f604ae_3012#join_rhs/4@08e31b6a is empty, due to DataFlowPrivate::CaptureFlow::synthRead/5#e6f604ae/5@1f44a2mf.
[2026-10-07 23:45:23] (0s) Inferred that project#DataFlowPrivate::CaptureFlow::synthRead/5#e6f604ae#5/2@2408advj is empty, due to DataFlowPrivate::CaptureFlow::synthRead/5#e6f604ae/5@1f44a2mf.
[2026-10-07 23:45:23] (0s) Inferred that DataFlowPrivate::CaptureInput::ClosureExpr.hasAliasedAccess/1#dispred#b95acb88_10#join_rhs/2@0b8fccuj is empty, due to DataFlowPrivate::CaptureInput::ClosureExpr.hasAliasedAccess/1#dispred#b95acb88/2@7fd15152.
[2026-10-07 23:45:23] (0s) Inferred that #DataFlowPrivate::CaptureFlow::callableGetEnclosingCallable/1#e1b35514Plus#sourceBound#2#2#3/1@de72ebnd is empty, due to #DataFlowPrivate::CaptureFlow::callableGetEnclosingCallable/1#e1b35514Plus#sourceBound#2#2#2#3/1@074d33al.
[2026-10-07 23:45:23] (0s) Inferred that _#DataFlowPrivate::CaptureFlow::callableGetEnclosingCallable/1#e1b35514Plus#sinkBound#3_DataFlowPriv__#higher_order_body/1@be94a2gj is empty, due to #DataFlowPrivate::CaptureFlow::callableGetEnclosingCallable/1#e1b35514Plus#sinkBound#3/1@015c11ef.
[2026-10-07 23:45:23] (0s) Inferred that doublyBoundedFastTC:DataFlowPrivate::CaptureFlow::closureExprGetEnclosingCallable/1#f5ef3c71_10#higher_order_body:_#DataFlowPrivate::CaptureFlow::callableGetEnclosingCallable/1#e1b35514Plus#sinkBound#3_DataFlowPriv__#higher_order_body:#DataFlowPrivate::CaptureFlow::callableGetEnclosingCallable/1#e1b35514Plus#sourceBound#3/2@cd24a2nq is empty, due to DataFlowPrivate::CaptureFlow::closureExprGetEnclosingCallable/1#f5ef3c71_10#higher_order_body/2@d5e116os.
[2026-10-07 23:45:23] (0s) Inferred that DataFlowPrivate::CaptureFlow::localOrNestedClosureAccess/4#59807f58/4@6ee4949k is empty, due to DataFlowPrivate::CaptureInput::ClosureExpr.hasAliasedAccess/1#dispred#b95acb88_10#join_rhs/2@0b8fccuj.
[2026-10-07 23:45:23] (0s) Inferred that _DataFlowPrivate::CaptureFlow::closureExprGetAReferencingCallable/1#71fb7242_DataFlowPrivate::Captur__#join_rhs/2@ed7144nq is empty, due to DataFlowPrivate::CaptureFlow::closureExprGetAReferencingCallable/1#71fb7242/2@e1c757em.
[2026-10-07 23:45:23] (0s) Inferred that _DataFlowPrivate::CaptureFlow::BasicBlock.getEnclosingCallable/0#dispred#2185b3a1_DataFlowPrivate::C__#shared#2/6@aa04dd82 is empty, due to _DataFlowPrivate::CaptureFlow::closureCaptures/2#f247c29b#fb_DataFlowPrivate::TCapturedVariableConte__#shared/2@9ca815lg.
[2026-10-07 23:45:23] (0s) Inferred that DataFlowPrivate::CaptureFlow::synthRead/5#e6f604ae#bffff/5@8eb9a2s1 is empty, due to _DataFlowPrivate::CaptureFlow::closureCaptures/2#f247c29b#fb_DataFlowPrivate::TCapturedVariableConte__#shared/2@9ca815lg.
[2026-10-07 23:45:23] (0s) Inferred that DataFlowPrivate::CaptureInput::ClosureExpr.hasAliasedAccess/1#dispred#b95acb88_10#join_rhs/2@fa3eabkl is empty, due to DataFlowPrivate::CaptureInput::ClosureExpr.hasAliasedAccess/1#dispred#b95acb88/2@167bcb95.
[2026-10-07 23:45:23] (0s) Inferred that #DataFlowPrivate::CaptureFlow::callableGetEnclosingCallable/1#e1b35514Plus#sourceBound#2#2#3/1@8e216cte is empty, due to #DataFlowPrivate::CaptureFlow::callableGetEnclosingCallable/1#e1b35514Plus#sourceBound#2#2#2#3/1@9ed8b7lh.
[2026-10-07 23:45:23] (0s) Inferred that _#DataFlowPrivate::CaptureFlow::callableGetEnclosingCallable/1#e1b35514Plus#sinkBound#3_DataFlowPriv__#higher_order_body/1@154eddgu is empty, due to #DataFlowPrivate::CaptureFlow::callableGetEnclosingCallable/1#e1b35514Plus#sinkBound#3/1@6102a8mk.
[2026-10-07 23:45:23] (0s) Inferred that doublyBoundedFastTC:DataFlowPrivate::CaptureFlow::closureExprGetEnclosingCallable/1#f5ef3c71_10#higher_order_body:_#DataFlowPrivate::CaptureFlow::callableGetEnclosingCallable/1#e1b35514Plus#sinkBound#3_DataFlowPriv__#higher_order_body:#DataFlowPrivate::CaptureFlow::callableGetEnclosingCallable/1#e1b35514Plus#sourceBound#3/2@9477c4v1 is empty, due to DataFlowPrivate::CaptureFlow::closureExprGetEnclosingCallable/1#f5ef3c71_10#higher_order_body/2@abc2ecm1.
[2026-10-07 23:45:23] (0s) Inferred that DataFlowPrivate::CaptureFlow::localOrNestedClosureAccess/4#59807f58/4@24d48a1f is empty, due to DataFlowPrivate::CaptureInput::ClosureExpr.hasAliasedAccess/1#dispred#b95acb88_10#join_rhs/2@fa3eabkl.
[2026-10-07 23:45:23] (0s) Inferred that _DataFlowPrivate::CaptureFlow::closureExprGetAReferencingCallable/1#71fb7242_DataFlowPrivate::Captur__#join_rhs/2@02cd04cg is empty, due to DataFlowPrivate::CaptureFlow::closureExprGetAReferencingCallable/1#71fb7242/2@f51a2719.
[2026-10-07 23:45:23] (0s) Inferred that __DataFlowPrivate::CaptureFlow::BasicBlock.getEnclosingCallable/0#dispred#2185b3a1_DataFlowPrivate::__#antijoin_rhs#2/4@0c461ao9 is empty, due to _DataFlowPrivate::CaptureFlow::BasicBlock.getEnclosingCallable/0#dispred#2185b3a1_DataFlowPrivate::C__#shared#2/6@312d49jg.
[2026-10-07 23:45:23] (0s) Inferred that DataFlowPrivate::CaptureFlow::synthRead/5#e6f604ae_1234#join_rhs/4@a4cd75e6 is empty, due to DataFlowPrivate::CaptureFlow::synthRead/5#e6f604ae/5@3530a1be.
[2026-10-07 23:45:23] (0s) Inferred that DataFlowPrivate::CaptureInput::CapturedParameter#29ff6e0b/1@bf6a57pl is empty, due to DataFlowPrivate::CaptureInput::CapturedVariable#a139c1c6/1@e84f33af.
[2026-10-07 23:45:23] (0s) Inferred that DataFlowPrivate::CapturedVariable.getCallable/0#dispred#a86a8cf9/2@1fa808hl is empty, due to DataFlowPrivate::CaptureInput::CapturedVariable#a139c1c6/1@e84f33af.
[2026-10-07 23:45:23] (0s) Inferred that _DataFlowPrivate::CaptureInput::CapturedVariable#a139c1c6_DeclRefExpr::Generated::DeclRefExpr.getDec__#shared/2@298b57e7 is empty, due to DataFlowPrivate::CaptureInput::CapturedVariable#a139c1c6/1@e84f33af.
[2026-10-07 23:45:23] (0s) Inferred that num#DataFlowPrivate::CaptureFlow::TVariable#3cfe680e/2@800391q1 is empty, due to DataFlowPrivate::CaptureInput::CapturedVariable#a139c1c6/1@e84f33af.
[2026-10-07 23:45:23] (0s) Inferred that DataFlowPrivate::CaptureInput::VariableWrite#209e7419/3@af4dbbms is empty, due to DataFlowPrivate::CaptureInput::CapturedVariable#a139c1c6/1@e84f33af.
[2026-10-07 23:45:23] (0s) Inferred that DataFlowPrivate::CaptureFlow::CaptureContainer#3fac0e5e/1@146701u3 is empty, due to DataFlowPrivate::CaptureInput::CapturedVariable#a139c1c6/1@e84f33af.
[2026-10-07 23:45:23] (0s) Inferred that DataFlowPrivate::CaptureFlow::Cached::TExprNode#dom#3d3bd5fc/2@9f484boi is empty, due to DataFlowPrivate::CaptureInput::CapturedVariable#a139c1c6/1@e84f33af.
[2026-10-07 23:45:23] (0s) Inferred that DataFlowPrivate::CaptureFlow::synthThisQualifier/2#f52b5f43/2@574acfdo is empty, due to DataFlowPrivate::CaptureInput::CapturedVariable#a139c1c6/1@e84f33af.
[2026-10-07 23:45:23] (0s) Inferred that DataFlowPrivate::CaptureFlow::CaptureSsaInput::variableRead/4#8ccf78d9#cpe#123/3@667284lr is empty, due to DataFlowPrivate::CaptureInput::CapturedVariable#a139c1c6/1@e84f33af.
[2026-10-07 23:45:23] (0s) Inferred that DataFlowPrivate::CaptureFlow::ssaReadAt/5#9f36545b/5@d7b7eaoe is empty, due to DataFlowPrivate::CaptureInput::CapturedVariable#a139c1c6/1@e84f33af.
[2026-10-07 23:45:23] (0s) Inferred that DataFlowPrivate::CaptureFlow::CaptureSsaInput::variableWrite/4#556305d6#cpe#123/3@e0318fr0 is empty, due to DataFlowPrivate::CaptureInput::CapturedVariable#a139c1c6/1@e84f33af.
[2026-10-07 23:45:23] (0s) Inferred that DataFlowPrivate::CaptureFlow::CaptureSsa::Liveness::varRef/4#2ada79e8/4@758696c3 is empty, due to DataFlowPrivate::CaptureInput::CapturedVariable#a139c1c6/1@e84f33af.
[2026-10-07 23:45:23] (0s) Inferred that DataFlowPrivate::CaptureFlow::ssaWriteAt/4#a01ecf17/4@fe2ef1je is empty, due to DataFlowPrivate::CaptureInput::CapturedVariable#a139c1c6/1@e84f33af.
[2026-10-07 23:45:23] (0s) Inferred that DataFlowPrivate::CaptureFlow::CaptureSsa::SsaDefReaches::ssaRef/4#cd96d7d4/4@652b5325 is empty, due to DataFlowPrivate::CaptureInput::CapturedVariable#a139c1c6/1@e84f33af.
[2026-10-07 23:45:23] (0s) Inferred that DataFlowPrivate::CaptureFlow::Cached::TClosureNode#bf9839bf/1@7b26718d is empty, due to DataFlowPrivate::CaptureInput::CapturedVariable#a139c1c6/1@e84f33af.
[2026-10-07 23:45:23] (0s) Inferred that #DataFlowPrivate::CaptureFlow::callableGetEnclosingCallable/1#e1b35514Plus#sinkBound#2#3/1@2841b8s5 is empty, due to DataFlowPrivate::CaptureInput::ClosureExpr.hasAliasedAccess/1#dispred#b95acb88_10#join_rhs/2@ecc794j8.
[2026-10-07 23:45:23] (0s) Inferred that #DataFlowPrivate::CaptureFlow::callableGetEnclosingCallable/1#e1b35514Plus#sourceBound#2#3/1@d9691ebt is empty, due to #DataFlowPrivate::CaptureFlow::callableGetEnclosingCallable/1#e1b35514Plus#sourceBound#2#2#3/1@eb853av2.
[2026-10-07 23:45:23] (0s) Inferred that _DataFlowPrivate::CaptureFlow::BasicBlock.getEnclosingCallable/0#dispred#2185b3a1_DataFlowPrivate::C__#shared#2/7@ea5864kj is empty, due to _DataFlowPrivate::CaptureFlow::closureCaptures/2#f247c29b_10#join_rhs_DataFlowPrivate::TCapturedVari__#shared/2@958d824o.
[2026-10-07 23:45:23] (0s) Inferred that DataFlowPrivate::CaptureFlow::synthRead/6#5e157eb3#bfffff/6@b70f92mg is empty, due to _DataFlowPrivate::CaptureFlow::closureCaptures/2#f247c29b_10#join_rhs_DataFlowPrivate::TCapturedVari__#shared/2@958d824o.
[2026-10-07 23:45:23] (0s) Inferred that __DataFlowPrivate::CaptureFlow::BasicBlock.getEnclosingCallable/0#dispred#2185b3a1_DataFlowPrivate::__#antijoin_rhs/4@57d8c648 is empty, due to _DataFlowPrivate::CaptureFlow::BasicBlock.getEnclosingCallable/0#dispred#2185b3a1_DataFlowPrivate::C__#shared/6@88cf13nq.
[2026-10-07 23:45:23] (0s) Inferred that __DataFlowPrivate::CaptureFlow::BasicBlock.getEnclosingCallable/0#dispred#2185b3a1_DataFlowPrivate::__#antijoin_rhs#1/4@1653a7kb is empty, due to _DataFlowPrivate::CaptureFlow::BasicBlock.getEnclosingCallable/0#dispred#2185b3a1_DataFlowPrivate::C__#shared#1/6@98f22fta.
[2026-10-07 23:45:23] (0s) Inferred that DataFlowPrivate::CaptureFlow::captureAccess/2#1d66f434_10#count_range/2@4d2632m6 is empty, due to DataFlowPrivate::CaptureFlow::captureAccess/2#1d66f434/2@01d97w09.
[2026-10-07 23:45:23] (0s) Inferred that DataFlowPrivate::CaptureFlow::captureRead/5#57fcd16c/5@90a1323n is empty, due to _AssignExpr::Generated::AssignExpr.getDest/0#dispred#2a0c3463_1#antijoin_rhs__DataFlowPrivate::Captu__#shared/2@8647fa4h.
[2026-10-07 23:45:23] (0s) Inferred that DataFlowPrivate::captureStoreStep/3#6d30c5af/3@56f62240 is empty, due to DataFlowPrivate::CaptureFlow::storeStep/3#61280885#fbf/3@f271c6ac.
[2026-10-07 23:45:23] (0s) Inferred that DataFlowPrivate::captureReadStep/3#7631c11a/3@9a653bi7 is empty, due to DataFlowPrivate::CaptureFlow::readStep/3#5263e7ac#fbf/3@757dd6ff.
[2026-10-07 23:45:23] (0s) Inferred that Synth::Synth::convertVarDeclFromRaw/1#87b11dab#fb/2@39a1b5vd is empty, due to cached_DataFlowPrivate::TCapturedVariableContent#cd1e7bb9/2@14cb3fpn.
[2026-10-07 23:45:23] (0s) Inferred that m#Assignment::Assignment.getDest/0#dispred#8e2e5936#fb/1@27017aii is empty, due to cached_DataFlowPrivate::TCapturedVariableContent#cd1e7bb9/2@14cb3fpn.
[2026-10-07 23:45:23] (0s) Inferred that DataFlowPrivate::CaptureFlow::captureWrite/5#8b85aa0c/5@46c08a9t is empty, due to project#DataFlowPrivate::CaptureInput::VariableWrite#209e7419/2@b20576bn.
[2026-10-07 23:45:23] (0s) Inferred that __DataFlowPrivate::CaptureFlow::BasicBlock.getEnclosingCallable/0#dispred#2185b3a1_DataFlowPrivate::__#antijoin_rhs/4@e66e27m0 is empty, due to _DataFlowPrivate::CaptureFlow::BasicBlock.getEnclosingCallable/0#dispred#2185b3a1_DataFlowPrivate::C__#shared/6@c73a007h.
[2026-10-07 23:45:23] (0s) Inferred that __DataFlowPrivate::CaptureFlow::BasicBlock.getEnclosingCallable/0#dispred#2185b3a1_DataFlowPrivate::__#antijoin_rhs#1/4@b8b254h4 is empty, due to _DataFlowPrivate::CaptureFlow::BasicBlock.getEnclosingCallable/0#dispred#2185b3a1_DataFlowPrivate::C__#shared#1/6@d9a5e5ft.
[2026-10-07 23:45:23] (0s) Inferred that project#DataFlowPrivate::CaptureFlow::captureRead/5#57fcd16c#bffff/2@3d64a5qt is empty, due to DataFlowPrivate::CaptureFlow::captureRead/5#57fcd16c#bffff/5@35b782bv.
[2026-10-07 23:45:23] (0s) Inferred that DataFlowPrivate::CaptureFlow::captureRead/5#57fcd16c#bffff_12304#join_rhs/5@22a34cj6 is empty, due to DataFlowPrivate::CaptureFlow::captureRead/5#57fcd16c#bffff/5@35b782bv.
[2026-10-07 23:45:23] (0s) Inferred that _DataFlowPrivate::CaptureInput::VariableWrite#209e7419#fbf_10#join_rhs_DataFlowPrivate::TCapturedVar__#shared/2@3cd53f43 is empty, due to DataFlowPrivate::CaptureInput::VariableWrite#209e7419#fbf_10#join_rhs/2@f698b5in.
[2026-10-07 23:45:23] (0s) Inferred that DataFlowPrivate::captureReadStep/3#7631c11a_102#join_rhs/3@989a30hb is empty, due to DataFlowPrivate::captureReadStep/3#7631c11a/3@c938395n.
[2026-10-07 23:45:23] (0s) Inferred that __DataFlowPrivate::CaptureFlow::BasicBlock.getEnclosingCallable/0#dispred#2185b3a1_DataFlowPrivate::__#antijoin_rhs/4@900e44lu is empty, due to _DataFlowPrivate::CaptureFlow::BasicBlock.getEnclosingCallable/0#dispred#2185b3a1_DataFlowPrivate::C__#shared/6@1b676bc9.
[2026-10-07 23:45:23] (0s) Inferred that __DataFlowPrivate::CaptureFlow::BasicBlock.getEnclosingCallable/0#dispred#2185b3a1_DataFlowPrivate::__#antijoin_rhs#1/4@c0efdcl9 is empty, due to _DataFlowPrivate::CaptureFlow::BasicBlock.getEnclosingCallable/0#dispred#2185b3a1_DataFlowPrivate::C__#shared#1/6@8f0c1e74.
[2026-10-07 23:45:23] (0s) Inferred that DataFlowPrivate::CaptureFlow::captureRead/5#57fcd16c/5@ff98f7ts is empty, due to _AssignExpr::Generated::AssignExpr.getDest/0#dispred#2a0c3463_1#antijoin_rhs__DataFlowPrivate::Captu__#shared/2@36bb42ee.
[2026-10-07 23:45:23] (0s) Inferred that DataFlowPrivate::CaptureFlow::captureWrite/5#8b85aa0c/5@4dbd63ls is empty, due to project#DataFlowPrivate::CaptureInput::VariableWrite#209e7419/2@fe80fdch.
[2026-10-07 23:45:23] (0s) Inferred that #DataFlowPrivate::CaptureFlow::callableGetEnclosingCallable/1#e1b35514Plus#sinkBound#2#3/1@04163ckc is empty, due to DataFlowPrivate::CaptureInput::ClosureExpr.hasAliasedAccess/1#dispred#b95acb88_10#join_rhs/2@2166caaa.
[2026-10-07 23:45:23] (0s) Inferred that #DataFlowPrivate::CaptureFlow::callableGetEnclosingCallable/1#e1b35514Plus#sourceBound#2#3/1@133d6abl is empty, due to #DataFlowPrivate::CaptureFlow::callableGetEnclosingCallable/1#e1b35514Plus#sourceBound#2#2#3/1@c21810jc.
[2026-10-07 23:45:23] (0s) Inferred that DataFlowPrivate::CaptureFlow::Cached::TSynthRead#dom#4a14a35d/4@208fe9id is empty, due to project#DataFlowPrivate::CaptureFlow::synthRead/5#e6f604ae#2/3@0262742r.
[2026-10-07 23:45:23] (0s) Inferred that project#DataFlowPrivate::CaptureFlow::synthRead/5#e6f604ae#3/2@6457e82c is empty, due to DataFlowPrivate::CaptureFlow::synthRead/5#e6f604ae_312#join_rhs/3@cf9581ic.
[2026-10-07 23:45:23] (0s) Inferred that project#DataFlowPrivate::CaptureFlow::synthRead/5#e6f604ae#4/3@7df04dvh is empty, due to DataFlowPrivate::CaptureFlow::synthRead/5#e6f604ae_3012#join_rhs/4@08e31b6a.
[2026-10-07 23:45:23] (0s) Inferred that #DataFlowPrivate::CaptureFlow::callableGetEnclosingCallable/1#e1b35514Plus#sinkBound#2#3/1@5811d2k4 is empty, due to DataFlowPrivate::CaptureInput::ClosureExpr.hasAliasedAccess/1#dispred#b95acb88_10#join_rhs/2@0b8fccuj.
[2026-10-07 23:45:23] (0s) Inferred that #DataFlowPrivate::CaptureFlow::callableGetEnclosingCallable/1#e1b35514Plus#sourceBound#2#3/1@c824f36d is empty, due to #DataFlowPrivate::CaptureFlow::callableGetEnclosingCallable/1#e1b35514Plus#sourceBound#2#2#3/1@de72ebnd.
[2026-10-07 23:45:23] (0s) Inferred that __DataFlowPrivate::CaptureFlow::BasicBlock.getEnclosingCallable/0#dispred#2185b3a1_DataFlowPrivate::__#antijoin_rhs#2/4@55a3bbch is empty, due to _DataFlowPrivate::CaptureFlow::BasicBlock.getEnclosingCallable/0#dispred#2185b3a1_DataFlowPrivate::C__#shared#2/6@aa04dd82.
[2026-10-07 23:45:23] (0s) Inferred that DataFlowPrivate::CaptureFlow::synthRead/5#e6f604ae#bffff_3012#join_rhs/4@a2b5a8rl is empty, due to DataFlowPrivate::CaptureFlow::synthRead/5#e6f604ae#bffff/5@8eb9a2s1.
[2026-10-07 23:45:23] (0s) Inferred that #DataFlowPrivate::CaptureFlow::callableGetEnclosingCallable/1#e1b35514Plus#sinkBound#2#3/1@08b3833v is empty, due to DataFlowPrivate::CaptureInput::ClosureExpr.hasAliasedAccess/1#dispred#b95acb88_10#join_rhs/2@fa3eabkl.
[2026-10-07 23:45:23] (0s) Inferred that #DataFlowPrivate::CaptureFlow::callableGetEnclosingCallable/1#e1b35514Plus#sourceBound#2#3/1@02928f8i is empty, due to #DataFlowPrivate::CaptureFlow::callableGetEnclosingCallable/1#e1b35514Plus#sourceBound#2#2#3/1@8e216cte.
[2026-10-07 23:45:23] (0s) Inferred that DataFlowPrivate::CaptureFlow::Cached::TParamNode#7ba7a910/2@50c52a4t is empty, due to DataFlowPrivate::CaptureInput::CapturedParameter#29ff6e0b/1@bf6a57pl.
[2026-10-07 23:45:23] (0s) Inferred that _DataFlowPrivate::CaptureInput::CapturedParameter#29ff6e0b_DataFlowPrivate::CapturedVariable.getCall__#shared/2@de329dao is empty, due to DataFlowPrivate::CaptureInput::CapturedParameter#29ff6e0b/1@bf6a57pl.
[2026-10-07 23:45:23] (0s) Inferred that _DataFlowPrivate::CaptureFlow::BasicBlock.getEnclosingCallable/0#dispred#2185b3a1_DataFlowPrivate::C__#shared/6@5a88e96a is empty, due to DataFlowPrivate::CapturedVariable.getCallable/0#dispred#a86a8cf9/2@1fa808hl.
[2026-10-07 23:45:23] (0s) Inferred that _DataFlowPrivate::CaptureFlow::BasicBlock.getEnclosingCallable/0#dispred#2185b3a1_DataFlowPrivate::C__#shared#1/6@f0303d1b is empty, due to DataFlowPrivate::CapturedVariable.getCallable/0#dispred#a86a8cf9/2@1fa808hl.
[2026-10-07 23:45:23] (0s) Inferred that DataFlowPrivate::CaptureFlow::captureAccess/2#1d66f434/2@60c8dwkm is empty, due to DataFlowPrivate::CapturedVariable.getCallable/0#dispred#a86a8cf9/2@1fa808hl.
[2026-10-07 23:45:23] (0s) Inferred that DataFlowPrivate::CapturedVariable.getCallable/0#dispred#a86a8cf9_10#join_rhs/2@c919cedr is empty, due to DataFlowPrivate::CapturedVariable.getCallable/0#dispred#a86a8cf9/2@1fa808hl.
[2026-10-07 23:45:23] (0s) Inferred that __BasicBlock::Make<Location::Location,BasicBlocks::BasicBlocksImpl::BasicBlockInputSig>::Cached::TBa__#shared/1@e7971ccv is empty, due to DataFlowPrivate::CapturedVariable.getCallable/0#dispred#a86a8cf9/2@1fa808hl.
[2026-10-07 23:45:23] (0s) Inferred that _DataFlowPrivate::CaptureFlow::captureRead/5#57fcd16c_12#join_rhs__BasicBlock::Make<Location::Locati__#min_range/2@1b68b632 is empty, due to DataFlowPrivate::CapturedVariable.getCallable/0#dispred#a86a8cf9/2@1fa808hl.
[2026-10-07 23:45:23] (0s) Inferred that _DataFlowPrivate::CaptureFlow::captureRead/5#57fcd16c_12#join_rhs__BasicBlock::Make<Location::Locati__#min_term/3@f80410pl is empty, due to DataFlowPrivate::CapturedVariable.getCallable/0#dispred#a86a8cf9/2@1fa808hl.
[2026-10-07 23:45:23] (0s) Inferred that DataFlowPrivate::CaptureInput::VariableRead#d6e375c5/2@226bfe57 is empty, due to _DataFlowPrivate::CaptureInput::CapturedVariable#a139c1c6_DeclRefExpr::Generated::DeclRefExpr.getDec__#shared/2@298b57e7.
[2026-10-07 23:45:23] (0s) Inferred that DataFlowPrivate::CaptureFlow::Cached::TVariableWriteSourceNode#dom#e4c2cdd4/1@6d3278o3 is empty, due to DataFlowPrivate::CaptureInput::VariableWrite#209e7419/3@af4dbbms.
[2026-10-07 23:45:23] (0s) Inferred that project#DataFlowPrivate::CaptureInput::VariableWrite#209e7419/2@f073608a is empty, due to DataFlowPrivate::CaptureInput::VariableWrite#209e7419/3@af4dbbms.
[2026-10-07 23:45:23] (0s) Inferred that DataFlowPrivate::CaptureFlow::localFlowStep/2#fe2fcd42/2@5511cfjv is empty, due to DataFlowPrivate::CaptureFlow::CaptureContainer#3fac0e5e/1@146701u3.
[2026-10-07 23:45:23] (0s) Inferred that DataFlowPrivate::CaptureFlow::Cached::TExprNode#f3c0926e/3@0759c7pi is empty, due to DataFlowPrivate::CaptureFlow::Cached::TExprNode#dom#3d3bd5fc/2@9f484boi.
[2026-10-07 23:45:23] (0s) Inferred that DataFlowPrivate::CaptureFlow::Cached::TSynthThisQualifier#dom#0275e35e/3@0c5af6aj is empty, due to DataFlowPrivate::CaptureFlow::synthThisQualifier/2#f52b5f43/2@574acfdo.
[2026-10-07 23:45:23] (0s) Inferred that project#DataFlowPrivate::CaptureFlow::CaptureSsaInput::variableRead/4#8ccf78d9#cpe#123/2@7f0a378m is empty, due to DataFlowPrivate::CaptureFlow::CaptureSsaInput::variableRead/4#8ccf78d9#cpe#123/3@667284lr.
[2026-10-07 23:45:23] (0s) Inferred that _DataFlowPrivate::CaptureFlow::CaptureSsaInput::variableRead/4#8ccf78d9#cpe#123_num#DataFlowPrivate:__#shared/4@c3ce1c24 is empty, due to DataFlowPrivate::CaptureFlow::CaptureSsaInput::variableRead/4#8ccf78d9#cpe#123/3@667284lr.
[2026-10-07 23:45:23] (0s) Inferred that DataFlowPrivate::CaptureFlow::CaptureSsa::ssaDefReachesRead/4#053ffeb9/4@a337eai6 is empty, due to DataFlowPrivate::CaptureFlow::CaptureSsaInput::variableRead/4#8ccf78d9#cpe#123/3@667284lr.
[2026-10-07 23:45:23] (0s) Inferred that DataFlowPrivate::CaptureFlow::SsaFlow::phiStepsToRef/4#5e4ffd79#cpe#123/3@f1d8a6b5 is empty, due to DataFlowPrivate::CaptureFlow::CaptureSsaInput::variableRead/4#8ccf78d9#cpe#123/3@667284lr.
[2026-10-07 23:45:23] (0s) Inferred that DataFlowPrivate::CaptureFlow::ssaReadAt/5#9f36545b_12340#join_rhs/5@65ba3fgc is empty, due to DataFlowPrivate::CaptureFlow::ssaReadAt/5#9f36545b/5@d7b7eaoe.
[2026-10-07 23:45:23] (0s) Inferred that DataFlowPrivate::CaptureFlow::CaptureSsa::TWriteDef#dom#65585cf0/3@5c82b612 is empty, due to DataFlowPrivate::CaptureFlow::CaptureSsaInput::variableWrite/4#556305d6#cpe#123/3@e0318fr0.
[2026-10-07 23:45:23] (0s) Inferred that project#DataFlowPrivate::CaptureFlow::CaptureSsaInput::variableWrite/4#556305d6#cpe#123/2@23c0b7js is empty, due to DataFlowPrivate::CaptureFlow::CaptureSsaInput::variableWrite/4#556305d6#cpe#123/3@e0318fr0.
[2026-10-07 23:45:23] (0s) Inferred that project#DataFlowPrivate::CaptureFlow::CaptureSsa::Liveness::varRef/4#2ada79e8/2@cd771cb0 is empty, due to DataFlowPrivate::CaptureFlow::CaptureSsa::Liveness::varRef/4#2ada79e8/4@758696c3.
[2026-10-07 23:45:23] (0s) Inferred that DataFlowPrivate::CaptureFlow::CaptureSsa::Liveness::varRef/4#2ada79e8_1302#join_rhs/4@bace69ol is empty, due to DataFlowPrivate::CaptureFlow::CaptureSsa::Liveness::varRef/4#2ada79e8/4@758696c3.
[2026-10-07 23:45:23] (0s) Inferred that project#DataFlowPrivate::CaptureFlow::CaptureSsa::Liveness::varRef/4#2ada79e8#2/2@eac43cgj is empty, due to DataFlowPrivate::CaptureFlow::CaptureSsa::Liveness::varRef/4#2ada79e8/4@758696c3.
[2026-10-07 23:45:23] (0s) Inferred that DataFlowPrivate::CaptureFlow::ssaWriteAt/4#a01ecf17_1230#join_rhs/4@17b91buf is empty, due to DataFlowPrivate::CaptureFlow::ssaWriteAt/4#a01ecf17/4@fe2ef1je.
[2026-10-07 23:45:23] (0s) Inferred that project#DataFlowPrivate::CaptureFlow::CaptureSsa::SsaDefReaches::ssaRef/4#cd96d7d4/2@517244um is empty, due to DataFlowPrivate::CaptureFlow::CaptureSsa::SsaDefReaches::ssaRef/4#cd96d7d4/4@652b5325.
[2026-10-07 23:45:23] (0s) Inferred that DataFlowPrivate::CaptureFlow::CaptureSsa::SsaDefReaches::ssaRef/4#cd96d7d4_1302#join_rhs/4@7270d1r5 is empty, due to DataFlowPrivate::CaptureFlow::CaptureSsa::SsaDefReaches::ssaRef/4#cd96d7d4/4@652b5325.
[2026-10-07 23:45:23] (0s) Inferred that DataFlowPrivate::CaptureFlow::CaptureSsa::AdjacentSsaRefs::ssaRef/4#16f8c78e/4@26f578l4 is empty, due to DataFlowPrivate::CaptureFlow::CaptureSsa::SsaDefReaches::ssaRef/4#cd96d7d4/4@652b5325.
[2026-10-07 23:45:23] (0s) Inferred that cached_DataFlowPrivate::CaptureFlow::Cached::TClosureNode#bf9839bf/1@ae5607ei is empty, due to DataFlowPrivate::CaptureFlow::Cached::TClosureNode#bf9839bf/1@7b26718d.
[2026-10-07 23:45:23] (0s) Inferred that #DataFlowPrivate::CaptureFlow::callableGetEnclosingCallable/1#e1b35514Plus#sourceBound#3/1@6f56bf4t is empty, due to #DataFlowPrivate::CaptureFlow::callableGetEnclosingCallable/1#e1b35514Plus#sourceBound#2#3/1@d9691ebt.
[2026-10-07 23:45:23] (0s) Inferred that __DataFlowPrivate::CaptureFlow::BasicBlock.getEnclosingCallable/0#dispred#2185b3a1_DataFlowPrivate::__#antijoin_rhs#2/5@b4a3a4i8 is empty, due to _DataFlowPrivate::CaptureFlow::BasicBlock.getEnclosingCallable/0#dispred#2185b3a1_DataFlowPrivate::C__#shared#2/7@ea5864kj.
[2026-10-07 23:45:23] (0s) Inferred that DataFlowPrivate::CaptureFlow::synthRead/6#5e157eb3#bfffff_3012#join_rhs/4@ebc026ov is empty, due to DataFlowPrivate::CaptureFlow::synthRead/6#5e157eb3#bfffff/6@b70f92mg.
[2026-10-07 23:45:23] (0s) Inferred that DataFlowPrivate::CaptureFlow::heuristicAllowInstanceParameterReturnInSelf/1#e7635901/1@58fe26dq is empty, due to DataFlowPrivate::CaptureFlow::captureAccess/2#1d66f434_10#count_range/2@4d2632m6.
[2026-10-07 23:45:23] (0s) Inferred that project#DataFlowPrivate::CaptureFlow::captureRead/5#57fcd16c/2@ebdc18tj is empty, due to DataFlowPrivate::CaptureFlow::captureRead/5#57fcd16c/5@90a1323n.
[2026-10-07 23:45:23] (0s) Inferred that DataFlowPrivate::CaptureFlow::captureRead/5#57fcd16c_12304#join_rhs/5@5d7d83lv is empty, due to DataFlowPrivate::CaptureFlow::captureRead/5#57fcd16c/5@90a1323n.
[2026-10-07 23:45:23] (0s) Inferred that NamedPattern::Generated::NamedPattern.getVarDecl/0#dispred#d772731f#fb/2@e36ae3g7 is empty, due to Synth::Synth::convertVarDeclFromRaw/1#87b11dab#fb/2@39a1b5vd.
[2026-10-07 23:45:23] (0s) Inferred that Assignment::Assignment.getDest/0#dispred#8e2e5936#fb/2@b9a5eagd is empty, due to m#Assignment::Assignment.getDest/0#dispred#8e2e5936#fb/1@27017aii.
[2026-10-07 23:45:23] (0s) Inferred that project#DataFlowPrivate::CaptureFlow::captureWrite/5#8b85aa0c/2@8279bfi5 is empty, due to DataFlowPrivate::CaptureFlow::captureWrite/5#8b85aa0c/5@46c08a9t.
[2026-10-07 23:45:23] (0s) Inferred that DataFlowPrivate::CaptureFlow::captureWrite/5#8b85aa0c_12304#join_rhs/5@a16d027n is empty, due to DataFlowPrivate::CaptureFlow::captureWrite/5#8b85aa0c/5@46c08a9t.
[2026-10-07 23:45:23] (0s) Inferred that project#DataFlowPrivate::CaptureFlow::captureRead/5#57fcd16c#bffff_10#join_rhs/2@2d961cn7 is empty, due to project#DataFlowPrivate::CaptureFlow::captureRead/5#57fcd16c#bffff/2@3d64a5qt.
[2026-10-07 23:45:23] (0s) Inferred that DataFlowPrivate::CaptureFlow::captureWrite/5#8b85aa0c#bffff/5@f63371lv is empty, due to _DataFlowPrivate::CaptureInput::VariableWrite#209e7419#fbf_10#join_rhs_DataFlowPrivate::TCapturedVar__#shared/2@3cd53f43.
[2026-10-07 23:45:23] (0s) Inferred that project#DataFlowPrivate::CaptureFlow::captureRead/5#57fcd16c/2@493e809j is empty, due to DataFlowPrivate::CaptureFlow::captureRead/5#57fcd16c/5@ff98f7ts.
[2026-10-07 23:45:23] (0s) Inferred that DataFlowPrivate::CaptureFlow::captureRead/5#57fcd16c_1234#join_rhs/4@0b72b75r is empty, due to DataFlowPrivate::CaptureFlow::captureRead/5#57fcd16c/5@ff98f7ts.
[2026-10-07 23:45:23] (0s) Inferred that project#DataFlowPrivate::CaptureFlow::captureWrite/5#8b85aa0c/2@04b54359 is empty, due to DataFlowPrivate::CaptureFlow::captureWrite/5#8b85aa0c/5@4dbd63ls.
[2026-10-07 23:45:23] (0s) Inferred that DataFlowPrivate::CaptureFlow::captureWrite/5#8b85aa0c_1234#join_rhs/4@f39783um is empty, due to DataFlowPrivate::CaptureFlow::captureWrite/5#8b85aa0c/5@4dbd63ls.
[2026-10-07 23:45:23] (0s) Inferred that #DataFlowPrivate::CaptureFlow::callableGetEnclosingCallable/1#e1b35514Plus#sourceBound#3/1@2fc9d1p2 is empty, due to #DataFlowPrivate::CaptureFlow::callableGetEnclosingCallable/1#e1b35514Plus#sourceBound#2#3/1@133d6abl.
[2026-10-07 23:45:23] (0s) Inferred that DataFlowPrivate::CaptureFlow::Cached::TSynthRead#120eb0aa/5@3779d00q is empty, due to DataFlowPrivate::CaptureFlow::Cached::TSynthRead#dom#4a14a35d/4@208fe9id.
[2026-10-07 23:45:23] (0s) Inferred that #DataFlowPrivate::CaptureFlow::callableGetEnclosingCallable/1#e1b35514Plus#sourceBound#3/1@336399at is empty, due to #DataFlowPrivate::CaptureFlow::callableGetEnclosingCallable/1#e1b35514Plus#sourceBound#2#3/1@c824f36d.
[2026-10-07 23:45:23] (0s) Inferred that project#DataFlowPrivate::CaptureFlow::synthRead/5#e6f604ae#bffff/3@80a9ed84 is empty, due to DataFlowPrivate::CaptureFlow::synthRead/5#e6f604ae#bffff_3012#join_rhs/4@a2b5a8rl.
[2026-10-07 23:45:23] (0s) Inferred that #DataFlowPrivate::CaptureFlow::callableGetEnclosingCallable/1#e1b35514Plus#sourceBound#3/1@c7f4f6sc is empty, due to #DataFlowPrivate::CaptureFlow::callableGetEnclosingCallable/1#e1b35514Plus#sourceBound#2#3/1@02928f8i.
[2026-10-07 23:45:23] (0s) Inferred that cached_DataFlowPrivate::CaptureFlow::Cached::TParamNode#7ba7a910/2@3c406fqk is empty, due to DataFlowPrivate::CaptureFlow::Cached::TParamNode#7ba7a910/2@50c52a4t.
[2026-10-07 23:45:23] (0s) Inferred that __DataFlowPrivate::CaptureFlow::BasicBlock.getEnclosingCallable/0#dispred#2185b3a1_DataFlowPrivate::__#antijoin_rhs/4@50bb06vf is empty, due to _DataFlowPrivate::CaptureFlow::BasicBlock.getEnclosingCallable/0#dispred#2185b3a1_DataFlowPrivate::C__#shared/6@5a88e96a.
[2026-10-07 23:45:23] (0s) Inferred that __DataFlowPrivate::CaptureFlow::BasicBlock.getEnclosingCallable/0#dispred#2185b3a1_DataFlowPrivate::__#antijoin_rhs#1/4@e95d56lq is empty, due to _DataFlowPrivate::CaptureFlow::BasicBlock.getEnclosingCallable/0#dispred#2185b3a1_DataFlowPrivate::C__#shared#1/6@f0303d1b.
[2026-10-07 23:45:23] (0s) Inferred that DataFlowPrivate::CaptureFlow::Cached::TThisParamNode#dom#0ac264eb/1@0eeb28jm is empty, due to DataFlowPrivate::CaptureFlow::captureAccess/2#1d66f434/2@60c8dwkm.
[2026-10-07 23:45:23] (0s) Inferred that __DataFlowPrivate::CaptureFlow::captureRead/5#57fcd16c_12#join_rhs__BasicBlock::Make<Location::Locat__#join_rhs/2@fc2e7841 is empty, due to _DataFlowPrivate::CaptureFlow::captureRead/5#57fcd16c_12#join_rhs__BasicBlock::Make<Location::Locati__#min_range/2@1b68b632.
[2026-10-07 23:45:23] (0s) Inferred that DataFlowPrivate::CaptureFlow::captureRead/5#57fcd16c/5@b691c6rb is empty, due to DataFlowPrivate::CaptureInput::VariableRead#d6e375c5/2@226bfe57.
[2026-10-07 23:45:23] (0s) Inferred that DataFlowPrivate::CaptureFlow::Cached::TVariableWriteSourceNode#a885997a/2@67cae598 is empty, due to DataFlowPrivate::CaptureFlow::Cached::TVariableWriteSourceNode#dom#e4c2cdd4/1@6d3278o3.
[2026-10-07 23:45:23] (0s) Inferred that DataFlowPrivate::CaptureFlow::captureWrite/5#8b85aa0c/5@337bf4v8 is empty, due to project#DataFlowPrivate::CaptureInput::VariableWrite#209e7419/2@f073608a.
[2026-10-07 23:45:23] (0s) Inferred that cached_DataFlowPrivate::CaptureFlow::localFlowStep/2#fe2fcd42/2@37df6di7 is empty, due to DataFlowPrivate::CaptureFlow::localFlowStep/2#fe2fcd42/2@5511cfjv.
[2026-10-07 23:45:23] (0s) Inferred that cached_DataFlowPrivate::CaptureFlow::Cached::TExprNode#f3c0926e/3@bf2dbbf2 is empty, due to DataFlowPrivate::CaptureFlow::Cached::TExprNode#f3c0926e/3@0759c7pi.
[2026-10-07 23:45:23] (0s) Inferred that DataFlowPrivate::CaptureFlow::Cached::TSynthThisQualifier#e98bb60d/4@934a31l1 is empty, due to DataFlowPrivate::CaptureFlow::Cached::TSynthThisQualifier#dom#0275e35e/3@0c5af6aj.
[2026-10-07 23:45:23] (0s) Inferred that DataFlowPrivate::CaptureFlow::CaptureSsa::inReadDominanceFrontier/2#b4691086/2@ee491wih is empty, due to project#DataFlowPrivate::CaptureFlow::CaptureSsaInput::variableRead/4#8ccf78d9#cpe#123/2@7f0a378m.
[2026-10-07 23:45:23] (0s) Inferred that DataFlowPrivate::CaptureFlow::CaptureSsa::synthPhiRead/2#d4420fa6/2@ee491xih is empty, due to project#DataFlowPrivate::CaptureFlow::CaptureSsaInput::variableRead/4#8ccf78d9#cpe#123/2@7f0a378m.
[2026-10-07 23:45:23] (0s) Inferred that project#DataFlowPrivate::CaptureFlow::CaptureSsa::ssaDefReachesRead/4#053ffeb9/3@e79b7fn7 is empty, due to DataFlowPrivate::CaptureFlow::CaptureSsa::ssaDefReachesRead/4#053ffeb9/4@a337eai6.
[2026-10-07 23:45:23] (0s) Inferred that project#DataFlowPrivate::CaptureFlow::CaptureSsa::ssaDefReachesRead/4#053ffeb9#2/2@411373uo is empty, due to DataFlowPrivate::CaptureFlow::CaptureSsa::ssaDefReachesRead/4#053ffeb9/4@a337eai6.
[2026-10-07 23:45:23] (0s) Inferred that project#DataFlowPrivate::CaptureFlow::SsaFlow::phiStepsToRef/4#5e4ffd79#cpe#123/1@9a2f54vf is empty, due to DataFlowPrivate::CaptureFlow::SsaFlow::phiStepsToRef/4#5e4ffd79#cpe#123/3@f1d8a6b5.
[2026-10-07 23:45:23] (0s) Inferred that DataFlowPrivate::CaptureFlow::SsaFlow::phiStepsToRef/4#5e4ffd79#cpe#123_012_true_1#count_range/5@f3a786k9 is empty, due to DataFlowPrivate::CaptureFlow::SsaFlow::phiStepsToRef/4#5e4ffd79#cpe#123/3@f1d8a6b5.
[2026-10-07 23:45:23] (0s) Inferred that DataFlowPrivate::CaptureFlow::CaptureSsa::TWriteDef#1faf889b/4@2c736779 is empty, due to DataFlowPrivate::CaptureFlow::CaptureSsa::TWriteDef#dom#65585cf0/3@5c82b612.
[2026-10-07 23:45:23] (0s) Inferred that DataFlowPrivate::CaptureFlow::CaptureSsa::RankRefs<Liveness::varRef>::MkOrderedRefIndex#dom#47bec12d/2@36e56b5g is empty, due to project#DataFlowPrivate::CaptureFlow::CaptureSsa::Liveness::varRef/4#2ada79e8/2@cd771cb0.
[2026-10-07 23:45:23] (0s) Inferred that DataFlowPrivate::CaptureFlow::CaptureSsa::RankRefs<Liveness::varRef>::refOrd/5#469a8d3b/6@ea860442 is empty, due to DataFlowPrivate::CaptureFlow::CaptureSsa::Liveness::varRef/4#2ada79e8_1302#join_rhs/4@bace69ol.
[2026-10-07 23:45:23] (0s) Inferred that DataFlowPrivate::CaptureFlow::CaptureSsa::RankRefs<SsaDefReaches::ssaRef>::MkOrderedRefIndex#dom#b8a05d50/2@de107549 is empty, due to project#DataFlowPrivate::CaptureFlow::CaptureSsa::SsaDefReaches::ssaRef/4#cd96d7d4/2@517244um.
[2026-10-07 23:45:23] (0s) Inferred that DataFlowPrivate::CaptureFlow::CaptureSsa::RankRefs<SsaDefReaches::ssaRef>::refOrd/5#94ea9ded/6@f324ebin is empty, due to DataFlowPrivate::CaptureFlow::CaptureSsa::SsaDefReaches::ssaRef/4#cd96d7d4_1302#join_rhs/4@7270d1r5.
[2026-10-07 23:45:23] (0s) Inferred that project#DataFlowPrivate::CaptureFlow::CaptureSsa::AdjacentSsaRefs::ssaRef/4#16f8c78e/2@fe15623g is empty, due to DataFlowPrivate::CaptureFlow::CaptureSsa::AdjacentSsaRefs::ssaRef/4#16f8c78e/4@26f578l4.
[2026-10-07 23:45:23] (0s) Inferred that project#DataFlowPrivate::CaptureFlow::CaptureSsa::AdjacentSsaRefs::ssaRef/4#16f8c78e#2/2@a04f5ejh is empty, due to DataFlowPrivate::CaptureFlow::CaptureSsa::AdjacentSsaRefs::ssaRef/4#16f8c78e/4@26f578l4.
[2026-10-07 23:45:23] (0s) Inferred that DataFlowPrivate::CaptureFlow::CaptureSsa::AdjacentSsaRefs::ssaRef/4#16f8c78e_1302#join_rhs/4@22a3de0o is empty, due to DataFlowPrivate::CaptureFlow::CaptureSsa::AdjacentSsaRefs::ssaRef/4#16f8c78e/4@26f578l4.
[2026-10-07 23:45:23] (0s) Inferred that project#DataFlowPrivate::CaptureFlow::synthRead/6#5e157eb3#bfffff/3@fefe46m8 is empty, due to DataFlowPrivate::CaptureFlow::synthRead/6#5e157eb3#bfffff_3012#join_rhs/4@ebc026ov.
[2026-10-07 23:45:23] (0s) Inferred that NamedPattern::Generated::NamedPattern.getVarDecl/0#dispred#d772731f#fb_10#join_rhs/2@796b10pm is empty, due to NamedPattern::Generated::NamedPattern.getVarDecl/0#dispred#d772731f#fb/2@e36ae3g7.
[2026-10-07 23:45:23] (0s) Inferred that Assignment::Assignment.getDest/0#dispred#8e2e5936#fb_10#join_rhs/2@1bc6a63k is empty, due to Assignment::Assignment.getDest/0#dispred#8e2e5936#fb/2@b9a5eagd.
[2026-10-07 23:45:23] (0s) Inferred that project#DataFlowPrivate::CaptureFlow::captureWrite/5#8b85aa0c#bffff/2@4edc0alr is empty, due to DataFlowPrivate::CaptureFlow::captureWrite/5#8b85aa0c#bffff/5@f63371lv.
[2026-10-07 23:45:23] (0s) Inferred that project#DataFlowPrivate::CaptureFlow::captureRead/5#57fcd16c_10#join_rhs/2@9dba450o is empty, due to project#DataFlowPrivate::CaptureFlow::captureRead/5#57fcd16c/2@493e809j.
[2026-10-07 23:45:23] (0s) Inferred that project#DataFlowPrivate::CaptureFlow::captureWrite/5#8b85aa0c_10#join_rhs/2@b9fe29cm is empty, due to project#DataFlowPrivate::CaptureFlow::captureWrite/5#8b85aa0c/2@04b54359.
[2026-10-07 23:45:23] (0s) Inferred that cached_DataFlowPrivate::CaptureFlow::Cached::TSynthRead#120eb0aa/5@66f47eoe is empty, due to DataFlowPrivate::CaptureFlow::Cached::TSynthRead#120eb0aa/5@3779d00q.
[2026-10-07 23:45:23] (0s) Inferred that project#DataFlowPrivate::CaptureFlow::synthRead/5#e6f604ae#bffff_120#join_rhs/3@87461d9c is empty, due to project#DataFlowPrivate::CaptureFlow::synthRead/5#e6f604ae#bffff/3@80a9ed84.
[2026-10-07 23:45:23] (0s) Inferred that DataFlowPrivate::CaptureFlow::Cached::TThisParamNode#2318c6b0/2@55d482h3 is empty, due to DataFlowPrivate::CaptureFlow::Cached::TThisParamNode#dom#0ac264eb/1@0eeb28jm.
[2026-10-07 23:45:23] (0s) Inferred that num#DataFlowPrivate::CaptureFlow::TThis#58b8462f/2@79c2baro is empty, due to DataFlowPrivate::CaptureFlow::Cached::TThisParamNode#dom#0ac264eb/1@0eeb28jm.
[2026-10-07 23:45:23] (0s) Inferred that DataFlowPrivate::CaptureFlow::entryDef/3#d21a479d/3@e8d73c4m is empty, due to __DataFlowPrivate::CaptureFlow::captureRead/5#57fcd16c_12#join_rhs__BasicBlock::Make<Location::Locat__#join_rhs/2@fc2e7841.
[2026-10-07 23:45:23] (0s) Inferred that project#DataFlowPrivate::CaptureFlow::captureRead/5#57fcd16c/2@e5dd0fc5 is empty, due to DataFlowPrivate::CaptureFlow::captureRead/5#57fcd16c/5@b691c6rb.
[2026-10-07 23:45:23] (0s) Inferred that DataFlowPrivate::CaptureFlow::captureRead/5#57fcd16c_312#join_rhs/3@ca3f53vm is empty, due to DataFlowPrivate::CaptureFlow::captureRead/5#57fcd16c/5@b691c6rb.
[2026-10-07 23:45:23] (0s) Inferred that DataFlowPrivate::CaptureFlow::captureRead/5#57fcd16c_0312#join_rhs/4@23f675av is empty, due to DataFlowPrivate::CaptureFlow::captureRead/5#57fcd16c/5@b691c6rb.
[2026-10-07 23:45:23] (0s) Inferred that DataFlowPrivate::CaptureFlow::captureRead/5#57fcd16c_03124#join_rhs/5@84a5c5qt is empty, due to DataFlowPrivate::CaptureFlow::captureRead/5#57fcd16c/5@b691c6rb.
[2026-10-07 23:45:23] (0s) Inferred that DataFlowPrivate::CaptureFlow::captureRead/5#57fcd16c_12#join_rhs/2@261a5bq4 is empty, due to DataFlowPrivate::CaptureFlow::captureRead/5#57fcd16c/5@b691c6rb.
[2026-10-07 23:45:23] (0s) Inferred that cached_DataFlowPrivate::CaptureFlow::Cached::TVariableWriteSourceNode#a885997a/2@792a39t5 is empty, due to DataFlowPrivate::CaptureFlow::Cached::TVariableWriteSourceNode#a885997a/2@67cae598.
[2026-10-07 23:45:23] (0s) Inferred that project#DataFlowPrivate::CaptureFlow::captureWrite/5#8b85aa0c/2@9138a0im is empty, due to DataFlowPrivate::CaptureFlow::captureWrite/5#8b85aa0c/5@337bf4v8.
[2026-10-07 23:45:23] (0s) Inferred that DataFlowPrivate::CaptureFlow::captureWrite/5#8b85aa0c_312#join_rhs/3@511749qj is empty, due to DataFlowPrivate::CaptureFlow::captureWrite/5#8b85aa0c/5@337bf4v8.
[2026-10-07 23:45:23] (0s) Inferred that project#DataFlowPrivate::CaptureFlow::captureWrite/5#8b85aa0c#3/2@79db8e4p is empty, due to DataFlowPrivate::CaptureFlow::captureWrite/5#8b85aa0c/5@337bf4v8.
[2026-10-07 23:45:23] (0s) Inferred that DataFlowPrivate::CaptureFlow::captureWrite/5#8b85aa0c_3012#join_rhs/4@45392b80 is empty, due to DataFlowPrivate::CaptureFlow::captureWrite/5#8b85aa0c/5@337bf4v8.
[2026-10-07 23:45:23] (0s) Inferred that DataFlowPrivate::CaptureFlow::captureWrite/5#8b85aa0c_03124#join_rhs/5@d20fa54d is empty, due to DataFlowPrivate::CaptureFlow::captureWrite/5#8b85aa0c/5@337bf4v8.
[2026-10-07 23:45:23] (0s) Inferred that DataFlowPrivate::CaptureFlow::Cached::TExprNode#f3c0926e_12#join_rhs/2@141ab9q7 is empty, due to cached_DataFlowPrivate::CaptureFlow::Cached::TExprNode#f3c0926e/3@bf2dbbf2.
[2026-10-07 23:45:23] (0s) Inferred that cached_DataFlowPrivate::CaptureFlow::Cached::TSynthThisQualifier#e98bb60d/4@cdc8d82s is empty, due to DataFlowPrivate::CaptureFlow::Cached::TSynthThisQualifier#e98bb60d/4@934a31l1.
[2026-10-07 23:45:23] (0s) Inferred that DataFlowPrivate::CaptureFlow::CaptureSsa::TPhiReadNode#dom#d8b87e63/2@bc6990dp is empty, due to DataFlowPrivate::CaptureFlow::CaptureSsa::synthPhiRead/2#d4420fa6/2@ee491xih.
[2026-10-07 23:45:23] (0s) Inferred that DataFlowPrivate::CaptureFlow::SsaFlow::TExprNode#dom#01d2fc01/2@c1a12ba9 is empty, due to project#DataFlowPrivate::CaptureFlow::CaptureSsa::ssaDefReachesRead/4#053ffeb9/3@e79b7fn7.
[2026-10-07 23:45:23] (0s) Inferred that _DataFlowPrivate::CaptureFlow::SsaFlow::phiStepsToRef/4#5e4ffd79#cpe#123_012_true_1#count_range#shared/2@1c23a57n is empty, due to DataFlowPrivate::CaptureFlow::SsaFlow::phiStepsToRef/4#5e4ffd79#cpe#123_012_true_1#count_range/5@f3a786k9.
[2026-10-07 23:45:23] (0s) Inferred that DataFlowPrivate::CaptureFlow::SsaFlow::TWriteDefSource#dom#812da40a/1@4912b8o6 is empty, due to DataFlowPrivate::CaptureFlow::CaptureSsa::TWriteDef#1faf889b/4@2c736779.
[2026-10-07 23:45:23] (0s) Inferred that num#DataFlowPrivate::CaptureFlow::CaptureSsa::TPhiNode#b55afabe/3@b0299wei is empty, due to DataFlowPrivate::CaptureFlow::CaptureSsa::TWriteDef#1faf889b/4@2c736779.
[2026-10-07 23:45:23] (0s) Inferred that DataFlowPrivate::CaptureFlow::CaptureSsa::TPhiNode#b55afabe/3@b0299xei is empty, due to DataFlowPrivate::CaptureFlow::CaptureSsa::TWriteDef#1faf889b/4@2c736779.
[2026-10-07 23:45:23] (0s) Inferred that DataFlowPrivate::CaptureFlow::CaptureSsa::inDefDominanceFrontier/2#63f3724d/2@b0299yei is empty, due to DataFlowPrivate::CaptureFlow::CaptureSsa::TWriteDef#1faf889b/4@2c736779.
[2026-10-07 23:45:23] (0s) Inferred that DataFlowPrivate::CaptureFlow::CaptureSsa::TPhiNode#dom#0fcd58a5/2@b0299zei is empty, due to DataFlowPrivate::CaptureFlow::CaptureSsa::TWriteDef#1faf889b/4@2c736779.
[2026-10-07 23:45:23] (0s) Inferred that DataFlowPrivate::CaptureFlow::CaptureSsa::Definition.definesAt/3#dispred#23b5ee94/4@b02990wi is empty, due to DataFlowPrivate::CaptureFlow::CaptureSsa::TWriteDef#1faf889b/4@2c736779.
[2026-10-07 23:45:23] (0s) Inferred that DataFlowPrivate::CaptureFlow::SsaFlow::SsaPhiExt#fefc99c1/1@39b131jl is empty, due to DataFlowPrivate::CaptureFlow::CaptureSsa::TWriteDef#1faf889b/4@2c736779.
[2026-10-07 23:45:23] (0s) Inferred that DataFlowPrivate::CaptureFlow::CaptureSsa::TDefinitionExt#e19a7611/1@a91773r6 is empty, due to DataFlowPrivate::CaptureFlow::CaptureSsa::TWriteDef#1faf889b/4@2c736779.
[2026-10-07 23:45:23] (0s) Inferred that DataFlowPrivate::CaptureFlow::SsaFlow::TSsaDefinitionNode#dom#95549da6/1@f2545140 is empty, due to DataFlowPrivate::CaptureFlow::CaptureSsa::TWriteDef#1faf889b/4@2c736779.
[2026-10-07 23:45:23] (0s) Inferred that DataFlowPrivate::CaptureFlow::SsaFlow::NodeImpl#b5f9faa6/1@f7efber3 is empty, due to DataFlowPrivate::CaptureFlow::CaptureSsa::TWriteDef#1faf889b/4@2c736779.
[2026-10-07 23:45:23] (0s) Inferred that DataFlowPrivate::CaptureFlow::SsaFlow::TNode#e96baa20/1@826e6fnv is empty, due to DataFlowPrivate::CaptureFlow::CaptureSsa::TWriteDef#1faf889b/4@2c736779.
[2026-10-07 23:45:23] (0s) Inferred that cached_DataFlowPrivate::CaptureFlow::CaptureSsa::TWriteDef#1faf889b/4@abf1233c is empty, due to DataFlowPrivate::CaptureFlow::CaptureSsa::TWriteDef#1faf889b/4@2c736779.
[2026-10-07 23:45:23] (0s) Inferred that num#DataFlowPrivate::CaptureFlow::CaptureSsa::RankRefs<Liveness::varRef>::MkOrderedRefIndex#f8110669/3@5ed49beh is empty, due to DataFlowPrivate::CaptureFlow::CaptureSsa::RankRefs<Liveness::varRef>::MkOrderedRefIndex#dom#47bec12d/2@36e56b5g.
[2026-10-07 23:45:23] (0s) Inferred that DataFlowPrivate::CaptureFlow::CaptureSsa::RankRefs<Liveness::varRef>::refOrd/5#469a8d3b_02145#rank_range/5@2197ccrk is empty, due to DataFlowPrivate::CaptureFlow::CaptureSsa::RankRefs<Liveness::varRef>::refOrd/5#469a8d3b/6@ea860442.
[2026-10-07 23:45:23] (0s) Inferred that DataFlowPrivate::CaptureFlow::CaptureSsa::RankRefs<Liveness::varRef>::refOrd/5#469a8d3b_02145514#rank_term/8@fe3e4bat is empty, due to DataFlowPrivate::CaptureFlow::CaptureSsa::RankRefs<Liveness::varRef>::refOrd/5#469a8d3b/6@ea860442.
[2026-10-07 23:45:23] (0s) Inferred that num#DataFlowPrivate::CaptureFlow::CaptureSsa::RankRefs<SsaDefReaches::ssaRef>::MkOrderedRefIndex#922fedf9/3@4782b88j is empty, due to DataFlowPrivate::CaptureFlow::CaptureSsa::RankRefs<SsaDefReaches::ssaRef>::MkOrderedRefIndex#dom#b8a05d50/2@de107549.
[2026-10-07 23:45:23] (0s) Inferred that DataFlowPrivate::CaptureFlow::CaptureSsa::RankRefs<SsaDefReaches::ssaRef>::refOrd/5#94ea9ded_02145#rank_range/5@84bf496p is empty, due to DataFlowPrivate::CaptureFlow::CaptureSsa::RankRefs<SsaDefReaches::ssaRef>::refOrd/5#94ea9ded/6@f324ebin.
[2026-10-07 23:45:23] (0s) Inferred that DataFlowPrivate::CaptureFlow::CaptureSsa::RankRefs<SsaDefReaches::ssaRef>::refOrd/5#94ea9ded_02145514#rank_term/8@8a1cb43g is empty, due to DataFlowPrivate::CaptureFlow::CaptureSsa::RankRefs<SsaDefReaches::ssaRef>::refOrd/5#94ea9ded/6@f324ebin.
[2026-10-07 23:45:23] (0s) Inferred that DataFlowPrivate::CaptureFlow::CaptureSsa::RankRefs<AdjacentSsaRefs::ssaRef>::MkOrderedRefIndex#dom#62ddd85e/2@d7487eod is empty, due to project#DataFlowPrivate::CaptureFlow::CaptureSsa::AdjacentSsaRefs::ssaRef/4#16f8c78e#2/2@a04f5ejh.
[2026-10-07 23:45:23] (0s) Inferred that DataFlowPrivate::CaptureFlow::CaptureSsa::RankRefs<AdjacentSsaRefs::ssaRef>::refOrd/5#ca652514/6@0fdc1cv0 is empty, due to DataFlowPrivate::CaptureFlow::CaptureSsa::AdjacentSsaRefs::ssaRef/4#16f8c78e_1302#join_rhs/4@22a3de0o.
[2026-10-07 23:45:23] (0s) Inferred that project#DataFlowPrivate::CaptureFlow::synthRead/6#5e157eb3#bfffff_120#join_rhs/3@8edae7hb is empty, due to project#DataFlowPrivate::CaptureFlow::synthRead/6#5e157eb3#bfffff/3@fefe46m8.
[2026-10-07 23:45:23] (0s) Inferred that project#DataFlowPrivate::CaptureFlow::captureWrite/5#8b85aa0c#bffff_10#join_rhs/2@4610cbpn is empty, due to project#DataFlowPrivate::CaptureFlow::captureWrite/5#8b85aa0c#bffff/2@4edc0alr.
[2026-10-07 23:45:23] (0s) Inferred that DataFlowPrivate::CaptureFlow::Cached::TSynthRead#120eb0aa_30124#join_rhs/5@c61668oo is empty, due to cached_DataFlowPrivate::CaptureFlow::Cached::TSynthRead#120eb0aa/5@66f47eoe.
[2026-10-07 23:45:23] (0s) Inferred that DataFlowPrivate::CaptureFlow::Cached::TSynthRead#120eb0aa_03124#join_rhs/5@3ad4caij is empty, due to cached_DataFlowPrivate::CaptureFlow::Cached::TSynthRead#120eb0aa/5@66f47eoe.
[2026-10-07 23:45:23] (0s) Inferred that cached_DataFlowPrivate::CaptureFlow::Cached::TThisParamNode#2318c6b0/2@38440918 is empty, due to DataFlowPrivate::CaptureFlow::Cached::TThisParamNode#2318c6b0/2@55d482h3.
[2026-10-07 23:45:23] (0s) Inferred that _DataFlowPrivate::CaptureFlow::BasicBlock.getEnclosingCallable/0#dispred#2185b3a1_10#join_rhs_num#Da__#shared/2@562ea498 is empty, due to num#DataFlowPrivate::CaptureFlow::TThis#58b8462f/2@79c2baro.
[2026-10-07 23:45:23] (0s) Inferred that project#DataFlowPrivate::CaptureFlow::captureWrite/5#8b85aa0c#2/2@b81606ae is empty, due to DataFlowPrivate::CaptureFlow::captureWrite/5#8b85aa0c_312#join_rhs/3@511749qj.
[2026-10-07 23:45:23] (0s) Inferred that project#DataFlowPrivate::CaptureFlow::captureWrite/5#8b85aa0c#4/3@039865gc is empty, due to DataFlowPrivate::CaptureFlow::captureWrite/5#8b85aa0c_3012#join_rhs/4@45392b80.
[2026-10-07 23:45:23] (0s) Inferred that DataFlowPrivate::CaptureFlow::Cached::TSynthThisQualifier#e98bb60d_2013#join_rhs/4@2e033849 is empty, due to cached_DataFlowPrivate::CaptureFlow::Cached::TSynthThisQualifier#e98bb60d/4@cdc8d82s.
[2026-10-07 23:45:23] (0s) Inferred that DataFlowPrivate::CaptureFlow::CaptureSsa::TPhiReadNode#6f2647fa/3@cccedc4d is empty, due to DataFlowPrivate::CaptureFlow::CaptureSsa::TPhiReadNode#dom#d8b87e63/2@bc6990dp.
[2026-10-07 23:45:23] (0s) Inferred that DataFlowPrivate::CaptureFlow::SsaFlow::TExprNode#c0c1acbf/3@cc67af4q is empty, due to DataFlowPrivate::CaptureFlow::SsaFlow::TExprNode#dom#01d2fc01/2@c1a12ba9.
[2026-10-07 23:45:23] (0s) Inferred that DataFlowPrivate::CaptureFlow::SsaFlow::TWriteDefSource#00a79759/2@1f9ab1ir is empty, due to DataFlowPrivate::CaptureFlow::SsaFlow::TWriteDefSource#dom#812da40a/1@4912b8o6.
[2026-10-07 23:45:23] (0s) Inferred that DataFlowPrivate::CaptureFlow::CaptureSsa::TPhiNode#b55afabe_2#join_rhs/1@7f351dcv is empty, due to DataFlowPrivate::CaptureFlow::CaptureSsa::TPhiNode#b55afabe/3@b0299xei.
[2026-10-07 23:45:23] (0s) Inferred that cached_DataFlowPrivate::CaptureFlow::CaptureSsa::TPhiNode#b55afabe/3@232538qj is empty, due to DataFlowPrivate::CaptureFlow::CaptureSsa::TPhiNode#b55afabe/3@b0299xei.
[2026-10-07 23:45:23] (0s) Inferred that DataFlowPrivate::CaptureFlow::CaptureSsa::Definition.definesAt/3#dispred#23b5ee94_12#antijoin_rhs/2@860602m2 is empty, due to DataFlowPrivate::CaptureFlow::CaptureSsa::Definition.definesAt/3#dispred#23b5ee94/4@b02990wi.
[2026-10-07 23:45:23] (0s) Inferred that DataFlowPrivate::CaptureFlow::CaptureSsa::SsaDefReaches::ssaDefReachesRank/4#fc03edf9/4@290bawsh is empty, due to DataFlowPrivate::CaptureFlow::CaptureSsa::Definition.definesAt/3#dispred#23b5ee94/4@b02990wi.
[2026-10-07 23:45:23] (0s) Inferred that DataFlowPrivate::CaptureFlow::CaptureSsa::Definition.definesAt/3#dispred#23b5ee94_120#join_rhs/3@284e9454 is empty, due to DataFlowPrivate::CaptureFlow::CaptureSsa::Definition.definesAt/3#dispred#23b5ee94/4@b02990wi.
[2026-10-07 23:45:23] (0s) Inferred that DataFlowPrivate::CaptureFlow::CaptureSsa::DefinitionExt.definesAt/3#dispred#745bef75/4@32e69dru is empty, due to DataFlowPrivate::CaptureFlow::CaptureSsa::Definition.definesAt/3#dispred#23b5ee94/4@b02990wi.
[2026-10-07 23:45:23] (0s) Inferred that DataFlowPrivate::CaptureFlow::SsaFlow::flowFromRefToNode/4#8a1cc911/4@a8b98xu0 is empty, due to DataFlowPrivate::CaptureFlow::CaptureSsa::Definition.definesAt/3#dispred#23b5ee94/4@b02990wi.
[2026-10-07 23:45:23] (0s) Inferred that DataFlowPrivate::CaptureFlow::SsaFlow::flowOutOf/5#fee575cc/5@29e805mk is empty, due to DataFlowPrivate::CaptureFlow::CaptureSsa::Definition.definesAt/3#dispred#23b5ee94/4@b02990wi.
[2026-10-07 23:45:23] (0s) Inferred that DataFlowPrivate::CaptureFlow::SsaFlow::getAPhiInputDef/2#e6a64c1a/3@91e200ar is empty, due to DataFlowPrivate::CaptureFlow::CaptureSsa::DefinitionExt.definesAt/3#dispred#745bef75/4@32e69dru.
[2026-10-07 23:45:23] (0s) Inferred that _DataFlowPrivate::CaptureFlow::CaptureSsa::DefinitionExt.definesAt/3#dispred#745bef75_DataFlowPrivat__#shared/4@c72246vl is empty, due to DataFlowPrivate::CaptureFlow::CaptureSsa::DefinitionExt.definesAt/3#dispred#745bef75/4@32e69dru.
[2026-10-07 23:45:23] (0s) Inferred that _DataFlowPrivate::CaptureFlow::SsaFlow::SsaPhiExt#fefc99c1_project#DataFlowPrivate::CaptureFlow::Ssa__#shared/1@d63cbf5s is empty, due to DataFlowPrivate::CaptureFlow::SsaFlow::SsaPhiExt#fefc99c1/1@39b131jl.
[2026-10-07 23:45:23] (0s) Inferred that DataFlowPrivate::CaptureFlow::SsaFlow::phiHasUniqNextNode/1#17215129/1@318d10e3 is empty, due to DataFlowPrivate::CaptureFlow::SsaFlow::SsaPhiExt#fefc99c1/1@39b131jl.
[2026-10-07 23:45:23] (0s) Inferred that cached_DataFlowPrivate::CaptureFlow::CaptureSsa::TDefinitionExt#e19a7611/1@e0c2bad6 is empty, due to DataFlowPrivate::CaptureFlow::CaptureSsa::TDefinitionExt#e19a7611/1@a91773r6.
[2026-10-07 23:45:23] (0s) Inferred that DataFlowPrivate::CaptureFlow::SsaFlow::TSsaDefinitionNode#794a011b/2@cdb913dg is empty, due to DataFlowPrivate::CaptureFlow::SsaFlow::TSsaDefinitionNode#dom#95549da6/1@f2545140.
[2026-10-07 23:45:23] (0s) Inferred that DataFlowPrivate::CaptureFlow::SsaFlow::localFlowStep/4#f54c7439/4@4f7b32pv is empty, due to DataFlowPrivate::CaptureFlow::SsaFlow::NodeImpl#b5f9faa6/1@f7efber3.
[2026-10-07 23:45:23] (0s) Inferred that cached_DataFlowPrivate::CaptureFlow::SsaFlow::TNode#e96baa20/1@6a7d768u is empty, due to DataFlowPrivate::CaptureFlow::SsaFlow::TNode#e96baa20/1@826e6fnv.
[2026-10-07 23:45:23] (0s) Inferred that num#DataFlowPrivate::CaptureFlow::CaptureSsa::RankRefs<Liveness::varRef>::MkOrderedRefIndex#f8110669_102#join_rhs/3@28499ept is empty, due to num#DataFlowPrivate::CaptureFlow::CaptureSsa::RankRefs<Liveness::varRef>::MkOrderedRefIndex#f8110669/3@5ed49beh.
[2026-10-07 23:45:23] (0s) Inferred that _DataFlowPrivate::CaptureFlow::CaptureSsa::RankRefs<Liveness::varRef>::refOrd/5#469a8d3b_02145#rank___#join_rhs/4@5326883s is empty, due to DataFlowPrivate::CaptureFlow::CaptureSsa::RankRefs<Liveness::varRef>::refOrd/5#469a8d3b_02145#rank_range/5@2197ccrk.
[2026-10-07 23:45:23] (0s) Inferred that num#DataFlowPrivate::CaptureFlow::CaptureSsa::RankRefs<SsaDefReaches::ssaRef>::MkOrderedRefIndex#922fedf9_102#join_rhs/3@42bcd56m is empty, due to num#DataFlowPrivate::CaptureFlow::CaptureSsa::RankRefs<SsaDefReaches::ssaRef>::MkOrderedRefIndex#922fedf9/3@4782b88j.
[2026-10-07 23:45:23] (0s) Inferred that _DataFlowPrivate::CaptureFlow::CaptureSsa::RankRefs<SsaDefReaches::ssaRef>::refOrd/5#94ea9ded_02145#__#join_rhs/4@5c3ef081 is empty, due to DataFlowPrivate::CaptureFlow::CaptureSsa::RankRefs<SsaDefReaches::ssaRef>::refOrd/5#94ea9ded_02145#rank_range/5@84bf496p.
[2026-10-07 23:45:23] (0s) Inferred that num#DataFlowPrivate::CaptureFlow::CaptureSsa::RankRefs<AdjacentSsaRefs::ssaRef>::MkOrderedRefIndex#9f7bd6a9/3@9b766c3f is empty, due to DataFlowPrivate::CaptureFlow::CaptureSsa::RankRefs<AdjacentSsaRefs::ssaRef>::MkOrderedRefIndex#dom#62ddd85e/2@d7487eod.
[2026-10-07 23:45:23] (0s) Inferred that DataFlowPrivate::CaptureFlow::CaptureSsa::RankRefs<AdjacentSsaRefs::ssaRef>::refOrd/5#ca652514_02145#rank_range/5@faff66o2 is empty, due to DataFlowPrivate::CaptureFlow::CaptureSsa::RankRefs<AdjacentSsaRefs::ssaRef>::refOrd/5#ca652514/6@0fdc1cv0.
[2026-10-07 23:45:23] (0s) Inferred that DataFlowPrivate::CaptureFlow::CaptureSsa::RankRefs<AdjacentSsaRefs::ssaRef>::refOrd/5#ca652514_02145514#rank_term/8@176e6fn0 is empty, due to DataFlowPrivate::CaptureFlow::CaptureSsa::RankRefs<AdjacentSsaRefs::ssaRef>::refOrd/5#ca652514/6@0fdc1cv0.
[2026-10-07 23:45:23] (0s) Inferred that _DataFlowPrivate::CaptureFlow::Cached::TSynthThisQualifier#e98bb60d_2013#join_rhs_const_true#shared/4@0bf810ke is empty, due to DataFlowPrivate::CaptureFlow::Cached::TSynthThisQualifier#e98bb60d_2013#join_rhs/4@2e033849.
[2026-10-07 23:45:23] (0s) Inferred that cached_DataFlowPrivate::CaptureFlow::CaptureSsa::TPhiReadNode#6f2647fa/3@daafbb0c is empty, due to DataFlowPrivate::CaptureFlow::CaptureSsa::TPhiReadNode#6f2647fa/3@cccedc4d.
[2026-10-07 23:45:23] (0s) Inferred that DataFlowPrivate::CaptureFlow::SsaFlow::ExprNodePreOrPostImpl#9769e341/3@4fb9b4tf is empty, due to DataFlowPrivate::CaptureFlow::SsaFlow::TExprNode#c0c1acbf/3@cc67af4q.
[2026-10-07 23:45:23] (0s) Inferred that DataFlowPrivate::CaptureFlow::SsaFlow::TExprNode#c0c1acbf_102#join_rhs/3@84ac0bpk is empty, due to DataFlowPrivate::CaptureFlow::SsaFlow::TExprNode#c0c1acbf/3@cc67af4q.
[2026-10-07 23:45:23] (0s) Inferred that DataFlowPrivate::CaptureFlow::SsaFlow::TExprNode#c0c1acbf_12#join_rhs/2@b0ba6fak is empty, due to DataFlowPrivate::CaptureFlow::SsaFlow::TExprNode#c0c1acbf/3@cc67af4q.
[2026-10-07 23:45:23] (0s) Inferred that DataFlowPrivate::CaptureFlow::SsaFlow::TExprNode#c0c1acbf_21#join_rhs/2@18425csa is empty, due to DataFlowPrivate::CaptureFlow::SsaFlow::TExprNode#c0c1acbf/3@cc67af4q.
[2026-10-07 23:45:23] (0s) Inferred that cached_DataFlowPrivate::CaptureFlow::SsaFlow::TExprNode#c0c1acbf/3@f3a96550 is empty, due to DataFlowPrivate::CaptureFlow::SsaFlow::TExprNode#c0c1acbf/3@cc67af4q.
[2026-10-07 23:45:23] (0s) Inferred that DataFlowPrivate::CaptureFlow::SsaFlow::TWriteDefSource#00a79759_10#join_rhs/2@72d1f5sr is empty, due to DataFlowPrivate::CaptureFlow::SsaFlow::TWriteDefSource#00a79759/2@1f9ab1ir.
[2026-10-07 23:45:23] (0s) Inferred that cached_DataFlowPrivate::CaptureFlow::SsaFlow::TWriteDefSource#00a79759/2@c78f39n9 is empty, due to DataFlowPrivate::CaptureFlow::SsaFlow::TWriteDefSource#00a79759/2@1f9ab1ir.
[2026-10-07 23:45:23] (0s) Inferred that DataFlowPrivate::CaptureFlow::CaptureSsa::TPhiNode#b55afabe_12#join_rhs/2@ced9f0iv is empty, due to cached_DataFlowPrivate::CaptureFlow::CaptureSsa::TPhiNode#b55afabe/3@232538qj.
[2026-10-07 23:45:23] (0s) Inferred that DataFlowPrivate::CaptureFlow::CaptureSsa::SsaDefReaches::ssaDefReachesRank/4#fc03edf9_0231#join_rhs/4@c84606gv is empty, due to DataFlowPrivate::CaptureFlow::CaptureSsa::SsaDefReaches::ssaDefReachesRank/4#fc03edf9/4@290bawsh.
[2026-10-07 23:45:23] (0s) Inferred that DataFlowPrivate::CaptureFlow::CaptureSsa::DefinitionExt.definesAt/3#dispred#745bef75_120#join_rhs/3@7f280f3l is empty, due to DataFlowPrivate::CaptureFlow::CaptureSsa::DefinitionExt.definesAt/3#dispred#745bef75/4@32e69dru.
[2026-10-07 23:45:23] (0s) Inferred that DataFlowPrivate::CaptureFlow::CaptureSsa::DefinitionExt.definesAt/3#dispred#745bef75_3012#join_rhs/4@70a059m7 is empty, due to DataFlowPrivate::CaptureFlow::CaptureSsa::DefinitionExt.definesAt/3#dispred#745bef75/4@32e69dru.
[2026-10-07 23:45:23] (0s) Inferred that DataFlowPrivate::CaptureFlow::CaptureSsa::DefinitionExt.definesAt/3#dispred#745bef75_1230#join_rhs/4@ae490b7l is empty, due to DataFlowPrivate::CaptureFlow::CaptureSsa::DefinitionExt.definesAt/3#dispred#745bef75/4@32e69dru.
[2026-10-07 23:45:23] (0s) Inferred that DataFlowPrivate::CaptureFlow::SsaFlow::flowIntoPhi/4#ff1a6f3b/4@a8b98wu0 is empty, due to DataFlowPrivate::CaptureFlow::CaptureSsa::DefinitionExt.definesAt/3#dispred#745bef75/4@32e69dru.
[2026-10-07 23:45:23] (0s) Inferred that cached_DataFlowPrivate::CaptureFlow::SsaFlow::getAPhiInputDef/2#e6a64c1a/3@3aea49j8 is empty, due to DataFlowPrivate::CaptureFlow::SsaFlow::getAPhiInputDef/2#e6a64c1a/3@91e200ar.
[2026-10-07 23:45:23] (0s) Inferred that DataFlowPrivate::CaptureFlow::SsaFlow::phiStepsToPhiInput/4#6b59a8d7#cpe#123/3@68ab58bc is empty, due to _DataFlowPrivate::CaptureFlow::CaptureSsa::DefinitionExt.definesAt/3#dispred#745bef75_DataFlowPrivat__#shared/4@c72246vl.
[2026-10-07 23:45:23] (0s) Inferred that DataFlowPrivate::CaptureFlow::Cached::TSynthSsa#dom#759dc8f0/1@eb89ddkn is empty, due to DataFlowPrivate::CaptureFlow::SsaFlow::TSsaDefinitionNode#794a011b/2@cdb913dg.
[2026-10-07 23:45:23] (0s) Inferred that cached_DataFlowPrivate::CaptureFlow::SsaFlow::TSsaDefinitionNode#794a011b/2@d8aecb6s is empty, due to DataFlowPrivate::CaptureFlow::SsaFlow::TSsaDefinitionNode#794a011b/2@cdb913dg.
[2026-10-07 23:45:23] (0s) Inferred that DataFlowPrivate::CaptureFlow::CaptureSsa::RankRefs<Liveness::varRef>::refRank/4#fefe72dc/5@1be1017n is empty, due to _DataFlowPrivate::CaptureFlow::CaptureSsa::RankRefs<Liveness::varRef>::refOrd/5#469a8d3b_02145#rank___#join_rhs/4@5326883s.
[2026-10-07 23:45:23] (0s) Inferred that DataFlowPrivate::CaptureFlow::CaptureSsa::RankRefs<SsaDefReaches::ssaRef>::refRank/4#f99592d1/5@109094jg is empty, due to _DataFlowPrivate::CaptureFlow::CaptureSsa::RankRefs<SsaDefReaches::ssaRef>::refOrd/5#94ea9ded_02145#__#join_rhs/4@5c3ef081.
[2026-10-07 23:45:23] (0s) Inferred that num#DataFlowPrivate::CaptureFlow::CaptureSsa::RankRefs<AdjacentSsaRefs::ssaRef>::MkOrderedRefIndex#9f7bd6a9_102#join_rhs/3@32511fjg is empty, due to num#DataFlowPrivate::CaptureFlow::CaptureSsa::RankRefs<AdjacentSsaRefs::ssaRef>::MkOrderedRefIndex#9f7bd6a9/3@9b766c3f.
[2026-10-07 23:45:23] (0s) Inferred that _DataFlowPrivate::CaptureFlow::CaptureSsa::RankRefs<AdjacentSsaRefs::ssaRef>::refOrd/5#ca652514_0214__#join_rhs/4@767c41eo is empty, due to DataFlowPrivate::CaptureFlow::CaptureSsa::RankRefs<AdjacentSsaRefs::ssaRef>::refOrd/5#ca652514_02145#rank_range/5@faff66o2.
[2026-10-07 23:45:23] (0s) Inferred that DataFlowPrivate::CaptureFlow::SsaFlow::ReadNodeImpl.readsAt/3#51e03c8a/4@5767c925 is empty, due to DataFlowPrivate::CaptureFlow::SsaFlow::TExprNode#c0c1acbf_12#join_rhs/2@b0ba6fak.
[2026-10-07 23:45:23] (0s) Inferred that DataFlowPrivate::CaptureFlow::SsaFlow::ExprPostUpdateNodeImpl.getPreUpdateNode/0#dispred#e7be0f50/2@df597fvf is empty, due to DataFlowPrivate::CaptureFlow::SsaFlow::TExprNode#c0c1acbf_102#join_rhs/3@84ac0bpk.
[2026-10-07 23:45:23] (0s) Inferred that DataFlowPrivate::CaptureFlow::CaptureSsa::ssaDefReachesEndOfBlock/3#ed2480df/3@19ff5w6d is empty, due to DataFlowPrivate::CaptureFlow::CaptureSsa::SsaDefReaches::ssaDefReachesRank/4#fc03edf9_0231#join_rhs/4@c84606gv.
[2026-10-07 23:45:23] (0s) Inferred that DataFlowPrivate::CaptureFlow::CaptureSsa::SsaDefReaches::ssaDefReachesReadWithinBlock/4#7e9c4106/4@7bc8echo is empty, due to DataFlowPrivate::CaptureFlow::CaptureSsa::SsaDefReaches::ssaDefReachesRank/4#fc03edf9_0231#join_rhs/4@c84606gv.
[2026-10-07 23:45:23] (0s) Inferred that DataFlowPrivate::CaptureFlow::CaptureSsa::SsaDefReaches::ssaDefReachesRead/4#195de32c/4@7e655a4m is empty, due to DataFlowPrivate::CaptureFlow::CaptureSsa::SsaDefReaches::ssaDefReachesRank/4#fc03edf9_0231#join_rhs/4@c84606gv.
[2026-10-07 23:45:23] (0s) Inferred that project#DataFlowPrivate::CaptureFlow::SsaFlow::phiStepsToPhiInput/4#6b59a8d7#cpe#123/1@1dd4berv is empty, due to DataFlowPrivate::CaptureFlow::SsaFlow::phiStepsToPhiInput/4#6b59a8d7#cpe#123/3@68ab58bc.
[2026-10-07 23:45:23] (0s) Inferred that project#DataFlowPrivate::CaptureFlow::SsaFlow::phiStepsToPhiInput/4#6b59a8d7#cpe#123#2/2@dacbf8sh is empty, due to DataFlowPrivate::CaptureFlow::SsaFlow::phiStepsToPhiInput/4#6b59a8d7#cpe#123/3@68ab58bc.
[2026-10-07 23:45:23] (0s) Inferred that DataFlowPrivate::CaptureFlow::Cached::TSynthSsa#3e7de865/2@9d9621ou is empty, due to DataFlowPrivate::CaptureFlow::Cached::TSynthSsa#dom#759dc8f0/1@eb89ddkn.
[2026-10-07 23:45:23] (0s) Inferred that project#DataFlowPrivate::CaptureFlow::CaptureSsa::RankRefs<Liveness::varRef>::refRank/4#fefe72dc/4@31351fq9 is empty, due to DataFlowPrivate::CaptureFlow::CaptureSsa::RankRefs<Liveness::varRef>::refRank/4#fefe72dc/5@1be1017n.
[2026-10-07 23:45:23] (0s) Inferred that project#DataFlowPrivate::CaptureFlow::CaptureSsa::RankRefs<Liveness::varRef>::refRank/4#fefe72dc#2/3@a7e456pq is empty, due to DataFlowPrivate::CaptureFlow::CaptureSsa::RankRefs<Liveness::varRef>::refRank/4#fefe72dc/5@1be1017n.
[2026-10-07 23:45:23] (0s) Inferred that DataFlowPrivate::CaptureFlow::CaptureSsa::RankRefs<Liveness::varRef>::refRank/4#fefe72dc_01243#join_rhs/5@521f37ed is empty, due to DataFlowPrivate::CaptureFlow::CaptureSsa::RankRefs<Liveness::varRef>::refRank/4#fefe72dc/5@1be1017n.
[2026-10-07 23:45:23] (0s) Inferred that project#DataFlowPrivate::CaptureFlow::CaptureSsa::RankRefs<SsaDefReaches::ssaRef>::refRank/4#f99592d1/3@16a26f5s is empty, due to DataFlowPrivate::CaptureFlow::CaptureSsa::RankRefs<SsaDefReaches::ssaRef>::refRank/4#f99592d1/5@109094jg.
[2026-10-07 23:45:23] (0s) Inferred that project#DataFlowPrivate::CaptureFlow::CaptureSsa::RankRefs<SsaDefReaches::ssaRef>::refRank/4#f99592d1#2/4@13ee59ot is empty, due to DataFlowPrivate::CaptureFlow::CaptureSsa::RankRefs<SsaDefReaches::ssaRef>::refRank/4#f99592d1/5@109094jg.
[2026-10-07 23:45:23] (0s) Inferred that DataFlowPrivate::CaptureFlow::CaptureSsa::RankRefs<AdjacentSsaRefs::ssaRef>::refRank/4#1b48aeae/5@9072569r is empty, due to _DataFlowPrivate::CaptureFlow::CaptureSsa::RankRefs<AdjacentSsaRefs::ssaRef>::refOrd/5#ca652514_0214__#join_rhs/4@767c41eo.
[2026-10-07 23:45:23] (0s) Inferred that DataFlowPrivate::CaptureFlow::SsaFlow::ExprPostUpdateNodeImpl.getPreUpdateNode/0#dispred#e7be0f50_10#join_rhs/2@b7a06fvb is empty, due to DataFlowPrivate::CaptureFlow::SsaFlow::ExprPostUpdateNodeImpl.getPreUpdateNode/0#dispred#e7be0f50/2@df597fvf.
[2026-10-07 23:45:23] (0s) Inferred that DataFlowPrivate::CaptureFlow::CaptureSsa::ssaDefReachesEndOfBlock/3#ed2480df_021#join_rhs/3@2e685fo2 is empty, due to DataFlowPrivate::CaptureFlow::CaptureSsa::ssaDefReachesEndOfBlock/3#ed2480df/3@19ff5w6d.
[2026-10-07 23:45:23] (0s) Inferred that project#DataFlowPrivate::CaptureFlow::CaptureSsa::SsaDefReaches::ssaDefReachesReadWithinBlock/4#7e9c4106/3@ba2cdajd is empty, due to DataFlowPrivate::CaptureFlow::CaptureSsa::SsaDefReaches::ssaDefReachesReadWithinBlock/4#7e9c4106/4@7bc8echo.
[2026-10-07 23:45:23] (0s) Inferred that DataFlowPrivate::CaptureFlow::CaptureSsa::SsaDefReaches::ssaDefReachesRead/4#195de32c_0231#join_rhs/4@ab2664pm is empty, due to DataFlowPrivate::CaptureFlow::CaptureSsa::SsaDefReaches::ssaDefReachesRead/4#195de32c/4@7e655a4m.
[2026-10-07 23:45:23] (0s) Inferred that _project#DataFlowPrivate::CaptureFlow::SsaFlow::phiStepsToPhiInput/4#6b59a8d7#cpe#123#2#join_rhs/2@569a77jc is empty, due to project#DataFlowPrivate::CaptureFlow::SsaFlow::phiStepsToPhiInput/4#6b59a8d7#cpe#123#2/2@dacbf8sh.
[2026-10-07 23:45:23] (0s) Inferred that cached_DataFlowPrivate::CaptureFlow::Cached::TSynthSsa#3e7de865/2@8f42fdt5 is empty, due to DataFlowPrivate::CaptureFlow::Cached::TSynthSsa#3e7de865/2@9d9621ou.
[2026-10-07 23:45:23] (0s) Inferred that _num#DataFlowPrivate::CaptureFlow::CaptureSsa::Write#02d01313_project#DataFlowPrivate::CaptureFlow::__#shared/5@f580b475 is empty, due to project#DataFlowPrivate::CaptureFlow::CaptureSsa::RankRefs<Liveness::varRef>::refRank/4#fefe72dc/4@31351fq9.
[2026-10-07 23:45:23] (0s) Inferred that _num#DataFlowPrivate::CaptureFlow::CaptureSsa::Read#9cc3dd5b_project#DataFlowPrivate::CaptureFlow::C__#shared/3@fed9f8do is empty, due to project#DataFlowPrivate::CaptureFlow::CaptureSsa::RankRefs<Liveness::varRef>::refRank/4#fefe72dc/4@31351fq9.
[2026-10-07 23:45:23] (0s) Inferred that project#DataFlowPrivate::CaptureFlow::CaptureSsa::RankRefs<Liveness::varRef>::refRank/4#fefe72dc_013#join_rhs/3@a56fdek7 is empty, due to project#DataFlowPrivate::CaptureFlow::CaptureSsa::RankRefs<Liveness::varRef>::refRank/4#fefe72dc/4@31351fq9.
[2026-10-07 23:45:23] (0s) Inferred that project#DataFlowPrivate::CaptureFlow::CaptureSsa::RankRefs<Liveness::varRef>::refRank/4#fefe72dc_0132#join_rhs/4@803d0130 is empty, due to project#DataFlowPrivate::CaptureFlow::CaptureSsa::RankRefs<Liveness::varRef>::refRank/4#fefe72dc/4@31351fq9.
[2026-10-07 23:45:23] (0s) Inferred that _project#DataFlowPrivate::CaptureFlow::CaptureSsa::RankRefs<Liveness::varRef>::refRank/4#fefe72dc#2#antijoin_rhs/3@2a5725fs is empty, due to project#DataFlowPrivate::CaptureFlow::CaptureSsa::RankRefs<Liveness::varRef>::refRank/4#fefe72dc#2/3@a7e456pq.
[2026-10-07 23:45:23] (0s) Inferred that DataFlowPrivate::CaptureFlow::CaptureSsa::RankRefs<Liveness::varRef>::maxRefRank/2#ed1e725c/3@28c03fur is empty, due to project#DataFlowPrivate::CaptureFlow::CaptureSsa::RankRefs<Liveness::varRef>::refRank/4#fefe72dc#2/3@a7e456pq.
[2026-10-07 23:45:23] (0s) Inferred that _project#DataFlowPrivate::CaptureFlow::CaptureSsa::RankRefs<SsaDefReaches::ssaRef>::refRank/4#f99592__#antijoin_rhs/3@adef0048 is empty, due to project#DataFlowPrivate::CaptureFlow::CaptureSsa::RankRefs<SsaDefReaches::ssaRef>::refRank/4#f99592d1/3@16a26f5s.
[2026-10-07 23:45:23] (0s) Inferred that DataFlowPrivate::CaptureFlow::CaptureSsa::RankRefs<SsaDefReaches::ssaRef>::maxRefRank/2#cf524b5d/3@1eca108n is empty, due to project#DataFlowPrivate::CaptureFlow::CaptureSsa::RankRefs<SsaDefReaches::ssaRef>::refRank/4#f99592d1/3@16a26f5s.
[2026-10-07 23:45:23] (0s) Inferred that project#DataFlowPrivate::CaptureFlow::CaptureSsa::RankRefs<SsaDefReaches::ssaRef>::refRank/4#f99592d1#2_0132#join_rhs/4@3b1a02t3 is empty, due to project#DataFlowPrivate::CaptureFlow::CaptureSsa::RankRefs<SsaDefReaches::ssaRef>::refRank/4#f99592d1#2/4@13ee59ot.
[2026-10-07 23:45:23] (0s) Inferred that project#DataFlowPrivate::CaptureFlow::CaptureSsa::RankRefs<AdjacentSsaRefs::ssaRef>::refRank/4#1b48aeae/3@350b7dom is empty, due to DataFlowPrivate::CaptureFlow::CaptureSsa::RankRefs<AdjacentSsaRefs::ssaRef>::refRank/4#1b48aeae/5@9072569r.
[2026-10-07 23:45:23] (0s) Inferred that DataFlowPrivate::CaptureFlow::CaptureSsa::RankRefs<AdjacentSsaRefs::ssaRef>::refRank/4#1b48aeae_0241#join_rhs/4@a3275cgc is empty, due to DataFlowPrivate::CaptureFlow::CaptureSsa::RankRefs<AdjacentSsaRefs::ssaRef>::refRank/4#1b48aeae/5@9072569r.
[2026-10-07 23:45:23] (0s) Inferred that DataFlowPrivate::CaptureFlow::CaptureSsa::RankRefs<AdjacentSsaRefs::ssaRef>::refRank/4#1b48aeae_1402#join_rhs/4@e58eb7c6 is empty, due to DataFlowPrivate::CaptureFlow::CaptureSsa::RankRefs<AdjacentSsaRefs::ssaRef>::refRank/4#1b48aeae/5@9072569r.
[2026-10-07 23:45:23] (0s) Inferred that DataFlowPrivate::CaptureFlow::CaptureSsa::RankRefs<AdjacentSsaRefs::ssaRef>::refRank/4#1b48aeae_34012#join_rhs/5@b94ab3jc is empty, due to DataFlowPrivate::CaptureFlow::CaptureSsa::RankRefs<AdjacentSsaRefs::ssaRef>::refRank/4#1b48aeae/5@9072569r.
[2026-10-07 23:45:23] (0s) Inferred that __num#DataFlowPrivate::CaptureFlow::CaptureSsa::Write#02d01313_project#DataFlowPrivate::CaptureFlow:__#min_range/4@e7a7cb94 is empty, due to _num#DataFlowPrivate::CaptureFlow::CaptureSsa::Write#02d01313_project#DataFlowPrivate::CaptureFlow::__#shared/5@f580b475.
[2026-10-07 23:45:23] (0s) Inferred that __num#DataFlowPrivate::CaptureFlow::CaptureSsa::Write#02d01313_project#DataFlowPrivate::CaptureFlow:__#min_term/5@864250lq is empty, due to _num#DataFlowPrivate::CaptureFlow::CaptureSsa::Write#02d01313_project#DataFlowPrivate::CaptureFlow::__#shared/5@f580b475.
[2026-10-07 23:45:23] (0s) Inferred that DataFlowPrivate::CaptureFlow::CaptureSsa::Liveness::liveAtEntry/2#775d7c10/2@f2ccdw6u is empty, due to _num#DataFlowPrivate::CaptureFlow::CaptureSsa::Read#9cc3dd5b_project#DataFlowPrivate::CaptureFlow::C__#shared/3@fed9f8do.
[2026-10-07 23:45:23] (0s) Inferred that DataFlowPrivate::CaptureFlow::CaptureSsa::Liveness::liveAtExit/2#eecda90a/2@f2ccdx6u is empty, due to _num#DataFlowPrivate::CaptureFlow::CaptureSsa::Read#9cc3dd5b_project#DataFlowPrivate::CaptureFlow::C__#shared/3@fed9f8do.
[2026-10-07 23:45:23] (0s) Inferred that DataFlowPrivate::CaptureFlow::CaptureSsa::Liveness::liveAtRank/3#4dc5e29d/3@94b71wf4 is empty, due to _num#DataFlowPrivate::CaptureFlow::CaptureSsa::Read#9cc3dd5b_project#DataFlowPrivate::CaptureFlow::C__#shared/3@fed9f8do.
[2026-10-07 23:45:23] (0s) Inferred that _project#DataFlowPrivate::CaptureFlow::CaptureSsa::RankRefs<AdjacentSsaRefs::ssaRef>::refRank/4#1b48__#antijoin_rhs/3@135d43ql is empty, due to project#DataFlowPrivate::CaptureFlow::CaptureSsa::RankRefs<AdjacentSsaRefs::ssaRef>::refRank/4#1b48aeae/3@350b7dom.
[2026-10-07 23:45:23] (0s) Inferred that DataFlowPrivate::CaptureFlow::CaptureSsa::RankRefs<AdjacentSsaRefs::ssaRef>::maxRefRank/2#de391749/3@b2815669 is empty, due to project#DataFlowPrivate::CaptureFlow::CaptureSsa::RankRefs<AdjacentSsaRefs::ssaRef>::refRank/4#1b48aeae/3@350b7dom.
[2026-10-07 23:45:23] (0s) Inferred that DataFlowPrivate::CaptureFlow::CaptureSsa::AdjacentSsaRefs::refReachesEndOfBlock/4#8e9ccd03/4@998adw4s is empty, due to DataFlowPrivate::CaptureFlow::CaptureSsa::RankRefs<AdjacentSsaRefs::ssaRef>::maxRefRank/2#de391749/3@b2815669.
[2026-10-07 23:45:23] (0s) Inferred that DataFlowPrivate::CaptureFlow::CaptureSsa::AdjacentSsaRefs::adjacentRefRead/5#a9fb0a5f/5@25d632pm is empty, due to DataFlowPrivate::CaptureFlow::CaptureSsa::RankRefs<AdjacentSsaRefs::ssaRef>::refRank/4#1b48aeae_0241#join_rhs/4@a3275cgc.
[2026-10-07 23:45:23] (0s) Inferred that DataFlowPrivate::CaptureFlow::CaptureSsa::AdjacentSsaRefs::adjacentRefPhi/5#7a17d0f8/5@a657e0eu is empty, due to DataFlowPrivate::CaptureFlow::CaptureSsa::RankRefs<AdjacentSsaRefs::ssaRef>::refRank/4#1b48aeae_1402#join_rhs/4@e58eb7c6.
[2026-10-07 23:45:23] (0s) Inferred that DataFlowPrivate::CaptureFlow::CaptureSsa::Liveness::firstReadOrCertainWrite/2#10fcd62b/3@0bd68fbl is empty, due to __num#DataFlowPrivate::CaptureFlow::CaptureSsa::Write#02d01313_project#DataFlowPrivate::CaptureFlow:__#min_range/4@e7a7cb94.
[2026-10-07 23:45:23] (0s) Inferred that DataFlowPrivate::CaptureFlow::CaptureSsa::SsaDefReaches::liveThrough/3#a3315e3b/3@f2948fb1 is empty, due to DataFlowPrivate::CaptureFlow::CaptureSsa::Liveness::liveAtExit/2#eecda90a/2@f2ccdx6u.
[2026-10-07 23:45:23] (0s) Inferred that DataFlowPrivate::CaptureFlow::CaptureSsa::AdjacentSsaRefs::liveThrough/3#d6a5b163/3@c4d48amd is empty, due to DataFlowPrivate::CaptureFlow::CaptureSsa::Liveness::liveAtExit/2#eecda90a/2@f2ccdx6u.
[2026-10-07 23:45:23] (0s) Inferred that DataFlowPrivate::CaptureFlow::CaptureSsa::AdjacentSsaRefs::refReachesEndOfBlock/4#8e9ccd03_2301#join_rhs/4@5ab6c8if is empty, due to DataFlowPrivate::CaptureFlow::CaptureSsa::AdjacentSsaRefs::refReachesEndOfBlock/4#8e9ccd03/4@998adw4s.
[2026-10-07 23:45:23] (0s) Inferred that DataFlowPrivate::CaptureFlow::CaptureSsa::AdjacentSsaRefs::adjacentRefRead/5#a9fb0a5f_01423#join_rhs/5@ee9c958k is empty, due to DataFlowPrivate::CaptureFlow::CaptureSsa::AdjacentSsaRefs::adjacentRefRead/5#a9fb0a5f/5@25d632pm.
[2026-10-07 23:45:23] (0s) Inferred that DataFlowPrivate::CaptureFlow::CaptureSsa::AdjacentSsaRefs::adjacentRefRead/5#a9fb0a5f_23401#join_rhs/5@e7221avi is empty, due to DataFlowPrivate::CaptureFlow::CaptureSsa::AdjacentSsaRefs::adjacentRefRead/5#a9fb0a5f/5@25d632pm.
[2026-10-07 23:45:23] (0s) Inferred that DataFlowPrivate::CaptureFlow::CaptureSsa::AdjacentSsaRefs::adjacentRefPhi/5#7a17d0f8_01423#join_rhs/5@88307ap0 is empty, due to DataFlowPrivate::CaptureFlow::CaptureSsa::AdjacentSsaRefs::adjacentRefPhi/5#7a17d0f8/5@a657e0eu.
[2026-10-07 23:45:23] (0s) Inferred that project#DataFlowPrivate::CaptureFlow::CaptureSsa::AdjacentSsaRefs::adjacentRefPhi/5#7a17d0f8/4@c247fd56 is empty, due to DataFlowPrivate::CaptureFlow::CaptureSsa::AdjacentSsaRefs::adjacentRefPhi/5#7a17d0f8/5@a657e0eu.
[2026-10-07 23:45:23] (0s) Inferred that project#DataFlowPrivate::CaptureFlow::CaptureSsa::Liveness::firstReadOrCertainWrite/2#10fcd62b/2@e7b51192 is empty, due to DataFlowPrivate::CaptureFlow::CaptureSsa::Liveness::firstReadOrCertainWrite/2#10fcd62b/3@0bd68fbl.
[2026-10-07 23:45:23] (0s) Inferred that DataFlowPrivate::CaptureFlow::CaptureSsa::SsaDefReaches::liveThrough/3#a3315e3b_021#join_rhs/3@fdf77540 is empty, due to DataFlowPrivate::CaptureFlow::CaptureSsa::SsaDefReaches::liveThrough/3#a3315e3b/3@f2948fb1.
[2026-10-07 23:45:23] (0s) Inferred that DataFlowPrivate::CaptureFlow::CaptureSsa::AdjacentSsaRefs::liveThrough/3#d6a5b163_021#join_rhs/3@4c7429fk is empty, due to DataFlowPrivate::CaptureFlow::CaptureSsa::AdjacentSsaRefs::liveThrough/3#d6a5b163/3@c4d48amd.
[2026-10-07 23:45:23] (0s) Inferred that project#DataFlowPrivate::CaptureFlow::CaptureSsa::AdjacentSsaRefs::adjacentRefPhi/5#7a17d0f8_2301#join_rhs/4@735e759c is empty, due to project#DataFlowPrivate::CaptureFlow::CaptureSsa::AdjacentSsaRefs::adjacentRefPhi/5#7a17d0f8/4@c247fd56.
[2026-10-07 23:45:23] (0s)  >>> Full cache hit cached_Synth::Synth::TInitializer#3cbb8122/2@17e6beb5 with 2050 rows and digest 31f7169433vsq3bhrpqej73mi7a.
[2026-10-07 23:45:23] (0s)  >>> Full cache hit cached_Synth::Synth::TDeinitializer#9bf324b7/2@3c05c8el with 84 rows and digest 76a0a1s8svv1ggqfi0vt0ro2sn0.
[2026-10-07 23:45:23] (0s)  >>> Full cache hit cached_Synth::Synth::TAccessor#5309eb00/2@976d6b3l with 5828 rows and digest 6f5baa0b992kt4vqrj8e2c2oem8.
[2026-10-07 23:45:23] (0s)  >>> Full cache hit cached_Synth::Synth::TProtocolDecl#76ae7699/2@3a37014v with 145 rows and digest 22892daaaqlm05c3l1hfga6ea8b.
[2026-10-07 23:45:23] (0s)  >>> Full cache hit cached_Synth::Synth::TStructDecl#ed4ba2ab/2@26ec66ag with 529 rows and digest b0090cdjm0fcdltvtckarm4isre.
[2026-10-07 23:45:23] (0s)  >>> Full cache hit cached_Synth::Synth::TClassDecl#c6294075/2@8059bega with 82 rows and digest 4bf78dk16vruqrf6m2rqa73mhl5.
[2026-10-07 23:45:23] (0s)  >>> First-level cache hit cached_Synth::Synth::TOpaqueTypeDecl#3f22baa3/2@b182810u with empty relation.
[2026-10-07 23:45:23] (0s) Inferred that Synth::Synth::TOpaqueTypeDecl#3f22baa3_1#join_rhs/1@12b695ue is empty, due to cached_Synth::Synth::TOpaqueTypeDecl#3f22baa3/2@b182810u.
[2026-10-07 23:45:23] (0s)  >>> Full cache hit cached_Synth::Synth::TTypeAliasDecl#c8e3c943/2@7feb4919 with 1123 rows and digest 7479c8s6gjc32rr1ib73qq1n3ne.
[2026-10-07 23:45:23] (0s)  >>> Full cache hit cached_Synth::Synth::TConcreteVarDecl#05bbf88f/2@7a78f88g with 3679 rows and digest 6ff53fcijcrvgvp4pqmhs744g4d.
[2026-10-07 23:45:23] (0s)  >>> Full cache hit cached_Synth::Synth::TEnumDecl#3ce91061/2@c0027b3p with 131 rows and digest 8049a71k19t7h1v0rnc0m9c7rdb.
[2026-10-07 23:45:23] (0s)  >>> Full cache hit cached_Synth::Synth::TParamDecl#7692b990/2@cc61e58m with 31539 rows and digest 91a2cd8ocid2kt1q8ui5ht8ueq5.
[2026-10-07 23:45:23] (0s)  >>> Full cache hit cached_Synth::Synth::TAssociatedTypeDecl#7a13f222/2@fc09edes with 92 rows and digest a5d7426han41m1v19sk1sej09h3.
[2026-10-07 23:45:23] (0s)  >>> Full cache hit cached_Synth::Synth::TGenericTypeParamDecl#c2b87694/2@cd08c7a9 with 3931 rows and digest 81a0abjjh7k6f61i0jj8cpdaet6.
[2026-10-07 23:45:23] (0s)  >>> Full cache hit cached_Synth::Synth::TEnumElementDecl#c1e6fb68/2@81e8a8em with 471 rows and digest 75e3f5grk51g53vec0macsn57b7.
[2026-10-07 23:45:23] (0s)  >>> Full cache hit cached_Synth::Synth::TSubscriptDecl#7d38f394/2@c7b53css with 278 rows and digest ca9c68bm1nas7un6e3e39rcrnl8.
[2026-10-07 23:45:23] (0s)  >>> Full cache hit cached_Synth::Synth::TModuleDecl#c5ee4163/2@7b55fbs7 with 9 rows and digest dc96eel48k09hp0j4f8mr24nt27.
[2026-10-07 23:45:23] (0s)  >>> Full cache hit cached_Synth::Synth::TMacroDecl#b21ede06/2@bbeb2ak3 with 16 rows and digest daaa285gahmdptuohabn2b348j6.
[2026-10-07 23:45:23] (0s)  >>> First-level cache hit cached_Synth::Synth::TKeyPathComponent#1614cf6e/2@97b6319t with empty relation.
[2026-10-07 23:45:23] (0s) Inferred that KeyPathComponent::Generated::KeyPathComponent.getSubscriptArgument/1#dispred#d0b07a3d/3@6716f139 is empty, due to cached_Synth::Synth::TKeyPathComponent#1614cf6e/2@97b6319t.
[2026-10-07 23:45:23] (0s) Inferred that KeyPathComponent::Generated::KeyPathComponent.getNumberOfSubscriptArguments/0#dispred#92371909/2@812ce74r is empty, due to cached_Synth::Synth::TKeyPathComponent#1614cf6e/2@97b6319t.
[2026-10-07 23:45:23] (0s) Inferred that ControlFlowGraphImpl::KeyPathComponentTree#17414ecd/2@cfa5bera is empty, due to cached_Synth::Synth::TKeyPathComponent#1614cf6e/2@97b6319t.
[2026-10-07 23:45:23] (0s) Inferred that DataFlowPrivate::TKeyPathComponentNode#dom#fbc5495c/1@cc95dc69 is empty, due to cached_Synth::Synth::TKeyPathComponent#1614cf6e/2@97b6319t.
[2026-10-07 23:45:23] (0s)  >>> Full cache hit cached_Synth::Synth::TTopLevelEntryPoint#5ccf2e8e/2@a2346dtf with 1 rows and digest bce65crbkhk39sk8lt1on6dced1.
[2026-10-07 23:45:23] (0s) Inferred that KeyPathComponent::Generated::KeyPathComponent.getKind/0#dispred#f5f3cb79/2@305ee152 is empty, due to cached_Synth::Synth::TKeyPathComponent#1614cf6e/2@97b6319t.
[2026-10-07 23:45:23] (0s) Inferred that KeyPathComponent::Generated::KeyPathComponent.getDeclRef/0#dispred#45d2cc3d/2@62de1afl is empty, due to cached_Synth::Synth::TKeyPathComponent#1614cf6e/2@97b6319t.
[2026-10-07 23:45:23] (0s) Inferred that KeyPathComponent::Generated::KeyPathComponent.getDeclRef/0#dispred#45d2cc3d/2@736e2cau is empty, due to cached_Synth::Synth::TKeyPathComponent#1614cf6e/2@97b6319t.
[2026-10-07 23:45:23] (0s) Inferred that KeyPathComponent::Generated::KeyPathComponent.getSubscriptArgument/1#dispred#d0b07a3d_01#count_range/2@8a31a4qh is empty, due to KeyPathComponent::Generated::KeyPathComponent.getSubscriptArgument/1#dispred#d0b07a3d/3@6716f139.
[2026-10-07 23:45:23] (0s) Inferred that KeyPathComponent::Generated::KeyPathComponent.getSubscriptArgument/1#dispred#d0b07a3d_0#antijoin_rhs/1@61aa12b4 is empty, due to KeyPathComponent::Generated::KeyPathComponent.getSubscriptArgument/1#dispred#d0b07a3d/3@6716f139.
[2026-10-07 23:45:23] (0s) Inferred that DataFlowPrivate::TKeyPathComponentNode#6ce37175/2@a1050ef3 is empty, due to DataFlowPrivate::TKeyPathComponentNode#dom#fbc5495c/1@cc95dc69.
[2026-10-07 23:45:23] (0s) Inferred that DataFlowPrivate::TKeyPathComponentPostUpdateNode#23b77f24/2@05cc224c is empty, due to DataFlowPrivate::TKeyPathComponentNode#dom#fbc5495c/1@cc95dc69.
[2026-10-07 23:45:23] (0s) Inferred that _KeyPathComponent::Generated::KeyPathComponent.getSubscriptArgument/1#dispred#d0b07a3d_01#count_rang__#join_rhs/2@1f266fo0 is empty, due to KeyPathComponent::Generated::KeyPathComponent.getSubscriptArgument/1#dispred#d0b07a3d_01#count_range/2@8a31a4qh.
[2026-10-07 23:45:23] (0s) Inferred that cached_DataFlowPrivate::TKeyPathComponentNode#6ce37175/2@eda2a238 is empty, due to DataFlowPrivate::TKeyPathComponentNode#6ce37175/2@a1050ef3.
[2026-10-07 23:45:23] (0s) Inferred that cached_DataFlowPrivate::TKeyPathComponentPostUpdateNode#23b77f24/2@c115d4k8 is empty, due to DataFlowPrivate::TKeyPathComponentPostUpdateNode#23b77f24/2@05cc224c.
[2026-10-07 23:45:23] (0s)  >>> First-level cache hit cached_Synth::Synth::TConditionElement#2dd7696c/2@be230dqi with empty relation.
[2026-10-07 23:45:23] (0s) Inferred that ConditionElement::Generated::ConditionElement.getAvailability/0#dispred#e3fa9e8c/2@1f2fd4mg is empty, due to cached_Synth::Synth::TConditionElement#2dd7696c/2@be230dqi.
[2026-10-07 23:45:23] (0s) Inferred that StmtCondition::Generated::StmtCondition.getElement/1#dispred#e9315029/3@5fbb0e2v is empty, due to cached_Synth::Synth::TConditionElement#2dd7696c/2@be230dqi.
[2026-10-07 23:45:23] (0s) Inferred that ConditionElement::Generated::ConditionElement.getImmediatePattern/0#dispred#b850ba5b/2@a178e46d is empty, due to cached_Synth::Synth::TConditionElement#2dd7696c/2@be230dqi.
[2026-10-07 23:45:23] (0s) Inferred that ConditionElement::Generated::ConditionElement.getImmediateBoolean/0#dispred#d73047ae/2@abaf542u is empty, due to cached_Synth::Synth::TConditionElement#2dd7696c/2@be230dqi.
[2026-10-07 23:45:23] (0s) Inferred that ConditionElement::Generated::ConditionElement.getImmediateInitializer/0#dispred#2198274a/2@1d9b4e19 is empty, due to cached_Synth::Synth::TConditionElement#2dd7696c/2@be230dqi.
[2026-10-07 23:45:23] (0s) Inferred that ConditionElement::Generated::ConditionElement.getBoolean/0#dispred#aaa2e6f7/2@19dbfae7 is empty, due to cached_Synth::Synth::TConditionElement#2dd7696c/2@be230dqi.
[2026-10-07 23:45:23] (0s) Inferred that ConditionElement::Generated::ConditionElement.getInitializer/0#dispred#9ab8d4b6/2@903279h5 is empty, due to cached_Synth::Synth::TConditionElement#2dd7696c/2@be230dqi.
[2026-10-07 23:45:23] (0s) Inferred that ConditionElement::Generated::ConditionElement.getPattern/0#dispred#6a14609b/2@76ceb47j is empty, due to cached_Synth::Synth::TConditionElement#2dd7696c/2@be230dqi.
[2026-10-07 23:45:23] (0s) Inferred that Synth::Synth::TConditionElement#2dd7696c_1#antijoin_rhs/1@f95650rr is empty, due to cached_Synth::Synth::TConditionElement#2dd7696c/2@be230dqi.
[2026-10-07 23:45:23] (0s) Inferred that ConditionElement::Generated::ConditionElement.getImmediateBoolean/0#dispred#d73047ae/2@d3be0599 is empty, due to cached_Synth::Synth::TConditionElement#2dd7696c/2@be230dqi.
[2026-10-07 23:45:23] (0s) Inferred that ConditionElement::Generated::ConditionElement.getImmediateInitializer/0#dispred#2198274a/2@3e86574f is empty, due to cached_Synth::Synth::TConditionElement#2dd7696c/2@be230dqi.
[2026-10-07 23:45:23] (0s) Inferred that ConditionElement::Generated::ConditionElement.getImmediatePattern/0#dispred#b850ba5b/2@178f1a92 is empty, due to cached_Synth::Synth::TConditionElement#2dd7696c/2@be230dqi.
[2026-10-07 23:45:23] (0s) Inferred that ConditionElement::Generated::ConditionElement.getImmediateInitializer/0#dispred#2198274a/2@f7949a4b is empty, due to cached_Synth::Synth::TConditionElement#2dd7696c/2@be230dqi.
[2026-10-07 23:45:23] (0s) Inferred that ConditionElement::Generated::ConditionElement.getImmediateInitializer/0#dispred#2198274a/2@60c40boq is empty, due to cached_Synth::Synth::TConditionElement#2dd7696c/2@be230dqi.
[2026-10-07 23:45:23] (0s) Inferred that ConditionElement::Generated::ConditionElement.getImmediateInitializer/0#dispred#2198274a/2@421649si is empty, due to cached_Synth::Synth::TConditionElement#2dd7696c/2@be230dqi.
[2026-10-07 23:45:23] (0s) Inferred that _ConditionElement::Generated::ConditionElement.getAvailability/0#dispred#e3fa9e8c_Element::Element.g__#join_rhs/2@520a04ec is empty, due to ConditionElement::Generated::ConditionElement.getAvailability/0#dispred#e3fa9e8c/2@1f2fd4mg.
[2026-10-07 23:45:23] (0s) Inferred that _ConditionElement::Generated::ConditionElement.getAvailability/0#dispred#e3fa9e8c_Element::Element.g__#shared/4@d85447f5 is empty, due to ConditionElement::Generated::ConditionElement.getAvailability/0#dispred#e3fa9e8c/2@1f2fd4mg.
[2026-10-07 23:45:23] (0s) Inferred that _ConditionElement::Generated::ConditionElement.getAvailability/0#dispred#e3fa9e8c_Element::Element.g__#join_rhs#1/2@134427g7 is empty, due to ConditionElement::Generated::ConditionElement.getAvailability/0#dispred#e3fa9e8c/2@1f2fd4mg.
[2026-10-07 23:45:23] (0s) Inferred that StmtCondition::Generated::StmtCondition.getElement/1#dispred#e9315029_01#count_range/2@15ffe71f is empty, due to StmtCondition::Generated::StmtCondition.getElement/1#dispred#e9315029/3@5fbb0e2v.
[2026-10-07 23:45:23] (0s) Inferred that StmtCondition::Generated::StmtCondition.getElement/1#dispred#e9315029_0#antijoin_rhs/1@e0cc53v3 is empty, due to StmtCondition::Generated::StmtCondition.getElement/1#dispred#e9315029/3@5fbb0e2v.
[2026-10-07 23:45:23] (0s) Inferred that StmtCondition::Generated::StmtCondition.getElement/1#dispred#e9315029_0_expr_#antijoin_rhs/2@75199bk0 is empty, due to StmtCondition::Generated::StmtCondition.getElement/1#dispred#e9315029/3@5fbb0e2v.
[2026-10-07 23:45:23] (0s) Inferred that StmtCondition::StmtCondition.getLastElement/0#dispred#3c445b9e/2@c247cdne is empty, due to StmtCondition::Generated::StmtCondition.getElement/1#dispred#e9315029/3@5fbb0e2v.
[2026-10-07 23:45:23] (0s) Inferred that _ControlFlowGraphImpl::Stmts::StmtConditionTree#39116e09_10#join_rhs_StmtCondition::Generated::StmtC__#shared/2@8329a89r is empty, due to StmtCondition::Generated::StmtCondition.getElement/1#dispred#e9315029/3@5fbb0e2v.
[2026-10-07 23:45:23] (0s) Inferred that _ControlFlowGraphImpl::Stmts::StmtConditionTree#39116e09_10#join_rhs_StmtCondition::Generated::StmtC__#shared#1/4@91c5e89o is empty, due to StmtCondition::Generated::StmtCondition.getElement/1#dispred#e9315029/3@5fbb0e2v.
[2026-10-07 23:45:23] (0s) Inferred that ControlFlowGraphImpl::Stmts::StmtConditionTree.firstElement/2#dispred#d758c85d/3@659726qb is empty, due to StmtCondition::Generated::StmtCondition.getElement/1#dispred#e9315029/3@5fbb0e2v.
[2026-10-07 23:45:23] (0s) Inferred that StmtCondition::Generated::StmtCondition.getElement/1#dispred#e9315029_201#join_rhs/3@7222faci is empty, due to StmtCondition::Generated::StmtCondition.getElement/1#dispred#e9315029/3@5fbb0e2v.
[2026-10-07 23:45:23] (0s) Inferred that ControlFlowGraphImpl::Stmts::StmtConditionTree.succElement/4#dispred#1d14c2dc/5@b1db6fsv is empty, due to StmtCondition::Generated::StmtCondition.getElement/1#dispred#e9315029/3@5fbb0e2v.
[2026-10-07 23:45:23] (0s) Inferred that _ConditionElement::Generated::ConditionElement.getImmediatePattern/0#dispred#b850ba5b_Element::Gener__#join_rhs/2@a54d0fao is empty, due to ConditionElement::Generated::ConditionElement.getImmediatePattern/0#dispred#b850ba5b/2@a178e46d.
[2026-10-07 23:45:23] (0s) Inferred that _ConditionElement::Generated::ConditionElement.getBoolean/0#dispred#aaa2e6f7_Expr::Expr.getFullyConv__#join_rhs/2@0fd1d8kj is empty, due to _ControlFlowGraphImpl::Stmts::StmtConditionTree#39116e09_10#join_rhs_StmtCondition::Generated::StmtC__#shared/2@8329a89r.
[2026-10-07 23:45:23] (0s) Inferred that _ConditionElement::Generated::ConditionElement.getBoolean/0#dispred#aaa2e6f7_Expr::Expr.getFullyConv__#shared/4@5af4e2qm is empty, due to _ControlFlowGraphImpl::Stmts::StmtConditionTree#39116e09_10#join_rhs_StmtCondition::Generated::StmtC__#shared#1/4@91c5e89o.
[2026-10-07 23:45:23] (0s) Inferred that _ConditionElement::Generated::ConditionElement.getBoolean/0#dispred#aaa2e6f7_Expr::Expr.getFullyConv__#join_rhs#1/2@4a7631ks is empty, due to ConditionElement::Generated::ConditionElement.getBoolean/0#dispred#aaa2e6f7/2@19dbfae7.
[2026-10-07 23:45:23] (0s) Inferred that _AstControlFlowTrees::astFirst/2#67012432_ConditionElement::Generated::ConditionElement.getInitializ__#antijoin_rhs/4@91a825lf is empty, due to _ControlFlowGraphImpl::Stmts::StmtConditionTree#39116e09_10#join_rhs_StmtCondition::Generated::StmtC__#shared#1/4@91c5e89o.
[2026-10-07 23:45:23] (0s) Inferred that ConditionElement::Generated::ConditionElement.getInitializer/0#dispred#9ab8d4b6_10#join_rhs/2@16f77053 is empty, due to ConditionElement::Generated::ConditionElement.getInitializer/0#dispred#9ab8d4b6/2@903279h5.
[2026-10-07 23:45:23] (0s) Inferred that _ConditionElement::Generated::ConditionElement.getPattern/0#dispred#6a14609b_Element::Element.getFul__#join_rhs/2@b460ffcd is empty, due to _ControlFlowGraphImpl::Stmts::StmtConditionTree#39116e09_10#join_rhs_StmtCondition::Generated::StmtC__#shared/2@8329a89r.
[2026-10-07 23:45:23] (0s) Inferred that _ConditionElement::Generated::ConditionElement.getPattern/0#dispred#6a14609b_Element::Element.getFul__#join_rhs#1/2@82dcd2k9 is empty, due to ConditionElement::Generated::ConditionElement.getPattern/0#dispred#6a14609b/2@76ceb47j.
[2026-10-07 23:45:23] (0s) Inferred that _ConditionElement::Generated::ConditionElement.getImmediateBoolean/0#dispred#d73047ae_Element::Gener__#join_rhs/2@0433052o is empty, due to ConditionElement::Generated::ConditionElement.getImmediateBoolean/0#dispred#d73047ae/2@d3be0599.
[2026-10-07 23:45:23] (0s) Inferred that ConditionElement::Generated::ConditionElement.getInitializer/0#dispred#9ab8d4b6/2@0431f8c9 is empty, due to ConditionElement::Generated::ConditionElement.getImmediateInitializer/0#dispred#2198274a/2@3e86574f.
[2026-10-07 23:45:23] (0s) Inferred that ConditionElement::Generated::ConditionElement.getPattern/0#dispred#6a14609b/2@fc325bt4 is empty, due to ConditionElement::Generated::ConditionElement.getImmediatePattern/0#dispred#b850ba5b/2@178f1a92.
[2026-10-07 23:45:23] (0s) Inferred that _StmtCondition::Generated::StmtCondition.getElement/1#dispred#e9315029_01#count_range#join_rhs/2@209864r2 is empty, due to StmtCondition::Generated::StmtCondition.getElement/1#dispred#e9315029_01#count_range/2@15ffe71f.
[2026-10-07 23:45:23] (0s) Inferred that _ControlFlowGraphImpl::Stmts::StmtConditionTree#39116e09_10#join_rhs_StmtCondition::StmtCondition.ge__#shared/2@0b51137v is empty, due to StmtCondition::StmtCondition.getLastElement/0#dispred#3c445b9e/2@c247cdne.
[2026-10-07 23:45:23] (0s) Inferred that project#ControlFlowGraphImpl::Stmts::StmtConditionTree.succElement/4#dispred#1d14c2dc/4@f8911d20 is empty, due to ControlFlowGraphImpl::Stmts::StmtConditionTree.succElement/4#dispred#1d14c2dc/5@b1db6fsv.
[2026-10-07 23:45:23] (0s) Inferred that ConditionElement::Generated::ConditionElement.getPattern/0#dispred#6a14609b_10#join_rhs/2@a49bc505 is empty, due to ConditionElement::Generated::ConditionElement.getPattern/0#dispred#6a14609b/2@fc325bt4.
[2026-10-07 23:45:23] (0s)  >>> First-level cache hit cached_Synth::Synth::TAvailabilitySpec#ddfd8eae/2@7e004fqt with empty relation.
[2026-10-07 23:45:23] (0s) Inferred that AvailabilityInfo::Generated::AvailabilityInfo.getSpec/1#dispred#9b032087/3@f1c9848b is empty, due to cached_Synth::Synth::TAvailabilitySpec#ddfd8eae/2@7e004fqt.
[2026-10-07 23:45:23] (0s) Inferred that AvailabilityInfo::Generated::AvailabilityInfo.getSpec/1#dispred#9b032087_01#count_range/2@2540d5s0 is empty, due to AvailabilityInfo::Generated::AvailabilityInfo.getSpec/1#dispred#9b032087/3@f1c9848b.
[2026-10-07 23:45:23] (0s) Inferred that AvailabilityInfo::Generated::AvailabilityInfo.getSpec/1#dispred#9b032087_0#antijoin_rhs/1@af27abmo is empty, due to AvailabilityInfo::Generated::AvailabilityInfo.getSpec/1#dispred#9b032087/3@f1c9848b.
[2026-10-07 23:45:23] (0s) Inferred that _AvailabilityInfo::Generated::AvailabilityInfo.getSpec/1#dispred#9b032087_01#count_range#join_rhs/2@cd4defio is empty, due to AvailabilityInfo::Generated::AvailabilityInfo.getSpec/1#dispred#9b032087_01#count_range/2@2540d5s0.
[2026-10-07 23:45:23] (0s) Inferred that AvailabilitySpec::Generated::AvailabilitySpec.isWildcard/0#dispred#d28a0082/1@fd9f85d5 is empty, due to cached_Synth::Synth::TAvailabilitySpec#ddfd8eae/2@7e004fqt.
[2026-10-07 23:45:23] (0s) Inferred that Synth::Synth::TAvailabilitySpec#ddfd8eae_1#antijoin_rhs/1@3b7de7md is empty, due to cached_Synth::Synth::TAvailabilitySpec#ddfd8eae/2@7e004fqt.
[2026-10-07 23:45:23] (0s) Inferred that Synth::Synth::TAvailabilitySpec#ddfd8eae_10#join_rhs/2@ea4358fv is empty, due to cached_Synth::Synth::TAvailabilitySpec#ddfd8eae/2@7e004fqt.
[2026-10-07 23:45:23] (0s)  >>> First-level cache hit cached_Synth::Synth::TRepeatWhileStmt#86eecac1/2@860517id with empty relation.
[2026-10-07 23:45:23] (0s) Inferred that RepeatWhileStmt::Generated::RepeatWhileStmt.getImmediateCondition/0#dispred#31931bf7/2@945ff3ur is empty, due to cached_Synth::Synth::TRepeatWhileStmt#86eecac1/2@860517id.
[2026-10-07 23:45:23] (0s) Inferred that RepeatWhileStmt::Generated::RepeatWhileStmt.getBody/0#dispred#0b658643/2@430476kg is empty, due to cached_Synth::Synth::TRepeatWhileStmt#86eecac1/2@860517id.
[2026-10-07 23:45:23] (0s) Inferred that ControlFlowGraphImpl::Stmts::Loops::RepeatWhileTree#ef0f0890/2@a74979f7 is empty, due to cached_Synth::Synth::TRepeatWhileStmt#86eecac1/2@860517id.
[2026-10-07 23:45:23] (0s)  >>> First-level cache hit cached_Synth::Synth::TAvailabilityInfo#4ee7d2d8/2@136124lp with empty relation.
[2026-10-07 23:45:23] (0s) Inferred that Synth::Synth::TRepeatWhileStmt#86eecac1_10#join_rhs/2@7fc462l6 is empty, due to cached_Synth::Synth::TRepeatWhileStmt#86eecac1/2@860517id.
[2026-10-07 23:45:23] (0s) Inferred that RepeatWhileStmt::Generated::RepeatWhileStmt.getCondition/0#dispred#0e6e0f51/2@ff1ecber is empty, due to cached_Synth::Synth::TRepeatWhileStmt#86eecac1/2@860517id.
[2026-10-07 23:45:23] (0s)  >>> First-level cache hit cached_Synth::Synth::TPoundAssertStmt#166857ee/2@57c11c5k with empty relation.
[2026-10-07 23:45:23] (0s) Inferred that AvailabilityInfo::Generated::AvailabilityInfo.getNumberOfSpecs/0#dispred#4fd5853e/2@719fbacj is empty, due to cached_Synth::Synth::TAvailabilityInfo#4ee7d2d8/2@136124lp.
[2026-10-07 23:45:23] (0s) Inferred that ControlFlowGraphImpl::AvailabilityInfo::AvailabilityInfoTree#933e7dd8/2@c360d8dd is empty, due to cached_Synth::Synth::TAvailabilityInfo#4ee7d2d8/2@136124lp.
[2026-10-07 23:45:23] (0s) Inferred that AvailabilityInfo::Generated::AvailabilityInfo.isUnavailable/0#dispred#d9551b0f/1@deb9c9jd is empty, due to cached_Synth::Synth::TAvailabilityInfo#4ee7d2d8/2@136124lp.
[2026-10-07 23:45:23] (0s) Inferred that Synth::Synth::TAvailabilityInfo#4ee7d2d8_1#antijoin_rhs/1@0f13ccop is empty, due to cached_Synth::Synth::TAvailabilityInfo#4ee7d2d8/2@136124lp.
[2026-10-07 23:45:23] (0s) Inferred that Synth::Synth::TPoundAssertStmt#166857ee_1#antijoin_rhs/1@e301342s is empty, due to cached_Synth::Synth::TPoundAssertStmt#166857ee/2@57c11c5k.
[2026-10-07 23:45:23] (0s) Inferred that ControlFlowGraphImpl::AvailabilityInfo::AvailabilityInfoTree#933e7dd8_10#join_rhs/2@ee6da6rv is empty, due to ControlFlowGraphImpl::AvailabilityInfo::AvailabilityInfoTree#933e7dd8/2@c360d8dd.
[2026-10-07 23:45:23] (0s) Inferred that AvailabilityInfo::AvailabilityInfo.toStringImpl/0#dispred#ea43fc52/2@45f1204c is empty, due to Synth::Synth::TAvailabilityInfo#4ee7d2d8_1#antijoin_rhs/1@0f13ccop.
[2026-10-07 23:45:23] (0s)  >>> First-level cache hit cached_Synth::Synth::TFallthroughStmt#e029a806/2@5e55039u with empty relation.
[2026-10-07 23:45:23] (0s)  >>> First-level cache hit cached_Synth::Synth::TStmtCondition#a94490a1/2@3cb6ddol with empty relation.
[2026-10-07 23:45:23] (0s) Inferred that FallthroughStmt::Generated::FallthroughStmt.getFallthroughDest/0#dispred#85fc48e7/2@b93b3dn3 is empty, due to cached_Synth::Synth::TFallthroughStmt#e029a806/2@5e55039u.
[2026-10-07 23:45:23] (0s) Inferred that Synth::Synth::TFallthroughStmt#e029a806_1#antijoin_rhs/1@ed4df3oa is empty, due to cached_Synth::Synth::TFallthroughStmt#e029a806/2@5e55039u.
[2026-10-07 23:45:23] (0s) Inferred that Completion::TFallthroughCompletion#dom#20f7ad57/1@1ba0235h is empty, due to FallthroughStmt::Generated::FallthroughStmt.getFallthroughDest/0#dispred#85fc48e7/2@b93b3dn3.
[2026-10-07 23:45:23] (0s) Inferred that num#Completion::TFallthroughCompletion#25c42164/2@43bc52es is empty, due to Completion::TFallthroughCompletion#dom#20f7ad57/1@1ba0235h.
[2026-10-07 23:45:23] (0s) Inferred that num#Completion::TFallthroughCompletion#25c42164_10#join_rhs/2@d0f4e3ai is empty, due to num#Completion::TFallthroughCompletion#25c42164/2@43bc52es.
[2026-10-07 23:45:23] (0s) Inferred that StmtCondition::Generated::StmtCondition.getNumberOfElements/0#dispred#6d59c555/2@667069vn is empty, due to cached_Synth::Synth::TStmtCondition#a94490a1/2@3cb6ddol.
[2026-10-07 23:45:23] (0s) Inferred that LabeledConditionalStmt::Generated::LabeledConditionalStmt.getCondition/0#dispred#3a76c19d/2@381eaa7f is empty, due to cached_Synth::Synth::TStmtCondition#a94490a1/2@3cb6ddol.
[2026-10-07 23:45:23] (0s) Inferred that ControlFlowGraphImpl::Stmts::StmtConditionTree#39116e09/2@06d440nf is empty, due to cached_Synth::Synth::TStmtCondition#a94490a1/2@3cb6ddol.
[2026-10-07 23:45:23] (0s) Inferred that LabeledConditionalStmt::Generated::LabeledConditionalStmt.getCondition/0#dispred#3a76c19d/2@764825rp is empty, due to cached_Synth::Synth::TStmtCondition#a94490a1/2@3cb6ddol.
[2026-10-07 23:45:23] (0s)  >>> First-level cache hit cached_Synth::Synth::TCaseLabelItem#ecfcec3b/2@418c4dcg with empty relation.
[2026-10-07 23:45:23] (0s) Inferred that ControlFlowGraphImpl::Stmts::StmtConditionTree#39116e09_10#join_rhs/2@28e47dvc is empty, due to ControlFlowGraphImpl::Stmts::StmtConditionTree#39116e09/2@06d440nf.
[2026-10-07 23:45:23] (0s) Inferred that _ControlFlowGraphImpl::Stmts::GuardTree#f54df610_Element::Element.getFullyUnresolved/0#97fc9caa_Labe__#join_rhs/2@b2e3cdr8 is empty, due to LabeledConditionalStmt::Generated::LabeledConditionalStmt.getCondition/0#dispred#3a76c19d/2@764825rp.
[2026-10-07 23:45:23] (0s) Inferred that _ControlFlowGraphImpl::Stmts::IfStmtTree#23315332_Element::Element.getFullyUnresolved/0#97fc9caa_IfS__#join_rhs/2@5f8b73kd is empty, due to LabeledConditionalStmt::Generated::LabeledConditionalStmt.getCondition/0#dispred#3a76c19d/2@764825rp.
[2026-10-07 23:45:23] (0s)  >>> First-level cache hit cached_Synth::Synth::TContinueStmt#7ebd2bcd/2@9c2f50he with empty relation.
[2026-10-07 23:45:23] (0s) Inferred that CaseStmt::Generated::CaseStmt.getLabel/1#dispred#50014dfa/3@bad5614h is empty, due to cached_Synth::Synth::TCaseLabelItem#ecfcec3b/2@418c4dcg.
[2026-10-07 23:45:23] (0s) Inferred that CaseLabelItem::Generated::CaseLabelItem.getImmediatePattern/0#dispred#5298e1c6/2@dc5fd8np is empty, due to cached_Synth::Synth::TCaseLabelItem#ecfcec3b/2@418c4dcg.
[2026-10-07 23:45:23] (0s) Inferred that CaseLabelItem::Generated::CaseLabelItem.getImmediateGuard/0#dispred#af99aa1c/2@2c036ec2 is empty, due to cached_Synth::Synth::TCaseLabelItem#ecfcec3b/2@418c4dcg.
[2026-10-07 23:45:23] (0s) Inferred that ControlFlowGraphImpl::Stmts::CaseLabelItemTree#9026a190/2@7543aesb is empty, due to cached_Synth::Synth::TCaseLabelItem#ecfcec3b/2@418c4dcg.
[2026-10-07 23:45:23] (0s) Inferred that CaseLabelItem::Generated::CaseLabelItem.getGuard/0#dispred#b77595c5/2@936207ne is empty, due to cached_Synth::Synth::TCaseLabelItem#ecfcec3b/2@418c4dcg.
[2026-10-07 23:45:23] (0s) Inferred that CaseLabelItem::Generated::CaseLabelItem.getPattern/0#dispred#a57216b8/2@539b7bpn is empty, due to cached_Synth::Synth::TCaseLabelItem#ecfcec3b/2@418c4dcg.
[2026-10-07 23:45:23] (0s) Inferred that Synth::Synth::TCaseLabelItem#ecfcec3b_1#antijoin_rhs/1@01c1e8tf is empty, due to cached_Synth::Synth::TCaseLabelItem#ecfcec3b/2@418c4dcg.
[2026-10-07 23:45:23] (0s) Inferred that CaseLabelItem::Generated::CaseLabelItem.getImmediateGuard/0#dispred#af99aa1c/2@3b706f54 is empty, due to cached_Synth::Synth::TCaseLabelItem#ecfcec3b/2@418c4dcg.
[2026-10-07 23:45:23] (0s) Inferred that CaseLabelItem::Generated::CaseLabelItem.getPattern/0#dispred#a57216b8/2@6e1c2336 is empty, due to cached_Synth::Synth::TCaseLabelItem#ecfcec3b/2@418c4dcg.
[2026-10-07 23:45:23] (0s) Inferred that ContinueStmt::Generated::ContinueStmt.getTarget/0#dispred#7371e039/2@bc7d3dfq is empty, due to cached_Synth::Synth::TContinueStmt#7ebd2bcd/2@9c2f50he.
[2026-10-07 23:45:23] (0s) Inferred that ContinueStmt::Generated::ContinueStmt.getTargetName/0#dispred#21cbb600/2@5bd202g6 is empty, due to cached_Synth::Synth::TContinueStmt#7ebd2bcd/2@9c2f50he.
[2026-10-07 23:45:23] (0s) Inferred that Synth::Synth::TContinueStmt#7ebd2bcd_1#antijoin_rhs/1@425af6qi is empty, due to cached_Synth::Synth::TContinueStmt#7ebd2bcd/2@9c2f50he.
[2026-10-07 23:45:23] (0s) Inferred that CaseStmt::Generated::CaseStmt.getALabel/0#dispred#911797e6/2@acc8b0bj is empty, due to cached_Synth::Synth::TCaseLabelItem#ecfcec3b/2@418c4dcg.
[2026-10-07 23:45:23] (0s) Inferred that CaseStmt::Generated::CaseStmt.getLabel/1#dispred#50014dfa_01#count_range/2@1cd11bci is empty, due to CaseStmt::Generated::CaseStmt.getLabel/1#dispred#50014dfa/3@bad5614h.
[2026-10-07 23:45:23] (0s) Inferred that CaseStmt::Generated::CaseStmt.getLabel/1#dispred#50014dfa_0#antijoin_rhs/1@06b4b016 is empty, due to CaseStmt::Generated::CaseStmt.getLabel/1#dispred#50014dfa/3@bad5614h.
[2026-10-07 23:45:23] (0s) Inferred that CaseStmt::Generated::CaseStmt.getLabel/1#dispred#50014dfa_0_expr_#antijoin_rhs/2@eed2fe6t is empty, due to CaseStmt::Generated::CaseStmt.getLabel/1#dispred#50014dfa/3@bad5614h.
[2026-10-07 23:45:23] (0s) Inferred that CaseStmt::CaseStmt.getLastLabel/0#dispred#35fbea17/2@2f1a3dif is empty, due to CaseStmt::Generated::CaseStmt.getLabel/1#dispred#50014dfa/3@bad5614h.
[2026-10-07 23:45:23] (0s) Inferred that Completion::mustHaveMatchingCompletion/2#663d6067#bf/2@654553v8 is empty, due to CaseStmt::Generated::CaseStmt.getLabel/1#dispred#50014dfa/3@bad5614h.
[2026-10-07 23:45:23] (0s) Inferred that _CaseLabelItem::Generated::CaseLabelItem.getGuard/0#dispred#b77595c5_ControlFlowGraphImpl::Stmts::Ca__#shared/2@f0904cll is empty, due to ControlFlowGraphImpl::Stmts::CaseLabelItemTree#9026a190/2@7543aesb.
[2026-10-07 23:45:23] (0s) Inferred that _CaseLabelItem::Generated::CaseLabelItem.getPattern/0#dispred#a57216b8_ControlFlowGraphImpl::Stmts::__#join_rhs/2@04ecdfuo is empty, due to ControlFlowGraphImpl::Stmts::CaseLabelItemTree#9026a190/2@7543aesb.
[2026-10-07 23:45:23] (0s) Inferred that _CaseLabelItem::Generated::CaseLabelItem.getPattern/0#dispred#a57216b8_ControlFlowGraphImpl::Stmts::__#join_rhs#1/3@b90877po is empty, due to ControlFlowGraphImpl::Stmts::CaseLabelItemTree#9026a190/2@7543aesb.
[2026-10-07 23:45:23] (0s) Inferred that CaseLabelItem::Generated::CaseLabelItem.getGuard/0#dispred#b77595c5_0#antijoin_rhs/1@dbcd443i is empty, due to CaseLabelItem::Generated::CaseLabelItem.getGuard/0#dispred#b77595c5/2@936207ne.
[2026-10-07 23:45:23] (0s) Inferred that CaseLabelItem::Generated::CaseLabelItem.getPattern/0#dispred#a57216b8_1#join_rhs/1@656ae3bm is empty, due to CaseLabelItem::Generated::CaseLabelItem.getPattern/0#dispred#a57216b8/2@539b7bpn.
[2026-10-07 23:45:23] (0s) Inferred that CaseLabelItem::Generated::CaseLabelItem.hasGuard/0#dispred#114acfdd/1@483caa4f is empty, due to CaseLabelItem::Generated::CaseLabelItem.getImmediateGuard/0#dispred#af99aa1c/2@3b706f54.
[2026-10-07 23:45:23] (0s) Inferred that _CaseLabelItem::Generated::CaseLabelItem.getPattern/0#dispred#a57216b8_CaseLabelItem::Generated::Cas__#join_rhs/2@25067e4b is empty, due to CaseLabelItem::Generated::CaseLabelItem.getPattern/0#dispred#a57216b8/2@6e1c2336.
[2026-10-07 23:45:23] (0s) Inferred that _CaseLabelItem::Generated::CaseLabelItem.getPattern/0#dispred#a57216b8_CaseLabelItem::Generated::Cas__#join_rhs#1/2@300eb9so is empty, due to CaseLabelItem::Generated::CaseLabelItem.getPattern/0#dispred#a57216b8/2@6e1c2336.
[2026-10-07 23:45:23] (0s) Inferred that Completion::TContinueCompletion#dom#dd32076a/1@11ca221f is empty, due to ContinueStmt::Generated::ContinueStmt.getTarget/0#dispred#7371e039/2@bc7d3dfq.
[2026-10-07 23:45:23] (0s) Inferred that ContinueStmt::Generated::ContinueStmt.getTargetName/0#dispred#21cbb600_0#antijoin_rhs/1@93cba08c is empty, due to ContinueStmt::Generated::ContinueStmt.getTargetName/0#dispred#21cbb600/2@5bd202g6.
[2026-10-07 23:45:23] (0s) Inferred that _CaseStmt::Generated::CaseStmt.getLabel/1#dispred#50014dfa_01#count_range#join_rhs/2@dab9c3d4 is empty, due to CaseStmt::Generated::CaseStmt.getLabel/1#dispred#50014dfa_01#count_range/2@1cd11bci.
[2026-10-07 23:45:23] (0s) Inferred that _CaseStmt::CaseStmt.getLastLabel/0#dispred#35fbea17_ControlFlowGraphImpl::Stmts::CaseTree#00554fc5_E__#join_rhs/2@404857va is empty, due to CaseStmt::CaseStmt.getLastLabel/0#dispred#35fbea17/2@2f1a3dif.
[2026-10-07 23:45:23] (0s) Inferred that Completion::mustHaveMatchingCompletion/2#663d6067#bf_10#join_rhs/2@fb13015d is empty, due to Completion::mustHaveMatchingCompletion/2#663d6067#bf/2@654553v8.
[2026-10-07 23:45:23] (0s) Inferred that _Element::Element.getFullyUnresolved/0#97fc9caa__CaseLabelItem::Generated::CaseLabelItem.getGuard/0#__#join_rhs/2@b33206gp is empty, due to _CaseLabelItem::Generated::CaseLabelItem.getGuard/0#dispred#b77595c5_ControlFlowGraphImpl::Stmts::Ca__#shared/2@f0904cll.
[2026-10-07 23:45:23] (0s) Inferred that Completion::getPatternValue/1#a7a2a508#bf/2@f7015drp is empty, due to CaseLabelItem::Generated::CaseLabelItem.getPattern/0#dispred#a57216b8_1#join_rhs/1@656ae3bm.
[2026-10-07 23:45:23] (0s) Inferred that num#Completion::TContinueCompletion#351029a2/2@5bc896pu is empty, due to Completion::TContinueCompletion#dom#dd32076a/1@11ca221f.
[2026-10-07 23:45:23] (0s) Inferred that num#Completion::TContinueCompletion#351029a2_1#antijoin_rhs/1@443d91k0 is empty, due to num#Completion::TContinueCompletion#351029a2/2@5bc896pu.
[2026-10-07 23:45:23] (0s)  >>> First-level cache hit cached_Synth::Synth::TDoCatchStmt#e9143c54/2@d6a160p9 with empty relation.
[2026-10-07 23:45:23] (0s) Inferred that DoCatchStmt::Generated::DoCatchStmt.getCatch/1#dispred#33738fe8/3@86649a2l is empty, due to cached_Synth::Synth::TDoCatchStmt#e9143c54/2@d6a160p9.
[2026-10-07 23:45:23] (0s) Inferred that DoCatchStmt::Generated::DoCatchStmt.getNumberOfCatches/0#dispred#ad1645e1/2@259cf8ap is empty, due to cached_Synth::Synth::TDoCatchStmt#e9143c54/2@d6a160p9.
[2026-10-07 23:45:23] (0s) Inferred that DoCatchStmt::Generated::DoCatchStmt.getBody/0#dispred#a1134ec4/2@9dc2c17o is empty, due to cached_Synth::Synth::TDoCatchStmt#e9143c54/2@d6a160p9.
[2026-10-07 23:45:23] (0s)  >>> First-level cache hit cached_Synth::Synth::TForEachStmt#d335d334/2@f9ff50i3 with empty relation.
[2026-10-07 23:45:23] (0s) Inferred that ControlFlowGraphImpl::Stmts::DoCatchTree#6ba092bb/2@584353ik is empty, due to cached_Synth::Synth::TDoCatchStmt#e9143c54/2@d6a160p9.
[2026-10-07 23:45:23] (0s) Inferred that Synth::Synth::TDoCatchStmt#e9143c54_10#join_rhs/2@54c67fk6 is empty, due to cached_Synth::Synth::TDoCatchStmt#e9143c54/2@d6a160p9.
[2026-10-07 23:45:23] (0s) Inferred that DoCatchStmt::Generated::DoCatchStmt.getCatch/1#dispred#33738fe8_01#count_range/2@08f0ee2g is empty, due to DoCatchStmt::Generated::DoCatchStmt.getCatch/1#dispred#33738fe8/3@86649a2l.
[2026-10-07 23:45:23] (0s) Inferred that DoCatchStmt::Generated::DoCatchStmt.getCatch/1#dispred#33738fe8_0#antijoin_rhs/1@4fe262ov is empty, due to DoCatchStmt::Generated::DoCatchStmt.getCatch/1#dispred#33738fe8/3@86649a2l.
[2026-10-07 23:45:23] (0s) Inferred that DoCatchStmt::Generated::DoCatchStmt.getCatch/1#dispred#33738fe8_0_expr_#antijoin_rhs/2@2cff6306 is empty, due to DoCatchStmt::Generated::DoCatchStmt.getCatch/1#dispred#33738fe8/3@86649a2l.
[2026-10-07 23:45:23] (0s) Inferred that DoCatchStmt::DoCatchStmt.getLastCatch/0#dispred#f77b1a62/2@b00d1cra is empty, due to DoCatchStmt::Generated::DoCatchStmt.getCatch/1#dispred#33738fe8/3@86649a2l.
[2026-10-07 23:45:23] (0s) Inferred that _CaseStmt::Generated::CaseStmt.getBody/0#dispred#dd79662c_ControlFlowGraphImpl::Stmts::DoCatchTree#6__#join_rhs/2@7b2296qt is empty, due to ControlFlowGraphImpl::Stmts::DoCatchTree#6ba092bb/2@584353ik.
[2026-10-07 23:45:23] (0s) Inferred that ControlFlowGraphImpl::Stmts::DoCatchTree#6ba092bb_0#antijoin_rhs/1@976c57sb is empty, due to ControlFlowGraphImpl::Stmts::DoCatchTree#6ba092bb/2@584353ik.
[2026-10-07 23:45:23] (0s) Inferred that _ControlFlowGraphImpl::Stmts::DoCatchTree#6ba092bb_DoCatchStmt::DoCatchStmt.getLastCatch/0#dispred#f__#join_rhs/2@34d6f3cr is empty, due to ControlFlowGraphImpl::Stmts::DoCatchTree#6ba092bb/2@584353ik.
[2026-10-07 23:45:23] (0s) Inferred that _DoCatchStmt::Generated::DoCatchStmt.getCatch/1#dispred#33738fe8_01#count_range#join_rhs/2@eb9ddd06 is empty, due to DoCatchStmt::Generated::DoCatchStmt.getCatch/1#dispred#33738fe8_01#count_range/2@08f0ee2g.
[2026-10-07 23:45:23] (0s) Inferred that ForEachStmt::Generated::ForEachStmt.getBody/0#dispred#2c7b0e27/2@125774n8 is empty, due to cached_Synth::Synth::TForEachStmt#d335d334/2@f9ff50i3.
[2026-10-07 23:45:23] (0s) Inferred that _ControlFlowGraphImpl::Stmts::Loops::ForEachTree#1eb7d5cb_ForEachStmt::Generated::ForEachStmt.getBod__#join_rhs/3@0c9c24sl is empty, due to ForEachStmt::Generated::ForEachStmt.getBody/0#dispred#2c7b0e27/2@125774n8.
[2026-10-07 23:45:23] (0s) Inferred that _ControlFlowGraphImpl::Stmts::Loops::ForEachTree#1eb7d5cb_ForEachStmt::Generated::ForEachStmt.getBod__#join_rhs#1/2@d4468dr4 is empty, due to ForEachStmt::Generated::ForEachStmt.getBody/0#dispred#2c7b0e27/2@125774n8.
[2026-10-07 23:45:23] (0s) Inferred that ForEachStmt::Generated::ForEachStmt.getIteratorVar/0#dispred#53590c7f/2@0cde20vp is empty, due to cached_Synth::Synth::TForEachStmt#d335d334/2@f9ff50i3.
[2026-10-07 23:45:23] (0s) Inferred that _ControlFlowGraphImpl::Stmts::Loops::ForEachTree#1eb7d5cb_ForEachStmt::Generated::ForEachStmt.getIte__#join_rhs/2@1e7e48r1 is empty, due to ForEachStmt::Generated::ForEachStmt.getIteratorVar/0#dispred#53590c7f/2@0cde20vp.
[2026-10-07 23:45:23] (0s)  >>> First-level cache hit cached_Synth::Synth::TDiscardStmt#bdb000d3/2@1755b7an with empty relation.
[2026-10-07 23:45:23] (0s) Inferred that ForEachStmt::Generated::ForEachStmt.getImmediatePattern/0#dispred#19a87a79/2@678ce619 is empty, due to cached_Synth::Synth::TForEachStmt#d335d334/2@f9ff50i3.
[2026-10-07 23:45:23] (0s) Inferred that ForEachStmt::Generated::ForEachStmt.getVariable/1#dispred#d3bf7b74/3@d38e0fc0 is empty, due to cached_Synth::Synth::TForEachStmt#d335d334/2@f9ff50i3.
[2026-10-07 23:45:23] (0s) Inferred that ForEachStmt::Generated::ForEachStmt.getNumberOfVariables/0#dispred#8a208963/2@74328d77 is empty, due to cached_Synth::Synth::TForEachStmt#d335d334/2@f9ff50i3.
[2026-10-07 23:45:23] (0s) Inferred that ForEachStmt::Generated::ForEachStmt.getImmediateNextCall/0#dispred#6a794547/2@fa8dfbvg is empty, due to cached_Synth::Synth::TForEachStmt#d335d334/2@f9ff50i3.
[2026-10-07 23:45:23] (0s) Inferred that ForEachStmt::Generated::ForEachStmt.getImmediateWhere/0#dispred#09343890/2@cdaa86uk is empty, due to cached_Synth::Synth::TForEachStmt#d335d334/2@f9ff50i3.
[2026-10-07 23:45:23] (0s) Inferred that DiscardStmt::Generated::DiscardStmt.getImmediateSubExpr/0#dispred#511d46bb/2@c40aa2j5 is empty, due to cached_Synth::Synth::TDiscardStmt#bdb000d3/2@1755b7an.
[2026-10-07 23:45:23] (0s) Inferred that ControlFlowGraphImpl::Stmts::Loops::ForEachTree#1eb7d5cb/2@9bf3ef7a is empty, due to cached_Synth::Synth::TForEachStmt#d335d334/2@f9ff50i3.
[2026-10-07 23:45:23] (0s) Inferred that ControlFlowGraphImpl::Stmts::DiscardStmtTree#fa23d57b/2@3917cfre is empty, due to cached_Synth::Synth::TDiscardStmt#bdb000d3/2@1755b7an.
[2026-10-07 23:45:23] (0s) Inferred that DiscardStmt::Generated::DiscardStmt.getImmediateSubExpr/0#dispred#511d46bb/2@860680da is empty, due to cached_Synth::Synth::TDiscardStmt#bdb000d3/2@1755b7an.
[2026-10-07 23:45:23] (0s) Inferred that ForEachStmt::Generated::ForEachStmt.getNextCall/0#dispred#b54d6cb7/2@6c7ee2jp is empty, due to cached_Synth::Synth::TForEachStmt#d335d334/2@f9ff50i3.
[2026-10-07 23:45:23] (0s) Inferred that ForEachStmt::Generated::ForEachStmt.getPattern/0#dispred#8ddc0acc/2@3cf6af8f is empty, due to cached_Synth::Synth::TForEachStmt#d335d334/2@f9ff50i3.
[2026-10-07 23:45:23] (0s) Inferred that ForEachStmt::Generated::ForEachStmt.getWhere/0#dispred#40ba33d6/2@475664si is empty, due to cached_Synth::Synth::TForEachStmt#d335d334/2@f9ff50i3.
[2026-10-07 23:45:23] (0s) Inferred that ForEachStmt::Generated::ForEachStmt.getImmediateWhere/0#dispred#09343890/2@7f8dc7hi is empty, due to cached_Synth::Synth::TForEachStmt#d335d334/2@f9ff50i3.
[2026-10-07 23:45:23] (0s) Inferred that ForEachStmt::Generated::ForEachStmt.getVariable/1#dispred#d3bf7b74_01#count_range/2@f92e26kq is empty, due to ForEachStmt::Generated::ForEachStmt.getVariable/1#dispred#d3bf7b74/3@d38e0fc0.
[2026-10-07 23:45:23] (0s) Inferred that ForEachStmt::Generated::ForEachStmt.getVariable/1#dispred#d3bf7b74_0#antijoin_rhs/1@1b464434 is empty, due to ForEachStmt::Generated::ForEachStmt.getVariable/1#dispred#d3bf7b74/3@d38e0fc0.
[2026-10-07 23:45:23] (0s) Inferred that ForEachStmt::Generated::ForEachStmt.getWhere/0#dispred#40ba33d6_0#antijoin_rhs/1@1bae4dom is empty, due to ForEachStmt::Generated::ForEachStmt.getWhere/0#dispred#40ba33d6/2@475664si.
[2026-10-07 23:45:23] (0s) Inferred that ForEachStmt::Generated::ForEachStmt.hasWhere/0#dispred#70260e8a/1@00a5ffcp is empty, due to ForEachStmt::Generated::ForEachStmt.getImmediateWhere/0#dispred#09343890/2@7f8dc7hi.
[2026-10-07 23:45:23] (0s) Inferred that _ForEachStmt::Generated::ForEachStmt.getVariable/1#dispred#d3bf7b74_01#count_range#join_rhs/2@fa1551ge is empty, due to ForEachStmt::Generated::ForEachStmt.getVariable/1#dispred#d3bf7b74_01#count_range/2@f92e26kq.
[2026-10-07 23:45:23] (0s) Inferred that ForEachStmt::Generated::ForEachStmt.getImmediateNextCall/0#dispred#6a794547/2@b607d414 is empty, due to cached_Synth::Synth::TForEachStmt#d335d334/2@f9ff50i3.
[2026-10-07 23:45:23] (0s) Inferred that ForEachStmt::Generated::ForEachStmt.getImmediateNextCall/0#dispred#6a794547/2@43ac1aci is empty, due to cached_Synth::Synth::TForEachStmt#d335d334/2@f9ff50i3.
[2026-10-07 23:45:23] (0s)  >>> First-level cache hit cached_Synth::Synth::TSwitchStmt#06d5b636/2@096a41v8 with empty relation.
[2026-10-07 23:45:23] (0s) Inferred that SwitchStmt::Generated::SwitchStmt.getCase/1#dispred#0522a946/3@40d2ff3m is empty, due to cached_Synth::Synth::TSwitchStmt#06d5b636/2@096a41v8.
[2026-10-07 23:45:23] (0s)  >>> First-level cache hit cached_Synth::Synth::TYieldStmt#d9f4cffc/2@09ecedr9 with empty relation.
[2026-10-07 23:45:23] (0s) Inferred that SwitchStmt::Generated::SwitchStmt.getNumberOfCases/0#dispred#753a3685/2@54375d3n is empty, due to cached_Synth::Synth::TSwitchStmt#06d5b636/2@096a41v8.
[2026-10-07 23:45:23] (0s) Inferred that SwitchStmt::Generated::SwitchStmt.getImmediateExpr/0#dispred#e503079d/2@6897acdj is empty, due to cached_Synth::Synth::TSwitchStmt#06d5b636/2@096a41v8.
[2026-10-07 23:45:23] (0s) Inferred that ControlFlowGraphImpl::Stmts::SwitchTree#870f8e9b/2@667316p8 is empty, due to cached_Synth::Synth::TSwitchStmt#06d5b636/2@096a41v8.
[2026-10-07 23:45:23] (0s) Inferred that SwitchStmt::Generated::SwitchStmt.getExpr/0#dispred#269e2eb5/2@6d290bom is empty, due to cached_Synth::Synth::TSwitchStmt#06d5b636/2@096a41v8.
[2026-10-07 23:45:23] (0s) Inferred that SwitchStmt::Generated::SwitchStmt.getImmediateExpr/0#dispred#e503079d/2@306b889m is empty, due to cached_Synth::Synth::TSwitchStmt#06d5b636/2@096a41v8.
[2026-10-07 23:45:23] (0s) Inferred that SwitchStmt::Generated::SwitchStmt.getACase/0#dispred#8061f41c/2@83d9cbp4 is empty, due to cached_Synth::Synth::TSwitchStmt#06d5b636/2@096a41v8.
[2026-10-07 23:45:23] (0s) Inferred that SwitchStmt::Generated::SwitchStmt.getImmediateExpr/0#dispred#e503079d/2@3308efmp is empty, due to cached_Synth::Synth::TSwitchStmt#06d5b636/2@096a41v8.
[2026-10-07 23:45:23] (0s) Inferred that SwitchStmt::Generated::SwitchStmt.getImmediateExpr/0#dispred#e503079d/2@d75d12cl is empty, due to cached_Synth::Synth::TSwitchStmt#06d5b636/2@096a41v8.
[2026-10-07 23:45:23] (0s) Inferred that SwitchStmt::Generated::SwitchStmt.getImmediateExpr/0#dispred#e503079d/2@0383a4h2 is empty, due to cached_Synth::Synth::TSwitchStmt#06d5b636/2@096a41v8.
[2026-10-07 23:45:23] (0s) Inferred that SwitchStmt::Generated::SwitchStmt.getCase/1#dispred#0522a946_01#count_range/2@36b3bb9q is empty, due to SwitchStmt::Generated::SwitchStmt.getCase/1#dispred#0522a946/3@40d2ff3m.
[2026-10-07 23:45:23] (0s) Inferred that SwitchStmt::Generated::SwitchStmt.getCase/1#dispred#0522a946_0#antijoin_rhs/1@b75985rv is empty, due to SwitchStmt::Generated::SwitchStmt.getCase/1#dispred#0522a946/3@40d2ff3m.
[2026-10-07 23:45:23] (0s) Inferred that _CaseStmt::Generated::CaseStmt.getBody/0#dispred#dd79662c_ControlFlowGraphImpl::Stmts::SwitchTree#87__#join_rhs/2@7b26f0e6 is empty, due to ControlFlowGraphImpl::Stmts::SwitchTree#870f8e9b/2@667316p8.
[2026-10-07 23:45:23] (0s) Inferred that _ControlFlowGraphImpl::Stmts::SwitchTree#870f8e9b_Expr::Expr.getFullyConverted/0#dispred#e3fb566d#bf__#join_rhs/2@b6a8466h is empty, due to ControlFlowGraphImpl::Stmts::SwitchTree#870f8e9b/2@667316p8.
[2026-10-07 23:45:23] (0s) Inferred that _Element::Generated::Element.resolve/0#6937ae00_SwitchStmt::Generated::SwitchStmt.getImmediateExpr/0__#join_rhs/2@f4d7ad0t is empty, due to SwitchStmt::Generated::SwitchStmt.getImmediateExpr/0#dispred#e503079d/2@306b889m.
[2026-10-07 23:45:23] (0s) Inferred that _SwitchStmt::Generated::SwitchStmt.getCase/1#dispred#0522a946_01#count_range#join_rhs/2@ee07ab0k is empty, due to SwitchStmt::Generated::SwitchStmt.getCase/1#dispred#0522a946_01#count_range/2@36b3bb9q.
[2026-10-07 23:45:23] (0s) Inferred that YieldStmt::Generated::YieldStmt.getImmediateResult/1#dispred#dc65717f/3@028a64tt is empty, due to cached_Synth::Synth::TYieldStmt#d9f4cffc/2@09ecedr9.
[2026-10-07 23:45:23] (0s) Inferred that _YieldStmt::Generated::YieldStmt.getImmediateResult/1#dispred#dc65717f#max_range/2@3a6c367s is empty, due to YieldStmt::Generated::YieldStmt.getImmediateResult/1#dispred#dc65717f/3@028a64tt.
[2026-10-07 23:45:23] (0s) Inferred that _YieldStmt::Generated::YieldStmt.getImmediateResult/1#dispred#dc65717f#max_term/3@4bcd985q is empty, due to YieldStmt::Generated::YieldStmt.getImmediateResult/1#dispred#dc65717f/3@028a64tt.
[2026-10-07 23:45:23] (0s) Inferred that __YieldStmt::Generated::YieldStmt.getImmediateResult/1#dispred#dc65717f#max_range__YieldStmt::Genera__#join_rhs/1@3ab455nh is empty, due to _YieldStmt::Generated::YieldStmt.getImmediateResult/1#dispred#dc65717f#max_range/2@3a6c367s.
[2026-10-07 23:45:23] (0s) Inferred that ControlFlowGraphImpl::Stmts::YieldStmtTree#7fe97088/2@71345318 is empty, due to cached_Synth::Synth::TYieldStmt#d9f4cffc/2@09ecedr9.
[2026-10-07 23:45:23] (0s) Inferred that YieldStmt::Generated::YieldStmt.getImmediateResult/1#dispred#dc65717f/3@06974651 is empty, due to cached_Synth::Synth::TYieldStmt#d9f4cffc/2@09ecedr9.
[2026-10-07 23:45:23] (0s) Inferred that Synth::Synth::TYieldStmt#d9f4cffc_1#antijoin_rhs/1@fb745f88 is empty, due to cached_Synth::Synth::TYieldStmt#d9f4cffc/2@09ecedr9.
[2026-10-07 23:45:23] (0s)  >>> First-level cache hit cached_Synth::Synth::TWhileStmt#1d136a5f/2@3bf7828g with empty relation.
[2026-10-07 23:45:23] (0s) Inferred that WhileStmt::Generated::WhileStmt.getBody/0#dispred#cd74eb83/2@74a411kl is empty, due to cached_Synth::Synth::TWhileStmt#1d136a5f/2@3bf7828g.
[2026-10-07 23:45:23] (0s) Inferred that Synth::Synth::TWhileStmt#1d136a5f_1#join_rhs/1@644e2b2t is empty, due to cached_Synth::Synth::TWhileStmt#1d136a5f/2@3bf7828g.
[2026-10-07 23:45:23] (0s) Inferred that ControlFlowGraphImpl::Stmts::Loops::WhileTree#40f291bd/2@719fc3ct is empty, due to cached_Synth::Synth::TWhileStmt#1d136a5f/2@3bf7828g.
[2026-10-07 23:45:23] (0s) Inferred that Synth::Synth::TWhileStmt#1d136a5f_10#join_rhs/2@22dd12u4 is empty, due to cached_Synth::Synth::TWhileStmt#1d136a5f/2@3bf7828g.
[2026-10-07 23:45:23] (0s)  >>> First-level cache hit cached_Synth::Synth::TThrowStmt#bcadd45d/2@6d5f5fd0 with empty relation.
[2026-10-07 23:45:23] (0s) Inferred that ThrowStmt::Generated::ThrowStmt.getImmediateSubExpr/0#dispred#db99e9e8/2@e65bc123 is empty, due to cached_Synth::Synth::TThrowStmt#bcadd45d/2@6d5f5fd0.
[2026-10-07 23:45:23] (0s)  >>> Full cache hit cached_Synth::Synth::TMacroRole#f32fae77/2@0e326bu9 with 18 rows and digest 1b3318oh5rda84575l9h9h79koc.
[2026-10-07 23:45:23] (0s) Inferred that ControlFlowGraphImpl::Stmts::ThrowExprTree#9aaf8eed/2@66a1a5hg is empty, due to cached_Synth::Synth::TThrowStmt#bcadd45d/2@6d5f5fd0.
[2026-10-07 23:45:23] (0s) Inferred that ThrowStmt::Generated::ThrowStmt.getSubExpr/0#dispred#5b78bf8a/2@97bc51q5 is empty, due to cached_Synth::Synth::TThrowStmt#bcadd45d/2@6d5f5fd0.
[2026-10-07 23:45:23] (0s) Inferred that Synth::Synth::TThrowStmt#bcadd45d_1#antijoin_rhs/1@d41d64v2 is empty, due to cached_Synth::Synth::TThrowStmt#bcadd45d/2@6d5f5fd0.
[2026-10-07 23:45:23] (0s) Inferred that _ControlFlowGraphImpl::Stmts::ThrowExprTree#9aaf8eed_Expr::Expr.getFullyConverted/0#dispred#e3fb566d__#join_rhs/2@70fb6123 is empty, due to ControlFlowGraphImpl::Stmts::ThrowExprTree#9aaf8eed/2@66a1a5hg.
[2026-10-07 23:45:23] (0s)  >>> First-level cache hit cached_Synth::Synth::TGuardStmt#26c2badf/2@065e55co with empty relation.
[2026-10-07 23:45:23] (0s) Inferred that GuardStmt::Generated::GuardStmt.getBody/0#dispred#6101a6f4/2@64fc36p1 is empty, due to cached_Synth::Synth::TGuardStmt#26c2badf/2@065e55co.
[2026-10-07 23:45:23] (0s) Inferred that Synth::Synth::TGuardStmt#26c2badf_1#join_rhs/1@14858cjh is empty, due to cached_Synth::Synth::TGuardStmt#26c2badf/2@065e55co.
[2026-10-07 23:45:23] (0s) Inferred that ControlFlowGraphImpl::Stmts::GuardTree#f54df610/2@505491c8 is empty, due to cached_Synth::Synth::TGuardStmt#26c2badf/2@065e55co.
[2026-10-07 23:45:23] (0s) Inferred that _ControlFlowGraphImpl::Stmts::GuardTree#f54df610_GuardStmt::Generated::GuardStmt.getBody/0#dispred#6__#join_rhs/2@c482a7ll is empty, due to ControlFlowGraphImpl::Stmts::GuardTree#f54df610/2@505491c8.
[2026-10-07 23:45:23] (0s)  >>> First-level cache hit cached_Synth::Synth::TBreakStmt#5398332a/2@19c4ec1j with empty relation.
[2026-10-07 23:45:23] (0s) Inferred that BreakStmt::Generated::BreakStmt.getTarget/0#dispred#0deaabb7/2@f5dce064 is empty, due to cached_Synth::Synth::TBreakStmt#5398332a/2@19c4ec1j.
[2026-10-07 23:45:23] (0s) Inferred that BreakStmt::Generated::BreakStmt.getTargetName/0#dispred#b9aeb787/2@e74339ls is empty, due to cached_Synth::Synth::TBreakStmt#5398332a/2@19c4ec1j.
[2026-10-07 23:45:23] (0s) Inferred that Synth::Synth::TBreakStmt#5398332a_1#antijoin_rhs/1@4a637b19 is empty, due to cached_Synth::Synth::TBreakStmt#5398332a/2@19c4ec1j.
[2026-10-07 23:45:23] (0s) Inferred that Completion::TBreakCompletion#dom#b8351522/1@d41c574c is empty, due to BreakStmt::Generated::BreakStmt.getTarget/0#dispred#0deaabb7/2@f5dce064.
[2026-10-07 23:45:23] (0s) Inferred that BreakStmt::Generated::BreakStmt.getTargetName/0#dispred#b9aeb787_0#antijoin_rhs/1@e25f9dic is empty, due to BreakStmt::Generated::BreakStmt.getTargetName/0#dispred#b9aeb787/2@e74339ls.
[2026-10-07 23:45:23] (0s) Inferred that num#Completion::TBreakCompletion#13ebb018/2@fd9cacku is empty, due to Completion::TBreakCompletion#dom#b8351522/1@d41c574c.
[2026-10-07 23:45:23] (0s) Inferred that num#Completion::TBreakCompletion#13ebb018_1#join_rhs/1@17e90feq is empty, due to num#Completion::TBreakCompletion#13ebb018/2@fd9cacku.
[2026-10-07 23:45:23] (0s)  >>> First-level cache hit cached_Synth::Synth::TDeferStmt#9fd29ba2/2@2f5917ag with empty relation.
[2026-10-07 23:45:23] (0s) Inferred that DeferStmt::Generated::DeferStmt.getBody/0#dispred#54f7b135/2@83f452ra is empty, due to cached_Synth::Synth::TDeferStmt#9fd29ba2/2@2f5917ag.
[2026-10-07 23:45:23] (0s) Inferred that Synth::Synth::TDeferStmt#9fd29ba2_1#antijoin_rhs/1@10ee22tc is empty, due to cached_Synth::Synth::TDeferStmt#9fd29ba2/2@2f5917ag.
[2026-10-07 23:45:23] (0s) Inferred that _DeferStmt::Generated::DeferStmt.getBody/0#dispred#54f7b135__BraceStmt::Generated::BraceStmt.getElem__#rank_range/4@c71c546a is empty, due to DeferStmt::Generated::DeferStmt.getBody/0#dispred#54f7b135/2@83f452ra.
[2026-10-07 23:45:23] (0s) Inferred that _DeferStmt::Generated::DeferStmt.getBody/0#dispred#54f7b135__BraceStmt::Generated::BraceStmt.getElem__#rank_term/6@aae8b6g8 is empty, due to DeferStmt::Generated::DeferStmt.getBody/0#dispred#54f7b135/2@83f452ra.
[2026-10-07 23:45:23] (0s) Inferred that DeferStmt::Generated::DeferStmt.getBody/0#dispred#54f7b135_10#join_rhs/2@5bfe78sr is empty, due to DeferStmt::Generated::DeferStmt.getBody/0#dispred#54f7b135/2@83f452ra.
[2026-10-07 23:45:23] (0s) Inferred that __DeferStmt::Generated::DeferStmt.getBody/0#dispred#54f7b135__BraceStmt::Generated::BraceStmt.getEle__#join_rhs/3@da182243 is empty, due to _DeferStmt::Generated::DeferStmt.getBody/0#dispred#54f7b135__BraceStmt::Generated::BraceStmt.getElem__#rank_range/4@c71c546a.
[2026-10-07 23:45:23] (0s) Inferred that ControlFlowGraphImpl::Stmts::BraceStmtTree.getDeferIndex/1#dispred#02ea6711/3@7c1d62gr is empty, due to DeferStmt::Generated::DeferStmt.getBody/0#dispred#54f7b135_10#join_rhs/2@5bfe78sr.
[2026-10-07 23:45:23] (0s) Inferred that ControlFlowGraphImpl::Stmts::BraceStmtTree.getDeferStmtBody/1#dispred#665e6daf/3@27d5b318 is empty, due to __DeferStmt::Generated::DeferStmt.getBody/0#dispred#54f7b135__BraceStmt::Generated::BraceStmt.getEle__#join_rhs/3@da182243.
[2026-10-07 23:45:23] (0s) Inferred that _AstControlFlowTrees::astFirst/2#67012432_ControlFlowGraphImpl::Stmts::BraceStmtTree.getDeferIndex/1__#shared/5@d33d31g8 is empty, due to ControlFlowGraphImpl::Stmts::BraceStmtTree.getDeferIndex/1#dispred#02ea6711/3@7c1d62gr.
[2026-10-07 23:45:23] (0s) Inferred that _ControlFlowGraphImpl::Stmts::BraceStmtTree#f695537a_ControlFlowGraphImpl::Stmts::BraceStmtTree.getD__#shared/4@798b332d is empty, due to ControlFlowGraphImpl::Stmts::BraceStmtTree.getDeferStmtBody/1#dispred#665e6daf/3@27d5b318.
[2026-10-07 23:45:23] (0s)  >>> Full cache hit cached_Synth::Synth::TBraceStmt#37e15e9e/2@aab392g3 with 126 rows and digest f3610b2vp0cg43s2rnhoslts850.
[2026-10-07 23:45:23] (0s) Inferred that _ControlFlowGraphImpl::Stmts::BraceStmtTree.getDeferStmtBody/1#dispred#665e6daf#antijoin_rhs/3@213e741t is empty, due to ControlFlowGraphImpl::Stmts::BraceStmtTree.getDeferStmtBody/1#dispred#665e6daf/3@27d5b318.
[2026-10-07 23:45:23] (0s) Inferred that ControlFlowGraphImpl::Stmts::BraceStmtTree.getFirstDeferStmtBody/0#dispred#849d4a0b/2@a95aa889 is empty, due to ControlFlowGraphImpl::Stmts::BraceStmtTree.getDeferStmtBody/1#dispred#665e6daf/3@27d5b318.
[2026-10-07 23:45:23] (0s) Inferred that _ControlFlowGraphImpl::Stmts::BraceStmtTree.getDeferStmtBody/1#dispred#665e6daf#antijoin_rhs#1/3@e5d96een is empty, due to ControlFlowGraphImpl::Stmts::BraceStmtTree.getDeferStmtBody/1#dispred#665e6daf/3@27d5b318.
[2026-10-07 23:45:23] (0s) Inferred that ControlFlowGraphImpl::Stmts::BraceStmtTree.getLastDeferStmtBody/0#dispred#71ec8d3d/2@4a343epa is empty, due to ControlFlowGraphImpl::Stmts::BraceStmtTree.getDeferStmtBody/1#dispred#665e6daf/3@27d5b318.
[2026-10-07 23:45:23] (0s) Inferred that _BraceStmt::Generated::BraceStmt.getElement/1#dispred#b3b58647_ControlFlowGraphImpl::Stmts::BraceStm__#antijoin_rhs/7@0fb0c3v2 is empty, due to _AstControlFlowTrees::astFirst/2#67012432_ControlFlowGraphImpl::Stmts::BraceStmtTree.getDeferIndex/1__#shared/5@d33d31g8.
[2026-10-07 23:45:23] (0s) Inferred that ControlFlowGraphImpl::Stmts::BraceStmtTree.getFirstDeferStmtBody/0#dispred#849d4a0b_0#antijoin_rhs/1@6b7256eu is empty, due to ControlFlowGraphImpl::Stmts::BraceStmtTree.getFirstDeferStmtBody/0#dispred#849d4a0b/2@a95aa889.
[2026-10-07 23:45:23] (0s) Inferred that _ControlFlowGraphImpl::Stmts::BraceStmtTree#f695537a_0#join_rhs_ControlFlowGraphImpl::Stmts::BraceSt__#join_rhs/2@2efe293p is empty, due to ControlFlowGraphImpl::Stmts::BraceStmtTree.getLastDeferStmtBody/0#dispred#71ec8d3d/2@4a343epa.
[2026-10-07 23:45:23] (0s)  >>> First-level cache hit cached_Synth::Synth::TTypeRepr#5c4de296/2@3f8f9bem with empty relation.
[2026-10-07 23:45:23] (0s) Inferred that TypedPattern::Generated::TypedPattern.getTypeRepr/0#dispred#2cb12bc1/2@240a07m5 is empty, due to cached_Synth::Synth::TTypeRepr#5c4de296/2@3f8f9bem.
[2026-10-07 23:45:23] (0s) Inferred that Synth::Synth::TTypeRepr#5c4de296_1#antijoin_rhs/1@53710eit is empty, due to cached_Synth::Synth::TTypeRepr#5c4de296/2@3f8f9bem.
[2026-10-07 23:45:23] (0s) Inferred that TypeRepr::Generated::TypeRepr.getImmediateType/0#dispred#668684e0/2@2ffaa22r is empty, due to cached_Synth::Synth::TTypeRepr#5c4de296/2@3f8f9bem.
[2026-10-07 23:45:23] (0s)  >>> First-level cache hit cached_Synth::Synth::TThenStmt#75c8c702/2@ec8d85v0 with empty relation.
[2026-10-07 23:45:23] (0s) Inferred that TypeRepr::TypeRepr.toStringImpl/0#dispred#c1f65b32/2@6690dcpp is empty, due to TypeRepr::Generated::TypeRepr.getImmediateType/0#dispred#668684e0/2@2ffaa22r.
[2026-10-07 23:45:23] (0s)  >>> First-level cache hit cached_Synth::Synth::TFailStmt#23406f79/2@469ab6km with empty relation.
[2026-10-07 23:45:23] (0s) Inferred that ThenStmt::Generated::ThenStmt.getImmediateResult/0#dispred#b17391d1/2@7002f926 is empty, due to cached_Synth::Synth::TThenStmt#75c8c702/2@ec8d85v0.
[2026-10-07 23:45:23] (0s) Inferred that ControlFlowGraphImpl::Stmts::ThenStmtTree#c5180462/2@7eb07bhm is empty, due to cached_Synth::Synth::TThenStmt#75c8c702/2@ec8d85v0.
[2026-10-07 23:45:23] (0s) Inferred that ThenStmt::Generated::ThenStmt.getImmediateResult/0#dispred#b17391d1/2@ef1ad49m is empty, due to cached_Synth::Synth::TThenStmt#75c8c702/2@ec8d85v0.
[2026-10-07 23:45:23] (0s) Inferred that Synth::Synth::TFailStmt#23406f79_1#antijoin_rhs/1@9955b3k0 is empty, due to cached_Synth::Synth::TFailStmt#23406f79/2@469ab6km.
[2026-10-07 23:45:23] (0s)  >>> First-level cache hit cached_Synth::Synth::TIfStmt#1c17eab0/2@186325b4 with empty relation.
[2026-10-07 23:45:23] (0s)  >>> First-level cache hit cached_Synth::Synth::TCaseStmt#884a7c9d/2@349b5fbh with empty relation.
[2026-10-07 23:45:23] (0s) Inferred that CaseStmt::Generated::CaseStmt.getNumberOfLabels/0#dispred#295f1f06/2@bb03bfbf is empty, due to cached_Synth::Synth::TCaseStmt#884a7c9d/2@349b5fbh.
[2026-10-07 23:45:23] (0s) Inferred that CaseStmt::Generated::CaseStmt.getVariable/1#dispred#1c552c66/3@89b9fbtm is empty, due to cached_Synth::Synth::TCaseStmt#884a7c9d/2@349b5fbh.
[2026-10-07 23:45:23] (0s) Inferred that IfStmt::Generated::IfStmt.getElse/0#dispred#09810aa2/2@2b4a0dkp is empty, due to cached_Synth::Synth::TIfStmt#1c17eab0/2@186325b4.
[2026-10-07 23:45:23] (0s) Inferred that CaseStmt::Generated::CaseStmt.getNumberOfVariables/0#dispred#f38f2593/2@0d4c959v is empty, due to cached_Synth::Synth::TCaseStmt#884a7c9d/2@349b5fbh.
[2026-10-07 23:45:23] (0s) Inferred that IfStmt::Generated::IfStmt.getThen/0#dispred#4d5a42ae/2@219572kp is empty, due to cached_Synth::Synth::TIfStmt#1c17eab0/2@186325b4.
[2026-10-07 23:45:23] (0s) Inferred that CaseStmt::Generated::CaseStmt.getBody/0#dispred#dd79662c/2@c827c05k is empty, due to cached_Synth::Synth::TCaseStmt#884a7c9d/2@349b5fbh.
[2026-10-07 23:45:23] (0s) Inferred that Synth::Synth::TIfStmt#1c17eab0_1#join_rhs/1@bb0051lc is empty, due to cached_Synth::Synth::TIfStmt#1c17eab0/2@186325b4.
[2026-10-07 23:45:23] (0s) Inferred that ControlFlowGraphImpl::Stmts::CaseTree#00554fc5/2@11fe60md is empty, due to cached_Synth::Synth::TCaseStmt#884a7c9d/2@349b5fbh.
[2026-10-07 23:45:23] (0s) Inferred that ControlFlowGraphImpl::Stmts::IfStmtTree#23315332/2@f5b6a3e8 is empty, due to cached_Synth::Synth::TIfStmt#1c17eab0/2@186325b4.
[2026-10-07 23:45:23] (0s) Inferred that CaseStmt::Generated::CaseStmt.getBody/0#dispred#dd79662c/2@b3efddn0 is empty, due to cached_Synth::Synth::TCaseStmt#884a7c9d/2@349b5fbh.
[2026-10-07 23:45:23] (0s) Inferred that IfStmt::Generated::IfStmt.getElse/0#dispred#09810aa2/2@a1ca4bdi is empty, due to cached_Synth::Synth::TIfStmt#1c17eab0/2@186325b4.
[2026-10-07 23:45:23] (0s) Inferred that Synth::Synth::TCaseStmt#884a7c9d_1#antijoin_rhs/1@a71260j2 is empty, due to cached_Synth::Synth::TCaseStmt#884a7c9d/2@349b5fbh.
[2026-10-07 23:45:23] (0s) Inferred that IfStmt::Generated::IfStmt.getThen/0#dispred#4d5a42ae/2@adfb6c4q is empty, due to cached_Synth::Synth::TIfStmt#1c17eab0/2@186325b4.
[2026-10-07 23:45:23] (0s) Inferred that IfStmt::IfStmt.getBranch/1#dispred#8e3b3e48/3@e4c41cvn is empty, due to cached_Synth::Synth::TIfStmt#1c17eab0/2@186325b4.
[2026-10-07 23:45:23] (0s) Inferred that IfStmt::Generated::IfStmt.hasElse/0#dispred#327ade17/1@69b5904c is empty, due to cached_Synth::Synth::TIfStmt#1c17eab0/2@186325b4.
[2026-10-07 23:45:23] (0s) Inferred that CaseStmt::Generated::CaseStmt.getVariable/1#dispred#1c552c66_01#count_range/2@f46bb6um is empty, due to CaseStmt::Generated::CaseStmt.getVariable/1#dispred#1c552c66/3@89b9fbtm.
[2026-10-07 23:45:23] (0s) Inferred that CaseStmt::Generated::CaseStmt.getVariable/1#dispred#1c552c66_0#antijoin_rhs/1@cd5feeod is empty, due to CaseStmt::Generated::CaseStmt.getVariable/1#dispred#1c552c66/3@89b9fbtm.
[2026-10-07 23:45:23] (0s) Inferred that _CaseStmt::Generated::CaseStmt.getBody/0#dispred#dd79662c_ControlFlowGraphImpl::Stmts::CaseTree#0055__#join_rhs/2@bb8f01k9 is empty, due to ControlFlowGraphImpl::Stmts::CaseTree#00554fc5/2@11fe60md.
[2026-10-07 23:45:23] (0s) Inferred that _ControlFlowGraphImpl::Stmts::IfStmtTree#23315332_IfStmt::IfStmt.getBranch/1#dispred#8e3b3e48#join_rhs/2@5db5f37h is empty, due to ControlFlowGraphImpl::Stmts::IfStmtTree#23315332/2@f5b6a3e8.
[2026-10-07 23:45:23] (0s) Inferred that IfStmt::Generated::IfStmt.getElse/0#dispred#09810aa2_0#antijoin_rhs/1@0e8595n7 is empty, due to IfStmt::Generated::IfStmt.getElse/0#dispred#09810aa2/2@a1ca4bdi.
[2026-10-07 23:45:23] (0s) Inferred that _CaseStmt::Generated::CaseStmt.getVariable/1#dispred#1c552c66_01#count_range#join_rhs/2@66bd00mt is empty, due to CaseStmt::Generated::CaseStmt.getVariable/1#dispred#1c552c66_01#count_range/2@f46bb6um.
[2026-10-07 23:45:23] (0s)  >>> First-level cache hit cached_Synth::Synth::TDoStmt#4a4c2e2a/2@c8f205uc with empty relation.
[2026-10-07 23:45:23] (0s) Inferred that ControlFlowGraphImpl::Stmts::DoTree#b3fd7d99/2@169e97sk is empty, due to cached_Synth::Synth::TDoStmt#4a4c2e2a/2@c8f205uc.
[2026-10-07 23:45:23] (0s) Inferred that Synth::Synth::TDoStmt#4a4c2e2a_10#join_rhs/2@84d14232 is empty, due to cached_Synth::Synth::TDoStmt#4a4c2e2a/2@c8f205uc.
[2026-10-07 23:45:23] (0s)  >>> First-level cache hit cached_Synth::Synth::TUnspecifiedElement#37502608/2@1fdc52rm with empty relation.
[2026-10-07 23:45:23] (0s) Inferred that UnspecifiedElement::Generated::UnspecifiedElement.getImmediateChild/1#dispred#6d85743d/3@5da6e287 is empty, due to cached_Synth::Synth::TUnspecifiedElement#37502608/2@1fdc52rm.
[2026-10-07 23:45:23] (0s) Inferred that Synth::Synth::TUnspecifiedElement#37502608_1#antijoin_rhs/1@b58e7dml is empty, due to cached_Synth::Synth::TUnspecifiedElement#37502608/2@1fdc52rm.
[2026-10-07 23:45:23] (0s) Inferred that UnspecifiedElement::Generated::UnspecifiedElement.getIndex/0#dispred#50a7bb23/2@04227a56 is empty, due to cached_Synth::Synth::TUnspecifiedElement#37502608/2@1fdc52rm.
[2026-10-07 23:45:23] (0s) Inferred that UnspecifiedElement::Generated::UnspecifiedElement.getParent/0#dispred#04a246e2/2@3672b186 is empty, due to cached_Synth::Synth::TUnspecifiedElement#37502608/2@1fdc52rm.
[2026-10-07 23:45:23] (0s) Inferred that _UnspecifiedElement::Generated::UnspecifiedElement.getImmediateChild/1#dispred#6d85743d#max_range/2@b43d781n is empty, due to UnspecifiedElement::Generated::UnspecifiedElement.getImmediateChild/1#dispred#6d85743d/3@5da6e287.
[2026-10-07 23:45:23] (0s) Inferred that _UnspecifiedElement::Generated::UnspecifiedElement.getImmediateChild/1#dispred#6d85743d#max_term/3@e99989a0 is empty, due to UnspecifiedElement::Generated::UnspecifiedElement.getImmediateChild/1#dispred#6d85743d/3@5da6e287.
[2026-10-07 23:45:23] (0s) Inferred that UnspecifiedElement::Generated::UnspecifiedElement.getIndex/0#dispred#50a7bb23_0#antijoin_rhs/1@40d0dbf4 is empty, due to UnspecifiedElement::Generated::UnspecifiedElement.getIndex/0#dispred#50a7bb23/2@04227a56.
[2026-10-07 23:45:23] (0s) Inferred that UnspecifiedElement::Generated::UnspecifiedElement.getParent/0#dispred#04a246e2_0#antijoin_rhs/1@048949lt is empty, due to UnspecifiedElement::Generated::UnspecifiedElement.getParent/0#dispred#04a246e2/2@3672b186.
[2026-10-07 23:45:23] (0s) Inferred that __UnspecifiedElement::Generated::UnspecifiedElement.getImmediateChild/1#dispred#6d85743d#max_range____#join_rhs/1@96f4aeoh is empty, due to _UnspecifiedElement::Generated::UnspecifiedElement.getImmediateChild/1#dispred#6d85743d#max_range/2@b43d781n.
[2026-10-07 23:45:23] (0s)  >>> Full cache hit cached_Synth::Synth::TArgument#eb5bc4bd/2@0c3f3dgc with 6 rows and digest 1a7ebaj8n5er9trgjmklnohiov3.
[2026-10-07 23:45:23] (0s)  >>> Full cache hit cached_ParentChild::Impl::getImmediateChild/3#ddb9b4d3/4@399bf03c with 66820 rows and digest 541f6f7ht9f5v7kubakie4rt2dd.
[2026-10-07 23:45:23] (0s)  >>> Full cache hit cached_TypeDecl::TypeDecl.getFullName/0#bfa7889c/2@36272d61 with 6042 rows and digest e1e8b90i2rrtnjs9g7s83ismn5b.
[2026-10-07 23:45:23] (0s)  >>> Full cache hit cached_AstNodeImpl::Impl::Cached::getEnclosingDecl/1#e19d473b/2@8aeeeah5 with 66813 rows and digest 946c5d9onpt9hceklctahcs41b5.
[2026-10-07 23:45:23] (0s)  >>> Full cache hit cached_ControlFlowElements::TAstElement#5aa9dc9a/2@7d43f0b4 with 71265 rows and digest 8fb7a4931etdmomge55m23nes20.
[2026-10-07 23:45:23] (0s)  >>> First-level cache hit cached_ControlFlowElements::TPropertyObserverElement#ec3073ab/3@6c2fafrf with empty relation.
[2026-10-07 23:45:23] (0s) Inferred that ControlFlowElements::TPropertyObserverElement#ec3073ab_2#join_rhs/1@8cc20d8e is empty, due to cached_ControlFlowElements::TPropertyObserverElement#ec3073ab/3@6c2fafrf.
[2026-10-07 23:45:23] (0s) Inferred that CfgNodes::PropertyObserverCfgNode#b95d9dbb/2@3bcd74i9 is empty, due to cached_ControlFlowElements::TPropertyObserverElement#ec3073ab/3@6c2fafrf.
[2026-10-07 23:45:23] (0s)  >>> Full cache hit cached_Method::Method.hasQualifiedName/2#dispred#77508db1/3@96898b0s with 9157 rows and digest 61f898ppqu5cm4hhq835tr94ci8.
[2026-10-07 23:45:23] (0s) Inferred that ControlFlowElements::isPropertyObserverElement/3#5d450422/3@e13a9f45 is empty, due to ControlFlowElements::TPropertyObserverElement#ec3073ab_2#join_rhs/1@8cc20d8e.
[2026-10-07 23:45:23] (0s) Inferred that DataFlowDispatch::TPropertyObserverCall#dom#49335461/1@5bc236ge is empty, due to CfgNodes::PropertyObserverCfgNode#b95d9dbb/2@3bcd74i9.
[2026-10-07 23:45:23] (0s) Inferred that CfgNodes::PropertyObserverCfgNode#b95d9dbb_10#join_rhs/2@18a569v0 is empty, due to CfgNodes::PropertyObserverCfgNode#b95d9dbb/2@3bcd74i9.
[2026-10-07 23:45:23] (0s) Inferred that DataFlowPrivate::PropertyObserverOutNode#ca34def2/4@09513789 is empty, due to CfgNodes::PropertyObserverCfgNode#b95d9dbb/2@3bcd74i9.
[2026-10-07 23:45:23] (0s) Inferred that ControlFlowElements::isPropertyObserverElement/3#5d450422_21#join_rhs/2@84ff2dtf is empty, due to ControlFlowElements::isPropertyObserverElement/3#5d450422/3@e13a9f45.
[2026-10-07 23:45:23] (0s) Inferred that ControlFlowElements::isPropertyObserverElement/3#5d450422_201#join_rhs/3@24495568 is empty, due to ControlFlowElements::isPropertyObserverElement/3#5d450422/3@e13a9f45.
[2026-10-07 23:45:23] (0s) Inferred that DataFlowDispatch::TPropertyObserverCall#69bfce87/2@b19badt8 is empty, due to DataFlowDispatch::TPropertyObserverCall#dom#49335461/1@5bc236ge.
[2026-10-07 23:45:23] (0s) Inferred that CfgNodes::PropertyObserverCfgNode.getBase/0#dispred#aedf5acd/2@ecd3cevk is empty, due to CfgNodes::PropertyObserverCfgNode#b95d9dbb_10#join_rhs/2@18a569v0.
[2026-10-07 23:45:23] (0s) Inferred that CfgNodes::PropertyObserverCfgNode.getSource/0#dispred#6ff00d15/2@f6698bhe is empty, due to CfgNodes::PropertyObserverCfgNode#b95d9dbb_10#join_rhs/2@18a569v0.
[2026-10-07 23:45:23] (0s) Inferred that DataFlowPrivate::ObserverArgumentNode#48d34c5c/4@38c8588e is empty, due to CfgNodes::PropertyObserverCfgNode#b95d9dbb_10#join_rhs/2@18a569v0.
[2026-10-07 23:45:23] (0s) Inferred that DataFlowPrivate::PropertyObserverOutNode#ca34def2_120#join_rhs/3@54ff348m is empty, due to DataFlowPrivate::PropertyObserverOutNode#ca34def2/4@09513789.
[2026-10-07 23:45:23] (0s) Inferred that ControlFlowGraphImpl::Exprs::AssignExprs::AssignExprTree.hasWillSetObserver/0#dispred#4debab66/1@f42e12le is empty, due to ControlFlowElements::isPropertyObserverElement/3#5d450422_21#join_rhs/2@84ff2dtf.
[2026-10-07 23:45:23] (0s) Inferred that _ControlFlowElements::isPropertyObserverElement/3#5d450422_21#join_rhs_ControlFlowGraphImpl::Exprs::__#antijoin_rhs/2@b34472dn is empty, due to ControlFlowElements::isPropertyObserverElement/3#5d450422_21#join_rhs/2@84ff2dtf.
[2026-10-07 23:45:23] (0s) Inferred that cached_DataFlowDispatch::TPropertyObserverCall#69bfce87/2@b5fceb37 is empty, due to DataFlowDispatch::TPropertyObserverCall#69bfce87/2@b19badt8.
[2026-10-07 23:45:23] (0s) Inferred that CfgNodes::PropertyObserverCfgNode.getBase/0#dispred#aedf5acd_10#join_rhs/2@ed62e1nm is empty, due to CfgNodes::PropertyObserverCfgNode.getBase/0#dispred#aedf5acd/2@ecd3cevk.
[2026-10-07 23:45:23] (0s) Inferred that project#CfgNodes::PropertyObserverCfgNode.getBase/0#dispred#aedf5acd/1@d9839f4k is empty, due to CfgNodes::PropertyObserverCfgNode.getBase/0#dispred#aedf5acd/2@ecd3cevk.
[2026-10-07 23:45:23] (0s) Inferred that CfgNodes::PropertyObserverCfgNode.getSource/0#dispred#6ff00d15_10#join_rhs/2@8331aai9 is empty, due to CfgNodes::PropertyObserverCfgNode.getSource/0#dispred#6ff00d15/2@f6698bhe.
[2026-10-07 23:45:23] (0s)  >>> First-level cache hit cached_ControlFlowElements::TPropertySetterElement#f65b7675/3@7ff723in with empty relation.
[2026-10-07 23:45:23] (0s) Inferred that ControlFlowElements::TPropertySetterElement#f65b7675_2#join_rhs/1@af3a77ki is empty, due to cached_ControlFlowElements::TPropertySetterElement#f65b7675/3@7ff723in.
[2026-10-07 23:45:23] (0s) Inferred that CfgNodes::PropertySetterCfgNode#edd33280/2@9cba5eqa is empty, due to cached_ControlFlowElements::TPropertySetterElement#f65b7675/3@7ff723in.
[2026-10-07 23:45:23] (0s) Inferred that ControlFlowElements::isPropertySetterElement/3#6cf4432e/3@3f2be7h2 is empty, due to ControlFlowElements::TPropertySetterElement#f65b7675_2#join_rhs/1@af3a77ki.
[2026-10-07 23:45:23] (0s) Inferred that DataFlowDispatch::TPropertySetterCall#dom#60389e2c/1@3df39041 is empty, due to CfgNodes::PropertySetterCfgNode#edd33280/2@9cba5eqa.
[2026-10-07 23:45:23] (0s) Inferred that CfgNodes::PropertySetterCfgNode#edd33280_10#join_rhs/2@0ad697kv is empty, due to CfgNodes::PropertySetterCfgNode#edd33280/2@9cba5eqa.
[2026-10-07 23:45:23] (0s) Inferred that DataFlowPrivate::PropertySetterOutNode#e127d97f/4@1efd34h6 is empty, due to CfgNodes::PropertySetterCfgNode#edd33280/2@9cba5eqa.
[2026-10-07 23:45:23] (0s) Inferred that ControlFlowGraphImpl::Exprs::AssignExprs::PropertyAssignExpr#ed47d109/3@163cb0b9 is empty, due to ControlFlowElements::isPropertySetterElement/3#6cf4432e/3@3f2be7h2.
[2026-10-07 23:45:23] (0s) Inferred that ControlFlowElements::isPropertySetterElement/3#6cf4432e_120#join_rhs/3@127253cp is empty, due to ControlFlowElements::isPropertySetterElement/3#6cf4432e/3@3f2be7h2.
[2026-10-07 23:45:23] (0s) Inferred that DataFlowDispatch::TPropertySetterCall#40faa5db/2@b188759g is empty, due to DataFlowDispatch::TPropertySetterCall#dom#60389e2c/1@3df39041.
[2026-10-07 23:45:23] (0s) Inferred that CfgNodes::PropertySetterCfgNode.getBase/0#dispred#5ca22e97/2@88d6c4jd is empty, due to CfgNodes::PropertySetterCfgNode#edd33280_10#join_rhs/2@0ad697kv.
[2026-10-07 23:45:23] (0s) Inferred that CfgNodes::PropertySetterCfgNode.getSource/0#dispred#a563e84f/2@30388dsg is empty, due to CfgNodes::PropertySetterCfgNode#edd33280_10#join_rhs/2@0ad697kv.
[2026-10-07 23:45:23] (0s) Inferred that DataFlowPrivate::SetterArgumentNode#a781d8c0/4@fc04eap5 is empty, due to CfgNodes::PropertySetterCfgNode#edd33280_10#join_rhs/2@0ad697kv.
[2026-10-07 23:45:23] (0s) Inferred that DataFlowPrivate::PropertySetterOutNode#e127d97f_120#join_rhs/3@fdfce5hv is empty, due to DataFlowPrivate::PropertySetterOutNode#e127d97f/4@1efd34h6.
[2026-10-07 23:45:23] (0s) Inferred that ControlFlowGraphImpl::Exprs::AssignExprs::PropertyAssignExpr#ed47d109_0#antijoin_rhs/1@efc3fb9o is empty, due to ControlFlowGraphImpl::Exprs::AssignExprs::PropertyAssignExpr#ed47d109/3@163cb0b9.
[2026-10-07 23:45:23] (0s) Inferred that ControlFlowGraphImpl::Exprs::AssignExprs::PropertyAssignExpr#ed47d109_20#join_rhs/2@778978do is empty, due to ControlFlowGraphImpl::Exprs::AssignExprs::PropertyAssignExpr#ed47d109/3@163cb0b9.
[2026-10-07 23:45:23] (0s) Inferred that cached_DataFlowDispatch::TPropertySetterCall#40faa5db/2@132bca0l is empty, due to DataFlowDispatch::TPropertySetterCall#40faa5db/2@b188759g.
[2026-10-07 23:45:23] (0s) Inferred that CfgNodes::PropertySetterCfgNode.getBase/0#dispred#5ca22e97_10#join_rhs/2@0f9710el is empty, due to CfgNodes::PropertySetterCfgNode.getBase/0#dispred#5ca22e97/2@88d6c4jd.
[2026-10-07 23:45:23] (0s) Inferred that project#CfgNodes::PropertySetterCfgNode.getBase/0#dispred#5ca22e97/1@9a4cac5i is empty, due to CfgNodes::PropertySetterCfgNode.getBase/0#dispred#5ca22e97/2@88d6c4jd.
[2026-10-07 23:45:23] (0s) Inferred that CfgNodes::PropertySetterCfgNode.getSource/0#dispred#a563e84f_10#join_rhs/2@f790f67h is empty, due to CfgNodes::PropertySetterCfgNode.getSource/0#dispred#a563e84f/2@30388dsg.
[2026-10-07 23:45:23] (0s)  >>> First-level cache hit cached_ControlFlowElements::TPropertyGetterElement#0db15e1b/3@5a119bqg with empty relation.
[2026-10-07 23:45:23] (0s) Inferred that ControlFlowElements::TPropertyGetterElement#0db15e1b_2#join_rhs/1@a324ecr2 is empty, due to cached_ControlFlowElements::TPropertyGetterElement#0db15e1b/3@5a119bqg.
[2026-10-07 23:45:23] (0s) Inferred that CfgNodes::PropertyGetterCfgNode#bc58578b/2@dfb178pa is empty, due to cached_ControlFlowElements::TPropertyGetterElement#0db15e1b/3@5a119bqg.
[2026-10-07 23:45:23] (0s) Inferred that ControlFlowElements::isPropertyGetterElement/3#1236a906/3@361ab2lj is empty, due to ControlFlowElements::TPropertyGetterElement#0db15e1b_2#join_rhs/1@a324ecr2.
[2026-10-07 23:45:23] (0s) Inferred that DataFlowDispatch::TPropertyGetterCall#dom#088856fb/1@735d9608 is empty, due to CfgNodes::PropertyGetterCfgNode#bc58578b/2@dfb178pa.
[2026-10-07 23:45:23] (0s) Inferred that CfgNodes::PropertyGetterCfgNode#bc58578b_10#join_rhs/2@9bcf58vh is empty, due to CfgNodes::PropertyGetterCfgNode#bc58578b/2@dfb178pa.
[2026-10-07 23:45:23] (0s) Inferred that DataFlowPrivate::PropertyGetterOutNode#2b6da38f/4@e2bd42i1 is empty, due to CfgNodes::PropertyGetterCfgNode#bc58578b/2@dfb178pa.
[2026-10-07 23:45:23] (0s) Inferred that ControlFlowElements::isPropertyGetterElement/3#1236a906_10#join_rhs/2@dd7b08k3 is empty, due to ControlFlowElements::isPropertyGetterElement/3#1236a906/3@361ab2lj.
[2026-10-07 23:45:23] (0s) Inferred that project#ControlFlowElements::isPropertyGetterElement/3#1236a906/2@3d89c2g7 is empty, due to ControlFlowElements::isPropertyGetterElement/3#1236a906/3@361ab2lj.
[2026-10-07 23:45:23] (0s) Inferred that ControlFlowElements::isPropertyGetterElement/3#1236a906_120#join_rhs/3@8fdfb3f0 is empty, due to ControlFlowElements::isPropertyGetterElement/3#1236a906/3@361ab2lj.
[2026-10-07 23:45:23] (0s) Inferred that ControlFlowElements::isPropertyGetterElement/3#1236a906_20#join_rhs/2@a4a5ceed is empty, due to ControlFlowElements::isPropertyGetterElement/3#1236a906/3@361ab2lj.
[2026-10-07 23:45:23] (0s) Inferred that DataFlowDispatch::TPropertyGetterCall#1947d166/2@f06cac8o is empty, due to DataFlowDispatch::TPropertyGetterCall#dom#088856fb/1@735d9608.
[2026-10-07 23:45:23] (0s) Inferred that CfgNodes::PropertyGetterCfgNode.getBase/0#dispred#5ca03ae5/2@963e680e is empty, due to CfgNodes::PropertyGetterCfgNode#bc58578b_10#join_rhs/2@9bcf58vh.
[2026-10-07 23:45:23] (0s) Inferred that DataFlowPrivate::PropertyGetterOutNode#2b6da38f_120#join_rhs/3@42fae773 is empty, due to DataFlowPrivate::PropertyGetterOutNode#2b6da38f/4@e2bd42i1.
[2026-10-07 23:45:23] (0s) Inferred that project#ControlFlowElements::isPropertyGetterElement/3#1236a906_10#join_rhs/2@0ec5e68t is empty, due to project#ControlFlowElements::isPropertyGetterElement/3#1236a906/2@3d89c2g7.
[2026-10-07 23:45:23] (0s) Inferred that cached_DataFlowDispatch::TPropertyGetterCall#1947d166/2@1efd28ag is empty, due to DataFlowDispatch::TPropertyGetterCall#1947d166/2@f06cac8o.
[2026-10-07 23:45:23] (0s)  >>> Full cache hit cached_ControlFlowElements::TFuncDeclElement#bcf12d04/2@d32777u6 with 125 rows and digest 8455ffdtutpjg0tfpvgss2i9ht5.
[2026-10-07 23:45:23] (0s) Inferred that project#CfgNodes::PropertyGetterCfgNode.getBase/0#dispred#5ca03ae5/1@8bc0adb6 is empty, due to CfgNodes::PropertyGetterCfgNode.getBase/0#dispred#5ca03ae5/2@963e680e.
[2026-10-07 23:45:23] (0s) Inferred that ControlFlowGraphImpl::Exprs::DeclRefExprs::PropertyDeclRefRValueTree#957f8ab9/3@b7cd794o is empty, due to project#ControlFlowElements::isPropertyGetterElement/3#1236a906_10#join_rhs/2@0ec5e68t.
[2026-10-07 23:45:23] (0s) Inferred that ControlFlowGraphImpl::Exprs::DeclRefExprs::PropertyDeclRefRValueTree#957f8ab9_0#antijoin_rhs/1@1d907aes is empty, due to ControlFlowGraphImpl::Exprs::DeclRefExprs::PropertyDeclRefRValueTree#957f8ab9/3@b7cd794o.
[2026-10-07 23:45:23] (0s)  >>> First-level cache hit cached_ControlFlowElements::TClosureElement#53f0de6e/2@dd46f6f4 with empty relation.
[2026-10-07 23:45:23] (0s) Inferred that ControlFlowGraphImpl::CfgScope::ClosureExprScope#5db317f5/2@ba11b60a is empty, due to cached_ControlFlowElements::TClosureElement#53f0de6e/2@dd46f6f4.
[2026-10-07 23:45:23] (0s)  >>> Full cache hit cached_ControlFlowGraphImplSpecific::CfgImpl::Cached::TAstNode#e7ae24eb/4@be2828q9 with 480 rows and digest 9bb145ld293qifl6l19v2kssfh2.
[2026-10-07 23:45:23] (0s)  >>> Full cache hit cached_ControlFlowElements::TControlFlowElement#4d34738d/1@22f33cs3 with 71390 rows and digest e4f86bgocmetka2hkpehp0jb3ie.
[2026-10-07 23:45:23] (0s)  >>> Full cache hit cached_ControlFlowGraphImplSpecific::CfgImpl::Cached::Public::getNodeCfgScope/1#0b45c2c9/2@ea7627i9 with 858 rows and digest 03d2c0ks7soo868ctekdqo6gec1.
[2026-10-07 23:45:23] (0s)  >>> Full cache hit cached_BasicBlock::Make<Location::Location,BasicBlocks::BasicBlocksImpl::BasicBlockInputSig>::Cached::getNode/2#42d576bb/3@a6c71f86 with 858 rows and digest 28878e3j6h8buq5m21ofa1vigm8.
[2026-10-07 23:45:23] (0s)  >>> Full cache hit cached_BasicBlock::Make<Location::Location,BasicBlocks::BasicBlocksImpl::BasicBlockInputSig>::Cached::TBasicBlockStart#02c52780/2@384b37dk with 128 rows and digest 5a3555nmlh0i6knr091rthare84.
[2026-10-07 23:45:23] (0s)  >>> Full cache hit cached_ControlFlowGraphImplSpecific::CfgImpl::Cached::TExitNode#2cfb98c2/2@ee14e6j9 with 126 rows and digest 65825amn8fncm7fsg17jn1jn358.
[2026-10-07 23:45:23] (0s)  >>> Full cache hit cached_ControlFlowGraphImplSpecific::CfgImpl::Cached::TEntryNode#e6ee8ac9/2@0b4600bf with 126 rows and digest d6faabtlu8osjp2fqkscla23jod.
[2026-10-07 23:45:23] (0s)  >>> Full cache hit cached_BasicBlock::Make<Location::Location,BasicBlocks::BasicBlocksImpl::BasicBlockInputSig>::Cached::bbSuccessor/3#539ba761/3@c57bd0tg with 2 rows and digest 6ba9f5f6ok4hja0529ovdnqu3v4.
[2026-10-07 23:45:23] (0s)  >>> Full cache hit cached_BasicBlock::Make<Location::Location,BasicBlocks::BasicBlocksImpl::BasicBlockInputSig>::Cached::bbIDominates/2#d13501c8/2@b06135n2 with 2 rows and digest 73cfb13m732nso144tjk13735cf.
[2026-10-07 23:45:23] (0s)  >>> Full cache hit cached_Ssa::Ssa::SsaImpl::TWriteDef#3b20b0ad/4@201072cc with 22 rows and digest adc458akvqdvt7mg80uniofs6n2.
[2026-10-07 23:45:23] (0s)  >>> First-level cache hit cached_Ssa::Ssa::SsaImpl::TPhiNode#74b7f22f/3@dc996acp with empty relation.
[2026-10-07 23:45:23] (0s) Inferred that Ssa::Ssa::PhiDefinition#fb0c69c2/1@a502cbvj is empty, due to cached_Ssa::Ssa::SsaImpl::TPhiNode#74b7f22f/3@dc996acp.
[2026-10-07 23:45:23] (0s) Inferred that Ssa::Ssa::PhiDefinition.getLocation/0#dispred#f552fb31/2@2bc3d59s is empty, due to Ssa::Ssa::PhiDefinition#fb0c69c2/1@a502cbvj.
[2026-10-07 23:45:23] (0s) Inferred that Ssa::Ssa::SsaImpl::phiHasInputFromBlock/3#8364d335/3@e27e30h2 is empty, due to Ssa::Ssa::PhiDefinition#fb0c69c2/1@a502cbvj.
[2026-10-07 23:45:23] (0s) Inferred that cached_Ssa::Ssa::PhiDefinition#fb0c69c2/1@c9b154g5 is empty, due to Ssa::Ssa::PhiDefinition#fb0c69c2/1@a502cbvj.
[2026-10-07 23:45:23] (0s) Inferred that cached_Ssa::Ssa::PhiDefinition.getLocation/0#dispred#f552fb31/2@99bda0i6 is empty, due to Ssa::Ssa::PhiDefinition.getLocation/0#dispred#f552fb31/2@2bc3d59s.
[2026-10-07 23:45:23] (0s) Inferred that Ssa::Ssa::PhiDefinition.getAPhiInput/0#dispred#262caa39/2@694fffkh is empty, due to Ssa::Ssa::SsaImpl::phiHasInputFromBlock/3#8364d335/3@e27e30h2.
[2026-10-07 23:45:23] (0s) Inferred that Ssa::Ssa::PhiDefinition.getPhiInput/1#dispred#e054d283/3@83f656j8 is empty, due to Ssa::Ssa::SsaImpl::phiHasInputFromBlock/3#8364d335/3@e27e30h2.
[2026-10-07 23:45:23] (0s) Inferred that cached_Ssa::Ssa::PhiDefinition.getAPhiInput/0#dispred#262caa39/2@4e9935k2 is empty, due to Ssa::Ssa::PhiDefinition.getAPhiInput/0#dispred#262caa39/2@694fffkh.
[2026-10-07 23:45:23] (0s) Inferred that cached_Ssa::Ssa::PhiDefinition.getPhiInput/1#dispred#e054d283/3@47a061te is empty, due to Ssa::Ssa::PhiDefinition.getPhiInput/1#dispred#e054d283/3@83f656j8.
[2026-10-07 23:45:23] (0s) Inferred that Ssa::Ssa::PhiDefinition.getAPhiInput/0#dispred#262caa39_10#join_rhs/2@d0a68e0j is empty, due to cached_Ssa::Ssa::PhiDefinition.getAPhiInput/0#dispred#262caa39/2@4e9935k2.
[2026-10-07 23:45:23] (0s) Inferred that project#Ssa::Ssa::PhiDefinition.getAPhiInput/0#dispred#262caa39/1@a67fcdin is empty, due to cached_Ssa::Ssa::PhiDefinition.getAPhiInput/0#dispred#262caa39/2@4e9935k2.
[2026-10-07 23:45:23] (0s) Inferred that _Ssa::Ssa::Definition#e24717ec_Ssa::Ssa::PhiDefinition.getAPhiInput/0#dispred#262caa39#join_rhs/2@9658bf2b is empty, due to cached_Ssa::Ssa::PhiDefinition.getAPhiInput/0#dispred#262caa39/2@4e9935k2.
[2026-10-07 23:45:23] (0s)  >>> Full cache hit cached_Ssa::Ssa::Definition.getARead/0#dispred#a01f3ad5/2@cdcef5ur with 22 rows and digest eb5d18cea5u8ukpvhk8evk0ei9f.
[2026-10-07 23:45:23] (0s)  >>> First-level cache hit cached_AstNodeImpl::Impl::Cached::getEnclosingClosure/1#512cf739/2@d385cfus with empty relation.
[2026-10-07 23:45:23] (0s) Inferred that AstNodeImpl::Impl::Cached::getEnclosingClosure/1#512cf739_0#antijoin_rhs/1@8c6ba819 is empty, due to cached_AstNodeImpl::Impl::Cached::getEnclosingClosure/1#512cf739/2@d385cfus.
[2026-10-07 23:45:23] (0s)  >>> Full cache hit cached_Ssa::Ssa::WriteDefinition.assigns/1#dispred#4c1ee7cf/2@8f7de6rc with 20 rows and digest 61a8891kbvpn72nbsdi6k0d7sl3.
[2026-10-07 23:45:23] (0s)  >>> First-level cache hit cached_Synth::Synth::TDiagnostics#b2bc0e23/2@526db9rq with empty relation.
[2026-10-07 23:45:23] (0s) Inferred that Diagnostics::Generated::Diagnostics.getKind/0#dispred#4fd4fe27/2@ce3191h7 is empty, due to cached_Synth::Synth::TDiagnostics#b2bc0e23/2@526db9rq.
[2026-10-07 23:45:23] (0s) Inferred that Synth::Synth::TDiagnostics#b2bc0e23_1#antijoin_rhs/1@6daee6fa is empty, due to cached_Synth::Synth::TDiagnostics#b2bc0e23/2@526db9rq.
[2026-10-07 23:45:23] (0s) Inferred that Diagnostics::Generated::Diagnostics.getKind/0#dispred#4fd4fe27_10#join_rhs/2@6a4820ol is empty, due to Diagnostics::Generated::Diagnostics.getKind/0#dispred#4fd4fe27/2@ce3191h7.
[2026-10-07 23:45:23] (0s) Inferred that Diagnostics::Diagnostics.getSeverity/0#dispred#d7fe9947/2@431a6c0c is empty, due to Diagnostics::Generated::Diagnostics.getKind/0#dispred#4fd4fe27_10#join_rhs/2@6a4820ol.
[2026-10-07 23:45:23] (0s)  >>> Full cache hit cached_Synth::Synth::TDbLocation#1ddf3b70/2@388479pj with 335 rows and digest 7c662eo72o1alj4rlv6cmo9qomd.
[2026-10-07 23:45:23] (0s)  >>> Full cache hit cached_AstNodeImpl::Impl::Cached::getEnclosingFunction/1#2e41f4cc/2@e896a2tm with 33368 rows and digest 5cc746ed665u6gedf26po1071tc.
[2026-10-07 23:45:23] (0s)  >>> Full cache hit cached_Synth::Synth::TComment#24e6a7b0/2@1cee6cso with 3 rows and digest b95e30dsl5ivgtvjdh5vst31t56.
[2026-10-07 23:45:23] (0s)  >>> Full cache hit cached_Synth::Synth::TUnknownLocation#bf999122/1@767bfcas with 1 rows and digest 9f9698i60fh903cha0msngbrmc0.
[2026-10-07 23:45:23] (0s)  >>> Full cache hit cached_Synth::Synth::TUnknownFile#a2d95cfc/1@571018cm with 1 rows and digest fd903bnfkmkc8fe9j2bab891nf8.
[2026-10-07 23:45:23] (0s)  >>> Full cache hit cached_Synth::Synth::TDbFile#b2c67645/2@e152167t with 21 rows and digest 738dcflkfqdsje3u42phaoldah6.
[2026-10-07 23:45:23] (0s)  >>> Full cache hit cached_Element::Element.toStringImpl/0#dispred#2ae35507/2@8aec5376 with 124963 rows and digest 388eb14ce6ccidrlvvlq8auggq6.
[2026-10-07 23:45:23] (0s)  >>> Full cache hit cached_ExternalFlow::paramsString/1#68a41254/2@6c82b7l9 with 15871 rows and digest c67c912gtfr31hjubfiibgcbklf.
[2026-10-07 23:45:23] (0s)  >>> Full cache hit cached_ControlFlowGraphImplSpecific::CfgImpl::Cached::getASuccessor/2#a5a1263d/3@8a8005p8 with 732 rows and digest cca159avlfdgt4c6p7ghm5e4bv5.
[2026-10-07 23:45:23] (0s)  >>> Full cache hit cached_Ssa::Ssa::Definition.getAFirstRead/0#dispred#b39da5db/2@42ca3c6k with 22 rows and digest eb5d18cea5u8ukpvhk8evk0ei9f.
[2026-10-07 23:45:23] (0s)  >>> Full cache hit cached_Ssa::Ssa::Definition#e24717ec/1@a5bfebrt with 22 rows and digest 6105bcq8bi65em72ikjle5cc5a0.
[2026-10-07 23:45:23] (0s)  >>> First-level cache hit cached_Ssa::Ssa::Definition.adjacentReadPair/2#dispred#e68465cf/3@fd4501ab with empty relation.
[2026-10-07 23:45:23] (0s) Inferred that Ssa::Ssa::Definition.adjacentReadPair/2#dispred#e68465cf_201#join_rhs/3@fe8f6fl1 is empty, due to cached_Ssa::Ssa::Definition.adjacentReadPair/2#dispred#e68465cf/3@fd4501ab.
[2026-10-07 23:45:23] (0s) Inferred that DataFlowPrivate::localSsaFlowStepUseUse/3#fe78a2aa/3@dfcd202e is empty, due to Ssa::Ssa::Definition.adjacentReadPair/2#dispred#e68465cf_201#join_rhs/3@fe8f6fl1.
[2026-10-07 23:45:23] (0s) Inferred that project#DataFlowPrivate::localSsaFlowStepUseUse/3#fe78a2aa/2@9827c8dp is empty, due to DataFlowPrivate::localSsaFlowStepUseUse/3#fe78a2aa/3@dfcd202e.
[2026-10-07 23:45:23] (0s)  >>> Full cache hit cached_DataFlowImplCommon::Cached::nodeType/2#55be2913/2@587842m7 with 50867 rows and digest cbaa3anm2m8l49r14l47f2rif33.
[2026-10-07 23:45:23] (0s)  >>> Full cache hit cached_DataFlowImplCommon::Cached::TNodeNormal#28680480/2@5337d1mv with 50867 rows and digest 7696583aeh9rjstab4qhtbfpdn0.
[2026-10-07 23:45:23] (0s)  >>> Full cache hit cached_DataFlowImplCommon::Cached::TParamReturnNode#73470433/3@4e250anq with 241 rows and digest d0bea4097eqg60nin5qgt5qeba6.
[2026-10-07 23:45:23] (0s)  >>> Full cache hit cached_DataFlowImplCommon::Cached::TNodeImplicitRead#bf2ca9dd/2@29a056if with 50867 rows and digest d1b6eeg2evujek24bqok2pf8eh9.
[2026-10-07 23:45:23] (0s)  >>> Full cache hit cached_DataFlowPrivate::TExprNode#c082ac4f/3@b9adf8ik with 206 rows and digest 6732100e241t8c7b2vcds9s8urf.
[2026-10-07 23:45:23] (0s)  >>> Full cache hit cached_DataFlowImplCommon::Cached::isTopType/1#5f4b5550/1@f6fa7fla with 1 rows and digest 19f2cevarof1fbaqkctt3t43if4.
[2026-10-07 23:45:23] (0s)  >>> Full cache hit cached_DataFlowPrivate::ParameterNodeImpl.isParameterOf/2#dispred#6fc2d227/3@26e388ec with 1106 rows and digest 117462hs85ndlouqqjgk7jqj0uc.
[2026-10-07 23:45:23] (0s)  >>> Full cache hit cached_DataFlowImplCommon::Cached::TParamUpdate#c72decce/2@35ec0fn9 with 4 rows and digest d67d984pk0q9725cehpc5srqle5.
[2026-10-07 23:45:23] (0s)  >>> Full cache hit cached_DataFlowImplCommon::Cached::TValueReturn#28c7f1a4/2@ac6238c2 with 66 rows and digest 1a18857hl741mq48oeov9uk39t2.
[2026-10-07 23:45:23] (0s)  >>> Full cache hit cached_DataFlowImplCommon::Cached::allowParameterReturnInSelfEx/1#4534ea97/1@b2c97dg9 with 105 rows and digest ed1a003paroor6fd5tomvvgs0i5.
[2026-10-07 23:45:23] (0s)  >>> Full cache hit cached_DataFlowPrivate::TSingletonContent#7a03e3e2/2@fdef75ji with 3730 rows and digest c218a1e40bf36hngs7dnkggq9md.
[2026-10-07 23:45:23] (0s)  >>> Full cache hit cached_DataFlowPrivate::TCollectionContent#9985595a/1@f04686qm with 1 rows and digest a2a2048a0jsj15ibtb0j4nu3ob4.
[2026-10-07 23:45:23] (0s)  >>> Full cache hit cached_DataFlowPrivate::TNode#36afb0b6/1@3ad9227e with 50867 rows and digest 5f6f6fbf415hifanbnp28ii9k78.
[2026-10-07 23:45:23] (0s)  >>> First-level cache hit cached_DataFlowImplCommon::Cached::viableImplInCallContextExt/2#8a7a72ee/3@36225al8 with empty relation.
[2026-10-07 23:45:23] (0s) Inferred that DataFlowImplCommon::Cached::viableImplInCallContextExt/2#8a7a72ee_102#join_rhs/3@7bf4da5h is empty, due to cached_DataFlowImplCommon::Cached::viableImplInCallContextExt/2#8a7a72ee/3@36225al8.
[2026-10-07 23:45:23] (0s)  >>> Full cache hit cached_DataFlowImplCommon::Cached::readEx/3#94be43b3/3@83fa5en7 with 489 rows and digest d5d885ud474i0aq0id22oba5092.
[2026-10-07 23:45:23] (0s) Inferred that DataFlowImplCommon::Cached::viableImplInCallContextExt/2#8a7a72ee_021#join_rhs/3@08d1dap0 is empty, due to cached_DataFlowImplCommon::Cached::viableImplInCallContextExt/2#8a7a72ee/3@36225al8.
[2026-10-07 23:45:23] (0s) Inferred that kernelflow::Flow::Stage1::Stage1::viableImplInSomeFwdFlowCallContextExt/1#114a4873/2@68b7dygu is empty, due to DataFlowImplCommon::Cached::viableImplInCallContextExt/2#8a7a72ee_102#join_rhs/3@7bf4da5h.
[2026-10-07 23:45:23] (0s) Inferred that kernelflow::Flow::Stage1::returnCallEdgeInCtx1/5#97a89e60/5@30bedbcj is empty, due to DataFlowImplCommon::Cached::viableImplInCallContextExt/2#8a7a72ee_021#join_rhs/3@08d1dap0.
[2026-10-07 23:45:23] (0s) Inferred that DataFlowImplCommon::CallContextSensitivity<kernelflow::Flow::Flow::Stage3Param::CallContextSensitivityInput>::viableImplInCallContextExtIn/2#faa2b2e3/3@0e9589ga is empty, due to DataFlowImplCommon::Cached::viableImplInCallContextExt/2#8a7a72ee_021#join_rhs/3@08d1dap0.
[2026-10-07 23:45:23] (0s) Inferred that DataFlowImplCommon::CallContextSensitivity<kernelflow::Flow::Flow::Stage3Param::CallContextSensitivityInput>::viableImplInCallContextExtOut/2#db5b1a34/3@b31d97qd is empty, due to DataFlowImplCommon::Cached::viableImplInCallContextExt/2#8a7a72ee_021#join_rhs/3@08d1dap0.
[2026-10-07 23:45:23] (0s) Inferred that DataFlowImplCommon::CallContextSensitivity<kernelflow::Flow::Flow::Stage5Param::CallContextSensitivityInput>::viableImplInCallContextExtIn/2#68825135/3@98a615pc is empty, due to DataFlowImplCommon::Cached::viableImplInCallContextExt/2#8a7a72ee_021#join_rhs/3@08d1dap0.
[2026-10-07 23:45:23] (0s) Inferred that DataFlowImplCommon::CallContextSensitivity<kernelflow::Flow::Flow::Stage5Param::CallContextSensitivityInput>::viableImplInCallContextExtOut/2#4ad2d15b/3@e91d5fl1 is empty, due to DataFlowImplCommon::Cached::viableImplInCallContextExt/2#8a7a72ee_021#join_rhs/3@08d1dap0.
[2026-10-07 23:45:23] (0s) Inferred that DataFlowImplCommon::CallContextSensitivity<kernelflow::Flow::Flow::Stage6Param::CallContextSensitivityInput>::viableImplInCallContextExtIn/2#eda836dc/3@847480ds is empty, due to DataFlowImplCommon::Cached::viableImplInCallContextExt/2#8a7a72ee_021#join_rhs/3@08d1dap0.
[2026-10-07 23:45:23] (0s) Inferred that DataFlowImplCommon::CallContextSensitivity<kernelflow::Flow::Flow::Stage6Param::CallContextSensitivityInput>::viableImplInCallContextExtOut/2#032999b6/3@0bd8776m is empty, due to DataFlowImplCommon::Cached::viableImplInCallContextExt/2#8a7a72ee_021#join_rhs/3@08d1dap0.
[2026-10-07 23:45:23] (0s) Inferred that project#kernelflow::Flow::Stage1::returnCallEdgeInCtx1/5#97a89e60/3@f6c30flp is empty, due to kernelflow::Flow::Stage1::returnCallEdgeInCtx1/5#97a89e60/5@30bedbcj.
[2026-10-07 23:45:23] (0s) Inferred that kernelflow::Flow::Stage1::returnCallEdgeInCtx1/5#97a89e60_23401_1#count_range/6@e44e8b03 is empty, due to kernelflow::Flow::Stage1::returnCallEdgeInCtx1/5#97a89e60/5@30bedbcj.
[2026-10-07 23:45:23] (0s) Inferred that project#DataFlowImplCommon::CallContextSensitivity<kernelflow::Flow::Flow::Stage3Param::CallContextSensitivityInput>::viableImplInCallContextExtIn/2#faa2b2e3/2@3a4948ag is empty, due to DataFlowImplCommon::CallContextSensitivity<kernelflow::Flow::Flow::Stage3Param::CallContextSensitivityInput>::viableImplInCallContextExtIn/2#faa2b2e3/3@0e9589ga.
[2026-10-07 23:45:23] (0s) Inferred that _DataFlowImplCommon::CallContextSensitivity<kernelflow::Flow::Flow::Stage3Param::CallContextSensitiv__#join_rhs/3@d49723np is empty, due to DataFlowImplCommon::CallContextSensitivity<kernelflow::Flow::Flow::Stage3Param::CallContextSensitivityInput>::viableImplInCallContextExtIn/2#faa2b2e3/3@0e9589ga.
[2026-10-07 23:45:23] (0s) Inferred that DataFlowImplCommon::CallContextSensitivity<kernelflow::Flow::Flow::Stage3Param::CallContextSensitivityInput>::getAReducedViableEdge/1#76f60d06/2@2a6dc3c3 is empty, due to DataFlowImplCommon::CallContextSensitivity<kernelflow::Flow::Flow::Stage3Param::CallContextSensitivityInput>::viableImplInCallContextExtIn/2#faa2b2e3/3@0e9589ga.
[2026-10-07 23:45:23] (0s) Inferred that project#DataFlowImplCommon::CallContextSensitivity<kernelflow::Flow::Flow::Stage3Param::CallContextSensitivityInput>::viableImplInCallContextExtOut/2#db5b1a34/2@6af739fb is empty, due to DataFlowImplCommon::CallContextSensitivity<kernelflow::Flow::Flow::Stage3Param::CallContextSensitivityInput>::viableImplInCallContextExtOut/2#db5b1a34/3@b31d97qd.
[2026-10-07 23:45:23] (0s) Inferred that DataFlowImplCommon::CallContextSensitivity<kernelflow::Flow::Flow::Stage3Param::CallContextSensitivityInput>::viableImplInCallContextExtOut/2#db5b1a34_021#count_range/3@51db1881 is empty, due to DataFlowImplCommon::CallContextSensitivity<kernelflow::Flow::Flow::Stage3Param::CallContextSensitivityInput>::viableImplInCallContextExtOut/2#db5b1a34/3@b31d97qd.
[2026-10-07 23:45:23] (0s) Inferred that project#DataFlowImplCommon::CallContextSensitivity<kernelflow::Flow::Flow::Stage5Param::CallContextSensitivityInput>::viableImplInCallContextExtIn/2#68825135/2@92e37e32 is empty, due to DataFlowImplCommon::CallContextSensitivity<kernelflow::Flow::Flow::Stage5Param::CallContextSensitivityInput>::viableImplInCallContextExtIn/2#68825135/3@98a615pc.
[2026-10-07 23:45:23] (0s) Inferred that _DataFlowImplCommon::CallContextSensitivity<kernelflow::Flow::Flow::Stage5Param::CallContextSensitiv__#join_rhs/3@f40f67ae is empty, due to DataFlowImplCommon::CallContextSensitivity<kernelflow::Flow::Flow::Stage5Param::CallContextSensitivityInput>::viableImplInCallContextExtIn/2#68825135/3@98a615pc.
[2026-10-07 23:45:23] (0s) Inferred that DataFlowImplCommon::CallContextSensitivity<kernelflow::Flow::Flow::Stage5Param::CallContextSensitivityInput>::getAReducedViableEdge/1#62b85ec8/2@cd9cdbg7 is empty, due to DataFlowImplCommon::CallContextSensitivity<kernelflow::Flow::Flow::Stage5Param::CallContextSensitivityInput>::viableImplInCallContextExtIn/2#68825135/3@98a615pc.
[2026-10-07 23:45:23] (0s) Inferred that project#DataFlowImplCommon::CallContextSensitivity<kernelflow::Flow::Flow::Stage5Param::CallContextSensitivityInput>::viableImplInCallContextExtOut/2#4ad2d15b/2@0e7ecdtj is empty, due to DataFlowImplCommon::CallContextSensitivity<kernelflow::Flow::Flow::Stage5Param::CallContextSensitivityInput>::viableImplInCallContextExtOut/2#4ad2d15b/3@e91d5fl1.
[2026-10-07 23:45:23] (0s) Inferred that DataFlowImplCommon::CallContextSensitivity<kernelflow::Flow::Flow::Stage5Param::CallContextSensitivityInput>::viableImplInCallContextExtOut/2#4ad2d15b_021#count_range/3@caf206sj is empty, due to DataFlowImplCommon::CallContextSensitivity<kernelflow::Flow::Flow::Stage5Param::CallContextSensitivityInput>::viableImplInCallContextExtOut/2#4ad2d15b/3@e91d5fl1.
[2026-10-07 23:45:23] (0s) Inferred that project#DataFlowImplCommon::CallContextSensitivity<kernelflow::Flow::Flow::Stage6Param::CallContextSensitivityInput>::viableImplInCallContextExtIn/2#eda836dc/2@e29149gk is empty, due to DataFlowImplCommon::CallContextSensitivity<kernelflow::Flow::Flow::Stage6Param::CallContextSensitivityInput>::viableImplInCallContextExtIn/2#eda836dc/3@847480ds.
[2026-10-07 23:45:23] (0s) Inferred that _DataFlowImplCommon::CallContextSensitivity<kernelflow::Flow::Flow::Stage6Param::CallContextSensitiv__#join_rhs/3@eac9b258 is empty, due to DataFlowImplCommon::CallContextSensitivity<kernelflow::Flow::Flow::Stage6Param::CallContextSensitivityInput>::viableImplInCallContextExtIn/2#eda836dc/3@847480ds.
[2026-10-07 23:45:23] (0s) Inferred that DataFlowImplCommon::CallContextSensitivity<kernelflow::Flow::Flow::Stage6Param::CallContextSensitivityInput>::getAReducedViableEdge/1#7315b5ac/2@d27e40tu is empty, due to DataFlowImplCommon::CallContextSensitivity<kernelflow::Flow::Flow::Stage6Param::CallContextSensitivityInput>::viableImplInCallContextExtIn/2#eda836dc/3@847480ds.
[2026-10-07 23:45:23] (0s) Inferred that project#DataFlowImplCommon::CallContextSensitivity<kernelflow::Flow::Flow::Stage6Param::CallContextSensitivityInput>::viableImplInCallContextExtOut/2#032999b6/2@183b0507 is empty, due to DataFlowImplCommon::CallContextSensitivity<kernelflow::Flow::Flow::Stage6Param::CallContextSensitivityInput>::viableImplInCallContextExtOut/2#032999b6/3@0bd8776m.
[2026-10-07 23:45:23] (0s) Inferred that DataFlowImplCommon::CallContextSensitivity<kernelflow::Flow::Flow::Stage6Param::CallContextSensitivityInput>::viableImplInCallContextExtOut/2#032999b6_021#count_range/3@5488ae6p is empty, due to DataFlowImplCommon::CallContextSensitivity<kernelflow::Flow::Flow::Stage6Param::CallContextSensitivityInput>::viableImplInCallContextExtOut/2#032999b6/3@0bd8776m.
[2026-10-07 23:45:23] (0s) Inferred that _kernelflow::Flow::Stage1::returnCallEdgeInCtx1/5#97a89e60_23401_1#count_range#join_rhs/4@f0fa1225 is empty, due to kernelflow::Flow::Stage1::returnCallEdgeInCtx1/5#97a89e60_23401_1#count_range/6@e44e8b03.
[2026-10-07 23:45:23] (0s) Inferred that DataFlowImplCommon::CallContextSensitivity<kernelflow::Flow::Flow::Stage3Param::CallContextSensitivityInput>::DispatchSets::getSet#726b0ba6/2@cdb61cv4 is empty, due to DataFlowImplCommon::CallContextSensitivity<kernelflow::Flow::Flow::Stage3Param::CallContextSensitivityInput>::getAReducedViableEdge/1#76f60d06/2@2a6dc3c3.
[2026-10-07 23:45:23] (0s) Inferred that _DataFlowImplCommon::CallContextSensitivity<kernelflow::Flow::Flow::Stage3Param::CallContextSensitiv__#join_rhs#1/3@99055f6h is empty, due to DataFlowImplCommon::CallContextSensitivity<kernelflow::Flow::Flow::Stage3Param::CallContextSensitivityInput>::viableImplInCallContextExtOut/2#db5b1a34_021#count_range/3@51db1881.
[2026-10-07 23:45:23] (0s) Inferred that DataFlowImplCommon::CallContextSensitivity<kernelflow::Flow::Flow::Stage3Param::CallContextSensitivityInput>::PrunedViableImpl<DefaultPrunedViableImplInput>::viableImplCallContextReducedReverse/2#9d096702/3@e4cd0ebr is empty, due to DataFlowImplCommon::CallContextSensitivity<kernelflow::Flow::Flow::Stage3Param::CallContextSensitivityInput>::viableImplInCallContextExtOut/2#db5b1a34_021#count_range/3@51db1881.
[2026-10-07 23:45:23] (0s) Inferred that DataFlowImplCommon::CallContextSensitivity<kernelflow::Flow::Flow::Stage5Param::CallContextSensitivityInput>::DispatchSets::getSet#ce9ce743/2@f802666f is empty, due to DataFlowImplCommon::CallContextSensitivity<kernelflow::Flow::Flow::Stage5Param::CallContextSensitivityInput>::getAReducedViableEdge/1#62b85ec8/2@cd9cdbg7.
[2026-10-07 23:45:23] (0s) Inferred that _DataFlowImplCommon::CallContextSensitivity<kernelflow::Flow::Flow::Stage5Param::CallContextSensitiv__#join_rhs#1/3@38074do9 is empty, due to DataFlowImplCommon::CallContextSensitivity<kernelflow::Flow::Flow::Stage5Param::CallContextSensitivityInput>::viableImplInCallContextExtOut/2#4ad2d15b_021#count_range/3@caf206sj.
[2026-10-07 23:45:23] (0s) Inferred that DataFlowImplCommon::CallContextSensitivity<kernelflow::Flow::Flow::Stage5Param::CallContextSensitivityInput>::PrunedViableImpl<DefaultPrunedViableImplInput>::viableImplCallContextReducedReverse/2#7c4ee299/3@f11a4fo2 is empty, due to DataFlowImplCommon::CallContextSensitivity<kernelflow::Flow::Flow::Stage5Param::CallContextSensitivityInput>::viableImplInCallContextExtOut/2#4ad2d15b_021#count_range/3@caf206sj.
[2026-10-07 23:45:23] (0s) Inferred that DataFlowImplCommon::CallContextSensitivity<kernelflow::Flow::Flow::Stage6Param::CallContextSensitivityInput>::DispatchSets::getSet#c77eab47/2@2c37867u is empty, due to DataFlowImplCommon::CallContextSensitivity<kernelflow::Flow::Flow::Stage6Param::CallContextSensitivityInput>::getAReducedViableEdge/1#7315b5ac/2@d27e40tu.
[2026-10-07 23:45:23] (0s) Inferred that _DataFlowImplCommon::CallContextSensitivity<kernelflow::Flow::Flow::Stage6Param::CallContextSensitiv__#join_rhs#1/3@bbece705 is empty, due to DataFlowImplCommon::CallContextSensitivity<kernelflow::Flow::Flow::Stage6Param::CallContextSensitivityInput>::viableImplInCallContextExtOut/2#032999b6_021#count_range/3@5488ae6p.
[2026-10-07 23:45:23] (0s) Inferred that DataFlowImplCommon::CallContextSensitivity<kernelflow::Flow::Flow::Stage6Param::CallContextSensitivityInput>::PrunedViableImpl<DefaultPrunedViableImplInput>::viableImplCallContextReducedReverse/2#85677847/3@a575d2jb is empty, due to DataFlowImplCommon::CallContextSensitivity<kernelflow::Flow::Flow::Stage6Param::CallContextSensitivityInput>::viableImplInCallContextExtOut/2#032999b6_021#count_range/3@5488ae6p.
[2026-10-07 23:45:23] (0s) Inferred that DataFlowImplCommon::CallContextSensitivity<kernelflow::Flow::Flow::Stage3Param::CallContextSensitivityInput>::DispatchSets::Set.contains#879df727/2@6a884a5d is empty, due to DataFlowImplCommon::CallContextSensitivity<kernelflow::Flow::Flow::Stage3Param::CallContextSensitivityInput>::DispatchSets::getSet#726b0ba6/2@cdb61cv4.
[2026-10-07 23:45:23] (0s) Inferred that DataFlowImplCommon::CallContextSensitivity<kernelflow::Flow::Flow::Stage3Param::CallContextSensitivityInput>::DispatchSetsOption::TSome#dom#440812d2/1@7d9e91uf is empty, due to DataFlowImplCommon::CallContextSensitivity<kernelflow::Flow::Flow::Stage3Param::CallContextSensitivityInput>::DispatchSets::getSet#726b0ba6/2@cdb61cv4.
[2026-10-07 23:45:23] (0s) Inferred that DataFlowImplCommon::CallContextSensitivity<kernelflow::Flow::Flow::Stage3Param::CallContextSensitivityInput>::DispatchSets::getSet#726b0ba6_0#antijoin_rhs/1@45805far is empty, due to DataFlowImplCommon::CallContextSensitivity<kernelflow::Flow::Flow::Stage3Param::CallContextSensitivityInput>::DispatchSets::getSet#726b0ba6/2@cdb61cv4.
[2026-10-07 23:45:23] (0s) Inferred that DataFlowImplCommon::CallContextSensitivity<kernelflow::Flow::Flow::Stage3Param::CallContextSensitivityInput>::PrunedViableImpl<DefaultPrunedViableImplInput>::viableImplCallContextReducedReverse/2#9d096702_021#join_rhs/3@a2cabfgg is empty, due to DataFlowImplCommon::CallContextSensitivity<kernelflow::Flow::Flow::Stage3Param::CallContextSensitivityInput>::PrunedViableImpl<DefaultPrunedViableImplInput>::viableImplCallContextReducedReverse/2#9d096702/3@e4cd0ebr.
[2026-10-07 23:45:23] (0s) Inferred that DataFlowImplCommon::CallContextSensitivity<kernelflow::Flow::Flow::Stage5Param::CallContextSensitivityInput>::DispatchSets::Set.contains#f7af87bb/2@e7d94bqr is empty, due to DataFlowImplCommon::CallContextSensitivity<kernelflow::Flow::Flow::Stage5Param::CallContextSensitivityInput>::DispatchSets::getSet#ce9ce743/2@f802666f.
[2026-10-07 23:45:23] (0s) Inferred that DataFlowImplCommon::CallContextSensitivity<kernelflow::Flow::Flow::Stage5Param::CallContextSensitivityInput>::DispatchSetsOption::TSome#dom#8b365850/1@14a278k1 is empty, due to DataFlowImplCommon::CallContextSensitivity<kernelflow::Flow::Flow::Stage5Param::CallContextSensitivityInput>::DispatchSets::getSet#ce9ce743/2@f802666f.
[2026-10-07 23:45:23] (0s) Inferred that DataFlowImplCommon::CallContextSensitivity<kernelflow::Flow::Flow::Stage5Param::CallContextSensitivityInput>::DispatchSets::getSet#ce9ce743_0#antijoin_rhs/1@466da4f7 is empty, due to DataFlowImplCommon::CallContextSensitivity<kernelflow::Flow::Flow::Stage5Param::CallContextSensitivityInput>::DispatchSets::getSet#ce9ce743/2@f802666f.
[2026-10-07 23:45:23] (0s) Inferred that DataFlowImplCommon::CallContextSensitivity<kernelflow::Flow::Flow::Stage5Param::CallContextSensitivityInput>::PrunedViableImpl<DefaultPrunedViableImplInput>::viableImplCallContextReducedReverse/2#7c4ee299_021#join_rhs/3@69cbd1km is empty, due to DataFlowImplCommon::CallContextSensitivity<kernelflow::Flow::Flow::Stage5Param::CallContextSensitivityInput>::PrunedViableImpl<DefaultPrunedViableImplInput>::viableImplCallContextReducedReverse/2#7c4ee299/3@f11a4fo2.
[2026-10-07 23:45:23] (0s) Inferred that DataFlowImplCommon::CallContextSensitivity<kernelflow::Flow::Flow::Stage6Param::CallContextSensitivityInput>::DispatchSets::Set.contains#11cfff3d/2@be16b3jm is empty, due to DataFlowImplCommon::CallContextSensitivity<kernelflow::Flow::Flow::Stage6Param::CallContextSensitivityInput>::DispatchSets::getSet#c77eab47/2@2c37867u.
[2026-10-07 23:45:23] (0s) Inferred that DataFlowImplCommon::CallContextSensitivity<kernelflow::Flow::Flow::Stage6Param::CallContextSensitivityInput>::DispatchSetsOption::TSome#dom#70fc9918/1@7d1e628c is empty, due to DataFlowImplCommon::CallContextSensitivity<kernelflow::Flow::Flow::Stage6Param::CallContextSensitivityInput>::DispatchSets::getSet#c77eab47/2@2c37867u.
[2026-10-07 23:45:23] (0s) Inferred that DataFlowImplCommon::CallContextSensitivity<kernelflow::Flow::Flow::Stage6Param::CallContextSensitivityInput>::DispatchSets::getSet#c77eab47_0#antijoin_rhs/1@a06c9b8c is empty, due to DataFlowImplCommon::CallContextSensitivity<kernelflow::Flow::Flow::Stage6Param::CallContextSensitivityInput>::DispatchSets::getSet#c77eab47/2@2c37867u.
[2026-10-07 23:45:23] (0s) Inferred that DataFlowImplCommon::CallContextSensitivity<kernelflow::Flow::Flow::Stage6Param::CallContextSensitivityInput>::PrunedViableImpl<DefaultPrunedViableImplInput>::viableImplCallContextReducedReverse/2#85677847_021#join_rhs/3@8e23b5o3 is empty, due to DataFlowImplCommon::CallContextSensitivity<kernelflow::Flow::Flow::Stage6Param::CallContextSensitivityInput>::PrunedViableImpl<DefaultPrunedViableImplInput>::viableImplCallContextReducedReverse/2#85677847/3@a575d2jb.
[2026-10-07 23:45:23] (0s) Inferred that DataFlowImplCommon::CallContextSensitivity<kernelflow::Flow::Flow::Stage3Param::CallContextSensitivityInput>::PrunedViableImpl<DefaultPrunedViableImplInput>::viableImplCallContextReduced/2#076b2fe2/3@bb235f9p is empty, due to DataFlowImplCommon::CallContextSensitivity<kernelflow::Flow::Flow::Stage3Param::CallContextSensitivityInput>::DispatchSets::Set.contains#879df727/2@6a884a5d.
[2026-10-07 23:45:23] (0s) Inferred that num#DataFlowImplCommon::CallContextSensitivity<kernelflow::Flow::Flow::Stage3Param::CallContextSensitivityInput>::DispatchSetsOption::TSome#cafebd4d/2@16c5e7ig is empty, due to DataFlowImplCommon::CallContextSensitivity<kernelflow::Flow::Flow::Stage3Param::CallContextSensitivityInput>::DispatchSetsOption::TSome#dom#440812d2/1@7d9e91uf.
[2026-10-07 23:45:23] (0s) Inferred that kernelflow::Flow::Flow::Stage3::viableImplCallContextReducedReverseRestricted/2#f500a7ef/3@09c991gs is empty, due to DataFlowImplCommon::CallContextSensitivity<kernelflow::Flow::Flow::Stage3Param::CallContextSensitivityInput>::PrunedViableImpl<DefaultPrunedViableImplInput>::viableImplCallContextReducedReverse/2#9d096702_021#join_rhs/3@a2cabfgg.
[2026-10-07 23:45:23] (0s) Inferred that DataFlowImplCommon::CallContextSensitivity<kernelflow::Flow::Flow::Stage5Param::CallContextSensitivityInput>::PrunedViableImpl<DefaultPrunedViableImplInput>::viableImplCallContextReduced/2#24a58644/3@9e3fede7 is empty, due to DataFlowImplCommon::CallContextSensitivity<kernelflow::Flow::Flow::Stage5Param::CallContextSensitivityInput>::DispatchSets::Set.contains#f7af87bb/2@e7d94bqr.
[2026-10-07 23:45:23] (0s) Inferred that num#DataFlowImplCommon::CallContextSensitivity<kernelflow::Flow::Flow::Stage5Param::CallContextSensitivityInput>::DispatchSetsOption::TSome#9bdab5ad/2@9c05d9bo is empty, due to DataFlowImplCommon::CallContextSensitivity<kernelflow::Flow::Flow::Stage5Param::CallContextSensitivityInput>::DispatchSetsOption::TSome#dom#8b365850/1@14a278k1.
[2026-10-07 23:45:23] (0s) Inferred that kernelflow::Flow::Flow::Stage5::viableImplCallContextReducedReverseRestricted/2#acb73e32/3@6d1846d1 is empty, due to DataFlowImplCommon::CallContextSensitivity<kernelflow::Flow::Flow::Stage5Param::CallContextSensitivityInput>::PrunedViableImpl<DefaultPrunedViableImplInput>::viableImplCallContextReducedReverse/2#7c4ee299_021#join_rhs/3@69cbd1km.
[2026-10-07 23:45:23] (0s) Inferred that DataFlowImplCommon::CallContextSensitivity<kernelflow::Flow::Flow::Stage6Param::CallContextSensitivityInput>::PrunedViableImpl<DefaultPrunedViableImplInput>::viableImplCallContextReduced/2#9a808bd5/3@d526d6a5 is empty, due to DataFlowImplCommon::CallContextSensitivity<kernelflow::Flow::Flow::Stage6Param::CallContextSensitivityInput>::DispatchSets::Set.contains#11cfff3d/2@be16b3jm.
[2026-10-07 23:45:23] (0s) Inferred that num#DataFlowImplCommon::CallContextSensitivity<kernelflow::Flow::Flow::Stage6Param::CallContextSensitivityInput>::DispatchSetsOption::TSome#961dcc35/2@08983c69 is empty, due to DataFlowImplCommon::CallContextSensitivity<kernelflow::Flow::Flow::Stage6Param::CallContextSensitivityInput>::DispatchSetsOption::TSome#dom#70fc9918/1@7d1e628c.
[2026-10-07 23:45:23] (0s) Inferred that kernelflow::Flow::Flow::Stage6::viableImplCallContextReducedReverseRestricted/2#811bc212/3@278703lv is empty, due to DataFlowImplCommon::CallContextSensitivity<kernelflow::Flow::Flow::Stage6Param::CallContextSensitivityInput>::PrunedViableImpl<DefaultPrunedViableImplInput>::viableImplCallContextReducedReverse/2#85677847_021#join_rhs/3@8e23b5o3.
[2026-10-07 23:45:23] (0s) Inferred that kernelflow::Flow::Flow::Stage3::FwdFlowInNoThrough::viableImplCallContextReducedRestricted/2#4f53c12d/3@750024ad is empty, due to DataFlowImplCommon::CallContextSensitivity<kernelflow::Flow::Flow::Stage3Param::CallContextSensitivityInput>::PrunedViableImpl<DefaultPrunedViableImplInput>::viableImplCallContextReduced/2#076b2fe2/3@bb235f9p.
[2026-10-07 23:45:23] (0s) Inferred that kernelflow::Flow::Flow::Stage3::FwdFlowInThrough::viableImplCallContextReducedRestricted/2#86e32b38/3@ce2801d8 is empty, due to DataFlowImplCommon::CallContextSensitivity<kernelflow::Flow::Flow::Stage3Param::CallContextSensitivityInput>::PrunedViableImpl<DefaultPrunedViableImplInput>::viableImplCallContextReduced/2#076b2fe2/3@bb235f9p.
[2026-10-07 23:45:23] (0s) Inferred that DataFlowImplCommon::CallContextSensitivity<kernelflow::Flow::Flow::Stage3Param::CallContextSensitivityInput>::DispatchSet.asSome/0#dispred#af0041c2/2@dfcb447j is empty, due to num#DataFlowImplCommon::CallContextSensitivity<kernelflow::Flow::Flow::Stage3Param::CallContextSensitivityInput>::DispatchSetsOption::TSome#cafebd4d/2@16c5e7ig.
[2026-10-07 23:45:23] (0s) Inferred that kernelflow::Flow::Flow::Stage5::FwdFlowInNoThrough::viableImplCallContextReducedRestricted/2#33cc26c8/3@a715e9nj is empty, due to DataFlowImplCommon::CallContextSensitivity<kernelflow::Flow::Flow::Stage5Param::CallContextSensitivityInput>::PrunedViableImpl<DefaultPrunedViableImplInput>::viableImplCallContextReduced/2#24a58644/3@9e3fede7.
[2026-10-07 23:45:23] (0s) Inferred that kernelflow::Flow::Flow::Stage5::FwdFlowInThrough::viableImplCallContextReducedRestricted/2#4f8fd54e/3@ce9742bl is empty, due to DataFlowImplCommon::CallContextSensitivity<kernelflow::Flow::Flow::Stage5Param::CallContextSensitivityInput>::PrunedViableImpl<DefaultPrunedViableImplInput>::viableImplCallContextReduced/2#24a58644/3@9e3fede7.
[2026-10-07 23:45:23] (0s) Inferred that DataFlowImplCommon::CallContextSensitivity<kernelflow::Flow::Flow::Stage5Param::CallContextSensitivityInput>::DispatchSet.asSome/0#dispred#6c028189/2@d1a2e3qu is empty, due to num#DataFlowImplCommon::CallContextSensitivity<kernelflow::Flow::Flow::Stage5Param::CallContextSensitivityInput>::DispatchSetsOption::TSome#9bdab5ad/2@9c05d9bo.
[2026-10-07 23:45:23] (0s) Inferred that kernelflow::Flow::Flow::Stage6::FwdFlowInNoThrough::viableImplCallContextReducedRestricted/2#46d38c09/3@697454ib is empty, due to DataFlowImplCommon::CallContextSensitivity<kernelflow::Flow::Flow::Stage6Param::CallContextSensitivityInput>::PrunedViableImpl<DefaultPrunedViableImplInput>::viableImplCallContextReduced/2#9a808bd5/3@d526d6a5.
[2026-10-07 23:45:23] (0s) Inferred that kernelflow::Flow::Flow::Stage6::FwdFlowInThrough::viableImplCallContextReducedRestricted/2#b8dd6d6d/3@aa1630a7 is empty, due to DataFlowImplCommon::CallContextSensitivity<kernelflow::Flow::Flow::Stage6Param::CallContextSensitivityInput>::PrunedViableImpl<DefaultPrunedViableImplInput>::viableImplCallContextReduced/2#9a808bd5/3@d526d6a5.
[2026-10-07 23:45:23] (0s) Inferred that DataFlowImplCommon::CallContextSensitivity<kernelflow::Flow::Flow::Stage6Param::CallContextSensitivityInput>::DispatchSet.asSome/0#dispred#924cb5df/2@3829fc2p is empty, due to num#DataFlowImplCommon::CallContextSensitivity<kernelflow::Flow::Flow::Stage6Param::CallContextSensitivityInput>::DispatchSetsOption::TSome#961dcc35/2@08983c69.
[2026-10-07 23:45:23] (0s) Inferred that DataFlowImplCommon::CallContextSensitivity<kernelflow::Flow::Flow::Stage3Param::CallContextSensitivityInput>::DispatchSet.asSome/0#dispred#af0041c2_10#join_rhs/2@700c2c54 is empty, due to DataFlowImplCommon::CallContextSensitivity<kernelflow::Flow::Flow::Stage3Param::CallContextSensitivityInput>::DispatchSet.asSome/0#dispred#af0041c2/2@dfcb447j.
[2026-10-07 23:45:23] (0s) Inferred that DataFlowImplCommon::CallContextSensitivity<kernelflow::Flow::Flow::Stage5Param::CallContextSensitivityInput>::DispatchSet.asSome/0#dispred#6c028189_10#join_rhs/2@52171069 is empty, due to DataFlowImplCommon::CallContextSensitivity<kernelflow::Flow::Flow::Stage5Param::CallContextSensitivityInput>::DispatchSet.asSome/0#dispred#6c028189/2@d1a2e3qu.
[2026-10-07 23:45:23] (0s) Inferred that DataFlowImplCommon::CallContextSensitivity<kernelflow::Flow::Flow::Stage6Param::CallContextSensitivityInput>::DispatchSet.asSome/0#dispred#924cb5df_10#join_rhs/2@bbdbd84k is empty, due to DataFlowImplCommon::CallContextSensitivity<kernelflow::Flow::Flow::Stage6Param::CallContextSensitivityInput>::DispatchSet.asSome/0#dispred#924cb5df/2@3829fc2p.
[2026-10-07 23:45:23] (0s)  >>> Full cache hit cached_DataFlowPrivate::TContent#e25a891b/1@6d3f5a5m with 3730 rows and digest 29cda6olpb9v03e8e12i4m2k4v8.
[2026-10-07 23:45:23] (0s)  >>> Full cache hit cached_DataFlowImplCommon::Cached::viableReturnPosOutEx/3#fecc0bfe/3@e0e6661h with 3 rows and digest 5c364c0imorprs1ne18rgqjq2e8.
[2026-10-07 23:45:23] (0s)  >>> Full cache hit cached_DataFlowImplCommon::Cached::viableParamArgEx/3#db135854/3@ee10f122 with 3 rows and digest 5ff06dg1246jr9qo5lj21sa7km9.
[2026-10-07 23:45:23] (0s)  >>> Full cache hit cached_DataFlowImplCommon::Cached::storeEx/5#e88e0e77/5@7e7f060i with 591 rows and digest 9c5002phivf9e3ae4af37ltkjf7.
[2026-10-07 23:45:23] (0s)  >>> First-level cache hit cached_DataFlowImplCommon::Cached::jumpStepCached/2#8cb6371b/2@2fe756li with empty relation.
[2026-10-07 23:45:23] (0s) Inferred that kernelflow::Flow::Stage1::jumpStepEx1/2#d7513e17/2@92fc9d46 is empty, due to cached_DataFlowImplCommon::Cached::jumpStepCached/2#8cb6371b/2@2fe756li.
[2026-10-07 23:45:23] (0s) Inferred that project#kernelflow::Flow::Stage1::jumpStepEx1/2#d7513e17/1@294ff725 is empty, due to kernelflow::Flow::Stage1::jumpStepEx1/2#d7513e17/2@92fc9d46.
[2026-10-07 23:45:23] (0s) Inferred that kernelflow::Flow::Stage1::jumpStepEx1/2#d7513e17_10#join_rhs/2@5ef2dbh8 is empty, due to kernelflow::Flow::Stage1::jumpStepEx1/2#d7513e17/2@92fc9d46.
[2026-10-07 23:45:23] (0s)  >>> Full cache hit cached_DataFlowPrivate::NodeImpl.getEnclosingCallable/0#dispred#6c5fe5e9/2@eeb335vo with 3625 rows and digest efe45eeuj7rd94gvg6o8m47qi7c.
[2026-10-07 23:45:23] (0s)  >>> Full cache hit cached_DataFlowPrivate::TContentSet#bf3c326b/1@022155sv with 3730 rows and digest 29cda6olpb9v03e8e12i4m2k4v8.
[2026-10-07 23:45:23] (0s)  >>> Full cache hit cached_DataFlowPrivate::TFlowSummaryNode#42a164d7/2@656397ot with 3352 rows and digest bd9da4alcp1ef5u9anr62qfanj1.
[2026-10-07 23:45:23] (0s)  >>> Full cache hit cached_DataFlowDispatch::TParameterPosition#1a4deeba/1@96506e21 with 4 rows and digest 928b83hvk542icmije6r2cktl88.
[2026-10-07 23:45:23] (0s)  >>> Full cache hit cached_DataFlowDispatch::TArgumentPosition#86c1e9dc/1@416777a5 with 4 rows and digest 928b83hvk542icmije6r2cktl88.
[2026-10-07 23:45:23] (0s)  >>> Full cache hit cached_DataFlowDispatch::TThisArgument#7a2f447e/1@e7e28f62 with 1 rows and digest 10952drg6dialitmaeap0ujtdf7.
[2026-10-07 23:45:23] (0s)  >>> Full cache hit cached_DataFlowDispatch::TThisParameter#c2a2f2e0/1@8acab3hv with 1 rows and digest 10952drg6dialitmaeap0ujtdf7.
[2026-10-07 23:45:23] (0s)  >>> Full cache hit cached_DataFlowDispatch::TPositionalParameter#81d303e0/2@8a2af1jn with 3 rows and digest 708106p3vnjme7v4hq2k6s8qqf3.
[2026-10-07 23:45:23] (0s)  >>> Full cache hit cached_DataFlowDispatch::TPositionalArgument#e853b9fb/2@5dac22lb with 3 rows and digest 708106p3vnjme7v4hq2k6s8qqf3.
[2026-10-07 23:45:23] (0s)  >>> Full cache hit cached_DataFlowPrivate::TEnumContent#6f10ced6/2@3fe1f38j with 202 rows and digest 23b477l4aut3fr4aseujfv1mas4.
[2026-10-07 23:45:23] (0s)  >>> First-level cache hit cached_DataFlowPrivate::TCaptureNode#03a5c1aa/2@28464eaa with empty relation.
[2026-10-07 23:45:23] (0s)  >>> Full cache hit cached_DataFlowPrivate::TFieldContent#27bb7cd4/2@9a4df8g4 with 3527 rows and digest 7686c8jh0q1sjr1rhndmvjna1ea.
[2026-10-07 23:45:23] (0s)  >>> Full cache hit cached_DataFlowPrivate::TExprPostUpdateNode#32d392fa/2@f6ee0776 with 5 rows and digest 8663fbbsq579bckf0mdfcauen0b.
[2026-10-07 23:45:23] (0s)  >>> Full cache hit cached_DataFlowPrivate::TPatternNode#da658430/3@2bd21dfd with 2 rows and digest 8d81bcm87gtfeanhl4evvlv3ao2.
[2026-10-07 23:45:23] (0s)  >>> Full cache hit cached_DataFlowImplCommon::Cached::localFlowStepExImpl/3#d8725d64/3@9d77e18u with 863 rows and digest 9dfbc2hfgi7t1anm8m1qbp8cbkd.
[2026-10-07 23:45:23] (0s)  >>> First-level cache hit cached_DataFlowImplCommon::CallContextSensitivity<Cached::CachedCallContextSensitivity::CallContextSensitivityInput>::reducedViableImplInCallContext/3#3bb2dc10/3@c6282bjv with empty relation.
[2026-10-07 23:45:23] (0s) Inferred that DataFlowImplCommon::CallContextSensitivity<Cached::CachedCallContextSensitivity::CallContextSensitivityInput>::PrunedViableImpl<Cached::CachedCallContextSensitivity::PrunedViableImplInput>::recordCallSiteDispatch/2#f7bb148e/2@5c99415l is empty, due to cached_DataFlowImplCommon::CallContextSensitivity<Cached::CachedCallContextSensitivity::CallContextSensitivityInput>::reducedViableImplInCallContext/3#3bb2dc10/3@c6282bjv.
[2026-10-07 23:45:23] (0s) Inferred that project#DataFlowImplCommon::Cached::CachedCallContextSensitivity::reducedViableImplInCallContext/3#5e310542/1@ade5e4ut is empty, due to cached_DataFlowImplCommon::CallContextSensitivity<Cached::CachedCallContextSensitivity::CallContextSensitivityInput>::reducedViableImplInCallContext/3#3bb2dc10/3@c6282bjv.
[2026-10-07 23:45:23] (0s)  >>> Full cache hit cached_DataFlowImplCommon::Cached::getReturnPositionEx/1#66460b0f/2@34473bmv with 1057 rows and digest 2a39425nalo0nl12c09e0cv87pe.
[2026-10-07 23:45:23] (0s) Inferred that project#DataFlowImplCommon::Cached::CachedCallContextSensitivity::reducedViableImplInCallContext/3#5e310542#2/2@4f926brd is empty, due to cached_DataFlowImplCommon::CallContextSensitivity<Cached::CachedCallContextSensitivity::CallContextSensitivityInput>::reducedViableImplInCallContext/3#3bb2dc10/3@c6282bjv.
[2026-10-07 23:45:23] (0s) Inferred that DataFlowImplCommon::CallContextSensitivity<kernelflow::Flow::Flow::Stage3Param::CallContextSensitivityInput>::reducedViableImplInCallContext/3#f6e44a1b/3@25765asc is empty, due to cached_DataFlowImplCommon::CallContextSensitivity<Cached::CachedCallContextSensitivity::CallContextSensitivityInput>::reducedViableImplInCallContext/3#3bb2dc10/3@c6282bjv.
[2026-10-07 23:45:23] (0s) Inferred that kernelflow::Flow::Stage1::Stage1::fwdFlowInReducedViableImplInSomeCallContext/4#8aab87df#reorder_0_3_1_2/4@68b7d2wu is empty, due to project#DataFlowImplCommon::Cached::CachedCallContextSensitivity::reducedViableImplInCallContext/3#5e310542/1@ade5e4ut.
[2026-10-07 23:45:23] (0s) Inferred that DataFlowImplCommon::CallContextSensitivity<kernelflow::Flow::Flow::Stage3Param::CallContextSensitivityInput>::PrunedViableImpl<DefaultPrunedViableImplInput>::recordCallSiteDispatch/2#82019a1e/2@3e23affd is empty, due to DataFlowImplCommon::CallContextSensitivity<kernelflow::Flow::Flow::Stage3Param::CallContextSensitivityInput>::reducedViableImplInCallContext/3#f6e44a1b/3@25765asc.
[2026-10-07 23:45:23] (0s) Inferred that DataFlowImplCommon::CallContextSensitivity<kernelflow::Flow::Flow::Stage3Param::CallContextSensitivityInput>::reducedViableImplInCallContext/3#f6e44a1b_120#join_rhs/3@eee2f079 is empty, due to DataFlowImplCommon::CallContextSensitivity<kernelflow::Flow::Flow::Stage3Param::CallContextSensitivityInput>::reducedViableImplInCallContext/3#f6e44a1b/3@25765asc.
[2026-10-07 23:45:23] (0s) Inferred that project#DataFlowImplCommon::CallContextSensitivity<kernelflow::Flow::Flow::Stage3Param::CallContextSensitivityInput>::reducedViableImplInCallContext/3#f6e44a1b/2@c4a9d3h2 is empty, due to DataFlowImplCommon::CallContextSensitivity<kernelflow::Flow::Flow::Stage3Param::CallContextSensitivityInput>::reducedViableImplInCallContext/3#f6e44a1b/3@25765asc.
[2026-10-07 23:45:23] (0s) Inferred that DataFlowImplCommon::CallContextSensitivity<kernelflow::Flow::Flow::Stage5Param::CallContextSensitivityInput>::reducedViableImplInCallContext/3#42d8df0a/3@30341ffa is empty, due to DataFlowImplCommon::CallContextSensitivity<kernelflow::Flow::Flow::Stage3Param::CallContextSensitivityInput>::reducedViableImplInCallContext/3#f6e44a1b/3@25765asc.
[2026-10-07 23:45:23] (0s) Inferred that DataFlowImplCommon::CallContextSensitivity<kernelflow::Flow::Flow::Stage3Param::CallContextSensitivityInput>::getACallWithReducedViableImpl/1#03767b2a/2@e1050bb2 is empty, due to DataFlowImplCommon::CallContextSensitivity<kernelflow::Flow::Flow::Stage3Param::CallContextSensitivityInput>::reducedViableImplInCallContext/3#f6e44a1b_120#join_rhs/3@eee2f079.
[2026-10-07 23:45:23] (0s) Inferred that DataFlowImplCommon::CallContextSensitivity<kernelflow::Flow::Flow::Stage5Param::CallContextSensitivityInput>::PrunedViableImpl<DefaultPrunedViableImplInput>::recordCallSiteDispatch/2#818b1d82/2@d0603d85 is empty, due to DataFlowImplCommon::CallContextSensitivity<kernelflow::Flow::Flow::Stage5Param::CallContextSensitivityInput>::reducedViableImplInCallContext/3#42d8df0a/3@30341ffa.
[2026-10-07 23:45:23] (0s) Inferred that DataFlowImplCommon::CallContextSensitivity<kernelflow::Flow::Flow::Stage5Param::CallContextSensitivityInput>::reducedViableImplInCallContext/3#42d8df0a_120#join_rhs/3@ffb1a3tf is empty, due to DataFlowImplCommon::CallContextSensitivity<kernelflow::Flow::Flow::Stage5Param::CallContextSensitivityInput>::reducedViableImplInCallContext/3#42d8df0a/3@30341ffa.
[2026-10-07 23:45:23] (0s) Inferred that project#DataFlowImplCommon::CallContextSensitivity<kernelflow::Flow::Flow::Stage5Param::CallContextSensitivityInput>::reducedViableImplInCallContext/3#42d8df0a/2@93f1b0rl is empty, due to DataFlowImplCommon::CallContextSensitivity<kernelflow::Flow::Flow::Stage5Param::CallContextSensitivityInput>::reducedViableImplInCallContext/3#42d8df0a/3@30341ffa.
[2026-10-07 23:45:23] (0s) Inferred that DataFlowImplCommon::CallContextSensitivity<kernelflow::Flow::Flow::Stage6Param::CallContextSensitivityInput>::reducedViableImplInCallContext/3#89b4e49a/3@9cb99cdg is empty, due to DataFlowImplCommon::CallContextSensitivity<kernelflow::Flow::Flow::Stage5Param::CallContextSensitivityInput>::reducedViableImplInCallContext/3#42d8df0a/3@30341ffa.
[2026-10-07 23:45:23] (0s) Inferred that DataFlowImplCommon::CallContextSensitivity<kernelflow::Flow::Flow::Stage3Param::CallContextSensitivityInput>::CallSets::getSet#e5aa0670/2@12a7f4nf is empty, due to DataFlowImplCommon::CallContextSensitivity<kernelflow::Flow::Flow::Stage3Param::CallContextSensitivityInput>::getACallWithReducedViableImpl/1#03767b2a/2@e1050bb2.
[2026-10-07 23:45:23] (0s) Inferred that DataFlowImplCommon::CallContextSensitivity<kernelflow::Flow::Flow::Stage5Param::CallContextSensitivityInput>::getACallWithReducedViableImpl/1#86208cfe/2@c78bc3v5 is empty, due to DataFlowImplCommon::CallContextSensitivity<kernelflow::Flow::Flow::Stage5Param::CallContextSensitivityInput>::reducedViableImplInCallContext/3#42d8df0a_120#join_rhs/3@ffb1a3tf.
[2026-10-07 23:45:23] (0s) Inferred that DataFlowImplCommon::CallContextSensitivity<kernelflow::Flow::Flow::Stage6Param::CallContextSensitivityInput>::PrunedViableImpl<DefaultPrunedViableImplInput>::recordCallSiteDispatch/2#7d2dbdea/2@c66aad1p is empty, due to DataFlowImplCommon::CallContextSensitivity<kernelflow::Flow::Flow::Stage6Param::CallContextSensitivityInput>::reducedViableImplInCallContext/3#89b4e49a/3@9cb99cdg.
[2026-10-07 23:45:23] (0s) Inferred that DataFlowImplCommon::CallContextSensitivity<kernelflow::Flow::Flow::Stage6Param::CallContextSensitivityInput>::reducedViableImplInCallContext/3#89b4e49a_120#join_rhs/3@2929c2ef is empty, due to DataFlowImplCommon::CallContextSensitivity<kernelflow::Flow::Flow::Stage6Param::CallContextSensitivityInput>::reducedViableImplInCallContext/3#89b4e49a/3@9cb99cdg.
[2026-10-07 23:45:23] (0s) Inferred that DataFlowImplCommon::CallContextSensitivity<kernelflow::Flow::Flow::Stage3Param::CallContextSensitivityInput>::CallSets::Set.contains#295cf6a6/2@0cb9c6be is empty, due to DataFlowImplCommon::CallContextSensitivity<kernelflow::Flow::Flow::Stage3Param::CallContextSensitivityInput>::CallSets::getSet#e5aa0670/2@12a7f4nf.
[2026-10-07 23:45:23] (0s) Inferred that DataFlowImplCommon::CallContextSensitivity<kernelflow::Flow::Flow::Stage3Param::CallContextSensitivityInput>::CallSetOption::TSome#dom#c3d349a9/1@b4b2c25n is empty, due to DataFlowImplCommon::CallContextSensitivity<kernelflow::Flow::Flow::Stage3Param::CallContextSensitivityInput>::CallSets::getSet#e5aa0670/2@12a7f4nf.
[2026-10-07 23:45:23] (0s) Inferred that DataFlowImplCommon::CallContextSensitivity<kernelflow::Flow::Flow::Stage3Param::CallContextSensitivityInput>::CallSets::getSet#e5aa0670_0#antijoin_rhs/1@763947ut is empty, due to DataFlowImplCommon::CallContextSensitivity<kernelflow::Flow::Flow::Stage3Param::CallContextSensitivityInput>::CallSets::getSet#e5aa0670/2@12a7f4nf.
[2026-10-07 23:45:23] (0s) Inferred that DataFlowImplCommon::CallContextSensitivity<kernelflow::Flow::Flow::Stage3Param::CallContextSensitivityInput>::hasCtx/4#e1935b4e/4@75aec3oh is empty, due to DataFlowImplCommon::CallContextSensitivity<kernelflow::Flow::Flow::Stage3Param::CallContextSensitivityInput>::CallSets::getSet#e5aa0670/2@12a7f4nf.
[2026-10-07 23:45:23] (0s) Inferred that DataFlowImplCommon::CallContextSensitivity<kernelflow::Flow::Flow::Stage5Param::CallContextSensitivityInput>::CallSets::getSet#13c7734b/2@438d126i is empty, due to DataFlowImplCommon::CallContextSensitivity<kernelflow::Flow::Flow::Stage5Param::CallContextSensitivityInput>::getACallWithReducedViableImpl/1#86208cfe/2@c78bc3v5.
[2026-10-07 23:45:23] (0s) Inferred that DataFlowImplCommon::CallContextSensitivity<kernelflow::Flow::Flow::Stage6Param::CallContextSensitivityInput>::getACallWithReducedViableImpl/1#4586e212/2@529515e4 is empty, due to DataFlowImplCommon::CallContextSensitivity<kernelflow::Flow::Flow::Stage6Param::CallContextSensitivityInput>::reducedViableImplInCallContext/3#89b4e49a_120#join_rhs/3@2929c2ef.
[2026-10-07 23:45:23] (0s) Inferred that DataFlowImplCommon::CallContextSensitivity<kernelflow::Flow::Flow::Stage3Param::CallContextSensitivityInput>::callContextAffectsDispatch/2#c7395562/2@1687a42q is empty, due to DataFlowImplCommon::CallContextSensitivity<kernelflow::Flow::Flow::Stage3Param::CallContextSensitivityInput>::CallSets::Set.contains#295cf6a6/2@0cb9c6be.
[2026-10-07 23:45:23] (0s) Inferred that num#DataFlowImplCommon::CallContextSensitivity<kernelflow::Flow::Flow::Stage3Param::CallContextSensitivityInput>::CallSetOption::TSome#f9ba62f2/2@0f7293h1 is empty, due to DataFlowImplCommon::CallContextSensitivity<kernelflow::Flow::Flow::Stage3Param::CallContextSensitivityInput>::CallSetOption::TSome#dom#c3d349a9/1@b4b2c25n.
[2026-10-07 23:45:23] (0s) Inferred that DataFlowImplCommon::CallContextSensitivity<kernelflow::Flow::Flow::Stage3Param::CallContextSensitivityInput>::TSpecificCall#dom#6765c954/3@a6c4748i is empty, due to DataFlowImplCommon::CallContextSensitivity<kernelflow::Flow::Flow::Stage3Param::CallContextSensitivityInput>::hasCtx/4#e1935b4e/4@75aec3oh.
[2026-10-07 23:45:23] (0s) Inferred that DataFlowImplCommon::CallContextSensitivity<kernelflow::Flow::Flow::Stage5Param::CallContextSensitivityInput>::CallSets::Set.contains#9e924519/2@5cd0e201 is empty, due to DataFlowImplCommon::CallContextSensitivity<kernelflow::Flow::Flow::Stage5Param::CallContextSensitivityInput>::CallSets::getSet#13c7734b/2@438d126i.
[2026-10-07 23:45:23] (0s) Inferred that DataFlowImplCommon::CallContextSensitivity<kernelflow::Flow::Flow::Stage5Param::CallContextSensitivityInput>::CallSetOption::TSome#dom#51ddac77/1@e32054cl is empty, due to DataFlowImplCommon::CallContextSensitivity<kernelflow::Flow::Flow::Stage5Param::CallContextSensitivityInput>::CallSets::getSet#13c7734b/2@438d126i.
[2026-10-07 23:45:23] (0s) Inferred that DataFlowImplCommon::CallContextSensitivity<kernelflow::Flow::Flow::Stage5Param::CallContextSensitivityInput>::CallSets::getSet#13c7734b_0#antijoin_rhs/1@9d4a58bt is empty, due to DataFlowImplCommon::CallContextSensitivity<kernelflow::Flow::Flow::Stage5Param::CallContextSensitivityInput>::CallSets::getSet#13c7734b/2@438d126i.
[2026-10-07 23:45:23] (0s) Inferred that DataFlowImplCommon::CallContextSensitivity<kernelflow::Flow::Flow::Stage5Param::CallContextSensitivityInput>::hasCtx/4#d2156903/4@551741cl is empty, due to DataFlowImplCommon::CallContextSensitivity<kernelflow::Flow::Flow::Stage5Param::CallContextSensitivityInput>::CallSets::getSet#13c7734b/2@438d126i.
[2026-10-07 23:45:23] (0s) Inferred that DataFlowImplCommon::CallContextSensitivity<kernelflow::Flow::Flow::Stage6Param::CallContextSensitivityInput>::CallSets::getSet#b0852d61/2@db9fa2tu is empty, due to DataFlowImplCommon::CallContextSensitivity<kernelflow::Flow::Flow::Stage6Param::CallContextSensitivityInput>::getACallWithReducedViableImpl/1#4586e212/2@529515e4.
[2026-10-07 23:45:23] (0s) Inferred that DataFlowImplCommon::CallContextSensitivity<kernelflow::Flow::Flow::Stage3Param::CallContextSensitivityInput>::CallSet.asSome/0#dispred#e1b2226c/2@e867df9r is empty, due to num#DataFlowImplCommon::CallContextSensitivity<kernelflow::Flow::Flow::Stage3Param::CallContextSensitivityInput>::CallSetOption::TSome#f9ba62f2/2@0f7293h1.
[2026-10-07 23:45:23] (0s) Inferred that num#DataFlowImplCommon::CallContextSensitivity<kernelflow::Flow::Flow::Stage3Param::CallContextSensitivityInput>::TSpecificCall#c37b631e/4@8e6ff8j0 is empty, due to DataFlowImplCommon::CallContextSensitivity<kernelflow::Flow::Flow::Stage3Param::CallContextSensitivityInput>::TSpecificCall#dom#6765c954/3@a6c4748i.
[2026-10-07 23:45:23] (0s) Inferred that DataFlowImplCommon::CallContextSensitivity<kernelflow::Flow::Flow::Stage5Param::CallContextSensitivityInput>::callContextAffectsDispatch/2#e451b279/2@7be695b3 is empty, due to DataFlowImplCommon::CallContextSensitivity<kernelflow::Flow::Flow::Stage5Param::CallContextSensitivityInput>::CallSets::Set.contains#9e924519/2@5cd0e201.
[2026-10-07 23:45:23] (0s) Inferred that num#DataFlowImplCommon::CallContextSensitivity<kernelflow::Flow::Flow::Stage5Param::CallContextSensitivityInput>::CallSetOption::TSome#245865aa/2@3abc7duv is empty, due to DataFlowImplCommon::CallContextSensitivity<kernelflow::Flow::Flow::Stage5Param::CallContextSensitivityInput>::CallSetOption::TSome#dom#51ddac77/1@e32054cl.
[2026-10-07 23:45:23] (0s) Inferred that DataFlowImplCommon::CallContextSensitivity<kernelflow::Flow::Flow::Stage5Param::CallContextSensitivityInput>::TSpecificCall#dom#6d8d3f8c/3@38a82b8i is empty, due to DataFlowImplCommon::CallContextSensitivity<kernelflow::Flow::Flow::Stage5Param::CallContextSensitivityInput>::hasCtx/4#d2156903/4@551741cl.
[2026-10-07 23:45:23] (0s) Inferred that DataFlowImplCommon::CallContextSensitivity<kernelflow::Flow::Flow::Stage6Param::CallContextSensitivityInput>::CallSets::Set.contains#52a76903/2@2b02e547 is empty, due to DataFlowImplCommon::CallContextSensitivity<kernelflow::Flow::Flow::Stage6Param::CallContextSensitivityInput>::CallSets::getSet#b0852d61/2@db9fa2tu.
[2026-10-07 23:45:23] (0s) Inferred that DataFlowImplCommon::CallContextSensitivity<kernelflow::Flow::Flow::Stage6Param::CallContextSensitivityInput>::CallSetOption::TSome#dom#0a9aa06a/1@a3ffaebl is empty, due to DataFlowImplCommon::CallContextSensitivity<kernelflow::Flow::Flow::Stage6Param::CallContextSensitivityInput>::CallSets::getSet#b0852d61/2@db9fa2tu.
[2026-10-07 23:45:23] (0s) Inferred that DataFlowImplCommon::CallContextSensitivity<kernelflow::Flow::Flow::Stage6Param::CallContextSensitivityInput>::CallSets::getSet#b0852d61_0#antijoin_rhs/1@a68e6cst is empty, due to DataFlowImplCommon::CallContextSensitivity<kernelflow::Flow::Flow::Stage6Param::CallContextSensitivityInput>::CallSets::getSet#b0852d61/2@db9fa2tu.
[2026-10-07 23:45:23] (0s) Inferred that DataFlowImplCommon::CallContextSensitivity<kernelflow::Flow::Flow::Stage6Param::CallContextSensitivityInput>::hasCtx/4#6e65f552/4@02ad42mr is empty, due to DataFlowImplCommon::CallContextSensitivity<kernelflow::Flow::Flow::Stage6Param::CallContextSensitivityInput>::CallSets::getSet#b0852d61/2@db9fa2tu.
[2026-10-07 23:45:23] (0s) Inferred that DataFlowImplCommon::CallContextSensitivity<kernelflow::Flow::Flow::Stage3Param::CallContextSensitivityInput>::CallSet.asSome/0#dispred#e1b2226c_10#join_rhs/2@9f7eea21 is empty, due to DataFlowImplCommon::CallContextSensitivity<kernelflow::Flow::Flow::Stage3Param::CallContextSensitivityInput>::CallSet.asSome/0#dispred#e1b2226c/2@e867df9r.
[2026-10-07 23:45:23] (0s) Inferred that DataFlowImplCommon::CallContextSensitivity<kernelflow::Flow::Flow::Stage3Param::CallContextSensitivityInput>::getSpecificCallContextCall/2#c41084cd/3@37d8e5us is empty, due to num#DataFlowImplCommon::CallContextSensitivity<kernelflow::Flow::Flow::Stage3Param::CallContextSensitivityInput>::TSpecificCall#c37b631e/4@8e6ff8j0.
[2026-10-07 23:45:23] (0s) Inferred that DataFlowImplCommon::CallContextSensitivity<kernelflow::Flow::Flow::Stage5Param::CallContextSensitivityInput>::CallSet.asSome/0#dispred#5a5ae1b2/2@4f8e4dvb is empty, due to num#DataFlowImplCommon::CallContextSensitivity<kernelflow::Flow::Flow::Stage5Param::CallContextSensitivityInput>::CallSetOption::TSome#245865aa/2@3abc7duv.
[2026-10-07 23:45:23] (0s) Inferred that num#DataFlowImplCommon::CallContextSensitivity<kernelflow::Flow::Flow::Stage5Param::CallContextSensitivityInput>::TSpecificCall#02bfd6f0/4@87366cvb is empty, due to DataFlowImplCommon::CallContextSensitivity<kernelflow::Flow::Flow::Stage5Param::CallContextSensitivityInput>::TSpecificCall#dom#6d8d3f8c/3@38a82b8i.
[2026-10-07 23:45:23] (0s) Inferred that DataFlowImplCommon::CallContextSensitivity<kernelflow::Flow::Flow::Stage6Param::CallContextSensitivityInput>::callContextAffectsDispatch/2#207a98cf/2@cb77a7j7 is empty, due to DataFlowImplCommon::CallContextSensitivity<kernelflow::Flow::Flow::Stage6Param::CallContextSensitivityInput>::CallSets::Set.contains#52a76903/2@2b02e547.
[2026-10-07 23:45:23] (0s) Inferred that num#DataFlowImplCommon::CallContextSensitivity<kernelflow::Flow::Flow::Stage6Param::CallContextSensitivityInput>::CallSetOption::TSome#eac25c12/2@e4a89br8 is empty, due to DataFlowImplCommon::CallContextSensitivity<kernelflow::Flow::Flow::Stage6Param::CallContextSensitivityInput>::CallSetOption::TSome#dom#0a9aa06a/1@a3ffaebl.
[2026-10-07 23:45:23] (0s) Inferred that DataFlowImplCommon::CallContextSensitivity<kernelflow::Flow::Flow::Stage6Param::CallContextSensitivityInput>::TSpecificCall#dom#88502dd7/3@093f928q is empty, due to DataFlowImplCommon::CallContextSensitivity<kernelflow::Flow::Flow::Stage6Param::CallContextSensitivityInput>::hasCtx/4#6e65f552/4@02ad42mr.
[2026-10-07 23:45:23] (0s) Inferred that project#DataFlowImplCommon::CallContextSensitivity<kernelflow::Flow::Flow::Stage3Param::CallContextSensitivityInput>::getSpecificCallContextCall/2#c41084cd/2@186fab4c is empty, due to DataFlowImplCommon::CallContextSensitivity<kernelflow::Flow::Flow::Stage3Param::CallContextSensitivityInput>::getSpecificCallContextCall/2#c41084cd/3@37d8e5us.
[2026-10-07 23:45:23] (0s) Inferred that DataFlowImplCommon::CallContextSensitivity<kernelflow::Flow::Flow::Stage5Param::CallContextSensitivityInput>::CallSet.asSome/0#dispred#5a5ae1b2_10#join_rhs/2@2a75c4sk is empty, due to DataFlowImplCommon::CallContextSensitivity<kernelflow::Flow::Flow::Stage5Param::CallContextSensitivityInput>::CallSet.asSome/0#dispred#5a5ae1b2/2@4f8e4dvb.
[2026-10-07 23:45:23] (0s) Inferred that DataFlowImplCommon::CallContextSensitivity<kernelflow::Flow::Flow::Stage5Param::CallContextSensitivityInput>::getSpecificCallContextCall/2#4bb33d09/3@21084aml is empty, due to num#DataFlowImplCommon::CallContextSensitivity<kernelflow::Flow::Flow::Stage5Param::CallContextSensitivityInput>::TSpecificCall#02bfd6f0/4@87366cvb.
[2026-10-07 23:45:23] (0s) Inferred that DataFlowImplCommon::CallContextSensitivity<kernelflow::Flow::Flow::Stage6Param::CallContextSensitivityInput>::CallSet.asSome/0#dispred#561538bf/2@4e21f5a7 is empty, due to num#DataFlowImplCommon::CallContextSensitivity<kernelflow::Flow::Flow::Stage6Param::CallContextSensitivityInput>::CallSetOption::TSome#eac25c12/2@e4a89br8.
[2026-10-07 23:45:23] (0s) Inferred that num#DataFlowImplCommon::CallContextSensitivity<kernelflow::Flow::Flow::Stage6Param::CallContextSensitivityInput>::TSpecificCall#00f609d0/4@aa5c80vl is empty, due to DataFlowImplCommon::CallContextSensitivity<kernelflow::Flow::Flow::Stage6Param::CallContextSensitivityInput>::TSpecificCall#dom#88502dd7/3@093f928q.
[2026-10-07 23:45:23] (0s) Inferred that project#DataFlowImplCommon::CallContextSensitivity<kernelflow::Flow::Flow::Stage5Param::CallContextSensitivityInput>::getSpecificCallContextCall/2#4bb33d09/2@10dfadg0 is empty, due to DataFlowImplCommon::CallContextSensitivity<kernelflow::Flow::Flow::Stage5Param::CallContextSensitivityInput>::getSpecificCallContextCall/2#4bb33d09/3@21084aml.
[2026-10-07 23:45:23] (0s) Inferred that DataFlowImplCommon::CallContextSensitivity<kernelflow::Flow::Flow::Stage6Param::CallContextSensitivityInput>::CallSet.asSome/0#dispred#561538bf_10#join_rhs/2@8d0e33g0 is empty, due to DataFlowImplCommon::CallContextSensitivity<kernelflow::Flow::Flow::Stage6Param::CallContextSensitivityInput>::CallSet.asSome/0#dispred#561538bf/2@4e21f5a7.
[2026-10-07 23:45:23] (0s) Inferred that DataFlowImplCommon::CallContextSensitivity<kernelflow::Flow::Flow::Stage6Param::CallContextSensitivityInput>::getSpecificCallContextCall/2#1e7f8174/3@551e63ma is empty, due to num#DataFlowImplCommon::CallContextSensitivity<kernelflow::Flow::Flow::Stage6Param::CallContextSensitivityInput>::TSpecificCall#00f609d0/4@aa5c80vl.
[2026-10-07 23:45:23] (0s) Inferred that project#DataFlowImplCommon::CallContextSensitivity<kernelflow::Flow::Flow::Stage6Param::CallContextSensitivityInput>::getSpecificCallContextCall/2#1e7f8174/2@d56581cd is empty, due to DataFlowImplCommon::CallContextSensitivity<kernelflow::Flow::Flow::Stage6Param::CallContextSensitivityInput>::getSpecificCallContextCall/2#1e7f8174/3@551e63ma.
[2026-10-07 23:45:23] (0s)  >>> Full cache hit cached_DataFlowImplCommon::Cached::TAnyLocalCall#934309fe/1@6674df93 with 1 rows and digest 19f2cevarof1fbaqkctt3t43if4.
[2026-10-07 23:45:23] (0s)  >>> Full cache hit cached_DataFlowImplCommon::Cached::getSecondLevelScopeEx/1#10533743/2@87725301 with 50867 rows and digest cbaa3anm2m8l49r14l47f2rif33.
[2026-10-07 23:45:23] (0s)  >>> Full cache hit cached_DataFlowImplCommon::Cached::TReturnPosition0#3c7bc2a3/3@fef680dk with 1057 rows and digest 9d3d1f7e7126uecaadhakos50k2.
[2026-10-07 23:45:23] (0s)  >>> Full cache hit cached_DataFlowDispatch::TNormalCall#c8edbb8a/2@81bcf4pd with 24 rows and digest 002ae7brnpj5ejjrb5sh95gtlec.
[2026-10-07 23:45:23] (0s)  >>> Full cache hit cached_DataFlowDispatch::TDataFlowFunc#fd47ee42/2@7e908bb2 with 126 rows and digest 8e58da446aule9oc3c7jq79rmve.
[2026-10-07 23:45:23] (0s)  >>> Full cache hit cached_DataFlowDispatch::TSummaryCall#6243a1c3/3@a5a9a6pi with 67 rows and digest 7a80c5evrimg0qv0ko9dskrrprb.
[2026-10-07 23:45:23] (0s)  >>> First-level cache hit cached_DataFlowImplCommon::Cached::mayBenefitFromCallContextExt/2#06ce1204/2@bd3cc2nm with empty relation.
[2026-10-07 23:45:23] (0s) Inferred that project#DataFlowImplCommon::Cached::mayBenefitFromCallContextExt/2#06ce1204/1@2185aeqv is empty, due to cached_DataFlowImplCommon::Cached::mayBenefitFromCallContextExt/2#06ce1204/2@bd3cc2nm.
[2026-10-07 23:45:23] (0s) Inferred that _DataFlowDispatch::DataFlowCall.getEnclosingCallable/0#dispred#92c86e07_kernelflow::Flow::Stage1::St__#shared/3@e59bd9r5 is empty, due to project#DataFlowImplCommon::Cached::mayBenefitFromCallContextExt/2#06ce1204/1@2185aeqv.
[2026-10-07 23:45:23] (0s) Inferred that __DataFlowDispatch::DataFlowCall.getEnclosingCallable/0#dispred#92c86e07_kernelflow::Flow::Stage1::S__#shared/3@0b109911 is empty, due to _DataFlowDispatch::DataFlowCall.getEnclosingCallable/0#dispred#92c86e07_kernelflow::Flow::Stage1::St__#shared/3@e59bd9r5.
[2026-10-07 23:45:23] (0s) Inferred that __DataFlowDispatch::DataFlowCall.getEnclosingCallable/0#dispred#92c86e07_kernelflow::Flow::Stage1::S__#max_range/3@baaabd77 is empty, due to _DataFlowDispatch::DataFlowCall.getEnclosingCallable/0#dispred#92c86e07_kernelflow::Flow::Stage1::St__#shared/3@e59bd9r5.
[2026-10-07 23:45:23] (0s) Inferred that __DataFlowDispatch::DataFlowCall.getEnclosingCallable/0#dispred#92c86e07_kernelflow::Flow::Stage1::S__#max_term/4@d440d286 is empty, due to _DataFlowDispatch::DataFlowCall.getEnclosingCallable/0#dispred#92c86e07_kernelflow::Flow::Stage1::St__#shared/3@e59bd9r5.
[2026-10-07 23:45:23] (0s) Inferred that kernelflow::Flow::Stage1::ctxDispatchFanoutOnReturn/1#24de9bfb/2@1292f8lq is empty, due to __DataFlowDispatch::DataFlowCall.getEnclosingCallable/0#dispred#92c86e07_kernelflow::Flow::Stage1::S__#max_range/3@baaabd77.
[2026-10-07 23:45:23] (0s) Inferred that kernelflow::Flow::Stage1::ctxDispatchFanoutOnReturn/1#24de9bfb_0#antijoin_rhs/1@e40d694n is empty, due to kernelflow::Flow::Stage1::ctxDispatchFanoutOnReturn/1#24de9bfb/2@1292f8lq.
[2026-10-07 23:45:23] (0s)  >>> Full cache hit cached_DataFlowDispatch::TSummarizedCallable#847d752b/2@4e9728uk with 828 rows and digest 3ec42bqve27nnvf8lhk2rl1mokd.
[2026-10-07 23:45:23] (0s)  >>> First-level cache hit cached_DataFlowImplCommon::CallContextSensitivity<Cached::CachedCallContextSensitivity::CallContextSensitivityInput>::PrunedViableImpl<Cached::CachedCallContextSensitivity::PrunedViableImplInput>::viableImplCallContextReduced/2#eacc7385/3@a547c9t0 with empty relation.
[2026-10-07 23:45:23] (0s) Inferred that kernelflow::Flow::Flow::Stage2::FwdFlowInNoThrough::viableImplCallContextReducedRestricted/2#8fe2c895/3@e64ac999 is empty, due to cached_DataFlowImplCommon::CallContextSensitivity<Cached::CachedCallContextSensitivity::CallContextSensitivityInput>::PrunedViableImpl<Cached::CachedCallContextSensitivity::PrunedViableImplInput>::viableImplCallContextReduced/2#eacc7385/3@a547c9t0.
[2026-10-07 23:45:23] (0s) Inferred that kernelflow::Flow::Flow::Stage2::FwdFlowInThrough::viableImplCallContextReducedRestricted/2#baf2d022/3@d2b69e5o is empty, due to cached_DataFlowImplCommon::CallContextSensitivity<Cached::CachedCallContextSensitivity::CallContextSensitivityInput>::PrunedViableImpl<Cached::CachedCallContextSensitivity::PrunedViableImplInput>::viableImplCallContextReduced/2#eacc7385/3@a547c9t0.
[2026-10-07 23:45:23] (0s)  >>> Full cache hit cached_DataFlowImplCommon::CallContextSensitivity<Cached::CachedCallContextSensitivity::CallContextSensitivityInput>::CallContextNoCall#c5591f62/1@0de4desg with 1 rows and digest 19f2cevarof1fbaqkctt3t43if4.
[2026-10-07 23:45:23] (0s)  >>> Full cache hit cached_DataFlowImplCommon::Cached::argumentNode/3#5c92d692/3@2fc202eo with 136 rows and digest ad3cfe2jtric8eagnc4rdntsura.
[2026-10-07 23:45:23] (0s)  >>> First-level cache hit cached_DataFlowImplCommon::CallContextSensitivity<Cached::CachedCallContextSensitivity::CallContextSensitivityInput>::TReturn#9bf3fed7/3@634c82al with empty relation.
[2026-10-07 23:45:23] (0s) Inferred that DataFlowImplCommon::CallContextSensitivity<Cached::CachedCallContextSensitivity::CallContextSensitivityInput>::TReturn#9bf3fed7_01#antijoin_rhs/2@fb319534 is empty, due to cached_DataFlowImplCommon::CallContextSensitivity<Cached::CachedCallContextSensitivity::CallContextSensitivityInput>::TReturn#9bf3fed7/3@634c82al.
[2026-10-07 23:45:23] (0s)  >>> Full cache hit cached_DataFlowImplCommon::Cached::compatibleTypesCached/2#129cd694/2@909a8amt with 1 rows and digest 52e0bdo7e2rh65bhgmq4lc1b6g3.
[2026-10-07 23:45:23] (0s)  >>> Full cache hit cached_DataFlowImplCommon::Cached::castingNodeEx/1#5fbe43a1/1@3c541agc with 2055 rows and digest e069b2ok9n3qh5abl4tme9f9gqd.
[2026-10-07 23:45:23] (0s)  >>> First-level cache hit cached_DataFlowImplCommon::CallContextSensitivity<Cached::CachedCallContextSensitivity::CallContextSensitivityInput>::getSpecificCallContextCall/2#a048314b/3@b8b0e6ft with empty relation.
[2026-10-07 23:45:23] (0s) Inferred that project#DataFlowImplCommon::Cached::CachedCallContextSensitivity::getSpecificCallContextCall/2#32d7a9bf/2@b84375h6 is empty, due to cached_DataFlowImplCommon::CallContextSensitivity<Cached::CachedCallContextSensitivity::CallContextSensitivityInput>::getSpecificCallContextCall/2#a048314b/3@b8b0e6ft.
[2026-10-07 23:45:23] (0s)  >>> First-level cache hit cached_DataFlowImplCommon::CallContextSensitivity<Cached::CachedCallContextSensitivity::CallContextSensitivityInput>::callContextAffectsDispatch/2#52c90bfa/2@c8d7bfr6 with empty relation.
[2026-10-07 23:45:23] (0s)  >>> First-level cache hit cached_DataFlowImplCommon::CallContextSensitivity<Cached::CachedCallContextSensitivity::CallContextSensitivityInput>::PrunedViableImpl<Cached::CachedCallContextSensitivity::PrunedViableImplInput>::viableImplCallContextReducedReverse/2#af0c8f84/3@433f5b2r with empty relation.
[2026-10-07 23:45:23] (0s) Inferred that DataFlowImplCommon::CallContextSensitivity<Cached::CachedCallContextSensitivity::CallContextSensitivityInput>::PrunedViableImpl<Cached::CachedCallContextSensitivity::PrunedViableImplInput>::viableImplCallContextReducedReverse/2#af0c8f84_021#join_rhs/3@0167dca2 is empty, due to cached_DataFlowImplCommon::CallContextSensitivity<Cached::CachedCallContextSensitivity::CallContextSensitivityInput>::PrunedViableImpl<Cached::CachedCallContextSensitivity::PrunedViableImplInput>::viableImplCallContextReducedReverse/2#af0c8f84/3@433f5b2r.
[2026-10-07 23:45:23] (0s) Inferred that kernelflow::Flow::Flow::Stage2::viableImplCallContextReducedReverseRestricted/2#ed69412c/3@5cd6ce3k is empty, due to DataFlowImplCommon::CallContextSensitivity<Cached::CachedCallContextSensitivity::CallContextSensitivityInput>::PrunedViableImpl<Cached::CachedCallContextSensitivity::PrunedViableImplInput>::viableImplCallContextReducedReverse/2#af0c8f84_021#join_rhs/3@0167dca2.
[2026-10-07 23:45:23] (0s)  >>> Full cache hit cached_DataFlowDispatch::TDataFlowCall#f3b71726/1@04de4dqh with 91 rows and digest 647241cecs3evuqdpas6ke3c10a.
[2026-10-07 23:45:23] (0s)  >>> Full cache hit cached_DataFlowImplCommon::CallContextSensitivity<Cached::CachedCallContextSensitivity::CallContextSensitivityInput>::CallContextCall#cbbb9ea7/1@61c5cfok with 1 rows and digest 14d190jcpgdl411cck5pgml3dof.
[2026-10-07 23:45:23] (0s)  >>> Full cache hit cached_DataFlowImplCommon::Cached::CachedCallContextSensitivity::instanceofCc/1#d5f2bc27/1@9e50af6j with 2 rows and digest 8077edibunvleb7g75bfbjhteec.
[2026-10-07 23:45:23] (0s)  >>> Full cache hit cached_DataFlowImplCommon::Cached::TBooleanNone#934a4eb6/1@e017cbor with 1 rows and digest a28a4c33kuncpc8g6b5si5p502b.
[2026-10-07 23:45:23] (0s)  >>> Full cache hit cached_DataFlowImplCommon::Cached::TReturnCtxNone#bd267d1c/1@d21b91ia with 1 rows and digest 19f2cevarof1fbaqkctt3t43if4.
[2026-10-07 23:45:23] (0s)  >>> Full cache hit cached_DataFlowImplCommon::Cached::TReturnCtxNoFlowThrough#e02d8fcb/1@744fdc49 with 1 rows and digest 14d190jcpgdl411cck5pgml3dof.
[2026-10-07 23:45:23] (0s)  >>> Full cache hit cached_DataFlowImplCommon::Cached::TBooleanSome#a9822bfa/2@7ec9f3fd with 2 rows and digest 4a8089ekihspmvc7kajqrm1aohe.
[2026-10-07 23:45:23] (0s)  >>> Full cache hit cached_DataFlowImplCommon::Cached::TReturnCtxMaybeFlowThrough#8fcfb725/2@2dd952uq with 1057 rows and digest e6b864llmev29vs1rt0847v3std.
[2026-10-07 23:45:23] (0s)  >>> Full cache hit cached_DataFlowImplCommon::Cached::TApproxFrontHead#c5b7bb4f/3@9f376f05 with 5 rows and digest 7c6beb612hgiu6doj0n89pe6iob.
[2026-10-07 23:45:23] (0s)  >>> Full cache hit cached_DataFlowImplCommon::Cached::TApproxFrontNil#5b72f20b/1@816da1ln with 1 rows and digest 19f2cevarof1fbaqkctt3t43if4.
[2026-10-07 23:45:23] (0s)  >>> Full cache hit cached_DataFlowImplCommon::Cached::TMkCallEdge#9158580e/3@ca4c5c8q with 5 rows and digest 6a5815qi5nmse0poijdoln6gc57.
[2026-10-07 23:45:23] (0s)  >>> First-level cache hit cached_DataFlowImplCommon::CallContextSensitivity<Cached::CachedCallContextSensitivity::CallContextSensitivityInput>::reducedViableImplInReturn/2#ebd46020/2@369cc3bf with empty relation.
[2026-10-07 23:45:23] (0s)  >>> Full cache hit cached_DataFlowImplCommon::Cached::getContentApproxCached/1#9180f50c/2@bd18b3c0 with 3730 rows and digest def288b25860lck5s3lgd1psef9.
[2026-10-07 23:45:23] (0s) Inferred that DataFlowImplCommon::CallContextSensitivity<Cached::CachedCallContextSensitivity::CallContextSensitivityInput>::reducedViableImplInReturn/2#ebd46020_10#join_rhs/2@d6512ekg is empty, due to cached_DataFlowImplCommon::CallContextSensitivity<Cached::CachedCallContextSensitivity::CallContextSensitivityInput>::reducedViableImplInReturn/2#ebd46020/2@369cc3bf.
[2026-10-07 23:45:23] (0s) Inferred that DataFlowImplCommon::CallContextSensitivity<kernelflow::Flow::Flow::Stage3Param::CallContextSensitivityInput>::reducedViableImplInReturn/2#a6922ce9/2@f0c7784n is empty, due to DataFlowImplCommon::CallContextSensitivity<Cached::CachedCallContextSensitivity::CallContextSensitivityInput>::reducedViableImplInReturn/2#ebd46020_10#join_rhs/2@d6512ekg.
[2026-10-07 23:45:23] (0s) Inferred that num#DataFlowImplCommon::CallContextSensitivity<kernelflow::Flow::Flow::Stage3Param::CallContextSensitivityInput>::TReturn#dd0c041e/3@8b896elb is empty, due to DataFlowImplCommon::CallContextSensitivity<kernelflow::Flow::Flow::Stage3Param::CallContextSensitivityInput>::reducedViableImplInReturn/2#a6922ce9/2@f0c7784n.
[2026-10-07 23:45:23] (0s) Inferred that DataFlowImplCommon::CallContextSensitivity<kernelflow::Flow::Flow::Stage3Param::CallContextSensitivityInput>::reducedViableImplInReturn/2#a6922ce9_10#join_rhs/2@120461fg is empty, due to DataFlowImplCommon::CallContextSensitivity<kernelflow::Flow::Flow::Stage3Param::CallContextSensitivityInput>::reducedViableImplInReturn/2#a6922ce9/2@f0c7784n.
[2026-10-07 23:45:23] (0s) Inferred that num#DataFlowImplCommon::CallContextSensitivity<kernelflow::Flow::Flow::Stage3Param::CallContextSensitivityInput>::TReturn#dd0c041e_01#antijoin_rhs/2@eb6fd9pg is empty, due to num#DataFlowImplCommon::CallContextSensitivity<kernelflow::Flow::Flow::Stage3Param::CallContextSensitivityInput>::TReturn#dd0c041e/3@8b896elb.
[2026-10-07 23:45:23] (0s) Inferred that DataFlowImplCommon::CallContextSensitivity<kernelflow::Flow::Flow::Stage5Param::CallContextSensitivityInput>::reducedViableImplInReturn/2#7fca36fb/2@ec37822c is empty, due to DataFlowImplCommon::CallContextSensitivity<kernelflow::Flow::Flow::Stage3Param::CallContextSensitivityInput>::reducedViableImplInReturn/2#a6922ce9_10#join_rhs/2@120461fg.
[2026-10-07 23:45:23] (0s) Inferred that num#DataFlowImplCommon::CallContextSensitivity<kernelflow::Flow::Flow::Stage5Param::CallContextSensitivityInput>::TReturn#e6a4814d/3@3bd90fst is empty, due to DataFlowImplCommon::CallContextSensitivity<kernelflow::Flow::Flow::Stage5Param::CallContextSensitivityInput>::reducedViableImplInReturn/2#7fca36fb/2@ec37822c.
[2026-10-07 23:45:23] (0s) Inferred that DataFlowImplCommon::CallContextSensitivity<kernelflow::Flow::Flow::Stage5Param::CallContextSensitivityInput>::reducedViableImplInReturn/2#7fca36fb_10#join_rhs/2@3299b2ch is empty, due to DataFlowImplCommon::CallContextSensitivity<kernelflow::Flow::Flow::Stage5Param::CallContextSensitivityInput>::reducedViableImplInReturn/2#7fca36fb/2@ec37822c.
[2026-10-07 23:45:23] (0s) Inferred that num#DataFlowImplCommon::CallContextSensitivity<kernelflow::Flow::Flow::Stage5Param::CallContextSensitivityInput>::TReturn#e6a4814d_01#antijoin_rhs/2@25192ah3 is empty, due to num#DataFlowImplCommon::CallContextSensitivity<kernelflow::Flow::Flow::Stage5Param::CallContextSensitivityInput>::TReturn#e6a4814d/3@3bd90fst.
[2026-10-07 23:45:23] (0s) Inferred that DataFlowImplCommon::CallContextSensitivity<kernelflow::Flow::Flow::Stage6Param::CallContextSensitivityInput>::reducedViableImplInReturn/2#caf97f3d/2@0698f19o is empty, due to DataFlowImplCommon::CallContextSensitivity<kernelflow::Flow::Flow::Stage5Param::CallContextSensitivityInput>::reducedViableImplInReturn/2#7fca36fb_10#join_rhs/2@3299b2ch.
[2026-10-07 23:45:23] (0s) Inferred that num#DataFlowImplCommon::CallContextSensitivity<kernelflow::Flow::Flow::Stage6Param::CallContextSensitivityInput>::TReturn#47c9839e/3@ecb38d5s is empty, due to DataFlowImplCommon::CallContextSensitivity<kernelflow::Flow::Flow::Stage6Param::CallContextSensitivityInput>::reducedViableImplInReturn/2#caf97f3d/2@0698f19o.
[2026-10-07 23:45:23] (0s) Inferred that num#DataFlowImplCommon::CallContextSensitivity<kernelflow::Flow::Flow::Stage6Param::CallContextSensitivityInput>::TReturn#47c9839e_01#antijoin_rhs/2@7b10764h is empty, due to num#DataFlowImplCommon::CallContextSensitivity<kernelflow::Flow::Flow::Stage6Param::CallContextSensitivityInput>::TReturn#47c9839e/3@ecb38d5s.
[2026-10-07 23:45:23] (0s)  >>> Full cache hit cached_DataFlowImplCommon::Cached::callEnclosingCallable/2#3284d81e/2@e0141dvi with 91 rows and digest 9e016efvpha35a77noli4loc1p1.
[2026-10-07 23:45:23] (0s)  >>> First-level cache hit cached_DataFlowImplCommon::Cached::flowCheckNode/1#412883d8/1@8d0ae3tj with empty relation.
[2026-10-07 23:45:23] (0s) Inferred that kernelflow::Flow::Flow::Stage2::LocalFlowBigStep<kernelflow::Flow::Stage1::localStepNodeCand1>::FlowCheckNode#1de8510a/1@a9274055 is empty, due to cached_DataFlowImplCommon::Cached::flowCheckNode/1#412883d8/1@8d0ae3tj.
[2026-10-07 23:45:23] (0s) Inferred that kernelflow::Flow::Flow::Stage4::LocalFlowBigStep<Stage3Param::localFlowBigStep>::FlowCheckNode#87ddd8c8/1@b8ca930b is empty, due to cached_DataFlowImplCommon::Cached::flowCheckNode/1#412883d8/1@8d0ae3tj.
[2026-10-07 23:45:23] (0s) Inferred that kernelflow::Flow::Flow::Stage5::LocalFlowBigStep<Stage4::LocalFlowBigStep<Stage3Param::localFlowBigStep>::localFlowBigStepTc>::FlowCheckNode#9cd9b154/1@ddbc104k is empty, due to cached_DataFlowImplCommon::Cached::flowCheckNode/1#412883d8/1@8d0ae3tj.
[2026-10-07 23:45:23] (0s)  >>> Full cache hit cached_DataFlowImplCommon::Cached::TApproxAccessPathFrontNone#063ff8f5/1@614d72rq with 1 rows and digest 19f2cevarof1fbaqkctt3t43if4.
[2026-10-07 23:45:23] (0s)  >>> Full cache hit cached_DataFlowImplCommon::Cached::TApproxAccessPathFrontSome#c070168f/2@c5b3d015 with 6 rows and digest 2d0b8cmfqsgk4siukkegejmh9o1.
[2026-10-07 23:45:23] (0s)  >>> Full cache hit cached_DataFlowImplCommon::Cached::outNodeExt/1#30df2a69/1@751feeag with 219 rows and digest 26ea404rqumfh8f54arl0lgoe9b.
[2026-10-07 23:45:23] (0s)  >>> Full cache hit cached_DataFlowImplCommon::Cached::TFrontHead#ba92b323/3@cd41a0pd with 18650 rows and digest fa4b061c6l4ejmauvosncm0m8s4.
[2026-10-07 23:45:23] (0s)  >>> Full cache hit cached_DataFlowImplCommon::Cached::TFrontNil#4cb4c454/1@60796bn9 with 1 rows and digest 19f2cevarof1fbaqkctt3t43if4.
[2026-10-07 23:45:23] (0s)  >>> First-level cache hit cached_DataFlowImplCommon::Cached::clearsContentSet/2#00c13749/2@c1eed5tn with empty relation.
[2026-10-07 23:45:23] (0s) Inferred that kernelflow::Flow::Flow::Stage4Param::clearSet/2#c85c0a52/2@509d24m3 is empty, due to cached_DataFlowImplCommon::Cached::clearsContentSet/2#00c13749/2@c1eed5tn.
[2026-10-07 23:45:23] (0s) Inferred that kernelflow::Flow::Flow::Stage4Param::clearSet/2#c85c0a52_10#join_rhs/2@44ddc6iv is empty, due to kernelflow::Flow::Flow::Stage4Param::clearSet/2#c85c0a52/2@509d24m3.
[2026-10-07 23:45:23] (0s) Inferred that kernelflow::Flow::Flow::Stage4Param::clearContent/3#b8da4c17/3@c009f1a6 is empty, due to kernelflow::Flow::Flow::Stage4Param::clearSet/2#c85c0a52_10#join_rhs/2@44ddc6iv.
[2026-10-07 23:45:23] (0s) Inferred that kernelflow::Flow::Flow::Stage4Param::clearContent/3#b8da4c17_120#join_rhs/3@d52be22e is empty, due to kernelflow::Flow::Flow::Stage4Param::clearContent/3#b8da4c17/3@c009f1a6.
[2026-10-07 23:45:23] (0s) Inferred that kernelflow::Flow::Flow::Stage4Param::clear/2#81cd260b/2@625eaasp is empty, due to kernelflow::Flow::Flow::Stage4Param::clearContent/3#b8da4c17_120#join_rhs/3@d52be22e.
[2026-10-07 23:45:23] (0s) Inferred that kernelflow::Flow::Flow::Stage6Param::clearExceptStore/2#60456751/2@476e98s7 is empty, due to kernelflow::Flow::Flow::Stage4Param::clearContent/3#b8da4c17_120#join_rhs/3@d52be22e.
[2026-10-07 23:45:23] (0s)  >>> Full cache hit cached_DataFlowImplCommon::Cached::TAccessPathFrontNone#7dade849/1@729ff9ql with 1 rows and digest 19f2cevarof1fbaqkctt3t43if4.
[2026-10-07 23:45:23] (0s)  >>> Full cache hit cached_DataFlowImplCommon::Cached::TAccessPathFrontSome#01d0cc17/2@a6f77fpg with 18651 rows and digest 62f922q51lv2lbqn5bfct9hcpi0.
[2026-10-07 23:45:23] (0s)  >>> First-level cache hit cached_DataFlowImplCommon::Cached::getSourceModel/1#56641931/2@ec3c0921 with empty relation.
[2026-10-07 23:45:23] (0s) Inferred that DataFlowImplCommon::Cached::getSourceModel/1#56641931_0#antijoin_rhs/1@2b47d9tt is empty, due to cached_DataFlowImplCommon::Cached::getSourceModel/1#56641931/2@ec3c0921.
[2026-10-07 23:45:23] (0s)  >>> Full cache hit cached_DataFlowImplCommon::Cached::hiddenNode/1#ac976116/1@e722a1rf with 54460 rows and digest e3815d32deeuoi73ni9q8mi9a5f.
[2026-10-07 23:45:23] (0s)  >>> Full cache hit cached_DataFlowPrivate::TInoutReturnNode#f5770b67/2@d8d1c38i with 15741 rows and digest 771a54kuqrc7nsn3b301fe90k48.
[2026-10-07 23:45:23] (0s)  >>> First-level cache hit cached_DataFlowPrivate::TClosureSelfParameterNode#f8e349f2/2@69648044 with empty relation.
[2026-10-07 23:45:23] (0s)  >>> Full cache hit cached_DataFlowPrivate::TSourceParameterNode#b0cc3b0c/2@b7360d9f with 31539 rows and digest d648feaa6pamlm7n3aiieqan9e3.
[2026-10-07 23:45:23] (0s)  >>> Full cache hit cached_ControlFlowGraphImplSpecific::CfgImpl::Cached::TAnnotatedExitNode#059eb84b/3@b48f18ob with 126 rows and digest 271344ktlpa9rb9bma6t06behcd.
[2026-10-07 23:45:23] (0s)  >>> Full cache hit cached_Ssa::Ssa::WriteDefinition.getLocation/0#dispred#169c6dd0/2@65bf7a9o with 22 rows and digest b98805dmnbschb7are8v5dd01l0.
[2026-10-07 23:45:23] (0s)  >>> Full cache hit cached_Ssa::Ssa::Definition.getLocation/0#dispred#691037b0/2@97b9323r with 22 rows and digest b98805dmnbschb7are8v5dd01l0.
[2026-10-07 23:45:23] (0s)  >>> Full cache hit cached_DataFlowPrivate::TSsaDefinitionNode#9016dacf/2@dc083bqj with 22 rows and digest 691250ggnc7m3tbr3rbq04pkata.
[2026-10-07 23:45:23] (0s)  >>> Full cache hit cached_DataFlowPublic::Node.getLocation/0#dispred#218f9c4f/2@76f9c27l with 35144 rows and digest 90c20f5jki3c15h3co4dh0pn8be.
[2026-10-07 23:45:23] (0s)  >>> Full cache hit cached_File::File.splitAbsolutePath/2#dispred#958b917e/3@4ac935if with 63 rows and digest f5c7eft0hqt1kaon9ani83fcfdc.
[2026-10-07 23:45:23] (0s)  >>> Full cache hit cached_DataFlowPublic::localFlowStep/2#6f8207df/2@efbc3fk1 with 621 rows and digest 6daae5chub0407e6lcbu752aqhf.
[2026-10-07 23:45:23] (0s)  >>> First-level cache hit cached_ExternalFlow::sourceNode/3#ac6e4ba0/3@6ce9bf4l with empty relation.
[2026-10-07 23:45:23] (0s)  >>> Full cache hit cached_DataFlowImplCommon::Cached::viableReturnPosOut/3#e491fd7a/3@7a2ae4mo with 3 rows and digest 5c364c0imorprs1ne18rgqjq2e8.
[2026-10-07 23:45:23] (0s)  >>> Full cache hit cached_DataFlowPrivate::simpleLocalFlowStep/3#f578cb74/3@140b764m with 621 rows and digest 7394b92gifm6v0k6ddfqic9l6vd.
[2026-10-07 23:45:23] (0s)  >>> Full cache hit cached_DataFlowImplCommon::Cached::viableParamArg/3#41225d58/3@4feb5dpj with 3 rows and digest 5ff06dg1246jr9qo5lj21sa7km9.
[2026-10-07 23:45:23] (0s)  >>> Full cache hit cached_DataFlowImplCommon::Cached::viableCallableLambda/2#569997f7/3@3ee822he with 5 rows and digest 31630297m8u8ba6kk2cmks7q7l7.
[2026-10-07 23:45:23] (0s)  >>> Full cache hit cached_DataFlowImplCommon::Cached::storeSet/5#7ce5bb55/5@43cd86qi with 591 rows and digest 9c5002phivf9e3ae4af37ltkjf7.
[2026-10-07 23:45:23] (0s)  >>> Full cache hit cached_DataFlowImplCommon::Cached::simpleLocalFlowStepExt/3#1f0f0bae/3@20a4fai0 with 621 rows and digest 7394b92gifm6v0k6ddfqic9l6vd.
[2026-10-07 23:45:23] (0s)  >>> Full cache hit cached_DataFlowImplCommon::Cached::readSet/3#8d748272/3@1df3848h with 489 rows and digest d5d885ud474i0aq0id22oba5092.
[2026-10-07 23:45:23] (0s)  >>> Full cache hit cached_DataFlowDispatch::viableCallable/1#5eecc2c6/2@699e18bj with 5 rows and digest 7a271e0r72kehmsku9u8crovho3.
[2026-10-07 23:45:23] (0s)  >>> Full cache hit cached_DataFlowImplCommon::Cached::getValueReturnPosition/1#ae599c3d/2@f5870di0 with 816 rows and digest d1bf61p8k39e0mcu01ae91a4hae.
[2026-10-07 23:45:23] (0s)  >>> Full cache hit cached_DataFlowImplCommon::Cached::getParamReturnPosition/2#5c158f3c/3@356afb27 with 242 rows and digest 0c5adegq1ikgpcu7nlgjv8jc4ad.
[2026-10-07 23:45:23] (0s)  >>> Full cache hit cached_ControlFlowGraphImplSpecific::CfgImpl::Cached::Public::forceCachingInSameStage/0#19d0b30a/0@a80d27a0 with 1 rows and digest ac90f0ei322hhreshlvdl215c38.
[2026-10-07 23:45:23] (0s)  >>> Full cache hit cached_DataFlowImplCommon::Cached::getAnOutNodeEx/2#59b3d371/3@7a84c13g with 224 rows and digest 149aad0cbet1rtqittc0q6qst5a.
[2026-10-07 23:45:23] (0s)  >>> Full cache hit cached_DataFlowImplCommon::Cached::TReturnPosition#fe708567/1@b1b67178 with 1057 rows and digest f149db4tp2iou106spdliksseq6.
[2026-10-07 23:45:23] (0s)  >>> Full cache hit cached_DataFlowImplCommon::Cached::TReturnCtx#7b96ae2f/1@68c498t8 with 1059 rows and digest 60fb5aqalmbe64i27ng5mb2srs0.
[2026-10-07 23:45:23] (0s)  >>> Full cache hit cached_DataFlowImplCommon::Cached::TReturnKindExt#77930fe1/1@eccb0fhi with 70 rows and digest 557763qasre9357m9op7uaq1d0a.
[2026-10-07 23:45:23] (0s)  >>> Full cache hit cached_DataFlowImplCommon::Cached::TNodeEx#0ca5e413/1@f3fede8o with 101975 rows and digest 194f62i9ku92vpsimjlp7t1sge0.
[2026-10-07 23:45:23] (0s)  >>> Full cache hit cached_DataFlowImplCommon::Cached::TCallSome#32798910/2@26ad51ul with 91 rows and digest 8e351dv8epebgbcduekt53cd5f5.
[2026-10-07 23:45:23] (0s)  >>> Full cache hit cached_DataFlowImplCommon::Cached::TCallNone#26c9fa9f/1@5abfd63o with 1 rows and digest 19f2cevarof1fbaqkctt3t43if4.
[2026-10-07 23:45:23] (0s)  >>> Full cache hit cached_DataFlowImplCommon::Cached::TCallOption#665e01f1/1@f832b1no with 92 rows and digest 5cec372ql6jej4q72i52sp1kod9.
[2026-10-07 23:45:23] (0s)  >>> Full cache hit cached_DataFlowImplCommon::Cached::TCallEdge#bef1fcde/1@528a6amm with 5 rows and digest 107287kaipeebm5p0vucino11f5.
[2026-10-07 23:45:23] (0s)  >>> Full cache hit cached_DataFlowImplCommon::Cached::TApproxAccessPathFrontOption#d7cf62e3/1@0011eeus with 7 rows and digest 2681fe98brgn6oaonf7raenuo1a.
[2026-10-07 23:45:23] (0s)  >>> Full cache hit cached_DataFlowImplCommon::Cached::TBooleanOption#0697de85/1@5e035b3r with 3 rows and digest 1e437594k4lrub4j1rp8ks3g8h1.
[2026-10-07 23:45:23] (0s)  >>> Full cache hit cached_DataFlowImplCommon::Cached::TApproxAccessPathFront#d202b2ba/1@20f1b2av with 6 rows and digest ae9acd4qfa35i65ck0grjmghsn7.
[2026-10-07 23:45:23] (0s)  >>> Full cache hit cached_DataFlowImplCommon::Cached::TAccessPathFrontOption#132601d5/1@d5d2193v with 18652 rows and digest a168ff9oastr9tjn10esmom2ln6.
[2026-10-07 23:45:23] (0s)  >>> Full cache hit cached_DataFlowImplCommon::Cached::TAccessPathFront#c597a147/1@76e43315 with 18651 rows and digest 0da91f6bbouc1m69s2jcnpodh52.
[2026-10-07 23:45:23] (0s)  >>> Full cache hit cached_DataFlowImplCommon::Cached::FlowThrough::Final::argumentValueFlowsThrough/4#ed9bf48a/4@1a4f73ki with 2 rows and digest 62b64bp0l1k7otnk97dpdmq91s1.
[2026-10-07 23:45:23] (0s)  >>> Full cache hit cached_DataFlowDispatch::TDataFlowCallable#f0c071b4/1@6858f6jj with 954 rows and digest 2ddfc58fnrttto2gvec1nee0bl1.
[2026-10-07 23:45:23] (0s)  >>> Full cache hit cached_DataFlowPrivate::CaptureFlow::Cached::ref/0#6e84d036/0@c876115v with 1 rows and digest ac90f0ei322hhreshlvdl215c38.
[2026-10-07 23:45:23] (0s)  >>> Full cache hit cached_Ssa::Ssa::WriteDefinition#6f0bfc93/1@f1bb8421 with 22 rows and digest 6105bcq8bi65em72ikjle5cc5a0.
[2026-10-07 23:45:23] (0s)  >>> First-level cache hit cached_Ssa::Ssa::SsaImpl::TPhiReadNode#2ad49514/3@b78fabt8 with empty relation.
[2026-10-07 23:45:23] (0s)  >>> Full cache hit cached_Ssa::Ssa::SsaImpl::TDefinitionExt#2232bc4d/1@8d50abvp with 22 rows and digest 6105bcq8bi65em72ikjle5cc5a0.
[2026-10-07 23:45:23] (0s)  >>> Full cache hit cached_Splitting::TConditionalCompletionSplitKind#174cd667/1@0195d44a with 1 rows and digest 19f2cevarof1fbaqkctt3t43if4.
[2026-10-07 23:45:23] (0s)  >>> Full cache hit cached_Splitting::TSplit#80b510fb/1@dff168l5 with 6 rows and digest ae9acd4qfa35i65ck0grjmghsn7.
[2026-10-07 23:45:23] (0s)  >>> Full cache hit cached_Splitting::TConditionalCompletionSplit#a476a87b/2@84a332o8 with 6 rows and digest 54d028e0730h8dkjnh6f4i2ntu5.
[2026-10-07 23:45:23] (0s)  >>> First-level cache hit cached_ControlFlowGraphImplSpecific::CfgImpl::Cached::getJoinBlockPredecessor/2#1fdcc2e0/3@278807ct with empty relation.
[2026-10-07 23:45:23] (0s)  >>> Full cache hit cached_ControlFlowGraphImplSpecific::CfgImpl::Cached::splitsToString/1#ac4b523a/2@651905i8 with 1 rows and digest 72a5457v5bj0hcr4g8v50mb0kuc.
[2026-10-07 23:45:23] (0s)  >>> Full cache hit cached_ControlFlowGraphImplSpecific::CfgImpl::Cached::TSplitsNil#a1ff069e/1@753f4d0d with 1 rows and digest 19f2cevarof1fbaqkctt3t43if4.
[2026-10-07 23:45:23] (0s)  >>> First-level cache hit cached_ControlFlowGraphImplSpecific::CfgImpl::Cached::TSplitsCons#9c4dc943#origOrder/3@d94792sl with empty relation.
[2026-10-07 23:45:23] (0s)  >>> Full cache hit cached_ControlFlowGraphImplSpecific::CfgImpl::Cached::TSplits#050a968d/1@a5efd043 with 1 rows and digest 19f2cevarof1fbaqkctt3t43if4.
[2026-10-07 23:45:23] (0s)  >>> Full cache hit cached_ControlFlowGraphImplSpecific::CfgImpl::Cached::TNode#c71108ec/1@ee790791 with 858 rows and digest 3efff1holgqlqgn4vgliuh1p48b.
[2026-10-07 23:45:23] (0s)  >>> Full cache hit cached_ControlFlowGraphImplSpecific::CfgImpl::ControlFlowTree.first/1#dispred#c2911af9/2@2d1b33te with 68108 rows and digest 3a91bcrblgpcmt608ktgjau127c.
[2026-10-07 23:45:23] (0s)  >>> Full cache hit cached_ControlFlowGraphImplSpecific::CfgImpl::Cached::Public::getAControlFlowExitNode/1#310bcd9a/2@43117du6 with 68108 rows and digest cc67aaduf32k4351iasrdujr073.
[2026-10-07 23:45:23] (0s)  >>> Full cache hit cached_BasicBlock::Make<Location::Location,BasicBlocks::BasicBlocksImpl::BasicBlockInputSig>::Cached::bbIPostDominates/2#9e1c610b/2@fc710bft with 2 rows and digest c1186c0rr8r736lb5rvk82kesn5.
[2026-10-07 23:45:23] (0s)  >>> Full cache hit cached_BasicBlock::Make<Location::Location,BasicBlocks::BasicBlocksImpl::BasicBlockInputSig>::Cached::TBasicBlock#c2fef76e/1@4a8efbi3 with 128 rows and digest dc3bd5n3dkm41jv7gff1eeskrt0.
[2026-10-07 23:45:23] (0s)  >>> Full cache hit cached_Scope::getParentOfAst/1#4c41cdcc/2@df7f14cf with 66814 rows and digest 83767f87tev4e4ullplr0dg52q3.
[2026-10-07 23:45:23] (0s)  >>> Full cache hit cached_Scope::scopeOfAst/1#bbeab029/2@444468u9 with 33373 rows and digest c19fa915qfahr6gs3m3kdqjobtb.
[2026-10-07 23:45:23] (0s) Starting to evaluate predicate Synth::Synth::TStructDecl#ed4ba2ab_1#join_rhs/1@593bc09n
[2026-10-07 23:45:23] (0s) Starting to evaluate predicate Synth::Synth::TClassDecl#c6294075_1#join_rhs/1@7b86abmc
[2026-10-07 23:45:23] (0s)  >>> Created relation Synth::Synth::TClassDecl#c6294075_1#join_rhs/1@7b86abmc with 82 rows and digest 384854v95a9aek8vl9lbqiolva7.
[2026-10-07 23:45:23] (0s)  >>> Created relation Synth::Synth::TStructDecl#ed4ba2ab_1#join_rhs/1@593bc09n with 529 rows and digest 17c5f6up0vlb31ip5l8dpmcrfi5.
[2026-10-07 23:45:23] (0s) Starting to evaluate predicate AstNodeImpl::Impl::Cached::getEnclosingDecl/1#e19d473b_10#join_rhs/2@410ae4ft
[2026-10-07 23:45:23] (0s) Starting to evaluate predicate const_true/1@52b5461n
[2026-10-07 23:45:23] (0s)  >>> Created relation const_true/1@52b5461n with 1 rows and digest 2f52f69b4v40kdj6h1qirqifhpf.
[2026-10-07 23:45:23] (0s) Starting to evaluate predicate TypeDecl::TypeDecl.getFullName/0#bfa7889c_10#join_rhs/2@c4fd3cjg
[2026-10-07 23:45:23] (0s)  >>> Created relation TypeDecl::TypeDecl.getFullName/0#bfa7889c_10#join_rhs/2@c4fd3cjg with 6042 rows and digest 29504fu2oaju6mofvjghmeqi9q2.
[2026-10-07 23:45:23] (0s) Starting to evaluate predicate ControlFlowGraphImplSpecific::CfgImpl::Cached::Public::getNodeCfgScope/1#0b45c2c9_10#join_rhs/2@3300871l
[2026-10-07 23:45:23] (0s)  >>> Created relation ControlFlowGraphImplSpecific::CfgImpl::Cached::Public::getNodeCfgScope/1#0b45c2c9_10#join_rhs/2@3300871l with 858 rows and digest d14520edvtp7o8lnmsaj00abp93.
[2026-10-07 23:45:23] (0s) Starting to evaluate predicate DataFlowPrivate::TExprNode#c082ac4f_12#join_rhs/2@462e062p
[2026-10-07 23:45:23] (0s)  >>> Created relation DataFlowPrivate::TExprNode#c082ac4f_12#join_rhs/2@462e062p with 206 rows and digest f182b5junqmgsjosigcuhf9mime.
[2026-10-07 23:45:23] (0s) Starting to evaluate predicate DataFlowPrivate::TFieldContent#27bb7cd4_10#join_rhs/2@490a331u
[2026-10-07 23:45:23] (0s)  >>> Created relation DataFlowPrivate::TFieldContent#27bb7cd4_10#join_rhs/2@490a331u with 3527 rows and digest 342d06d7pt9u1sj69kh9j454540.
[2026-10-07 23:45:23] (0s) Starting to evaluate predicate DataFlowPrivate::TFlowSummaryNode#42a164d7_10#join_rhs/2@2c4384m8
[2026-10-07 23:45:23] (0s)  >>> Created relation DataFlowPrivate::TFlowSummaryNode#42a164d7_10#join_rhs/2@2c4384m8 with 3352 rows and digest 757030p65hko6e8082s94dd8g71.
[2026-10-07 23:45:23] (0s) Starting to evaluate predicate DataFlowPrivate::CaptureFlow::capturePostUpdateNode/2#9c18c017/2@3e05a1u6
[2026-10-07 23:45:23] (0s)  >>> Created relation DataFlowPrivate::CaptureFlow::capturePostUpdateNode/2#9c18c017/2@3e05a1u6 with 0 rows and digest THIS-RELATION-HAS-NO-TUPLES.
[2026-10-07 23:45:23] (0s) Starting to evaluate predicate FlowSteps::TaintInheritingContent#7e1da0af#join_rhs#CSE#1/1@473b815f
[2026-10-07 23:45:23] (0s)  >>> Created relation FlowSteps::TaintInheritingContent#7e1da0af#join_rhs#CSE#1/1@473b815f with 16 rows and digest 20205bt3du4mjvda5v0esg04jj4.
[2026-10-07 23:45:23] (0s) Starting to evaluate predicate FlowSteps::TaintInheritingContent#7e1da0af#join_rhs#CSE/1@0a7d14bf
[2026-10-07 23:45:23] (0s)  >>> Created relation FlowSteps::TaintInheritingContent#7e1da0af#join_rhs#CSE/1@0a7d14bf with 29 rows and digest f362efbs3gtie0uarfti26pi2g6.
[2026-10-07 23:45:23] (0s) Starting to evaluate predicate DataFlowImplCommon::ParamUpdateReturnKind.getAMatchingArgumentPosition/0#cfc37f43/2@b213a27n
[2026-10-07 23:45:23] (0s)  >>> Created relation DataFlowImplCommon::ParamUpdateReturnKind.getAMatchingArgumentPosition/0#cfc37f43/2@b213a27n with 4 rows and digest cf1fa9l09bp1ootmo1s8pu3l830.
[2026-10-07 23:45:23] (0s)  >>> Created relation AstNodeImpl::Impl::Cached::getEnclosingDecl/1#e19d473b_10#join_rhs/2@410ae4ft with 66813 rows and digest 4ec272dfr7n7e2qv4mlsiv3dkd1.
[2026-10-07 23:45:23] (0s)  >>> Created relation callable_names/2@71b1fcij with 15871 rows and digest c79421in3aid49vr1mg2pt7eng4.
[2026-10-07 23:45:23] (0s)  >>> Created relation callable_bodies/2@b8320d8g with 125 rows and digest 12fb48ha5v1p4g4itkk4ku3v2u5.
[2026-10-07 23:45:23] (0s)  >>> Created relation var_decls/3@39f6a1q0 with 35218 rows and digest 981d96jhoan0kka73umnbv86ivf.
[2026-10-07 23:45:23] (0s) Starting to evaluate predicate Synth::Synth::convertVarDeclToRaw/1#18475740/2@993cd6pp
[2026-10-07 23:45:23] (0s)  >>> Created relation callable_params/3@e626e1d0 with 16190 rows and digest 71a8f5rl8k9kahkjb4eqv2ilfk2.
[2026-10-07 23:45:23] (0s)  >>> Created relation callable_self_params/2@d586aek2 with 14847 rows and digest 6243c6oo2e9p59obp3le7j1epuf.
[2026-10-07 23:45:23] (0s) Starting to evaluate predicate m#Synth::Synth::convertCallableToRaw/1#52a2f9a1#fb/1@4b39fc6f
[2026-10-07 23:45:23] (0s)  >>> Created relation Synth::Synth::convertVarDeclToRaw/1#18475740/2@993cd6pp with 35218 rows and digest e2c7c172m9cpc7i3cqrboprmtld.
[2026-10-07 23:45:23] (0s) Starting to evaluate predicate Synth::Synth::convertVarDeclToRaw/1#18475740_10#join_rhs/2@63fc31nf
[2026-10-07 23:45:23] (0s)  >>> Created relation Synth::Synth::convertVarDeclToRaw/1#18475740_10#join_rhs/2@63fc31nf with 35218 rows and digest 1f6364criuspue1lrq88udlr441.
[2026-10-07 23:45:23] (0s) Starting to evaluate predicate VarDecl::Generated::VarDecl.getName/0#dispred#02eda0d8/2@b044b9jh
[2026-10-07 23:45:23] (0s)  >>> Created relation m#Synth::Synth::convertCallableToRaw/1#52a2f9a1#fb/1@4b39fc6f with 15871 rows and digest 55ccddmiq2hserff283tgdk4av8.
[2026-10-07 23:45:23] (0s)  >>> Created relation expr_types/2@4b7fa23d with 206 rows and digest d39c49rp2u8tijlh1gj95aulfbf.
[2026-10-07 23:45:23] (0s)  >>> Created relation decl_members/3@41f6cbb2 with 18225 rows and digest 001073umqcpkhrq52ognbi37t96.
[2026-10-07 23:45:23] (0s)  >>> Created relation VarDecl::Generated::VarDecl.getName/0#dispred#02eda0d8/2@b044b9jh with 35218 rows and digest de2108d1ktlk0kpbp150e8d2bq2.
[2026-10-07 23:45:23] (0s) Starting to evaluate predicate m#Synth::Synth::convertClosureExprToRaw/1#54e3c165#fb/1@4a54aeas
[2026-10-07 23:45:23] (0s)  >>> Created relation m#Synth::Synth::convertClosureExprToRaw/1#54e3c165#fb/1@4a54aeas with 16077 rows and digest ce6042g7t7htbdlo2lisl4dgcod.
[2026-10-07 23:45:23] (0s) Starting to evaluate predicate Synth::Synth::convertClosureExprToRaw/1#54e3c165#fb/2@4702fe9g
[2026-10-07 23:45:23] (0s)  >>> Created relation Synth::Synth::convertClosureExprToRaw/1#54e3c165#fb/2@4702fe9g with 0 rows and digest THIS-RELATION-HAS-NO-TUPLES.
[2026-10-07 23:45:23] (0s) Inferred that Synth::Synth::convertClosureExprToRaw/1#54e3c165#fb_10#join_rhs/2@e7b989tm is empty, due to Synth::Synth::convertClosureExprToRaw/1#54e3c165#fb/2@4702fe9g.
[2026-10-07 23:45:23] (0s)  >>> Created relation decls/2@40b5241e with 63902 rows and digest c65fbcbksnd8l2q1uc93gsakj39.
[2026-10-07 23:45:23] (0s) Starting to evaluate predicate m#Synth::Synth::convertDeclToRaw/1#b63039ab#fb/1@baddbav4
[2026-10-07 23:45:23] (0s)  >>> Created relation decl_ref_exprs/2@044852ho with 46 rows and digest 44613ah27chpu6qre8fl57klfed.
[2026-10-07 23:45:23] (0s)  >>> Created relation brace_stmt_elements/3@2ed167s4 with 149 rows and digest cb55bfp5ml4g68ool6rkad9tg7f.
[2026-10-07 23:45:23] (0s) Starting to evaluate predicate brace_stmt_elements_2#join_rhs/1@3ff312ge
[2026-10-07 23:45:23] (0s)  >>> Created relation brace_stmt_elements_2#join_rhs/1@3ff312ge with 149 rows and digest 0a02d7snmrit1fkmsn04lvm6qvf.
[2026-10-07 23:45:23] (0s)  >>> Created relation lookup_expr_members/2@3e469ask with 0 rows and digest THIS-RELATION-HAS-NO-TUPLES.
[2026-10-07 23:45:23] (0s) Inferred that Synth::Synth::convertLookupExprToRaw/1#ea59557a#fb/2@d088edm4 is empty, due to lookup_expr_members/2@3e469ask.
[2026-10-07 23:45:23] (0s) Inferred that LookupExpr::Generated::LookupExpr.getMember/0#dispred#cfef83c8/2@3c2e0fa9 is empty, due to lookup_expr_members/2@3e469ask.
[2026-10-07 23:45:23] (0s) Inferred that Synth::Synth::convertLookupExprToRaw/1#ea59557a#fb/2@500178qe is empty, due to lookup_expr_members/2@3e469ask.
[2026-10-07 23:45:23] (0s) Inferred that LookupExpr::Generated::LookupExpr.getMember/0#dispred#cfef83c8/2@5edaf8ao is empty, due to lookup_expr_members/2@3e469ask.
[2026-10-07 23:45:23] (0s) Inferred that LookupExpr::Generated::LookupExpr.getMember/0#dispred#cfef83c8/2@767703rc is empty, due to lookup_expr_members/2@3e469ask.
[2026-10-07 23:45:23] (0s) Inferred that Synth::Synth::convertLookupExprToRaw/1#ea59557a#fb_10#join_rhs/2@4e2b02f2 is empty, due to Synth::Synth::convertLookupExprToRaw/1#ea59557a#fb/2@d088edm4.
[2026-10-07 23:45:23] (0s) Inferred that Synth::Synth::convertLookupExprToRaw/1#ea59557a#fb_10#join_rhs/2@d9e3649v is empty, due to Synth::Synth::convertLookupExprToRaw/1#ea59557a#fb/2@500178qe.
[2026-10-07 23:45:23] (0s) Inferred that LookupExpr::Generated::LookupExpr.getMember/0#dispred#cfef83c8_10#join_rhs/2@4e7312hs is empty, due to LookupExpr::Generated::LookupExpr.getMember/0#dispred#cfef83c8/2@5edaf8ao.
[2026-10-07 23:45:23] (0s) Inferred that LookupExpr::Generated::LookupExpr.getMember/0#dispred#cfef83c8_10#join_rhs/2@a4a21fas is empty, due to LookupExpr::Generated::LookupExpr.getMember/0#dispred#cfef83c8/2@767703rc.
[2026-10-07 23:45:23] (0s) Inferred that LookupExpr::Generated::LookupExpr.getMember/0#dispred#cfef83c8/2@b21044pr is empty, due to Synth::Synth::convertLookupExprToRaw/1#ea59557a#fb_10#join_rhs/2@4e2b02f2.
[2026-10-07 23:45:23] (0s) Inferred that LookupExpr::Generated::LookupExpr.getMember/0#dispred#cfef83c8/2@07d497f5 is empty, due to Synth::Synth::convertLookupExprToRaw/1#ea59557a#fb_10#join_rhs/2@d9e3649v.
[2026-10-07 23:45:23] (0s) Inferred that LookupExpr::Generated::LookupExpr.getMember/0#dispred#cfef83c8_10#join_rhs/2@d3d03138 is empty, due to LookupExpr::Generated::LookupExpr.getMember/0#dispred#cfef83c8/2@b21044pr.
[2026-10-07 23:45:23] (0s) Starting to evaluate predicate m#@decl#b/1@4da8868t
[2026-10-07 23:45:23] (0s)  >>> Created relation m#Synth::Synth::convertDeclToRaw/1#b63039ab#fb/1@baddbav4 with 63902 rows and digest 961f3e9iu49gm9pmp4at6akb8a8.
[2026-10-07 23:45:23] (0s) Starting to evaluate predicate m#Synth::Synth::convertFunctionToRaw/1#f2c987f6#fb/1@52da95jd
[2026-10-07 23:45:23] (0s)  >>> Created relation m#@decl#b/1@4da8868t with 18400 rows and digest 525369oova58gk48e1ik2g99d7d.
[2026-10-07 23:45:23] (0s)  >>> Created relation precedence_group_decls/1@dc81cfgr with 13 rows and digest ee15f0aics21le5nnj2iqgl0r0f.
[2026-10-07 23:45:23] (0s)  >>> Created relation postfix_operator_decls/1@f1155ba8 with 3 rows and digest b9fd9163r61f7q1m71n0n4gfqie.
[2026-10-07 23:45:23] (0s)  >>> Created relation prefix_operator_decls/1@a5761d9k with 9 rows and digest 3bda2e6g76ps3f87us7g6up572c.
[2026-10-07 23:45:23] (0s)  >>> Created relation pattern_binding_decls/1@817345rq with 3506 rows and digest d1d044760gj7g8qjrer34leb4t1.
[2026-10-07 23:45:23] (0s)  >>> Created relation infix_operator_decls/1@542acc28 with 57 rows and digest 5586301k2t84j9dqrc0uk8t98de.
[2026-10-07 23:45:23] (0s)  >>> Created relation if_config_decls/1@208afckh with 0 rows and digest THIS-RELATION-HAS-NO-TUPLES.
[2026-10-07 23:45:23] (0s) Inferred that Synth::Synth::TIfConfigDecl#43f53a30/2@8c6010o2 is empty, due to if_config_decls/1@208afckh.
[2026-10-07 23:45:23] (0s)  >>> Created relation enum_case_decls/1@101dc6l7 with 0 rows and digest THIS-RELATION-HAS-NO-TUPLES.
[2026-10-07 23:45:23] (0s) Inferred that Synth::Synth::TEnumCaseDecl#6ce3f6d5/2@a9af663c is empty, due to enum_case_decls/1@101dc6l7.
[2026-10-07 23:45:23] (0s)  >>> Created relation import_decls/1@27a51djl with 0 rows and digest THIS-RELATION-HAS-NO-TUPLES.
[2026-10-07 23:45:23] (0s) Inferred that Synth::Synth::TImportDecl#e2b0c550/2@763cc7sa is empty, due to import_decls/1@27a51djl.
[2026-10-07 23:45:23] (0s)  >>> Created relation using_decls/1@279279sq with 0 rows and digest THIS-RELATION-HAS-NO-TUPLES.
[2026-10-07 23:45:23] (0s) Inferred that Synth::Synth::TUsingDecl#e0cbe509/2@53d38e42 is empty, due to using_decls/1@279279sq.
[2026-10-07 23:45:23] (0s)  >>> Created relation top_level_code_decls/2@c01aceuh with 1 rows and digest d99639fg6a65d2glgn65dvprss0.
[2026-10-07 23:45:23] (0s)  >>> Created relation pound_diagnostic_decls/3@873c8ftu with 0 rows and digest THIS-RELATION-HAS-NO-TUPLES.
[2026-10-07 23:45:23] (0s) Inferred that Synth::Synth::TPoundDiagnosticDecl#dom#ba2ff1ef/1@1dd2946r is empty, due to pound_diagnostic_decls/3@873c8ftu.
[2026-10-07 23:45:23] (0s) Inferred that Synth::Synth::TPoundDiagnosticDecl#d3399477/2@bc80c1ru is empty, due to Synth::Synth::TPoundDiagnosticDecl#dom#ba2ff1ef/1@1dd2946r.
[2026-10-07 23:45:23] (0s)  >>> Created relation missing_member_decls/2@931f7cc1 with 2 rows and digest 676b75h8lmn20ohri1277g38293.
[2026-10-07 23:45:23] (0s)  >>> Created relation extension_decls/2@1342cehc with 2415 rows and digest ffe35eu9pqbqpnqkvc5mv5ojvv8.
[2026-10-07 23:45:23] (0s)  >>> Created relation captured_decls/2@a4f9c8tb with 0 rows and digest THIS-RELATION-HAS-NO-TUPLES.
[2026-10-07 23:45:23] (0s) Inferred that Synth::Synth::TCapturedDecl#dom#c375cf90/1@d5b5c5se is empty, due to captured_decls/2@a4f9c8tb.
[2026-10-07 23:45:23] (0s) Inferred that Synth::Synth::TCapturedDecl#676ccadd/2@293dbbt9 is empty, due to Synth::Synth::TCapturedDecl#dom#c375cf90/1@d5b5c5se.
[2026-10-07 23:45:23] (0s)  >>> Created relation key_path_component_decl_refs/2@6fcc3c9l with 0 rows and digest THIS-RELATION-HAS-NO-TUPLES.
[2026-10-07 23:45:23] (0s) Starting to evaluate predicate m#@value_decl#b/1@fbc43c5h
[2026-10-07 23:45:23] (0s)  >>> Created relation m#@value_decl#b/1@fbc43c5h with 18400 rows and digest 525369oova58gk48e1ik2g99d7d.
[2026-10-07 23:45:23] (0s)  >>> Created relation m#Synth::Synth::convertFunctionToRaw/1#f2c987f6#fb/1@52da95jd with 63902 rows and digest 961f3e9iu49gm9pmp4at6akb8a8.
[2026-10-07 23:45:23] (0s) Starting to evaluate predicate Synth::Synth::convertFunctionToRaw/1#f2c987f6#fb/2@2fc707hs
[2026-10-07 23:45:23] (0s)  >>> Created relation generic_type_param_decls/1@ce38f0ie with 3931 rows and digest 9728d4b7nm5fp1sq372tsfa0604.
[2026-10-07 23:45:23] (0s)  >>> Created relation associated_type_decls/1@efc09cpv with 92 rows and digest 0ccf09v7j3ju459dror2vugn471.
[2026-10-07 23:45:23] (0s)  >>> Created relation module_decls/1@27c90e46 with 9 rows and digest 1d2350u9f34fj8nqk1iptq5h101.
[2026-10-07 23:45:23] (0s)  >>> Created relation param_decls/1@b3d4dang with 31539 rows and digest 9155d6kmegshj9vvl24b4i265j4.
[2026-10-07 23:45:23] (0s)  >>> Created relation subscript_decls/2@9e8df814 with 278 rows and digest cf8819vb7faofqpvkqr4gep3qe1.
[2026-10-07 23:45:23] (0s)  >>> Created relation macro_decls/2@8fc48fc2 with 16 rows and digest 9ef9b3nrgciehiecauds4bkndv1.
[2026-10-07 23:45:23] (0s)  >>> Created relation enum_element_decls/2@ff8888v9 with 471 rows and digest 4ef2f0c7t2bhb91cg3sonhsd4c6.
[2026-10-07 23:45:23] (0s)  >>> Created relation concrete_var_decls/2@a69a69po with 3679 rows and digest ae53f1rr2hp9actk474grstf5c7.
[2026-10-07 23:45:23] (0s) Starting to evaluate predicate m#@function#b/1@89b6cdb0
[2026-10-07 23:45:23] (0s)  >>> Created relation m#@function#b/1@89b6cdb0 with 18400 rows and digest 525369oova58gk48e1ik2g99d7d.
[2026-10-07 23:45:23] (0s)  >>> Created relation Synth::Synth::convertFunctionToRaw/1#f2c987f6#fb/2@2fc707hs with 15871 rows and digest 9c6774m1sqe1v8lds1281k9el32.
[2026-10-07 23:45:23] (0s) Starting to evaluate predicate Synth::Synth::convertCallableToRaw/1#52a2f9a1#fb/2@106a22b8
[2026-10-07 23:45:23] (0s)  >>> Created relation named_functions/1@d5b724c9 with 7909 rows and digest aa8715r3qnnm5927kdvi5dqaq97.
[2026-10-07 23:45:23] (0s)  >>> Created relation deinitializers/1@076ff3rb with 84 rows and digest 3832c0knchig4u8ft1eeuv4gfp4.
[2026-10-07 23:45:23] (0s)  >>> Created relation initializers/1@5652adjm with 2050 rows and digest 960d31qdvbhiomc943go0orbt33.
[2026-10-07 23:45:23] (0s)  >>> Created relation accessors/1@fe28a6f4 with 5828 rows and digest c1dc1794tvd5h4aijvr52mg8lu4.
[2026-10-07 23:45:23] (0s)  >>> Created relation any_generic_types/2@f8ff4897 with 4627 rows and digest 4ac154jd8q817a8rgfbv2ssdiu7.
[2026-10-07 23:45:23] (0s) Starting to evaluate predicate m#@generic_type_decl#b/1@e4eb3001
[2026-10-07 23:45:23] (0s)  >>> Created relation m#@generic_type_decl#b/1@e4eb3001 with 18966 rows and digest 8e056c226nc0122klbvahshd284.
[2026-10-07 23:45:23] (0s)  >>> Created relation type_alias_decls/2@e3831fo8 with 1123 rows and digest a20276am9cbaderj20juh4mcac5.
[2026-10-07 23:45:23] (0s)  >>> Created relation opaque_type_decls/2@de6b2cp6 with 0 rows and digest THIS-RELATION-HAS-NO-TUPLES.
[2026-10-07 23:45:23] (0s) Inferred that Synth::Synth::TOpaqueTypeDecl#dom#4d213cb1/1@cffa1741 is empty, due to opaque_type_decls/2@de6b2cp6.
[2026-10-07 23:45:23] (0s) Inferred that Synth::Synth::TOpaqueTypeDecl#3f22baa3/2@1bd07ao2 is empty, due to Synth::Synth::TOpaqueTypeDecl#dom#4d213cb1/1@cffa1741.
[2026-10-07 23:45:23] (0s) Starting to evaluate predicate m#@nominal_type_decl#b/1@29c56bvc
[2026-10-07 23:45:23] (0s)  >>> Created relation Synth::Synth::convertCallableToRaw/1#52a2f9a1#fb/2@106a22b8 with 15871 rows and digest 9c6774m1sqe1v8lds1281k9el32.
[2026-10-07 23:45:23] (0s)  >>> Created relation m#@nominal_type_decl#b/1@29c56bvc with 18966 rows and digest 8e056c226nc0122klbvahshd284.
[2026-10-07 23:45:23] (0s) Starting to evaluate predicate Synth::Synth::convertCallableToRaw/1#52a2f9a1#fb_10#join_rhs/2@b5dabbog
[2026-10-07 23:45:23] (0s)  >>> Created relation protocol_decls/1@662e1212 with 145 rows and digest 40f8a05ns5p0uht732i12oncqc9.
[2026-10-07 23:45:23] (0s)  >>> Created relation struct_decls/1@48ef58bc with 529 rows and digest 52bd7688frtv0ef3a18mnjhni02.
[2026-10-07 23:45:23] (0s)  >>> Created relation Synth::Synth::convertCallableToRaw/1#52a2f9a1#fb_10#join_rhs/2@b5dabbog with 15871 rows and digest ae7c9di8uor0vfi35ocjui9hcd6.
[2026-10-07 23:45:23] (0s) Starting to evaluate predicate Callable::Generated::Callable.getName/0#dispred#1a768ff1/2@ac637eam
[2026-10-07 23:45:23] (0s)  >>> Created relation class_decls/1@51f8a80t with 82 rows and digest a1ac09uo2vqe7tos20q5gshucc7.
[2026-10-07 23:45:23] (0s)  >>> Created relation enum_decls/1@4b8a2bfd with 131 rows and digest e66ef12iilosdb4if94l8p2ec28.
[2026-10-07 23:45:23] (0s) Starting to evaluate predicate @function#b/1@1dde19eb
[2026-10-07 23:45:23] (0s)  >>> Created relation @function#b/1@1dde19eb with 9163 rows and digest e91f42ucsrte3vo07kt1h0gpnvc.
[2026-10-07 23:45:23] (0s) Starting to evaluate predicate @nominal_type_decl#b/1@64777bfi
[2026-10-07 23:45:23] (0s)  >>> Created relation Callable::Generated::Callable.getName/0#dispred#1a768ff1/2@ac637eam with 15871 rows and digest 1790cftgma9a7702cok7qr5luo7.
[2026-10-07 23:45:23] (0s) Starting to evaluate predicate @var_decl/1@ccba4bv4
[2026-10-07 23:45:23] (0s)  >>> Created relation @nominal_type_decl#b/1@64777bfi with 887 rows and digest 293c933tle6pn72flkn59ug7hpe.
[2026-10-07 23:45:23] (0s) Starting to evaluate predicate @generic_type_decl#b/1@32e90629
[2026-10-07 23:45:23] (0s)  >>> Created relation @generic_type_decl#b/1@32e90629 with 1802 rows and digest 402953m04idlu6e0lvikvhsvlh6.
[2026-10-07 23:45:23] (0s)  >>> Created relation @var_decl/1@ccba4bv4 with 35218 rows and digest fc7cfb6jsijpdh8t520naus15ne.
[2026-10-07 23:45:23] (0s) Starting to evaluate predicate Synth::Synth::TEnumDecl#3ce91061_1#join_rhs/1@380eba43
[2026-10-07 23:45:23] (0s) Starting to evaluate predicate @value_decl#b/1@7a0df07c
[2026-10-07 23:45:23] (0s)  >>> Created relation Synth::Synth::TEnumDecl#3ce91061_1#join_rhs/1@380eba43 with 131 rows and digest f311baav17tnv5fvgukh5887v3a.
[2026-10-07 23:45:23] (0s) Starting to evaluate predicate Synth::Synth::TNominalTypeDecl#f1bfce46/1@0817ddgt
[2026-10-07 23:45:23] (0s)  >>> Created relation Synth::Synth::TNominalTypeDecl#f1bfce46/1@0817ddgt with 887 rows and digest 07c4022i7buvvshjf3trnsi5u69.
[2026-10-07 23:45:23] (0s) Starting to evaluate predicate project#AstNodeImpl::Impl::Cached::getEnclosingDecl/1#e19d473b/1@7dc5c4gr
[2026-10-07 23:45:23] (0s)  >>> Created relation @value_decl#b/1@7a0df07c with 14789 rows and digest 991627kotm8ja4gek48fv4qng77.
[2026-10-07 23:45:23] (0s) Starting to evaluate predicate @decl#b/1@1dd01fvs
[2026-10-07 23:45:23] (0s)  >>> Created relation project#AstNodeImpl::Impl::Cached::getEnclosingDecl/1#e19d473b/1@7dc5c4gr with 26499 rows and digest 7c942ettda17hk2nr8n2f5brh91.
[2026-10-07 23:45:23] (0s)  >>> Created relation type_decls/3@77b615l0 with 6042 rows and digest b1c60f9bb5chsockdr6s5as1jib.
[2026-10-07 23:45:23] (0s)  >>> Created relation type_decl_inherited_types/3@0e08d2i9 with 651 rows and digest 7ae3701ji5bggroro1re97u86b2.
[2026-10-07 23:45:23] (0s) Starting to evaluate predicate m#Synth::Synth::convertTypeDeclToRaw/1#114006c7#fb/1@ba10341o
[2026-10-07 23:45:23] (0s)  >>> Created relation m#Synth::Synth::convertTypeDeclToRaw/1#114006c7#fb/1@ba10341o with 63902 rows and digest 961f3e9iu49gm9pmp4at6akb8a8.
[2026-10-07 23:45:23] (0s)  >>> Created relation nominal_type_decls/2@459595c7 with 887 rows and digest e50051vkt58oho3216njbt51o3f.
[2026-10-07 23:45:23] (0s) Starting to evaluate predicate m#Synth::Synth::convertNominalTypeDeclToRaw/1#3ed20115#fb/1@06e675p4
[2026-10-07 23:45:23] (0s)  >>> Created relation m#Synth::Synth::convertNominalTypeDeclToRaw/1#3ed20115#fb/1@06e675p4 with 63902 rows and digest 961f3e9iu49gm9pmp4at6akb8a8.
[2026-10-07 23:45:23] (0s)  >>> Created relation @decl#b/1@1dd01fvs with 18255 rows and digest 662b46ijqmbedlhogecl2masn90.
[2026-10-07 23:45:23] (0s) Starting to evaluate predicate Synth::Synth::convertNominalTypeDeclToRaw/1#3ed20115#fb/2@936da5vp
[2026-10-07 23:45:23] (0s) Starting to evaluate predicate const_0/1@7a16042s
[2026-10-07 23:45:23] (0s)  >>> Created relation Synth::Synth::convertNominalTypeDeclToRaw/1#3ed20115#fb/2@936da5vp with 887 rows and digest ffc549p5qm90v1g1dv06a7ub76a.
[2026-10-07 23:45:23] (0s) Starting to evaluate predicate Synth::Synth::convertNominalTypeDeclToRaw/1#3ed20115#fb_10#join_rhs/2@afb13fdl
[2026-10-07 23:45:23] (0s)  >>> Created relation const_0/1@7a16042s with 1 rows and digest a7a7c00oofmfu2but23q8mpkdm0.
[2026-10-07 23:45:23] (0s)  >>> Created relation Synth::Synth::convertNominalTypeDeclToRaw/1#3ed20115#fb_10#join_rhs/2@afb13fdl with 887 rows and digest 148e201ektf5sqmal3ovj9sfjf6.
[2026-10-07 23:45:23] (0s) Starting to evaluate predicate FlowSummaryImpl::Public::getValidModelOrigin/0#af00c30a/1@d40c66cn
[2026-10-07 23:45:23] (0s) Starting to evaluate predicate Synth::Synth::convertTypeDeclToRaw/1#114006c7#fb/2@2436016l
[2026-10-07 23:45:23] (0s)  >>> Created relation FlowSummaryImpl::Public::getValidModelOrigin/0#af00c30a/1@d40c66cn with 5 rows and digest 605b988dnmmt4j2tcqcu1o0gtd6.
[2026-10-07 23:45:23] (0s) Starting to evaluate predicate FlowSummaryImpl::Public::Provenance#400b7aaf/2@1ba4c6gd
[2026-10-07 23:45:23] (0s)  >>> Created relation Synth::Synth::convertTypeDeclToRaw/1#114006c7#fb/2@2436016l with 6042 rows and digest 7c9caenamlckn4hv6oq53ddmn68.
[2026-10-07 23:45:23] (0s) Starting to evaluate predicate Synth::Synth::convertTypeDeclToRaw/1#114006c7#fb_10#join_rhs/2@10040amr
[2026-10-07 23:45:23] (0s)  >>> Created relation FlowSummaryImpl::Public::Provenance#400b7aaf/2@1ba4c6gd with 11 rows and digest 5218154omsb09364amfm7vp4jg3.
[2026-10-07 23:45:23] (0s) Starting to evaluate predicate project#FlowSummaryImpl::Private::External::AccessPath::getRawToken/2#e4887efa#nullary/0@8e3f64qu
[2026-10-07 23:45:23] (0s)  >>> Created relation Synth::Synth::convertTypeDeclToRaw/1#114006c7#fb_10#join_rhs/2@10040amr with 6042 rows and digest cda25fq0pltcqk535tm39pik5f9.
[2026-10-07 23:45:23] (0s)  >>> Created relation project#FlowSummaryImpl::Private::External::AccessPath::getRawToken/2#e4887efa#nullary/0@8e3f64qu with 1 rows and digest ac90f0ei322hhreshlvdl215c38.
[2026-10-07 23:45:23] (0s) Starting to evaluate predicate TypeDecl::Generated::TypeDecl.getName/0#dispred#9d4d687f/2@015763eu
[2026-10-07 23:45:23] (0s) Starting to evaluate predicate Synth::Synth::convertDeclToRaw/1#b63039ab#fb/2@e8a16c94
[2026-10-07 23:45:23] (0s)  >>> Created relation TypeDecl::Generated::TypeDecl.getName/0#dispred#9d4d687f/2@015763eu with 6042 rows and digest 903e3416s14g4olos714kqd7q5d.
[2026-10-07 23:45:23] (0s) Starting to evaluate predicate Synth::Synth::TFunction#4b08b623/1@3c002778
[2026-10-07 23:45:23] (0s)  >>> Created relation Synth::Synth::TFunction#4b08b623/1@3c002778 with 15871 rows and digest 6dfd06gbnr2kjmka568rr1btu29.
[2026-10-07 23:45:23] (0s) Starting to evaluate predicate ExternalFlow::summaryModel/1#46abaa5c/1@889a20o8
[2026-10-07 23:45:23] (0s)  >>> Created relation Synth::Synth::convertDeclToRaw/1#b63039ab#fb/2@e8a16c94 with 24328 rows and digest b26d5frrk0ku5mmmdn4cfdqju82.
[2026-10-07 23:45:23] (0s) Starting to evaluate predicate Synth::Synth::convertDeclToRaw/1#b63039ab#fb_10#join_rhs/2@ac5635a9
[2026-10-07 23:45:23] (0s)  >>> Created relation Synth::Synth::convertDeclToRaw/1#b63039ab#fb_10#join_rhs/2@ac5635a9 with 24328 rows and digest ecaf9eimistblge6vn3sbjcfot4.
[2026-10-07 23:45:23] (0s) Starting to evaluate predicate Synth::Synth::convertFunctionFromRaw/1#5a7c5df1#bf/2@5d651amk
[2026-10-07 23:45:23] (0s)  >>> Created relation ExternalFlow::summaryModel/1#46abaa5c/1@889a20o8 with 818 rows and digest 7c9882v6b7ro2dmlds7om5kjuad.
[2026-10-07 23:45:23] (0s) Starting to evaluate predicate Synth::Synth::convertNominalTypeDeclFromRaw/1#053ecc94#bf/2@23a735gj
[2026-10-07 23:45:23] (0s)  >>> Created relation Synth::Synth::convertNominalTypeDeclFromRaw/1#053ecc94#bf/2@23a735gj with 887 rows and digest 148e201ektf5sqmal3ovj9sfjf6.
[2026-10-07 23:45:23] (0s) Starting to evaluate predicate Synth::Synth::convertGenericTypeDeclFromRaw/1#53f2731d#bf/2@acebfaie
[2026-10-07 23:45:23] (0s)  >>> Created relation Synth::Synth::convertGenericTypeDeclFromRaw/1#53f2731d#bf/2@acebfaie with 1802 rows and digest a3f9f9o8k6kts53pcn1vso2fik6.
[2026-10-07 23:45:23] (0s) Starting to evaluate predicate Synth::Synth::convertVarDeclFromRaw/1#87b11dab#bf/2@0d31417j
[2026-10-07 23:45:23] (0s)  >>> Created relation Synth::Synth::convertFunctionFromRaw/1#5a7c5df1#bf/2@5d651amk with 9163 rows and digest 5193335tcsnj4a5ca41j7a9kc49.
[2026-10-07 23:45:23] (0s)  >>> Created relation Synth::Synth::convertVarDeclFromRaw/1#87b11dab#bf/2@0d31417j with 3549 rows and digest 717932qr08q95h6fk4olilpfphd.
[2026-10-07 23:45:23] (0s) Starting to evaluate predicate Synth::Synth::convertValueDeclFromRaw/1#89f326f1#bf/2@f2257aai
[2026-10-07 23:45:23] (0s) Starting to evaluate predicate ExternalFlow::summaryModel/10#d1ca1881#cpe#123456789#bffbbffff/9@712fba6n
[2026-10-07 23:45:23] (0s)  >>> Created relation Synth::Synth::convertValueDeclFromRaw/1#89f326f1#bf/2@f2257aai with 14789 rows and digest 99a24911j80hp875miomuji1laa.
[2026-10-07 23:45:23] (0s) Starting to evaluate predicate Synth::Synth::convertDeclFromRaw/1#11ddb6a3#bf/2@e3e2f22u
[2026-10-07 23:45:23] (0s)  >>> Created relation Synth::Synth::convertDeclFromRaw/1#11ddb6a3#bf/2@e3e2f22u with 18255 rows and digest b1c66c6osdl0fhm4tvh4qps9708.
[2026-10-07 23:45:23] (0s) Starting to evaluate predicate Decl::Generated::Decl.getAMember/0#dispred#8544abdc/2@34a14fcl
[2026-10-07 23:45:23] (0s)  >>> Created relation Decl::Generated::Decl.getAMember/0#dispred#8544abdc/2@34a14fcl with 18225 rows and digest fd5fc4e5a8cnmcsatm9lqlg5dq3.
[2026-10-07 23:45:23] (0s) Starting to evaluate predicate m#Decl::Decl.asNominalTypeDecl/0#dispred#6841cd82#bf/1@492fd8cg
[2026-10-07 23:45:23] (0s)  >>> Created relation m#Decl::Decl.asNominalTypeDecl/0#dispred#6841cd82#bf/1@492fd8cg with 26499 rows and digest 7c942ettda17hk2nr8n2f5brh91.
[2026-10-07 23:45:23] (0s) Starting to evaluate predicate ExtensionDecl::Generated::ExtensionDecl.getExtendedTypeDecl/0#dispred#9b7f025d/2@bff2e1f5
[2026-10-07 23:45:23] (0s)  >>> Created relation ExtensionDecl::Generated::ExtensionDecl.getExtendedTypeDecl/0#dispred#9b7f025d/2@bff2e1f5 with 2415 rows and digest 24921do9gjiqbn4tk1jpotrl152.
[2026-10-07 23:45:23] (0s) Starting to evaluate predicate Decl::Decl.asNominalTypeDecl/0#dispred#6841cd82#bf/2@e010806j
[2026-10-07 23:45:23] (0s)  >>> Created relation Decl::Decl.asNominalTypeDecl/0#dispred#6841cd82#bf/2@e010806j with 3212 rows and digest 2526e769jcrdemb96orob3b1clf.
[2026-10-07 23:45:23] (0s) Starting to evaluate predicate Decl::Generated::Decl.getAMember/0#dispred#8544abdc_10#join_rhs/2@67242b1c
[2026-10-07 23:45:23] (0s)  >>> Created relation Decl::Generated::Decl.getAMember/0#dispred#8544abdc_10#join_rhs/2@67242b1c with 18225 rows and digest 0b14fbo2ocjtbo41tt9vu149nec.
[2026-10-07 23:45:23] (0s) Starting to evaluate predicate Decl::Decl.asNominalTypeDecl/0#dispred#6841cd82#bf_10#join_rhs/2@95c77335
[2026-10-07 23:45:23] (0s)  >>> Created relation Decl::Decl.asNominalTypeDecl/0#dispred#6841cd82#bf_10#join_rhs/2@95c77335 with 3212 rows and digest 7ebac14cj1jh8t74gn4coeoed71.
[2026-10-07 23:45:23] (0s) Starting to evaluate predicate ExternalFlow::sourceModel/1#9acf2955/1@40c124bc
[2026-10-07 23:45:23] (0s)  >>> Created relation ExternalFlow::sourceModel/1#9acf2955/1@40c124bc with 45 rows and digest 8c862f0s0vae00jsrguo11fkrke.
[2026-10-07 23:45:23] (0s)  >>> Created relation l_value_types/2@2fbd1c4m with 19 rows and digest bfdc37l9atquaodktubjs1jj3j0.
[2026-10-07 23:45:23] (0s)  >>> Created relation dynamic_self_types/2@f41a11fv with 1 rows and digest 7ea69c2rviqeikbuiqjgb1r8fgc.
[2026-10-07 23:45:23] (0s) Starting to evaluate predicate m#Raw::Raw::Type#99a362c7#b/1@8b0ff688
[2026-10-07 23:45:23] (0s)  >>> Created relation m#Raw::Raw::Type#99a362c7#b/1@8b0ff688 with 5610 rows and digest 9e44ea2t3ffc8no5hdtvodml8u5.
[2026-10-07 23:45:23] (0s)  >>> Created relation builtin_raw_unsafe_continuation_types/1@98a12cpb with 1 rows and digest 6f2d3f7dvpurnhuo80s807gph27.
[2026-10-07 23:45:23] (0s)  >>> Created relation builtin_default_actor_storage_types/1@24e6f7pm with 0 rows and digest THIS-RELATION-HAS-NO-TUPLES.
[2026-10-07 23:45:23] (0s) Inferred that Synth::Synth::TBuiltinDefaultActorStorageType#2f47b651/2@5ede2agf is empty, due to builtin_default_actor_storage_types/1@24e6f7pm.
[2026-10-07 23:45:23] (0s)  >>> Created relation builtin_unsafe_value_buffer_types/1@2ecbba40 with 1 rows and digest c401c183hukaonqoh1gapvmeesd.
[2026-10-07 23:45:23] (0s)  >>> Created relation builtin_integer_literal_types/1@1a4dd7ae with 1 rows and digest a419783r0jgia48u5g22fpf4qg5.
[2026-10-07 23:45:23] (0s)  >>> Created relation existential_archetype_types/1@1d5c55i4 with 0 rows and digest THIS-RELATION-HAS-NO-TUPLES.
[2026-10-07 23:45:23] (0s) Inferred that Synth::Synth::TExistentialArchetypeType#781535e4/2@7718072n is empty, due to existential_archetype_types/1@1d5c55i4.
[2026-10-07 23:45:23] (0s)  >>> Created relation builtin_native_object_types/1@c55a64a9 with 1 rows and digest bcb465620iu9n2hj3o6npro4km3.
[2026-10-07 23:45:23] (0s)  >>> Created relation builtin_bridge_object_types/1@2898e96d with 1 rows and digest e299ad6safopa8kagb1etqmbgr4.
[2026-10-07 23:45:23] (0s)  >>> Created relation protocol_composition_types/1@98599a48 with 4 rows and digest ac88b5vbleu56tbn63u4afjm78b.
[2026-10-07 23:45:23] (0s)  >>> Created relation existential_metatype_types/1@57632du2 with 4 rows and digest 46c1bapth9sbeubefqg889qspl4.
[2026-10-07 23:45:23] (0s)  >>> Created relation bound_generic_struct_types/1@e0240e3l with 2676 rows and digest 50c53799s096h5i33bflrboufpe.
[2026-10-07 23:45:23] (0s)  >>> Created relation builtin_raw_pointer_types/1@ef6ba990 with 1 rows and digest b02a87b79lr2so2gdi5nbuttnm5.
[2026-10-07 23:45:23] (0s)  >>> Created relation bound_generic_class_types/1@8867efmr with 239 rows and digest 972f89553gb4s36fc1mma7amka0.
[2026-10-07 23:45:23] (0s)  >>> Created relation generic_type_param_types/1@ae3c4c0u with 3943 rows and digest ca0899badqbcguieg2li68bqtt6.
[2026-10-07 23:45:23] (0s)  >>> Created relation bound_generic_enum_types/1@65647a4c with 434 rows and digest eef1c8rtuao0t8df78f5hh2j4m0.
[2026-10-07 23:45:23] (0s)  >>> Created relation variadic_sequence_types/1@92c9e3i9 with 33 rows and digest 518fa3fnu27p89i89sknipqko7d.
[2026-10-07 23:45:23] (0s)  >>> Created relation unmanaged_storage_types/1@a9ab636l with 3 rows and digest 7b6519ob93nlh436d0bnmfgahs4.
[2026-10-07 23:45:23] (0s)  >>> Created relation primary_archetype_types/1@01dc368i with 2532 rows and digest d3853fjadisqgrj3n7ifb7n1j5d.
[2026-10-07 23:45:23] (0s)  >>> Created relation element_archetype_types/1@a0755c61 with 0 rows and digest THIS-RELATION-HAS-NO-TUPLES.
[2026-10-07 23:45:23] (0s) Inferred that Synth::Synth::TElementArchetypeType#b3949d06/2@2ba9capv is empty, due to element_archetype_types/1@a0755c61.
[2026-10-07 23:45:23] (0s)  >>> Created relation generic_function_types/1@b96860oe with 12683 rows and digest 9bcd31d88ovs7deenadd2llm1r3.
[2026-10-07 23:45:23] (0s)  >>> Created relation builtin_executor_types/1@00d4f3op with 1 rows and digest 3eef4ete4m8apka1u61hmarilr7.
[2026-10-07 23:45:23] (0s)  >>> Created relation unowned_storage_types/1@791945ke with 0 rows and digest THIS-RELATION-HAS-NO-TUPLES.
[2026-10-07 23:45:23] (0s) Inferred that Synth::Synth::TUnownedStorageType#05dc6da5/2@30f6e8qd is empty, due to unowned_storage_types/1@791945ke.
[2026-10-07 23:45:23] (0s)  >>> Created relation unbound_generic_types/1@e87275ec with 169 rows and digest db6ce2g1lv7br435rkb0u9h52v3.
[2026-10-07 23:45:23] (0s)  >>> Created relation builtin_integer_types/1@a2dc83r1 with 7 rows and digest 8e84e6a3l6ptrkpd3o5j56baet1.
[2026-10-07 23:45:23] (0s)  >>> Created relation pack_archetype_types/1@8981fff5 with 1 rows and digest e10be5ioehqoa0g01dsm6q42980.
[2026-10-07 23:45:23] (0s)  >>> Created relation builtin_vector_types/1@dffe330f with 42 rows and digest b2b1b816c6qj4or4ue824dgjeu9.
[2026-10-07 23:45:23] (0s)  >>> Created relation builtin_float_types/1@94a3dbpt with 3 rows and digest 77178eahgcakirh0kog378lev44.
[2026-10-07 23:45:23] (0s)  >>> Created relation weak_storage_types/1@fa44253k with 0 rows and digest THIS-RELATION-HAS-NO-TUPLES.
[2026-10-07 23:45:23] (0s) Inferred that Synth::Synth::TWeakStorageType#80cad9d5/2@7c25447m is empty, due to weak_storage_types/1@fa44253k.
[2026-10-07 23:45:23] (0s)  >>> Created relation builtin_job_types/1@1777e98p with 1 rows and digest 9669f06l61rmpukg5qvbue2ari6.
[2026-10-07 23:45:23] (0s)  >>> Created relation array_slice_types/1@24c2c35o with 110 rows and digest 6ca24105mafnul4m1ktpp0qu77b.
[2026-10-07 23:45:23] (0s)  >>> Created relation unresolved_types/1@27485drk with 0 rows and digest THIS-RELATION-HAS-NO-TUPLES.
[2026-10-07 23:45:23] (0s) Inferred that Synth::Synth::TUnresolvedType#a38a5b5d/2@559561hd is empty, due to unresolved_types/1@27485drk.
[2026-10-07 23:45:23] (0s)  >>> Created relation protocol_types/1@dddde92o with 145 rows and digest e81f79c8lu7j4r3u6fou8dug9ja.
[2026-10-07 23:45:23] (0s)  >>> Created relation optional_types/1@b3d3beu9 with 671 rows and digest 300b92p7rci4kv36pchs5b0sqq9.
[2026-10-07 23:45:23] (0s)  >>> Created relation metatype_types/1@431c6c4c with 7140 rows and digest 0742badkhjdh6a9251old6m44ge.
[2026-10-07 23:45:23] (0s)  >>> Created relation function_types/1@d9cc069f with 18671 rows and digest cfebcb6eq9m0mpsggdn3ka9rkra.
[2026-10-07 23:45:23] (0s)  >>> Created relation struct_types/1@5f78eaeh with 699 rows and digest c12515ii0obp17gg069vf1s7ocd.
[2026-10-07 23:45:23] (0s)  >>> Created relation tuple_types/1@96c73dpa with 468 rows and digest 0d0622pa5qugnbsfn8kf5htrlt3.
[2026-10-07 23:45:23] (0s)  >>> Created relation error_types/1@79ece05l with 1 rows and digest 548741nffgihcu2b9pcbsl8fu38.
[2026-10-07 23:45:23] (0s)  >>> Created relation class_types/1@233f26ck with 68 rows and digest 199cd1uv2flddatg22ioe0v6q77.
[2026-10-07 23:45:23] (0s)  >>> Created relation pack_types/1@120d7905 with 0 rows and digest THIS-RELATION-HAS-NO-TUPLES.
[2026-10-07 23:45:23] (0s) Inferred that Synth::Synth::TPackType#24187f72/2@7b51b2a3 is empty, due to pack_types/1@120d7905.
[2026-10-07 23:45:23] (0s)  >>> Created relation enum_types/1@51cf840s with 197 rows and digest 755623gpchlv3d8vdkmauiaoti0.
[2026-10-07 23:45:23] (0s)  >>> Created relation type_alias_types/2@f55067id with 1343 rows and digest c8a00favlh5h7jchcr2b1p02gma.
[2026-10-07 23:45:23] (0s)  >>> Created relation paren_types/2@9a024eq1 with 0 rows and digest THIS-RELATION-HAS-NO-TUPLES.
[2026-10-07 23:45:23] (0s) Inferred that Synth::Synth::TParenType#dom#7f7c5909/1@1c4701ph is empty, due to paren_types/2@9a024eq1.
[2026-10-07 23:45:23] (0s) Inferred that Synth::Synth::TParenType#da175b47/2@a974dccv is empty, due to Synth::Synth::TParenType#dom#7f7c5909/1@1c4701ph.
[2026-10-07 23:45:23] (0s)  >>> Created relation parameterized_protocol_types/2@eb1aedht with 16 rows and digest ab4446desf7b0jcg355q1f1ljt9.
[2026-10-07 23:45:23] (0s)  >>> Created relation pack_expansion_types/3@25cc722j with 3 rows and digest 47b6f4sgi8fkcer6glh0d08vgcf.
[2026-10-07 23:45:23] (0s)  >>> Created relation pack_element_types/2@a07d91jr with 0 rows and digest THIS-RELATION-HAS-NO-TUPLES.
[2026-10-07 23:45:23] (0s) Inferred that Synth::Synth::TPackElementType#dom#8300a567/1@2d9c02eu is empty, due to pack_element_types/2@a07d91jr.
[2026-10-07 23:45:23] (0s) Inferred that Synth::Synth::TPackElementType#f174a347/2@a8ecdc5p is empty, due to Synth::Synth::TPackElementType#dom#8300a567/1@2d9c02eu.
[2026-10-07 23:45:23] (0s)  >>> Created relation opaque_type_archetype_types/2@283669du with 0 rows and digest THIS-RELATION-HAS-NO-TUPLES.
[2026-10-07 23:45:23] (0s) Inferred that Synth::Synth::TOpaqueTypeArchetypeType#dom#7cb55de7/1@cc4da3q9 is empty, due to opaque_type_archetype_types/2@283669du.
[2026-10-07 23:45:23] (0s) Inferred that Synth::Synth::TOpaqueTypeArchetypeType#5be8fd26/2@0b8525v7 is empty, due to Synth::Synth::TOpaqueTypeArchetypeType#dom#7cb55de7/1@cc4da3q9.
[2026-10-07 23:45:23] (0s)  >>> Created relation module_types/2@4eb60aun with 9 rows and digest 0bf1d0jmgmi6rkvgr8btb7o3a7d.
[2026-10-07 23:45:23] (0s)  >>> Created relation integer_types/2@14d1d232 with 6 rows and digest b66800dgtcgijra04ghl767eid3.
[2026-10-07 23:45:23] (0s)  >>> Created relation inline_array_types/3@fda0d158 with 0 rows and digest THIS-RELATION-HAS-NO-TUPLES.
[2026-10-07 23:45:23] (0s) Inferred that Synth::Synth::TInlineArrayType#dom#99d857a5/1@a12ff1un is empty, due to inline_array_types/3@fda0d158.
[2026-10-07 23:45:23] (0s) Inferred that Synth::Synth::TInlineArrayType#f9d546ec/2@8945cdht is empty, due to Synth::Synth::TInlineArrayType#dom#99d857a5/1@a12ff1un.
[2026-10-07 23:45:23] (0s)  >>> Created relation in_out_types/2@88dbdau9 with 0 rows and digest THIS-RELATION-HAS-NO-TUPLES.
[2026-10-07 23:45:23] (0s) Inferred that Synth::Synth::TInOutType#dom#3cbf7dda/1@a6e136jm is empty, due to in_out_types/2@88dbdau9.
[2026-10-07 23:45:23] (0s) Inferred that Synth::Synth::TInOutType#a1735351/2@66c69fhl is empty, due to Synth::Synth::TInOutType#dom#3cbf7dda/1@a6e136jm.
[2026-10-07 23:45:23] (0s)  >>> Created relation existential_types/2@e4a9b146 with 31 rows and digest 75e32ee18f0ttmfdq3afs4pvi29.
[2026-10-07 23:45:23] (0s)  >>> Created relation dictionary_types/3@78f26d3l with 12 rows and digest 4f7b0a4hppai63gfumf86eh46h9.
[2026-10-07 23:45:23] (0s)  >>> Created relation dependent_member_types/3@edddc3an with 937 rows and digest a579f3ehmm3dr7sm2q16stemvn1.
[2026-10-07 23:45:23] (0s)  >>> Created relation builtin_fixed_array_types/3@bf390dm0 with 3 rows and digest fae34a37pd7p3ig58elvsk29qb9.
[2026-10-07 23:45:23] (0s) Starting to evaluate predicate Raw::Raw::Type#99a362c7#b/1@673b1e88
[2026-10-07 23:45:23] (0s)  >>> Created relation Raw::Raw::Type#99a362c7#b/1@673b1e88 with 5610 rows and digest 9e44ea2t3ffc8no5hdtvodml8u5.
[2026-10-07 23:45:23] (0s) Starting to evaluate predicate Synth::Synth::convertTypeFromRaw/1#69bbb1b7#bf/2@ae53c0dh
[2026-10-07 23:45:23] (0s)  >>> Created relation Synth::Synth::convertTypeFromRaw/1#69bbb1b7#bf/2@ae53c0dh with 5610 rows and digest d006c71m1n9vni3988adkij7h00.
[2026-10-07 23:45:23] (0s) Starting to evaluate predicate Synth::Synth::convertAnyGenericTypeToRaw/1#7f7b1da2#fb/2@13e30649
[2026-10-07 23:45:23] (0s)  >>> Created relation Synth::Synth::convertAnyGenericTypeToRaw/1#7f7b1da2#fb/2@13e30649 with 4627 rows and digest 76f14br8cv6jggmge2c98q3l7i6.
[2026-10-07 23:45:23] (0s) Starting to evaluate predicate Synth::Synth::convertAnyGenericTypeToRaw/1#7f7b1da2#fb_10#join_rhs/2@bbbe9bud
[2026-10-07 23:45:23] (0s)  >>> Created relation Synth::Synth::convertAnyGenericTypeToRaw/1#7f7b1da2#fb_10#join_rhs/2@bbbe9bud with 4627 rows and digest e28fa3qo8iucqrt7gr2nghllnrf.
[2026-10-07 23:45:23] (0s) Starting to evaluate predicate AnyGenericType::Generated::AnyGenericType.getDeclaration/0#dispred#4c42e1b4/2@df48047v
[2026-10-07 23:45:23] (0s)  >>> Created relation AnyGenericType::Generated::AnyGenericType.getDeclaration/0#dispred#4c42e1b4/2@df48047v with 4627 rows and digest fa66992lncdn313gdve704kvq48.
[2026-10-07 23:45:23] (0s)  >>> Created relation paren_patterns/2@a0ac061b with 0 rows and digest THIS-RELATION-HAS-NO-TUPLES.
[2026-10-07 23:45:23] (0s) Inferred that Synth::Synth::TParenPattern#dom#86c804bb/1@c00f4201 is empty, due to paren_patterns/2@a0ac061b.
[2026-10-07 23:45:23] (0s) Inferred that Synth::Synth::TParenPattern#14396679/2@204e6cs5 is empty, due to Synth::Synth::TParenPattern#dom#86c804bb/1@c00f4201.
[2026-10-07 23:45:23] (0s)  >>> Created relation binding_patterns/2@5bca7dc6 with 0 rows and digest THIS-RELATION-HAS-NO-TUPLES.
[2026-10-07 23:45:23] (0s) Inferred that Synth::Synth::TBindingPattern#dom#1597055b/1@ee1c7csr is empty, due to binding_patterns/2@5bca7dc6.
[2026-10-07 23:45:23] (0s) Inferred that Synth::Synth::TBindingPattern#a1286971/2@9e7ef3pm is empty, due to Synth::Synth::TBindingPattern#dom#1597055b/1@ee1c7csr.
[2026-10-07 23:45:23] (0s) Starting to evaluate predicate Synth::Synth::convertPatternFromRaw/1#aac7661b/2@92af9a5r
[2026-10-07 23:45:23] (0s)  >>> Created relation Synth::Synth::convertPatternFromRaw/1#aac7661b/2@92af9a5r with 6889 rows and digest 25ed81iu9ssdohf6a3gc01n95s3.
[2026-10-07 23:45:23] (0s) Starting to evaluate predicate Synth::Synth::convertClosureExprFromRaw/1#84825f6b/2@9d9bb4b6
[2026-10-07 23:45:23] (0s)  >>> Created relation Synth::Synth::convertClosureExprFromRaw/1#84825f6b/2@9d9bb4b6 with 0 rows and digest THIS-RELATION-HAS-NO-TUPLES.
[2026-10-07 23:45:23] (0s) Starting to evaluate predicate Synth::Synth::convertExprFromRaw/1#05c84b4a#bf/2@99c16ehr
[2026-10-07 23:45:23] (0s)  >>> Created relation Synth::Synth::convertExprFromRaw/1#05c84b4a#bf/2@99c16ehr with 206 rows and digest c61478uhi1hekv69qobo1dhabsd.
[2026-10-07 23:45:23] (0s)  >>> Created relation one_way_exprs/2@f5e2a131 with 0 rows and digest THIS-RELATION-HAS-NO-TUPLES.
[2026-10-07 23:45:23] (0s) Inferred that Synth::Synth::TOneWayExpr#dom#3569e7f6/1@176f823l is empty, due to one_way_exprs/2@f5e2a131.
[2026-10-07 23:45:23] (0s) Inferred that Synth::Synth::TOneWayExpr#b4202b84/2@884403fl is empty, due to Synth::Synth::TOneWayExpr#dom#3569e7f6/1@176f823l.
[2026-10-07 23:45:23] (0s)  >>> Created relation in_out_exprs/2@08dff3br with 0 rows and digest THIS-RELATION-HAS-NO-TUPLES.
[2026-10-07 23:45:23] (0s) Inferred that Synth::Synth::TInOutExpr#dom#49aac5f1/1@1eee26an is empty, due to in_out_exprs/2@08dff3br.
[2026-10-07 23:45:23] (0s) Inferred that Synth::Synth::TInOutExpr#44321ca1/2@358f8390 is empty, due to Synth::Synth::TInOutExpr#dom#49aac5f1/1@1eee26an.
[2026-10-07 23:45:23] (0s)  >>> Created relation implicit_conversion_exprs/2@7a3df9p5 with 7 rows and digest ec77a1qlmuue06gv42mok4dkes1.
[2026-10-07 23:45:23] (0s)  >>> Created relation explicit_cast_exprs/2@e2ece0cm with 0 rows and digest THIS-RELATION-HAS-NO-TUPLES.
[2026-10-07 23:45:23] (0s) Inferred that Synth::Synth::convertExplicitCastExprToRaw/1#486dcb63#fb/2@29bd527j is empty, due to explicit_cast_exprs/2@e2ece0cm.
[2026-10-07 23:45:23] (0s) Inferred that ExplicitCastExpr::Generated::ExplicitCastExpr.getImmediateSubExpr/0#dispred#da19512d/2@2e20d9m9 is empty, due to explicit_cast_exprs/2@e2ece0cm.
[2026-10-07 23:45:23] (0s) Inferred that Synth::Synth::convertExplicitCastExprToRaw/1#486dcb63#fb_10#join_rhs/2@3d6295h2 is empty, due to Synth::Synth::convertExplicitCastExprToRaw/1#486dcb63#fb/2@29bd527j.
[2026-10-07 23:45:23] (0s) Inferred that ExplicitCastExpr::Generated::ExplicitCastExpr.getSubExpr/0#dispred#fc2429f4/2@32c447i1 is empty, due to ExplicitCastExpr::Generated::ExplicitCastExpr.getImmediateSubExpr/0#dispred#da19512d/2@2e20d9m9.
[2026-10-07 23:45:23] (0s) Inferred that ExplicitCastExpr::Generated::ExplicitCastExpr.getImmediateSubExpr/0#dispred#da19512d/2@4ca27125 is empty, due to Synth::Synth::convertExplicitCastExprToRaw/1#486dcb63#fb_10#join_rhs/2@3d6295h2.
[2026-10-07 23:45:23] (0s)  >>> Created relation identity_exprs/2@1f545fs1 with 0 rows and digest THIS-RELATION-HAS-NO-TUPLES.
[2026-10-07 23:45:23] (0s) Inferred that Synth::Synth::convertIdentityExprToRaw/1#8a5e8892#fb/2@99d926ef is empty, due to identity_exprs/2@1f545fs1.
[2026-10-07 23:45:23] (0s) Inferred that IdentityExpr::IdentityExpr.convertsFrom/1#dispred#0a2d7a42/2@a457a1cd is empty, due to identity_exprs/2@1f545fs1.
[2026-10-07 23:45:23] (0s) Inferred that Synth::Synth::convertIdentityExprToRaw/1#8a5e8892#fb_10#join_rhs/2@ff44a8gb is empty, due to Synth::Synth::convertIdentityExprToRaw/1#8a5e8892#fb/2@99d926ef.
[2026-10-07 23:45:23] (0s) Inferred that IdentityExpr::Generated::IdentityExpr.getImmediateSubExpr/0#dispred#6ec588c9/2@fa1daahi is empty, due to Synth::Synth::convertIdentityExprToRaw/1#8a5e8892#fb_10#join_rhs/2@ff44a8gb.
[2026-10-07 23:45:23] (0s) Starting to evaluate predicate m#Synth::Synth::convertImplicitConversionExprToRaw/1#4e5e3133#fb/1@3b957bbj
[2026-10-07 23:45:23] (0s)  >>> Created relation m#Synth::Synth::convertImplicitConversionExprToRaw/1#4e5e3133#fb/1@3b957bbj with 206 rows and digest 856849t57rv7hrjamlo3gpmo5f5.
[2026-10-07 23:45:23] (0s) Starting to evaluate predicate Synth::Synth::convertImplicitConversionExprToRaw/1#4e5e3133#fb/2@b1193dhk
[2026-10-07 23:45:23] (0s)  >>> Created relation Synth::Synth::convertImplicitConversionExprToRaw/1#4e5e3133#fb/2@b1193dhk with 7 rows and digest 5f399dot56t1ertf0r4or9v85hd.
[2026-10-07 23:45:23] (0s) Starting to evaluate predicate Synth::Synth::convertImplicitConversionExprToRaw/1#4e5e3133#fb_10#join_rhs/2@d66eabho
[2026-10-07 23:45:23] (0s)  >>> Created relation Synth::Synth::convertImplicitConversionExprToRaw/1#4e5e3133#fb_10#join_rhs/2@d66eabho with 7 rows and digest ea3a0bgnahgfdbclqb3lipv4q8d.
[2026-10-07 23:45:23] (0s) Starting to evaluate predicate m#Synth::Synth::convertExplicitCastExprToRaw/1#486dcb63#fb/1@e13e4bc1
[2026-10-07 23:45:23] (0s)  >>> Created relation m#Synth::Synth::convertExplicitCastExprToRaw/1#486dcb63#fb/1@e13e4bc1 with 206 rows and digest 856849t57rv7hrjamlo3gpmo5f5.
[2026-10-07 23:45:23] (0s) Starting to evaluate predicate Synth::Synth::convertExplicitCastExprToRaw/1#486dcb63#fb/2@cd31f0cs
[2026-10-07 23:45:23] (0s)  >>> Created relation Synth::Synth::convertExplicitCastExprToRaw/1#486dcb63#fb/2@cd31f0cs with 0 rows and digest THIS-RELATION-HAS-NO-TUPLES.
[2026-10-07 23:45:23] (0s) Inferred that Synth::Synth::convertExplicitCastExprToRaw/1#486dcb63#fb_10#join_rhs/2@d23270bk is empty, due to Synth::Synth::convertExplicitCastExprToRaw/1#486dcb63#fb/2@cd31f0cs.
[2026-10-07 23:45:23] (0s)  >>> Created relation m#Synth::Synth::convertIdentityExprToRaw/1#8a5e8892#fb/1@4d6adcsc with 206 rows and digest 856849t57rv7hrjamlo3gpmo5f5.
[2026-10-07 23:45:23] (0s) Starting to evaluate predicate Synth::Synth::convertIdentityExprToRaw/1#8a5e8892#fb/2@7726c9sj
[2026-10-07 23:45:23] (0s)  >>> Created relation Synth::Synth::convertIdentityExprToRaw/1#8a5e8892#fb/2@7726c9sj with 0 rows and digest THIS-RELATION-HAS-NO-TUPLES.
[2026-10-07 23:45:23] (0s) Inferred that Synth::Synth::convertIdentityExprToRaw/1#8a5e8892#fb_10#join_rhs/2@687884ok is empty, due to Synth::Synth::convertIdentityExprToRaw/1#8a5e8892#fb/2@7726c9sj.
[2026-10-07 23:45:23] (0s) Starting to evaluate predicate Expr::Expr.getResolveStep/0#dispred#318c6ca3/2@4b02909u
[2026-10-07 23:45:23] (0s)  >>> Created relation Expr::Expr.getResolveStep/0#dispred#318c6ca3/2@4b02909u with 7 rows and digest f7c10029obur0nm38bt247fnjmd.
[2026-10-07 23:45:23] (0s) Starting to evaluate predicate Element::Generated::Element.getResolveStep/0#dispred#f0bb72ef/2@24537cr7
[2026-10-07 23:45:23] (0s)  >>> Created relation Element::Generated::Element.getResolveStep/0#dispred#f0bb72ef/2@24537cr7 with 27 rows and digest d68628e8kkgr9613533ouccd9m1.
[2026-10-07 23:45:23] (0s) Starting to evaluate predicate Element::Generated::Element.getResolveStep/0#dispred#f0bb72ef_10#join_rhs/2@95c966ao
[2026-10-07 23:45:23] (0s)  >>> Created relation Element::Generated::Element.getResolveStep/0#dispred#f0bb72ef_10#join_rhs/2@95c966ao with 27 rows and digest a93f6av7m3uetbojirngg0b6tia.
[2026-10-07 23:45:23] (0s) Starting to evaluate predicate Element::Generated::Element.getResolveStep/0#dispred#f0bb72ef_0#antijoin_rhs/1@b94e8bg7
[2026-10-07 23:45:23] (0s)  >>> Created relation Element::Generated::Element.getResolveStep/0#dispred#f0bb72ef_0#antijoin_rhs/1@b94e8bg7 with 27 rows and digest 2c673d1dr2tlg89iroli2ordf0e.
[2026-10-07 23:45:23] (0s) Starting to evaluate predicate Element::Generated::Element.resolve/0#6937ae00/2@i1#49e15w0i (iteration 1)
[2026-10-07 23:45:23] (0s) 			 - Element::Generated::Element.resolve/0#6937ae00_delta has 124936 rows (order for disjuncts: delta=0).
[2026-10-07 23:45:23] (0s) Starting to evaluate predicate Element::Generated::Element.resolve/0#6937ae00/2@i2#49e15w0i (iteration 2)
[2026-10-07 23:45:23] (0s) 			 - Element::Generated::Element.resolve/0#6937ae00_delta has 27 rows (order for disjuncts: delta=<standard>).
[2026-10-07 23:45:23] (0s) Starting to evaluate predicate Element::Generated::Element.resolve/0#6937ae00/2@i3#49e15w0i (iteration 3)
[2026-10-07 23:45:23] (0s) Empty delta for Element::Generated::Element.resolve/0#6937ae00_delta (order for disjuncts: delta=<standard>).
[2026-10-07 23:45:23] (0s) Accumulating deltas
[2026-10-07 23:45:23] (0s)  >>> Created relation Element::Generated::Element.resolve/0#6937ae00/2@49e15w0i with 124963 rows and digest 22e8a750timsdqlqs9f0sfmklh7.
[2026-10-07 23:45:23] (0s)  >>> Created relation arguments/3@99b48ct3 with 6 rows and digest 655bc3c30hjqgag1qkapvhod037.
[2026-10-07 23:45:23] (0s)  >>> Created relation extension_decl_protocols/3@580be1ll with 1305 rows and digest 3fbd82kehbee2lqj7edompvg0r6.
[2026-10-07 23:45:23] (0s) Starting to evaluate predicate ExtensionDecl::Generated::ExtensionDecl.getAProtocol/0#dispred#a3d89312/2@d5ef0b3g
[2026-10-07 23:45:23] (0s)  >>> Created relation ExtensionDecl::Generated::ExtensionDecl.getAProtocol/0#dispred#a3d89312/2@d5ef0b3g with 1305 rows and digest 614811l9us093m15dar1f035eg4.
[2026-10-07 23:45:23] (0s) Starting to evaluate predicate NominalTypeDecl::Generated::NominalTypeDecl.getImmediateType/0#dispred#43af5f09/2@7f7db9n5
[2026-10-07 23:45:23] (0s)  >>> Created relation NominalTypeDecl::Generated::NominalTypeDecl.getImmediateType/0#dispred#43af5f09/2@7f7db9n5 with 887 rows and digest c5351dhhuqum2v94bjghjfqpgq8.
[2026-10-07 23:45:23] (0s) Starting to evaluate predicate TypeDecl::Generated::TypeDecl.getImmediateInheritedType/1#dispred#6dc4c819/3@adfb0466
[2026-10-07 23:45:23] (0s)  >>> Created relation TypeDecl::Generated::TypeDecl.getImmediateInheritedType/1#dispred#6dc4c819/3@adfb0466 with 651 rows and digest 08795drjq1eiediifpi24a927gf.
[2026-10-07 23:45:23] (0s) Starting to evaluate predicate TypeAliasDecl::Generated::TypeAliasDecl.getImmediateAliasedType/0#dispred#c65f8550/2@195d16v9
[2026-10-07 23:45:23] (0s)  >>> Created relation TypeAliasDecl::Generated::TypeAliasDecl.getImmediateAliasedType/0#dispred#c65f8550/2@195d16v9 with 1123 rows and digest 701ca0h179ia7bc4kg08hf261aa.
[2026-10-07 23:45:23] (0s) Starting to evaluate predicate m#Type::Type.getUnderlyingType/0#dispred#f83db3fa#bb#mcpe_this/1@258c4aik
[2026-10-07 23:45:23] (0s)  >>> Created relation m#Type::Type.getUnderlyingType/0#dispred#f83db3fa#bb#mcpe_this/1@258c4aik with 730 rows and digest 4a8155eo98fhghchkmveirci1cc.
[2026-10-07 23:45:23] (0s) Starting to evaluate predicate Synth::Synth::TNominalType#1320f87a#b/1@6f74af9s
[2026-10-07 23:45:23] (0s)  >>> Created relation Synth::Synth::TNominalType#1320f87a#b/1@6f74af9s with 1109 rows and digest b9aeedktobpmhdtc7oj0jveh9a0.
[2026-10-07 23:45:23] (0s) Starting to evaluate predicate Synth::Synth::TNominalOrBoundGenericNominalType#139a5d87#b/1@cbb0b9cp
[2026-10-07 23:45:23] (0s)  >>> Created relation Synth::Synth::TNominalOrBoundGenericNominalType#139a5d87#b/1@cbb0b9cp with 4458 rows and digest 0183bens80vk2os02lj32k7mfg4.
[2026-10-07 23:45:23] (0s) Starting to evaluate predicate TypeImpl::Impl::Type#3262080d#b/1@8d8fc9g8
[2026-10-07 23:45:23] (0s)  >>> Created relation TypeImpl::Impl::Type#3262080d#b/1@8d8fc9g8 with 432 rows and digest c3a274mplhb9rfqh1g6r1gd9hdc.
[2026-10-07 23:45:23] (0s) Starting to evaluate predicate TypeAliasType::Generated::TypeAliasType.getDecl/0#dispred#afe92207/2@22fcd9ik
[2026-10-07 23:45:23] (0s)  >>> Created relation TypeAliasType::Generated::TypeAliasType.getDecl/0#dispred#afe92207/2@22fcd9ik with 1343 rows and digest 8828114p0slqoehvftt17jt832c.
[2026-10-07 23:45:23] (0s) Starting to evaluate predicate _Element::Generated::Element.resolve/0#6937ae00_TypeAliasDecl::Generated::TypeAliasDecl.getImmediate__#join_rhs/2@96034fbv
[2026-10-07 23:45:23] (0s)  >>> Created relation _Element::Generated::Element.resolve/0#6937ae00_TypeAliasDecl::Generated::TypeAliasDecl.getImmediate__#join_rhs/2@96034fbv with 42 rows and digest cf5e55kiei2avpillsv89htoigd.
[2026-10-07 23:45:23] (0s) Starting to evaluate predicate Type::Type.getUnderlyingType/0#dispred#f83db3fa#bb/2@i1#a0727wrb (iteration 1)
[2026-10-07 23:45:23] (0s) 			 - Type::Type.getUnderlyingType/0#dispred#f83db3fa#bb_delta has 432 rows (order for disjuncts: delta=0).
[2026-10-07 23:45:23] (0s) Starting to evaluate predicate Type::Type.getUnderlyingType/0#dispred#f83db3fa#bb/2@i2#a0727wrb (iteration 2)
[2026-10-07 23:45:23] (0s) 			 - Type::Type.getUnderlyingType/0#dispred#f83db3fa#bb_delta has 16 rows (order for disjuncts: delta=<standard>).
[2026-10-07 23:45:23] (0s) Starting to evaluate predicate Type::Type.getUnderlyingType/0#dispred#f83db3fa#bb/2@i3#a0727wrb (iteration 3)
[2026-10-07 23:45:23] (0s) 			 - Type::Type.getUnderlyingType/0#dispred#f83db3fa#bb_delta has 3 rows (order for disjuncts: delta=<standard>).
[2026-10-07 23:45:23] (0s) Starting to evaluate predicate Type::Type.getUnderlyingType/0#dispred#f83db3fa#bb/2@i4#a0727wrb (iteration 4)
[2026-10-07 23:45:23] (0s) Empty delta for Type::Type.getUnderlyingType/0#dispred#f83db3fa#bb_delta (order for disjuncts: delta=<standard>).
[2026-10-07 23:45:23] (0s) Accumulating deltas
[2026-10-07 23:45:23] (0s)  >>> Created relation Type::Type.getUnderlyingType/0#dispred#f83db3fa#bb/2@a0727wrb with 451 rows and digest 20b6537cmotaqgne3u909gcg0j7.
[2026-10-07 23:45:23] (0s) Starting to evaluate predicate TypeDecl::TypeDecl.getABaseType/0#dispred#08c5bc47#fb/2@9ffe85p1
[2026-10-07 23:45:23] (0s)  >>> Created relation ExternalFlow::summaryModel/10#d1ca1881#cpe#123456789#bffbbffff/9@712fba6n with 818 rows and digest 84c2d6k21a6kot3t3meqglbi5lb.
[2026-10-07 23:45:23] (0s) Starting to evaluate predicate Argument::Generated::Argument.getExpr/0#dispred#34a5811d/2@f1c80duj
[2026-10-07 23:45:23] (0s)  >>> Created relation TypeDecl::TypeDecl.getABaseType/0#dispred#08c5bc47#fb/2@9ffe85p1 with 1949 rows and digest d9650d5uei226rvr94rj87l6bk0.
[2026-10-07 23:45:23] (0s) Starting to evaluate predicate TypeDecl::TypeDecl.getADerivedTypeDecl/0#dispred#174f3788#flipped/2@64761cn3
[2026-10-07 23:45:23] (0s)  >>> Created relation Argument::Generated::Argument.getExpr/0#dispred#34a5811d/2@f1c80duj with 6 rows and digest 4992d8huffu8g4g1t24t0tgua49.
[2026-10-07 23:45:23] (0s) Starting to evaluate predicate project#ExternalFlow::summaryModel/10#d1ca1881#cpe#123456789#bffbbffff/6@3995597l
[2026-10-07 23:45:23] (0s)  >>> Created relation TypeDecl::TypeDecl.getADerivedTypeDecl/0#dispred#174f3788#flipped/2@64761cn3 with 1949 rows and digest 1496c7bejjmdko2blimmkrvuao0.
[2026-10-07 23:45:23] (0s)  >>> Created relation project#ExternalFlow::summaryModel/10#d1ca1881#cpe#123456789#bffbbffff/6@3995597l with 643 rows and digest 4c91206huflcu5e95kr68pkdvo2.
[2026-10-07 23:45:23] (0s) Starting to evaluate predicate #TypeDecl::TypeDecl.getADerivedTypeDecl/0#dispred#174f3788Plus#fb#flipped/2@i1#e8780wm4 (iteration 1)
[2026-10-07 23:45:23] (0s) Starting to evaluate predicate ExternalFlow::elementSpec/6#ae3526c0#bffbbf/6@3f1534jv
[2026-10-07 23:45:23] (0s) 			 - #TypeDecl::TypeDecl.getADerivedTypeDecl/0#dispred#174f3788Plus#fb#flipped_delta has 1949 rows (order for disjuncts: delta=0).
[2026-10-07 23:45:23] (0s) Starting to evaluate predicate #TypeDecl::TypeDecl.getADerivedTypeDecl/0#dispred#174f3788Plus#fb#flipped/2@i2#e8780wm4 (iteration 2)
[2026-10-07 23:45:23] (0s) 			 - #TypeDecl::TypeDecl.getADerivedTypeDecl/0#dispred#174f3788Plus#fb#flipped_delta has 304 rows (order for disjuncts: delta=<standard>).
[2026-10-07 23:45:23] (0s) Starting to evaluate predicate #TypeDecl::TypeDecl.getADerivedTypeDecl/0#dispred#174f3788Plus#fb#flipped/2@i3#e8780wm4 (iteration 3)
[2026-10-07 23:45:23] (0s) 			 - #TypeDecl::TypeDecl.getADerivedTypeDecl/0#dispred#174f3788Plus#fb#flipped_delta has 13 rows (order for disjuncts: delta=<standard>).
[2026-10-07 23:45:23] (0s)  >>> Created relation ExternalFlow::elementSpec/6#ae3526c0#bffbbf/6@3f1534jv with 677 rows and digest 78513fep67sb8d56ckvch2uaar3.
[2026-10-07 23:45:23] (0s) Starting to evaluate predicate #TypeDecl::TypeDecl.getADerivedTypeDecl/0#dispred#174f3788Plus#fb#flipped/2@i4#e8780wm4 (iteration 4)
[2026-10-07 23:45:23] (0s) Starting to evaluate predicate project#ExternalFlow::elementSpec/6#ae3526c0#bffbbf#2/4@d5318crh
[2026-10-07 23:45:23] (0s)  >>> Created relation project#ExternalFlow::elementSpec/6#ae3526c0#bffbbf#2/4@d5318crh with 677 rows and digest 5eb040r8m1msl8b3fok7fm7vjte.
[2026-10-07 23:45:23] (0s) Starting to evaluate predicate project#ExternalFlow::elementSpec/6#ae3526c0#bffbbf#2_2013#join_rhs/4@8561d23d
[2026-10-07 23:45:23] (0s)  >>> Created relation project#ExternalFlow::elementSpec/6#ae3526c0#bffbbf#2_2013#join_rhs/4@8561d23d with 677 rows and digest 49c20c9kv3555t1buthr6p3qula.
[2026-10-07 23:45:23] (0s) Starting to evaluate predicate project#ExternalFlow::elementSpec/6#ae3526c0#bffbbf/2@b553cb7m
[2026-10-07 23:45:23] (0s)  >>> Created relation project#ExternalFlow::elementSpec/6#ae3526c0#bffbbf/2@b553cb7m with 26 rows and digest dc8622oskes53bemllk34t0onp4.
[2026-10-07 23:45:23] (0s)  >>> Created relation abstract_storage_decl_accessors/3@1849a9pt with 5828 rows and digest 2f82caou5p712i06d33fekmuu09.
[2026-10-07 23:45:23] (0s) 			 - #TypeDecl::TypeDecl.getADerivedTypeDecl/0#dispred#174f3788Plus#fb#flipped_delta has 6 rows (order for disjuncts: delta=<standard>).
[2026-10-07 23:45:23] (0s) Starting to evaluate predicate m#Synth::Synth::convertAbstractStorageDeclToRaw/1#52c961eb#fb/1@adf8241b
[2026-10-07 23:45:23] (0s) Starting to evaluate predicate #TypeDecl::TypeDecl.getADerivedTypeDecl/0#dispred#174f3788Plus#fb#flipped/2@i5#e8780wm4 (iteration 5)
[2026-10-07 23:45:23] (0s) 			 - #TypeDecl::TypeDecl.getADerivedTypeDecl/0#dispred#174f3788Plus#fb#flipped_delta has 4 rows (order for disjuncts: delta=<standard>).
[2026-10-07 23:45:23] (0s) Starting to evaluate predicate #TypeDecl::TypeDecl.getADerivedTypeDecl/0#dispred#174f3788Plus#fb#flipped/2@i6#e8780wm4 (iteration 6)
[2026-10-07 23:45:23] (0s) Empty delta for #TypeDecl::TypeDecl.getADerivedTypeDecl/0#dispred#174f3788Plus#fb#flipped_delta (order for disjuncts: delta=<standard>).
[2026-10-07 23:45:23] (0s) Accumulating deltas
[2026-10-07 23:45:23] (0s)  >>> Created relation #TypeDecl::TypeDecl.getADerivedTypeDecl/0#dispred#174f3788Plus#fb#flipped/2@e8780wm4 with 2276 rows and digest ee1a64ah20bp7v9j857dssut0va.
[2026-10-07 23:45:23] (0s)  >>> Created relation m#Synth::Synth::convertAbstractStorageDeclToRaw/1#52c961eb#fb/1@adf8241b with 63902 rows and digest 961f3e9iu49gm9pmp4at6akb8a8.
[2026-10-07 23:45:23] (0s) Starting to evaluate predicate Synth::Synth::TCallExpr#5b2e69bc_1#join_rhs/1@c77566o3
[2026-10-07 23:45:23] (0s)  >>> Created relation Synth::Synth::TCallExpr#5b2e69bc_1#join_rhs/1@c77566o3 with 24 rows and digest 155a51dd1nfi8t6e0otpb7aju12.
[2026-10-07 23:45:23] (0s) Starting to evaluate predicate Synth::Synth::TApplyExpr#662ca4ec/1@f5d5972d
[2026-10-07 23:45:23] (0s) Starting to evaluate predicate Synth::Synth::TClosureExpr#7bd7eaff/1@f3ab8flp
[2026-10-07 23:45:23] (0s)  >>> Created relation Synth::Synth::TApplyExpr#662ca4ec/1@f5d5972d with 24 rows and digest 155a51dd1nfi8t6e0otpb7aju12.
[2026-10-07 23:45:23] (0s)  >>> Created relation Synth::Synth::TClosureExpr#7bd7eaff/1@f3ab8flp with 0 rows and digest THIS-RELATION-HAS-NO-TUPLES.
[2026-10-07 23:45:23] (0s) Starting to evaluate predicate AbstractStorageDecl::Generated::AbstractStorageDecl.getAnAccessor/0#dispred#ffb51f14/2@16faa086
[2026-10-07 23:45:23] (0s) Starting to evaluate predicate Expr::Generated::Expr#7e4f4296/1@18cb7fg0
[2026-10-07 23:45:23] (0s)  >>> Created relation Expr::Generated::Expr#7e4f4296/1@18cb7fg0 with 206 rows and digest c17fdbb4l9rqb1e83kgt6tjs2gc.
[2026-10-07 23:45:23] (0s) Starting to evaluate predicate ControlFlowGraphImplSpecific::CfgImpl::Cached::TAstNode#e7ae24eb_13#join_rhs/2@d90744dj
[2026-10-07 23:45:23] (0s)  >>> Created relation ControlFlowGraphImplSpecific::CfgImpl::Cached::TAstNode#e7ae24eb_13#join_rhs/2@d90744dj with 480 rows and digest d0a16dml3q8nlorjlprr7lmcd15.
[2026-10-07 23:45:23] (0s) Starting to evaluate predicate CfgNodes::ExprCfgNode#e4dc5a6d/2@094f169s
[2026-10-07 23:45:23] (0s)  >>> Created relation AbstractStorageDecl::Generated::AbstractStorageDecl.getAnAccessor/0#dispred#ffb51f14/2@16faa086 with 5166 rows and digest 7255b68loeriavrm64ff2rcegh4.
[2026-10-07 23:45:23] (0s) Starting to evaluate predicate MethodImpl::Impl::getAMember/1#292c4cf3/2@d1f56dh3
[2026-10-07 23:45:23] (0s)  >>> Created relation CfgNodes::ExprCfgNode#e4dc5a6d/2@094f169s with 206 rows and digest 33b64daf9r45r5p5p6mtufnjk9d.
[2026-10-07 23:45:23] (0s) Starting to evaluate predicate CfgNodes::ExprCfgNode#e4dc5a6d_10#join_rhs/2@09b137av
[2026-10-07 23:45:23] (0s)  >>> Created relation CfgNodes::ExprCfgNode#e4dc5a6d_10#join_rhs/2@09b137av with 206 rows and digest 47ab05rhie09kstkc3l3u3e2457.
[2026-10-07 23:45:23] (0s) Starting to evaluate predicate CfgNodes::ApplyExprCfgNode#62d77bf1/2@01c454vg
[2026-10-07 23:45:23] (0s)  >>> Created relation CfgNodes::ApplyExprCfgNode#62d77bf1/2@01c454vg with 24 rows and digest a068599f8rl2casrpjtjhd70pm5.
[2026-10-07 23:45:23] (0s)  >>> Created relation MethodImpl::Impl::getAMember/1#292c4cf3/2@d1f56dh3 with 23253 rows and digest 90f3f2g0ic643sar5a33t3dlur4.
[2026-10-07 23:45:23] (0s) Starting to evaluate predicate Synth::Synth::TUnknownFile#dom#c449a11f/0@dab1424s
[2026-10-07 23:45:23] (0s)  >>> Created relation Synth::Synth::TUnknownFile#dom#c449a11f/0@dab1424s with 1 rows and digest ac90f0ei322hhreshlvdl215c38.
[2026-10-07 23:45:23] (0s)  >>> Created relation apply_expr_arguments/3@9c5f08ed with 6 rows and digest 66af45p3gvddpn2fdu00hps1rm0.
[2026-10-07 23:45:23] (0s) Starting to evaluate predicate Callable::Generated::Callable.getParam/1#dispred#73056655/3@ec38fbjm
[2026-10-07 23:45:23] (0s) Starting to evaluate predicate num#DataFlowDispatch::TNormalReturnKind#5f73b993/1@5a11ac5h
[2026-10-07 23:45:23] Evaluating HOP construct<DataFlowDispatch#93b74e73::TReturnKind,0> with inputs:
                        1 tuples in DataFlowImplCommon::Cached::forceCachingInSameStage/0#cc97347d/0@dab1424s
[2026-10-07 23:45:23] (0s)  >>> Created relation num#DataFlowDispatch::TNormalReturnKind#5f73b993/1@5a11ac5h with 1 rows and digest 19f2cevarof1fbaqkctt3t43if4.
[2026-10-07 23:45:23] (0s) Starting to evaluate predicate Callable::Generated::Callable.getSelfParam/0#dispred#f0323ad7/2@83316do3
[2026-10-07 23:45:23] (0s)  >>> Created relation Callable::Generated::Callable.getParam/1#dispred#73056655/3@ec38fbjm with 16190 rows and digest 0f5ab837o7bfakgbatob7jh7ksf.
[2026-10-07 23:45:23] (0s)  >>> Created relation m#Synth::Synth::convertLookupExprToRaw/1#ea59557a#fb/1@a576243u with 206 rows and digest 856849t57rv7hrjamlo3gpmo5f5.
[2026-10-07 23:45:23] (0s) Starting to evaluate predicate Synth::Synth::convertLookupExprToRaw/1#ea59557a#fb/2@d57fa7c0
[2026-10-07 23:45:23] (0s)  >>> Created relation Synth::Synth::convertLookupExprToRaw/1#ea59557a#fb/2@d57fa7c0 with 0 rows and digest THIS-RELATION-HAS-NO-TUPLES.
[2026-10-07 23:45:23] (0s) Inferred that Synth::Synth::convertLookupExprToRaw/1#ea59557a#fb_10#join_rhs/2@e723e8t5 is empty, due to Synth::Synth::convertLookupExprToRaw/1#ea59557a#fb/2@d57fa7c0.
[2026-10-07 23:45:23] (0s) Starting to evaluate predicate MethodImpl::Impl::Method#1b720671/1@173b57s1
[2026-10-07 23:45:23] (0s)  >>> Created relation MethodImpl::Impl::Method#1b720671/1@173b57s1 with 14185 rows and digest 8744143seunarqof1bamgs2aajc.
[2026-10-07 23:45:23] (0s) Starting to evaluate predicate ExternalFlow::interpretElement0/5#ab064756/6@f44d21cq
[2026-10-07 23:45:23] (0s)  >>> Created relation Callable::Generated::Callable.getSelfParam/0#dispred#f0323ad7/2@83316do3 with 14847 rows and digest 531235750phdmc2fcg6o67571ja.
[2026-10-07 23:45:23] (0s) Starting to evaluate predicate Callable::Generated::Callable.getSelfParam/0#dispred#f0323ad7_1#antijoin_rhs/1@1b9577jm
[2026-10-07 23:45:23] (0s)  >>> Created relation Callable::Generated::Callable.getSelfParam/0#dispred#f0323ad7_1#antijoin_rhs/1@1b9577jm with 14847 rows and digest eacfbavfv93fj904rqhnjlcb8f0.
[2026-10-07 23:45:23] (0s) Starting to evaluate predicate project#DataFlowDispatch::TParamReturnKind#dom#b02a9d3b#nullary/0@0f1ca555
[2026-10-07 23:45:23] (0s)  >>> Created relation project#DataFlowDispatch::TParamReturnKind#dom#b02a9d3b#nullary/0@0f1ca555 with 1 rows and digest ac90f0ei322hhreshlvdl215c38.
[2026-10-07 23:45:23] (0s) Starting to evaluate predicate DataFlowDispatch::TParamReturnKind#dom#b02a9d3b/1@9feb01o4
[2026-10-07 23:45:23] (0s)  >>> Created relation DataFlowDispatch::TParamReturnKind#dom#b02a9d3b/1@9feb01o4 with 65 rows and digest 6eb3b78aq0gu1vv2up4ho41v1qa.
[2026-10-07 23:45:23] (0s) Starting to evaluate predicate num#DataFlowDispatch::TParamReturnKind#5de6399a/2@ca53d8lk
[2026-10-07 23:45:23] Evaluating HOP construct<DataFlowDispatch#93b74e73::TReturnKind,1> with inputs:
                        65 tuples in DataFlowDispatch::TParamReturnKind#dom#b02a9d3b/1@9feb01o4
[2026-10-07 23:45:23] (0s)  >>> Created relation num#DataFlowDispatch::TParamReturnKind#5de6399a/2@ca53d8lk with 65 rows and digest 90be55fhc0mjmkucs8ighu68qh3.
[2026-10-07 23:45:23] (0s) Starting to evaluate predicate DataFlowDispatch::ParamReturnKind#b6dce240/2@a7a45a9d
[2026-10-07 23:45:23] (0s)  >>> Created relation DataFlowDispatch::ParamReturnKind#b6dce240/2@a7a45a9d with 65 rows and digest 25bcd4m79ggvvl6l0q6e52m2894.
[2026-10-07 23:45:23] (0s) Starting to evaluate predicate DataFlowDispatch::ParamReturnKind#b6dce240_10#join_rhs/2@53b84a9u
[2026-10-07 23:45:23] (0s)  >>> Created relation DataFlowDispatch::ParamReturnKind#b6dce240_10#join_rhs/2@53b84a9u with 65 rows and digest 90be55fhc0mjmkucs8ighu68qh3.
[2026-10-07 23:45:23] (0s)  >>> Created relation apply_exprs/2@0a3b1aj3 with 24 rows and digest d1d24cs98m7rb7316nht9lccrab.
[2026-10-07 23:45:23] (0s)  >>> Created relation differentiable_function_extract_original_exprs/1@22abb302 with 0 rows and digest THIS-RELATION-HAS-NO-TUPLES.
[2026-10-07 23:45:23] (0s) Inferred that Synth::Synth::TDifferentiableFunctionExtractOriginalExpr#0bfec5d3/2@634ae4l2 is empty, due to differentiable_function_extract_original_exprs/1@22abb302.
[2026-10-07 23:45:23] (0s)  >>> Created relation linear_to_differentiable_function_exprs/1@d85767iq with 0 rows and digest THIS-RELATION-HAS-NO-TUPLES.
[2026-10-07 23:45:23] (0s) Inferred that Synth::Synth::TLinearToDifferentiableFunctionExpr#14ac48e5/2@acf141tt is empty, due to linear_to_differentiable_function_exprs/1@d85767iq.
[2026-10-07 23:45:23] (0s)  >>> Created relation linear_function_extract_original_exprs/1@e0e715qi with 0 rows and digest THIS-RELATION-HAS-NO-TUPLES.
[2026-10-07 23:45:23] (0s) Inferred that Synth::Synth::TLinearFunctionExtractOriginalExpr#a0a54307/2@d41c67so is empty, due to linear_function_extract_original_exprs/1@e0e715qi.
[2026-10-07 23:45:23] (0s)  >>> Created relation unresolved_member_chain_result_exprs/1@9e8a51bd with 0 rows and digest THIS-RELATION-HAS-NO-TUPLES.
[2026-10-07 23:45:23] (0s) Inferred that Synth::Synth::TUnresolvedMemberChainResultExpr#9e61fe98/2@4cdd8cq7 is empty, due to unresolved_member_chain_result_exprs/1@9e8a51bd.
[2026-10-07 23:45:23] (0s)  >>> Created relation existential_metatype_to_object_exprs/1@397d7bfk with 0 rows and digest THIS-RELATION-HAS-NO-TUPLES.
[2026-10-07 23:45:23] (0s) Inferred that Synth::Synth::TExistentialMetatypeToObjectExpr#a1c04933/2@f7d6b85n is empty, due to existential_metatype_to_object_exprs/1@397d7bfk.
[2026-10-07 23:45:23] (0s)  >>> Created relation covariant_function_conversion_exprs/1@c66875p3 with 0 rows and digest THIS-RELATION-HAS-NO-TUPLES.
[2026-10-07 23:45:23] (0s) Inferred that Synth::Synth::TCovariantFunctionConversionExpr#e0dd248d/2@b0a36f1o is empty, due to covariant_function_conversion_exprs/1@c66875p3.
[2026-10-07 23:45:23] (0s)  >>> Created relation conditional_bridge_from_obj_c_exprs/1@06da73uf with 0 rows and digest THIS-RELATION-HAS-NO-TUPLES.
[2026-10-07 23:45:23] (0s) Inferred that Synth::Synth::TConditionalBridgeFromObjCExpr#f87ddf23/2@08e283jc is empty, due to conditional_bridge_from_obj_c_exprs/1@06da73uf.
[2026-10-07 23:45:23] (0s)  >>> Created relation protocol_metatype_to_object_exprs/1@bca73aqp with 0 rows and digest THIS-RELATION-HAS-NO-TUPLES.
[2026-10-07 23:45:23] (0s) Inferred that Synth::Synth::TProtocolMetatypeToObjectExpr#7be9d010/2@4f197diq is empty, due to protocol_metatype_to_object_exprs/1@bca73aqp.
[2026-10-07 23:45:23] (0s)  >>> Created relation collection_upcast_conversion_exprs/1@9f7f791e with 0 rows and digest THIS-RELATION-HAS-NO-TUPLES.
[2026-10-07 23:45:23] (0s) Inferred that Synth::Synth::TCollectionUpcastConversionExpr#1fef3f7e/2@cf4598qo is empty, due to collection_upcast_conversion_exprs/1@9f7f791e.
[2026-10-07 23:45:23] (0s)  >>> Created relation unresolved_type_conversion_exprs/1@b4068dfm with 0 rows and digest THIS-RELATION-HAS-NO-TUPLES.
[2026-10-07 23:45:23] (0s) Inferred that Synth::Synth::TUnresolvedTypeConversionExpr#3415bbc8/2@25a35bfj is empty, due to unresolved_type_conversion_exprs/1@b4068dfm.
[2026-10-07 23:45:23] (0s)  >>> Created relation interpolated_string_literal_exprs/1@6da61fn8 with 0 rows and digest THIS-RELATION-HAS-NO-TUPLES.
[2026-10-07 23:45:23] (0s) Inferred that Synth::Synth::TInterpolatedStringLiteralExpr#9d3a89a5/2@c698d0im is empty, due to interpolated_string_literal_exprs/1@6da61fn8.
[2026-10-07 23:45:23] (0s)  >>> Created relation covariant_return_conversion_exprs/1@01f5dfvo with 0 rows and digest THIS-RELATION-HAS-NO-TUPLES.
[2026-10-07 23:45:23] (0s) Inferred that Synth::Synth::TCovariantReturnConversionExpr#5c3f45a1/2@3c56d23n is empty, due to covariant_return_conversion_exprs/1@01f5dfvo.
[2026-10-07 23:45:23] (0s)  >>> Created relation foreign_object_conversion_exprs/1@ad298b37 with 0 rows and digest THIS-RELATION-HAS-NO-TUPLES.
[2026-10-07 23:45:23] (0s) Inferred that Synth::Synth::TForeignObjectConversionExpr#077500b5/2@6eb3fft1 is empty, due to foreign_object_conversion_exprs/1@ad298b37.
[2026-10-07 23:45:23] (0s)  >>> Created relation conditional_checked_cast_exprs/1@8f3ed1ol with 0 rows and digest THIS-RELATION-HAS-NO-TUPLES.
[2026-10-07 23:45:23] (0s) Inferred that Synth::Synth::TConditionalCheckedCastExpr#f5e920c9/2@2dd3ebs2 is empty, due to conditional_checked_cast_exprs/1@8f3ed1ol.
[2026-10-07 23:45:23] (0s)  >>> Created relation class_metatype_to_object_exprs/1@48cf2dtf with 0 rows and digest THIS-RELATION-HAS-NO-TUPLES.
[2026-10-07 23:45:23] (0s) Inferred that Synth::Synth::TClassMetatypeToObjectExpr#c160980e/2@4579f111 is empty, due to class_metatype_to_object_exprs/1@48cf2dtf.
[2026-10-07 23:45:23] (0s)  >>> Created relation differentiable_function_exprs/1@2c9838u7 with 0 rows and digest THIS-RELATION-HAS-NO-TUPLES.
[2026-10-07 23:45:23] (0s) Inferred that Synth::Synth::TDifferentiableFunctionExpr#c86fe24b/2@88a102i7 is empty, due to differentiable_function_exprs/1@2c9838u7.
[2026-10-07 23:45:23] (0s)  >>> Created relation actor_isolation_erasure_exprs/1@e573a6b1 with 0 rows and digest THIS-RELATION-HAS-NO-TUPLES.
[2026-10-07 23:45:23] (0s) Inferred that Synth::Synth::TActorIsolationErasureExpr#dd3bba94/2@ee8a90qq is empty, due to actor_isolation_erasure_exprs/1@e573a6b1.
[2026-10-07 23:45:23] (0s)  >>> Created relation unevaluated_instance_exprs/1@37454f0d with 0 rows and digest THIS-RELATION-HAS-NO-TUPLES.
[2026-10-07 23:45:23] (0s) Inferred that Synth::Synth::TUnevaluatedInstanceExpr#b05f665d/2@e5026fbk is empty, due to unevaluated_instance_exprs/1@37454f0d.
[2026-10-07 23:45:23] (0s)  >>> Created relation underlying_to_opaque_exprs/1@2259f29m with 0 rows and digest THIS-RELATION-HAS-NO-TUPLES.
[2026-10-07 23:45:23] (0s) Inferred that Synth::Synth::TUnderlyingToOpaqueExpr#067cbe2b/2@23f6d8gj is empty, due to underlying_to_opaque_exprs/1@2259f29m.
[2026-10-07 23:45:23] (0s)  >>> Created relation unresolved_decl_ref_exprs/1@60e0d9r2 with 0 rows and digest THIS-RELATION-HAS-NO-TUPLES.
[2026-10-07 23:45:23] (0s) Inferred that Synth::Synth::TUnresolvedDeclRefExpr#9eff000e/2@966cf1bt is empty, due to unresolved_decl_ref_exprs/1@60e0d9r2.
[2026-10-07 23:45:23] (0s)  >>> Created relation overloaded_decl_ref_exprs/1@42e536ok with 0 rows and digest THIS-RELATION-HAS-NO-TUPLES.
[2026-10-07 23:45:23] (0s) Inferred that Synth::Synth::TOverloadedDeclRefExpr#72e16e49/2@50f8c56j is empty, due to overloaded_decl_ref_exprs/1@42e536ok.
[2026-10-07 23:45:23] (0s)  >>> Created relation inject_into_optional_exprs/1@3f1ea7fr with 0 rows and digest THIS-RELATION-HAS-NO-TUPLES.
[2026-10-07 23:45:23] (0s) Inferred that Synth::Synth::TInjectIntoOptionalExpr#73575229/2@0e0539cj is empty, due to inject_into_optional_exprs/1@3f1ea7fr.
[2026-10-07 23:45:23] (0s)  >>> Created relation any_hashable_erasure_exprs/1@a9fbbaq1 with 0 rows and digest THIS-RELATION-HAS-NO-TUPLES.
[2026-10-07 23:45:23] (0s) Inferred that Synth::Synth::TAnyHashableErasureExpr#0ca15a55/2@a01a27e1 is empty, due to any_hashable_erasure_exprs/1@a9fbbaq1.
[2026-10-07 23:45:23] (0s)  >>> Created relation pointer_to_pointer_exprs/1@43e923mi with 0 rows and digest THIS-RELATION-HAS-NO-TUPLES.
[2026-10-07 23:45:23] (0s) Inferred that Synth::Synth::TPointerToPointerExpr#e35729e3/2@d57f9am6 is empty, due to pointer_to_pointer_exprs/1@43e923mi.
[2026-10-07 23:45:23] (0s)  >>> Created relation metatype_conversion_exprs/1@26d158et with 0 rows and digest THIS-RELATION-HAS-NO-TUPLES.
[2026-10-07 23:45:23] (0s) Inferred that Synth::Synth::TMetatypeConversionExpr#69e49b49/2@90d71fk7 is empty, due to metatype_conversion_exprs/1@26d158et.
[2026-10-07 23:45:23] (0s)  >>> Created relation function_conversion_exprs/1@503ef6b4 with 6 rows and digest ec48b2626fi26vj3jf4seggv7f7.
[2026-10-07 23:45:23] (0s)  >>> Created relation forced_checked_cast_exprs/1@1d7cab2t with 0 rows and digest THIS-RELATION-HAS-NO-TUPLES.
[2026-10-07 23:45:23] (0s) Inferred that Synth::Synth::TForcedCheckedCastExpr#7723bc31/2@558c9bih is empty, due to forced_checked_cast_exprs/1@1d7cab2t.
[2026-10-07 23:45:23] (0s)  >>> Created relation abi_safe_conversion_exprs/1@2cc4f73m with 0 rows and digest THIS-RELATION-HAS-NO-TUPLES.
[2026-10-07 23:45:23] (0s) Inferred that Synth::Synth::TAbiSafeConversionExpr#9c7313bf/2@ce64f860 is empty, due to abi_safe_conversion_exprs/1@2cc4f73m.
[2026-10-07 23:45:23] (0s)  >>> Created relation string_to_pointer_exprs/1@3a396ah4 with 0 rows and digest THIS-RELATION-HAS-NO-TUPLES.
[2026-10-07 23:45:23] (0s) Inferred that Synth::Synth::TStringToPointerExpr#aa0ce277/2@eccf4a14 is empty, due to string_to_pointer_exprs/1@3a396ah4.
[2026-10-07 23:45:23] (0s)  >>> Created relation dynamic_member_ref_exprs/1@9824eebv with 0 rows and digest THIS-RELATION-HAS-NO-TUPLES.
[2026-10-07 23:45:23] (0s) Inferred that Synth::Synth::TDynamicMemberRefExpr#6da7b8cc/2@b020e0pb is empty, due to dynamic_member_ref_exprs/1@9824eebv.
[2026-10-07 23:45:23] (0s)  >>> Created relation discard_assignment_exprs/1@121637j6 with 1 rows and digest 4f299978vq1nghgjqk9dtjjl272.
[2026-10-07 23:45:23] (0s)  >>> Created relation archetype_to_super_exprs/1@6da563q6 with 0 rows and digest THIS-RELATION-HAS-NO-TUPLES.
[2026-10-07 23:45:23] (0s) Inferred that Synth::Synth::TArchetypeToSuperExpr#a2acdb61/2@fe02c116 is empty, due to archetype_to_super_exprs/1@6da563q6.
[2026-10-07 23:45:23] (0s)  >>> Created relation in_out_to_pointer_exprs/1@d266e4bi with 0 rows and digest THIS-RELATION-HAS-NO-TUPLES.
[2026-10-07 23:45:23] (0s) Inferred that Synth::Synth::TInOutToPointerExpr#5326128c/2@d35d44bb is empty, due to in_out_to_pointer_exprs/1@d266e4bi.
[2026-10-07 23:45:23] (0s)  >>> Created relation dynamic_subscript_exprs/1@ec7dd3iu with 0 rows and digest THIS-RELATION-HAS-NO-TUPLES.
[2026-10-07 23:45:23] (0s) Inferred that Synth::Synth::TDynamicSubscriptExpr#2a005669/2@9401c2gc is empty, due to dynamic_subscript_exprs/1@ec7dd3iu.
[2026-10-07 23:45:23] (0s)  >>> Created relation destructure_tuple_exprs/1@82c8a0nv with 0 rows and digest THIS-RELATION-HAS-NO-TUPLES.
[2026-10-07 23:45:23] (0s) Inferred that Synth::Synth::TDestructureTupleExpr#860e5a59/2@7d6c6c39 is empty, due to destructure_tuple_exprs/1@82c8a0nv.
[2026-10-07 23:45:23] (0s)  >>> Created relation bridge_from_obj_c_exprs/1@ba0e9fme with 0 rows and digest THIS-RELATION-HAS-NO-TUPLES.
[2026-10-07 23:45:23] (0s) Inferred that Synth::Synth::TBridgeFromObjCExpr#867030ca/2@7640748u is empty, due to bridge_from_obj_c_exprs/1@ba0e9fme.
[2026-10-07 23:45:23] (0s)  >>> Created relation explicit_closure_exprs/1@f984e06m with 0 rows and digest THIS-RELATION-HAS-NO-TUPLES.
[2026-10-07 23:45:23] (0s) Inferred that Synth::Synth::TExplicitClosureExpr#5e87f25d/2@1b96a516 is empty, due to explicit_closure_exprs/1@f984e06m.
[2026-10-07 23:45:23] (0s)  >>> Created relation array_to_pointer_exprs/1@e52a62rj with 0 rows and digest THIS-RELATION-HAS-NO-TUPLES.
[2026-10-07 23:45:23] (0s) Inferred that Synth::Synth::TArrayToPointerExpr#b95316dd/2@f0ec57bu is empty, due to array_to_pointer_exprs/1@e52a62rj.
[2026-10-07 23:45:23] (0s)  >>> Created relation linear_function_exprs/1@a70fafmc with 0 rows and digest THIS-RELATION-HAS-NO-TUPLES.
[2026-10-07 23:45:23] (0s) Inferred that Synth::Synth::TLinearFunctionExpr#fe6da37b/2@c3adaams is empty, due to linear_function_exprs/1@a70fafmc.
[2026-10-07 23:45:23] (0s)  >>> Created relation derived_to_base_exprs/1@992122di with 0 rows and digest THIS-RELATION-HAS-NO-TUPLES.
[2026-10-07 23:45:23] (0s) Inferred that Synth::Synth::TDerivedToBaseExpr#6070e7e4/2@4a1e1015 is empty, due to derived_to_base_exprs/1@992122di.
[2026-10-07 23:45:23] (0s)  >>> Created relation bridge_to_obj_c_exprs/1@a27ac1e5 with 0 rows and digest THIS-RELATION-HAS-NO-TUPLES.
[2026-10-07 23:45:23] (0s) Inferred that Synth::Synth::TBridgeToObjCExpr#aca5fee7/2@c9d42csr is empty, due to bridge_to_obj_c_exprs/1@a27ac1e5.
[2026-10-07 23:45:23] (0s)  >>> Created relation postfix_unary_exprs/1@9838e3hi with 0 rows and digest THIS-RELATION-HAS-NO-TUPLES.
[2026-10-07 23:45:23] (0s) Inferred that Synth::Synth::TPostfixUnaryExpr#e8902ee8/2@fde7c4g2 is empty, due to postfix_unary_exprs/1@9838e3hi.
[2026-10-07 23:45:23] (0s)  >>> Created relation prefix_unary_exprs/1@07142a13 with 0 rows and digest THIS-RELATION-HAS-NO-TUPLES.
[2026-10-07 23:45:23] (0s) Inferred that Synth::Synth::TPrefixUnaryExpr#16ae17d6/2@6268893l is empty, due to prefix_unary_exprs/1@07142a13.
[2026-10-07 23:45:23] (0s)  >>> Created relation optional_try_exprs/1@d34684ie with 0 rows and digest THIS-RELATION-HAS-NO-TUPLES.
[2026-10-07 23:45:23] (0s) Inferred that Synth::Synth::TOptionalTryExpr#0f092936/2@ac4ea21f is empty, due to optional_try_exprs/1@d34684ie.
[2026-10-07 23:45:23] (0s)  >>> Created relation unsafe_cast_exprs/1@df8aa2e1 with 0 rows and digest THIS-RELATION-HAS-NO-TUPLES.
[2026-10-07 23:45:23] (0s) Inferred that Synth::Synth::TUnsafeCastExpr#e98b616b/2@ce6707qt is empty, due to unsafe_cast_exprs/1@df8aa2e1.
[2026-10-07 23:45:23] (0s)  >>> Created relation unreachable_exprs/1@fada3b5e with 0 rows and digest THIS-RELATION-HAS-NO-TUPLES.
[2026-10-07 23:45:23] (0s) Inferred that Synth::Synth::TUnreachableExpr#fe41eeea/2@a0239eib is empty, due to unreachable_exprs/1@fada3b5e.
[2026-10-07 23:45:23] (0s)  >>> Created relation opaque_value_exprs/1@e324daco with 0 rows and digest THIS-RELATION-HAS-NO-TUPLES.
[2026-10-07 23:45:23] (0s) Inferred that Synth::Synth::TOpaqueValueExpr#b4fc1e55/2@6290a802 is empty, due to opaque_value_exprs/1@e324daco.
[2026-10-07 23:45:23] (0s)  >>> Created relation key_path_dot_exprs/1@c0ab34k9 with 0 rows and digest THIS-RELATION-HAS-NO-TUPLES.
[2026-10-07 23:45:23] (0s) Inferred that Synth::Synth::TKeyPathDotExpr#ffba864a/2@956e08ge is empty, due to key_path_dot_exprs/1@c0ab34k9.
[2026-10-07 23:45:23] (0s)  >>> Created relation auto_closure_exprs/1@0f81fdrn with 0 rows and digest THIS-RELATION-HAS-NO-TUPLES.
[2026-10-07 23:45:23] (0s) Inferred that Synth::Synth::TAutoClosureExpr#00bd9cae/2@37f3b719 is empty, due to auto_closure_exprs/1@0f81fdrn.
[2026-10-07 23:45:23] (0s)  >>> Created relation nil_literal_exprs/1@fe15ee7s with 0 rows and digest THIS-RELATION-HAS-NO-TUPLES.
[2026-10-07 23:45:23] (0s) Inferred that Synth::Synth::TNilLiteralExpr#d121107c/2@5b399957 is empty, due to nil_literal_exprs/1@fe15ee7s.
[2026-10-07 23:45:23] (0s)  >>> Created relation subscript_exprs/1@02ff71d2 with 0 rows and digest THIS-RELATION-HAS-NO-TUPLES.
[2026-10-07 23:45:23] (0s) Inferred that Synth::Synth::TSubscriptExpr#aa4a4343/2@17bcc89e is empty, due to subscript_exprs/1@02ff71d2.
[2026-10-07 23:45:23] (0s)  >>> Created relation member_ref_exprs/1@4c9274am with 0 rows and digest THIS-RELATION-HAS-NO-TUPLES.
[2026-10-07 23:45:23] (0s) Inferred that Synth::Synth::TMemberRefExpr#87b2de3a/2@6d9c9e9v is empty, due to member_ref_exprs/1@4c9274am.
[2026-10-07 23:45:23] (0s)  >>> Created relation dictionary_exprs/1@f3ebce9r with 0 rows and digest THIS-RELATION-HAS-NO-TUPLES.
[2026-10-07 23:45:23] (0s) Inferred that Synth::Synth::TDictionaryExpr#0a7110a3/2@48fe877k is empty, due to dictionary_exprs/1@f3ebce9r.
[2026-10-07 23:45:23] (0s)  >>> Created relation sequence_exprs/1@a956c5rt with 0 rows and digest THIS-RELATION-HAS-NO-TUPLES.
[2026-10-07 23:45:23] (0s) Inferred that Synth::Synth::TSequenceExpr#32ecc61a/2@0c33fdr8 is empty, due to sequence_exprs/1@a956c5rt.
[2026-10-07 23:45:23] (0s)  >>> Created relation force_try_exprs/1@4611e2km with 0 rows and digest THIS-RELATION-HAS-NO-TUPLES.
[2026-10-07 23:45:23] (0s) Inferred that Synth::Synth::TForceTryExpr#aca35586/2@e53657sf is empty, due to force_try_exprs/1@4611e2km.
[2026-10-07 23:45:23] (0s)  >>> Created relation key_path_exprs/1@9f557bia with 0 rows and digest THIS-RELATION-HAS-NO-TUPLES.
[2026-10-07 23:45:23] (0s) Inferred that Synth::Synth::TKeyPathExpr#d2a0a362/2@af9011ph is empty, due to key_path_exprs/1@9f557bia.
[2026-10-07 23:45:23] (0s)  >>> Created relation dot_self_exprs/1@653864gd with 0 rows and digest THIS-RELATION-HAS-NO-TUPLES.
[2026-10-07 23:45:23] (0s) Inferred that Synth::Synth::TDotSelfExpr#2af432ab/2@a4e80dmu is empty, due to dot_self_exprs/1@653864gd.
[2026-10-07 23:45:23] (0s)  >>> Created relation unsafe_exprs/1@3e173fgn with 0 rows and digest THIS-RELATION-HAS-NO-TUPLES.
[2026-10-07 23:45:23] (0s) Inferred that Synth::Synth::TUnsafeExpr#5c199287/2@da0630gm is empty, due to unsafe_exprs/1@3e173fgn.
[2026-10-07 23:45:23] (0s)  >>> Created relation erasure_exprs/1@c21dccqk with 1 rows and digest 767de840e6o33bkj805p19tqhf0.
[2026-10-07 23:45:23] (0s)  >>> Created relation tuple_exprs/1@1d1af5p2 with 0 rows and digest THIS-RELATION-HAS-NO-TUPLES.
[2026-10-07 23:45:23] (0s) Inferred that Synth::Synth::TTupleExpr#29bd1b0a/2@273806dn is empty, due to tuple_exprs/1@1d1af5p2.
[2026-10-07 23:45:23] (0s)  >>> Created relation paren_exprs/1@2eb093n3 with 0 rows and digest THIS-RELATION-HAS-NO-TUPLES.
[2026-10-07 23:45:23] (0s) Inferred that Synth::Synth::TParenExpr#81d40ae0/2@3db4e1r0 is empty, due to paren_exprs/1@2eb093n3.
[2026-10-07 23:45:23] (0s)  >>> Created relation coerce_exprs/1@dc6ecf2o with 0 rows and digest THIS-RELATION-HAS-NO-TUPLES.
[2026-10-07 23:45:23] (0s) Inferred that Synth::Synth::TCoerceExpr#39192c64/2@f6fbaa61 is empty, due to coerce_exprs/1@dc6ecf2o.
[2026-10-07 23:45:23] (0s)  >>> Created relation borrow_exprs/1@adb248gb with 0 rows and digest THIS-RELATION-HAS-NO-TUPLES.
[2026-10-07 23:45:23] (0s) Inferred that Synth::Synth::TBorrowExpr#0b4a36c6/2@696488hf is empty, due to borrow_exprs/1@adb248gb.
[2026-10-07 23:45:23] (0s)  >>> Created relation binary_exprs/1@6eace97g with 0 rows and digest THIS-RELATION-HAS-NO-TUPLES.
[2026-10-07 23:45:23] (0s) Inferred that Synth::Synth::TBinaryExpr#db62cefe/2@077da7j3 is empty, due to binary_exprs/1@6eace97g.
[2026-10-07 23:45:23] (0s)  >>> Created relation type_exprs/1@8165a10t with 0 rows and digest THIS-RELATION-HAS-NO-TUPLES.
[2026-10-07 23:45:23] (0s) Inferred that Synth::Synth::TTypeExpr#b91ffb42/2@c3714632 is empty, due to type_exprs/1@8165a10t.
[2026-10-07 23:45:23] (0s)  >>> Created relation error_exprs/1@5fda9f7m with 0 rows and digest THIS-RELATION-HAS-NO-TUPLES.
[2026-10-07 23:45:23] (0s) Inferred that Synth::Synth::TErrorExpr#cc07fd89/2@d5839dda is empty, due to error_exprs/1@5fda9f7m.
[2026-10-07 23:45:23] (0s)  >>> Created relation await_exprs/1@f36557u8 with 0 rows and digest THIS-RELATION-HAS-NO-TUPLES.
[2026-10-07 23:45:23] (0s) Inferred that Synth::Synth::TAwaitExpr#6204bb36/2@8a8550fi is empty, due to await_exprs/1@f36557u8.
[2026-10-07 23:45:23] (0s)  >>> Created relation array_exprs/1@0196403p with 1 rows and digest 3a9865d9dr7esqvjefrl2037msb.
[2026-10-07 23:45:23] (0s)  >>> Created relation try_exprs/1@8ccefduj with 0 rows and digest THIS-RELATION-HAS-NO-TUPLES.
[2026-10-07 23:45:23] (0s) Inferred that Synth::Synth::TTryExpr#e15e67f5/2@84ce7cqv is empty, due to try_exprs/1@8ccefduj.
[2026-10-07 23:45:23] (0s)  >>> Created relation load_exprs/1@aa57717d with 0 rows and digest THIS-RELATION-HAS-NO-TUPLES.
[2026-10-07 23:45:23] (0s) Inferred that Synth::Synth::TLoadExpr#f2bc71da/2@a69d6agb is empty, due to load_exprs/1@aa57717d.
[2026-10-07 23:45:23] (0s)  >>> Created relation call_exprs/1@7aa0564n with 24 rows and digest 759628l789fqefcf5l6fjcpp3qe.
[2026-10-07 23:45:23] (0s)  >>> Created relation is_exprs/1@fa7ea08l with 0 rows and digest THIS-RELATION-HAS-NO-TUPLES.
[2026-10-07 23:45:23] (0s) Inferred that Synth::Synth::TIsExpr#e5607cdc/2@97b45e6k is empty, due to is_exprs/1@fa7ea08l.
[2026-10-07 23:45:23] (0s)  >>> Created relation vararg_expansion_exprs/2@52352c6g with 1 rows and digest 86364es15f2h2l49sho1pqiacc2.
[2026-10-07 23:45:23] (0s)  >>> Created relation unresolved_specialize_exprs/2@433f23js with 0 rows and digest THIS-RELATION-HAS-NO-TUPLES.
[2026-10-07 23:45:23] (0s) Inferred that Synth::Synth::TUnresolvedSpecializeExpr#dom#ee1d8e28/1@23615eic is empty, due to unresolved_specialize_exprs/2@433f23js.
[2026-10-07 23:45:23] (0s) Inferred that Synth::Synth::TUnresolvedSpecializeExpr#79e399e8/2@ff78716o is empty, due to Synth::Synth::TUnresolvedSpecializeExpr#dom#ee1d8e28/1@23615eic.
[2026-10-07 23:45:23] (0s)  >>> Created relation unresolved_pattern_exprs/2@be38b6ca with 0 rows and digest THIS-RELATION-HAS-NO-TUPLES.
[2026-10-07 23:45:23] (0s) Inferred that Synth::Synth::TUnresolvedPatternExpr#dom#26d14318/1@d5552f96 is empty, due to unresolved_pattern_exprs/2@be38b6ca.
[2026-10-07 23:45:23] (0s) Inferred that Synth::Synth::TUnresolvedPatternExpr#a7c8b151/2@13f249ln is empty, due to Synth::Synth::TUnresolvedPatternExpr#dom#26d14318/1@d5552f96.
[2026-10-07 23:45:23] (0s)  >>> Created relation unresolved_member_exprs/2@18e3a6np with 0 rows and digest THIS-RELATION-HAS-NO-TUPLES.
[2026-10-07 23:45:23] (0s) Inferred that Synth::Synth::TUnresolvedMemberExpr#dom#51b38a73/1@951be0b2 is empty, due to unresolved_member_exprs/2@18e3a6np.
[2026-10-07 23:45:23] (0s) Inferred that Synth::Synth::TUnresolvedMemberExpr#398da227/2@a16669m7 is empty, due to Synth::Synth::TUnresolvedMemberExpr#dom#51b38a73/1@951be0b2.
[2026-10-07 23:45:23] (0s)  >>> Created relation unresolved_dot_exprs/3@ec6f7doh with 0 rows and digest THIS-RELATION-HAS-NO-TUPLES.
[2026-10-07 23:45:23] (0s) Inferred that Synth::Synth::TUnresolvedDotExpr#dom#312d2f0d/1@c68e6563 is empty, due to unresolved_dot_exprs/3@ec6f7doh.
[2026-10-07 23:45:23] (0s) Inferred that Synth::Synth::TUnresolvedDotExpr#fdff6bbb/2@2208d5p2 is empty, due to Synth::Synth::TUnresolvedDotExpr#dom#312d2f0d/1@c68e6563.
[2026-10-07 23:45:23] (0s)  >>> Created relation type_value_exprs/2@9fc1d2ir with 0 rows and digest THIS-RELATION-HAS-NO-TUPLES.
[2026-10-07 23:45:23] (0s) Inferred that Synth::Synth::TTypeValueExpr#dom#6d54a5db/1@b5973ccr is empty, due to type_value_exprs/2@9fc1d2ir.
[2026-10-07 23:45:23] (0s) Inferred that type_value_exprs_10#join_rhs/2@60af001c is empty, due to type_value_exprs/2@9fc1d2ir.
[2026-10-07 23:45:23] (0s) Inferred that Synth::Synth::TTypeValueExpr#c5cf603d/2@3071897h is empty, due to Synth::Synth::TTypeValueExpr#dom#6d54a5db/1@b5973ccr.
[2026-10-07 23:45:23] (0s)  >>> Created relation tuple_element_exprs/3@bbe29bdp with 0 rows and digest THIS-RELATION-HAS-NO-TUPLES.
[2026-10-07 23:45:23] (0s) Inferred that Synth::Synth::TTupleElementExpr#dom#04c5f57e/1@6aad022l is empty, due to tuple_element_exprs/3@bbe29bdp.
[2026-10-07 23:45:23] (0s) Inferred that tuple_element_exprs_20#join_rhs/2@e51a6eeh is empty, due to tuple_element_exprs/3@bbe29bdp.
[2026-10-07 23:45:23] (0s) Inferred that Synth::Synth::TTupleElementExpr#a3b34463/2@35a3240s is empty, due to Synth::Synth::TTupleElementExpr#dom#04c5f57e/1@6aad022l.
[2026-10-07 23:45:23] (0s)  >>> Created relation tap_exprs/3@dc14533g with 0 rows and digest THIS-RELATION-HAS-NO-TUPLES.
[2026-10-07 23:45:23] (0s) Inferred that Synth::Synth::TTapExpr#dom#c84cc1ad/1@af1131ua is empty, due to tap_exprs/3@dc14533g.
[2026-10-07 23:45:23] (0s) Inferred that Synth::Synth::TTapExpr#846ec96a/2@2915f2j1 is empty, due to Synth::Synth::TTapExpr#dom#c84cc1ad/1@af1131ua.
[2026-10-07 23:45:23] (0s)  >>> Created relation super_ref_exprs/2@20d7a3jt with 0 rows and digest THIS-RELATION-HAS-NO-TUPLES.
[2026-10-07 23:45:23] (0s) Inferred that Synth::Synth::TSuperRefExpr#dom#9b32a428/1@2920cb6e is empty, due to super_ref_exprs/2@20d7a3jt.
[2026-10-07 23:45:23] (0s) Inferred that Synth::Synth::TSuperRefExpr#4d1b7b74/2@36ff12jv is empty, due to Synth::Synth::TSuperRefExpr#dom#9b32a428/1@2920cb6e.
[2026-10-07 23:45:23] (0s)  >>> Created relation string_literal_exprs/2@577d28ck with 0 rows and digest THIS-RELATION-HAS-NO-TUPLES.
[2026-10-07 23:45:23] (0s) Inferred that Synth::Synth::TStringLiteralExpr#dom#fc4812c5/1@be9076ni is empty, due to string_literal_exprs/2@577d28ck.
[2026-10-07 23:45:23] (0s) Inferred that Synth::Synth::TStringLiteralExpr#2798413b/2@65e450sj is empty, due to Synth::Synth::TStringLiteralExpr#dom#fc4812c5/1@be9076ni.
[2026-10-07 23:45:23] (0s)  >>> Created relation single_value_stmt_exprs/2@d4da00r7 with 0 rows and digest THIS-RELATION-HAS-NO-TUPLES.
[2026-10-07 23:45:23] (0s) Inferred that Synth::Synth::TSingleValueStmtExpr#dom#43734acd/1@a8a7a3go is empty, due to single_value_stmt_exprs/2@d4da00r7.
[2026-10-07 23:45:23] (0s) Inferred that Synth::Synth::TSingleValueStmtExpr#ee9fcec0/2@8c16a61m is empty, due to Synth::Synth::TSingleValueStmtExpr#dom#43734acd/1@a8a7a3go.
[2026-10-07 23:45:23] (0s)  >>> Created relation regex_literal_exprs/3@f6ba52vn with 0 rows and digest THIS-RELATION-HAS-NO-TUPLES.
[2026-10-07 23:45:23] (0s) Inferred that Synth::Synth::TRegexLiteralExpr#dom#ff9f7c93/1@5dcdcdu6 is empty, due to regex_literal_exprs/3@f6ba52vn.
[2026-10-07 23:45:23] (0s) Inferred that Synth::Synth::TRegexLiteralExpr#c000cb56/2@0d0875qo is empty, due to Synth::Synth::TRegexLiteralExpr#dom#ff9f7c93/1@5dcdcdu6.
[2026-10-07 23:45:23] (0s)  >>> Created relation rebind_self_in_initializer_exprs/3@38cb0b6o with 0 rows and digest THIS-RELATION-HAS-NO-TUPLES.
[2026-10-07 23:45:23] (0s) Inferred that Synth::Synth::TRebindSelfInInitializerExpr#dom#68f3412e/1@834e31gl is empty, due to rebind_self_in_initializer_exprs/3@38cb0b6o.
[2026-10-07 23:45:23] (0s) Inferred that Synth::Synth::TRebindSelfInInitializerExpr#3360a566/2@6178e6i1 is empty, due to Synth::Synth::TRebindSelfInInitializerExpr#dom#68f3412e/1@834e31gl.
[2026-10-07 23:45:23] (0s)  >>> Created relation property_wrapper_value_placeholder_exprs/2@3ea058gg with 0 rows and digest THIS-RELATION-HAS-NO-TUPLES.
[2026-10-07 23:45:23] (0s) Inferred that Synth::Synth::TPropertyWrapperValuePlaceholderExpr#dom#24ba84a3/1@c734b12f is empty, due to property_wrapper_value_placeholder_exprs/2@3ea058gg.
[2026-10-07 23:45:23] (0s) Inferred that Synth::Synth::TPropertyWrapperValuePlaceholderExpr#8e089f89/2@86e2b055 is empty, due to Synth::Synth::TPropertyWrapperValuePlaceholderExpr#dom#24ba84a3/1@c734b12f.
[2026-10-07 23:45:23] (0s)  >>> Created relation pack_expansion_exprs/2@f3d570p4 with 0 rows and digest THIS-RELATION-HAS-NO-TUPLES.
[2026-10-07 23:45:23] (0s) Inferred that Synth::Synth::TPackExpansionExpr#dom#c494fbf1/1@35163bpe is empty, due to pack_expansion_exprs/2@f3d570p4.
[2026-10-07 23:45:23] (0s) Inferred that Synth::Synth::TPackExpansionExpr#75eece85/2@116a1fji is empty, due to Synth::Synth::TPackExpansionExpr#dom#c494fbf1/1@35163bpe.
[2026-10-07 23:45:23] (0s)  >>> Created relation pack_element_exprs/2@641300ar with 0 rows and digest THIS-RELATION-HAS-NO-TUPLES.
[2026-10-07 23:45:23] (0s) Inferred that Synth::Synth::TPackElementExpr#dom#fe662a1e/1@a2f1173g is empty, due to pack_element_exprs/2@641300ar.
[2026-10-07 23:45:23] (0s) Inferred that Synth::Synth::TPackElementExpr#a2e17bdb/2@f8d1b18j is empty, due to Synth::Synth::TPackElementExpr#dom#fe662a1e/1@a2f1173g.
[2026-10-07 23:45:23] (0s)  >>> Created relation other_initializer_ref_exprs/2@15c11128 with 0 rows and digest THIS-RELATION-HAS-NO-TUPLES.
[2026-10-07 23:45:23] (0s) Inferred that Synth::Synth::TOtherInitializerRefExpr#dom#166178fc/1@25bee7bb is empty, due to other_initializer_ref_exprs/2@15c11128.
[2026-10-07 23:45:23] (0s) Inferred that other_initializer_ref_exprs_10#join_rhs/2@695742vb is empty, due to other_initializer_ref_exprs/2@15c11128.
[2026-10-07 23:45:23] (0s) Inferred that Synth::Synth::TOtherInitializerRefExpr#c196dce5/2@5ee9d6vu is empty, due to Synth::Synth::TOtherInitializerRefExpr#dom#166178fc/1@25bee7bb.
[2026-10-07 23:45:23] (0s)  >>> Created relation default_argument_exprs/3@3e3a91em with 2 rows and digest 774e6d8iugq1ts4kfc5c8vfqi3e.
[2026-10-07 23:45:23] (0s)  >>> Created relation current_context_isolation_exprs/2@97ad48lc with 0 rows and digest THIS-RELATION-HAS-NO-TUPLES.
[2026-10-07 23:45:23] (0s) Inferred that Synth::Synth::TCurrentContextIsolationExpr#dom#c0ed0e39/1@56f05ffs is empty, due to current_context_isolation_exprs/2@97ad48lc.
[2026-10-07 23:45:23] (0s) Inferred that Synth::Synth::TCurrentContextIsolationExpr#ebdd1812/2@355d15g3 is empty, due to Synth::Synth::TCurrentContextIsolationExpr#dom#c0ed0e39/1@56f05ffs.
[2026-10-07 23:45:23] (0s)  >>> Created relation copy_exprs/2@20efa1l8 with 0 rows and digest THIS-RELATION-HAS-NO-TUPLES.
[2026-10-07 23:45:23] (0s) Inferred that Synth::Synth::TCopyExpr#dom#ad1c5d90/1@25a4e8lj is empty, due to copy_exprs/2@20efa1l8.
[2026-10-07 23:45:23] (0s) Inferred that Synth::Synth::TCopyExpr#df1dd922/2@4313dc60 is empty, due to Synth::Synth::TCopyExpr#dom#ad1c5d90/1@25a4e8lj.
[2026-10-07 23:45:23] (0s)  >>> Created relation consume_exprs/2@f4f2c8fj with 0 rows and digest THIS-RELATION-HAS-NO-TUPLES.
[2026-10-07 23:45:23] (0s) Inferred that Synth::Synth::TConsumeExpr#dom#12a1798b/1@af89d93r is empty, due to consume_exprs/2@f4f2c8fj.
[2026-10-07 23:45:23] (0s) Inferred that Synth::Synth::TConsumeExpr#6debb2d8/2@463941f7 is empty, due to Synth::Synth::TConsumeExpr#dom#12a1798b/1@af89d93r.
[2026-10-07 23:45:23] (0s)  >>> Created relation capture_list_exprs/2@8465d9dr with 0 rows and digest THIS-RELATION-HAS-NO-TUPLES.
[2026-10-07 23:45:23] (0s) Inferred that Synth::Synth::TCaptureListExpr#dom#61e92b79/1@869f39nt is empty, due to capture_list_exprs/2@8465d9dr.
[2026-10-07 23:45:23] (0s) Inferred that Synth::Synth::TCaptureListExpr#4e5ecb1c/2@db9ec8us is empty, due to Synth::Synth::TCaptureListExpr#dom#61e92b79/1@869f39nt.
[2026-10-07 23:45:23] (0s)  >>> Created relation boolean_literal_exprs/2@16871d4h with 0 rows and digest THIS-RELATION-HAS-NO-TUPLES.
[2026-10-07 23:45:23] (0s) Inferred that Synth::Synth::TBooleanLiteralExpr#dom#64600d8f/1@f201942a is empty, due to boolean_literal_exprs/2@16871d4h.
[2026-10-07 23:45:23] (0s) Inferred that Synth::Synth::TBooleanLiteralExpr#99b3fb7f/2@6a1671rr is empty, due to Synth::Synth::TBooleanLiteralExpr#dom#64600d8f/1@f201942a.
[2026-10-07 23:45:23] (0s)  >>> Created relation bind_optional_exprs/2@95efc9er with 0 rows and digest THIS-RELATION-HAS-NO-TUPLES.
[2026-10-07 23:45:23] (0s) Inferred that Synth::Synth::TBindOptionalExpr#dom#86999c1e/1@985715fv is empty, due to bind_optional_exprs/2@95efc9er.
[2026-10-07 23:45:23] (0s) Inferred that Synth::Synth::TBindOptionalExpr#e5116af4/2@78433e1e is empty, due to Synth::Synth::TBindOptionalExpr#dom#86999c1e/1@985715fv.
[2026-10-07 23:45:23] (0s)  >>> Created relation assign_exprs/3@960809f0 with 19 rows and digest 2718b9cds97isspid2612evdudf.
[2026-10-07 23:45:23] (0s)  >>> Created relation initializer_ref_call_exprs/1@95b49atp with 0 rows and digest THIS-RELATION-HAS-NO-TUPLES.
[2026-10-07 23:45:23] (0s)  >>> Created relation dot_syntax_call_exprs/1@daf1179g with 0 rows and digest THIS-RELATION-HAS-NO-TUPLES.
[2026-10-07 23:45:23] (0s)  >>> Created relation applied_property_wrapper_exprs/4@a6d671oj with 0 rows and digest THIS-RELATION-HAS-NO-TUPLES.
[2026-10-07 23:45:23] (0s) Inferred that Synth::Synth::TAppliedPropertyWrapperExpr#dom#55d340c5/1@f333c0b6 is empty, due to applied_property_wrapper_exprs/4@a6d671oj.
[2026-10-07 23:45:23] (0s) Inferred that Synth::Synth::TAppliedPropertyWrapperExpr#8df015f0/2@eb9a26te is empty, due to Synth::Synth::TAppliedPropertyWrapperExpr#dom#55d340c5/1@f333c0b6.
[2026-10-07 23:45:23] (0s)  >>> Created relation optional_evaluation_exprs/2@cc5d60q2 with 0 rows and digest THIS-RELATION-HAS-NO-TUPLES.
[2026-10-07 23:45:23] (0s) Inferred that Synth::Synth::TOptionalEvaluationExpr#dom#1d20abef/1@a2defbuk is empty, due to optional_evaluation_exprs/2@cc5d60q2.
[2026-10-07 23:45:23] (0s) Inferred that Synth::Synth::TOptionalEvaluationExpr#f7ab09c0/2@1e79faar is empty, due to Synth::Synth::TOptionalEvaluationExpr#dom#1d20abef/1@a2defbuk.
[2026-10-07 23:45:23] (0s)  >>> Created relation open_existential_exprs/4@44db22ji with 0 rows and digest THIS-RELATION-HAS-NO-TUPLES.
[2026-10-07 23:45:23] (0s) Inferred that Synth::Synth::TOpenExistentialExpr#dom#f7826a92/1@1c165e1c is empty, due to open_existential_exprs/4@44db22ji.
[2026-10-07 23:45:23] (0s) Inferred that Synth::Synth::TOpenExistentialExpr#69c081f6/2@2487ccrv is empty, due to Synth::Synth::TOpenExistentialExpr#dom#f7826a92/1@1c165e1c.
[2026-10-07 23:45:23] (0s)  >>> Created relation object_literal_exprs/2@d81c767h with 0 rows and digest THIS-RELATION-HAS-NO-TUPLES.
[2026-10-07 23:45:23] (0s) Inferred that Synth::Synth::TObjectLiteralExpr#dom#ad4eeda6/1@f0164868 is empty, due to object_literal_exprs/2@d81c767h.
[2026-10-07 23:45:23] (0s) Inferred that Synth::Synth::TObjectLiteralExpr#8e8a0dd9/2@bb08124b is empty, due to Synth::Synth::TObjectLiteralExpr#dom#ad4eeda6/1@f0164868.
[2026-10-07 23:45:23] (0s)  >>> Created relation obj_c_selector_exprs/3@c73ea490 with 0 rows and digest THIS-RELATION-HAS-NO-TUPLES.
[2026-10-07 23:45:23] (0s) Inferred that Synth::Synth::TObjCSelectorExpr#dom#0b23ab7f/1@dd97f2dd is empty, due to obj_c_selector_exprs/3@c73ea490.
[2026-10-07 23:45:23] (0s) Inferred that Synth::Synth::TObjCSelectorExpr#444c9092/2@764a162n is empty, due to Synth::Synth::TObjCSelectorExpr#dom#0b23ab7f/1@dd97f2dd.
[2026-10-07 23:45:23] (0s)  >>> Created relation materialize_pack_exprs/2@9328812n with 0 rows and digest THIS-RELATION-HAS-NO-TUPLES.
[2026-10-07 23:45:23] (0s) Inferred that Synth::Synth::TMaterializePackExpr#dom#5597c857/1@80ff258b is empty, due to materialize_pack_exprs/2@9328812n.
[2026-10-07 23:45:23] (0s) Inferred that Synth::Synth::TMaterializePackExpr#95302548/2@8cfd02ok is empty, due to Synth::Synth::TMaterializePackExpr#dom#5597c857/1@80ff258b.
[2026-10-07 23:45:23] (0s)  >>> Created relation make_temporarily_escapable_exprs/4@0a83e3h3 with 0 rows and digest THIS-RELATION-HAS-NO-TUPLES.
[2026-10-07 23:45:23] (0s) Inferred that Synth::Synth::TMakeTemporarilyEscapableExpr#dom#0229d2b0/1@3551f5pe is empty, due to make_temporarily_escapable_exprs/4@0a83e3h3.
[2026-10-07 23:45:23] (0s) Inferred that Synth::Synth::TMakeTemporarilyEscapableExpr#abd7b139/2@569e0cjb is empty, due to Synth::Synth::TMakeTemporarilyEscapableExpr#dom#0229d2b0/1@3551f5pe.
[2026-10-07 23:45:23] (0s)  >>> Created relation magic_identifier_literal_exprs/2@2f24e4rd with 0 rows and digest THIS-RELATION-HAS-NO-TUPLES.
[2026-10-07 23:45:23] (0s) Inferred that Synth::Synth::TMagicIdentifierLiteralExpr#dom#628fed16/1@cbb56ae9 is empty, due to magic_identifier_literal_exprs/2@2f24e4rd.
[2026-10-07 23:45:23] (0s) Inferred that Synth::Synth::TMagicIdentifierLiteralExpr#95c0fc2d/2@8bcee8r7 is empty, due to Synth::Synth::TMagicIdentifierLiteralExpr#dom#628fed16/1@cbb56ae9.
[2026-10-07 23:45:23] (0s)  >>> Created relation lazy_initialization_exprs/2@48ea10dl with 0 rows and digest THIS-RELATION-HAS-NO-TUPLES.
[2026-10-07 23:45:23] (0s) Inferred that Synth::Synth::TLazyInitializationExpr#dom#38f9e33d/1@238e005c is empty, due to lazy_initialization_exprs/2@48ea10dl.
[2026-10-07 23:45:23] (0s) Inferred that Synth::Synth::TLazyInitializationExpr#03f4fc3e/2@a923402e is empty, due to Synth::Synth::TLazyInitializationExpr#dom#38f9e33d/1@238e005c.
[2026-10-07 23:45:23] (0s)  >>> Created relation key_path_application_exprs/3@87b5a7ks with 0 rows and digest THIS-RELATION-HAS-NO-TUPLES.
[2026-10-07 23:45:23] (0s) Inferred that Synth::Synth::TKeyPathApplicationExpr#dom#06e9697f/1@812dfafp is empty, due to key_path_application_exprs/3@87b5a7ks.
[2026-10-07 23:45:23] (0s) Inferred that Synth::Synth::TKeyPathApplicationExpr#e5b19e99/2@39e64d7v is empty, due to Synth::Synth::TKeyPathApplicationExpr#dom#06e9697f/1@812dfafp.
[2026-10-07 23:45:23] (0s)  >>> Created relation integer_literal_exprs/2@c55ee8f6 with 105 rows and digest 0bd1f1vpuc8ql7lap3343k4n8o2.
[2026-10-07 23:45:23] (0s)  >>> Created relation if_exprs/4@e1374dbd with 0 rows and digest THIS-RELATION-HAS-NO-TUPLES.
[2026-10-07 23:45:23] (0s) Inferred that Synth::Synth::TIfExpr#dom#86a1020d/1@c9294dva is empty, due to if_exprs/4@e1374dbd.
[2026-10-07 23:45:23] (0s) Inferred that Synth::Synth::TIfExpr#0dd62e70/2@d4fd81uj is empty, due to Synth::Synth::TIfExpr#dom#86a1020d/1@c9294dva.
[2026-10-07 23:45:23] (0s)  >>> Created relation force_value_exprs/2@a9473f45 with 0 rows and digest THIS-RELATION-HAS-NO-TUPLES.
[2026-10-07 23:45:23] (0s) Inferred that Synth::Synth::TForceValueExpr#dom#a28beeed/1@ba88bfs5 is empty, due to force_value_exprs/2@a9473f45.
[2026-10-07 23:45:23] (0s) Inferred that Synth::Synth::TForceValueExpr#46e88c3b/2@20866eq6 is empty, due to Synth::Synth::TForceValueExpr#dom#a28beeed/1@ba88bfs5.
[2026-10-07 23:45:23] (0s)  >>> Created relation float_literal_exprs/2@a1fba593 with 0 rows and digest THIS-RELATION-HAS-NO-TUPLES.
[2026-10-07 23:45:23] (0s) Inferred that Synth::Synth::TFloatLiteralExpr#dom#880a13fe/1@8753ff4a is empty, due to float_literal_exprs/2@a1fba593.
[2026-10-07 23:45:23] (0s) Inferred that Synth::Synth::TFloatLiteralExpr#f476fd54/2@3035a72m is empty, due to Synth::Synth::TFloatLiteralExpr#dom#880a13fe/1@8753ff4a.
[2026-10-07 23:45:23] (0s)  >>> Created relation extract_function_isolation_exprs/2@054293v5 with 0 rows and digest THIS-RELATION-HAS-NO-TUPLES.
[2026-10-07 23:45:23] (0s) Inferred that Synth::Synth::TExtractFunctionIsolationExpr#dom#952c5bd8/1@77526a1i is empty, due to extract_function_isolation_exprs/2@054293v5.
[2026-10-07 23:45:23] (0s) Inferred that Synth::Synth::TExtractFunctionIsolationExpr#f24411e5/2@8bbcf8gb is empty, due to Synth::Synth::TExtractFunctionIsolationExpr#dom#952c5bd8/1@77526a1i.
[2026-10-07 23:45:23] (0s)  >>> Created relation enum_is_case_exprs/3@2ccaedqg with 0 rows and digest THIS-RELATION-HAS-NO-TUPLES.
[2026-10-07 23:45:23] (0s) Inferred that Synth::Synth::TEnumIsCaseExpr#dom#d64c7717/1@493214l0 is empty, due to enum_is_case_exprs/3@2ccaedqg.
[2026-10-07 23:45:23] (0s) Inferred that enum_is_case_exprs_20#join_rhs/2@cdf96ev4 is empty, due to enum_is_case_exprs/3@2ccaedqg.
[2026-10-07 23:45:23] (0s) Inferred that Synth::Synth::TEnumIsCaseExpr#3123b215/2@934f44np is empty, due to Synth::Synth::TEnumIsCaseExpr#dom#d64c7717/1@493214l0.
[2026-10-07 23:45:23] (0s)  >>> Created relation dynamic_type_exprs/2@954d54tr with 0 rows and digest THIS-RELATION-HAS-NO-TUPLES.
[2026-10-07 23:45:23] (0s) Inferred that Synth::Synth::TDynamicTypeExpr#dom#f7f0b80a/1@2dc8eb5l is empty, due to dynamic_type_exprs/2@954d54tr.
[2026-10-07 23:45:23] (0s) Inferred that Synth::Synth::TDynamicTypeExpr#16d385bf/2@a24a28vu is empty, due to Synth::Synth::TDynamicTypeExpr#dom#f7f0b80a/1@2dc8eb5l.
[2026-10-07 23:45:23] (0s)  >>> Created relation dot_syntax_base_ignored_exprs/3@e41f4dmd with 0 rows and digest THIS-RELATION-HAS-NO-TUPLES.
[2026-10-07 23:45:23] (0s) Inferred that Synth::Synth::TDotSyntaxBaseIgnoredExpr#dom#99d833c4/1@af7482ol is empty, due to dot_syntax_base_ignored_exprs/3@e41f4dmd.
[2026-10-07 23:45:23] (0s) Inferred that Synth::Synth::TDotSyntaxBaseIgnoredExpr#c6ec664f/2@7c1782r3 is empty, due to Synth::Synth::TDotSyntaxBaseIgnoredExpr#dom#99d833c4/1@af7482ol.
[2026-10-07 23:45:23] (0s) Starting to evaluate predicate @closure_expr/1@b215aaak
[2026-10-07 23:45:23] (0s)  >>> Created relation @closure_expr/1@b215aaak with 0 rows and digest THIS-RELATION-HAS-NO-TUPLES.
[2026-10-07 23:45:23] (0s) Starting to evaluate predicate @expr/1@7412a6g1
[2026-10-07 23:45:23] (0s)  >>> Created relation @expr/1@7412a6g1 with 206 rows and digest 856849t57rv7hrjamlo3gpmo5f5.
[2026-10-07 23:45:23] (0s) Starting to evaluate predicate Raw::Raw::ApplyExpr.getFunction/0#dispred#bd9824c5/2@7b1717qh
[2026-10-07 23:45:23] (0s)  >>> Created relation Raw::Raw::ApplyExpr.getFunction/0#dispred#bd9824c5/2@7b1717qh with 24 rows and digest d1d24cs98m7rb7316nht9lccrab.
[2026-10-07 23:45:23] (0s) Starting to evaluate predicate m#Synth::Synth::convertApplyExprToRaw/1#55467ecc#fb/1@e9368c39
[2026-10-07 23:45:23] (0s)  >>> Created relation m#Synth::Synth::convertApplyExprToRaw/1#55467ecc#fb/1@e9368c39 with 206 rows and digest 856849t57rv7hrjamlo3gpmo5f5.
[2026-10-07 23:45:23] (0s) Starting to evaluate predicate Synth::Synth::convertApplyExprToRaw/1#55467ecc#fb/2@d9a62dl2
[2026-10-07 23:45:23] (0s)  >>> Created relation Synth::Synth::convertApplyExprToRaw/1#55467ecc#fb/2@d9a62dl2 with 24 rows and digest 9c27ec02sc2hqugti0s4u762qk1.
[2026-10-07 23:45:23] (0s) Starting to evaluate predicate Synth::Synth::convertApplyExprToRaw/1#55467ecc#fb_10#join_rhs/2@e6efa008
[2026-10-07 23:45:23] (0s)  >>> Created relation Synth::Synth::convertApplyExprToRaw/1#55467ecc#fb_10#join_rhs/2@e6efa008 with 24 rows and digest ac2c5a6rq6slb75po2mi1rncc47.
[2026-10-07 23:45:23] (0s) Starting to evaluate predicate ApplyExpr::Generated::ApplyExpr.getArgument/1#dispred#6fb5e17f/3@b59bd16m
[2026-10-07 23:45:23] (0s)  >>> Created relation ApplyExpr::Generated::ApplyExpr.getArgument/1#dispred#6fb5e17f/3@b59bd16m with 6 rows and digest 73d61afadnlrk3bofnvdeso0o08.
[2026-10-07 23:45:23] (0s) Starting to evaluate predicate Expr::Expr.getResolveStep/0#dispred#318c6ca3_0#antijoin_rhs/1@0d050bg8
[2026-10-07 23:45:23] (0s)  >>> Created relation Expr::Expr.getResolveStep/0#dispred#318c6ca3_0#antijoin_rhs/1@0d050bg8 with 7 rows and digest e87d62lnqsu2ol5dk50cir2ua66.
[2026-10-07 23:45:23] (0s) Starting to evaluate predicate ApplyExpr::Generated::ApplyExpr.getFunction/0#dispred#12f7b5a0/2@8b129b20
[2026-10-07 23:45:23] (0s)  >>> Created relation ApplyExpr::Generated::ApplyExpr.getFunction/0#dispred#12f7b5a0/2@8b129b20 with 24 rows and digest 461c113d48i5t65nsn3jv2298o1.
[2026-10-07 23:45:23] (0s) Starting to evaluate predicate _Expr::Expr.getResolveStep/0#dispred#318c6ca3_0#antijoin_rhs_Synth::Synth::TAssignExpr#4d91050c#shared/2@6d4b3352
[2026-10-07 23:45:23] (0s)  >>> Created relation _Expr::Expr.getResolveStep/0#dispred#318c6ca3_0#antijoin_rhs_Synth::Synth::TAssignExpr#4d91050c#shared/2@6d4b3352 with 19 rows and digest eb31a79tno31tjeg7p5lod4bhe6.
[2026-10-07 23:45:23] (0s) Starting to evaluate predicate AssignExpr::Generated::AssignExpr.getDest/0#dispred#2a0c3463/2@9c55a7b7
[2026-10-07 23:45:23] (0s)  >>> Created relation AssignExpr::Generated::AssignExpr.getDest/0#dispred#2a0c3463/2@9c55a7b7 with 19 rows and digest 5df1d07l8sp7uuli8micjeuc9fb.
[2026-10-07 23:45:23] (0s) Starting to evaluate predicate AssignExpr::Generated::AssignExpr.getDest/0#dispred#2a0c3463_1#antijoin_rhs/1@f969692u
[2026-10-07 23:45:23] (0s)  >>> Created relation AssignExpr::Generated::AssignExpr.getDest/0#dispred#2a0c3463_1#antijoin_rhs/1@f969692u with 19 rows and digest 1106dcq3sfnar8i74n0lj6mo4i2.
[2026-10-07 23:45:23] (0s) Starting to evaluate predicate m#LookupExpr::Generated::LookupExpr.getBase/0#dispred#20e15c6d#bf/1@de08b124
[2026-10-07 23:45:23] (0s)  >>> Created relation m#LookupExpr::Generated::LookupExpr.getBase/0#dispred#20e15c6d#bf/1@de08b124 with 0 rows and digest THIS-RELATION-HAS-NO-TUPLES.
[2026-10-07 23:45:23] (0s) Inferred that Synth::Synth::convertLookupExprToRaw/1#ea59557a#bf/2@c9c38djr is empty, due to m#LookupExpr::Generated::LookupExpr.getBase/0#dispred#20e15c6d#bf/1@de08b124.
[2026-10-07 23:45:23] (0s) Inferred that LookupExpr::Generated::LookupExpr.getImmediateBase/0#dispred#34571f86#bf/2@de3a1501 is empty, due to m#LookupExpr::Generated::LookupExpr.getBase/0#dispred#20e15c6d#bf/1@de08b124.
[2026-10-07 23:45:23] (0s) Inferred that LookupExpr::Generated::LookupExpr.getBase/0#dispred#20e15c6d#bf/2@f859b0cb is empty, due to LookupExpr::Generated::LookupExpr.getImmediateBase/0#dispred#34571f86#bf/2@de3a1501.
[2026-10-07 23:45:23] (0s) Starting to evaluate predicate ApplyExpr::ApplyExpr.getQualifier/0#dispred#13afdcd5/2@b9ed8ehf
[2026-10-07 23:45:23] (0s)  >>> Created relation ApplyExpr::ApplyExpr.getQualifier/0#dispred#13afdcd5/2@b9ed8ehf with 0 rows and digest THIS-RELATION-HAS-NO-TUPLES.
[2026-10-07 23:45:23] (0s) Starting to evaluate predicate Function::Function.getShortName/0#dispred#846f4522/2@3dc117bl
[2026-10-07 23:45:23] (0s)  >>> Created relation ExternalFlow::interpretElement0/5#ab064756/6@f44d21cq with 1162 rows and digest 9d19aaaufu7asbdpcrktmdt51u2.
[2026-10-07 23:45:23] (0s) Starting to evaluate predicate Decl::Generated::Decl.getModule/0#dispred#6337565b/2@315d77e6
[2026-10-07 23:45:23] (0s)  >>> Created relation Decl::Generated::Decl.getModule/0#dispred#6337565b/2@315d77e6 with 24328 rows and digest 05bf9atqljjjbd0p0gkfjdv6t3b.
[2026-10-07 23:45:23] (0s) Starting to evaluate predicate ApplyExpr::Generated::ApplyExpr.getArgument/1#dispred#6fb5e17f_1#join_rhs/1@6b79291e
[2026-10-07 23:45:23] (0s)  >>> Created relation ApplyExpr::Generated::ApplyExpr.getArgument/1#dispred#6fb5e17f_1#join_rhs/1@6b79291e with 3 rows and digest bc36b79cr4mohb1h7re288rv6jc.
[2026-10-07 23:45:23] (0s) Starting to evaluate predicate BitwiseOperation::BitwiseOperation#c1514553/1@5c600df9
[2026-10-07 23:45:23] (0s)  >>> Created relation BitwiseOperation::BitwiseOperation#c1514553/1@5c600df9 with 0 rows and digest THIS-RELATION-HAS-NO-TUPLES.
[2026-10-07 23:45:23] (0s) Inferred that BitwiseOperation::BitwiseOperation.getAnOperand/0#dispred#860ea8df/2@91c702aa is empty, due to BitwiseOperation::BitwiseOperation#c1514553/1@5c600df9.
[2026-10-07 23:45:23] (0s) Starting to evaluate predicate Synth::Synth::convertExprToRaw/1#9d4e4c98#fb/2@ed4406dj
[2026-10-07 23:45:23] (0s)  >>> Created relation Synth::Synth::convertExprToRaw/1#9d4e4c98#fb/2@ed4406dj with 206 rows and digest c7f800sob8p4ovqojoqf0erf091.
[2026-10-07 23:45:23] (0s) Starting to evaluate predicate Synth::Synth::convertExprToRaw/1#9d4e4c98#fb_10#join_rhs/2@91242582
[2026-10-07 23:45:23] (0s)  >>> Created relation Synth::Synth::convertExprToRaw/1#9d4e4c98#fb_10#join_rhs/2@91242582 with 206 rows and digest c61478uhi1hekv69qobo1dhabsd.
[2026-10-07 23:45:23] (0s) Starting to evaluate predicate Expr::Generated::Expr.getImmediateType/0#dispred#c20a3289/2@fe5cd816
[2026-10-07 23:45:23] (0s)  >>> Created relation Expr::Generated::Expr.getImmediateType/0#dispred#c20a3289/2@fe5cd816 with 206 rows and digest 4d02achgq7lskrvd5pt85nl398f.
[2026-10-07 23:45:23] (0s) Starting to evaluate predicate Expr::Generated::Expr.getType/0#dispred#9d59fd56/2@1a6957dh
[2026-10-07 23:45:23] (0s)  >>> Created relation Expr::Generated::Expr.getType/0#dispred#9d59fd56/2@1a6957dh with 206 rows and digest 46386d06r3dhjo3qc7st7ae3mb3.
[2026-10-07 23:45:23] (0s) Starting to evaluate predicate DataFlowPrivate::modifiable/1#75325a0b/1@f1c818fa
[2026-10-07 23:45:23] (0s)  >>> Created relation DataFlowPrivate::modifiable/1#75325a0b/1@f1c818fa with 5 rows and digest 56315etbf44198n8fmdl8au5g98.
[2026-10-07 23:45:23] (0s) Starting to evaluate predicate m#DataFlowPrivate::hasExprNode/2#e5d4cd6e#fb/1@2ae3ed1b
[2026-10-07 23:45:23] (0s)  >>> Created relation m#DataFlowPrivate::hasExprNode/2#e5d4cd6e#fb/1@2ae3ed1b with 5 rows and digest 69b290avo9q44ed97ssnsjg19p9.
[2026-10-07 23:45:23] (0s) Starting to evaluate predicate DataFlowPrivate::hasExprNode/2#e5d4cd6e#fb/2@1d1263eq
[2026-10-07 23:45:23] (0s)  >>> Created relation DataFlowPrivate::hasExprNode/2#e5d4cd6e#fb/2@1d1263eq with 5 rows and digest 1b62f6fr3et0e3gtuc2ahojvq99.
[2026-10-07 23:45:23] (0s) Starting to evaluate predicate DataFlowPrivate::hasExprNode/2#e5d4cd6e#fb_10#join_rhs/2@7e62e1ci
[2026-10-07 23:45:23] (0s)  >>> Created relation DataFlowPrivate::hasExprNode/2#e5d4cd6e#fb_10#join_rhs/2@7e62e1ci with 5 rows and digest 6cd8d15cmclcp4foe5q6vo92mm2.
[2026-10-07 23:45:23] (0s) Starting to evaluate predicate m#CfgNodes::CfgNode.getAst/0#dispred#6b961edd#fb/1@fb465778
[2026-10-07 23:45:23] (0s)  >>> Created relation m#CfgNodes::CfgNode.getAst/0#dispred#6b961edd#fb/1@fb465778 with 6 rows and digest 7bdc63j4dfcfnadhkteercqffca.
[2026-10-07 23:45:23] (0s) Starting to evaluate predicate CfgNodes::CfgNode.getAst/0#dispred#6b961edd#fb/2@5813e1km
[2026-10-07 23:45:23] (0s)  >>> Created relation CfgNodes::CfgNode.getAst/0#dispred#6b961edd#fb/2@5813e1km with 6 rows and digest 51dd9790td621dvhrtk4etf9vg9.
[2026-10-07 23:45:23] (0s) Starting to evaluate predicate CfgNodes::CfgNode.getAst/0#dispred#6b961edd#fb_10#join_rhs/2@b88f3489
[2026-10-07 23:45:23] (0s)  >>> Created relation CfgNodes::CfgNode.getAst/0#dispred#6b961edd#fb_10#join_rhs/2@b88f3489 with 6 rows and digest 66d01dr5mvuggii75go1mrq3l58.
[2026-10-07 23:45:23] (0s) Starting to evaluate predicate CfgNodes::ApplyExprCfgNode#62d77bf1_10#join_rhs/2@00564auq
[2026-10-07 23:45:23] (0s)  >>> Created relation CfgNodes::ApplyExprCfgNode#62d77bf1_10#join_rhs/2@00564auq with 24 rows and digest a67632cqoabish85u9g3qd0lnc2.
[2026-10-07 23:45:23] (0s) Starting to evaluate predicate CfgNodes::ApplyExprCfgNode.getArgument/1#dispred#7a03d906/3@d43224am
[2026-10-07 23:45:23] (0s)  >>> Created relation CfgNodes::ApplyExprCfgNode.getArgument/1#dispred#7a03d906/3@d43224am with 6 rows and digest 8c90321r4ffms7qd5nsctvohmt8.
[2026-10-07 23:45:23] (0s) Starting to evaluate predicate DataFlowDispatch::DataFlowCall.getAnArgument/0#dispred#daf693f0/2@5605482h
[2026-10-07 23:45:23] (0s)  >>> Created relation DataFlowDispatch::DataFlowCall.getAnArgument/0#dispred#daf693f0/2@5605482h with 6 rows and digest 699dc86ts1u1g50nulcdrmh7221.
[2026-10-07 23:45:23] (0s) Starting to evaluate predicate DataFlowDispatch::DataFlowCall.getAnArgument/0#dispred#daf693f0_10#join_rhs/2@214e7d3i
[2026-10-07 23:45:23] (0s)  >>> Created relation DataFlowDispatch::DataFlowCall.getAnArgument/0#dispred#daf693f0_10#join_rhs/2@214e7d3i with 6 rows and digest 052b3avtkl154jr0vtb0r2ib9h8.
[2026-10-07 23:45:23] (0s) Starting to evaluate predicate DataFlowPrivate::InOutUpdateArgNode#38569554/3@45d485qi
[2026-10-07 23:45:23] (0s)  >>> Created relation DataFlowPrivate::InOutUpdateArgNode#38569554/3@45d485qi with 5 rows and digest ebce67e07tjueila5thuss6hja9.
[2026-10-07 23:45:23] (0s) Starting to evaluate predicate DataFlowPrivate::InOutUpdateArgNode#38569554_102#join_rhs/3@8f4ca61p
[2026-10-07 23:45:23] (0s)  >>> Created relation DataFlowPrivate::InOutUpdateArgNode#38569554_102#join_rhs/3@8f4ca61p with 5 rows and digest 1dcd60ku73r6r266bcv756gb2d6.
[2026-10-07 23:45:23] (0s) Starting to evaluate predicate DataFlowDispatch::getAnOutNode/2#33cd1b60/3@e91a68bv
[2026-10-07 23:45:23] (0s)  >>> Created relation DataFlowDispatch::getAnOutNode/2#33cd1b60/3@e91a68bv with 29 rows and digest 55754flh2p2gb6i8b3aqkeqvbk5.
[2026-10-07 23:45:23] (0s) Starting to evaluate predicate Callable::Generated::Callable.getParam/1#dispred#73056655_0#antijoin_rhs/1@3404fe3c
[2026-10-07 23:45:23] (0s)  >>> Created relation Callable::Generated::Callable.getParam/1#dispred#73056655_0#antijoin_rhs/1@3404fe3c with 10346 rows and digest 89d327cnnvbfd2qdogj260v6v20.
[2026-10-07 23:45:23] (0s) Starting to evaluate predicate m#Callable::Generated::Callable.getNumberOfParams/0#dispred#3d83aba3#bf/1@0f151fcq
[2026-10-07 23:45:23] (0s)  >>> Created relation m#Callable::Generated::Callable.getNumberOfParams/0#dispred#3d83aba3#bf/1@0f151fcq with 10346 rows and digest 89d327cnnvbfd2qdogj260v6v20.
[2026-10-07 23:45:23] (0s) Starting to evaluate predicate Synth::Synth::TCallable#9f63cd6e/1@9e7542i3
[2026-10-07 23:45:23] (0s)  >>> Created relation Synth::Synth::TCallable#9f63cd6e/1@9e7542i3 with 15871 rows and digest 6dfd06gbnr2kjmka568rr1btu29.
[2026-10-07 23:45:23] (0s) Starting to evaluate predicate Callable::Generated::Callable.getParam/1#dispred#73056655_01#count_range/2@0d00c0vm
[2026-10-07 23:45:23] (0s)  >>> Created relation Callable::Generated::Callable.getParam/1#dispred#73056655_01#count_range/2@0d00c0vm with 16190 rows and digest 22dcf3908q1pg5uh2qltmc391q6.
[2026-10-07 23:45:23] (0s) Starting to evaluate predicate _Callable::Generated::Callable.getParam/1#dispred#73056655_01#count_range#join_rhs/2@7a229238
[2026-10-07 23:45:23] (0s)  >>> Created relation _Callable::Generated::Callable.getParam/1#dispred#73056655_01#count_range#join_rhs/2@7a229238 with 10346 rows and digest edd81euho11ghbe9br2h32icmqf.
[2026-10-07 23:45:23] (0s) Starting to evaluate predicate Callable::Generated::Callable.getNumberOfParams/0#dispred#3d83aba3#bf/2@c16fe1qk
[2026-10-07 23:45:23] (0s)  >>> Created relation Function::Function.getShortName/0#dispred#846f4522/2@3dc117bl with 15871 rows and digest 4abfcba9ud3s2pr13v9ob5fgk8e.
[2026-10-07 23:45:23] (0s) Starting to evaluate predicate m#FlowSummaryImpl::Private::Steps::summaryLocalStepImpl/4#808888f6#ffbf/1@14428aur
[2026-10-07 23:45:23] (0s)  >>> Created relation Callable::Generated::Callable.getNumberOfParams/0#dispred#3d83aba3#bf/2@c16fe1qk with 10346 rows and digest edd81euho11ghbe9br2h32icmqf.
[2026-10-07 23:45:23] (0s)  >>> Created relation m#FlowSummaryImpl::Private::Steps::summaryLocalStepImpl/4#808888f6#ffbf/1@14428aur with 2 rows and digest 3507f8bm05kddme44vro5gg3kj1.
[2026-10-07 23:45:23] (0s) Starting to evaluate predicate num#Unit::TMkUnit#de46f2e6/1@d1a4ec9s
[2026-10-07 23:45:23] Evaluating HOP construct<Unit#54592529::TUnit,0> with inputs:
                        1 tuples in DataFlowImplCommon::Cached::forceCachingInSameStage/0#cc97347d/0@dab1424s
[2026-10-07 23:45:23] (0s) Starting to evaluate predicate ExternalFlow::interpretSummary/6#b8c2eed2#cpe#12345#cpe#1234/4@929ed7c2
[2026-10-07 23:45:23] (0s)  >>> Created relation num#Unit::TMkUnit#de46f2e6/1@d1a4ec9s with 1 rows and digest 19f2cevarof1fbaqkctt3t43if4.
[2026-10-07 23:45:23] (0s) Starting to evaluate predicate Argument::Generated::Argument.getLabel/0#dispred#4e2864ed/2@e8c6a5hg
[2026-10-07 23:45:23] (0s)  >>> Created relation Argument::Generated::Argument.getLabel/0#dispred#4e2864ed/2@e8c6a5hg with 6 rows and digest 14fde4p6q58fn4el1ugcopj2jr0.
[2026-10-07 23:45:23] (0s) Starting to evaluate predicate decl_members_2#join_rhs/1@0704d97u
[2026-10-07 23:45:23] (0s)  >>> Created relation ExternalFlow::interpretSummary/6#b8c2eed2#cpe#12345#cpe#1234/4@929ed7c2 with 1291 rows and digest a4a2960p2lc6o1mc3d95di0lnc8.
[2026-10-07 23:45:23] (0s) Starting to evaluate predicate ExternalFlow::SummarizedCallableAdapter#e62c37b3#cpe#12345#cpe#1234/4@c437d5dd
[2026-10-07 23:45:23] (0s)  >>> Created relation decl_members_2#join_rhs/1@0704d97u with 18225 rows and digest e5d2c1vtv6lmh2qf6k183pp5hff.
[2026-10-07 23:45:23] (0s)  >>> Created relation ExternalFlow::SummarizedCallableAdapter#e62c37b3#cpe#12345#cpe#1234/4@c437d5dd with 1291 rows and digest a4a2960p2lc6o1mc3d95di0lnc8.
[2026-10-07 23:45:23] (0s) Starting to evaluate predicate Raw::Raw::Decl#5bb7b5e2#b/1@762fe727
[2026-10-07 23:45:23] (0s) Starting to evaluate predicate m#ApplyExpr::ApplyExpr.getStaticTarget/0#dispred#43fd147e#fb/1@i1#0c183wdm (iteration 1)
[2026-10-07 23:45:23] (0s)  >>> Created relation Raw::Raw::Decl#5bb7b5e2#b/1@762fe727 with 3805 rows and digest a218a50atkta30c07j14srd6ri1.
[2026-10-07 23:45:23] (0s) Starting to evaluate predicate FlowSummary::SummarizedCallable::Range.propagatesFlow/6#dispred#49bb6ad3/7@bf8c47ru
[2026-10-07 23:45:23] (0s)  >>> Created relation FlowSummary::SummarizedCallable::Range.propagatesFlow/6#dispred#49bb6ad3/7@bf8c47ru with 1291 rows and digest 3769c5j27cdkqg738kob0r0pkne.
[2026-10-07 23:45:23] (0s) Starting to evaluate predicate project#FlowSummary::SummarizedCallable::Range.propagatesFlow/6#dispred#49bb6ad3#2/1@77d35fcv
[2026-10-07 23:45:23] (0s)  >>> Created relation project#FlowSummary::SummarizedCallable::Range.propagatesFlow/6#dispred#49bb6ad3#2/1@77d35fcv with 23 rows and digest 3e86b4bi1kofkatjilusl70pdr8.
[2026-10-07 23:45:23] (0s) Starting to evaluate predicate project#FlowSummary::SummarizedCallable::Range.propagatesFlow/6#dispred#49bb6ad3/1@b1f5251q
[2026-10-07 23:45:23] (0s)  >>> Created relation project#FlowSummary::SummarizedCallable::Range.propagatesFlow/6#dispred#49bb6ad3/1@b1f5251q with 25 rows and digest bf0ff1llhrl7o93sphttij4mp44.
[2026-10-07 23:45:23] (0s) Starting to evaluate predicate AccessPathSyntax::AccessPath<FlowSummaryImpl::Private::flowSpec>::AccessPath#4557d8d6/1@22acfc9n
[2026-10-07 23:45:23] (0s)  >>> Created relation AccessPathSyntax::AccessPath<FlowSummaryImpl::Private::flowSpec>::AccessPath#4557d8d6/1@22acfc9n with 40 rows and digest 587d5d92sdemvt7bdlaip5dkq4f.
[2026-10-07 23:45:23] (0s) Starting to evaluate predicate AccessPathSyntax::AccessPath<FlowSummaryImpl::Private::flowSpec>::getRawToken/2#66bc8fe8/3@400c56tr
[2026-10-07 23:45:23] (0s)  >>> Created relation AccessPathSyntax::AccessPath<FlowSummaryImpl::Private::flowSpec>::getRawToken/2#66bc8fe8/3@400c56tr with 80 rows and digest 8a07e886dsrv6c70aa7ubk8kv4e.
[2026-10-07 23:45:23] (0s) Starting to evaluate predicate AccessPathSyntax::AccessPath<FlowSummaryImpl::Private::flowSpec>::getRawToken/2#66bc8fe8_2#join_rhs/1@99c025n2
[2026-10-07 23:45:23] (0s)  >>> Created relation AccessPathSyntax::AccessPath<FlowSummaryImpl::Private::flowSpec>::getRawToken/2#66bc8fe8_2#join_rhs/1@99c025n2 with 19 rows and digest 902879mdi493vj60uthr9tqbdja.
[2026-10-07 23:45:23] (0s) Starting to evaluate predicate AccessPathSyntax::AccessPath<FlowSummaryImpl::Private::flowSpec>::getRawToken/2#66bc8fe8_201#join_rhs/3@045a3e13
[2026-10-07 23:45:23] (0s)  >>> Created relation AccessPathSyntax::AccessPath<FlowSummaryImpl::Private::flowSpec>::getRawToken/2#66bc8fe8_201#join_rhs/3@045a3e13 with 80 rows and digest 2fdd8ffdaecu1995d1soob8no41.
[2026-10-07 23:45:23] (0s) Starting to evaluate predicate project#AccessPathSyntax::AccessPath<FlowSummaryImpl::Private::flowSpec>::getRawToken/2#66bc8fe8/1@53d4ce9o
[2026-10-07 23:45:23] (0s)  >>> Created relation project#AccessPathSyntax::AccessPath<FlowSummaryImpl::Private::flowSpec>::getRawToken/2#66bc8fe8/1@53d4ce9o with 40 rows and digest 587d5d92sdemvt7bdlaip5dkq4f.
[2026-10-07 23:45:23] (0s) Starting to evaluate predicate AccessPathSyntax::AccessPath<FlowSummaryImpl::Private::flowSpec>::getRawToken/2#66bc8fe8_01_expr_#sum_range/3@08d5barm
[2026-10-07 23:45:23] (0s)  >>> Created relation AccessPathSyntax::AccessPath<FlowSummaryImpl::Private::flowSpec>::getRawToken/2#66bc8fe8_01_expr_#sum_range/3@08d5barm with 80 rows and digest fc4bb4nubjhq2o0isffg9huafs1.
[2026-10-07 23:45:23] (0s) Starting to evaluate predicate AccessPathSyntax::AccessPath<FlowSummaryImpl::Private::flowSpec>::getRawToken/2#66bc8fe8_01_expr__expr_#sum_term/4@bc83583v
[2026-10-07 23:45:23] (0s)  >>> Created relation AccessPathSyntax::AccessPath<FlowSummaryImpl::Private::flowSpec>::getRawToken/2#66bc8fe8_01_expr__expr_#sum_term/4@bc83583v with 80 rows and digest 37ff74sgqgj8ftc3c5cclq9pmf8.
[2026-10-07 23:45:23] (0s) Starting to evaluate predicate _AccessPathSyntax::AccessPath<FlowSummaryImpl::Private::flowSpec>::getRawToken/2#66bc8fe8_01_expr_#s__#join_rhs/2@9dd6e1hc
[2026-10-07 23:45:23] (0s)  >>> Created relation _AccessPathSyntax::AccessPath<FlowSummaryImpl::Private::flowSpec>::getRawToken/2#66bc8fe8_01_expr_#s__#join_rhs/2@9dd6e1hc with 40 rows and digest 07166aivrdc8gq4og27m0sto2t5.
[2026-10-07 23:45:23] (0s) Starting to evaluate predicate _AccessPathSyntax::AccessPath<FlowSummaryImpl::Private::flowSpec>::AccessPath#4557d8d6__AccessPathSy__#antijoin_rhs/1@905987pr
[2026-10-07 23:45:23] (0s)  >>> Created relation _AccessPathSyntax::AccessPath<FlowSummaryImpl::Private::flowSpec>::AccessPath#4557d8d6__AccessPathSy__#antijoin_rhs/1@905987pr with 40 rows and digest 587d5d92sdemvt7bdlaip5dkq4f.
[2026-10-07 23:45:23] (0s) Starting to evaluate predicate AccessPathSyntax::AccessPath<FlowSummaryImpl::Private::flowSpec>::AccessPath.hasSyntaxError/0#dispred#f0aece6e/1@801d6d86
[2026-10-07 23:45:23] (0s)  >>> Created relation AccessPathSyntax::AccessPath<FlowSummaryImpl::Private::flowSpec>::AccessPath.hasSyntaxError/0#dispred#f0aece6e/1@801d6d86 with 0 rows and digest THIS-RELATION-HAS-NO-TUPLES.
[2026-10-07 23:45:23] (0s) Starting to evaluate predicate FlowSummaryImpl::Private::AccessPath.getToken/1#1141dc70/3@15ae60kb
[2026-10-07 23:45:23] (0s)  >>> Created relation FlowSummaryImpl::Private::AccessPath.getToken/1#1141dc70/3@15ae60kb with 80 rows and digest 8a07e886dsrv6c70aa7ubk8kv4e.
[2026-10-07 23:45:23] (0s) Starting to evaluate predicate FlowSummaryImpl::Private::AccessPath.getToken/1#1141dc70_120#join_rhs/3@5624fb2s
[2026-10-07 23:45:23] (0s)  >>> Created relation FlowSummaryImpl::Private::AccessPath.getToken/1#1141dc70_120#join_rhs/3@5624fb2s with 80 rows and digest dc0e8eio7ho71gfiukjs4al041c.
[2026-10-07 23:45:23] (0s) Starting to evaluate predicate FlowSummaryImpl::Private::SourceOrSinkAccessPath#cb1ab1a6/1@ce3301ed
[2026-10-07 23:45:23] (0s)  >>> Created relation FlowSummaryImpl::Private::SourceOrSinkAccessPath#cb1ab1a6/1@ce3301ed with 0 rows and digest THIS-RELATION-HAS-NO-TUPLES.
[2026-10-07 23:45:23] (0s) Inferred that FlowSummaryImpl::Private::SourceOrSinkAccessPath.getTokenExclMarker/1#dispred#1d2ec92c/3@66d27e3b is empty, due to FlowSummaryImpl::Private::SourceOrSinkAccessPath#cb1ab1a6/1@ce3301ed.
[2026-10-07 23:45:23] (0s) Inferred that FlowSummaryImpl::Private::SourceOrSinkAccessPath.getNumToken/0#dispred#e2aa27c5/2@8afc1dd9 is empty, due to FlowSummaryImpl::Private::SourceOrSinkAccessPath#cb1ab1a6/1@ce3301ed.
[2026-10-07 23:45:23] (0s) Inferred that FlowSummaryImpl::Private::SourceOrSinkAccessPath.getTokenExclMarker/1#dispred#1d2ec92c_201#join_rhs/3@ab8353a3 is empty, due to FlowSummaryImpl::Private::SourceOrSinkAccessPath.getTokenExclMarker/1#dispred#1d2ec92c/3@66d27e3b.
[2026-10-07 23:45:23] (0s) Inferred that FlowSummaryImpl::Private::SourceOrSinkAccessPath.hasContentAt/1#dispred#4832c75a/2@b035154t is empty, due to FlowSummaryImpl::Private::SourceOrSinkAccessPath.getTokenExclMarker/1#dispred#1d2ec92c_201#join_rhs/3@ab8353a3.
[2026-10-07 23:45:23] (0s) Inferred that _FlowSummaryImpl::Private::SourceOrSinkAccessPath.hasContentAt/1#dispred#4832c75a#antijoin_rhs/2@e56881kc is empty, due to FlowSummaryImpl::Private::SourceOrSinkAccessPath.hasContentAt/1#dispred#4832c75a/2@b035154t.
[2026-10-07 23:45:23] (0s) Inferred that FlowSummaryImpl::Private::SourceOrSinkAccessPath.getFirstContentToken/0#dispred#88313628/2@5dcdc3g5 is empty, due to FlowSummaryImpl::Private::SourceOrSinkAccessPath.hasContentAt/1#dispred#4832c75a/2@b035154t.
[2026-10-07 23:45:23] (0s) Inferred that FlowSummaryImpl::Private::SourceOrSinkAccessPath.getFirstContentToken/0#dispred#88313628_0#antijoin_rhs/1@f28c39ku is empty, due to FlowSummaryImpl::Private::SourceOrSinkAccessPath.getFirstContentToken/0#dispred#88313628/2@5dcdc3g5.
[2026-10-07 23:45:23] (0s) Starting to evaluate predicate FlowSummaryImpl::Private::AccessPath.getToken/1#dispred#73f5e6e5#fbb/3@07e44b8i
[2026-10-07 23:45:23] (0s)  >>> Created relation FlowSummaryImpl::Private::AccessPath.getToken/1#dispred#73f5e6e5#fbb/3@07e44b8i with 80 rows and digest 8a07e886dsrv6c70aa7ubk8kv4e.
[2026-10-07 23:45:23] (0s) Starting to evaluate predicate FlowSummaryImpl::Private::AccessPath.getToken/1#dispred#73f5e6e5#fbb_102#join_rhs/3@d3694f04
[2026-10-07 23:45:23] (0s)  >>> Created relation FlowSummaryImpl::Private::AccessPath.getToken/1#dispred#73f5e6e5#fbb_102#join_rhs/3@d3694f04 with 80 rows and digest f3c62a9ca1je6bup2rbvv51pnof.
[2026-10-07 23:45:23] (0s) 			 - m#ApplyExpr::ApplyExpr.getStaticTarget/0#dispred#43fd147e#fb_delta has 27465 rows (order for disjuncts: delta=0).
[2026-10-07 23:45:23] (0s) Starting to evaluate predicate num#FlowSummaryImpl::Private::TWithContentSummaryComponent#0b3a3887/2@abdbfes9
[2026-10-07 23:45:23] Evaluating HOP construct<FlowSummaryImpl#b5343dca::Make-Location#d34fd4c8::Location-DataFlowImplSpecific#ea056a88::SwiftDataFlow-FlowSummaryImpl-4f08909b,6> with inputs:
                        3730 tuples in cached_DataFlowPrivate::TContentSet#bf3c326b/1@022155sv
[2026-10-07 23:45:23] (0s) Starting to evaluate predicate m#ApplyExpr::ApplyExpr.getStaticTarget/0#dispred#43fd147e#fb/1@i2#0c183wdm (iteration 2)
[2026-10-07 23:45:23] (0s) Empty delta for m#ApplyExpr::ApplyExpr.getStaticTarget/0#dispred#43fd147e#fb_delta (order for disjuncts: delta=<standard>).
[2026-10-07 23:45:23] (0s) Accumulating deltas
[2026-10-07 23:45:23] (0s)  >>> Created relation m#ApplyExpr::ApplyExpr.getStaticTarget/0#dispred#43fd147e#fb/1@0c183wdm with 15871 rows and digest 6dfd06gbnr2kjmka568rr1btu29.
[2026-10-07 23:45:23] (0s) Starting to evaluate predicate DeclRefExpr::Generated::DeclRefExpr.getDecl/0#dispred#5e94cea4/2@1b212frg
[2026-10-07 23:45:23] (0s)  >>> Created relation DeclRefExpr::Generated::DeclRefExpr.getDecl/0#dispred#5e94cea4/2@1b212frg with 46 rows and digest 7eb7f8em7jpc8m28lqg1k2vd6l6.
[2026-10-07 23:45:23] (0s) Starting to evaluate predicate ApplyExpr::ApplyExpr.getStaticTarget/0#a70d1aa7/2@b50fd788
[2026-10-07 23:45:23] (0s)  >>> Created relation ApplyExpr::ApplyExpr.getStaticTarget/0#a70d1aa7/2@b50fd788 with 24 rows and digest 267397lue84td0nt9g2vdrq5rd2.
[2026-10-07 23:45:23] (0s) Starting to evaluate predicate ApplyExpr::ApplyExpr_not_BinaryExpr::BinaryExpr_ApplyExprImpl::Impl::FullDotSyntaxBaseIgnoredApplyExpr_MethodApplyExpr::MethodApplyExpr_ApplyExprImpl::Impl::PartialDotSyntaxBaseIgnoredApplyExpr_PrefixUnaryExpr::PrefixUnaryExpr#ce3a3db8#b/1@fb2cdfcp
[2026-10-07 23:45:23] (0s)  >>> Created relation ApplyExpr::ApplyExpr_not_BinaryExpr::BinaryExpr_ApplyExprImpl::Impl::FullDotSyntaxBaseIgnoredApplyExpr_MethodApplyExpr::MethodApplyExpr_ApplyExprImpl::Impl::PartialDotSyntaxBaseIgnoredApplyExpr_PrefixUnaryExpr::PrefixUnaryExpr#ce3a3db8#b/1@fb2cdfcp with 24 rows and digest 155a51dd1nfi8t6e0otpb7aju12.
[2026-10-07 23:45:23] (0s) Starting to evaluate predicate ApplyExpr::ApplyExpr.getStaticTarget/0#dispred#43fd147e#fb/2@i1#eefbewu4 (iteration 1)
[2026-10-07 23:45:23] (0s) 			 - ApplyExpr::ApplyExpr.getStaticTarget/0#dispred#43fd147e#fb_delta has 24 rows (order for disjuncts: delta=0).
[2026-10-07 23:45:23] (0s) Starting to evaluate predicate ApplyExpr::ApplyExpr.getStaticTarget/0#dispred#43fd147e#fb/2@i2#eefbewu4 (iteration 2)
[2026-10-07 23:45:23] (0s) Empty delta for ApplyExpr::ApplyExpr.getStaticTarget/0#dispred#43fd147e#fb_delta (order for disjuncts: delta=<standard>).
[2026-10-07 23:45:23] (0s) Accumulating deltas
[2026-10-07 23:45:23] (0s)  >>> Created relation ApplyExpr::ApplyExpr.getStaticTarget/0#dispred#43fd147e#fb/2@eefbewu4 with 24 rows and digest 267397lue84td0nt9g2vdrq5rd2.
[2026-10-07 23:45:23] (0s) Starting to evaluate predicate ApplyExpr::ApplyExpr.getStaticTarget/0#dispred#43fd147e#fb_10#join_rhs/2@81420e9m
[2026-10-07 23:45:23] (0s)  >>> Created relation ApplyExpr::ApplyExpr.getStaticTarget/0#dispred#43fd147e#fb_10#join_rhs/2@81420e9m with 24 rows and digest b039d6k36sbddcl3ajrj402cph8.
[2026-10-07 23:45:23] (0s)  >>> Created relation ArithmeticOperation::ArithmeticOperation#f3d119c6/1@f18edfmg with 0 rows and digest THIS-RELATION-HAS-NO-TUPLES.
[2026-10-07 23:45:23] (0s) Inferred that ArithmeticOperation::ArithmeticOperation.getAnOperand/0#dispred#ea4af197/2@7a00b132 is empty, due to ArithmeticOperation::ArithmeticOperation#f3d119c6/1@f18edfmg.
[2026-10-07 23:45:23] (0s) Starting to evaluate predicate num#FlowSummaryImpl::Private::TWithoutContentSummaryComponent#374198c2/2@2e9e3flf
[2026-10-07 23:45:23] Evaluating HOP construct<FlowSummaryImpl#b5343dca::Make-Location#d34fd4c8::Location-DataFlowImplSpecific#ea056a88::SwiftDataFlow-FlowSummaryImpl-4f08909b,5> with inputs:
                        3730 tuples in cached_DataFlowPrivate::TContentSet#bf3c326b/1@022155sv
[2026-10-07 23:45:23] (0s)  >>> Created relation num#FlowSummaryImpl::Private::TWithContentSummaryComponent#0b3a3887/2@abdbfes9 with 3730 rows and digest c218a1e40bf36hngs7dnkggq9md.
[2026-10-07 23:45:23] (0s) Starting to evaluate predicate _AccessPathSyntax::AccessPath<FlowSummaryImpl::Private::flowSpec>::getRawToken/2#66bc8fe8#shared/4@4360a5s4
[2026-10-07 23:45:23] (0s)  >>> Created relation _AccessPathSyntax::AccessPath<FlowSummaryImpl::Private::flowSpec>::getRawToken/2#66bc8fe8#shared/4@4360a5s4 with 35 rows and digest 64415fenmj94pmgqjevi07j30bf.
[2026-10-07 23:45:23] (0s) Starting to evaluate predicate AccessPathSyntax::AccessPath<FlowSummaryImpl::Private::flowSpec>::AccessPathToken.getArgument/1#309d6bb6/3@a9f9802j
[2026-10-07 23:45:23] (0s)  >>> Created relation AccessPathSyntax::AccessPath<FlowSummaryImpl::Private::flowSpec>::AccessPathToken.getArgument/1#309d6bb6/3@a9f9802j with 18 rows and digest 3c75dbn1psba3js7jq0ad1qo8n7.
[2026-10-07 23:45:23] (0s) Starting to evaluate predicate AccessPathSyntax::AccessPath<FlowSummaryImpl::Private::flowSpec>::AccessPathToken.getName/0#fe58d5b3/2@27d430qh
[2026-10-07 23:45:23] (0s)  >>> Created relation AccessPathSyntax::AccessPath<FlowSummaryImpl::Private::flowSpec>::AccessPathToken.getName/0#fe58d5b3/2@27d430qh with 19 rows and digest c36064tcl3dgv4iqj0dt7hm4999.
[2026-10-07 23:45:23] (0s) Starting to evaluate predicate AccessPathSyntax::AccessPath<FlowSummaryImpl::Private::flowSpec>::AccessPathToken.getName/0#fe58d5b3_10#join_rhs/2@ed5005fc
[2026-10-07 23:45:23] (0s)  >>> Created relation AccessPathSyntax::AccessPath<FlowSummaryImpl::Private::flowSpec>::AccessPathToken.getName/0#fe58d5b3_10#join_rhs/2@ed5005fc with 19 rows and digest 164d63s0st33v00idfll1s822l6.
[2026-10-07 23:45:23] (0s) Starting to evaluate predicate FlowSummaryImpl::Private::parseSynthGlobal/2#4a1f289f/2@849783ne
[2026-10-07 23:45:23] (0s)  >>> Created relation FlowSummaryImpl::Private::parseSynthGlobal/2#4a1f289f/2@849783ne with 0 rows and digest THIS-RELATION-HAS-NO-TUPLES.
[2026-10-07 23:45:23] (0s) Inferred that FlowSummaryImpl::Private::TSyntheticGlobalSummaryComponent#dom#f5abec0a/1@bb5183i3 is empty, due to FlowSummaryImpl::Private::parseSynthGlobal/2#4a1f289f/2@849783ne.
[2026-10-07 23:45:23] (0s) Inferred that num#FlowSummaryImpl::Private::TSyntheticGlobalSummaryComponent#207251bc/2@0c4de271 is empty, due to FlowSummaryImpl::Private::TSyntheticGlobalSummaryComponent#dom#f5abec0a/1@bb5183i3.
[2026-10-07 23:45:23] (0s) Starting to evaluate predicate FlowSummaryImpl::Private::TReturnSummaryComponent#dom#f13cd231/1@dd16eepu
[2026-10-07 23:45:23] (0s)  >>> Created relation FlowSummaryImpl::Private::TReturnSummaryComponent#dom#f13cd231/1@dd16eepu with 66 rows and digest e214b17fuan4gplitfcn17fbim5.
[2026-10-07 23:45:23] (0s) Starting to evaluate predicate num#FlowSummaryImpl::Private::TReturnSummaryComponent#1eb603ca/2@cee35bmf
[2026-10-07 23:45:23] Evaluating HOP construct<FlowSummaryImpl#b5343dca::Make-Location#d34fd4c8::Location-DataFlowImplSpecific#ea056a88::SwiftDataFlow-FlowSummaryImpl-4f08909b,3> with inputs:
                        66 tuples in FlowSummaryImpl::Private::TReturnSummaryComponent#dom#f13cd231/1@dd16eepu
[2026-10-07 23:45:23] (0s)  >>> Created relation num#FlowSummaryImpl::Private::TWithoutContentSummaryComponent#374198c2/2@2e9e3flf with 3730 rows and digest 2910a5ngpbm6b5fhv5e4nusce2e.
[2026-10-07 23:45:23] (0s) Starting to evaluate predicate num#FlowSummaryImpl::Private::TArgumentSummaryComponent#7d7def2c/2@b16ba488
[2026-10-07 23:45:23] Evaluating HOP construct<FlowSummaryImpl#b5343dca::Make-Location#d34fd4c8::Location-DataFlowImplSpecific#ea056a88::SwiftDataFlow-FlowSummaryImpl-4f08909b,2> with inputs:
                        4 tuples in cached_DataFlowDispatch::TParameterPosition#1a4deeba/1@96506e21
[2026-10-07 23:45:23] (0s)  >>> Created relation num#FlowSummaryImpl::Private::TReturnSummaryComponent#1eb603ca/2@cee35bmf with 66 rows and digest fe56057rorgff8rigtidr7f19q6.
[2026-10-07 23:45:23] (0s)  >>> Created relation num#FlowSummaryImpl::Private::TArgumentSummaryComponent#7d7def2c/2@b16ba488 with 4 rows and digest c280764ohtd02pmtmikc3jkiiv6.
[2026-10-07 23:45:23] (0s) Starting to evaluate predicate num#FlowSummaryImpl::Private::TParameterSummaryComponent#097ec4e6/2@0f3bfbak
[2026-10-07 23:45:23] Evaluating HOP construct<FlowSummaryImpl#b5343dca::Make-Location#d34fd4c8::Location-DataFlowImplSpecific#ea056a88::SwiftDataFlow-FlowSummaryImpl-4f08909b,1> with inputs:
                        4 tuples in cached_DataFlowDispatch::TArgumentPosition#86c1e9dc/1@416777a5
[2026-10-07 23:45:23] (0s) Starting to evaluate predicate num#FlowSummaryImpl::Private::TContentSummaryComponent#7a9e001b/2@3ac255ev
[2026-10-07 23:45:23] Evaluating HOP construct<FlowSummaryImpl#b5343dca::Make-Location#d34fd4c8::Location-DataFlowImplSpecific#ea056a88::SwiftDataFlow-FlowSummaryImpl-4f08909b,0> with inputs:
                        3730 tuples in cached_DataFlowPrivate::TContentSet#bf3c326b/1@022155sv
[2026-10-07 23:45:23] (0s)  >>> Created relation num#FlowSummaryImpl::Private::TContentSummaryComponent#7a9e001b/2@3ac255ev with 3730 rows and digest ebdeaejloijnrf1rl2rlpafc3bc.
[2026-10-07 23:45:23] (0s)  >>> Created relation num#FlowSummaryImpl::Private::TParameterSummaryComponent#097ec4e6/2@0f3bfbak with 4 rows and digest 98a3af8tisnfecfn13mugt8h7i1.
[2026-10-07 23:45:23] (0s) Starting to evaluate predicate AccessPathSyntax::AccessPath<FlowSummaryImpl::Private::flowSpec>::AccessPathToken.getArgument/1#309d6bb6_20#join_rhs/2@35be49rj
[2026-10-07 23:45:23] (0s)  >>> Created relation AccessPathSyntax::AccessPath<FlowSummaryImpl::Private::flowSpec>::AccessPathToken.getArgument/1#309d6bb6_20#join_rhs/2@35be49rj with 18 rows and digest 785f4a58ibr5hig9q8in8bsh0k6.
[2026-10-07 23:45:23] (0s) Starting to evaluate predicate DataFlowDispatch::ArgumentPosition.toString/0#dispred#a341359a#bf/2@fb7ecf54
[2026-10-07 23:45:23] (0s) Starting to evaluate predicate DataFlowDispatch::ParameterPosition.toString/0#dispred#91b8761f/2@e89df94j
[2026-10-07 23:45:23] (0s)  >>> Created relation DataFlowDispatch::ParameterPosition.toString/0#dispred#91b8761f/2@e89df94j with 4 rows and digest 116b74c465o5g1kmagbrc5m7us8.
[2026-10-07 23:45:23] (0s)  >>> Created relation DataFlowDispatch::ArgumentPosition.toString/0#dispred#a341359a#bf/2@fb7ecf54 with 4 rows and digest 116b74c465o5g1kmagbrc5m7us8.
[2026-10-07 23:45:23] (0s) Starting to evaluate predicate FlowSummaryImpl::Private::parseArg/2#f4ea7168/2@46f5c74s
[2026-10-07 23:45:23] (0s) Starting to evaluate predicate FlowSummaryImpl::Private::parseParam/2#2530f305#fb/2@8eb9a5ga
[2026-10-07 23:45:23] (0s)  >>> Created relation FlowSummaryImpl::Private::parseParam/2#2530f305#fb/2@8eb9a5ga with 1 rows and digest a7f3d8mihv8gev25b3cksmghg44.
[2026-10-07 23:45:23] (0s) Starting to evaluate predicate AccessPathSyntax::AccessPath<FlowSummaryImpl::Private::flowSpec>::AccessPathToken.getArgument/2#5ab9ea8e/4@8cfd4970
[2026-10-07 23:45:23] (0s)  >>> Created relation AccessPathSyntax::AccessPath<FlowSummaryImpl::Private::flowSpec>::AccessPathToken.getArgument/2#5ab9ea8e/4@8cfd4970 with 18 rows and digest 705827cajk7gr92dlp2tnvm7gba.
[2026-10-07 23:45:23] (0s)  >>> Created relation FlowSummaryImpl::Private::parseArg/2#f4ea7168/2@46f5c74s with 18 rows and digest 9c379bv6epiphdgld1ejlc3gi07.
[2026-10-07 23:45:23] (0s) Starting to evaluate predicate m#FlowSummaryImpl::Input::encodeContent/2#df36069e#fbf/1@bdb02ffb
[2026-10-07 23:45:23] (0s) Starting to evaluate predicate _DataFlowPrivate::TCollectionContent#9985595a_DataFlowPrivate::TSingletonContent#7a03e3e2#shared/1@e962f5k3
[2026-10-07 23:45:23] (0s)  >>> Created relation m#FlowSummaryImpl::Input::encodeContent/2#df36069e#fbf/1@bdb02ffb with 12 rows and digest 96255fn48en8q1mcdqjucfo8o44.
[2026-10-07 23:45:23] (0s)  >>> Created relation _DataFlowPrivate::TCollectionContent#9985595a_DataFlowPrivate::TSingletonContent#7a03e3e2#shared/1@e962f5k3 with 1 rows and digest a2a2048a0jsj15ibtb0j4nu3ob4.
[2026-10-07 23:45:23] (0s)  >>> Created relation enum_element_decl_params/3@8bde44oc with 202 rows and digest 46f2d3g4u61euhrqjmjfhsu408e.
[2026-10-07 23:45:23] (0s) Starting to evaluate predicate EnumElementDecl::Generated::EnumElementDecl.getParam/1#dispred#2f1a9486/3@dc82dbjb
[2026-10-07 23:45:23] (0s) Starting to evaluate predicate DataFlowDispatch::ReturnKind.toString/0#dispred#7dccae4c/2@763b64t6
[2026-10-07 23:45:23] (0s)  >>> Created relation EnumElementDecl::Generated::EnumElementDecl.getParam/1#dispred#2f1a9486/3@dc82dbjb with 202 rows and digest 8f194bg9l3emfc61ul118io760b.
[2026-10-07 23:45:23] (0s) Starting to evaluate predicate DataFlowPublic::Content::EnumContent.getSignature/0#dispred#5d29ff12/2@f88be3gb
[2026-10-07 23:45:23] (0s)  >>> Created relation DataFlowDispatch::ReturnKind.toString/0#dispred#7dccae4c/2@763b64t6 with 66 rows and digest b9aec9vgsf17bh02qiona3hmo84.
[2026-10-07 23:45:23] (0s) Starting to evaluate predicate FlowSummaryImpl::Input::encodeReturn/2#5cd1f5e6#cpe#12/2@c91d0bkj
[2026-10-07 23:45:23] (0s)  >>> Created relation FlowSummaryImpl::Input::encodeReturn/2#5cd1f5e6#cpe#12/2@c91d0bkj with 65 rows and digest f8a041b14cui39k28gsajjqjtt1.
[2026-10-07 23:45:23] (0s) Starting to evaluate predicate AccessPathSyntax::AccessPath<FlowSummaryImpl::Private::flowSpec>::AccessPathToken.getArgument/2#5ab9ea8e_130#join_rhs/3@7861817h
[2026-10-07 23:45:23] (0s)  >>> Created relation AccessPathSyntax::AccessPath<FlowSummaryImpl::Private::flowSpec>::AccessPathToken.getArgument/2#5ab9ea8e_130#join_rhs/3@7861817h with 18 rows and digest 1770f2j333i325cup7cd2fhgs4a.
[2026-10-07 23:45:23] (0s) Starting to evaluate predicate FlowSummaryImpl::Input::encodeReturn/2#5cd1f5e6#cpe#12_10#join_rhs/2@fabb6b17
[2026-10-07 23:45:23] (0s)  >>> Created relation FlowSummaryImpl::Input::encodeReturn/2#5cd1f5e6#cpe#12_10#join_rhs/2@fabb6b17 with 65 rows and digest adaad7f5p48kvdankojvjst9uj6.
[2026-10-07 23:45:23] (0s) Starting to evaluate predicate FlowSummaryImpl::Private::External::decodeReturn/1#fcc5f8b3/2@25e67dff
[2026-10-07 23:45:23] (0s)  >>> Created relation DataFlowPublic::Content::EnumContent.getSignature/0#dispred#5d29ff12/2@f88be3gb with 202 rows and digest 315d891kmuce078rgj1bn70u7a9.
[2026-10-07 23:45:23] (0s) Starting to evaluate predicate DataFlowPublic::Content::EnumContent.getSignature/0#dispred#5d29ff12_10#join_rhs/2@d72a4ciq
[2026-10-07 23:45:23] (0s)  >>> Created relation FlowSummaryImpl::Private::External::decodeReturn/1#fcc5f8b3/2@25e67dff with 0 rows and digest THIS-RELATION-HAS-NO-TUPLES.
[2026-10-07 23:45:23] (0s)  >>> Created relation DataFlowPublic::Content::EnumContent.getSignature/0#dispred#5d29ff12_10#join_rhs/2@d72a4ciq with 202 rows and digest ec5575cb1efdka3ssp45antinre.
[2026-10-07 23:45:23] (0s) Starting to evaluate predicate FlowSummaryImpl::Input::encodeContent/2#df36069e#fbf/3@e1e27946
[2026-10-07 23:45:23] (0s) Starting to evaluate predicate AccessPathSyntax::AccessPath<FlowSummaryImpl::Private::flowSpec>::AccessPathToken.getArgument/2#5ab9ea8e_31#join_rhs/2@0b96e1g1
[2026-10-07 23:45:23] (0s)  >>> Created relation AccessPathSyntax::AccessPath<FlowSummaryImpl::Private::flowSpec>::AccessPathToken.getArgument/2#5ab9ea8e_31#join_rhs/2@0b96e1g1 with 14 rows and digest 0de41bqvc397b7gfgjlic2f5jr6.
[2026-10-07 23:45:23] (0s) Starting to evaluate predicate m#FlowSummaryImpl::Input::encodeWithContent/2#6aef6ffd#cpe#13#fb/1@1fad97e7
[2026-10-07 23:45:23] (0s)  >>> Created relation m#FlowSummaryImpl::Input::encodeWithContent/2#6aef6ffd#cpe#13#fb/1@1fad97e7 with 19 rows and digest 902879mdi493vj60uthr9tqbdja.
[2026-10-07 23:45:23] (0s) Starting to evaluate predicate DataFlowPublic::Content.toString/0#dispred#d0585883/2@14bc47k6
[2026-10-07 23:45:23] (0s)  >>> Created relation DataFlowPublic::Content.toString/0#dispred#d0585883/2@14bc47k6 with 3730 rows and digest 830b8borac0mtv6a1dnr9qknon7.
[2026-10-07 23:45:23] (0s) Starting to evaluate predicate DataFlowPublic::ContentSet.toString/0#dispred#16d01b78/2@1ae69asg
[2026-10-07 23:45:23] (0s)  >>> Created relation FlowSummaryImpl::Input::encodeContent/2#df36069e#fbf/3@e1e27946 with 2 rows and digest 20b5acq54drqd1m8943be7ehl6a.
[2026-10-07 23:45:23] (0s) Starting to evaluate predicate FlowSummaryImpl::Input::encodeContent/2#df36069e#fbf_120#join_rhs/3@fd5d08q8
[2026-10-07 23:45:23] (0s)  >>> Created relation FlowSummaryImpl::Input::encodeContent/2#df36069e#fbf_120#join_rhs/3@fd5d08q8 with 2 rows and digest d5df7f478gs4nu17b39eobiv08d.
[2026-10-07 23:45:23] (0s) Starting to evaluate predicate FlowSummaryImpl::Input::encodeContent/2#df36069e#fbf_102#join_rhs/3@23a45082
[2026-10-07 23:45:23] (0s)  >>> Created relation FlowSummaryImpl::Input::encodeContent/2#df36069e#fbf_102#join_rhs/3@23a45082 with 2 rows and digest 8ad8b2lt6o53ms8knf3t8o0komb.
[2026-10-07 23:45:23] (0s) Starting to evaluate predicate FlowSummaryImpl::Private::External::decodeContent/1#7f61d061/2@febbf974
[2026-10-07 23:45:23] (0s)  >>> Created relation DataFlowPublic::ContentSet.toString/0#dispred#16d01b78/2@1ae69asg with 3730 rows and digest 830b8borac0mtv6a1dnr9qknon7.
[2026-10-07 23:45:23] (0s) Starting to evaluate predicate DataFlowPublic::ContentSet.toString/0#dispred#16d01b78_10#join_rhs/2@a77282ql
[2026-10-07 23:45:23] (0s)  >>> Created relation FlowSummaryImpl::Private::External::decodeContent/1#7f61d061/2@febbf974 with 2 rows and digest 745e2bsgn36kghvomk1s1qbts6b.
[2026-10-07 23:45:23] (0s) Starting to evaluate predicate FlowSummaryImpl::Private::External::decodeContent/1#7f61d061_0#antijoin_rhs/1@e1724592
[2026-10-07 23:45:23] (0s)  >>> Created relation FlowSummaryImpl::Private::External::decodeContent/1#7f61d061_0#antijoin_rhs/1@e1724592 with 2 rows and digest 83028cb5f42h7lnc44f52ibq6c8.
[2026-10-07 23:45:23] (0s) Starting to evaluate predicate FlowSummaryImpl::Private::External::interpretContent/1#c8055bb3/2@fbefc7fc
[2026-10-07 23:45:23] (0s)  >>> Created relation DataFlowPublic::ContentSet.toString/0#dispred#16d01b78_10#join_rhs/2@a77282ql with 3730 rows and digest 80e0f10ji5r6fn6s9bpuakbed58.
[2026-10-07 23:45:23] (0s) Starting to evaluate predicate FlowSummaryImpl::Input::encodeWithoutContent/2#47becbef#cpe#13#fb/2@71bcd21t
[2026-10-07 23:45:23] (0s)  >>> Created relation FlowSummaryImpl::Input::encodeWithoutContent/2#47becbef#cpe#13#fb/2@71bcd21t with 0 rows and digest THIS-RELATION-HAS-NO-TUPLES.
[2026-10-07 23:45:23] (0s) Inferred that FlowSummaryImpl::Input::encodeWithoutContent/2#47becbef#cpe#13#fb_10#join_rhs/2@fe83252b is empty, due to FlowSummaryImpl::Input::encodeWithoutContent/2#47becbef#cpe#13#fb/2@71bcd21t.
[2026-10-07 23:45:23] (0s) Inferred that FlowSummaryImpl::Private::External::decodeWithoutContent/1#47e43bf4/2@5089c94s is empty, due to FlowSummaryImpl::Input::encodeWithoutContent/2#47becbef#cpe#13#fb_10#join_rhs/2@fe83252b.
[2026-10-07 23:45:23] (0s) Starting to evaluate predicate FlowSummaryImpl::Input::encodeWithContent/2#6aef6ffd#cpe#13#fb/2@356cecq5
[2026-10-07 23:45:23] (0s)  >>> Created relation FlowSummaryImpl::Input::encodeWithContent/2#6aef6ffd#cpe#13#fb/2@356cecq5 with 0 rows and digest THIS-RELATION-HAS-NO-TUPLES.
[2026-10-07 23:45:23] (0s) Inferred that FlowSummaryImpl::Input::encodeWithContent/2#6aef6ffd#cpe#13#fb_10#join_rhs/2@283e62v3 is empty, due to FlowSummaryImpl::Input::encodeWithContent/2#6aef6ffd#cpe#13#fb/2@356cecq5.
[2026-10-07 23:45:23] (0s) Inferred that FlowSummaryImpl::Private::External::decodeWithContent/1#13ff5d71/2@2b4973o7 is empty, due to FlowSummaryImpl::Input::encodeWithContent/2#6aef6ffd#cpe#13#fb_10#join_rhs/2@283e62v3.
[2026-10-07 23:45:23] (0s) Starting to evaluate predicate Synth::Synth::convertDeclFromRaw/1#11ddb6a3#bf/2@ba07b36d
[2026-10-07 23:45:23] (0s)  >>> Created relation Synth::Synth::convertDeclFromRaw/1#11ddb6a3#bf/2@ba07b36d with 3527 rows and digest 1a61b0b9tj59hir7sjkuk55qra0.
[2026-10-07 23:45:23] (0s)  >>> Created relation FlowSummaryImpl::Private::External::interpretContent/1#c8055bb3/2@fbefc7fc with 2 rows and digest 745e2bsgn36kghvomk1s1qbts6b.
[2026-10-07 23:45:23] (0s) Starting to evaluate predicate Synth::Synth::convertVarDeclToRaw/1#18475740#fb/2@994c974g
[2026-10-07 23:45:23] (0s) Starting to evaluate predicate FlowSummaryImpl::Private::External::interpretComponent/1#5b26c7a8/2@a03059p8
[2026-10-07 23:45:23] (0s)  >>> Created relation Synth::Synth::convertVarDeclToRaw/1#18475740#fb/2@994c974g with 0 rows and digest THIS-RELATION-HAS-NO-TUPLES.
[2026-10-07 23:45:23] (0s) Inferred that Synth::Synth::convertVarDeclToRaw/1#18475740#fb_10#join_rhs/2@bdc1ff5f is empty, due to Synth::Synth::convertVarDeclToRaw/1#18475740#fb/2@994c974g.
[2026-10-07 23:45:23] (0s)  >>> Created relation FlowSummaryImpl::Private::External::interpretComponent/1#5b26c7a8/2@a03059p8 with 22 rows and digest 81b9b9dtv8l9n6qb2vmsvol6eaf.
[2026-10-07 23:45:23] (0s) Starting to evaluate predicate num#FlowSummaryImpl::Private::TReturnSummaryComponent#1eb603ca_1#join_rhs/1@fc46fe0m
[2026-10-07 23:45:23] (0s) Starting to evaluate predicate Synth::Synth::convertDeclToRaw/1#b63039ab#fb/2@34dccadp
[2026-10-07 23:45:23] (0s)  >>> Created relation num#FlowSummaryImpl::Private::TReturnSummaryComponent#1eb603ca_1#join_rhs/1@fc46fe0m with 66 rows and digest 260a3d7v4opariqkturufdm5to9.
[2026-10-07 23:45:23] (0s) Starting to evaluate predicate num#FlowSummaryImpl::Private::TArgumentSummaryComponent#7d7def2c_1#join_rhs/1@23d0dfpn
[2026-10-07 23:45:23] (0s)  >>> Created relation num#FlowSummaryImpl::Private::TArgumentSummaryComponent#7d7def2c_1#join_rhs/1@23d0dfpn with 4 rows and digest 046efc3iokg57or1rqnh5rgkuie.
[2026-10-07 23:45:23] (0s) Starting to evaluate predicate num#FlowSummaryImpl::Private::TParameterSummaryComponent#097ec4e6_1#join_rhs/1@ef51e7cl
[2026-10-07 23:45:23] (0s)  >>> Created relation num#FlowSummaryImpl::Private::TParameterSummaryComponent#097ec4e6_1#join_rhs/1@ef51e7cl with 4 rows and digest d4a5934qig6p4oool00av58njle.
[2026-10-07 23:45:23] (0s) Starting to evaluate predicate num#FlowSummaryImpl::Private::TContentSummaryComponent#7a9e001b_1#join_rhs/1@d8a96bqa
[2026-10-07 23:45:23] (0s)  >>> Created relation num#FlowSummaryImpl::Private::TContentSummaryComponent#7a9e001b_1#join_rhs/1@d8a96bqa with 3730 rows and digest 11c3e0kdoiubt8j8fmvcfd2ms15.
[2026-10-07 23:45:23] (0s) Starting to evaluate predicate FlowSummaryImpl::Private::TSingletonSummaryComponentStack#dom#9c158176/1@8cf24d3a
[2026-10-07 23:45:23] (0s)  >>> Created relation FlowSummaryImpl::Private::TSingletonSummaryComponentStack#dom#9c158176/1@8cf24d3a with 11264 rows and digest 354f8ajrqjh3q0f31vg3t3i5kl3.
[2026-10-07 23:45:23] (0s) Starting to evaluate predicate num#FlowSummaryImpl::Private::TSingletonSummaryComponentStack#fd78d102/2@113370dp
[2026-10-07 23:45:23] Evaluating HOP construct<FlowSummaryImpl#b5343dca::Make-Location#d34fd4c8::Location-DataFlowImplSpecific#ea056a88::SwiftDataFlow-FlowSummaryImpl-dbf0bccf,0> with inputs:
                        11264 tuples in FlowSummaryImpl::Private::TSingletonSummaryComponentStack#dom#9c158176/1@8cf24d3a
[2026-10-07 23:45:23] (0s)  >>> Created relation Synth::Synth::convertDeclToRaw/1#b63039ab#fb/2@34dccadp with 3009 rows and digest 6bdf04guqmkimt7jk1v8tt7lpq3.
[2026-10-07 23:45:23] (0s) Starting to evaluate predicate Synth::Synth::convertDeclToRaw/1#b63039ab#fb_10#join_rhs/2@84a8e8tf
[2026-10-07 23:45:23] (0s)  >>> Created relation Synth::Synth::convertDeclToRaw/1#b63039ab#fb_10#join_rhs/2@84a8e8tf with 3009 rows and digest b5ad711eebivt6ratg0hrbrsml7.
[2026-10-07 23:45:23] (0s) Starting to evaluate predicate Decl::Generated::Decl.getAMember/0#dispred#8544abdc/2@f9a8ea5r
[2026-10-07 23:45:23] (0s)  >>> Created relation Decl::Generated::Decl.getAMember/0#dispred#8544abdc/2@f9a8ea5r with 3527 rows and digest 113e824gsmaee8ukmfq1vsf32s3.
[2026-10-07 23:45:23] (0s) Starting to evaluate predicate Decl::Generated::Decl.getAMember/0#dispred#8544abdc_1#join_rhs/1@c15d6auh
[2026-10-07 23:45:23] (0s)  >>> Created relation Decl::Generated::Decl.getAMember/0#dispred#8544abdc_1#join_rhs/1@c15d6auh with 3527 rows and digest 551451jjvlcvadvqrc2fhu1nu85.
[2026-10-07 23:45:23] (0s) Starting to evaluate predicate Synth::Synth::convertVarDeclToRaw/1#18475740#bf/2@5f4293v3
[2026-10-07 23:45:23] (0s)  >>> Created relation Synth::Synth::convertVarDeclToRaw/1#18475740#bf/2@5f4293v3 with 3527 rows and digest bd9522s472lnvd233fsqcpv39m0.
[2026-10-07 23:45:23] (0s) Starting to evaluate predicate Synth::Synth::convertVarDeclToRaw/1#18475740#bf_10#join_rhs/2@80c6aehk
[2026-10-07 23:45:23] (0s)  >>> Created relation Synth::Synth::convertVarDeclToRaw/1#18475740#bf_10#join_rhs/2@80c6aehk with 3527 rows and digest 1a61b0b9tj59hir7sjkuk55qra0.
[2026-10-07 23:45:23] (0s) Starting to evaluate predicate Decl::Generated::Decl.getAMember/0#dispred#8544abdc_10#join_rhs/2@6d2353tm
[2026-10-07 23:45:23] (0s)  >>> Created relation num#FlowSummaryImpl::Private::TSingletonSummaryComponentStack#fd78d102/2@113370dp with 11264 rows and digest 7fa28ecidrvommc8n0ib9ncvgka.
[2026-10-07 23:45:23] (0s)  >>> Created relation Decl::Generated::Decl.getAMember/0#dispred#8544abdc_10#join_rhs/2@6d2353tm with 3527 rows and digest f14f90cfrccr4vf8b4gph2bru17.
[2026-10-07 23:45:23] (0s) Starting to evaluate predicate NominalTypeDeclImpl::Impl::NominalTypeDecl#25867e20/1@ac9190r4
[2026-10-07 23:45:23] (0s) Starting to evaluate predicate AccessPathSyntax::AccessPath<FlowSummaryImpl::Private::flowSpec>::getRawToken/2#66bc8fe8_01#count_range/2@05126e0r
[2026-10-07 23:45:23] (0s)  >>> Created relation NominalTypeDeclImpl::Impl::NominalTypeDecl#25867e20/1@ac9190r4 with 887 rows and digest 07c4022i7buvvshjf3trnsi5u69.
[2026-10-07 23:45:23] (0s)  >>> Created relation AccessPathSyntax::AccessPath<FlowSummaryImpl::Private::flowSpec>::getRawToken/2#66bc8fe8_01#count_range/2@05126e0r with 80 rows and digest 396964vlbkd8u8gmgrpd15rbbc9.
[2026-10-07 23:45:23] (0s) Starting to evaluate predicate Synth::Synth::convertNominalTypeDeclFromRaw/1#053ecc94#bf/2@bfc2b75j
[2026-10-07 23:45:23] (0s) Starting to evaluate predicate _AccessPathSyntax::AccessPath<FlowSummaryImpl::Private::flowSpec>::getRawToken/2#66bc8fe8_01#count_r__#join_rhs/2@e0385f0t
[2026-10-07 23:45:23] (0s)  >>> Created relation _AccessPathSyntax::AccessPath<FlowSummaryImpl::Private::flowSpec>::getRawToken/2#66bc8fe8_01#count_r__#join_rhs/2@e0385f0t with 40 rows and digest 953043ifv1ciarcleohe32j0dh6.
[2026-10-07 23:45:23] (0s) Starting to evaluate predicate FlowSummaryImpl::Private::AccessPath.getNumToken/0#d3c7c123/2@64fae2uq
[2026-10-07 23:45:23] (0s)  >>> Created relation Synth::Synth::convertNominalTypeDeclFromRaw/1#053ecc94#bf/2@bfc2b75j with 416 rows and digest 016a4emgr3669oe2sm5j9htkubb.
[2026-10-07 23:45:23] (0s)  >>> Created relation FlowSummaryImpl::Private::AccessPath.getNumToken/0#d3c7c123/2@64fae2uq with 40 rows and digest 953043ifv1ciarcleohe32j0dh6.
[2026-10-07 23:45:23] (0s) Starting to evaluate predicate ExtensionDecl::Generated::ExtensionDecl.getExtendedTypeDecl/0#dispred#9b7f025d#bf/2@8cf536nm
[2026-10-07 23:45:23] (0s) Starting to evaluate predicate FlowSummaryImpl::Private::AccessPath.getNumToken/0#dispred#46ff2a0f/2@12466ak6
[2026-10-07 23:45:23] (0s)  >>> Created relation ExtensionDecl::Generated::ExtensionDecl.getExtendedTypeDecl/0#dispred#9b7f025d#bf/2@8cf536nm with 677 rows and digest afa2fcifongso8m8chd35f718s8.
[2026-10-07 23:45:23] (0s)  >>> Created relation FlowSummaryImpl::Private::AccessPath.getNumToken/0#dispred#46ff2a0f/2@12466ak6 with 40 rows and digest 953043ifv1ciarcleohe32j0dh6.
[2026-10-07 23:45:23] (0s) Starting to evaluate predicate Decl::Decl.asNominalTypeDecl/0#dispred#6841cd82#bf/2@ee6975da
[2026-10-07 23:45:23] (0s) Starting to evaluate predicate project#FlowSummary::SummarizedCallable::Range.propagatesFlow/6#dispred#49bb6ad3#3/4@780b787g
[2026-10-07 23:45:23] (0s)  >>> Created relation project#FlowSummary::SummarizedCallable::Range.propagatesFlow/6#dispred#49bb6ad3#3/4@780b787g with 950 rows and digest f0d27eqp6nhaatcrs80rpu0lgoa.
[2026-10-07 23:45:23] (0s)  >>> Created relation Decl::Decl.asNominalTypeDecl/0#dispred#6841cd82#bf/2@ee6975da with 1364 rows and digest cf9dd9vv4boi5kdk9m377ip9119.
[2026-10-07 23:45:23] (0s) Starting to evaluate predicate FieldDecl::FieldDecl.hasQualifiedName/2#dispred#e8bd2e83/3@54a742iq
[2026-10-07 23:45:23] (0s) Starting to evaluate predicate _FlowSummaryImpl::Public::Provenance#400b7aaf_project#FlowSummary::SummarizedCallable::Range.propaga__#shared/4@7e2bfelu
[2026-10-07 23:45:23] (0s)  >>> Created relation _FlowSummaryImpl::Public::Provenance#400b7aaf_project#FlowSummary::SummarizedCallable::Range.propaga__#shared/4@7e2bfelu with 0 rows and digest THIS-RELATION-HAS-NO-TUPLES.
[2026-10-07 23:45:23] (0s) Starting to evaluate predicate __FlowSummaryImpl::Public::Provenance#400b7aaf_project#FlowSummary::SummarizedCallable::Range.propag__#antijoin_rhs/4@bb05c07r
[2026-10-07 23:45:23] (0s)  >>> Created relation __FlowSummaryImpl::Public::Provenance#400b7aaf_project#FlowSummary::SummarizedCallable::Range.propag__#antijoin_rhs/4@bb05c07r with 0 rows and digest THIS-RELATION-HAS-NO-TUPLES.
[2026-10-07 23:45:23] (0s) Starting to evaluate predicate FlowSummary::SummarizedCallable::Range.propagatesFlow/6#dispred#49bb6ad3_504#join_rhs/3@62222ahh
[2026-10-07 23:45:23] (0s)  >>> Created relation FlowSummary::SummarizedCallable::Range.propagatesFlow/6#dispred#49bb6ad3_504#join_rhs/3@62222ahh with 950 rows and digest 0d3f10c0sj4j10s59ub6fc0rav3.
[2026-10-07 23:45:23] (0s) Starting to evaluate predicate project#FlowSummary::SummarizedCallable::Range.propagatesFlow/6#dispred#49bb6ad3#5/2@0c1f64tb
[2026-10-07 23:45:23] (0s)  >>> Created relation project#FlowSummary::SummarizedCallable::Range.propagatesFlow/6#dispred#49bb6ad3#5/2@0c1f64tb with 950 rows and digest b176053fcl3vdbk27vivnvospe8.
[2026-10-07 23:45:23] (0s) Starting to evaluate predicate project#FlowSummary::SummarizedCallable::Range.propagatesFlow/6#dispred#49bb6ad3#4/2@73d0843k
[2026-10-07 23:45:23] (0s)  >>> Created relation project#FlowSummary::SummarizedCallable::Range.propagatesFlow/6#dispred#49bb6ad3#4/2@73d0843k with 950 rows and digest b176053fcl3vdbk27vivnvospe8.
[2026-10-07 23:45:23] (0s) Starting to evaluate predicate _FlowSummaryImpl::Public::Provenance#400b7aaf__FlowSummaryImpl::Public::Provenance#400b7aaf_project#__#antijoin_rhs/4@31284fkf
[2026-10-07 23:45:23] (0s)  >>> Created relation _FlowSummaryImpl::Public::Provenance#400b7aaf__FlowSummaryImpl::Public::Provenance#400b7aaf_project#__#antijoin_rhs/4@31284fkf with 0 rows and digest THIS-RELATION-HAS-NO-TUPLES.
[2026-10-07 23:45:23] (0s) Starting to evaluate predicate _FlowSummaryImpl::Public::Provenance#400b7aaf__FlowSummaryImpl::Public::Provenance#400b7aaf__FlowSum__#shared/4@f001948o
[2026-10-07 23:45:23] (0s)  >>> Created relation _FlowSummaryImpl::Public::Provenance#400b7aaf__FlowSummaryImpl::Public::Provenance#400b7aaf__FlowSum__#shared/4@f001948o with 0 rows and digest THIS-RELATION-HAS-NO-TUPLES.
[2026-10-07 23:45:23] (0s) Inferred that _Callable::Generated::Callable.getBody/0#dispred#d0ca22fd_FlowSummaryImpl::Public::Provenance#400b7a__#antijoin_rhs/4@db1bd0ju is empty, due to _FlowSummaryImpl::Public::Provenance#400b7aaf__FlowSummaryImpl::Public::Provenance#400b7aaf__FlowSum__#shared/4@f001948o.
[2026-10-07 23:45:23] (0s) Starting to evaluate predicate FlowSummaryImpl::Private::RelevantModel<summaryModel>::isRelevantModel/5#b350f519#cpe#1345/4@ecbb9dk9
[2026-10-07 23:45:23] (0s)  >>> Created relation FlowSummaryImpl::Private::RelevantModel<summaryModel>::isRelevantModel/5#b350f519#cpe#1345/4@ecbb9dk9 with 950 rows and digest c25c78acc78i89nvdrs7quoiur5.
[2026-10-07 23:45:23] (0s) Starting to evaluate predicate _FlowSummaryImpl::Private::RelevantModel<summaryModel>::isRelevantModel/5#b350f519#cpe#1345_Synth::S__#shared/4@ec58ddhn
[2026-10-07 23:45:23] (0s)  >>> Created relation _FlowSummaryImpl::Private::RelevantModel<summaryModel>::isRelevantModel/5#b350f519#cpe#1345_Synth::S__#shared/4@ec58ddhn with 950 rows and digest f0d27eqp6nhaatcrs80rpu0lgoa.
[2026-10-07 23:45:23] (0s) Starting to evaluate predicate FlowSummary::SummarizedCallable::Range.propagatesFlow/6#dispred#49bb6ad3_0456123#join_rhs/7@0185739t
[2026-10-07 23:45:23] (0s)  >>> Created relation FlowSummary::SummarizedCallable::Range.propagatesFlow/6#dispred#49bb6ad3_0456123#join_rhs/7@0185739t with 1291 rows and digest 60919adldrvnpvv8qh3ec13cg5b.
[2026-10-07 23:45:23] (0s) Starting to evaluate predicate const_1/1@e45879dc
[2026-10-07 23:45:23] (0s)  >>> Created relation const_1/1@e45879dc with 1 rows and digest 14c1a2lolrm9cpc6n294tf3mfad.
[2026-10-07 23:45:23] (0s) Starting to evaluate predicate _FlowSummary::SummarizedCallable::Range.propagatesFlow/6#dispred#49bb6ad3_0456123#join_rhs__FlowSumm__#join_rhs#1/7@41cfd88g
[2026-10-07 23:45:23] (0s)  >>> Created relation _FlowSummary::SummarizedCallable::Range.propagatesFlow/6#dispred#49bb6ad3_0456123#join_rhs__FlowSumm__#join_rhs#1/7@41cfd88g with 1291 rows and digest 8f2a93vdh10s3auc0ajv3r2iqad.
[2026-10-07 23:45:23] (0s) Starting to evaluate predicate _FlowSummary::SummarizedCallable::Range.propagatesFlow/6#dispred#49bb6ad3_0456123#join_rhs__FlowSumm__#join_rhs/7@d6bd7ebi
[2026-10-07 23:45:23] (0s)  >>> Created relation _FlowSummary::SummarizedCallable::Range.propagatesFlow/6#dispred#49bb6ad3_0456123#join_rhs__FlowSumm__#join_rhs/7@d6bd7ebi with 1291 rows and digest c1565bi0j9qdh4j76j5q6c5m3ld.
[2026-10-07 23:45:23] (0s) Starting to evaluate predicate FlowSummaryImpl::Private::SummaryComponentStack::argument/1#15684b3b/2@be5e54cd
[2026-10-07 23:45:23] (0s)  >>> Created relation FieldDecl::FieldDecl.hasQualifiedName/2#dispred#e8bd2e83/3@54a742iq with 3527 rows and digest eb5245n5plu9863gauqigdt9d2a.
[2026-10-07 23:45:23] (0s)  >>> Created relation FlowSummaryImpl::Private::SummaryComponentStack::argument/1#15684b3b/2@be5e54cd with 4 rows and digest c280764ohtd02pmtmikc3jkiiv6.
[2026-10-07 23:45:23] (0s) Promoting strings for FieldDecl::FieldDecl.hasQualifiedName/2#dispred#e8bd2e83/3@54a742iq
[2026-10-07 23:45:23] (0s) Starting to evaluate predicate FlowSummaryImpl::Private::SummaryComponentStack::argument/1#15684b3b_10#join_rhs/2@cbdcb2mc
[2026-10-07 23:45:23] (0s)  >>> Created relation FlowSummaryImpl::Private::SummaryComponentStack::argument/1#15684b3b_10#join_rhs/2@cbdcb2mc with 4 rows and digest 6e09877n5pm1k0io064igra3je5.
[2026-10-07 23:45:23] (0s) Starting to evaluate predicate FlowSummaryImpl::Private::SummaryComponentStack::argument/1#15684b3b_1_true0#join_rhs/3@4dc6078o
[2026-10-07 23:45:23] (0s)  >>> Created relation FlowSummaryImpl::Private::SummaryComponentStack::argument/1#15684b3b_1_true0#join_rhs/3@4dc6078o with 4 rows and digest 1267cepof7nd8nc6kbgfi2432i6.
[2026-10-07 23:45:23] (0s) Starting to evaluate predicate num#FlowSummaryImpl::Private::TSingletonSummaryComponentStack#fd78d102_10#join_rhs/2@91c9d6to
[2026-10-07 23:45:23] (0s) Promoted strings for FieldDecl::FieldDecl.hasQualifiedName/2#dispred#e8bd2e83/3@54a742iq, took 0ms
[2026-10-07 23:45:23] (0s) Saved stringpool to save strings from FieldDecl::FieldDecl.hasQualifiedName/2#dispred#e8bd2e83/3@54a742iq, took 0ms
[2026-10-07 23:45:23] (0s)  >>> Created relation cached_FieldDecl::FieldDecl.hasQualifiedName/2#dispred#e8bd2e83/3@9a7d53gt with 3527 rows and digest eb5245n5plu9863gauqigdt9d2a.
[2026-10-07 23:45:23] (0s)  >>> Created relation num#FlowSummaryImpl::Private::TSingletonSummaryComponentStack#fd78d102_10#join_rhs/2@91c9d6to with 11264 rows and digest 7fa28ecidrvommc8n0ib9ncvgka.
[2026-10-07 23:45:23] (0s) Starting to evaluate predicate FieldDecl::FieldDecl.hasQualifiedName/2#dispred#e8bd2e83_102#join_rhs/3@5936f2e2
[2026-10-07 23:45:23] (0s) Starting to evaluate predicate FlowSummaryImpl::Private::callbackSelfParam/0#893a5761/1@5486a0a5
[2026-10-07 23:45:23] (0s)  >>> Created relation FlowSummaryImpl::Private::callbackSelfParam/0#893a5761/1@5486a0a5 with 1 rows and digest 8a4945c1ev3tqplbf8k96a5euvf.
[2026-10-07 23:45:23] (0s) Starting to evaluate predicate _FlowSummaryImpl::Private::callbackSelfParam/0#893a5761_num#FlowSummaryImpl::Private::TParameterSumm__#join_rhs/2@4a0441og
[2026-10-07 23:45:23] (0s)  >>> Created relation FieldDecl::FieldDecl.hasQualifiedName/2#dispred#e8bd2e83_102#join_rhs/3@5936f2e2 with 3527 rows and digest 052febkfmmffnd840pt8i5q9du5.
[2026-10-07 23:45:23] (0s)  >>> Created relation _FlowSummaryImpl::Private::callbackSelfParam/0#893a5761_num#FlowSummaryImpl::Private::TParameterSumm__#join_rhs/2@4a0441og with 4 rows and digest 4074c0c2ulh8bqbe732q5viq45b.
[2026-10-07 23:45:23] (0s) Starting to evaluate predicate FlowSteps::TaintInheritingContent#7e1da0af/1@b49316r2
[2026-10-07 23:45:23] (0s) Starting to evaluate predicate FlowSummaryImpl::Private::External::interpretSpec/2#ee7b44fb/2@i1#d0a9dlw0 (iteration 1)
[2026-10-07 23:45:23] (0s) Empty delta for FlowSummaryImpl::Private::External::interpretSpec/2#ee7b44fb_delta (order for disjuncts: delta=0).
[2026-10-07 23:45:23] (0s) Starting to evaluate predicate FlowSummaryImpl::Private::SummaryComponentStack.length/0#ee06481a/2@i1#d0a9dkw0 (iteration 1)
[2026-10-07 23:45:23] (0s) 			 - FlowSummaryImpl::Private::SummaryComponentStack.length/0#ee06481a_delta has 11264 rows (order for disjuncts: delta=0).
[2026-10-07 23:45:23] (0s) Starting to evaluate predicate FlowSummaryImpl::Private::TConsSummaryComponentStack#dom#b699b247/2@i1#d0a9diw0 (iteration 1)
[2026-10-07 23:45:23] (0s) Empty delta for FlowSummaryImpl::Private::TConsSummaryComponentStack#dom#b699b247_delta (order for disjuncts: delta=0).
[2026-10-07 23:45:23] (0s) Starting to evaluate predicate FlowSummaryImpl::Private::External::interpretSpec/3#74d70fe5/3@i1#d0a9dhw0 (iteration 1)
[2026-10-07 23:45:23] (0s) 			 - FlowSummaryImpl::Private::External::interpretSpec/3#74d70fe5_delta has 46 rows (order for disjuncts: delta=0).
[2026-10-07 23:45:23] (0s) Starting to evaluate predicate FlowSummaryImpl::Private::SummaryComponentStack.drop/1#32628814/3@i1#d0a9dfw0 (iteration 1)
[2026-10-07 23:45:23] (0s) Empty delta for FlowSummaryImpl::Private::SummaryComponentStack.drop/1#32628814_delta (order for disjuncts: delta=0).
[2026-10-07 23:45:23] (0s) Starting to evaluate predicate FlowSummaryImpl::Private::SummaryComponentStack.drop/1#32628814#reorder_2_0_1/3@i1#d0a9dew0 (iteration 1)
[2026-10-07 23:45:23] (0s) Empty delta for FlowSummaryImpl::Private::SummaryComponentStack.drop/1#32628814#reorder_2_0_1_delta (order for disjuncts: delta=0).
[2026-10-07 23:45:23] (0s) Starting to evaluate predicate FlowSummaryImpl::Private::External::interpretSpec/4#d1f0bcf0#reorder_2_3_0_1/4@i1#d0a9ddw0 (iteration 1)
[2026-10-07 23:45:23] (0s) Empty delta for FlowSummaryImpl::Private::External::interpretSpec/4#d1f0bcf0#reorder_2_3_0_1_delta (order for disjuncts: delta=0).
[2026-10-07 23:45:23] (0s) Starting to evaluate predicate FlowSummaryImpl::Private::summary/5#3148d7fd#reorder_1_3_0_2_4/5@i1#d0a9dcw0 (iteration 1)
[2026-10-07 23:45:23] (0s) Empty delta for FlowSummaryImpl::Private::summary/5#3148d7fd#reorder_1_3_0_2_4_delta (order for disjuncts: delta=0).
[2026-10-07 23:45:23] (0s) Starting to evaluate predicate FlowSummaryImpl::Private::summary/5#3148d7fd#reorder_2_3_0_1_4/5@i1#d0a9dbw0 (iteration 1)
[2026-10-07 23:45:23] (0s) Empty delta for FlowSummaryImpl::Private::summary/5#3148d7fd#reorder_2_3_0_1_4_delta (order for disjuncts: delta=0).
[2026-10-07 23:45:23] (0s) Starting to evaluate predicate FlowSummaryImpl::Private::summary/5#3148d7fd#reorder_0_2_1_3_4/5@i1#d0a9daw0 (iteration 1)
[2026-10-07 23:45:23] (0s) Empty delta for FlowSummaryImpl::Private::summary/5#3148d7fd#reorder_0_2_1_3_4_delta (order for disjuncts: delta=0).
[2026-10-07 23:45:23] (0s) Starting to evaluate predicate FlowSummaryImpl::Private::derivedFluentFlowPush/6#68d6c632#reorder_2_5_0_1_3_4/6@i1#d0a9d9w0 (iteration 1)
[2026-10-07 23:45:23] (0s) Empty delta for FlowSummaryImpl::Private::derivedFluentFlowPush/6#68d6c632#reorder_2_5_0_1_3_4_delta (order for disjuncts: delta=0).
[2026-10-07 23:45:23] (0s) Starting to evaluate predicate FlowSummaryImpl::Private::derivedFluentFlowPush/6#68d6c632#reorder_3_4_5_0_1_2/6@i1#d0a9d8w0 (iteration 1)
[2026-10-07 23:45:23] (0s) Empty delta for FlowSummaryImpl::Private::derivedFluentFlowPush/6#68d6c632#reorder_3_4_5_0_1_2_delta (order for disjuncts: delta=0).
[2026-10-07 23:45:23] (0s) Starting to evaluate predicate FlowSummaryImpl::Private::derivedFluentFlow/6#aeb67702#reorder_2_0_1_3_4_5/6@i1#d0a9d7w0 (iteration 1)
[2026-10-07 23:45:23] (0s) Empty delta for FlowSummaryImpl::Private::derivedFluentFlow/6#aeb67702#reorder_2_0_1_3_4_5_delta (order for disjuncts: delta=0).
[2026-10-07 23:45:23] (0s) Starting to evaluate predicate FlowSummaryImpl::Private::SummaryComponentStack#5325cec0/1@i1#d0a9d4w0 (iteration 1)
[2026-10-07 23:45:23] (0s) 			 - FlowSummaryImpl::Private::SummaryComponentStack#5325cec0_delta has 11264 rows (order for disjuncts: delta=0).
[2026-10-07 23:45:23] (0s) Starting to evaluate predicate FlowSummaryImpl::Private::isCallbackParameter/1#e883ddd1/1@i1#d0a9d3w0 (iteration 1)
[2026-10-07 23:45:23] (0s) Empty delta for FlowSummaryImpl::Private::isCallbackParameter/1#e883ddd1_delta (order for disjuncts: delta=0).
[2026-10-07 23:45:23] (0s) Starting to evaluate predicate FlowSummaryImpl::Private::SummaryComponentStack.head/0#dispred#86557ad8/2@i1#d0a9d2w0 (iteration 1)
[2026-10-07 23:45:23] (0s) 			 - FlowSummaryImpl::Private::SummaryComponentStack.head/0#dispred#86557ad8_delta has 11264 rows (order for disjuncts: delta=0).
[2026-10-07 23:45:23] (0s) Starting to evaluate predicate FlowSummaryImpl::Private::SummaryComponentStack.bottom/0#a87b4264/2@i1#d0a9d1w0 (iteration 1)
[2026-10-07 23:45:23] (0s) 			 - FlowSummaryImpl::Private::SummaryComponentStack.bottom/0#a87b4264_delta has 11264 rows (order for disjuncts: delta=0).
[2026-10-07 23:45:23] (0s) Starting to evaluate predicate FlowSummaryImpl::Private::isContentOfArgument/2#b24179f4/2@i1#d0a9d0w0 (iteration 1)
[2026-10-07 23:45:23] (0s) 			 - FlowSummaryImpl::Private::isContentOfArgument/2#b24179f4_delta has 4 rows (order for disjuncts: delta=0).
[2026-10-07 23:45:23] (0s) Starting to evaluate predicate FlowSummaryImpl::Private::isContentOfArgument/2#b24179f4#reorder_1_0/2@i1#d0a9djw0 (iteration 1)
[2026-10-07 23:45:23] (0s) 			 - FlowSummaryImpl::Private::isContentOfArgument/2#b24179f4#reorder_1_0_delta has 4 rows (order for disjuncts: delta=0).
[2026-10-07 23:45:23] (0s) Starting to evaluate predicate FlowSummaryImpl::Private::TConsSummaryComponentStack#67b2ab51#reorder_1_0_2/3@i1#d0a9dzs0 (iteration 1)
[2026-10-07 23:45:23] (0s) Empty delta for FlowSummaryImpl::Private::TConsSummaryComponentStack#67b2ab51#reorder_1_0_2_delta (order for disjuncts: delta=0).
[2026-10-07 23:45:23] (0s) Starting to evaluate predicate FlowSummaryImpl::Private::TConsSummaryComponentStack#67b2ab51#reorder_2_0_1/3@i1#d0a9dgw0 (iteration 1)
[2026-10-07 23:45:23] (0s) Empty delta for FlowSummaryImpl::Private::TConsSummaryComponentStack#67b2ab51#reorder_2_0_1_delta (order for disjuncts: delta=0).
[2026-10-07 23:45:23] (0s) Starting to evaluate predicate num#FlowSummaryImpl::Private::TConsSummaryComponentStack#67b2ab51/3@i1#d0a9dys0 (iteration 1)
[2026-10-07 23:45:23] (0s) Empty delta for num#FlowSummaryImpl::Private::TConsSummaryComponentStack#67b2ab51_delta (order for disjuncts: delta=0).
[2026-10-07 23:45:23] (0s) Starting to evaluate predicate FlowSummaryImpl::Private::SummarizedCallableImpl.propagatesFlow/6#dispred#29222477#reorder_1_3_0_2_4_5_6/7@i1#d0a9d6w0 (iteration 1)
[2026-10-07 23:45:23] (0s) Empty delta for FlowSummaryImpl::Private::SummarizedCallableImpl.propagatesFlow/6#dispred#29222477#reorder_1_3_0_2_4_5_6_delta (order for disjuncts: delta=0).
[2026-10-07 23:45:23] (0s) Starting to evaluate predicate FlowSummaryImpl::Private::SummarizedCallableImpl.propagatesFlow/6#dispred#29222477#reorder_2_3_0_1_4_5_6/7@i1#d0a9d5w0 (iteration 1)
[2026-10-07 23:45:23] (0s) Empty delta for FlowSummaryImpl::Private::SummarizedCallableImpl.propagatesFlow/6#dispred#29222477#reorder_2_3_0_1_4_5_6_delta (order for disjuncts: delta=0).
[2026-10-07 23:45:23] (0s) Starting to evaluate predicate FlowSummaryImpl::Private::SummarizedCallableImpl.propagatesFlow/6#dispred#29222477#reorder_0_1_4_5_6_2_3/7@i1#d0a9dxs0 (iteration 1)
[2026-10-07 23:45:23] (0s) Empty delta for FlowSummaryImpl::Private::SummarizedCallableImpl.propagatesFlow/6#dispred#29222477#reorder_0_1_4_5_6_2_3_delta (order for disjuncts: delta=0).
[2026-10-07 23:45:23] (0s) Starting to evaluate predicate FlowSummaryImpl::Private::SummarizedCallableImpl.propagatesFlow/6#dispred#29222477#reorder_0_2_4_5_6_1_3/7@i1#d0a9dws0 (iteration 1)
[2026-10-07 23:45:23] (0s) Empty delta for FlowSummaryImpl::Private::SummarizedCallableImpl.propagatesFlow/6#dispred#29222477#reorder_0_2_4_5_6_1_3_delta (order for disjuncts: delta=0).
[2026-10-07 23:45:23] (0s) Starting to evaluate predicate FlowSummaryImpl::Private::External::interpretSpec/2#ee7b44fb/2@i2#d0a9dlw0 (iteration 2)
[2026-10-07 23:45:23] (0s) 			 - FlowSummaryImpl::Private::External::interpretSpec/2#ee7b44fb_delta has 18 rows (order for disjuncts: delta=<standard>).
[2026-10-07 23:45:23] (0s) Starting to evaluate predicate FlowSummaryImpl::Private::SummaryComponentStack.length/0#ee06481a/2@i2#d0a9dkw0 (iteration 2)
[2026-10-07 23:45:23] (0s) Empty delta for FlowSummaryImpl::Private::SummaryComponentStack.length/0#ee06481a_delta (order for disjuncts: delta=<standard>).
[2026-10-07 23:45:23] (0s) Starting to evaluate predicate FlowSummaryImpl::Private::SummaryComponentStack.drop/1#32628814/3@i2#d0a9dfw0 (iteration 2)
[2026-10-07 23:45:23] (0s) 			 - FlowSummaryImpl::Private::SummaryComponentStack.drop/1#32628814_delta has 11264 rows (order for disjuncts: delta=<standard>).
[2026-10-07 23:45:23] (0s) Starting to evaluate predicate FlowSummaryImpl::Private::SummaryComponentStack.drop/1#32628814#reorder_2_0_1/3@i2#d0a9dew0 (iteration 2)
[2026-10-07 23:45:23] (0s) 			 - FlowSummaryImpl::Private::SummaryComponentStack.drop/1#32628814#reorder_2_0_1_delta has 11264 rows (order for disjuncts: delta=<standard>).
[2026-10-07 23:45:23] (0s) Starting to evaluate predicate FlowSummaryImpl::Private::External::interpretSpec/4#d1f0bcf0#reorder_2_3_0_1/4@i2#d0a9ddw0 (iteration 2)
[2026-10-07 23:45:23] (0s) 			 - FlowSummaryImpl::Private::External::interpretSpec/4#d1f0bcf0#reorder_2_3_0_1_delta has 22 rows (order for disjuncts: delta=<standard>).
[2026-10-07 23:45:23] (0s) Starting to evaluate predicate FlowSummaryImpl::Private::summary/5#3148d7fd#reorder_1_3_0_2_4/5@i2#d0a9dcw0 (iteration 2)
[2026-10-07 23:45:23] (0s) Empty delta for FlowSummaryImpl::Private::summary/5#3148d7fd#reorder_1_3_0_2_4_delta (order for disjuncts: delta=<standard>).
[2026-10-07 23:45:23] (0s) Starting to evaluate predicate FlowSummaryImpl::Private::derivedFluentFlowPush/6#68d6c632#reorder_2_5_0_1_3_4/6@i2#d0a9d9w0 (iteration 2)
[2026-10-07 23:45:23] (0s) Empty delta for FlowSummaryImpl::Private::derivedFluentFlowPush/6#68d6c632#reorder_2_5_0_1_3_4_delta (order for disjuncts: delta=<standard>).
[2026-10-07 23:45:23] (0s) Starting to evaluate predicate FlowSummaryImpl::Private::derivedFluentFlow/6#aeb67702#reorder_2_0_1_3_4_5/6@i2#d0a9d7w0 (iteration 2)
[2026-10-07 23:45:23] (0s) Empty delta for FlowSummaryImpl::Private::derivedFluentFlow/6#aeb67702#reorder_2_0_1_3_4_5_delta (order for disjuncts: delta=<standard>).
[2026-10-07 23:45:23] (0s) Starting to evaluate predicate FlowSummaryImpl::Private::isCallbackParameter/1#e883ddd1/1@i2#d0a9d3w0 (iteration 2)
[2026-10-07 23:45:23] (0s) Empty delta for FlowSummaryImpl::Private::isCallbackParameter/1#e883ddd1_delta (order for disjuncts: delta=<standard>).
[2026-10-07 23:45:23] (0s) Starting to evaluate predicate FlowSummaryImpl::Private::SummaryComponentStack.bottom/0#a87b4264/2@i2#d0a9d1w0 (iteration 2)
[2026-10-07 23:45:23] (0s) Empty delta for FlowSummaryImpl::Private::SummaryComponentStack.bottom/0#a87b4264_delta (order for disjuncts: delta=<standard>).
[2026-10-07 23:45:23] (0s) Starting to evaluate predicate FlowSummaryImpl::Private::isContentOfArgument/2#b24179f4/2@i2#d0a9d0w0 (iteration 2)
[2026-10-07 23:45:23] (0s) Empty delta for FlowSummaryImpl::Private::isContentOfArgument/2#b24179f4_delta (order for disjuncts: delta=<standard>).
[2026-10-07 23:45:23] (0s) Starting to evaluate predicate FlowSummaryImpl::Private::TConsSummaryComponentStack#dom#b699b247/2@i3#d0a9diw0 (iteration 3)
[2026-10-07 23:45:23] (0s) 			 - FlowSummaryImpl::Private::TConsSummaryComponentStack#dom#b699b247_delta has 15 rows (order for disjuncts: delta=<standard>).
[2026-10-07 23:45:23] (0s) Starting to evaluate predicate FlowSummaryImpl::Private::External::interpretSpec/3#74d70fe5/3@i3#d0a9dhw0 (iteration 3)
[2026-10-07 23:45:23] (0s) Empty delta for FlowSummaryImpl::Private::External::interpretSpec/3#74d70fe5_delta (order for disjuncts: delta=<standard>).
[2026-10-07 23:45:23] (0s) Starting to evaluate predicate FlowSummaryImpl::Private::SummaryComponentStack.drop/1#32628814/3@i3#d0a9dfw0 (iteration 3)
[2026-10-07 23:45:23] (0s) Empty delta for FlowSummaryImpl::Private::SummaryComponentStack.drop/1#32628814_delta (order for disjuncts: delta=<standard>).
[2026-10-07 23:45:23] (0s) Starting to evaluate predicate FlowSummaryImpl::Private::summary/5#3148d7fd#reorder_1_3_0_2_4/5@i3#d0a9dcw0 (iteration 3)
[2026-10-07 23:45:23] (0s) Empty delta for FlowSummaryImpl::Private::summary/5#3148d7fd#reorder_1_3_0_2_4_delta (order for disjuncts: delta=<standard>).
[2026-10-07 23:45:23] (0s) Starting to evaluate predicate FlowSummaryImpl::Private::derivedFluentFlowPush/6#68d6c632#reorder_2_5_0_1_3_4/6@i3#d0a9d9w0 (iteration 3)
[2026-10-07 23:45:23] (0s) Empty delta for FlowSummaryImpl::Private::derivedFluentFlowPush/6#68d6c632#reorder_2_5_0_1_3_4_delta (order for disjuncts: delta=<standard>).
[2026-10-07 23:45:23] (0s) Starting to evaluate predicate FlowSummaryImpl::Private::SummarizedCallableImpl.propagatesFlow/6#dispred#29222477#reorder_1_3_0_2_4_5_6/7@i3#d0a9d6w0 (iteration 3)
[2026-10-07 23:45:23] (0s) 			 - FlowSummaryImpl::Private::SummarizedCallableImpl.propagatesFlow/6#dispred#29222477#reorder_1_3_0_2_4_5_6_delta has 482 rows (order for disjuncts: delta=<standard>).
[2026-10-07 23:45:23] (0s) Starting to evaluate predicate FlowSummaryImpl::Private::SummarizedCallableImpl.propagatesFlow/6#dispred#29222477#reorder_2_3_0_1_4_5_6/7@i3#d0a9d5w0 (iteration 3)
[2026-10-07 23:45:23] (0s) 			 - FlowSummaryImpl::Private::SummarizedCallableImpl.propagatesFlow/6#dispred#29222477#reorder_2_3_0_1_4_5_6_delta has 482 rows (order for disjuncts: delta=<standard>).
[2026-10-07 23:45:23] (0s) Starting to evaluate predicate FlowSummaryImpl::Private::SummarizedCallableImpl.propagatesFlow/6#dispred#29222477#reorder_0_1_4_5_6_2_3/7@i3#d0a9dxs0 (iteration 3)
[2026-10-07 23:45:23] (0s) 			 - FlowSummaryImpl::Private::SummarizedCallableImpl.propagatesFlow/6#dispred#29222477#reorder_0_1_4_5_6_2_3_delta has 482 rows (order for disjuncts: delta=<standard>).
[2026-10-07 23:45:23] (0s) Starting to evaluate predicate FlowSummaryImpl::Private::SummarizedCallableImpl.propagatesFlow/6#dispred#29222477#reorder_0_2_4_5_6_1_3/7@i3#d0a9dws0 (iteration 3)
[2026-10-07 23:45:23] (0s) 			 - FlowSummaryImpl::Private::SummarizedCallableImpl.propagatesFlow/6#dispred#29222477#reorder_0_2_4_5_6_1_3_delta has 482 rows (order for disjuncts: delta=<standard>).
[2026-10-07 23:45:23] (0s) Starting to evaluate predicate FlowSummaryImpl::Private::summary/5#3148d7fd#reorder_1_3_0_2_4/5@i4#d0a9dcw0 (iteration 4)
[2026-10-07 23:45:23] (0s) 			 - FlowSummaryImpl::Private::summary/5#3148d7fd#reorder_1_3_0_2_4_delta has 482 rows (order for disjuncts: delta=<standard>).
[2026-10-07 23:45:23] (0s) Starting to evaluate predicate FlowSummaryImpl::Private::summary/5#3148d7fd#reorder_2_3_0_1_4/5@i4#d0a9dbw0 (iteration 4)
[2026-10-07 23:45:23] (0s) 			 - FlowSummaryImpl::Private::summary/5#3148d7fd#reorder_2_3_0_1_4_delta has 482 rows (order for disjuncts: delta=<standard>).
[2026-10-07 23:45:23] (0s) Starting to evaluate predicate FlowSummaryImpl::Private::summary/5#3148d7fd#reorder_0_2_1_3_4/5@i4#d0a9daw0 (iteration 4)
[2026-10-07 23:45:23] (0s) 			 - FlowSummaryImpl::Private::summary/5#3148d7fd#reorder_0_2_1_3_4_delta has 482 rows (order for disjuncts: delta=<standard>).
[2026-10-07 23:45:23] (0s) Starting to evaluate predicate num#FlowSummaryImpl::Private::TConsSummaryComponentStack#67b2ab51/3@i4#d0a9dys0 (iteration 4)
[2026-10-07 23:45:23] Evaluating HOP construct<FlowSummaryImpl#b5343dca::Make-Location#d34fd4c8::Location-DataFlowImplSpecific#ea056a88::SwiftDataFlow-FlowSummaryImpl-dbf0bccf,1> with inputs:
                        15 tuples in FlowSummaryImpl::Private::TConsSummaryComponentStack#dom#b699b247#prev_delta
[2026-10-07 23:45:23] (0s) 			 - num#FlowSummaryImpl::Private::TConsSummaryComponentStack#67b2ab51_delta has 15 rows (order for disjuncts: delta=<standard>).
[2026-10-07 23:45:23] (0s) Starting to evaluate predicate FlowSummaryImpl::Private::derivedFluentFlow/6#aeb67702#reorder_2_0_1_3_4_5/6@i5#d0a9d7w0 (iteration 5)
[2026-10-07 23:45:23] (0s) Empty delta for FlowSummaryImpl::Private::derivedFluentFlow/6#aeb67702#reorder_2_0_1_3_4_5_delta (order for disjuncts: delta=<standard>).
[2026-10-07 23:45:23] (0s) Starting to evaluate predicate FlowSummaryImpl::Private::TConsSummaryComponentStack#67b2ab51#reorder_1_0_2/3@i5#d0a9dzs0 (iteration 5)
[2026-10-07 23:45:23] (0s) 			 - FlowSummaryImpl::Private::TConsSummaryComponentStack#67b2ab51#reorder_1_0_2_delta has 15 rows (order for disjuncts: delta=<standard>).
[2026-10-07 23:45:23] (0s) Starting to evaluate predicate FlowSummaryImpl::Private::TConsSummaryComponentStack#67b2ab51#reorder_2_0_1/3@i5#d0a9dgw0 (iteration 5)
[2026-10-07 23:45:23] (0s) 			 - FlowSummaryImpl::Private::TConsSummaryComponentStack#67b2ab51#reorder_2_0_1_delta has 15 rows (order for disjuncts: delta=<standard>).
[2026-10-07 23:45:23] (0s) Starting to evaluate predicate FlowSummaryImpl::Private::SummaryComponentStack.length/0#ee06481a/2@i6#d0a9dkw0 (iteration 6)
[2026-10-07 23:45:23] (0s) 			 - FlowSummaryImpl::Private::SummaryComponentStack.length/0#ee06481a_delta has 15 rows (order for disjuncts: delta=<standard>).
[2026-10-07 23:45:23] (0s) Starting to evaluate predicate FlowSummaryImpl::Private::External::interpretSpec/3#74d70fe5/3@i6#d0a9dhw0 (iteration 6)
[2026-10-07 23:45:23] (0s) 			 - FlowSummaryImpl::Private::External::interpretSpec/3#74d70fe5_delta has 22 rows (order for disjuncts: delta=<standard>).
[2026-10-07 23:45:23] (0s) Starting to evaluate predicate FlowSummaryImpl::Private::SummaryComponentStack.drop/1#32628814/3@i6#d0a9dfw0 (iteration 6)
[2026-10-07 23:45:23] (0s) Empty delta for FlowSummaryImpl::Private::SummaryComponentStack.drop/1#32628814_delta (order for disjuncts: delta=<standard>).
[2026-10-07 23:45:23] (0s) Starting to evaluate predicate FlowSummaryImpl::Private::summary/5#3148d7fd#reorder_1_3_0_2_4/5@i6#d0a9dcw0 (iteration 6)
[2026-10-07 23:45:23] (0s) Empty delta for FlowSummaryImpl::Private::summary/5#3148d7fd#reorder_1_3_0_2_4_delta (order for disjuncts: delta=<standard>).
[2026-10-07 23:45:23] (0s) Starting to evaluate predicate FlowSummaryImpl::Private::derivedFluentFlowPush/6#68d6c632#reorder_2_5_0_1_3_4/6@i6#d0a9d9w0 (iteration 6)
[2026-10-07 23:45:23] (0s) Empty delta for FlowSummaryImpl::Private::derivedFluentFlowPush/6#68d6c632#reorder_2_5_0_1_3_4_delta (order for disjuncts: delta=<standard>).
[2026-10-07 23:45:23] (0s) Starting to evaluate predicate FlowSummaryImpl::Private::SummaryComponentStack#5325cec0/1@i6#d0a9d4w0 (iteration 6)
[2026-10-07 23:45:23] (0s) 			 - FlowSummaryImpl::Private::SummaryComponentStack#5325cec0_delta has 15 rows (order for disjuncts: delta=<standard>).
[2026-10-07 23:45:23] (0s) Starting to evaluate predicate FlowSummaryImpl::Private::isCallbackParameter/1#e883ddd1/1@i6#d0a9d3w0 (iteration 6)
[2026-10-07 23:45:23] (0s) Empty delta for FlowSummaryImpl::Private::isCallbackParameter/1#e883ddd1_delta (order for disjuncts: delta=<standard>).
[2026-10-07 23:45:23] (0s) Starting to evaluate predicate FlowSummaryImpl::Private::SummaryComponentStack.head/0#dispred#86557ad8/2@i6#d0a9d2w0 (iteration 6)
[2026-10-07 23:45:23] (0s) 			 - FlowSummaryImpl::Private::SummaryComponentStack.head/0#dispred#86557ad8_delta has 15 rows (order for disjuncts: delta=<standard>).
[2026-10-07 23:45:23] (0s) Starting to evaluate predicate FlowSummaryImpl::Private::SummaryComponentStack.bottom/0#a87b4264/2@i6#d0a9d1w0 (iteration 6)
[2026-10-07 23:45:23] (0s) 			 - FlowSummaryImpl::Private::SummaryComponentStack.bottom/0#a87b4264_delta has 15 rows (order for disjuncts: delta=<standard>).
[2026-10-07 23:45:23] (0s) Starting to evaluate predicate FlowSummaryImpl::Private::isContentOfArgument/2#b24179f4/2@i6#d0a9d0w0 (iteration 6)
[2026-10-07 23:45:23] (0s) Empty delta for FlowSummaryImpl::Private::isContentOfArgument/2#b24179f4_delta (order for disjuncts: delta=<standard>).
[2026-10-07 23:45:23] (0s) Starting to evaluate predicate FlowSummaryImpl::Private::External::interpretSpec/2#ee7b44fb/2@i7#d0a9dlw0 (iteration 7)
[2026-10-07 23:45:23] (0s) 			 - FlowSummaryImpl::Private::External::interpretSpec/2#ee7b44fb_delta has 12 rows (order for disjuncts: delta=<standard>).
[2026-10-07 23:45:23] (0s) Starting to evaluate predicate FlowSummaryImpl::Private::SummaryComponentStack.length/0#ee06481a/2@i7#d0a9dkw0 (iteration 7)
[2026-10-07 23:45:23] (0s) Empty delta for FlowSummaryImpl::Private::SummaryComponentStack.length/0#ee06481a_delta (order for disjuncts: delta=<standard>).
[2026-10-07 23:45:23] (0s) Starting to evaluate predicate FlowSummaryImpl::Private::SummaryComponentStack.drop/1#32628814/3@i7#d0a9dfw0 (iteration 7)
[2026-10-07 23:45:23] (0s) 			 - FlowSummaryImpl::Private::SummaryComponentStack.drop/1#32628814_delta has 30 rows (order for disjuncts: delta=<standard>).
[2026-10-07 23:45:23] (0s) Starting to evaluate predicate FlowSummaryImpl::Private::SummaryComponentStack.drop/1#32628814#reorder_2_0_1/3@i7#d0a9dew0 (iteration 7)
[2026-10-07 23:45:23] (0s) 			 - FlowSummaryImpl::Private::SummaryComponentStack.drop/1#32628814#reorder_2_0_1_delta has 30 rows (order for disjuncts: delta=<standard>).
[2026-10-07 23:45:23] (0s) Starting to evaluate predicate FlowSummaryImpl::Private::External::interpretSpec/4#d1f0bcf0#reorder_2_3_0_1/4@i7#d0a9ddw0 (iteration 7)
[2026-10-07 23:45:23] (0s) 			 - FlowSummaryImpl::Private::External::interpretSpec/4#d1f0bcf0#reorder_2_3_0_1_delta has 6 rows (order for disjuncts: delta=<standard>).
[2026-10-07 23:45:23] (0s) Starting to evaluate predicate FlowSummaryImpl::Private::summary/5#3148d7fd#reorder_1_3_0_2_4/5@i7#d0a9dcw0 (iteration 7)
[2026-10-07 23:45:23] (0s) Empty delta for FlowSummaryImpl::Private::summary/5#3148d7fd#reorder_1_3_0_2_4_delta (order for disjuncts: delta=<standard>).
[2026-10-07 23:45:23] (0s) Starting to evaluate predicate FlowSummaryImpl::Private::derivedFluentFlowPush/6#68d6c632#reorder_2_5_0_1_3_4/6@i7#d0a9d9w0 (iteration 7)
[2026-10-07 23:45:23] (0s) Empty delta for FlowSummaryImpl::Private::derivedFluentFlowPush/6#68d6c632#reorder_2_5_0_1_3_4_delta (order for disjuncts: delta=<standard>).
[2026-10-07 23:45:23] (0s) Starting to evaluate predicate FlowSummaryImpl::Private::derivedFluentFlow/6#aeb67702#reorder_2_0_1_3_4_5/6@i7#d0a9d7w0 (iteration 7)
[2026-10-07 23:45:23] (0s) Empty delta for FlowSummaryImpl::Private::derivedFluentFlow/6#aeb67702#reorder_2_0_1_3_4_5_delta (order for disjuncts: delta=<standard>).
[2026-10-07 23:45:23] (0s) Starting to evaluate predicate FlowSummaryImpl::Private::isCallbackParameter/1#e883ddd1/1@i7#d0a9d3w0 (iteration 7)
[2026-10-07 23:45:23] (0s) 			 - FlowSummaryImpl::Private::isCallbackParameter/1#e883ddd1_delta has 6 rows (order for disjuncts: delta=<standard>).
[2026-10-07 23:45:23] (0s) Starting to evaluate predicate FlowSummaryImpl::Private::SummaryComponentStack.bottom/0#a87b4264/2@i7#d0a9d1w0 (iteration 7)
[2026-10-07 23:45:23] (0s) Empty delta for FlowSummaryImpl::Private::SummaryComponentStack.bottom/0#a87b4264_delta (order for disjuncts: delta=<standard>).
[2026-10-07 23:45:23] (0s) Starting to evaluate predicate FlowSummaryImpl::Private::isContentOfArgument/2#b24179f4/2@i7#d0a9d0w0 (iteration 7)
[2026-10-07 23:45:23] (0s) 			 - FlowSummaryImpl::Private::isContentOfArgument/2#b24179f4_delta has 4 rows (order for disjuncts: delta=<standard>).
[2026-10-07 23:45:23] (0s) Starting to evaluate predicate FlowSummaryImpl::Private::isContentOfArgument/2#b24179f4#reorder_1_0/2@i7#d0a9djw0 (iteration 7)
[2026-10-07 23:45:23] (0s) 			 - FlowSummaryImpl::Private::isContentOfArgument/2#b24179f4#reorder_1_0_delta has 4 rows (order for disjuncts: delta=<standard>).
[2026-10-07 23:45:23] (0s) Starting to evaluate predicate FlowSummaryImpl::Private::TConsSummaryComponentStack#dom#b699b247/2@i8#d0a9diw0 (iteration 8)
[2026-10-07 23:45:23] (0s) 			 - FlowSummaryImpl::Private::TConsSummaryComponentStack#dom#b699b247_delta has 6 rows (order for disjuncts: delta=<standard>).
[2026-10-07 23:45:23] (0s) Starting to evaluate predicate FlowSummaryImpl::Private::External::interpretSpec/3#74d70fe5/3@i8#d0a9dhw0 (iteration 8)
[2026-10-07 23:45:23] (0s) Empty delta for FlowSummaryImpl::Private::External::interpretSpec/3#74d70fe5_delta (order for disjuncts: delta=<standard>).
[2026-10-07 23:45:23] (0s) Starting to evaluate predicate FlowSummaryImpl::Private::SummaryComponentStack.drop/1#32628814/3@i8#d0a9dfw0 (iteration 8)
[2026-10-07 23:45:23] (0s) Empty delta for FlowSummaryImpl::Private::SummaryComponentStack.drop/1#32628814_delta (order for disjuncts: delta=<standard>).
[2026-10-07 23:45:23] (0s) Starting to evaluate predicate FlowSummaryImpl::Private::summary/5#3148d7fd#reorder_1_3_0_2_4/5@i8#d0a9dcw0 (iteration 8)
[2026-10-07 23:45:23] (0s) Empty delta for FlowSummaryImpl::Private::summary/5#3148d7fd#reorder_1_3_0_2_4_delta (order for disjuncts: delta=<standard>).
[2026-10-07 23:45:23] (0s) Starting to evaluate predicate FlowSummaryImpl::Private::derivedFluentFlowPush/6#68d6c632#reorder_2_5_0_1_3_4/6@i8#d0a9d9w0 (iteration 8)
[2026-10-07 23:45:23] (0s) Empty delta for FlowSummaryImpl::Private::derivedFluentFlowPush/6#68d6c632#reorder_2_5_0_1_3_4_delta (order for disjuncts: delta=<standard>).
[2026-10-07 23:45:23] (0s) Starting to evaluate predicate FlowSummaryImpl::Private::derivedFluentFlow/6#aeb67702#reorder_2_0_1_3_4_5/6@i8#d0a9d7w0 (iteration 8)
[2026-10-07 23:45:23] (0s) Empty delta for FlowSummaryImpl::Private::derivedFluentFlow/6#aeb67702#reorder_2_0_1_3_4_5_delta (order for disjuncts: delta=<standard>).
[2026-10-07 23:45:23] (0s) Starting to evaluate predicate FlowSummaryImpl::Private::isContentOfArgument/2#b24179f4/2@i8#d0a9d0w0 (iteration 8)
[2026-10-07 23:45:23] (0s) Empty delta for FlowSummaryImpl::Private::isContentOfArgument/2#b24179f4_delta (order for disjuncts: delta=<standard>).
[2026-10-07 23:45:23] (0s) Starting to evaluate predicate FlowSummaryImpl::Private::SummarizedCallableImpl.propagatesFlow/6#dispred#29222477#reorder_1_3_0_2_4_5_6/7@i8#d0a9d6w0 (iteration 8)
[2026-10-07 23:45:23] (0s) 			 - FlowSummaryImpl::Private::SummarizedCallableImpl.propagatesFlow/6#dispred#29222477#reorder_1_3_0_2_4_5_6_delta has 576 rows (order for disjuncts: delta=<standard>).
[2026-10-07 23:45:23] (0s) Starting to evaluate predicate FlowSummaryImpl::Private::SummarizedCallableImpl.propagatesFlow/6#dispred#29222477#reorder_2_3_0_1_4_5_6/7@i8#d0a9d5w0 (iteration 8)
[2026-10-07 23:45:23] (0s) 			 - FlowSummaryImpl::Private::SummarizedCallableImpl.propagatesFlow/6#dispred#29222477#reorder_2_3_0_1_4_5_6_delta has 576 rows (order for disjuncts: delta=<standard>).
[2026-10-07 23:45:23] (0s) Starting to evaluate predicate FlowSummaryImpl::Private::SummarizedCallableImpl.propagatesFlow/6#dispred#29222477#reorder_0_1_4_5_6_2_3/7@i8#d0a9dxs0 (iteration 8)
[2026-10-07 23:45:23] (0s) 			 - FlowSummaryImpl::Private::SummarizedCallableImpl.propagatesFlow/6#dispred#29222477#reorder_0_1_4_5_6_2_3_delta has 576 rows (order for disjuncts: delta=<standard>).
[2026-10-07 23:45:23] (0s) Starting to evaluate predicate FlowSummaryImpl::Private::SummarizedCallableImpl.propagatesFlow/6#dispred#29222477#reorder_0_2_4_5_6_1_3/7@i8#d0a9dws0 (iteration 8)
[2026-10-07 23:45:23] (0s) 			 - FlowSummaryImpl::Private::SummarizedCallableImpl.propagatesFlow/6#dispred#29222477#reorder_0_2_4_5_6_1_3_delta has 576 rows (order for disjuncts: delta=<standard>).
[2026-10-07 23:45:23] (0s) Starting to evaluate predicate FlowSummaryImpl::Private::summary/5#3148d7fd#reorder_1_3_0_2_4/5@i9#d0a9dcw0 (iteration 9)
[2026-10-07 23:45:23] (0s) 			 - FlowSummaryImpl::Private::summary/5#3148d7fd#reorder_1_3_0_2_4_delta has 648 rows (order for disjuncts: delta=<standard>).
[2026-10-07 23:45:23] (0s) Starting to evaluate predicate FlowSummaryImpl::Private::summary/5#3148d7fd#reorder_2_3_0_1_4/5@i9#d0a9dbw0 (iteration 9)
[2026-10-07 23:45:23] (0s) 			 - FlowSummaryImpl::Private::summary/5#3148d7fd#reorder_2_3_0_1_4_delta has 648 rows (order for disjuncts: delta=<standard>).
[2026-10-07 23:45:23] (0s) Starting to evaluate predicate FlowSummaryImpl::Private::summary/5#3148d7fd#reorder_0_2_1_3_4/5@i9#d0a9daw0 (iteration 9)
[2026-10-07 23:45:23] (0s) 			 - FlowSummaryImpl::Private::summary/5#3148d7fd#reorder_0_2_1_3_4_delta has 648 rows (order for disjuncts: delta=<standard>).
[2026-10-07 23:45:23] (0s) Starting to evaluate predicate num#FlowSummaryImpl::Private::TConsSummaryComponentStack#67b2ab51/3@i9#d0a9dys0 (iteration 9)
[2026-10-07 23:45:23] Evaluating HOP construct<FlowSummaryImpl#b5343dca::Make-Location#d34fd4c8::Location-DataFlowImplSpecific#ea056a88::SwiftDataFlow-FlowSummaryImpl-dbf0bccf,1> with inputs:
                        6 tuples in FlowSummaryImpl::Private::TConsSummaryComponentStack#dom#b699b247#prev_delta
[2026-10-07 23:45:23] (0s) 			 - num#FlowSummaryImpl::Private::TConsSummaryComponentStack#67b2ab51_delta has 6 rows (order for disjuncts: delta=<standard>).
[2026-10-07 23:45:23] (0s) Starting to evaluate predicate FlowSummaryImpl::Private::derivedFluentFlow/6#aeb67702#reorder_2_0_1_3_4_5/6@i10#d0a9d7w0 (iteration 10)
[2026-10-07 23:45:23] (0s) Empty delta for FlowSummaryImpl::Private::derivedFluentFlow/6#aeb67702#reorder_2_0_1_3_4_5_delta (order for disjuncts: delta=<standard>).
[2026-10-07 23:45:23] (0s) Starting to evaluate predicate FlowSummaryImpl::Private::TConsSummaryComponentStack#67b2ab51#reorder_1_0_2/3@i10#d0a9dzs0 (iteration 10)
[2026-10-07 23:45:23] (0s) 			 - FlowSummaryImpl::Private::TConsSummaryComponentStack#67b2ab51#reorder_1_0_2_delta has 6 rows (order for disjuncts: delta=<standard>).
[2026-10-07 23:45:23] (0s) Starting to evaluate predicate FlowSummaryImpl::Private::TConsSummaryComponentStack#67b2ab51#reorder_2_0_1/3@i10#d0a9dgw0 (iteration 10)
[2026-10-07 23:45:23] (0s) 			 - FlowSummaryImpl::Private::TConsSummaryComponentStack#67b2ab51#reorder_2_0_1_delta has 6 rows (order for disjuncts: delta=<standard>).
[2026-10-07 23:45:23] (0s) Starting to evaluate predicate FlowSummaryImpl::Private::SummaryComponentStack.length/0#ee06481a/2@i11#d0a9dkw0 (iteration 11)
[2026-10-07 23:45:23] (0s) 			 - FlowSummaryImpl::Private::SummaryComponentStack.length/0#ee06481a_delta has 6 rows (order for disjuncts: delta=<standard>).
[2026-10-07 23:45:23] (0s) Starting to evaluate predicate FlowSummaryImpl::Private::External::interpretSpec/3#74d70fe5/3@i11#d0a9dhw0 (iteration 11)
[2026-10-07 23:45:23] (0s) 			 - FlowSummaryImpl::Private::External::interpretSpec/3#74d70fe5_delta has 6 rows (order for disjuncts: delta=<standard>).
[2026-10-07 23:45:23] (0s) Starting to evaluate predicate FlowSummaryImpl::Private::SummaryComponentStack.drop/1#32628814/3@i11#d0a9dfw0 (iteration 11)
[2026-10-07 23:45:23] (0s) Empty delta for FlowSummaryImpl::Private::SummaryComponentStack.drop/1#32628814_delta (order for disjuncts: delta=<standard>).
[2026-10-07 23:45:23] (0s) Starting to evaluate predicate FlowSummaryImpl::Private::summary/5#3148d7fd#reorder_1_3_0_2_4/5@i11#d0a9dcw0 (iteration 11)
[2026-10-07 23:45:23] (0s) Empty delta for FlowSummaryImpl::Private::summary/5#3148d7fd#reorder_1_3_0_2_4_delta (order for disjuncts: delta=<standard>).
[2026-10-07 23:45:23] (0s) Starting to evaluate predicate FlowSummaryImpl::Private::derivedFluentFlowPush/6#68d6c632#reorder_2_5_0_1_3_4/6@i11#d0a9d9w0 (iteration 11)
[2026-10-07 23:45:23] (0s) Empty delta for FlowSummaryImpl::Private::derivedFluentFlowPush/6#68d6c632#reorder_2_5_0_1_3_4_delta (order for disjuncts: delta=<standard>).
[2026-10-07 23:45:23] (0s) Starting to evaluate predicate FlowSummaryImpl::Private::SummaryComponentStack#5325cec0/1@i11#d0a9d4w0 (iteration 11)
[2026-10-07 23:45:23] (0s) 			 - FlowSummaryImpl::Private::SummaryComponentStack#5325cec0_delta has 6 rows (order for disjuncts: delta=<standard>).
[2026-10-07 23:45:23] (0s) Starting to evaluate predicate FlowSummaryImpl::Private::isCallbackParameter/1#e883ddd1/1@i11#d0a9d3w0 (iteration 11)
[2026-10-07 23:45:23] (0s) Empty delta for FlowSummaryImpl::Private::isCallbackParameter/1#e883ddd1_delta (order for disjuncts: delta=<standard>).
[2026-10-07 23:45:23] (0s) Starting to evaluate predicate FlowSummaryImpl::Private::SummaryComponentStack.head/0#dispred#86557ad8/2@i11#d0a9d2w0 (iteration 11)
[2026-10-07 23:45:23] (0s) 			 - FlowSummaryImpl::Private::SummaryComponentStack.head/0#dispred#86557ad8_delta has 6 rows (order for disjuncts: delta=<standard>).
[2026-10-07 23:45:23] (0s) Starting to evaluate predicate FlowSummaryImpl::Private::SummaryComponentStack.bottom/0#a87b4264/2@i11#d0a9d1w0 (iteration 11)
[2026-10-07 23:45:23] (0s) 			 - FlowSummaryImpl::Private::SummaryComponentStack.bottom/0#a87b4264_delta has 6 rows (order for disjuncts: delta=<standard>).
[2026-10-07 23:45:23] (0s) Starting to evaluate predicate FlowSummaryImpl::Private::isContentOfArgument/2#b24179f4/2@i11#d0a9d0w0 (iteration 11)
[2026-10-07 23:45:23] (0s) Empty delta for FlowSummaryImpl::Private::isContentOfArgument/2#b24179f4_delta (order for disjuncts: delta=<standard>).
[2026-10-07 23:45:23] (0s) Starting to evaluate predicate FlowSummaryImpl::Private::External::interpretSpec/2#ee7b44fb/2@i12#d0a9dlw0 (iteration 12)
[2026-10-07 23:45:23] (0s) 			 - FlowSummaryImpl::Private::External::interpretSpec/2#ee7b44fb_delta has 6 rows (order for disjuncts: delta=<standard>).
[2026-10-07 23:45:23] (0s) Starting to evaluate predicate FlowSummaryImpl::Private::SummaryComponentStack.length/0#ee06481a/2@i12#d0a9dkw0 (iteration 12)
[2026-10-07 23:45:23] (0s) Empty delta for FlowSummaryImpl::Private::SummaryComponentStack.length/0#ee06481a_delta (order for disjuncts: delta=<standard>).
[2026-10-07 23:45:23] (0s) Starting to evaluate predicate FlowSummaryImpl::Private::SummaryComponentStack.drop/1#32628814/3@i12#d0a9dfw0 (iteration 12)
[2026-10-07 23:45:23] (0s) 			 - FlowSummaryImpl::Private::SummaryComponentStack.drop/1#32628814_delta has 18 rows (order for disjuncts: delta=<standard>).
[2026-10-07 23:45:23] (0s) Starting to evaluate predicate FlowSummaryImpl::Private::SummaryComponentStack.drop/1#32628814#reorder_2_0_1/3@i12#d0a9dew0 (iteration 12)
[2026-10-07 23:45:23] (0s) 			 - FlowSummaryImpl::Private::SummaryComponentStack.drop/1#32628814#reorder_2_0_1_delta has 18 rows (order for disjuncts: delta=<standard>).
[2026-10-07 23:45:23] (0s) Starting to evaluate predicate FlowSummaryImpl::Private::External::interpretSpec/4#d1f0bcf0#reorder_2_3_0_1/4@i12#d0a9ddw0 (iteration 12)
[2026-10-07 23:45:23] (0s)  >>> Created relation FlowSteps::TaintInheritingContent#7e1da0af/1@b49316r2 with 215 rows and digest f0fcc26putos1kdr38mq5uob66d.
[2026-10-07 23:45:23] (0s) Empty delta for FlowSummaryImpl::Private::External::interpretSpec/4#d1f0bcf0#reorder_2_3_0_1_delta (order for disjuncts: delta=<standard>).
[2026-10-07 23:45:23] (0s) Starting to evaluate predicate FlowSummaryImpl::Private::summary/5#3148d7fd#reorder_1_3_0_2_4/5@i12#d0a9dcw0 (iteration 12)
[2026-10-07 23:45:23] (0s) Starting to evaluate predicate m#DataFlowPrivate::readStep/3#b4d23dda#fbf/1@64599blj
[2026-10-07 23:45:23] (0s) Empty delta for FlowSummaryImpl::Private::summary/5#3148d7fd#reorder_1_3_0_2_4_delta (order for disjuncts: delta=<standard>).
[2026-10-07 23:45:23] (0s)  >>> Created relation m#DataFlowPrivate::readStep/3#b4d23dda#fbf/1@64599blj with 215 rows and digest f0fcc26putos1kdr38mq5uob66d.
[2026-10-07 23:45:23] (0s) Starting to evaluate predicate DataFlowPrivate::TPatternNode#da658430_12#join_rhs/2@8e2aa40u
[2026-10-07 23:45:23] (0s) Starting to evaluate predicate FlowSummaryImpl::Private::derivedFluentFlowPush/6#68d6c632#reorder_2_5_0_1_3_4/6@i12#d0a9d9w0 (iteration 12)
[2026-10-07 23:45:23] (0s) Empty delta for FlowSummaryImpl::Private::derivedFluentFlowPush/6#68d6c632#reorder_2_5_0_1_3_4_delta (order for disjuncts: delta=<standard>).
[2026-10-07 23:45:23] (0s)  >>> Created relation DataFlowPrivate::TPatternNode#da658430_12#join_rhs/2@8e2aa40u with 2 rows and digest fc72cd76ilol0rt86qaspj9o4t3.
[2026-10-07 23:45:23] (0s) Starting to evaluate predicate EnumElementDecl::Generated::EnumElementDecl.getParam/1#dispred#2f1a9486_120#join_rhs/3@283958ac
[2026-10-07 23:45:23] (0s)  >>> Created relation EnumElementDecl::Generated::EnumElementDecl.getParam/1#dispred#2f1a9486_120#join_rhs/3@283958ac with 202 rows and digest 99e425fel2vv1vmb7q6sksfk6i3.
[2026-10-07 23:45:23] (0s) Starting to evaluate predicate Synth::Synth::TEnumElementDecl#c1e6fb68_10#join_rhs/2@34c9ed22
[2026-10-07 23:45:23] (0s)  >>> Created relation Synth::Synth::TEnumElementDecl#c1e6fb68_10#join_rhs/2@34c9ed22 with 471 rows and digest e8bf07vk64d48du7cbosgnff9q9.
[2026-10-07 23:45:23] (0s) Starting to evaluate predicate DataFlowPrivate::OptionalSomeContentSet#198ac23b/1@f59c09s1
[2026-10-07 23:45:23] (0s) Starting to evaluate predicate FlowSummaryImpl::Private::derivedFluentFlow/6#aeb67702#reorder_2_0_1_3_4_5/6@i12#d0a9d7w0 (iteration 12)
[2026-10-07 23:45:23] (0s)  >>> Created relation DataFlowPrivate::OptionalSomeContentSet#198ac23b/1@f59c09s1 with 1 rows and digest 14d190jcpgdl411cck5pgml3dof.
[2026-10-07 23:45:23] (0s) Empty delta for FlowSummaryImpl::Private::derivedFluentFlow/6#aeb67702#reorder_2_0_1_3_4_5_delta (order for disjuncts: delta=<standard>).
[2026-10-07 23:45:23] (0s)  >>> Created relation locations/6@c9367cqk with 335 rows and digest 45ef949du2rkmkkvc2o4bll1pi8.
[2026-10-07 23:45:23] (0s) Starting to evaluate predicate Location::Generated::Location.getStartLine/0#dispred#1b318da1/2@9ff0d6fe
[2026-10-07 23:45:23] (0s) Starting to evaluate predicate FlowSummaryImpl::Private::isCallbackParameter/1#e883ddd1/1@i12#d0a9d3w0 (iteration 12)
[2026-10-07 23:45:23] (0s) Empty delta for FlowSummaryImpl::Private::isCallbackParameter/1#e883ddd1_delta (order for disjuncts: delta=<standard>).
[2026-10-07 23:45:23] (0s) Starting to evaluate predicate FlowSummaryImpl::Private::SummaryComponentStack.bottom/0#a87b4264/2@i12#d0a9d1w0 (iteration 12)
[2026-10-07 23:45:23] (0s) Empty delta for FlowSummaryImpl::Private::SummaryComponentStack.bottom/0#a87b4264_delta (order for disjuncts: delta=<standard>).
[2026-10-07 23:45:23] (0s)  >>> Created relation Location::Generated::Location.getStartLine/0#dispred#1b318da1/2@9ff0d6fe with 336 rows and digest 51db6453qphcupb1hbiom42uac4.
[2026-10-07 23:45:23] (0s) Starting to evaluate predicate FlowSummaryImpl::Private::isContentOfArgument/2#b24179f4/2@i12#d0a9d0w0 (iteration 12)
[2026-10-07 23:45:23] (0s) Starting to evaluate predicate Location::Generated::Location.getStartColumn/0#dispred#ca1647b0/2@0c46e5fv
[2026-10-07 23:45:23] (0s)  >>> Created relation Location::Generated::Location.getStartColumn/0#dispred#ca1647b0/2@0c46e5fv with 336 rows and digest 9eef5c1tau67ofjpr97hh4jl4p7.
[2026-10-07 23:45:23] (0s) 			 - FlowSummaryImpl::Private::isContentOfArgument/2#b24179f4_delta has 2 rows (order for disjuncts: delta=<standard>).
[2026-10-07 23:45:23] (0s) Starting to evaluate predicate Location::Generated::Location.getFile/0#dispred#58f1445d/2@c3fcd9ke
[2026-10-07 23:45:23] (0s) Starting to evaluate predicate FlowSummaryImpl::Private::isContentOfArgument/2#b24179f4#reorder_1_0/2@i12#d0a9djw0 (iteration 12)
[2026-10-07 23:45:23] (0s) 			 - FlowSummaryImpl::Private::isContentOfArgument/2#b24179f4#reorder_1_0_delta has 2 rows (order for disjuncts: delta=<standard>).
[2026-10-07 23:45:23] (0s)  >>> Created relation Location::Generated::Location.getFile/0#dispred#58f1445d/2@c3fcd9ke with 336 rows and digest c03c4bd2q4cbu7s10jcue1luhe9.
[2026-10-07 23:45:23] (0s) Starting to evaluate predicate File::File.splitAbsolutePath/2#dispred#958b917e_021#join_rhs/3@3ac822cd
[2026-10-07 23:45:23] (0s)  >>> Created relation File::File.splitAbsolutePath/2#dispred#958b917e_021#join_rhs/3@3ac822cd with 63 rows and digest 31450a25s77e30a2lo4gifvqpn1.
[2026-10-07 23:45:23] (0s) Starting to evaluate predicate DataFlowPublic::Node.getLocation/0#dispred#218f9c4f_10#join_rhs/2@c65203nb
[2026-10-07 23:45:23] (0s) Starting to evaluate predicate FlowSummaryImpl::Private::SummaryComponentStack.drop/1#32628814/3@i13#d0a9dfw0 (iteration 13)
[2026-10-07 23:45:23] (0s) Empty delta for FlowSummaryImpl::Private::SummaryComponentStack.drop/1#32628814_delta (order for disjuncts: delta=<standard>).
[2026-10-07 23:45:23] (0s)  >>> Created relation DataFlowPublic::Node.getLocation/0#dispred#218f9c4f_10#join_rhs/2@c65203nb with 35144 rows and digest 8ec9b4988o9kja1iebhi0b3i0b7.
[2026-10-07 23:45:23] (0s) Starting to evaluate predicate num#kernelflow::Flow::Flow::TAccessPathNil#945e63b2/1@0a50aeea
[2026-10-07 23:45:23] Evaluating HOP construct<DataFlowImpl#248dabc3::MakeImpl-Location#d34fd4c8::Location-DataFlowImplSpecific#ea056a88::SwiftDataFlow-::Impl-TaintTr-46e4462d,0> with inputs:
                        1 tuples in kernelflow::Flow::Flow::S6Graph::TPathNodeSinkGrp#dom#ac10bd67/0@dab1424s
[2026-10-07 23:45:23] (0s) Starting to evaluate predicate FlowSummaryImpl::Private::summary/5#3148d7fd#reorder_1_3_0_2_4/5@i13#d0a9dcw0 (iteration 13)
[2026-10-07 23:45:23] (0s) Empty delta for FlowSummaryImpl::Private::summary/5#3148d7fd#reorder_1_3_0_2_4_delta (order for disjuncts: delta=<standard>).
[2026-10-07 23:45:23] (0s) Starting to evaluate predicate FlowSummaryImpl::Private::derivedFluentFlowPush/6#68d6c632#reorder_2_5_0_1_3_4/6@i13#d0a9d9w0 (iteration 13)
[2026-10-07 23:45:23] (0s) Empty delta for FlowSummaryImpl::Private::derivedFluentFlowPush/6#68d6c632#reorder_2_5_0_1_3_4_delta (order for disjuncts: delta=<standard>).
[2026-10-07 23:45:23] (0s)  >>> Created relation num#kernelflow::Flow::Flow::TAccessPathNil#945e63b2/1@0a50aeea with 1 rows and digest 19f2cevarof1fbaqkctt3t43if4.
[2026-10-07 23:45:23] (0s) Starting to evaluate predicate FlowSummaryImpl::Private::derivedFluentFlow/6#aeb67702#reorder_2_0_1_3_4_5/6@i13#d0a9d7w0 (iteration 13)
[2026-10-07 23:45:23] (0s) Empty delta for FlowSummaryImpl::Private::derivedFluentFlow/6#aeb67702#reorder_2_0_1_3_4_5_delta (order for disjuncts: delta=<standard>).
[2026-10-07 23:45:23] (0s) Starting to evaluate predicate FlowSummaryImpl::Private::isContentOfArgument/2#b24179f4/2@i13#d0a9d0w0 (iteration 13)
[2026-10-07 23:45:23] (0s) Starting to evaluate predicate num#DataFlowImplCommon::CallContextSensitivity<kernelflow::Flow::Flow::Stage6Param::CallContextSensitivityInput>::TAnyCallContext#d44edeb3/1@a0150els
[2026-10-07 23:45:23] (0s) Empty delta for FlowSummaryImpl::Private::isContentOfArgument/2#b24179f4_delta (order for disjuncts: delta=<standard>).
[2026-10-07 23:45:23] (0s) Starting to evaluate predicate FlowSummaryImpl::Private::SummarizedCallableImpl.propagatesFlow/6#dispred#29222477#reorder_1_3_0_2_4_5_6/7@i13#d0a9d6w0 (iteration 13)
[2026-10-07 23:45:23] Evaluating HOP construct<DataFlowImplCommon#f7de413b::MakeImplCommon-Location#d34fd4c8::Location-DataFlowImplSpecific#ea056a88::SwiftDataFlow-::-ca10fb15,0> with inputs:
                        1 tuples in kernelflow::Flow::Flow::S6Graph::TPathNodeSinkGrp#dom#ac10bd67/0@dab1424s
[2026-10-07 23:45:23] (0s) 			 - FlowSummaryImpl::Private::SummarizedCallableImpl.propagatesFlow/6#dispred#29222477#reorder_1_3_0_2_4_5_6_delta has 142 rows (order for disjuncts: delta=<standard>).
[2026-10-07 23:45:23] (0s) Starting to evaluate predicate FlowSummaryImpl::Private::SummarizedCallableImpl.propagatesFlow/6#dispred#29222477#reorder_2_3_0_1_4_5_6/7@i13#d0a9d5w0 (iteration 13)
[2026-10-07 23:45:23] (0s) 			 - FlowSummaryImpl::Private::SummarizedCallableImpl.propagatesFlow/6#dispred#29222477#reorder_2_3_0_1_4_5_6_delta has 142 rows (order for disjuncts: delta=<standard>).
[2026-10-07 23:45:23] (0s) Starting to evaluate predicate FlowSummaryImpl::Private::SummarizedCallableImpl.propagatesFlow/6#dispred#29222477#reorder_0_1_4_5_6_2_3/7@i13#d0a9dxs0 (iteration 13)
[2026-10-07 23:45:23] (0s) 			 - FlowSummaryImpl::Private::SummarizedCallableImpl.propagatesFlow/6#dispred#29222477#reorder_0_1_4_5_6_2_3_delta has 142 rows (order for disjuncts: delta=<standard>).
[2026-10-07 23:45:23] (0s) Starting to evaluate predicate FlowSummaryImpl::Private::SummarizedCallableImpl.propagatesFlow/6#dispred#29222477#reorder_0_2_4_5_6_1_3/7@i13#d0a9dws0 (iteration 13)
[2026-10-07 23:45:23] (0s) 			 - FlowSummaryImpl::Private::SummarizedCallableImpl.propagatesFlow/6#dispred#29222477#reorder_0_2_4_5_6_1_3_delta has 142 rows (order for disjuncts: delta=<standard>).
[2026-10-07 23:45:23] (0s) Starting to evaluate predicate FlowSummaryImpl::Private::summary/5#3148d7fd#reorder_1_3_0_2_4/5@i14#d0a9dcw0 (iteration 14)
[2026-10-07 23:45:23] (0s) 			 - FlowSummaryImpl::Private::summary/5#3148d7fd#reorder_1_3_0_2_4_delta has 183 rows (order for disjuncts: delta=<standard>).
[2026-10-07 23:45:23] (0s) Starting to evaluate predicate FlowSummaryImpl::Private::summary/5#3148d7fd#reorder_2_3_0_1_4/5@i14#d0a9dbw0 (iteration 14)
[2026-10-07 23:45:23] (0s) 			 - FlowSummaryImpl::Private::summary/5#3148d7fd#reorder_2_3_0_1_4_delta has 183 rows (order for disjuncts: delta=<standard>).
[2026-10-07 23:45:23] (0s) Starting to evaluate predicate FlowSummaryImpl::Private::summary/5#3148d7fd#reorder_0_2_1_3_4/5@i14#d0a9daw0 (iteration 14)
[2026-10-07 23:45:23] (0s)  >>> Created relation num#DataFlowImplCommon::CallContextSensitivity<kernelflow::Flow::Flow::Stage6Param::CallContextSensitivityInput>::TAnyCallContext#d44edeb3/1@a0150els with 1 rows and digest 19f2cevarof1fbaqkctt3t43if4.
[2026-10-07 23:45:23] (0s) 			 - FlowSummaryImpl::Private::summary/5#3148d7fd#reorder_0_2_1_3_4_delta has 183 rows (order for disjuncts: delta=<standard>).
[2026-10-07 23:45:23] (0s) Starting to evaluate predicate num#kernelflow::Flow::Flow::Stage6::TSummaryCtxNone#75b34044/1@87dc47eb
[2026-10-07 23:45:23] Evaluating HOP construct<DataFlowImpl#248dabc3::MakeImpl-Location#d34fd4c8::Location-DataFlowImplSpecific#ea056a88::SwiftDataFlow-::Impl-TaintTr-c5d21f9e,0> with inputs:
                        1 tuples in kernelflow::Flow::Flow::S6Graph::TPathNodeSinkGrp#dom#ac10bd67/0@dab1424s
[2026-10-07 23:45:23] (0s) Starting to evaluate predicate FlowSummaryImpl::Private::derivedFluentFlow/6#aeb67702#reorder_2_0_1_3_4_5/6@i15#d0a9d7w0 (iteration 15)
[2026-10-07 23:45:23] (0s) Empty delta for FlowSummaryImpl::Private::derivedFluentFlow/6#aeb67702#reorder_2_0_1_3_4_5_delta (order for disjuncts: delta=<standard>).
[2026-10-07 23:45:23] (0s) Accumulating deltas
[2026-10-07 23:45:23] (0s)  >>> Created relation num#kernelflow::Flow::Flow::Stage6::TSummaryCtxNone#75b34044/1@87dc47eb with 1 rows and digest 19f2cevarof1fbaqkctt3t43if4.
[2026-10-07 23:45:23] (0s)  >>> Created relation FlowSummaryImpl::Private::SummarizedCallableImpl.propagatesFlow/6#dispred#29222477#reorder_0_2_4_5_6_1_3/7@d0a9dws0 with 1200 rows and digest 49db1am1h4kbhe5nfdr6f8dikca.
[2026-10-07 23:45:23] (0s)  >>> Created relation FlowSummaryImpl::Private::SummarizedCallableImpl.propagatesFlow/6#dispred#29222477#reorder_0_1_4_5_6_2_3/7@d0a9dxs0 with 1200 rows and digest 7a9dcanvinh77q2klcuobgv3aib.
[2026-10-07 23:45:23] (0s)  >>> Created relation num#FlowSummaryImpl::Private::TConsSummaryComponentStack#67b2ab51/3@d0a9dys0 with 21 rows and digest 62f7713hkemakurn9dbm2pv2r50.
[2026-10-07 23:45:23] (0s)  >>> Created relation FlowSummaryImpl::Private::TConsSummaryComponentStack#67b2ab51#reorder_1_0_2/3@d0a9dzs0 with 21 rows and digest 75546a7vtkha9nkqtdq5kggp808.
[2026-10-07 23:45:23] (0s)  >>> Created relation FlowSummaryImpl::Private::isContentOfArgument/2#b24179f4/2@d0a9d0w0 with 10 rows and digest de6aa6ambe0e8acs88cs594ek38.
[2026-10-07 23:45:23] (0s)  >>> Created relation FlowSummaryImpl::Private::SummaryComponentStack.bottom/0#a87b4264/2@d0a9d1w0 with 11285 rows and digest a353cd6c66hs1f4cqkg7sn93909.
[2026-10-07 23:45:23] (0s)  >>> Created relation FlowSummaryImpl::Private::SummaryComponentStack.head/0#dispred#86557ad8/2@d0a9d2w0 with 11285 rows and digest b9aa02q4oiru10f34kmjfng4e2e.
[2026-10-07 23:45:23] (0s)  >>> Created relation FlowSummaryImpl::Private::isCallbackParameter/1#e883ddd1/1@d0a9d3w0 with 6 rows and digest b1133aev70eqf9clm64v72r7nt3.
[2026-10-07 23:45:23] (0s)  >>> Created relation FlowSummaryImpl::Private::SummaryComponentStack#5325cec0/1@d0a9d4w0 with 11285 rows and digest bbcb89bbqmvm7egp6pnnp8377e6.
[2026-10-07 23:45:23] (0s)  >>> Created relation FlowSummaryImpl::Private::SummarizedCallableImpl.propagatesFlow/6#dispred#29222477#reorder_2_3_0_1_4_5_6/7@d0a9d5w0 with 1200 rows and digest 278bfc0liqdm25tfhgd9crj9acd.
[2026-10-07 23:45:23] (0s)  >>> Created relation FlowSummaryImpl::Private::SummarizedCallableImpl.propagatesFlow/6#dispred#29222477#reorder_1_3_0_2_4_5_6/7@d0a9d6w0 with 1200 rows and digest d46f47vs4ugksqkm09tnqshtms5.
[2026-10-07 23:45:23] (0s)  >>> Created relation FlowSummaryImpl::Private::derivedFluentFlow/6#aeb67702#reorder_2_0_1_3_4_5/6@d0a9d7w0 with 0 rows and digest THIS-RELATION-HAS-NO-TUPLES.
[2026-10-07 23:45:23] (0s)  >>> Created relation FlowSummaryImpl::Private::derivedFluentFlowPush/6#68d6c632#reorder_3_4_5_0_1_2/6@d0a9d8w0 with 0 rows and digest THIS-RELATION-HAS-NO-TUPLES.
[2026-10-07 23:45:23] (0s)  >>> Created relation FlowSummaryImpl::Private::derivedFluentFlowPush/6#68d6c632#reorder_2_5_0_1_3_4/6@d0a9d9w0 with 0 rows and digest THIS-RELATION-HAS-NO-TUPLES.
[2026-10-07 23:45:23] (0s)  >>> Created relation FlowSummaryImpl::Private::summary/5#3148d7fd#reorder_0_2_1_3_4/5@d0a9daw0 with 1313 rows and digest 41edbf80a7n75bu6qpnoqi64b5b.
[2026-10-07 23:45:23] (0s)  >>> Created relation FlowSummaryImpl::Private::summary/5#3148d7fd#reorder_2_3_0_1_4/5@d0a9dbw0 with 1313 rows and digest c27010nbs6b9c93r8it1gn5dfk0.
[2026-10-07 23:45:23] (0s)  >>> Created relation FlowSummaryImpl::Private::summary/5#3148d7fd#reorder_1_3_0_2_4/5@d0a9dcw0 with 1313 rows and digest c840ed0qrke3slobqfm54ln5rgb.
[2026-10-07 23:45:23] (0s) Starting to evaluate predicate num#kernelflow::Flow::Flow::TNil#e884062d/1@52c679j0
[2026-10-07 23:45:23] (0s)  >>> Created relation FlowSummaryImpl::Private::External::interpretSpec/4#d1f0bcf0#reorder_2_3_0_1/4@d0a9ddw0 with 28 rows and digest 8494733b15c0tr8bc3f4u6j56m9.
[2026-10-07 23:45:23] (0s)  >>> Created relation FlowSummaryImpl::Private::SummaryComponentStack.drop/1#32628814#reorder_2_0_1/3@d0a9dew0 with 11312 rows and digest 02e541t37r4323orjcfn2fkano6.
[2026-10-07 23:45:23] (0s)  >>> Created relation FlowSummaryImpl::Private::SummaryComponentStack.drop/1#32628814/3@d0a9dfw0 with 11312 rows and digest e704ea2tjqkemom2khmuu2n6t5d.
[2026-10-07 23:45:23] (0s)  >>> Created relation FlowSummaryImpl::Private::TConsSummaryComponentStack#67b2ab51#reorder_2_0_1/3@d0a9dgw0 with 21 rows and digest 3c1daen7vg42eq77lei1amcbjj4.
[2026-10-07 23:45:23] (0s)  >>> Created relation FlowSummaryImpl::Private::External::interpretSpec/3#74d70fe5/3@d0a9dhw0 with 74 rows and digest fd03aab06pa3cj6v9mqhfvfm9h1.
[2026-10-07 23:45:23] (0s)  >>> Created relation FlowSummaryImpl::Private::TConsSummaryComponentStack#dom#b699b247/2@d0a9diw0 with 21 rows and digest eebf5at39ev98oe8svu3jfd2285.
[2026-10-07 23:45:23] (0s)  >>> Created relation FlowSummaryImpl::Private::isContentOfArgument/2#b24179f4#reorder_1_0/2@d0a9djw0 with 10 rows and digest 6ced520ge7f7vhmimhadu5eb334.
[2026-10-07 23:45:23] Evaluating HOP construct<DataFlowImpl#248dabc3::MakeImpl-Location#d34fd4c8::Location-DataFlowImplSpecific#ea056a88::SwiftDataFlow-::Impl-TaintTr-1493b535,0> with inputs:
                        1 tuples in kernelflow::Flow::Flow::S6Graph::TPathNodeSinkGrp#dom#ac10bd67/0@dab1424s
[2026-10-07 23:45:23] (0s)  >>> Created relation FlowSummaryImpl::Private::SummaryComponentStack.length/0#ee06481a/2@d0a9dkw0 with 11285 rows and digest 1e3b7bit0vm7dkeepv5ckuaflpa.
[2026-10-07 23:45:23] (0s)  >>> Created relation FlowSummaryImpl::Private::External::interpretSpec/2#ee7b44fb/2@d0a9dlw0 with 36 rows and digest 60c511mersd08mol36as1mihqa3.
[2026-10-07 23:45:23] (0s)  >>> Created relation FlowSummaryImpl::Private::SummaryComponentStack::argument/1#15684b3b_1#join_rhs/1@aa69e157 with 4 rows and digest 046efc3iokg57or1rqnh5rgkuie.
[2026-10-07 23:45:23] (0s) Starting to evaluate predicate project#FlowSummaryImpl::Private::summary/5#3148d7fd/2@a7df147j
[2026-10-07 23:45:23] (0s)  >>> Created relation project#FlowSummaryImpl::Private::summary/5#3148d7fd/2@a7df147j with 1221 rows and digest 92455eed9c6ps8i8dvcb5rvrkfa.
[2026-10-07 23:45:23] (0s) Starting to evaluate predicate project#FlowSummaryImpl::Private::summary/5#3148d7fd#2/2@b2cfd4tn
[2026-10-07 23:45:23] (0s)  >>> Created relation project#FlowSummaryImpl::Private::summary/5#3148d7fd#2/2@b2cfd4tn with 1129 rows and digest 40e1e10pi39981rfjg1n46li5l5.
[2026-10-07 23:45:23] (0s) Starting to evaluate predicate FlowSummaryImpl::Private::TConsSummaryComponentStack#67b2ab51#reorder_1_0_2_20#join_rhs/2@b30fd2na
[2026-10-07 23:45:23] (0s)  >>> Created relation FlowSummaryImpl::Private::TConsSummaryComponentStack#67b2ab51#reorder_1_0_2_20#join_rhs/2@b30fd2na with 21 rows and digest eee7dclnemq4ps2e8uuv3foalr9.
[2026-10-07 23:45:23] (0s) Starting to evaluate predicate FlowSummaryImpl::Private::outputState/2#0c8efb1a/2@i1#eed88x9c (iteration 1)
[2026-10-07 23:45:23] (0s) 			 - FlowSummaryImpl::Private::outputState/2#0c8efb1a_delta has 1129 rows (order for disjuncts: delta=0).
[2026-10-07 23:45:23] (0s)  >>> Created relation num#kernelflow::Flow::Flow::TNil#e884062d/1@52c679j0 with 1 rows and digest 19f2cevarof1fbaqkctt3t43if4.
[2026-10-07 23:45:23] (0s) Starting to evaluate predicate FlowSummaryImpl::Private::inputState/2#7a5ac87f/2@i1#eed88w9c (iteration 1)
[2026-10-07 23:45:23] (0s) 			 - FlowSummaryImpl::Private::inputState/2#7a5ac87f_delta has 1221 rows (order for disjuncts: delta=0).
[2026-10-07 23:45:23] (0s) Starting to evaluate predicate FlowSummaryImpl::Private::SummaryComponentStack.head/0#dispred#86557ad8_10#join_rhs/2@b9b1a9dg
[2026-10-07 23:45:23] (0s)  >>> Created relation FlowSummaryImpl::Private::SummaryComponentStack.head/0#dispred#86557ad8_10#join_rhs/2@b9b1a9dg with 11285 rows and digest 5a50aarsr3l7g1rr6rtab1jrfu2.
[2026-10-07 23:45:23] (0s) Starting to evaluate predicate DataFlowImplCommon::Cached::TFrontHead#ba92b323_2#join_rhs/1@223062vj
[2026-10-07 23:45:23] (0s) Starting to evaluate predicate _FlowSummaryImpl::Private::SummaryComponentStack.head/0#dispred#86557ad8_FlowSummaryImpl::Private::T__#shared/3@i2#L0#eed88w9c (iteration 2)
[2026-10-07 23:45:23] (0s)  >>> Created relation DataFlowImplCommon::Cached::TFrontHead#ba92b323_2#join_rhs/1@223062vj with 18650 rows and digest cc8cc88b6v0gbr1u52ksn4n1bl8.
[2026-10-07 23:45:23] (0s) Starting to evaluate predicate DataFlowImplCommon::Cached::TApproxFrontHead#c5b7bb4f_2#join_rhs/1@344c6dbe
[2026-10-07 23:45:23] (0s)  >>> Created relation DataFlowImplCommon::Cached::TApproxFrontHead#c5b7bb4f_2#join_rhs/1@344c6dbe with 5 rows and digest e2e9cfhl5ae83ve4okdtnj4m0b3.
[2026-10-07 23:45:23] (0s) Starting to evaluate predicate DataFlowImplCommon::ApproxAccessPathFront.getHead/1#dispred#ce5ff688/3@b893cbqp
[2026-10-07 23:45:23] (0s)  >>> Created relation DataFlowImplCommon::ApproxAccessPathFront.getHead/1#dispred#ce5ff688/3@b893cbqp with 5 rows and digest 79e13dr8ptocqgq04v77n4s7jof.
[2026-10-07 23:45:23] (0s) Starting to evaluate predicate DataFlowImplCommon::ApproxAccessPathFront.getHead/1#dispred#ce5ff688_201#join_rhs/3@ebb42am4
[2026-10-07 23:45:23] (0s)  >>> Created relation DataFlowImplCommon::ApproxAccessPathFront.getHead/1#dispred#ce5ff688_201#join_rhs/3@ebb42am4 with 5 rows and digest 6884f9vqna6o94eu6lo70dfj965.
[2026-10-07 23:45:23] (0s) Starting to evaluate predicate DataFlowImplCommon::ApproxAccessPathFront.getAHead/1#317b73d6/3@566e5b5i
[2026-10-07 23:45:23] (0s)  >>> Created relation DataFlowImplCommon::ApproxAccessPathFront.getAHead/1#317b73d6/3@566e5b5i with 18650 rows and digest b5cc91quonakmh7sosmcuv4n5i9.
[2026-10-07 23:45:23] (0s) Starting to evaluate predicate DataFlowImplCommon::ApproxAccessPathFront.getAHead/1#317b73d6_120#join_rhs/3@c9ab2e96
[2026-10-07 23:45:23] (0s) Starting to evaluate predicate FlowSummaryImpl::Private::outputState/2#0c8efb1a/2@i2#eed88x9c (iteration 2)
[2026-10-07 23:45:23] (0s)  >>> Created relation DataFlowImplCommon::ApproxAccessPathFront.getAHead/1#317b73d6_120#join_rhs/3@c9ab2e96 with 18650 rows and digest 4ad4947ofp6pp684dv7ki00fg42.
[2026-10-07 23:45:23] (0s) Starting to evaluate predicate DataFlowImplCommon::Cached::TFrontHead#ba92b323_102#join_rhs/3@2b98femh
[2026-10-07 23:45:23] (0s) 			 - FlowSummaryImpl::Private::outputState/2#0c8efb1a_delta has 457 rows (order for disjuncts: delta=<standard>).
[2026-10-07 23:45:23] (0s) Starting to evaluate predicate FlowSummaryImpl::Private::inputState/2#7a5ac87f/2@i2#eed88w9c (iteration 2)
[2026-10-07 23:45:23] (0s)  >>> Created relation DataFlowImplCommon::Cached::TFrontHead#ba92b323_102#join_rhs/3@2b98femh with 18650 rows and digest e1a56b19ctiut464ohvuidekej5.
[2026-10-07 23:45:23] (0s) Starting to evaluate predicate kernelflow::Flow::Flow::Stage4Param::getApprox/1#6dbd2f0f/2@4874d6pb
[2026-10-07 23:45:23] (0s) 			 - FlowSummaryImpl::Private::inputState/2#7a5ac87f_delta has 447 rows (order for disjuncts: delta=<standard>).
[2026-10-07 23:45:23] (0s) Starting to evaluate predicate _FlowSummaryImpl::Private::SummaryComponentStack.head/0#dispred#86557ad8_FlowSummaryImpl::Private::T__#shared/3@i3#L0#eed88w9c (iteration 3)
[2026-10-07 23:45:23] (0s) Starting to evaluate predicate FlowSummaryImpl::Private::outputState/2#0c8efb1a/2@i3#eed88x9c (iteration 3)
[2026-10-07 23:45:23] (0s)  >>> Created relation kernelflow::Flow::Flow::Stage4Param::getApprox/1#6dbd2f0f/2@4874d6pb with 18651 rows and digest 0c3c685eo9gdffmf266dvnd58b8.
[2026-10-07 23:45:23] (0s) 			 - FlowSummaryImpl::Private::outputState/2#0c8efb1a_delta has 1 rows (order for disjuncts: delta=<standard>).
[2026-10-07 23:45:23] (0s) Starting to evaluate predicate FlowSummaryImpl::Private::inputState/2#7a5ac87f/2@i3#eed88w9c (iteration 3)
[2026-10-07 23:45:23] (0s) Starting to evaluate predicate num#kernelflow::Flow::Flow::Stage4::TSummaryCtxNone#d3dbe881/1@4ab17d8g
[2026-10-07 23:45:23] Evaluating HOP construct<DataFlowImpl#248dabc3::MakeImpl-Location#d34fd4c8::Location-DataFlowImplSpecific#ea056a88::SwiftDataFlow-::Impl-TaintTr-3eb4010e,0> with inputs:
                        1 tuples in kernelflow::Flow::Flow::S6Graph::TPathNodeSinkGrp#dom#ac10bd67/0@dab1424s
[2026-10-07 23:45:23] (0s) 			 - FlowSummaryImpl::Private::inputState/2#7a5ac87f_delta has 97 rows (order for disjuncts: delta=<standard>).
[2026-10-07 23:45:23] (0s) Starting to evaluate predicate _FlowSummaryImpl::Private::SummaryComponentStack.head/0#dispred#86557ad8_FlowSummaryImpl::Private::T__#shared/3@i4#L0#eed88w9c (iteration 4)
[2026-10-07 23:45:23] (0s) Starting to evaluate predicate FlowSummaryImpl::Private::outputState/2#0c8efb1a/2@i4#eed88x9c (iteration 4)
[2026-10-07 23:45:23] (0s) Empty delta for FlowSummaryImpl::Private::outputState/2#0c8efb1a_delta (order for disjuncts: delta=<standard>).
[2026-10-07 23:45:23] (0s) Starting to evaluate predicate FlowSummaryImpl::Private::inputState/2#7a5ac87f/2@i4#eed88w9c (iteration 4)
[2026-10-07 23:45:23] (0s) Empty delta for FlowSummaryImpl::Private::inputState/2#7a5ac87f_delta (order for disjuncts: delta=<standard>).
[2026-10-07 23:45:23] (0s) Accumulating deltas
[2026-10-07 23:45:23] (0s)  >>> Created relation FlowSummaryImpl::Private::inputState/2#7a5ac87f/2@eed88w9c with 1765 rows and digest 3ba76e3up8v242i0epg1uc7nev1.
[2026-10-07 23:45:23] (0s)  >>> Created relation FlowSummaryImpl::Private::outputState/2#0c8efb1a/2@eed88x9c with 1587 rows and digest a0e7cd54d3gjc956dbqqdv9mkmf.
[2026-10-07 23:45:23] (0s)  >>> Created relation num#kernelflow::Flow::Flow::Stage4::TSummaryCtxNone#d3dbe881/1@4ab17d8g with 1 rows and digest 19f2cevarof1fbaqkctt3t43if4.
[2026-10-07 23:45:23] (0s) Starting to evaluate predicate FlowSummaryImpl::Private::TSummaryNodeOutputState#dom#942465b4/1@42ebccpn
[2026-10-07 23:45:23] (0s) Starting to evaluate predicate FlowSummaryImpl::Private::TSummaryNodeInputState#dom#41c7295f/1@44b2de6t
[2026-10-07 23:45:23] (0s)  >>> Created relation FlowSummaryImpl::Private::TSummaryNodeInputState#dom#41c7295f/1@44b2de6t with 22 rows and digest 80de8csssbeqt6q7kume47juie8.
[2026-10-07 23:45:23] (0s) Starting to evaluate predicate num#FlowSummaryImpl::Private::TSummaryNodeInputState#cc69de7c/2@f59273q7
[2026-10-07 23:45:23] Evaluating HOP construct<FlowSummaryImpl#b5343dca::Make-Location#d34fd4c8::Location-DataFlowImplSpecific#ea056a88::SwiftDataFlow-FlowSummaryImpl-7471eab8,0> with inputs:
                        22 tuples in FlowSummaryImpl::Private::TSummaryNodeInputState#dom#41c7295f/1@44b2de6t
[2026-10-07 23:45:23] (0s)  >>> Created relation FlowSummaryImpl::Private::TSummaryNodeOutputState#dom#942465b4/1@42ebccpn with 17 rows and digest 7ad49ese1mnfj7bv3beroeq36qc.
[2026-10-07 23:45:23] (0s) Starting to evaluate predicate num#FlowSummaryImpl::Private::TSummaryNodeOutputState#1152074a/2@49e66cu8
[2026-10-07 23:45:23] Evaluating HOP construct<FlowSummaryImpl#b5343dca::Make-Location#d34fd4c8::Location-DataFlowImplSpecific#ea056a88::SwiftDataFlow-FlowSummaryImpl-7471eab8,1> with inputs:
                        17 tuples in FlowSummaryImpl::Private::TSummaryNodeOutputState#dom#942465b4/1@42ebccpn
[2026-10-07 23:45:23] (0s)  >>> Created relation num#FlowSummaryImpl::Private::TSummaryNodeInputState#cc69de7c/2@f59273q7 with 22 rows and digest 4eb3cf0hunf5p3jakm6u7r72320.
[2026-10-07 23:45:23] (0s) Starting to evaluate predicate FlowSummaryImpl::Private::SummaryNodeState.isInputState/2#563e6825/3@7bd591b3
[2026-10-07 23:45:23] (0s)  >>> Created relation num#FlowSummaryImpl::Private::TSummaryNodeOutputState#1152074a/2@49e66cu8 with 17 rows and digest 22b23ffsqv6minahh452qh81m03.
[2026-10-07 23:45:23] (0s) Starting to evaluate predicate FlowSummaryImpl::Private::SummaryNodeState.isOutputState/2#60ec8558/3@a9f764af
[2026-10-07 23:45:23] (0s)  >>> Created relation FlowSummaryImpl::Private::SummaryNodeState.isOutputState/2#60ec8558/3@a9f764af with 1587 rows and digest 528b12267niptk19t80efr1pha7.
[2026-10-07 23:45:23] (0s)  >>> Created relation FlowSummaryImpl::Private::SummaryNodeState.isInputState/2#563e6825/3@7bd591b3 with 1765 rows and digest 10c048fkg1alauhn06bcohcdn7b.
[2026-10-07 23:45:23] (0s) Starting to evaluate predicate FlowSummaryImpl::Private::SummaryNodeState.isOutputState/2#60ec8558_21#join_rhs/2@939bfe33
[2026-10-07 23:45:23] (0s)  >>> Created relation FlowSummaryImpl::Private::SummaryNodeState.isOutputState/2#60ec8558_21#join_rhs/2@939bfe33 with 1587 rows and digest 2e9910gllvpeq0bte9692hs0f0b.
[2026-10-07 23:45:23] (0s) Starting to evaluate predicate FlowSummaryImpl::Private::SummaryNodeState.isInputState/2#563e6825_201#join_rhs/3@620c287f
[2026-10-07 23:45:23] (0s) Starting to evaluate predicate DataFlowImplCommon::ApproxAccessPathFront.toBoolNonEmpty/0#dispred#e3e84581/2@1ec30a2d
[2026-10-07 23:45:23] (0s)  >>> Created relation FlowSummaryImpl::Private::SummaryNodeState.isInputState/2#563e6825_201#join_rhs/3@620c287f with 1765 rows and digest d8581886iimoslrop8lgboeut6a.
[2026-10-07 23:45:23] (0s) Starting to evaluate predicate FlowSummaryImpl::Impl2::parameterReadState/3#717982d4/3@ef89532a
[2026-10-07 23:45:23] (0s)  >>> Created relation DataFlowImplCommon::ApproxAccessPathFront.toBoolNonEmpty/0#dispred#e3e84581/2@1ec30a2d with 6 rows and digest 088bca2q4bao3bd7f77uteq7994.
[2026-10-07 23:45:23] (0s) Starting to evaluate predicate const_false/1@374feabk
[2026-10-07 23:45:23] (0s)  >>> Created relation FlowSummaryImpl::Impl2::parameterReadState/3#717982d4/3@ef89532a with 1086 rows and digest ee98f7ccetgp9c9b94bttl3g9s5.
[2026-10-07 23:45:23] (0s)  >>> Created relation const_false/1@374feabk with 1 rows and digest 115afed0qqvfca7qs10l0jdnhce.
[2026-10-07 23:45:23] (0s) Starting to evaluate predicate FlowSummaryImpl::Impl2::TSummaryParameterNode#dom#5150b7b5/2@c2789esa
[2026-10-07 23:45:23] (0s) Starting to evaluate predicate FlowSummaryImpl::Impl2::parameterReadState/3#717982d4_01#antijoin_rhs/2@e170c1is
[2026-10-07 23:45:23] (0s)  >>> Created relation FlowSummaryImpl::Impl2::parameterReadState/3#717982d4_01#antijoin_rhs/2@e170c1is with 1086 rows and digest 663be8ec5e6ouqn2d1ku427mah8.
[2026-10-07 23:45:23] (0s) Starting to evaluate predicate FlowSummaryImpl::Impl2::TSummaryInternalNode#dom#ab53c76f/2@9f7ecfld
[2026-10-07 23:45:23] (0s)  >>> Created relation FlowSummaryImpl::Impl2::TSummaryParameterNode#dom#5150b7b5/2@c2789esa with 1086 rows and digest 98096dngibf90g7b57ncekqkmp5.
[2026-10-07 23:45:23] (0s) Starting to evaluate predicate num#FlowSummaryImpl::Impl2::TSummaryParameterNode#87abbcd7/3@7a7817se
[2026-10-07 23:45:23] (0s)  >>> Created relation FlowSummaryImpl::Impl2::TSummaryInternalNode#dom#ab53c76f/2@9f7ecfld with 2266 rows and digest 2baf07h4a5amp9cuhjf1do9d5p0.
[2026-10-07 23:45:23] Evaluating HOP construct<FlowSummaryImpl#b5343dca::Make-Location#d34fd4c8::Location-DataFlowImplSpecific#ea056a88::SwiftDataFlow-FlowSummaryImpl-c30716d5,1> with inputs:
                        1086 tuples in FlowSummaryImpl::Impl2::TSummaryParameterNode#dom#5150b7b5/2@c2789esa
[2026-10-07 23:45:23] (0s) Starting to evaluate predicate num#FlowSummaryImpl::Impl2::TSummaryInternalNode#e771ced7/3@a8d577nu
[2026-10-07 23:45:23] Evaluating HOP construct<FlowSummaryImpl#b5343dca::Make-Location#d34fd4c8::Location-DataFlowImplSpecific#ea056a88::SwiftDataFlow-FlowSummaryImpl-c30716d5,0> with inputs:
                        2266 tuples in FlowSummaryImpl::Impl2::TSummaryInternalNode#dom#ab53c76f/2@9f7ecfld
[2026-10-07 23:45:23] (0s)  >>> Created relation num#FlowSummaryImpl::Impl2::TSummaryParameterNode#87abbcd7/3@7a7817se with 1086 rows and digest 92f4f4et6l0i4tf168s64qguuvc.
[2026-10-07 23:45:23] (0s)  >>> Created relation num#FlowSummaryImpl::Impl2::TSummaryInternalNode#e771ced7/3@a8d577nu with 2266 rows and digest 0a49937cst4kfcs8nopa3j37rq8.
[2026-10-07 23:45:23] (0s) Starting to evaluate predicate DataFlowImplCommon::Cached::TBooleanSome#dom#7e7a84ee/1@490e955l
[2026-10-07 23:45:23] (0s)  >>> Created relation DataFlowImplCommon::Cached::TBooleanSome#dom#7e7a84ee/1@490e955l with 2 rows and digest 3507f8bm05kddme44vro5gg3kj1.
[2026-10-07 23:45:23] (0s) Starting to evaluate predicate FlowSummaryImpl::Impl2::SummaryNode#fda2959f/1@020c87i7
[2026-10-07 23:45:23] (0s) Starting to evaluate predicate kernelflow::Flow::Flow::Stage3Param::getApprox/1#229da5b6/2@c34fb4q9
[2026-10-07 23:45:23] (0s)  >>> Created relation kernelflow::Flow::Flow::Stage3Param::getApprox/1#229da5b6/2@c34fb4q9 with 6 rows and digest 088bca2q4bao3bd7f77uteq7994.
[2026-10-07 23:45:23] (0s)  >>> Created relation FlowSummaryImpl::Impl2::SummaryNode#fda2959f/1@020c87i7 with 3352 rows and digest 063e31ftglikcfimcuq66jt4080.
[2026-10-07 23:45:23] (0s) Starting to evaluate predicate num#DataFlowImplCommon::CallContextSensitivity<kernelflow::Flow::Flow::Stage3Param::CallContextSensitivityInput>::TAnyCallContext#7f34e52b/1@bca011os
[2026-10-07 23:45:23] Evaluating HOP construct<DataFlowImplCommon#f7de413b::MakeImplCommon-Location#d34fd4c8::Location-DataFlowImplSpecific#ea056a88::SwiftDataFlow-::-51f3def2,0> with inputs:
                        1 tuples in kernelflow::Flow::Flow::S6Graph::TPathNodeSinkGrp#dom#ac10bd67/0@dab1424s
[2026-10-07 23:45:23] (0s) Starting to evaluate predicate _FlowSummaryImpl::Impl2::SummaryNode#fda2959f_num#FlowSummaryImpl::Impl2::TSummaryInternalNode#e771c__#shared/3@6e1345j7
[2026-10-07 23:45:23] (0s)  >>> Created relation _FlowSummaryImpl::Impl2::SummaryNode#fda2959f_num#FlowSummaryImpl::Impl2::TSummaryInternalNode#e771c__#shared/3@6e1345j7 with 2266 rows and digest 70bd7akmqfakn2n6dh0r2r1g2o3.
[2026-10-07 23:45:23] (0s) Starting to evaluate predicate FlowSummaryImpl::Impl2::summaryNodeOutputState/2#7ed11d6d/3@1de847kv
[2026-10-07 23:45:23] (0s)  >>> Created relation FlowSummaryImpl::Impl2::summaryNodeOutputState/2#7ed11d6d/3@1de847kv with 1587 rows and digest a7d93bgaq9feq7shbv8l41ejfed.
[2026-10-07 23:45:23] (0s)  >>> Created relation num#DataFlowImplCommon::CallContextSensitivity<kernelflow::Flow::Flow::Stage3Param::CallContextSensitivityInput>::TAnyCallContext#7f34e52b/1@bca011os with 1 rows and digest 19f2cevarof1fbaqkctt3t43if4.
[2026-10-07 23:45:23] (0s) Starting to evaluate predicate FlowSummaryImpl::StepsInput::getACall/1#a386d1a1/2@723a5enq
[2026-10-07 23:45:23] (0s) Starting to evaluate predicate FlowSummaryImpl::Impl2::summaryNodeInputState/2#f9b97598/3@396d696d
[2026-10-07 23:45:23] (0s)  >>> Created relation FlowSummaryImpl::StepsInput::getACall/1#a386d1a1/2@723a5enq with 0 rows and digest THIS-RELATION-HAS-NO-TUPLES.
[2026-10-07 23:45:23] (0s) Inferred that FlowSummaryImpl::Private::Steps::viableParam/4#220d2ee5/4@1105c40h is empty, due to FlowSummaryImpl::StepsInput::getACall/1#a386d1a1/2@723a5enq.
[2026-10-07 23:45:23] (0s) Inferred that FlowSummaryImpl::Private::Steps::summaryArgParam/3#9c49be13/4@929887e3 is empty, due to FlowSummaryImpl::Private::Steps::viableParam/4#220d2ee5/4@1105c40h.
[2026-10-07 23:45:23] (0s) Inferred that project#FlowSummaryImpl::Private::Steps::viableParam/4#220d2ee5/1@5c95d0he is empty, due to FlowSummaryImpl::Private::Steps::viableParam/4#220d2ee5/4@1105c40h.
[2026-10-07 23:45:23] (0s) Inferred that FlowSummaryImpl::Private::Steps::summaryArgParam/3#9c49be13_301#join_rhs/3@6677a5o2 is empty, due to FlowSummaryImpl::Private::Steps::summaryArgParam/3#9c49be13/4@929887e3.
[2026-10-07 23:45:23] (0s) Inferred that FlowSummaryImpl::Private::Steps::paramReachesLocal/3#c4a91892/3@d2aeewlq is empty, due to project#FlowSummaryImpl::Private::Steps::viableParam/4#220d2ee5/1@5c95d0he.
[2026-10-07 23:45:23] (0s)  >>> Created relation FlowSummaryImpl::Impl2::summaryNodeInputState/2#f9b97598/3@396d696d with 1765 rows and digest 826633udsc2r2icgdv9rpuaac75.
[2026-10-07 23:45:23] (0s) Starting to evaluate predicate FlowSummaryImpl::Impl2::summaryNodeOutputState/2#7ed11d6d_12#join_rhs/2@314a1a3h
[2026-10-07 23:45:23] (0s) Starting to evaluate predicate FlowSummaryImpl::Impl2::callbackInput/4#0f18e139/4@4a8fac82
[2026-10-07 23:45:23] (0s)  >>> Created relation FlowSummaryImpl::Impl2::callbackInput/4#0f18e139/4@4a8fac82 with 130 rows and digest d93b59j455mk8jetr9ajlliq9o6.
[2026-10-07 23:45:23] (0s) Starting to evaluate predicate project#FlowSummaryImpl::Impl2::callbackInput/4#0f18e139/2@7b37d95l
[2026-10-07 23:45:23] (0s)  >>> Created relation project#FlowSummaryImpl::Impl2::callbackInput/4#0f18e139/2@7b37d95l with 130 rows and digest 6b03d4ldk8lur1pbq0ej7dpsaib.
[2026-10-07 23:45:23] (0s) Starting to evaluate predicate FlowSummaryImpl::Impl2::summaryPostUpdateNode/2#1b158d10/2@9c2c84fs
[2026-10-07 23:45:23] (0s)  >>> Created relation FlowSummaryImpl::Impl2::summaryNodeOutputState/2#7ed11d6d_12#join_rhs/2@314a1a3h with 1587 rows and digest 84edeaen23n8rn2rufbbg4ns9pe.
[2026-10-07 23:45:23] (0s) Starting to evaluate predicate FlowSummaryImpl::Private::summary/5#3148d7fd#reorder_1_3_0_2_4_1203#join_rhs/4@949fe1vn
[2026-10-07 23:45:23] (0s)  >>> Created relation FlowSummaryImpl::Private::summary/5#3148d7fd#reorder_1_3_0_2_4_1203#join_rhs/4@949fe1vn with 1313 rows and digest bb0d1619buujufahj0mac01tc2d.
[2026-10-07 23:45:23] (0s) Starting to evaluate predicate project#FlowSummaryImpl::Private::summary/5#3148d7fd#3/3@ed15a07p
[2026-10-07 23:45:23] (0s)  >>> Created relation FlowSummaryImpl::Impl2::summaryPostUpdateNode/2#1b158d10/2@9c2c84fs with 304 rows and digest 38c561rk9dst5bei19pobpkpeq0.
[2026-10-07 23:45:23] (0s)  >>> Created relation project#FlowSummaryImpl::Private::summary/5#3148d7fd#3/3@ed15a07p with 574 rows and digest 4adaf97lsm1hqd28kt879ioi947.
[2026-10-07 23:45:23] (0s) Starting to evaluate predicate FlowSummaryImpl::Impl2::summaryNodeInputState/2#f9b97598_102#join_rhs/3@b6b9faah
[2026-10-07 23:45:23] (0s) Starting to evaluate predicate project#FlowSummaryImpl::Impl2::summaryPostUpdateNode/2#1b158d10/1@6bdc7ep5
[2026-10-07 23:45:23] (0s)  >>> Created relation project#FlowSummaryImpl::Impl2::summaryPostUpdateNode/2#1b158d10/1@6bdc7ep5 with 304 rows and digest f024c7fnp4giqmdbv44d3v2rba3.
[2026-10-07 23:45:23] (0s)  >>> Created relation FlowSummaryImpl::Impl2::summaryNodeInputState/2#f9b97598_102#join_rhs/3@b6b9faah with 1765 rows and digest 122960rc7cpi29673h7tvilj01e.
[2026-10-07 23:45:23] (0s) Starting to evaluate predicate DataFlowPrivate::PostUpdateNodeImpl.getPreUpdateNode/0#dispred#d950ebb3/2@ce0d08bl
[2026-10-07 23:45:23] (0s) Starting to evaluate predicate FlowSummaryImpl::Private::Steps::summaryLocalStepImpl/4#808888f6#ffbf/4@a7670459
[2026-10-07 23:45:23] (0s)  >>> Created relation DataFlowPrivate::PostUpdateNodeImpl.getPreUpdateNode/0#dispred#d950ebb3/2@ce0d08bl with 309 rows and digest a4bbce5l6kk6s6rk5qmmaesjb34.
[2026-10-07 23:45:23] (0s) Starting to evaluate predicate DataFlowPrivate::PostUpdateNodeImpl.getPreUpdateNode/0#dispred#d950ebb3_10#join_rhs/2@3a77d12g
[2026-10-07 23:45:23] (0s)  >>> Created relation DataFlowPrivate::PostUpdateNodeImpl.getPreUpdateNode/0#dispred#d950ebb3_10#join_rhs/2@3a77d12g with 309 rows and digest 6e08a1go6uus7ft3dhb8t2181c1.
[2026-10-07 23:45:23] (0s) Starting to evaluate predicate FlowSteps::AdditionalTaintStep.step/2#dispred#becb7d26/3@d639bdr8
[2026-10-07 23:45:23] (0s)  >>> Created relation FlowSummaryImpl::Private::Steps::summaryLocalStepImpl/4#808888f6#ffbf/4@a7670459 with 1313 rows and digest eca5da82lgk34osl0lh2lhh0r52.
[2026-10-07 23:45:23] (0s) Starting to evaluate predicate FlowSummaryImpl::Private::Steps::summaryLocalStepImpl/4#808888f6#ffbf_0213#join_rhs/4@b0e43681
[2026-10-07 23:45:23] (0s)  >>> Created relation FlowSummaryImpl::Private::Steps::summaryLocalStepImpl/4#808888f6#ffbf_0213#join_rhs/4@b0e43681 with 1313 rows and digest 237804g4r9iki44cq0o0klaobbe.
[2026-10-07 23:45:23] (0s) Starting to evaluate predicate FlowSummaryImpl::Private::Steps::summaryReadStep/3#d7957796#fbf/3@9d381e8a
[2026-10-07 23:45:23] (0s)  >>> Created relation FlowSummaryImpl::Private::Steps::summaryReadStep/3#d7957796#fbf/3@9d381e8a with 0 rows and digest THIS-RELATION-HAS-NO-TUPLES.
[2026-10-07 23:45:23] (0s) Starting to evaluate predicate DataFlowPrivate::readStep/3#b4d23dda#fbf/3@6020bd5s
[2026-10-07 23:45:23] (0s)  >>> Created relation DataFlowPrivate::readStep/3#b4d23dda#fbf/3@6020bd5s with 0 rows and digest THIS-RELATION-HAS-NO-TUPLES.
[2026-10-07 23:45:23] (0s) Inferred that DataFlowPrivate::readStep/3#b4d23dda#fbf_102#join_rhs/3@3b09be3q is empty, due to DataFlowPrivate::readStep/3#b4d23dda#fbf/3@6020bd5s.
[2026-10-07 23:45:23] (0s)  >>> Created relation FlowSteps::AdditionalTaintStep.step/2#dispred#becb7d26/3@d639bdr8 with 0 rows and digest THIS-RELATION-HAS-NO-TUPLES.
[2026-10-07 23:45:23] (0s) Starting to evaluate predicate FlowSummaryImpl::Impl2::summaryPostUpdateNode/2#1b158d10_10#join_rhs/2@bbd9f8ob
[2026-10-07 23:45:23] (0s)  >>> Created relation FlowSummaryImpl::Impl2::summaryPostUpdateNode/2#1b158d10_10#join_rhs/2@bbd9f8ob with 304 rows and digest a31e347nbr5640tkgmf9ic1qoi2.
[2026-10-07 23:45:23] (0s) Starting to evaluate predicate FlowSummaryImpl::Private::Steps::summaryLocalStepImpl/4#808888f6#ffbf_201#join_rhs/3@000d43sp
[2026-10-07 23:45:23] (0s)  >>> Created relation FlowSummaryImpl::Private::Steps::summaryLocalStepImpl/4#808888f6#ffbf_201#join_rhs/3@000d43sp with 1313 rows and digest 6bc64a9voffu6uf09706i37l7nd.
[2026-10-07 23:45:23] (0s) Starting to evaluate predicate FlowSummaryImpl::Private::Steps::summaryReturnNodeExt/2#7b94452b/2@d3e498i6
[2026-10-07 23:45:23] (0s) Starting to evaluate predicate TaintTrackingPrivate::defaultAdditionalTaintStep/3#bb3f67af/3@f01771cv
[2026-10-07 23:45:23] (0s)  >>> Created relation FlowSummaryImpl::Private::Steps::summaryReturnNodeExt/2#7b94452b/2@d3e498i6 with 693 rows and digest a71ec48a0g3phb3ado3a253o7ic.
[2026-10-07 23:45:23] (0s) Starting to evaluate predicate project#FlowSummaryImpl::Private::Steps::summaryLocalStepImpl/4#808888f6#ffbf#2/2@263f68iv
[2026-10-07 23:45:23] (0s)  >>> Created relation project#FlowSummaryImpl::Private::Steps::summaryLocalStepImpl/4#808888f6#ffbf#2/2@263f68iv with 739 rows and digest 4d6885667tsujr528p1m8sapav0.
[2026-10-07 23:45:23] (0s) Starting to evaluate predicate num#kernelflow::Flow::Flow::Stage3::TSummaryCtxNone#c5b8cf55/1@a4a40cl4
[2026-10-07 23:45:23] Evaluating HOP construct<DataFlowImpl#248dabc3::MakeImpl-Location#d34fd4c8::Location-DataFlowImplSpecific#ea056a88::SwiftDataFlow-::Impl-TaintTr-27cd2873,0> with inputs:
                        1 tuples in kernelflow::Flow::Flow::S6Graph::TPathNodeSinkGrp#dom#ac10bd67/0@dab1424s
[2026-10-07 23:45:23] (0s)  >>> Created relation TaintTrackingPrivate::defaultAdditionalTaintStep/3#bb3f67af/3@f01771cv with 739 rows and digest 683e9evsrb9d8vnsfgjc3db97he.
[2026-10-07 23:45:23] (0s)  >>> Created relation num#kernelflow::Flow::Flow::Stage3::TSummaryCtxNone#c5b8cf55/1@a4a40cl4 with 1 rows and digest 19f2cevarof1fbaqkctt3t43if4.
[2026-10-07 23:45:23] (0s) Promoting strings for TaintTrackingPrivate::defaultAdditionalTaintStep/3#bb3f67af/3@f01771cv
[2026-10-07 23:45:23] (0s) Promoted strings for TaintTrackingPrivate::defaultAdditionalTaintStep/3#bb3f67af/3@f01771cv, took 0ms
[2026-10-07 23:45:23] (0s) Saved stringpool to save strings from TaintTrackingPrivate::defaultAdditionalTaintStep/3#bb3f67af/3@f01771cv, took 0ms
[2026-10-07 23:45:23] (0s)  >>> Created relation cached_TaintTrackingPrivate::defaultAdditionalTaintStep/3#bb3f67af/3@56e678kr with 739 rows and digest 683e9evsrb9d8vnsfgjc3db97he.
[2026-10-07 23:45:23] (0s) Starting to evaluate predicate project#TaintTrackingPrivate::defaultAdditionalTaintStep/3#bb3f67af/2@40b8a1di
[2026-10-07 23:45:23] (0s) Starting to evaluate predicate _DataFlowImplCommon::Cached::TBooleanNone#934a4eb6_DataFlowImplCommon::Cached::TReturnCtxNone#bd267d__#join_rhs/2@924f7dn7
[2026-10-07 23:45:23] (0s)  >>> Created relation project#TaintTrackingPrivate::defaultAdditionalTaintStep/3#bb3f67af/2@40b8a1di with 739 rows and digest 87d04eq4jvbqoa0jto1e23tnhl1.
[2026-10-07 23:45:23] (0s)  >>> Created relation _DataFlowImplCommon::Cached::TBooleanNone#934a4eb6_DataFlowImplCommon::Cached::TReturnCtxNone#bd267d__#join_rhs/2@924f7dn7 with 1 rows and digest 54f8de05ms40b6r9grorvr7lckb.
[2026-10-07 23:45:23] (0s) Starting to evaluate predicate m#DataFlowImplCommon::ArgNode.argumentOf/2#dispred#4ae90262#ffb/1@6f781bqr
[2026-10-07 23:45:23] (0s) Starting to evaluate predicate _Boolean::Boolean#5dd548d1_const_false#join_rhs/0@bd0bd46c
[2026-10-07 23:45:23] (0s)  >>> Created relation _Boolean::Boolean#5dd548d1_const_false#join_rhs/0@bd0bd46c with 1 rows and digest ac90f0ei322hhreshlvdl215c38.
[2026-10-07 23:45:23] (0s)  >>> Created relation m#DataFlowImplCommon::ArgNode.argumentOf/2#dispred#4ae90262#ffb/1@6f781bqr with 4 rows and digest 928b83hvk542icmije6r2cktl88.
[2026-10-07 23:45:23] (0s) Starting to evaluate predicate num#DataFlowImplCommon::CallContextSensitivity<Cached::CachedCallContextSensitivity::CallContextSensitivityInput>::TAnyCallContext#5800fbe7/1@6ee59ejq
[2026-10-07 23:45:23] Evaluating HOP construct<DataFlowImplCommon#f7de413b::MakeImplCommon-Location#d34fd4c8::Location-DataFlowImplSpecific#ea056a88::SwiftDataFlow-::-7bc612e0,0> with inputs:
                        1 tuples in DataFlowImplCommon::Cached::forceCachingInSameStage/0#cc97347d/0@dab1424s
[2026-10-07 23:45:23] (0s) Starting to evaluate predicate project#DataFlowImplCommon::Cached::argumentNode/3#5c92d692/1@f893285c
[2026-10-07 23:45:23] (0s)  >>> Created relation project#DataFlowImplCommon::Cached::argumentNode/3#5c92d692/1@f893285c with 136 rows and digest aa3e9euqju46826aii1eb11cjrb.
[2026-10-07 23:45:23] (0s) Starting to evaluate predicate DataFlowImplCommon::ArgNode.argumentOf/2#dispred#4ae90262#ffb/3@c92d79ro
[2026-10-07 23:45:23] (0s)  >>> Created relation DataFlowImplCommon::ArgNode.argumentOf/2#dispred#4ae90262#ffb/3@c92d79ro with 136 rows and digest ad3cfe2jtric8eagnc4rdntsura.
[2026-10-07 23:45:23] (0s) Starting to evaluate predicate DataFlowImplCommon::ArgNode.argumentOf/2#dispred#4ae90262#ffb_201#join_rhs/3@bc67f8eb
[2026-10-07 23:45:23] (0s)  >>> Created relation DataFlowImplCommon::ArgNode.argumentOf/2#dispred#4ae90262#ffb_201#join_rhs/3@bc67f8eb with 136 rows and digest 70e5dcbpaelhu8v3gquba3h0anc.
[2026-10-07 23:45:23] (0s) Starting to evaluate predicate DataFlowImplCommon::getAnOutNodeExt/2#1ecffca5/3@1b3846t8
[2026-10-07 23:45:23] (0s)  >>> Created relation DataFlowImplCommon::getAnOutNodeExt/2#1ecffca5/3@1b3846t8 with 164 rows and digest b212b3i77s9opoloj8p5fg66u06.
[2026-10-07 23:45:23] (0s) Starting to evaluate predicate TaintTrackingPublic::localTaintStep/2#e946d427/2@8badbfc6
[2026-10-07 23:45:23] (0s)  >>> Created relation num#DataFlowImplCommon::CallContextSensitivity<Cached::CachedCallContextSensitivity::CallContextSensitivityInput>::TAnyCallContext#5800fbe7/1@6ee59ejq with 1 rows and digest 19f2cevarof1fbaqkctt3t43if4.
[2026-10-07 23:45:23] (0s) Starting to evaluate predicate num#kernelflow::Flow::Flow::Stage2::TSummaryCtxNone#e194b13d/1@620edd63
[2026-10-07 23:45:23] (0s)  >>> Created relation TaintTrackingPublic::localTaintStep/2#e946d427/2@8badbfc6 with 1360 rows and digest 124e38s2g25hd1217paor6hvm5f.
[2026-10-07 23:45:23] Evaluating HOP construct<DataFlowImpl#248dabc3::MakeImpl-Location#d34fd4c8::Location-DataFlowImplSpecific#ea056a88::SwiftDataFlow-::Impl-TaintTr-704f1d67,0> with inputs:
                        1 tuples in kernelflow::Flow::Flow::S6Graph::TPathNodeSinkGrp#dom#ac10bd67/0@dab1424s
[2026-10-07 23:45:23] (0s) No need to promote strings for TaintTrackingPublic::localTaintStep/2#e946d427/2@8badbfc6 as it does not contain computed strings.
[2026-10-07 23:45:23] (0s)  >>> Created relation cached_TaintTrackingPublic::localTaintStep/2#e946d427/2@010a821d with 1360 rows and digest 124e38s2g25hd1217paor6hvm5f.
[2026-10-07 23:45:23] (0s)  >>> Created relation num#kernelflow::Flow::Flow::Stage2::TSummaryCtxNone#e194b13d/1@620edd63 with 1 rows and digest 19f2cevarof1fbaqkctt3t43if4.
[2026-10-07 23:45:23] (0s) Starting to evaluate predicate num#Option::Option<Unit::Unit>::TNone#636388ce/1@671b57ft
[2026-10-07 23:45:23] Evaluating HOP construct<Option#8eb11f23::Option-Unit#54592529::Unit-::TOption-51176e26,0> with inputs:
                        1 tuples in DataFlowImplCommon::Cached::forceCachingInSameStage/0#cc97347d/0@dab1424s
[2026-10-07 23:45:23] (0s)  >>> Created relation num#Option::Option<Unit::Unit>::TNone#636388ce/1@671b57ft with 1 rows and digest 19f2cevarof1fbaqkctt3t43if4.
[2026-10-07 23:45:23] (0s) Starting to evaluate predicate DataFlowImplCommon::NodeEx.asNodeOrImplicitRead/0#dispred#76233eab/2@e7b32aa9
[2026-10-07 23:45:23] (0s)  >>> Created relation DataFlowImplCommon::NodeEx.asNodeOrImplicitRead/0#dispred#76233eab/2@e7b32aa9 with 101734 rows and digest 963984pvumm06t4djm8eijhso5e.
[2026-10-07 23:45:23] (0s) Starting to evaluate predicate m#Raw::Raw::Expr#8a3b61a4#b/1@c7e6c3b5
[2026-10-07 23:45:23] (0s)  >>> Created relation m#Raw::Raw::Expr#8a3b61a4#b/1@c7e6c3b5 with 37 rows and digest 135dd1b3r6j1dk2c88gbn3aegd6.
[2026-10-07 23:45:23] (0s) Starting to evaluate predicate Raw::Raw::Expr#8a3b61a4#b/1@8ce9cfv7
[2026-10-07 23:45:23] (0s)  >>> Created relation Raw::Raw::Expr#8a3b61a4#b/1@8ce9cfv7 with 37 rows and digest 135dd1b3r6j1dk2c88gbn3aegd6.
[2026-10-07 23:45:23] (0s) Starting to evaluate predicate Raw::Raw::ApplyExpr.getFunction/0#dispred#bd9824c5/2@df56fbks
[2026-10-07 23:45:23] (0s)  >>> Created relation Raw::Raw::ApplyExpr.getFunction/0#dispred#bd9824c5/2@df56fbks with 24 rows and digest d1d24cs98m7rb7316nht9lccrab.
[2026-10-07 23:45:23] (0s) Starting to evaluate predicate m#Synth::Synth::convertApplyExprToRaw/1#55467ecc#fb/1@2e6d1atd
[2026-10-07 23:45:23] (0s)  >>> Created relation m#Synth::Synth::convertApplyExprToRaw/1#55467ecc#fb/1@2e6d1atd with 24 rows and digest 759628l789fqefcf5l6fjcpp3qe.
[2026-10-07 23:45:23] (0s) Starting to evaluate predicate Synth::Synth::convertApplyExprToRaw/1#55467ecc#fb/2@08c4983p
[2026-10-07 23:45:23] (0s)  >>> Created relation Synth::Synth::convertApplyExprToRaw/1#55467ecc#fb/2@08c4983p with 24 rows and digest 9c27ec02sc2hqugti0s4u762qk1.
[2026-10-07 23:45:23] (0s)  >>> Created relation Synth::Synth::convertApplyExprToRaw/1#55467ecc#fb_10#join_rhs/2@aa06fdld with 24 rows and digest ac2c5a6rq6slb75po2mi1rncc47.
[2026-10-07 23:45:23] (0s)  >>> Created relation ApplyExpr::Generated::ApplyExpr.getArgument/1#dispred#6fb5e17f/3@e1a0dbio with 6 rows and digest 73d61afadnlrk3bofnvdeso0o08.
[2026-10-07 23:45:23] (0s) Starting to evaluate predicate ApplyExpr::Generated::ApplyExpr.getArgument/1#dispred#6fb5e17f_102#join_rhs/3@963b7dub
[2026-10-07 23:45:23] (0s)  >>> Created relation ApplyExpr::Generated::ApplyExpr.getArgument/1#dispred#6fb5e17f_102#join_rhs/3@963b7dub with 6 rows and digest 4e608e6ps0qg4e4u3msc6u873c4.
[2026-10-07 23:45:23] (0s) Starting to evaluate predicate m#Synth::Synth::convertExprFromRaw/1#05c84b4a#bf/1@402d050d
[2026-10-07 23:45:23] (0s)  >>> Created relation m#Synth::Synth::convertExprFromRaw/1#05c84b4a#bf/1@402d050d with 37 rows and digest 135dd1b3r6j1dk2c88gbn3aegd6.
[2026-10-07 23:45:23] (0s) Starting to evaluate predicate Synth::Synth::convertExprFromRaw/1#05c84b4a#bf/2@f67c2arn
[2026-10-07 23:45:23] (0s)  >>> Created relation Synth::Synth::convertExprFromRaw/1#05c84b4a#bf/2@f67c2arn with 37 rows and digest ab8e6auj7t7jbqsbs1lc8bcern2.
[2026-10-07 23:45:23] (0s) Starting to evaluate predicate Argument::Generated::Argument.getImmediateExpr/0#dispred#bd31ccee/2@601bebrv
[2026-10-07 23:45:23] (0s)  >>> Created relation Argument::Generated::Argument.getImmediateExpr/0#dispred#bd31ccee/2@601bebrv with 6 rows and digest 4992d8huffu8g4g1t24t0tgua49.
[2026-10-07 23:45:23] (0s) Starting to evaluate predicate m#Raw::Raw::Decl#5bb7b5e2#b/1@493dacca
[2026-10-07 23:45:23] (0s)  >>> Created relation m#Raw::Raw::Decl#5bb7b5e2#b/1@493dacca with 18253 rows and digest 2f72b8aks2mfd0ph2g1qvv99a0c.
[2026-10-07 23:45:23] (0s) Starting to evaluate predicate Raw::Raw::Decl#5bb7b5e2#b/1@c3725ade
[2026-10-07 23:45:23] (0s)  >>> Created relation Raw::Raw::Decl#5bb7b5e2#b/1@c3725ade with 12990 rows and digest ea605e6ue85kspta1g3u5coi2k6.
[2026-10-07 23:45:23] (0s) Starting to evaluate predicate Synth::Synth::convertDeclFromRaw/1#11ddb6a3#bf/2@bbe358cr
[2026-10-07 23:45:23] (0s)  >>> Created relation Synth::Synth::convertDeclFromRaw/1#11ddb6a3#bf/2@bbe358cr with 12712 rows and digest 380909gcf89tketehsffuep5u40.
[2026-10-07 23:45:23] (0s)  >>> Created relation value_decls/2@cddcb116 with 57896 rows and digest eeeea6mai4jnllu9ri4qd44shpe.
[2026-10-07 23:45:23] (0s) Starting to evaluate predicate m#Synth::Synth::convertValueDeclToRaw/1#c1e6c53c#fb/1@1ce4b3qn
[2026-10-07 23:45:23] (0s)  >>> Created relation m#Synth::Synth::convertValueDeclToRaw/1#c1e6c53c#fb/1@1ce4b3qn with 63902 rows and digest 961f3e9iu49gm9pmp4at6akb8a8.
[2026-10-07 23:45:23] (0s) Starting to evaluate predicate m#Synth::Synth::convertCallableToRaw/1#52a2f9a1#fb/1@7188d276
[2026-10-07 23:45:23] (0s)  >>> Created relation m#Synth::Synth::convertAbstractStorageDeclToRaw/1#52c961eb#fb/1@6c0addfk with 63902 rows and digest 961f3e9iu49gm9pmp4at6akb8a8.
[2026-10-07 23:45:23] (0s) Starting to evaluate predicate m#Synth::Synth::convertVarDeclToRaw/1#18475740#fb/1@59e0690s
[2026-10-07 23:45:23] (0s)  >>> Created relation m#Synth::Synth::convertCallableToRaw/1#52a2f9a1#fb/1@7188d276 with 15871 rows and digest 55ccddmiq2hserff283tgdk4av8.
[2026-10-07 23:45:23] (0s)  >>> Created relation m#Synth::Synth::convertFunctionToRaw/1#f2c987f6#fb/1@af8b770p with 63902 rows and digest 961f3e9iu49gm9pmp4at6akb8a8.
[2026-10-07 23:45:23] (0s)  >>> Created relation Synth::Synth::convertFunctionToRaw/1#f2c987f6#fb/2@e3beafh2 with 15871 rows and digest 9c6774m1sqe1v8lds1281k9el32.
[2026-10-07 23:45:23] (0s) Starting to evaluate predicate m#Synth::Synth::convertTypeDeclToRaw/1#114006c7#fb/1@60b592oa
[2026-10-07 23:45:23] (0s)  >>> Created relation m#Synth::Synth::convertTypeDeclToRaw/1#114006c7#fb/1@60b592oa with 63902 rows and digest 961f3e9iu49gm9pmp4at6akb8a8.
[2026-10-07 23:45:23] (0s) Starting to evaluate predicate Synth::Synth::convertTypeDeclToRaw/1#114006c7#fb/2@91926bfl
[2026-10-07 23:45:23] (0s)  >>> Created relation Synth::Synth::convertTypeDeclToRaw/1#114006c7#fb/2@91926bfl with 6042 rows and digest 7c9caenamlckn4hv6oq53ddmn68.
[2026-10-07 23:45:23] (0s)  >>> Created relation Synth::Synth::convertTypeDeclToRaw/1#114006c7#fb_10#join_rhs/2@fbb4acmu with 6042 rows and digest cda25fq0pltcqk535tm39pik5f9.
[2026-10-07 23:45:23] (0s)  >>> Created relation m#Synth::Synth::convertVarDeclToRaw/1#18475740#fb/1@59e0690s with 63902 rows and digest 961f3e9iu49gm9pmp4at6akb8a8.
[2026-10-07 23:45:23] (0s) Starting to evaluate predicate Synth::Synth::convertVarDeclToRaw/1#18475740#fb/2@68b6efkm
[2026-10-07 23:45:23] (0s)  >>> Created relation Synth::Synth::convertVarDeclToRaw/1#18475740#fb/2@68b6efkm with 35218 rows and digest e2c7c172m9cpc7i3cqrboprmtld.
[2026-10-07 23:45:23] (0s)  >>> Created relation Synth::Synth::convertVarDeclToRaw/1#18475740#fb_10#join_rhs/2@b69332ao with 35218 rows and digest 1f6364criuspue1lrq88udlr441.
[2026-10-07 23:45:23] (0s) Starting to evaluate predicate Synth::Synth::convertAbstractStorageDeclToRaw/1#52c961eb#fb/2@deeae8tm
[2026-10-07 23:45:23] (0s)  >>> Created relation Synth::Synth::convertAbstractStorageDeclToRaw/1#52c961eb#fb/2@deeae8tm with 35496 rows and digest 757b6a1tiflksnf6fejbvp1fa46.
[2026-10-07 23:45:23] (0s) Starting to evaluate predicate Synth::Synth::convertValueDeclToRaw/1#c1e6c53c#fb/2@2771b7ud
[2026-10-07 23:45:23] (0s)  >>> Created relation Synth::Synth::convertValueDeclToRaw/1#c1e6c53c#fb/2@2771b7ud with 57896 rows and digest 4ecf1asgbqtrdq6i3219hjn6fn8.
[2026-10-07 23:45:23] (0s) Starting to evaluate predicate Synth::Synth::convertValueDeclToRaw/1#c1e6c53c#fb_10#join_rhs/2@e325330i
[2026-10-07 23:45:23] (0s)  >>> Created relation Synth::Synth::convertValueDeclToRaw/1#c1e6c53c#fb_10#join_rhs/2@e325330i with 57896 rows and digest 94b7af11coeaaqp9u575cbh7hn6.
[2026-10-07 23:45:23] (0s) Starting to evaluate predicate Synth::Synth::convertDeclToRaw/1#b63039ab#fb/2@55b90c8i
[2026-10-07 23:45:24] (0s)  >>> Created relation Synth::Synth::convertDeclToRaw/1#b63039ab#fb/2@55b90c8i with 60311 rows and digest 97fb8cqrttc1e52vlegro6j97b5.
[2026-10-07 23:45:24] (0s) Starting to evaluate predicate Synth::Synth::convertDeclToRaw/1#b63039ab#fb_10#join_rhs/2@3673d14h
[2026-10-07 23:45:24] (0s)  >>> Created relation Synth::Synth::convertDeclToRaw/1#b63039ab#fb_10#join_rhs/2@3673d14h with 60311 rows and digest 478d46r8u5jsfg2q0dfnjv5fsc2.
[2026-10-07 23:45:24] (0s) Starting to evaluate predicate Decl::Generated::Decl.getModule/0#dispred#6337565b/2@bb703fhi
[2026-10-07 23:45:24] (0s)  >>> Created relation Decl::Generated::Decl.getModule/0#dispred#6337565b/2@bb703fhi with 60311 rows and digest 6f5969l5q1rpn5ko4p604o4uid9.
[2026-10-07 23:45:24] (0s)  >>> Created relation TypeDecl::Generated::TypeDecl.getName/0#dispred#9d4d687f/2@262ac9pa with 6042 rows and digest 903e3416s14g4olos714kqd7q5d.
[2026-10-07 23:45:24] (0s) Starting to evaluate predicate m#ApplyExpr::ApplyExpr.getStaticTarget/0#dispred#43fd147e#bb#mcpe_result/1@3614c2k1
[2026-10-07 23:45:24] (0s)  >>> Created relation m#ApplyExpr::ApplyExpr.getStaticTarget/0#dispred#43fd147e#bb#mcpe_result/1@3614c2k1 with 9 rows and digest b45170pd7pm1ml2cj85i15thb86.
[2026-10-07 23:45:24] (0s) Starting to evaluate predicate Synth::Synth::convertImplicitConversionExprToRaw/1#4e5e3133#fb/2@6d2325rn
[2026-10-07 23:45:24] (0s)  >>> Created relation Synth::Synth::convertImplicitConversionExprToRaw/1#4e5e3133#fb/2@6d2325rn with 7 rows and digest 5f399dot56t1ertf0r4or9v85hd.
[2026-10-07 23:45:24] (0s)  >>> Created relation Synth::Synth::convertImplicitConversionExprToRaw/1#4e5e3133#fb_10#join_rhs/2@6716520b with 7 rows and digest ea3a0bgnahgfdbclqb3lipv4q8d.
[2026-10-07 23:45:24] (0s) Starting to evaluate predicate Expr::Expr.getResolveStep/0#dispred#318c6ca3/2@28743far
[2026-10-07 23:45:24] (0s)  >>> Created relation Expr::Expr.getResolveStep/0#dispred#318c6ca3/2@28743far with 7 rows and digest f7c10029obur0nm38bt247fnjmd.
[2026-10-07 23:45:24] (0s)  >>> Created relation Expr::Expr.getResolveStep/0#dispred#318c6ca3_0#antijoin_rhs/1@20d433p0 with 7 rows and digest e87d62lnqsu2ol5dk50cir2ua66.
[2026-10-07 23:45:24] (0s) Starting to evaluate predicate _Expr::Expr.getResolveStep/0#dispred#318c6ca3_0#antijoin_rhs_Raw::Raw::ApplyExpr.getFunction/0#dispr__#shared/2@fbb9f8tv
[2026-10-07 23:45:24] (0s)  >>> Created relation _Expr::Expr.getResolveStep/0#dispred#318c6ca3_0#antijoin_rhs_Raw::Raw::ApplyExpr.getFunction/0#dispr__#shared/2@fbb9f8tv with 24 rows and digest 081d0362f9g2tgknnmvgljulp74.
[2026-10-07 23:45:24] (0s) Starting to evaluate predicate m#Raw::Raw::Pattern#6d63e72f#b/1@dd7738fo
[2026-10-07 23:45:24] (0s)  >>> Created relation m#Raw::Raw::Pattern#6d63e72f#b/1@dd7738fo with 0 rows and digest THIS-RELATION-HAS-NO-TUPLES.
[2026-10-07 23:45:24] (0s) Inferred that Raw::Raw::Pattern#6d63e72f#b/1@6bc107u4 is empty, due to m#Raw::Raw::Pattern#6d63e72f#b/1@dd7738fo.
[2026-10-07 23:45:24] (0s) Inferred that Synth::Synth::convertPatternFromRaw/1#aac7661b#bf/2@5bba58ql is empty, due to m#Raw::Raw::Pattern#6d63e72f#b/1@dd7738fo.
[2026-10-07 23:45:24] (0s)  >>> Created relation tuple_type_types/3@369a4cje with 1173 rows and digest ee27edcqmj49pdrrkofcbiq7ls9.
[2026-10-07 23:45:24] (0s)  >>> Created relation any_function_types/2@665e90qg with 31354 rows and digest 4f310432ucp2t0f416befjv77ib.
[2026-10-07 23:45:24] (0s) Starting to evaluate predicate m#Raw::Raw::Type#99a362c7#b/1@d5ce39ar
[2026-10-07 23:45:24] (0s)  >>> Created relation m#Raw::Raw::Type#99a362c7#b/1@d5ce39ar with 38348 rows and digest 71959bfooqhulgpfcpvq11shakd.
[2026-10-07 23:45:24] (0s) Starting to evaluate predicate Synth::Synth::convertTypeFromRaw/1#69bbb1b7#bf/2@d1c6defq
[2026-10-07 23:45:24] (0s) Starting to evaluate predicate Raw::Raw::Type#99a362c7#b/1@7dc68d5g
[2026-10-07 23:45:24] (0s)  >>> Created relation Synth::Synth::convertTypeFromRaw/1#69bbb1b7#bf/2@d1c6defq with 38348 rows and digest a33c0cli906qbjpm947lv2fjale.
[2026-10-07 23:45:24] (0s)  >>> Created relation Raw::Raw::Type#99a362c7#b/1@7dc68d5g with 38348 rows and digest 71959bfooqhulgpfcpvq11shakd.
[2026-10-07 23:45:24] (0s) Starting to evaluate predicate Element::Generated::Element.getResolveStep/0#dispred#f0bb72ef/2@e9a3061d
[2026-10-07 23:45:24] (0s) Starting to evaluate predicate TupleType::Generated::TupleType.getImmediateType/1#dispred#ffb05b40/3@1146fcdi
[2026-10-07 23:45:24] (0s)  >>> Created relation Element::Generated::Element.getResolveStep/0#dispred#f0bb72ef/2@e9a3061d with 27 rows and digest d68628e8kkgr9613533ouccd9m1.
[2026-10-07 23:45:24] (0s)  >>> Created relation Element::Generated::Element.getResolveStep/0#dispred#f0bb72ef_0#antijoin_rhs/1@88fc01r3 with 27 rows and digest 2c673d1dr2tlg89iroli2ordf0e.
[2026-10-07 23:45:24] (0s) Starting to evaluate predicate Synth::Synth::convertAnyFunctionTypeToRaw/1#e6d8e888#fb/2@72dd90n0
[2026-10-07 23:45:24] (0s)  >>> Created relation TupleType::Generated::TupleType.getImmediateType/1#dispred#ffb05b40/3@1146fcdi with 1173 rows and digest 4bb432mupaj6e0tl5dve95fcgf7.
[2026-10-07 23:45:24] (0s) Starting to evaluate predicate ValueDecl::Generated::ValueDecl.getImmediateInterfaceType/0#dispred#573d4e6d/2@e5429455
[2026-10-07 23:45:24] (0s)  >>> Created relation Synth::Synth::convertAnyFunctionTypeToRaw/1#e6d8e888#fb/2@72dd90n0 with 31354 rows and digest 9c282aqtqpd12jmcf73dqalsvc7.
[2026-10-07 23:45:24] (0s) Starting to evaluate predicate Synth::Synth::convertAnyFunctionTypeToRaw/1#e6d8e888#fb_10#join_rhs/2@0014e4m4
[2026-10-07 23:45:24] (0s)  >>> Created relation Synth::Synth::convertAnyFunctionTypeToRaw/1#e6d8e888#fb_10#join_rhs/2@0014e4m4 with 31354 rows and digest de9ba9omf2j9ofd37g364jk6gna.
[2026-10-07 23:45:24] (0s) Starting to evaluate predicate AnyFunctionType::Generated::AnyFunctionType.getImmediateResult/0#dispred#c3141893/2@c67fd61a
[2026-10-07 23:45:24] (0s)  >>> Created relation AnyFunctionType::Generated::AnyFunctionType.getImmediateResult/0#dispred#c3141893/2@c67fd61a with 31354 rows and digest a97c3e30mo9c6s28fhj0cprm896.
[2026-10-07 23:45:24] (0s) Starting to evaluate predicate _AnyFunctionType::Generated::AnyFunctionType.getImmediateResult/0#dispred#c3141893_Element::Generate__#shared/2@c88ec396
[2026-10-07 23:45:24] (0s)  >>> Created relation _AnyFunctionType::Generated::AnyFunctionType.getImmediateResult/0#dispred#c3141893_Element::Generate__#shared/2@c88ec396 with 31354 rows and digest a97c3e30mo9c6s28fhj0cprm896.
[2026-10-07 23:45:24] (0s) Starting to evaluate predicate VarDecl::Generated::VarDecl.getImmediateType/0#dispred#494e1bde/2@7e52701a
[2026-10-07 23:45:24] (0s)  >>> Created relation ValueDecl::Generated::ValueDecl.getImmediateInterfaceType/0#dispred#573d4e6d/2@e5429455 with 57896 rows and digest 2a3562gon1q6ldrujkbv7fntajf.
[2026-10-07 23:45:24] (0s)  >>> Created relation VarDecl::Generated::VarDecl.getImmediateType/0#dispred#494e1bde/2@7e52701a with 35218 rows and digest 1cb598a3ekp90j487k9rd9rle25.
[2026-10-07 23:45:24] (0s) Starting to evaluate predicate m#Element::Generated::Element.resolve/0#6937ae00#bf/1@i1#615b9wsa (iteration 1)
[2026-10-07 23:45:24] (0s) 			 - m#Element::Generated::Element.resolve/0#6937ae00#bf_delta has 38378 rows (order for disjuncts: delta=0).
[2026-10-07 23:45:24] (0s) Starting to evaluate predicate m#Element::Generated::Element.resolve/0#6937ae00#bf/1@i2#615b9wsa (iteration 2)
[2026-10-07 23:45:24] (0s) 			 - m#Element::Generated::Element.resolve/0#6937ae00#bf_delta has 6 rows (order for disjuncts: delta=<standard>).
[2026-10-07 23:45:24] (0s) Starting to evaluate predicate m#Element::Generated::Element.resolve/0#6937ae00#bf/1@i3#615b9wsa (iteration 3)
[2026-10-07 23:45:24] (0s) Empty delta for m#Element::Generated::Element.resolve/0#6937ae00#bf_delta (order for disjuncts: delta=<standard>).
[2026-10-07 23:45:24] (0s) Accumulating deltas
[2026-10-07 23:45:24] (0s)  >>> Created relation m#Element::Generated::Element.resolve/0#6937ae00#bf/1@615b9wsa with 38384 rows and digest 35784bcndoqmh76g0rm3b00b8r5.
[2026-10-07 23:45:24] (0s) Starting to evaluate predicate _Element::Generated::Element.getResolveStep/0#dispred#f0bb72ef_m#Element::Generated::Element.resolve__#join_rhs/2@899b1eej
[2026-10-07 23:45:24] (0s)  >>> Created relation _Element::Generated::Element.getResolveStep/0#dispred#f0bb72ef_m#Element::Generated::Element.resolve__#join_rhs/2@899b1eej with 7 rows and digest 207ca20v0jrq68r7j245rfbpqo8.
[2026-10-07 23:45:24] (0s) Starting to evaluate predicate Element::Generated::Element.resolve/0#6937ae00#bf/2@i1#53111wqt (iteration 1)
[2026-10-07 23:45:24] (0s) 			 - Element::Generated::Element.resolve/0#6937ae00#bf_delta has 38377 rows (order for disjuncts: delta=0).
[2026-10-07 23:45:24] (0s) Starting to evaluate predicate Element::Generated::Element.resolve/0#6937ae00#bf/2@i2#53111wqt (iteration 2)
[2026-10-07 23:45:24] (0s) 			 - Element::Generated::Element.resolve/0#6937ae00#bf_delta has 7 rows (order for disjuncts: delta=<standard>).
[2026-10-07 23:45:24] (0s) Starting to evaluate predicate Element::Generated::Element.resolve/0#6937ae00#bf/2@i3#53111wqt (iteration 3)
[2026-10-07 23:45:24] (0s) Empty delta for Element::Generated::Element.resolve/0#6937ae00#bf_delta (order for disjuncts: delta=<standard>).
[2026-10-07 23:45:24] (0s) Accumulating deltas
[2026-10-07 23:45:24] (0s)  >>> Created relation Element::Generated::Element.resolve/0#6937ae00#bf/2@53111wqt with 38384 rows and digest e5c955ioj2k4c991c1b95ft2275.
[2026-10-07 23:45:24] (0s) Starting to evaluate predicate ApplyExpr::Generated::ApplyExpr.getFunction/0#dispred#12f7b5a0/2@050505vj
[2026-10-07 23:45:24] (0s)  >>> Created relation ApplyExpr::Generated::ApplyExpr.getFunction/0#dispred#12f7b5a0/2@050505vj with 24 rows and digest 461c113d48i5t65nsn3jv2298o1.
[2026-10-07 23:45:24] (0s) Starting to evaluate predicate ApplyExpr::Generated::ApplyExpr.getFunction/0#dispred#12f7b5a0_10#join_rhs/2@63d6f0nv
[2026-10-07 23:45:24] (0s)  >>> Created relation ApplyExpr::Generated::ApplyExpr.getFunction/0#dispred#12f7b5a0_10#join_rhs/2@63d6f0nv with 24 rows and digest 9ac8f97psc8kcr59i415p3lm0ef.
[2026-10-07 23:45:24] (0s) Starting to evaluate predicate ApplyExpr::ApplyExpr_not_BinaryExpr::BinaryExpr_ApplyExprImpl::Impl::FullDotSyntaxBaseIgnoredApplyExpr_MethodApplyExpr::MethodApplyExpr_ApplyExprImpl::Impl::PartialDotSyntaxBaseIgnoredApplyExpr_PrefixUnaryExpr::PrefixUnaryExpr#ce3a3db8#b/1@d5b61fef
[2026-10-07 23:45:24] (0s) Starting to evaluate predicate DeclRefExpr::Generated::DeclRefExpr.getDecl/0#dispred#5e94cea4/2@b874b38j
[2026-10-07 23:45:24] (0s)  >>> Created relation ApplyExpr::ApplyExpr_not_BinaryExpr::BinaryExpr_ApplyExprImpl::Impl::FullDotSyntaxBaseIgnoredApplyExpr_MethodApplyExpr::MethodApplyExpr_ApplyExprImpl::Impl::PartialDotSyntaxBaseIgnoredApplyExpr_PrefixUnaryExpr::PrefixUnaryExpr#ce3a3db8#b/1@d5b61fef with 24 rows and digest 155a51dd1nfi8t6e0otpb7aju12.
[2026-10-07 23:45:24] (0s)  >>> Created relation DeclRefExpr::Generated::DeclRefExpr.getDecl/0#dispred#5e94cea4/2@b874b38j with 46 rows and digest 7eb7f8em7jpc8m28lqg1k2vd6l6.
[2026-10-07 23:45:24] (0s) Starting to evaluate predicate Decl::Generated::Decl.getAMember/0#dispred#8544abdc/2@c75f4efc
[2026-10-07 23:45:24] (0s) Starting to evaluate predicate m#Callable::Generated::Callable#c023e786#b/1@458062pb
[2026-10-07 23:45:24] (0s)  >>> Created relation m#Callable::Generated::Callable#c023e786#b/1@458062pb with 29 rows and digest 62508b55ir3h5pa84jqfhmlhuta.
[2026-10-07 23:45:24] (0s) Starting to evaluate predicate Callable::Generated::Callable#c023e786#b/1@19e5d7po
[2026-10-07 23:45:24] (0s)  >>> Created relation Callable::Generated::Callable#c023e786#b/1@19e5d7po with 6 rows and digest f22e6cai52actkag165cdcmvla0.
[2026-10-07 23:45:24] (0s)  >>> Created relation Decl::Generated::Decl.getAMember/0#dispred#8544abdc/2@c75f4efc with 12684 rows and digest bbe3a92ncustk9kelulp03mdnuf.
[2026-10-07 23:45:24] (0s) Starting to evaluate predicate MethodImpl::Impl::getAMember/1#292c4cf3/2@e35526t3
[2026-10-07 23:45:24] (0s)  >>> Created relation MethodImpl::Impl::getAMember/1#292c4cf3/2@e35526t3 with 17712 rows and digest d06591bif40u91t6gbukboip3g4.
[2026-10-07 23:45:24] (0s) Starting to evaluate predicate m#GenericContextImpl::Impl::GenericContext#655f4e6a#b/1@67b191de
[2026-10-07 23:45:24] (0s)  >>> Created relation m#GenericContextImpl::Impl::GenericContext#655f4e6a#b/1@67b191de with 15876 rows and digest a44a1ccspk5jagdf47frmp513p1.
[2026-10-07 23:45:24] (0s) Starting to evaluate predicate GenericContextImpl::Impl::GenericContext#655f4e6a#b/1@c700e6oo
[2026-10-07 23:45:24] (0s)  >>> Created relation GenericContextImpl::Impl::GenericContext#655f4e6a#b/1@c700e6oo with 15871 rows and digest 6dfd06gbnr2kjmka568rr1btu29.
[2026-10-07 23:45:24] (0s) Starting to evaluate predicate MethodImpl::Impl::Method#1b720671/1@29a9dc1d
[2026-10-07 23:45:24] (0s)  >>> Created relation MethodImpl::Impl::Method#1b720671/1@29a9dc1d with 14185 rows and digest 8744143seunarqof1bamgs2aajc.
[2026-10-07 23:45:24] (0s) Starting to evaluate predicate ApplyExpr::ApplyExpr.getStaticTarget/0#dispred#43fd147e#bb/2@83dee6fh
[2026-10-07 23:45:24] (0s)  >>> Created relation ApplyExpr::ApplyExpr.getStaticTarget/0#dispred#43fd147e#bb/2@83dee6fh with 5 rows and digest 4d6fccfkofsbe4eo6saajvi166d.
[2026-10-07 23:45:24] (0s) Starting to evaluate predicate _Callable::Generated::Callable#c023e786#b_m#ApplyExpr::ApplyExpr.getStaticTarget/0#dispred#43fd147e#__#shared/1@02b0d3v5
[2026-10-07 23:45:24] (0s)  >>> Created relation _Callable::Generated::Callable#c023e786#b_m#ApplyExpr::ApplyExpr.getStaticTarget/0#dispred#43fd147e#__#shared/1@02b0d3v5 with 4 rows and digest 3aee34j6l6oo6b5r2uhocnv9b4e.
[2026-10-07 23:45:24] (0s) Starting to evaluate predicate FreeFunction::FreeFunction#71283f2d#b/1@d3437ag6
[2026-10-07 23:45:24] (0s)  >>> Created relation FreeFunction::FreeFunction#71283f2d#b/1@d3437ag6 with 4 rows and digest 3aee34j6l6oo6b5r2uhocnv9b4e.
[2026-10-07 23:45:24] (0s) Starting to evaluate predicate Synth::Synth::convertCallableToRaw/1#52a2f9a1#fb/2@91ece4rk
[2026-10-07 23:45:24] (0s)  >>> Created relation Synth::Synth::convertCallableToRaw/1#52a2f9a1#fb/2@91ece4rk with 15871 rows and digest 9c6774m1sqe1v8lds1281k9el32.
[2026-10-07 23:45:24] (0s)  >>> Created relation Synth::Synth::convertCallableToRaw/1#52a2f9a1#fb_10#join_rhs/2@dbd7d1p3 with 15871 rows and digest ae7c9di8uor0vfi35ocjui9hcd6.
[2026-10-07 23:45:24] (0s)  >>> Created relation Callable::Generated::Callable.getParam/1#dispred#73056655/3@8c7a5276 with 16190 rows and digest 0f5ab837o7bfakgbatob7jh7ksf.
[2026-10-07 23:45:24] (0s)  >>> Created relation Callable::Generated::Callable.getParam/1#dispred#73056655_0#antijoin_rhs/1@d3e89atj with 10346 rows and digest 89d327cnnvbfd2qdogj260v6v20.
[2026-10-07 23:45:24] (0s)  >>> Created relation Callable::Generated::Callable.getParam/1#dispred#73056655_01#count_range/2@93bd844f with 16190 rows and digest 22dcf3908q1pg5uh2qltmc391q6.
[2026-10-07 23:45:24] (0s)  >>> Created relation _Callable::Generated::Callable.getParam/1#dispred#73056655_01#count_range#join_rhs/2@7d6df9u0 with 10346 rows and digest edd81euho11ghbe9br2h32icmqf.
[2026-10-07 23:45:24] (0s) Starting to evaluate predicate Callable::Generated::Callable.getNumberOfParams/0#dispred#3d83aba3#bf/2@14f323jd
[2026-10-07 23:45:24] (0s)  >>> Created relation Callable::Generated::Callable.getNumberOfParams/0#dispred#3d83aba3#bf/2@14f323jd with 4 rows and digest f8aeaegh2e84h3uuumgna38id82.
[2026-10-07 23:45:24] (0s)  >>> Created relation Callable::Generated::Callable.getName/0#dispred#1a768ff1/2@2ee0ecic with 15871 rows and digest 1790cftgma9a7702cok7qr5luo7.
[2026-10-07 23:45:24] (0s) Starting to evaluate predicate ValueDecl::Generated::ValueDecl.getInterfaceType/0#dispred#c0c21543/2@3647dasu
[2026-10-07 23:45:24] (0s)  >>> Created relation ValueDecl::Generated::ValueDecl.getInterfaceType/0#dispred#c0c21543/2@3647dasu with 57896 rows and digest 2a3562gon1q6ldrujkbv7fntajf.
[2026-10-07 23:45:24] (0s) Starting to evaluate predicate AnyFunctionType::Generated::AnyFunctionType.getResult/0#dispred#de6f6a1f/2@08fa5a0p
[2026-10-07 23:45:24] (0s)  >>> Created relation AnyFunctionType::Generated::AnyFunctionType.getResult/0#dispred#de6f6a1f/2@08fa5a0p with 31354 rows and digest 7ebde4l7pn17i7aacbikvs4qlv2.
[2026-10-07 23:45:24] (0s) Starting to evaluate predicate TupleType::Generated::TupleType.getType/1#dispred#eb23b33f/3@812e80fj
[2026-10-07 23:45:24] (0s)  >>> Created relation TupleType::Generated::TupleType.getType/1#dispred#eb23b33f/3@812e80fj with 1173 rows and digest 4bb432mupaj6e0tl5dve95fcgf7.
[2026-10-07 23:45:24] (0s) Starting to evaluate predicate TupleType::Generated::TupleType.getType/1#dispred#eb23b33f_0#antijoin_rhs/1@aedfe6nd
[2026-10-07 23:45:24] (0s)  >>> Created relation TupleType::Generated::TupleType.getType/1#dispred#eb23b33f_0#antijoin_rhs/1@aedfe6nd with 467 rows and digest 69db04f1mobmhn8vptnci075j32.
[2026-10-07 23:45:24] (0s) Starting to evaluate predicate TupleType::Generated::TupleType.getType/1#dispred#eb23b33f_01#count_range/2@078121r8
[2026-10-07 23:45:24] (0s)  >>> Created relation TupleType::Generated::TupleType.getType/1#dispred#eb23b33f_01#count_range/2@078121r8 with 1173 rows and digest 9a1d04nc7nt6kogqp0bp8jt7d54.
[2026-10-07 23:45:24] (0s) Starting to evaluate predicate _TupleType::Generated::TupleType.getType/1#dispred#eb23b33f_01#count_range#join_rhs/2@72e801ia
[2026-10-07 23:45:24] (0s)  >>> Created relation _TupleType::Generated::TupleType.getType/1#dispred#eb23b33f_01#count_range#join_rhs/2@72e801ia with 467 rows and digest 5c99cc3g13ek6nj0j718iktr3f2.
[2026-10-07 23:45:24] (0s) Starting to evaluate predicate TupleType::Generated::TupleType.getNumberOfTypes/0#dispred#51ab52bd/2@a2e80amk
[2026-10-07 23:45:24] (0s)  >>> Created relation TupleType::Generated::TupleType.getNumberOfTypes/0#dispred#51ab52bd/2@a2e80amk with 468 rows and digest f8d657vatn9n2e1bgfnj5kfv9e9.
[2026-10-07 23:45:24] (0s) Starting to evaluate predicate VarDecl::Generated::VarDecl.getType/0#dispred#e5cf2565/2@c1218121
[2026-10-07 23:45:24] (0s)  >>> Created relation VarDecl::Generated::VarDecl.getType/0#dispred#e5cf2565/2@c1218121 with 35218 rows and digest 1cb598a3ekp90j487k9rd9rle25.
[2026-10-07 23:45:24] (0s) Starting to evaluate predicate m#@generic_type_decl#b/1@142779de
[2026-10-07 23:45:24] (0s)  >>> Created relation m#@generic_type_decl#b/1@142779de with 18819 rows and digest 2ed328iuknus6jc4pcqafgrjql9.
[2026-10-07 23:45:24] (0s) Starting to evaluate predicate @generic_type_decl#b/1@0af6d607
[2026-10-07 23:45:24] (0s)  >>> Created relation @generic_type_decl#b/1@0af6d607 with 1802 rows and digest 402953m04idlu6e0lvikvhsvlh6.
[2026-10-07 23:45:24] (0s) Starting to evaluate predicate Synth::Synth::convertAnyGenericTypeToRaw/1#7f7b1da2#fb/2@1eab48a1
[2026-10-07 23:45:24] (0s)  >>> Created relation Synth::Synth::convertAnyGenericTypeToRaw/1#7f7b1da2#fb/2@1eab48a1 with 1109 rows and digest 74c5526n3jail5gat8r13c2fpac.
[2026-10-07 23:45:24] (0s) Starting to evaluate predicate Synth::Synth::convertAnyGenericTypeToRaw/1#7f7b1da2#fb_10#join_rhs/2@a9e6cd6c
[2026-10-07 23:45:24] (0s)  >>> Created relation Synth::Synth::convertAnyGenericTypeToRaw/1#7f7b1da2#fb_10#join_rhs/2@a9e6cd6c with 1109 rows and digest ec61809qtetfg0p21qv2vpk11na.
[2026-10-07 23:45:24] (0s) Starting to evaluate predicate Synth::Synth::convertGenericTypeDeclFromRaw/1#53f2731d#bf/2@9c6bc9gm
[2026-10-07 23:45:24] (0s)  >>> Created relation Synth::Synth::convertGenericTypeDeclFromRaw/1#53f2731d#bf/2@9c6bc9gm with 893 rows and digest f90b2f3bq6de13e2ugok54hro8d.
[2026-10-07 23:45:24] (0s) Starting to evaluate predicate AnyGenericType::Generated::AnyGenericType.getDeclaration/0#dispred#4c42e1b4/2@4262e2dq
[2026-10-07 23:45:24] (0s)  >>> Created relation AnyGenericType::Generated::AnyGenericType.getDeclaration/0#dispred#4c42e1b4/2@4262e2dq with 1109 rows and digest 9bdbebnocfnnsbva4ajhbabsph0.
[2026-10-07 23:45:24] (0s) Starting to evaluate predicate SwiftEndpoints::benchmarkInt/1#06c2f311/1@0fff9420
[2026-10-07 23:45:24] (0s)  >>> Created relation SwiftEndpoints::benchmarkInt/1#06c2f311/1@0fff9420 with 1 rows and digest e510e4s85uu853v1h53hdk42n40.
[2026-10-07 23:45:24] (0s) Starting to evaluate predicate kernelflow::Config::isSink/1#60151590/1@c2bcf9mv
[2026-10-07 23:45:24] (0s)  >>> Created relation kernelflow::Config::isSink/1#60151590/1@c2bcf9mv with 1 rows and digest 70e0c09dd7bbvf0kpqitj5nk0m8.
[2026-10-07 23:45:24] (0s) Starting to evaluate predicate ApplyExpr::ApplyExpr.getStaticTarget/0#dispred#43fd147e#bb_10#join_rhs/2@0a90e3g5
[2026-10-07 23:45:24] (0s)  >>> Created relation ApplyExpr::ApplyExpr.getStaticTarget/0#dispred#43fd147e#bb_10#join_rhs/2@0a90e3g5 with 5 rows and digest da39b6lor3q0tfmlf8eq17ubvjf.
[2026-10-07 23:45:24] (0s) Starting to evaluate predicate DataFlowImpl::MakeImpl<Location::Location,DataFlowImplSpecific::SwiftDataFlow>::DefaultState<kernelflow::Config>::isSource/2#8bec3a6e#cpe#1/1@504b222t
[2026-10-07 23:45:24] (0s)  >>> Created relation DataFlowImpl::MakeImpl<Location::Location,DataFlowImplSpecific::SwiftDataFlow>::DefaultState<kernelflow::Config>::isSource/2#8bec3a6e#cpe#1/1@504b222t with 1 rows and digest f86997jhum1qkk9pigrobmu7p02.
[2026-10-07 23:45:24] (0s) Starting to evaluate predicate kernelflow::Flow::Stage1::SourceSinkFiltering::isFilteredSource/1#477c3a9f#nonempty/0@e47466uk
[2026-10-07 23:45:24] (0s)  >>> Created relation kernelflow::Flow::Stage1::SourceSinkFiltering::isFilteredSource/1#477c3a9f#nonempty/0@e47466uk with 1 rows and digest ac90f0ei322hhreshlvdl215c38.
[2026-10-07 23:45:24] (0s) Starting to evaluate predicate kernelflow::Flow::Stage1::SourceSinkFiltering::isRelevantSink/1#4047bf14/1@5c7ec3b1
[2026-10-07 23:45:24] (0s)  >>> Created relation kernelflow::Flow::Stage1::SourceSinkFiltering::isRelevantSink/1#4047bf14/1@5c7ec3b1 with 1 rows and digest 70e0c09dd7bbvf0kpqitj5nk0m8.
[2026-10-07 23:45:24] (0s) Starting to evaluate predicate kernelflow::Flow::Stage1::SourceSinkFiltering::isFilteredSink/1#777c4212#nonempty/0@426abdie
[2026-10-07 23:45:24] (0s)  >>> Created relation kernelflow::Flow::Stage1::SourceSinkFiltering::isFilteredSink/1#777c4212#nonempty/0@426abdie with 1 rows and digest ac90f0ei322hhreshlvdl215c38.
[2026-10-07 23:45:24] (0s) Starting to evaluate predicate kernelflow::Flow::Stage1::SourceSinkFiltering::isRelevantSource/2#af0e9935#cpe#1/1@8421deqt
[2026-10-07 23:45:24] (0s)  >>> Created relation kernelflow::Flow::Stage1::SourceSinkFiltering::isRelevantSource/2#af0e9935#cpe#1/1@8421deqt with 1 rows and digest f86997jhum1qkk9pigrobmu7p02.
[2026-10-07 23:45:24] (0s) Starting to evaluate predicate kernelflow::Flow::Stage1::sourceNode/2#50cb896d/2@4064ddvk
[2026-10-07 23:45:24] (0s)  >>> Created relation kernelflow::Flow::Stage1::sourceNode/2#50cb896d/2@4064ddvk with 1 rows and digest 9a2ff880c3lq9grv50s95sprg93.
[2026-10-07 23:45:24] (0s) Starting to evaluate predicate project#kernelflow::Flow::Stage1::sourceNode/2#50cb896d/1@7ec7f7hu
[2026-10-07 23:45:24] (0s)  >>> Created relation project#kernelflow::Flow::Stage1::sourceNode/2#50cb896d/1@7ec7f7hu with 1 rows and digest 19f2cevarof1fbaqkctt3t43if4.
[2026-10-07 23:45:24] (0s) Starting to evaluate predicate DataFlowImplCommon::NodeEx.projectToNode/0#dispred#b6263780/2@4b254a6m
[2026-10-07 23:45:24] (0s) Starting to evaluate predicate DataFlowImplCommon::NodeEx.asNodeOrImplicitRead/0#dispred#76233eab_10#join_rhs/2@cd4dc41c
[2026-10-07 23:45:24] (0s)  >>> Created relation DataFlowImplCommon::NodeEx.projectToNode/0#dispred#b6263780/2@4b254a6m with 101975 rows and digest 21e904ngme5ckutfmsr0h2lokr3.
[2026-10-07 23:45:24] (0s) Starting to evaluate predicate project#DataFlowImplCommon::Cached::parameterNode/3#1221c9ac/1@785ff7gv
[2026-10-07 23:45:24] (0s)  >>> Created relation project#DataFlowImplCommon::Cached::parameterNode/3#1221c9ac/1@785ff7gv with 1106 rows and digest c623292i1gqqigh489lr0fdo8i2.
[2026-10-07 23:45:24] (0s) Starting to evaluate predicate DataFlowImplCommon::ParamNodeEx#76ae9f37/3@cb1582dn
[2026-10-07 23:45:24] (0s)  >>> Created relation DataFlowImplCommon::ParamNodeEx#76ae9f37/3@cb1582dn with 1106 rows and digest 117462hs85ndlouqqjgk7jqj0uc.
[2026-10-07 23:45:24] (0s) Starting to evaluate predicate project#DataFlowImplCommon::ParamNodeEx#76ae9f37/2@fce87ffs
[2026-10-07 23:45:24] (0s)  >>> Created relation project#DataFlowImplCommon::ParamNodeEx#76ae9f37/2@fce87ffs with 1106 rows and digest 048de9v1fh32nh9mth8qrp9kgm3.
[2026-10-07 23:45:24] (0s) Starting to evaluate predicate project#DataFlowImplCommon::ParamNodeEx#76ae9f37_10#join_rhs/2@2ec2a2ev
[2026-10-07 23:45:24] (0s)  >>> Created relation project#DataFlowImplCommon::ParamNodeEx#76ae9f37_10#join_rhs/2@2ec2a2ev with 1106 rows and digest 9913551k64o5edk2juhi3gb70b5.
[2026-10-07 23:45:24] (0s) Starting to evaluate predicate Option::Option<DataFlowImplCommon::ReturnKindExt>::TSome#dom#256cc0e2/1@edbb4fao
[2026-10-07 23:45:24] (0s)  >>> Created relation Option::Option<DataFlowImplCommon::ReturnKindExt>::TSome#dom#256cc0e2/1@edbb4fao with 70 rows and digest 557763qasre9357m9op7uaq1d0a.
[2026-10-07 23:45:24] (0s) Starting to evaluate predicate num#Option::Option<DataFlowImplCommon::ReturnKindExt>::TSome#fdff0be9/2@9a213d61
[2026-10-07 23:45:24] Evaluating HOP construct<Option#8eb11f23::Option-DataFlowImplCommon#f7de413b::MakeImplCommon-Location#d34fd4c8::Location-DataFlowImplSpecific#ea-b6605728,1> with inputs:
                        70 tuples in Option::Option<DataFlowImplCommon::ReturnKindExt>::TSome#dom#256cc0e2/1@edbb4fao
[2026-10-07 23:45:24] (0s)  >>> Created relation DataFlowImplCommon::NodeEx.asNodeOrImplicitRead/0#dispred#76233eab_10#join_rhs/2@cd4dc41c with 101734 rows and digest 25725cakntio9q2egt58vmm4427.
[2026-10-07 23:45:24] (0s) Starting to evaluate predicate num#Option::Option<DataFlowImplCommon::ReturnKindExt>::TNone#d229fb37/1@79c6b5ck
[2026-10-07 23:45:24] Evaluating HOP construct<Option#8eb11f23::Option-DataFlowImplCommon#f7de413b::MakeImplCommon-Location#d34fd4c8::Location-DataFlowImplSpecific#ea-b6605728,0> with inputs:
                        1 tuples in kernelflow::Flow::Flow::S6Graph::TPathNodeSinkGrp#dom#ac10bd67/0@dab1424s
[2026-10-07 23:45:24] (0s)  >>> Created relation num#Option::Option<DataFlowImplCommon::ReturnKindExt>::TSome#fdff0be9/2@9a213d61 with 70 rows and digest 57ecfdri71m4kqm6qcavrahf7lc.
[2026-10-07 23:45:24] (0s) Starting to evaluate predicate DataFlowImplCommon::ReturnKindExtOption.asSome/0#dispred#5f4d1543/2@bc9f23gf
[2026-10-07 23:45:24] (0s)  >>> Created relation DataFlowImplCommon::ReturnKindExtOption.asSome/0#dispred#5f4d1543/2@bc9f23gf with 70 rows and digest 57ecfdri71m4kqm6qcavrahf7lc.
[2026-10-07 23:45:24] (0s)  >>> Created relation DataFlowImplCommon::ReturnKindExtOption.asSome/0#dispred#5f4d1543_10#join_rhs/2@3bc5661f with 70 rows and digest 57ecfdri71m4kqm6qcavrahf7lc.
[2026-10-07 23:45:24] (0s) Starting to evaluate predicate kernelflow::Flow::Stage1::readSetEx/3#05f504ca/3@88a51f6v
[2026-10-07 23:45:24] (0s)  >>> Created relation num#Option::Option<DataFlowImplCommon::ReturnKindExt>::TNone#d229fb37/1@79c6b5ck with 1 rows and digest d21c248bcruk2so9aa9ksqufll7.
[2026-10-07 23:45:24] (0s)  >>> Created relation kernelflow::Flow::Stage1::readSetEx/3#05f504ca/3@88a51f6v with 491 rows and digest 4109a8et84l9vh4db3aao9t2pec.
[2026-10-07 23:45:24] (0s) Starting to evaluate predicate kernelflow::Flow::Stage1::Stage1::getDisallowedReturnKind0/1#4997b69a/2@476604l6
[2026-10-07 23:45:24] (0s) Starting to evaluate predicate project#DataFlowImplCommon::Cached::viableReturnPosOutEx/3#fecc0bfe/2@fd29cak6
[2026-10-07 23:45:24] (0s)  >>> Created relation project#DataFlowImplCommon::Cached::viableReturnPosOutEx/3#fecc0bfe/2@fd29cak6 with 3 rows and digest 86abd8fk8sf86ap77n9rdvf8kb5.
[2026-10-07 23:45:24] (0s) Starting to evaluate predicate project#kernelflow::Flow::Stage1::readSetEx/3#05f504ca/1@6333f27l
[2026-10-07 23:45:24] (0s)  >>> Created relation project#kernelflow::Flow::Stage1::readSetEx/3#05f504ca/1@6333f27l with 2 rows and digest be558a4phv43p1kagdnrklrkpe2.
[2026-10-07 23:45:24] (0s)  >>> Created relation kernelflow::Flow::Stage1::Stage1::getDisallowedReturnKind0/1#4997b69a/2@476604l6 with 1106 rows and digest febdd8ju5d244et79q6l2lbh29a.
[2026-10-07 23:45:24] (0s) Starting to evaluate predicate kernelflow::Flow::Stage1::hasReadStep/1#30ac3a10/1@0fbe555o
[2026-10-07 23:45:24] (0s) Starting to evaluate predicate DataFlowImplCommon::Cached::viableParamArgEx/3#db135854_21#join_rhs/2@82f1fds0
[2026-10-07 23:45:24] (0s)  >>> Created relation kernelflow::Flow::Stage1::hasReadStep/1#30ac3a10/1@0fbe555o with 2 rows and digest be558a4phv43p1kagdnrklrkpe2.
[2026-10-07 23:45:24] (0s)  >>> Created relation DataFlowImplCommon::Cached::viableParamArgEx/3#db135854_21#join_rhs/2@82f1fds0 with 3 rows and digest f67d189siv2gv7oa86eg1b1dv2d.
[2026-10-07 23:45:24] (0s) Starting to evaluate predicate kernelflow::Flow::Stage1::store/5#e0013e93/5@06371fk8
[2026-10-07 23:45:24] (0s) Starting to evaluate predicate kernelflow::Flow::Stage1::additionalJumpStep1/3#1d3f3201/3@efe243jp
[2026-10-07 23:45:24] (0s)  >>> Created relation kernelflow::Flow::Stage1::store/5#e0013e93/5@06371fk8 with 591 rows and digest 9c5002phivf9e3ae4af37ltkjf7.
[2026-10-07 23:45:24] (0s) Starting to evaluate predicate project#kernelflow::Flow::Stage1::store/5#e0013e93/2@4c2d41kh
[2026-10-07 23:45:24] (0s)  >>> Created relation project#kernelflow::Flow::Stage1::store/5#e0013e93/2@4c2d41kh with 591 rows and digest 0767520isvrb6c6l8rs7mkmdasb.
[2026-10-07 23:45:24] (0s) Starting to evaluate predicate project#DataFlowImplCommon::Cached::localFlowStepExImpl/3#d8725d64/2@31e4e7bn
[2026-10-07 23:45:24] (0s)  >>> Created relation project#DataFlowImplCommon::Cached::localFlowStepExImpl/3#d8725d64/2@31e4e7bn with 863 rows and digest a17368ipv3cj17oif1vce46fj8e.
[2026-10-07 23:45:24] (0s)  >>> Created relation kernelflow::Flow::Stage1::additionalJumpStep1/3#1d3f3201/3@efe243jp with 0 rows and digest THIS-RELATION-HAS-NO-TUPLES.
[2026-10-07 23:45:24] (0s) Inferred that project#kernelflow::Flow::Stage1::additionalJumpStep1/3#1d3f3201/2@329a49mk is empty, due to kernelflow::Flow::Stage1::additionalJumpStep1/3#1d3f3201/3@efe243jp.
[2026-10-07 23:45:24] (0s) Inferred that project#kernelflow::Flow::Stage1::additionalJumpStep1/3#1d3f3201#2/1@7b9f67qa is empty, due to kernelflow::Flow::Stage1::additionalJumpStep1/3#1d3f3201/3@efe243jp.
[2026-10-07 23:45:24] (0s) Inferred that project#kernelflow::Flow::Stage1::additionalJumpStep1/3#1d3f3201_10#join_rhs/2@260ab581 is empty, due to project#kernelflow::Flow::Stage1::additionalJumpStep1/3#1d3f3201/2@329a49mk.
[2026-10-07 23:45:24] (0s) Starting to evaluate predicate kernelflow::Flow::Stage1::additionalLocalFlowStep/3#5470a76a/3@df1cae4b
[2026-10-07 23:45:24] (0s) Starting to evaluate predicate DataFlowImplCommon::NodeEx.getEnclosingCallable0/0#368b0963/2@4babadkt
[2026-10-07 23:45:24] (0s)  >>> Created relation kernelflow::Flow::Stage1::additionalLocalFlowStep/3#5470a76a/3@df1cae4b with 1478 rows and digest 6776eb5phtkh2d7i836tc9cnpqc.
[2026-10-07 23:45:24] (0s) Starting to evaluate predicate project#kernelflow::Flow::Stage1::additionalLocalFlowStep/3#5470a76a/2@f230e7sj
[2026-10-07 23:45:24] (0s)  >>> Created relation project#kernelflow::Flow::Stage1::additionalLocalFlowStep/3#5470a76a/2@f230e7sj with 1478 rows and digest fe80d2n8k6fvl2h1gaaaktcp6e2.
[2026-10-07 23:45:24] (0s) Starting to evaluate predicate DataFlowImplCommon::Cached::viableParamArgEx/3#db135854_201#join_rhs/3@39f6015v
[2026-10-07 23:45:24] (0s)  >>> Created relation DataFlowImplCommon::Cached::viableParamArgEx/3#db135854_201#join_rhs/3@39f6015v with 3 rows and digest d96007k3t1af33cjjr03kk958u8.
[2026-10-07 23:45:24] (0s) Starting to evaluate predicate DataFlowImplCommon::Cached::viableReturnPosOutEx/3#fecc0bfe_102#join_rhs/3@9d63c8in
[2026-10-07 23:45:24] (0s)  >>> Created relation DataFlowImplCommon::Cached::viableReturnPosOutEx/3#fecc0bfe_102#join_rhs/3@9d63c8in with 3 rows and digest 882065vdqn9tpm9p0it29kjctj0.
[2026-10-07 23:45:24] (0s)  >>> Created relation DataFlowImplCommon::NodeEx.getEnclosingCallable0/0#368b0963/2@4babadkt with 7491 rows and digest cc78a3qqb01mke8nl55t873ka2e.
[2026-10-07 23:45:24] (0s) Starting to evaluate predicate DataFlowImplCommon::Cached::TReturnPosition0#3c7bc2a3_12#join_rhs/2@4a7a5bu9
[2026-10-07 23:45:24] (0s) Starting to evaluate predicate project#kernelflow::Flow::Stage1::store/5#e0013e93#2/2@924baemd
[2026-10-07 23:45:24] (0s)  >>> Created relation project#kernelflow::Flow::Stage1::store/5#e0013e93#2/2@924baemd with 591 rows and digest 08f61332g51qb8rtsr9ifs9rj95.
[2026-10-07 23:45:24] (0s) Starting to evaluate predicate kernelflow::Flow::Stage1::useFieldFlow/0#ecdb9340/0@24a6ba1q
[2026-10-07 23:45:24] (0s)  >>> Created relation DataFlowImplCommon::Cached::TReturnPosition0#3c7bc2a3_12#join_rhs/2@4a7a5bu9 with 1057 rows and digest 431b607upkcf1kcn1o8939sa3d3.
[2026-10-07 23:45:24] (0s) Starting to evaluate predicate _DataFlowImplCommon::Cached::TReturnPosition0#3c7bc2a3_12#join_rhs_DataFlowImplCommon::ReturnKindExt__#join_rhs/3@5f6297f6
[2026-10-07 23:45:24] (0s)  >>> Created relation _DataFlowImplCommon::Cached::TReturnPosition0#3c7bc2a3_12#join_rhs_DataFlowImplCommon::ReturnKindExt__#join_rhs/3@5f6297f6 with 1057 rows and digest c32dfcfk7r88el4gi32p36vt9fd.
[2026-10-07 23:45:24] (0s)  >>> Created relation kernelflow::Flow::Stage1::useFieldFlow/0#ecdb9340/0@24a6ba1q with 1 rows and digest ac90f0ei322hhreshlvdl215c38.
[2026-10-07 23:45:24] (0s) Starting to evaluate predicate kernelflow::Flow::Stage1::Stage1::fwdFlowConsCand/1#5b001474/1@i1#68b7d4wu (iteration 1)
[2026-10-07 23:45:24] (0s) Empty delta for kernelflow::Flow::Stage1::Stage1::fwdFlowConsCand/1#5b001474_delta (order for disjuncts: delta=0).
[2026-10-07 23:45:24] (0s) Starting to evaluate predicate kernelflow::Flow::Stage1::Stage1::fwdFlowOutFromArg/3#5facc87e/3@i1#68b7d3wu (iteration 1)
[2026-10-07 23:45:24] (0s) Empty delta for kernelflow::Flow::Stage1::Stage1::fwdFlowOutFromArg/3#5facc87e_delta (order for disjuncts: delta=0).
[2026-10-07 23:45:24] (0s) Starting to evaluate predicate kernelflow::Flow::Stage1::Stage1::fwdFlowInReducedViableImplInSomeCallContext/4#8aab87df#reorder_0_3_1_2/4@i1#68b7d2wu (iteration 1)
[2026-10-07 23:45:24] (0s) Empty delta for kernelflow::Flow::Stage1::Stage1::fwdFlowInReducedViableImplInSomeCallContext/4#8aab87df#reorder_0_3_1_2_delta (order for disjuncts: delta=0).
[2026-10-07 23:45:24] (0s) Starting to evaluate predicate kernelflow::Flow::Stage1::Stage1::fwdFlowReturnPosition/2#764680b4/2@i1#68b7d1wu (iteration 1)
[2026-10-07 23:45:24] (0s) Empty delta for kernelflow::Flow::Stage1::Stage1::fwdFlowReturnPosition/2#764680b4_delta (order for disjuncts: delta=0).
[2026-10-07 23:45:24] (0s) Starting to evaluate predicate kernelflow::Flow::Stage1::Stage1::fwdFlow/2#50d1827c/2@i1#68b7d0wu (iteration 1)
[2026-10-07 23:45:24] (0s) 			 - kernelflow::Flow::Stage1::Stage1::fwdFlow/2#50d1827c_delta has 1 rows (order for disjuncts: delta=0).
[2026-10-07 23:45:24] (0s) Starting to evaluate predicate kernelflow::Flow::Stage1::Stage1::fwdFlowConsCandSet/2#c37be9c7/2@i1#68b7dzgu (iteration 1)
[2026-10-07 23:45:24] (0s) Empty delta for kernelflow::Flow::Stage1::Stage1::fwdFlowConsCandSet/2#c37be9c7_delta (order for disjuncts: delta=0).
[2026-10-07 23:45:24] (0s) Starting to evaluate predicate kernelflow::Flow::Stage1::Stage1::viableImplInSomeFwdFlowCallContextExt/1#114a4873/2@i1#68b7dygu (iteration 1)
[2026-10-07 23:45:24] (0s) Empty delta for kernelflow::Flow::Stage1::Stage1::viableImplInSomeFwdFlowCallContextExt/1#114a4873_delta (order for disjuncts: delta=0).
[2026-10-07 23:45:24] (0s) Starting to evaluate predicate kernelflow::Flow::Stage1::Stage1::fwdFlowReadSet/3#86651a93/3@i1#68b7dxgu (iteration 1)
[2026-10-07 23:45:24] (0s) Empty delta for kernelflow::Flow::Stage1::Stage1::fwdFlowReadSet/3#86651a93_delta (order for disjuncts: delta=0).
[2026-10-07 23:45:24] (0s) Starting to evaluate predicate kernelflow::Flow::Stage1::Stage1::fwdFlowIsEntered/3#49718706/3@i1#68b7dwgu (iteration 1)
[2026-10-07 23:45:24] (0s) Empty delta for kernelflow::Flow::Stage1::Stage1::fwdFlowIsEntered/3#49718706_delta (order for disjuncts: delta=0).
[2026-10-07 23:45:24] (0s) Starting to evaluate predicate kernelflow::Flow::Stage1::Stage1::fwdFlowConsCand/1#5b001474/1@i2#68b7d4wu (iteration 2)
[2026-10-07 23:45:24] (0s) Empty delta for kernelflow::Flow::Stage1::Stage1::fwdFlowConsCand/1#5b001474_delta (order for disjuncts: delta=<standard>).
[2026-10-07 23:45:24] (0s) Starting to evaluate predicate kernelflow::Flow::Stage1::Stage1::fwdFlowInReducedViableImplInSomeCallContext/4#8aab87df#reorder_0_3_1_2/4@i2#68b7d2wu (iteration 2)
[2026-10-07 23:45:24] (0s) Empty delta for kernelflow::Flow::Stage1::Stage1::fwdFlowInReducedViableImplInSomeCallContext/4#8aab87df#reorder_0_3_1_2_delta (order for disjuncts: delta=<standard>).
[2026-10-07 23:45:24] (0s) Starting to evaluate predicate kernelflow::Flow::Stage1::Stage1::fwdFlowReturnPosition/2#764680b4/2@i2#68b7d1wu (iteration 2)
[2026-10-07 23:45:24] (0s) Empty delta for kernelflow::Flow::Stage1::Stage1::fwdFlowReturnPosition/2#764680b4_delta (order for disjuncts: delta=<standard>).
[2026-10-07 23:45:24] (0s) Starting to evaluate predicate kernelflow::Flow::Stage1::Stage1::fwdFlow/2#50d1827c/2@i2#68b7d0wu (iteration 2)
[2026-10-07 23:45:24] (0s) 			 - kernelflow::Flow::Stage1::Stage1::fwdFlow/2#50d1827c_delta has 1 rows (order for disjuncts: delta=<standard>).
[2026-10-07 23:45:24] (0s) Starting to evaluate predicate kernelflow::Flow::Stage1::Stage1::fwdFlowReadSet/3#86651a93/3@i2#68b7dxgu (iteration 2)
[2026-10-07 23:45:24] (0s) Empty delta for kernelflow::Flow::Stage1::Stage1::fwdFlowReadSet/3#86651a93_delta (order for disjuncts: delta=<standard>).
[2026-10-07 23:45:24] (0s) Starting to evaluate predicate kernelflow::Flow::Stage1::Stage1::fwdFlowIsEntered/3#49718706/3@i2#68b7dwgu (iteration 2)
[2026-10-07 23:45:24] (0s) 			 - kernelflow::Flow::Stage1::Stage1::fwdFlowIsEntered/3#49718706_delta has 1 rows (order for disjuncts: delta=<standard>).
[2026-10-07 23:45:24] (0s) Starting to evaluate predicate kernelflow::Flow::Stage1::Stage1::fwdFlowConsCand/1#5b001474/1@i3#68b7d4wu (iteration 3)
[2026-10-07 23:45:24] (0s) Empty delta for kernelflow::Flow::Stage1::Stage1::fwdFlowConsCand/1#5b001474_delta (order for disjuncts: delta=<standard>).
[2026-10-07 23:45:24] (0s) Starting to evaluate predicate kernelflow::Flow::Stage1::Stage1::fwdFlowInReducedViableImplInSomeCallContext/4#8aab87df#reorder_0_3_1_2/4@i3#68b7d2wu (iteration 3)
[2026-10-07 23:45:24] (0s) Empty delta for kernelflow::Flow::Stage1::Stage1::fwdFlowInReducedViableImplInSomeCallContext/4#8aab87df#reorder_0_3_1_2_delta (order for disjuncts: delta=<standard>).
[2026-10-07 23:45:24] (0s) Starting to evaluate predicate kernelflow::Flow::Stage1::Stage1::fwdFlowReturnPosition/2#764680b4/2@i3#68b7d1wu (iteration 3)
[2026-10-07 23:45:24] (0s) Empty delta for kernelflow::Flow::Stage1::Stage1::fwdFlowReturnPosition/2#764680b4_delta (order for disjuncts: delta=<standard>).
[2026-10-07 23:45:24] (0s) Starting to evaluate predicate kernelflow::Flow::Stage1::Stage1::fwdFlow/2#50d1827c/2@i3#68b7d0wu (iteration 3)
[2026-10-07 23:45:24] (0s) 			 - kernelflow::Flow::Stage1::Stage1::fwdFlow/2#50d1827c_delta has 1 rows (order for disjuncts: delta=<standard>).
[2026-10-07 23:45:24] (0s) Starting to evaluate predicate kernelflow::Flow::Stage1::Stage1::viableImplInSomeFwdFlowCallContextExt/1#114a4873/2@i3#68b7dygu (iteration 3)
[2026-10-07 23:45:24] (0s) Empty delta for kernelflow::Flow::Stage1::Stage1::viableImplInSomeFwdFlowCallContextExt/1#114a4873_delta (order for disjuncts: delta=<standard>).
[2026-10-07 23:45:24] (0s) Starting to evaluate predicate kernelflow::Flow::Stage1::Stage1::fwdFlowReadSet/3#86651a93/3@i3#68b7dxgu (iteration 3)
[2026-10-07 23:45:24] (0s) Empty delta for kernelflow::Flow::Stage1::Stage1::fwdFlowReadSet/3#86651a93_delta (order for disjuncts: delta=<standard>).
[2026-10-07 23:45:24] (0s) Starting to evaluate predicate kernelflow::Flow::Stage1::Stage1::fwdFlowIsEntered/3#49718706/3@i3#68b7dwgu (iteration 3)
[2026-10-07 23:45:24] (0s) Empty delta for kernelflow::Flow::Stage1::Stage1::fwdFlowIsEntered/3#49718706_delta (order for disjuncts: delta=<standard>).
[2026-10-07 23:45:24] (0s) Starting to evaluate predicate kernelflow::Flow::Stage1::Stage1::fwdFlowConsCand/1#5b001474/1@i4#68b7d4wu (iteration 4)
[2026-10-07 23:45:24] (0s) Empty delta for kernelflow::Flow::Stage1::Stage1::fwdFlowConsCand/1#5b001474_delta (order for disjuncts: delta=<standard>).
[2026-10-07 23:45:24] (0s) Starting to evaluate predicate kernelflow::Flow::Stage1::Stage1::fwdFlowInReducedViableImplInSomeCallContext/4#8aab87df#reorder_0_3_1_2/4@i4#68b7d2wu (iteration 4)
[2026-10-07 23:45:24] (0s) Empty delta for kernelflow::Flow::Stage1::Stage1::fwdFlowInReducedViableImplInSomeCallContext/4#8aab87df#reorder_0_3_1_2_delta (order for disjuncts: delta=<standard>).
[2026-10-07 23:45:24] (0s) Starting to evaluate predicate kernelflow::Flow::Stage1::Stage1::fwdFlowReturnPosition/2#764680b4/2@i4#68b7d1wu (iteration 4)
[2026-10-07 23:45:24] (0s) Empty delta for kernelflow::Flow::Stage1::Stage1::fwdFlowReturnPosition/2#764680b4_delta (order for disjuncts: delta=<standard>).
[2026-10-07 23:45:24] (0s) Starting to evaluate predicate kernelflow::Flow::Stage1::Stage1::fwdFlow/2#50d1827c/2@i4#68b7d0wu (iteration 4)
[2026-10-07 23:45:24] (0s) 			 - kernelflow::Flow::Stage1::Stage1::fwdFlow/2#50d1827c_delta has 1 rows (order for disjuncts: delta=<standard>).
[2026-10-07 23:45:24] (0s) Starting to evaluate predicate kernelflow::Flow::Stage1::Stage1::fwdFlowReadSet/3#86651a93/3@i4#68b7dxgu (iteration 4)
[2026-10-07 23:45:24] (0s) Empty delta for kernelflow::Flow::Stage1::Stage1::fwdFlowReadSet/3#86651a93_delta (order for disjuncts: delta=<standard>).
[2026-10-07 23:45:24] (0s) Starting to evaluate predicate kernelflow::Flow::Stage1::Stage1::fwdFlowIsEntered/3#49718706/3@i4#68b7dwgu (iteration 4)
[2026-10-07 23:45:24] (0s) Empty delta for kernelflow::Flow::Stage1::Stage1::fwdFlowIsEntered/3#49718706_delta (order for disjuncts: delta=<standard>).
[2026-10-07 23:45:24] (0s) Starting to evaluate predicate kernelflow::Flow::Stage1::Stage1::fwdFlowConsCand/1#5b001474/1@i5#68b7d4wu (iteration 5)
[2026-10-07 23:45:24] (0s) Empty delta for kernelflow::Flow::Stage1::Stage1::fwdFlowConsCand/1#5b001474_delta (order for disjuncts: delta=<standard>).
[2026-10-07 23:45:24] (0s) Starting to evaluate predicate kernelflow::Flow::Stage1::Stage1::fwdFlowInReducedViableImplInSomeCallContext/4#8aab87df#reorder_0_3_1_2/4@i5#68b7d2wu (iteration 5)
[2026-10-07 23:45:24] (0s) Empty delta for kernelflow::Flow::Stage1::Stage1::fwdFlowInReducedViableImplInSomeCallContext/4#8aab87df#reorder_0_3_1_2_delta (order for disjuncts: delta=<standard>).
[2026-10-07 23:45:24] (0s) Starting to evaluate predicate kernelflow::Flow::Stage1::Stage1::fwdFlowReturnPosition/2#764680b4/2@i5#68b7d1wu (iteration 5)
[2026-10-07 23:45:24] (0s) 			 - kernelflow::Flow::Stage1::Stage1::fwdFlowReturnPosition/2#764680b4_delta has 1 rows (order for disjuncts: delta=<standard>).
[2026-10-07 23:45:24] (0s) Starting to evaluate predicate kernelflow::Flow::Stage1::Stage1::fwdFlow/2#50d1827c/2@i5#68b7d0wu (iteration 5)
[2026-10-07 23:45:24] (0s) Empty delta for kernelflow::Flow::Stage1::Stage1::fwdFlow/2#50d1827c_delta (order for disjuncts: delta=<standard>).
[2026-10-07 23:45:24] (0s) Starting to evaluate predicate kernelflow::Flow::Stage1::Stage1::fwdFlowReadSet/3#86651a93/3@i5#68b7dxgu (iteration 5)
[2026-10-07 23:45:24] (0s) Empty delta for kernelflow::Flow::Stage1::Stage1::fwdFlowReadSet/3#86651a93_delta (order for disjuncts: delta=<standard>).
[2026-10-07 23:45:24] (0s) Starting to evaluate predicate kernelflow::Flow::Stage1::Stage1::fwdFlowIsEntered/3#49718706/3@i5#68b7dwgu (iteration 5)
[2026-10-07 23:45:24] (0s) Empty delta for kernelflow::Flow::Stage1::Stage1::fwdFlowIsEntered/3#49718706_delta (order for disjuncts: delta=<standard>).
[2026-10-07 23:45:24] (0s) Starting to evaluate predicate kernelflow::Flow::Stage1::Stage1::fwdFlowOutFromArg/3#5facc87e/3@i6#68b7d3wu (iteration 6)
[2026-10-07 23:45:24] (0s) 			 - kernelflow::Flow::Stage1::Stage1::fwdFlowOutFromArg/3#5facc87e_delta has 2 rows (order for disjuncts: delta=<standard>).
[2026-10-07 23:45:24] (0s) Starting to evaluate predicate kernelflow::Flow::Stage1::Stage1::fwdFlow/2#50d1827c/2@i6#68b7d0wu (iteration 6)
[2026-10-07 23:45:24] (0s) Empty delta for kernelflow::Flow::Stage1::Stage1::fwdFlow/2#50d1827c_delta (order for disjuncts: delta=<standard>).
[2026-10-07 23:45:24] (0s) Starting to evaluate predicate kernelflow::Flow::Stage1::Stage1::fwdFlow/2#50d1827c/2@i7#68b7d0wu (iteration 7)
[2026-10-07 23:45:24] (0s) 			 - kernelflow::Flow::Stage1::Stage1::fwdFlow/2#50d1827c_delta has 1 rows (order for disjuncts: delta=<standard>).
[2026-10-07 23:45:24] (0s) Starting to evaluate predicate kernelflow::Flow::Stage1::Stage1::fwdFlowConsCand/1#5b001474/1@i8#68b7d4wu (iteration 8)
[2026-10-07 23:45:24] (0s) Empty delta for kernelflow::Flow::Stage1::Stage1::fwdFlowConsCand/1#5b001474_delta (order for disjuncts: delta=<standard>).
[2026-10-07 23:45:24] (0s) Starting to evaluate predicate kernelflow::Flow::Stage1::Stage1::fwdFlowInReducedViableImplInSomeCallContext/4#8aab87df#reorder_0_3_1_2/4@i8#68b7d2wu (iteration 8)
[2026-10-07 23:45:24] (0s) Empty delta for kernelflow::Flow::Stage1::Stage1::fwdFlowInReducedViableImplInSomeCallContext/4#8aab87df#reorder_0_3_1_2_delta (order for disjuncts: delta=<standard>).
[2026-10-07 23:45:24] (0s) Starting to evaluate predicate kernelflow::Flow::Stage1::Stage1::fwdFlowReturnPosition/2#764680b4/2@i8#68b7d1wu (iteration 8)
[2026-10-07 23:45:24] (0s) Empty delta for kernelflow::Flow::Stage1::Stage1::fwdFlowReturnPosition/2#764680b4_delta (order for disjuncts: delta=<standard>).
[2026-10-07 23:45:24] (0s) Starting to evaluate predicate kernelflow::Flow::Stage1::Stage1::fwdFlow/2#50d1827c/2@i8#68b7d0wu (iteration 8)
[2026-10-07 23:45:24] (0s) 			 - kernelflow::Flow::Stage1::Stage1::fwdFlow/2#50d1827c_delta has 1 rows (order for disjuncts: delta=<standard>).
[2026-10-07 23:45:24] (0s) Starting to evaluate predicate kernelflow::Flow::Stage1::Stage1::fwdFlowReadSet/3#86651a93/3@i8#68b7dxgu (iteration 8)
[2026-10-07 23:45:24] (0s) Empty delta for kernelflow::Flow::Stage1::Stage1::fwdFlowReadSet/3#86651a93_delta (order for disjuncts: delta=<standard>).
[2026-10-07 23:45:24] (0s) Starting to evaluate predicate kernelflow::Flow::Stage1::Stage1::fwdFlowIsEntered/3#49718706/3@i8#68b7dwgu (iteration 8)
[2026-10-07 23:45:24] (0s) Empty delta for kernelflow::Flow::Stage1::Stage1::fwdFlowIsEntered/3#49718706_delta (order for disjuncts: delta=<standard>).
[2026-10-07 23:45:24] (0s) Starting to evaluate predicate kernelflow::Flow::Stage1::Stage1::fwdFlowConsCand/1#5b001474/1@i9#68b7d4wu (iteration 9)
[2026-10-07 23:45:24] (0s) Empty delta for kernelflow::Flow::Stage1::Stage1::fwdFlowConsCand/1#5b001474_delta (order for disjuncts: delta=<standard>).
[2026-10-07 23:45:24] (0s) Starting to evaluate predicate kernelflow::Flow::Stage1::Stage1::fwdFlowInReducedViableImplInSomeCallContext/4#8aab87df#reorder_0_3_1_2/4@i9#68b7d2wu (iteration 9)
[2026-10-07 23:45:24] (0s) Empty delta for kernelflow::Flow::Stage1::Stage1::fwdFlowInReducedViableImplInSomeCallContext/4#8aab87df#reorder_0_3_1_2_delta (order for disjuncts: delta=<standard>).
[2026-10-07 23:45:24] (0s) Starting to evaluate predicate kernelflow::Flow::Stage1::Stage1::fwdFlowReturnPosition/2#764680b4/2@i9#68b7d1wu (iteration 9)
[2026-10-07 23:45:24] (0s) Empty delta for kernelflow::Flow::Stage1::Stage1::fwdFlowReturnPosition/2#764680b4_delta (order for disjuncts: delta=<standard>).
[2026-10-07 23:45:24] (0s) Starting to evaluate predicate kernelflow::Flow::Stage1::Stage1::fwdFlow/2#50d1827c/2@i9#68b7d0wu (iteration 9)
[2026-10-07 23:45:24] (0s) 			 - kernelflow::Flow::Stage1::Stage1::fwdFlow/2#50d1827c_delta has 1 rows (order for disjuncts: delta=<standard>).
[2026-10-07 23:45:24] (0s) Starting to evaluate predicate kernelflow::Flow::Stage1::Stage1::fwdFlowReadSet/3#86651a93/3@i9#68b7dxgu (iteration 9)
[2026-10-07 23:45:24] (0s) Empty delta for kernelflow::Flow::Stage1::Stage1::fwdFlowReadSet/3#86651a93_delta (order for disjuncts: delta=<standard>).
[2026-10-07 23:45:24] (0s) Starting to evaluate predicate kernelflow::Flow::Stage1::Stage1::fwdFlowIsEntered/3#49718706/3@i9#68b7dwgu (iteration 9)
[2026-10-07 23:45:24] (0s) Empty delta for kernelflow::Flow::Stage1::Stage1::fwdFlowIsEntered/3#49718706_delta (order for disjuncts: delta=<standard>).
[2026-10-07 23:45:24] (0s) Starting to evaluate predicate kernelflow::Flow::Stage1::Stage1::fwdFlowConsCand/1#5b001474/1@i10#68b7d4wu (iteration 10)
[2026-10-07 23:45:24] (0s) Empty delta for kernelflow::Flow::Stage1::Stage1::fwdFlowConsCand/1#5b001474_delta (order for disjuncts: delta=<standard>).
[2026-10-07 23:45:24] (0s) Starting to evaluate predicate kernelflow::Flow::Stage1::Stage1::fwdFlowInReducedViableImplInSomeCallContext/4#8aab87df#reorder_0_3_1_2/4@i10#68b7d2wu (iteration 10)
[2026-10-07 23:45:24] (0s) Empty delta for kernelflow::Flow::Stage1::Stage1::fwdFlowInReducedViableImplInSomeCallContext/4#8aab87df#reorder_0_3_1_2_delta (order for disjuncts: delta=<standard>).
[2026-10-07 23:45:24] (0s) Starting to evaluate predicate kernelflow::Flow::Stage1::Stage1::fwdFlowReturnPosition/2#764680b4/2@i10#68b7d1wu (iteration 10)
[2026-10-07 23:45:24] (0s) Empty delta for kernelflow::Flow::Stage1::Stage1::fwdFlowReturnPosition/2#764680b4_delta (order for disjuncts: delta=<standard>).
[2026-10-07 23:45:24] (0s) Starting to evaluate predicate kernelflow::Flow::Stage1::Stage1::fwdFlow/2#50d1827c/2@i10#68b7d0wu (iteration 10)
[2026-10-07 23:45:24] (0s) 			 - kernelflow::Flow::Stage1::Stage1::fwdFlow/2#50d1827c_delta has 1 rows (order for disjuncts: delta=<standard>).
[2026-10-07 23:45:24] (0s) Starting to evaluate predicate kernelflow::Flow::Stage1::Stage1::fwdFlowReadSet/3#86651a93/3@i10#68b7dxgu (iteration 10)
[2026-10-07 23:45:24] (0s) Empty delta for kernelflow::Flow::Stage1::Stage1::fwdFlowReadSet/3#86651a93_delta (order for disjuncts: delta=<standard>).
[2026-10-07 23:45:24] (0s) Starting to evaluate predicate kernelflow::Flow::Stage1::Stage1::fwdFlowIsEntered/3#49718706/3@i10#68b7dwgu (iteration 10)
[2026-10-07 23:45:24] (0s) Empty delta for kernelflow::Flow::Stage1::Stage1::fwdFlowIsEntered/3#49718706_delta (order for disjuncts: delta=<standard>).
[2026-10-07 23:45:24] (0s) Starting to evaluate predicate kernelflow::Flow::Stage1::Stage1::fwdFlowConsCand/1#5b001474/1@i11#68b7d4wu (iteration 11)
[2026-10-07 23:45:24] (0s) Empty delta for kernelflow::Flow::Stage1::Stage1::fwdFlowConsCand/1#5b001474_delta (order for disjuncts: delta=<standard>).
[2026-10-07 23:45:24] (0s) Starting to evaluate predicate kernelflow::Flow::Stage1::Stage1::fwdFlowInReducedViableImplInSomeCallContext/4#8aab87df#reorder_0_3_1_2/4@i11#68b7d2wu (iteration 11)
[2026-10-07 23:45:24] (0s) Empty delta for kernelflow::Flow::Stage1::Stage1::fwdFlowInReducedViableImplInSomeCallContext/4#8aab87df#reorder_0_3_1_2_delta (order for disjuncts: delta=<standard>).
[2026-10-07 23:45:24] (0s) Starting to evaluate predicate kernelflow::Flow::Stage1::Stage1::fwdFlowReturnPosition/2#764680b4/2@i11#68b7d1wu (iteration 11)
[2026-10-07 23:45:24] (0s) Empty delta for kernelflow::Flow::Stage1::Stage1::fwdFlowReturnPosition/2#764680b4_delta (order for disjuncts: delta=<standard>).
[2026-10-07 23:45:24] (0s) Starting to evaluate predicate kernelflow::Flow::Stage1::Stage1::fwdFlow/2#50d1827c/2@i11#68b7d0wu (iteration 11)
[2026-10-07 23:45:24] (0s) Empty delta for kernelflow::Flow::Stage1::Stage1::fwdFlow/2#50d1827c_delta (order for disjuncts: delta=<standard>).
[2026-10-07 23:45:24] (0s) Starting to evaluate predicate kernelflow::Flow::Stage1::Stage1::fwdFlowReadSet/3#86651a93/3@i11#68b7dxgu (iteration 11)
[2026-10-07 23:45:24] (0s) Empty delta for kernelflow::Flow::Stage1::Stage1::fwdFlowReadSet/3#86651a93_delta (order for disjuncts: delta=<standard>).
[2026-10-07 23:45:24] (0s) Starting to evaluate predicate kernelflow::Flow::Stage1::Stage1::fwdFlowIsEntered/3#49718706/3@i11#68b7dwgu (iteration 11)
[2026-10-07 23:45:24] (0s) Empty delta for kernelflow::Flow::Stage1::Stage1::fwdFlowIsEntered/3#49718706_delta (order for disjuncts: delta=<standard>).
[2026-10-07 23:45:24] (0s) Accumulating deltas
[2026-10-07 23:45:24] (0s)  >>> Created relation kernelflow::Flow::Stage1::Stage1::fwdFlowIsEntered/3#49718706/3@68b7dwgu with 1 rows and digest 96bb56u8d4rq44ene6rl709srdc.
[2026-10-07 23:45:24] (0s)  >>> Created relation kernelflow::Flow::Stage1::Stage1::fwdFlowReadSet/3#86651a93/3@68b7dxgu with 0 rows and digest THIS-RELATION-HAS-NO-TUPLES.
[2026-10-07 23:45:24] (0s)  >>> Discarded freshly computed kernelflow::Flow::Stage1::Stage1::viableImplInSomeFwdFlowCallContextExt/1#114a4873/2@68b7dygu, preempted by a cache hit with digest THIS-RELATION-HAS-NO-TUPLES
[2026-10-07 23:45:24] (0s)  >>> Created relation kernelflow::Flow::Stage1::Stage1::fwdFlowConsCandSet/2#c37be9c7/2@68b7dzgu with 0 rows and digest THIS-RELATION-HAS-NO-TUPLES.
[2026-10-07 23:45:24] (0s)  >>> Created relation kernelflow::Flow::Stage1::Stage1::fwdFlow/2#50d1827c/2@68b7d0wu with 8 rows and digest 0a9ee5m07mdot6lb2v3nl2ltded.
[2026-10-07 23:45:24] (0s)  >>> Created relation kernelflow::Flow::Stage1::Stage1::fwdFlowReturnPosition/2#764680b4/2@68b7d1wu with 1 rows and digest a0ad4616n1nihaf70a79bs59mkf.
[2026-10-07 23:45:24] (0s)  >>> Discarded freshly computed kernelflow::Flow::Stage1::Stage1::fwdFlowInReducedViableImplInSomeCallContext/4#8aab87df#reorder_0_3_1_2/4@68b7d2wu, preempted by a cache hit with digest THIS-RELATION-HAS-NO-TUPLES
[2026-10-07 23:45:24] (0s)  >>> Created relation kernelflow::Flow::Stage1::Stage1::fwdFlowOutFromArg/3#5facc87e/3@68b7d3wu with 2 rows and digest 2aaf7ejl2a7ho0fmjkd3apsv9ef.
[2026-10-07 23:45:24] (0s)  >>> Created relation kernelflow::Flow::Stage1::Stage1::fwdFlowConsCand/1#5b001474/1@68b7d4wu with 0 rows and digest THIS-RELATION-HAS-NO-TUPLES.
[2026-10-07 23:45:24] (0s) Inferred that kernelflow::Flow::Stage1::Stage1::revFlowConsCand/1#eb471a14/1@a74a60w6 is empty, due to kernelflow::Flow::Stage1::Stage1::fwdFlowConsCandSet/2#c37be9c7/2@68b7dzgu.
[2026-10-07 23:45:24] (0s) Inferred that kernelflow::Flow::Stage1::Stage1::revFlowStore/3#4879b379/3@a74a6wn6 is empty, due to kernelflow::Flow::Stage1::Stage1::fwdFlowConsCand/1#5b001474/1@68b7d4wu.
[2026-10-07 23:45:24] (0s) Inferred that kernelflow::Flow::Stage1::Stage1::revFlowIsReadAndStored/1#fc2fc0e7/1@6ed09f60 is empty, due to kernelflow::Flow::Stage1::Stage1::revFlowConsCand/1#eb471a14/1@a74a60w6.
[2026-10-07 23:45:24] (0s) Inferred that project#kernelflow::Flow::Stage1::Stage1::revFlowStore/3#4879b379/1@ad7c69i6 is empty, due to kernelflow::Flow::Stage1::Stage1::revFlowStore/3#4879b379/3@a74a6wn6.
[2026-10-07 23:45:24] (0s) Inferred that kernelflow::Flow::Stage1::Stage1::readStepCand/3#a41aa38e/3@83eee435 is empty, due to kernelflow::Flow::Stage1::Stage1::revFlowIsReadAndStored/1#fc2fc0e7/1@6ed09f60.
[2026-10-07 23:45:24] (0s) Inferred that kernelflow::Flow::Stage1::Stage1::storeStepCand/5#4d005cb8/5@b56093np is empty, due to kernelflow::Flow::Stage1::Stage1::revFlowIsReadAndStored/1#fc2fc0e7/1@6ed09f60.
[2026-10-07 23:45:24] (0s) Inferred that kernelflow::Flow::Flow::Stage2::readStepCand/4#5e082b42/4@af28f22u is empty, due to kernelflow::Flow::Stage1::Stage1::readStepCand/3#a41aa38e/3@83eee435.
[2026-10-07 23:45:24] (0s) Inferred that project#kernelflow::Flow::Stage1::Stage1::storeStepCand/5#4d005cb8/1@6ab0cb3h is empty, due to kernelflow::Flow::Stage1::Stage1::storeStepCand/5#4d005cb8/5@b56093np.
[2026-10-07 23:45:24] (0s) Inferred that kernelflow::Flow::Flow::Stage2::fwdFlowRead/11#627240e1/11@165209wc is empty, due to kernelflow::Flow::Stage1::Stage1::storeStepCand/5#4d005cb8/5@b56093np.
[2026-10-07 23:45:24] (0s) Inferred that kernelflow::Flow::Flow::Stage2::fwdFlowStore/10#ec2d74c2#reorder_2_0_1_3_4_5_6_7_8_9/10@16520bwc is empty, due to kernelflow::Flow::Stage1::Stage1::storeStepCand/5#4d005cb8/5@b56093np.
[2026-10-07 23:45:24] (0s) Inferred that kernelflow::Flow::Flow::Stage2::fwdFlowConsCand/5#c1663d55#reorder_1_2_0_3_4/5@16520lwc is empty, due to kernelflow::Flow::Stage1::Stage1::storeStepCand/5#4d005cb8/5@b56093np.
[2026-10-07 23:45:24] (0s) Inferred that kernelflow::Flow::Flow::Stage2::fwdFlowConsCand/5#c1663d55#reorder_4_0_1_2_3/5@16520mwc is empty, due to kernelflow::Flow::Stage1::Stage1::storeStepCand/5#4d005cb8/5@b56093np.
[2026-10-07 23:45:24] (0s) Inferred that kernelflow::Flow::Flow::Stage2::fwdFlowRead0/8#4e69f478#reorder_1_3_0_2_4_5_6_7/8@16520dwc is empty, due to kernelflow::Flow::Flow::Stage2::readStepCand/4#5e082b42/4@af28f22u.
[2026-10-07 23:45:24] (0s) Inferred that kernelflow::Flow::Flow::Stage2::topTypeContent/1#83b4569d/1@435163iu is empty, due to project#kernelflow::Flow::Stage1::Stage1::storeStepCand/5#4d005cb8/1@6ab0cb3h.
[2026-10-07 23:45:24] (0s) Inferred that kernelflow::Flow::Flow::Stage2::compatibleContainer0/2#961bf2f9/2@16c258ks is empty, due to project#kernelflow::Flow::Stage1::Stage1::storeStepCand/5#4d005cb8/1@6ab0cb3h.
[2026-10-07 23:45:24] (0s) Inferred that kernelflow::Flow::Flow::Stage2::readStepFwd/5#d1868c13/5@b93f5ehk is empty, due to kernelflow::Flow::Flow::Stage2::fwdFlowRead/11#627240e1/11@165209wc.
[2026-10-07 23:45:24] (0s) Inferred that project#kernelflow::Flow::Flow::Stage2::fwdFlowStore/10#ec2d74c2/4@2e7d451d is empty, due to kernelflow::Flow::Flow::Stage2::fwdFlowStore/10#ec2d74c2#reorder_2_0_1_3_4_5_6_7_8_9/10@16520bwc.
[2026-10-07 23:45:24] (0s) Inferred that kernelflow::Flow::Flow::Stage2::topTypeContent/1#83b4569d#nonempty/0@004bbfpr is empty, due to kernelflow::Flow::Flow::Stage2::topTypeContent/1#83b4569d/1@435163iu.
[2026-10-07 23:45:24] (0s) Inferred that project#kernelflow::Flow::Flow::Stage2::readStepFwd/5#d1868c13/3@4f3066b0 is empty, due to kernelflow::Flow::Flow::Stage2::readStepFwd/5#d1868c13/5@b93f5ehk.
[2026-10-07 23:45:24] (0s) Inferred that project#kernelflow::Flow::Flow::Stage2::readStepFwd/5#d1868c13#2/4@995c73ct is empty, due to kernelflow::Flow::Flow::Stage2::readStepFwd/5#d1868c13/5@b93f5ehk.
[2026-10-07 23:45:24] (0s) Inferred that project#kernelflow::Flow::Flow::Stage2::readStepFwd/5#d1868c13#3/4@536d732e is empty, due to kernelflow::Flow::Flow::Stage2::readStepFwd/5#d1868c13/5@b93f5ehk.
[2026-10-07 23:45:24] (0s) Inferred that project#kernelflow::Flow::Flow::Stage2::fwdFlowStore/10#ec2d74c2_1203#join_rhs/4@e9b7337j is empty, due to project#kernelflow::Flow::Flow::Stage2::fwdFlowStore/10#ec2d74c2/4@2e7d451d.
[2026-10-07 23:45:24] (0s) Inferred that kernelflow::Flow::Flow::Stage2::storeStepFwd/5#a854c0a5/5@95587281 is empty, due to project#kernelflow::Flow::Flow::Stage2::readStepFwd/5#d1868c13/3@4f3066b0.
[2026-10-07 23:45:24] (0s) Inferred that project#kernelflow::Flow::Flow::Stage2::readStepFwd/5#d1868c13#2_2301#join_rhs/4@f7638541 is empty, due to project#kernelflow::Flow::Flow::Stage2::readStepFwd/5#d1868c13#2/4@995c73ct.
[2026-10-07 23:45:24] (0s) Inferred that project#kernelflow::Flow::Flow::Stage2::readStepFwd/5#d1868c13#2_3012#join_rhs/4@296bd6hk is empty, due to project#kernelflow::Flow::Flow::Stage2::readStepFwd/5#d1868c13#2/4@995c73ct.
[2026-10-07 23:45:24] (0s) Inferred that project#kernelflow::Flow::Flow::Stage2::readStepFwd/5#d1868c13#3_2301#join_rhs/4@67cc07lc is empty, due to project#kernelflow::Flow::Flow::Stage2::readStepFwd/5#d1868c13#3/4@536d732e.
[2026-10-07 23:45:24] (0s) Inferred that kernelflow::Flow::Flow::Stage2::storeStepFwd/5#a854c0a5_34012#join_rhs/5@0b59862h is empty, due to kernelflow::Flow::Flow::Stage2::storeStepFwd/5#a854c0a5/5@95587281.
[2026-10-07 23:45:24] (0s) Inferred that kernelflow::Flow::Flow::Stage2::revFlowConsCand/3#c8fcabca#reorder_2_0_1/3@92ee54w3 is empty, due to project#kernelflow::Flow::Flow::Stage2::readStepFwd/5#d1868c13#3_2301#join_rhs/4@67cc07lc.
[2026-10-07 23:45:24] (0s) Inferred that kernelflow::Flow::Flow::Stage2::revFlowStore/7#29cd10b7/7@92ee5zb3 is empty, due to kernelflow::Flow::Flow::Stage2::storeStepFwd/5#a854c0a5_34012#join_rhs/5@0b59862h.
[2026-10-07 23:45:24] (0s) Inferred that kernelflow::Flow::Flow::Stage2::storeStepCand/5#0044fd19/5@6b0852b1 is empty, due to kernelflow::Flow::Flow::Stage2::revFlowConsCand/3#c8fcabca#reorder_2_0_1/3@92ee54w3.
[2026-10-07 23:45:24] (0s) Inferred that project#kernelflow::Flow::Flow::Stage2::revFlowStore/7#29cd10b7/3@db3dd60s is empty, due to kernelflow::Flow::Flow::Stage2::revFlowStore/7#29cd10b7/7@92ee5zb3.
[2026-10-07 23:45:24] (0s) Inferred that project#kernelflow::Flow::Flow::Stage2::revFlowStore/7#29cd10b7#2/5@1d569dfi is empty, due to kernelflow::Flow::Flow::Stage2::revFlowStore/7#29cd10b7/7@92ee5zb3.
[2026-10-07 23:45:24] (0s) Inferred that project#kernelflow::Flow::Flow::Stage2::storeStepCand/5#0044fd19/2@d085fd4s is empty, due to kernelflow::Flow::Flow::Stage2::storeStepCand/5#0044fd19/5@6b0852b1.
[2026-10-07 23:45:24] (0s) Inferred that project#kernelflow::Flow::Flow::Stage2::storeStepCand/5#0044fd19#2/1@d4e49el4 is empty, due to kernelflow::Flow::Flow::Stage2::storeStepCand/5#0044fd19/5@6b0852b1.
[2026-10-07 23:45:24] (0s) Inferred that project#kernelflow::Flow::Flow::Stage2::storeStepCand/5#0044fd19#3/2@55cb9ev4 is empty, due to kernelflow::Flow::Flow::Stage2::storeStepCand/5#0044fd19/5@6b0852b1.
[2026-10-07 23:45:24] (0s) Inferred that kernelflow::Flow::Flow::Stage3::fwdFlowRead/11#3e3e86a8/11@3e883ewq is empty, due to kernelflow::Flow::Flow::Stage2::storeStepCand/5#0044fd19/5@6b0852b1.
[2026-10-07 23:45:24] (0s) Inferred that kernelflow::Flow::Flow::Stage3::fwdFlowStore/10#6358beb0#reorder_2_0_1_3_4_5_6_7_8_9/10@3e883fwq is empty, due to kernelflow::Flow::Flow::Stage2::storeStepCand/5#0044fd19/5@6b0852b1.
[2026-10-07 23:45:24] (0s) Inferred that kernelflow::Flow::Flow::Stage3::fwdFlowConsCand/5#0d34bf5f#reorder_4_0_1_2_3/5@3e883pwq is empty, due to kernelflow::Flow::Flow::Stage2::storeStepCand/5#0044fd19/5@6b0852b1.
[2026-10-07 23:45:24] (0s) Inferred that kernelflow::Flow::Flow::Stage3::fwdFlowConsCand/5#0d34bf5f#reorder_1_2_0_3_4/5@3e883qwq is empty, due to kernelflow::Flow::Flow::Stage2::storeStepCand/5#0044fd19/5@6b0852b1.
[2026-10-07 23:45:24] (0s) Inferred that kernelflow::Flow::Flow::Stage2::readStepCand/3#dba88c91/3@e89643da is empty, due to project#kernelflow::Flow::Flow::Stage2::revFlowStore/7#29cd10b7/3@db3dd60s.
[2026-10-07 23:45:24] (0s) Inferred that kernelflow::Flow::Flow::Stage3::topTypeContent/1#05631ab7/1@1e4285fh is empty, due to project#kernelflow::Flow::Flow::Stage2::storeStepCand/5#0044fd19/2@d085fd4s.
[2026-10-07 23:45:24] (0s) Inferred that kernelflow::Flow::Flow::Stage3::compatibleContainer0/2#e9866c2c/2@b480a7tr is empty, due to project#kernelflow::Flow::Flow::Stage2::storeStepCand/5#0044fd19/2@d085fd4s.
[2026-10-07 23:45:24] (0s) Inferred that kernelflow::Flow::Flow::Stage3::readStepCand/4#6fb3aacb/4@7591f4j8 is empty, due to kernelflow::Flow::Flow::Stage2::readStepCand/3#dba88c91/3@e89643da.
[2026-10-07 23:45:24] (0s) Inferred that kernelflow::Flow::Flow::Stage3::readStepFwd/5#55de1275/5@63adfes7 is empty, due to kernelflow::Flow::Flow::Stage3::fwdFlowRead/11#3e3e86a8/11@3e883ewq.
[2026-10-07 23:45:24] (0s) Inferred that project#kernelflow::Flow::Flow::Stage3::fwdFlowStore/10#6358beb0/4@9da3e3el is empty, due to kernelflow::Flow::Flow::Stage3::fwdFlowStore/10#6358beb0#reorder_2_0_1_3_4_5_6_7_8_9/10@3e883fwq.
[2026-10-07 23:45:24] (0s) Inferred that project#kernelflow::Flow::Flow::Stage2::readStepCand/3#dba88c91/1@6db12b9l is empty, due to kernelflow::Flow::Flow::Stage2::readStepCand/3#dba88c91/3@e89643da.
[2026-10-07 23:45:24] (0s) Inferred that project#kernelflow::Flow::Flow::Stage2::readStepCand/3#dba88c91#2/2@76eae7h4 is empty, due to kernelflow::Flow::Flow::Stage2::readStepCand/3#dba88c91/3@e89643da.
[2026-10-07 23:45:24] (0s) Inferred that kernelflow::Flow::Flow::Stage3::fwdFlowRead0/8#76fa6f89#reorder_1_3_0_2_4_5_6_7/8@3e883hwq is empty, due to kernelflow::Flow::Flow::Stage3::readStepCand/4#6fb3aacb/4@7591f4j8.
[2026-10-07 23:45:24] (0s) Inferred that project#kernelflow::Flow::Flow::Stage3::readStepFwd/5#55de1275/3@53892759 is empty, due to kernelflow::Flow::Flow::Stage3::readStepFwd/5#55de1275/5@63adfes7.
[2026-10-07 23:45:24] (0s) Inferred that project#kernelflow::Flow::Flow::Stage3::readStepFwd/5#55de1275#2/4@04b96a56 is empty, due to kernelflow::Flow::Flow::Stage3::readStepFwd/5#55de1275/5@63adfes7.
[2026-10-07 23:45:24] (0s) Inferred that project#kernelflow::Flow::Flow::Stage3::readStepFwd/5#55de1275#3/4@f23eb2b8 is empty, due to kernelflow::Flow::Flow::Stage3::readStepFwd/5#55de1275/5@63adfes7.
[2026-10-07 23:45:24] (0s) Inferred that project#kernelflow::Flow::Flow::Stage3::fwdFlowStore/10#6358beb0_1203#join_rhs/4@a37c0e7i is empty, due to project#kernelflow::Flow::Flow::Stage3::fwdFlowStore/10#6358beb0/4@9da3e3el.
[2026-10-07 23:45:24] (0s) Inferred that kernelflow::Flow::Flow::Stage3::storeStepFwd/5#a1368258/5@28e0fcbg is empty, due to project#kernelflow::Flow::Flow::Stage3::readStepFwd/5#55de1275/3@53892759.
[2026-10-07 23:45:24] (0s) Inferred that project#kernelflow::Flow::Flow::Stage3::readStepFwd/5#55de1275#2_2301#join_rhs/4@ab6c9628 is empty, due to project#kernelflow::Flow::Flow::Stage3::readStepFwd/5#55de1275#2/4@04b96a56.
[2026-10-07 23:45:24] (0s) Inferred that project#kernelflow::Flow::Flow::Stage3::readStepFwd/5#55de1275#2_3012#join_rhs/4@b71fadjv is empty, due to project#kernelflow::Flow::Flow::Stage3::readStepFwd/5#55de1275#2/4@04b96a56.
[2026-10-07 23:45:24] (0s) Inferred that project#kernelflow::Flow::Flow::Stage3::readStepFwd/5#55de1275#3_2301#join_rhs/4@8dc38cen is empty, due to project#kernelflow::Flow::Flow::Stage3::readStepFwd/5#55de1275#3/4@f23eb2b8.
[2026-10-07 23:45:24] (0s) Inferred that kernelflow::Flow::Flow::Stage3::storeStepFwd/5#a1368258_34012#join_rhs/5@1a53cfn7 is empty, due to kernelflow::Flow::Flow::Stage3::storeStepFwd/5#a1368258/5@28e0fcbg.
[2026-10-07 23:45:24] (0s) Inferred that kernelflow::Flow::Flow::Stage3::revFlowConsCand/3#2e201ac4#reorder_2_0_1/3@79b2c4w1 is empty, due to project#kernelflow::Flow::Flow::Stage3::readStepFwd/5#55de1275#3_2301#join_rhs/4@8dc38cen.
[2026-10-07 23:45:24] (0s) Inferred that kernelflow::Flow::Flow::Stage3::revFlowStore/7#b5599179/7@79b2c2w1 is empty, due to kernelflow::Flow::Flow::Stage3::storeStepFwd/5#a1368258_34012#join_rhs/5@1a53cfn7.
[2026-10-07 23:45:24] (0s) Inferred that kernelflow::Flow::Flow::Stage3::storeStepCand/5#b87fbe11/5@96e2deta is empty, due to kernelflow::Flow::Flow::Stage3::revFlowConsCand/3#2e201ac4#reorder_2_0_1/3@79b2c4w1.
[2026-10-07 23:45:24] (0s) Inferred that project#kernelflow::Flow::Flow::Stage3::revFlowStore/7#b5599179/3@58bdd52s is empty, due to kernelflow::Flow::Flow::Stage3::revFlowStore/7#b5599179/7@79b2c2w1.
[2026-10-07 23:45:24] (0s) Inferred that project#kernelflow::Flow::Flow::Stage3::revFlowStore/7#b5599179#2/5@abbadea0 is empty, due to kernelflow::Flow::Flow::Stage3::revFlowStore/7#b5599179/7@79b2c2w1.
[2026-10-07 23:45:24] (0s) Inferred that project#kernelflow::Flow::Flow::Stage3::storeStepCand/5#b87fbe11/2@c1ead436 is empty, due to kernelflow::Flow::Flow::Stage3::storeStepCand/5#b87fbe11/5@96e2deta.
[2026-10-07 23:45:24] (0s) Inferred that project#kernelflow::Flow::Flow::Stage3::storeStepCand/5#b87fbe11#2/1@dd9dda4t is empty, due to kernelflow::Flow::Flow::Stage3::storeStepCand/5#b87fbe11/5@96e2deta.
[2026-10-07 23:45:24] (0s) Inferred that kernelflow::Flow::Flow::Stage4::fwdFlowRead/11#b633ebb6/11@12130ewd is empty, due to kernelflow::Flow::Flow::Stage3::storeStepCand/5#b87fbe11/5@96e2deta.
[2026-10-07 23:45:24] (0s) Inferred that kernelflow::Flow::Flow::Stage4::fwdFlowStore/10#8f9201ad#reorder_2_0_1_3_4_5_6_7_8_9/10@12130fwd is empty, due to kernelflow::Flow::Flow::Stage3::storeStepCand/5#b87fbe11/5@96e2deta.
[2026-10-07 23:45:24] (0s) Inferred that kernelflow::Flow::Flow::Stage4::fwdFlowConsCand/5#ea01c677#reorder_4_0_1_2_3/5@12130pwd is empty, due to kernelflow::Flow::Flow::Stage3::storeStepCand/5#b87fbe11/5@96e2deta.
[2026-10-07 23:45:24] (0s) Inferred that kernelflow::Flow::Flow::Stage4::fwdFlowConsCand/5#ea01c677#reorder_1_2_0_3_4/5@12130qwd is empty, due to kernelflow::Flow::Flow::Stage3::storeStepCand/5#b87fbe11/5@96e2deta.
[2026-10-07 23:45:24] (0s) Inferred that kernelflow::Flow::Flow::Stage3::readStepCand/3#b5d014ae/3@63855dhu is empty, due to project#kernelflow::Flow::Flow::Stage3::revFlowStore/7#b5599179/3@58bdd52s.
[2026-10-07 23:45:24] (0s) Inferred that kernelflow::Flow::Flow::Stage4::topTypeContent/1#567852de/1@1d520bkh is empty, due to project#kernelflow::Flow::Flow::Stage3::storeStepCand/5#b87fbe11/2@c1ead436.
[2026-10-07 23:45:24] (0s) Inferred that kernelflow::Flow::Flow::Stage4::compatibleContainer0/2#4ae5dc52/2@b03566ns is empty, due to project#kernelflow::Flow::Flow::Stage3::storeStepCand/5#b87fbe11/2@c1ead436.
[2026-10-07 23:45:24] (0s) Inferred that kernelflow::Flow::Flow::Stage4::readStepCand/4#76fc6e29/4@ef3616st is empty, due to kernelflow::Flow::Flow::Stage3::readStepCand/3#b5d014ae/3@63855dhu.
[2026-10-07 23:45:24] (0s) Inferred that kernelflow::Flow::Flow::Stage4::readStepFwd/5#2477fb61/5@1d60c473 is empty, due to kernelflow::Flow::Flow::Stage4::fwdFlowRead/11#b633ebb6/11@12130ewd.
[2026-10-07 23:45:24] (0s) Inferred that project#kernelflow::Flow::Flow::Stage4::fwdFlowStore/10#8f9201ad/4@37d8acat is empty, due to kernelflow::Flow::Flow::Stage4::fwdFlowStore/10#8f9201ad#reorder_2_0_1_3_4_5_6_7_8_9/10@12130fwd.
[2026-10-07 23:45:24] (0s) Inferred that project#kernelflow::Flow::Flow::Stage3::readStepCand/3#b5d014ae/1@d1c009o9 is empty, due to kernelflow::Flow::Flow::Stage3::readStepCand/3#b5d014ae/3@63855dhu.
[2026-10-07 23:45:24] (0s) Inferred that kernelflow::Flow::Flow::Stage4::fwdFlowRead0/8#55db1142#reorder_1_3_0_2_4_5_6_7/8@12130hwd is empty, due to kernelflow::Flow::Flow::Stage4::readStepCand/4#76fc6e29/4@ef3616st.
[2026-10-07 23:45:24] (0s) Inferred that project#kernelflow::Flow::Flow::Stage4::readStepFwd/5#2477fb61/3@2d00e5si is empty, due to kernelflow::Flow::Flow::Stage4::readStepFwd/5#2477fb61/5@1d60c473.
[2026-10-07 23:45:24] (0s) Inferred that project#kernelflow::Flow::Flow::Stage4::readStepFwd/5#2477fb61#2/4@82c89cdr is empty, due to kernelflow::Flow::Flow::Stage4::readStepFwd/5#2477fb61/5@1d60c473.
[2026-10-07 23:45:24] (0s) Inferred that kernelflow::Flow::Flow::Stage4::readStepFwd/5#2477fb61_3401#join_rhs/4@48640152 is empty, due to kernelflow::Flow::Flow::Stage4::readStepFwd/5#2477fb61/5@1d60c473.
[2026-10-07 23:45:24] (0s) Inferred that project#kernelflow::Flow::Flow::Stage4::fwdFlowStore/10#8f9201ad_1203#join_rhs/4@884cc19l is empty, due to project#kernelflow::Flow::Flow::Stage4::fwdFlowStore/10#8f9201ad/4@37d8acat.
[2026-10-07 23:45:24] (0s) Inferred that kernelflow::Flow::Flow::Stage4::storeStepFwd/5#51229261/5@86f895lu is empty, due to project#kernelflow::Flow::Flow::Stage4::readStepFwd/5#2477fb61/3@2d00e5si.
[2026-10-07 23:45:24] (0s) Inferred that project#kernelflow::Flow::Flow::Stage4::readStepFwd/5#2477fb61#2_2301#join_rhs/4@f202cf4c is empty, due to project#kernelflow::Flow::Flow::Stage4::readStepFwd/5#2477fb61#2/4@82c89cdr.
[2026-10-07 23:45:24] (0s) Inferred that kernelflow::Flow::Flow::Stage4::storeStepFwd/5#51229261_34012#join_rhs/5@0fc4dej9 is empty, due to kernelflow::Flow::Flow::Stage4::storeStepFwd/5#51229261/5@86f895lu.
[2026-10-07 23:45:24] (0s) Inferred that kernelflow::Flow::Flow::Stage4::revFlowConsCand/3#515a1cc9#reorder_2_0_1/3@c23274wl is empty, due to project#kernelflow::Flow::Flow::Stage4::readStepFwd/5#2477fb61#2_2301#join_rhs/4@f202cf4c.
[2026-10-07 23:45:24] (0s) Inferred that kernelflow::Flow::Flow::Stage4::revFlowStore/7#ea57424a/7@c23272wl is empty, due to kernelflow::Flow::Flow::Stage4::storeStepFwd/5#51229261_34012#join_rhs/5@0fc4dej9.
[2026-10-07 23:45:24] (0s) Inferred that kernelflow::Flow::Flow::Stage4::consCand/2#c78a5e29/2@f83e8wvq is empty, due to kernelflow::Flow::Flow::Stage4::revFlowConsCand/3#515a1cc9#reorder_2_0_1/3@c23274wl.
[2026-10-07 23:45:24] (0s) Inferred that kernelflow::Flow::Flow::Stage4::storeStepCand/5#15aa2ff8/5@d8dcb202 is empty, due to kernelflow::Flow::Flow::Stage4::revFlowConsCand/3#515a1cc9#reorder_2_0_1/3@c23274wl.
[2026-10-07 23:45:24] (0s) Inferred that project#kernelflow::Flow::Flow::Stage4::revFlowStore/7#ea57424a/3@7b64f22j is empty, due to kernelflow::Flow::Flow::Stage4::revFlowStore/7#ea57424a/7@c23272wl.
[2026-10-07 23:45:24] (0s) Inferred that project#kernelflow::Flow::Flow::Stage4::revFlowStore/7#ea57424a#2/5@0a6de0vg is empty, due to kernelflow::Flow::Flow::Stage4::revFlowStore/7#ea57424a/7@c23272wl.
[2026-10-07 23:45:24] (0s) Inferred that _DataFlowPrivate::forceHighPrecision/1#f0a9507c_kernelflow::Flow::Flow::Stage4::consCand/2#c78a5e29#shared/2@48448frs is empty, due to kernelflow::Flow::Flow::Stage4::consCand/2#c78a5e29/2@f83e8wvq.
[2026-10-07 23:45:24] (0s) Inferred that kernelflow::Flow::Flow::Stage4::consCand/2#c78a5e29_10#join_rhs/2@b81f242v is empty, due to kernelflow::Flow::Flow::Stage4::consCand/2#c78a5e29/2@f83e8wvq.
[2026-10-07 23:45:24] (0s) Inferred that kernelflow::Flow::Flow::AccessPathApprox.getHead/0#dispred#06852e3d/2@9956614u is empty, due to kernelflow::Flow::Flow::Stage4::consCand/2#c78a5e29/2@f83e8wvq.
[2026-10-07 23:45:24] (0s) Inferred that kernelflow::Flow::Flow::AccessPathApproxCons#85f44ba0/1@c98d11ub is empty, due to kernelflow::Flow::Flow::Stage4::consCand/2#c78a5e29/2@f83e8wvq.
[2026-10-07 23:45:24] (0s) Inferred that kernelflow::Flow::Flow::AccessPathApprox.isCons/2#dispred#54299e1e/3@702189bk is empty, due to kernelflow::Flow::Flow::Stage4::consCand/2#c78a5e29/2@f83e8wvq.
[2026-10-07 23:45:24] (0s) Inferred that kernelflow::Flow::Flow::forceUnfold/1#1de71e24/1@628d8818 is empty, due to kernelflow::Flow::Flow::Stage4::consCand/2#c78a5e29/2@f83e8wvq.
[2026-10-07 23:45:24] (0s) Inferred that project#kernelflow::Flow::Flow::Stage4::storeStepCand/5#15aa2ff8/2@b5c1198p is empty, due to kernelflow::Flow::Flow::Stage4::storeStepCand/5#15aa2ff8/5@d8dcb202.
[2026-10-07 23:45:24] (0s) Inferred that project#kernelflow::Flow::Flow::Stage4::storeStepCand/5#15aa2ff8#2/1@8b3b90sg is empty, due to kernelflow::Flow::Flow::Stage4::storeStepCand/5#15aa2ff8/5@d8dcb202.
[2026-10-07 23:45:24] (0s) Inferred that project#kernelflow::Flow::Flow::Stage4::storeStepCand/5#15aa2ff8#3/2@bc7b4aq1 is empty, due to kernelflow::Flow::Flow::Stage4::storeStepCand/5#15aa2ff8/5@d8dcb202.
[2026-10-07 23:45:24] (0s) Inferred that kernelflow::Flow::Flow::Stage5::fwdFlowRead/11#6d02a56b/11@fbd5efwh is empty, due to kernelflow::Flow::Flow::Stage4::storeStepCand/5#15aa2ff8/5@d8dcb202.
[2026-10-07 23:45:24] (0s) Inferred that kernelflow::Flow::Flow::Stage5::fwdFlowStore/10#747281ee#reorder_2_4_0_1_3_5_6_7_8_9/10@fbd5egwh is empty, due to kernelflow::Flow::Flow::Stage4::storeStepCand/5#15aa2ff8/5@d8dcb202.
[2026-10-07 23:45:24] (0s) Inferred that kernelflow::Flow::Flow::Stage5::fwdFlowConsCand/5#6cae9e6f#reorder_4_0_1_2_3/5@fbd5epwh is empty, due to kernelflow::Flow::Flow::Stage4::storeStepCand/5#15aa2ff8/5@d8dcb202.
[2026-10-07 23:45:24] (0s) Inferred that kernelflow::Flow::Flow::Stage5::fwdFlowConsCand/5#6cae9e6f#reorder_1_2_0_3_4/5@fbd5eqwh is empty, due to kernelflow::Flow::Flow::Stage4::storeStepCand/5#15aa2ff8/5@d8dcb202.
[2026-10-07 23:45:24] (0s) Inferred that kernelflow::Flow::Flow::Stage4::readStepCand/3#f0817612/3@e0b5f6fo is empty, due to project#kernelflow::Flow::Flow::Stage4::revFlowStore/7#ea57424a/3@7b64f22j.
[2026-10-07 23:45:24] (0s) Inferred that _DataFlowImplCommon::AccessPathFront.getHead/1#dispred#b7b0fb32_20#join_rhs__DataFlowPrivate::forceH__#count_range/2@945f04b5 is empty, due to _DataFlowPrivate::forceHighPrecision/1#f0a9507c_kernelflow::Flow::Flow::Stage4::consCand/2#c78a5e29#shared/2@48448frs.
[2026-10-07 23:45:24] (0s) Inferred that kernelflow::Flow::Flow::TConsCons#dom#6cd35d24/3@d0f342un is empty, due to kernelflow::Flow::Flow::Stage4::consCand/2#c78a5e29_10#join_rhs/2@b81f242v.
[2026-10-07 23:45:24] (0s) Inferred that kernelflow::Flow::Flow::TConsNil#dom#560c377e/1@9ee7c2fr is empty, due to kernelflow::Flow::Flow::Stage4::consCand/2#c78a5e29_10#join_rhs/2@b81f242v.
[2026-10-07 23:45:24] (0s) Inferred that kernelflow::Flow::Flow::Stage5::fwdFlowRead0/8#fddf7b5d#reorder_1_3_0_2_4_5_6_7/8@fbd5eiwh is empty, due to kernelflow::Flow::Flow::AccessPathApprox.getHead/0#dispred#06852e3d/2@9956614u.
[2026-10-07 23:45:24] (0s) Inferred that kernelflow::Flow::Flow::AccessPathApprox.isCons/2#dispred#54299e1e_120#join_rhs/3@21b8955f is empty, due to kernelflow::Flow::Flow::AccessPathApprox.isCons/2#dispred#54299e1e/3@702189bk.
[2026-10-07 23:45:24] (0s) Inferred that kernelflow::Flow::Flow::AccessPathApprox.isCons/2#dispred#54299e1e_201#join_rhs/3@3cdf03hm is empty, due to kernelflow::Flow::Flow::AccessPathApprox.isCons/2#dispred#54299e1e/3@702189bk.
[2026-10-07 23:45:24] (0s) Inferred that kernelflow::Flow::Flow::Stage5::topTypeContent/1#100577f5/1@0b067e1i is empty, due to project#kernelflow::Flow::Flow::Stage4::storeStepCand/5#15aa2ff8/2@b5c1198p.
[2026-10-07 23:45:24] (0s) Inferred that kernelflow::Flow::Flow::Stage5::compatibleContainer0/2#7352b069/2@72e556ss is empty, due to project#kernelflow::Flow::Flow::Stage4::storeStepCand/5#15aa2ff8/2@b5c1198p.
[2026-10-07 23:45:24] (0s) Inferred that kernelflow::Flow::Flow::Stage5::readStepFwd/5#e2a4a31b/5@738b3dt7 is empty, due to kernelflow::Flow::Flow::Stage5::fwdFlowRead/11#6d02a56b/11@fbd5efwh.
[2026-10-07 23:45:24] (0s) Inferred that project#kernelflow::Flow::Flow::Stage5::fwdFlowStore/10#747281ee/4@e572e2jt is empty, due to kernelflow::Flow::Flow::Stage5::fwdFlowStore/10#747281ee#reorder_2_4_0_1_3_5_6_7_8_9/10@fbd5egwh.
[2026-10-07 23:45:24] (0s) Inferred that kernelflow::Flow::Flow::Stage5::readStepCand/4#8b746298/4@dbc1d4n3 is empty, due to kernelflow::Flow::Flow::Stage4::readStepCand/3#f0817612/3@e0b5f6fo.
[2026-10-07 23:45:24] (0s) Inferred that project#kernelflow::Flow::Flow::Stage4::readStepCand/3#f0817612/1@7bfb20gn is empty, due to kernelflow::Flow::Flow::Stage4::readStepCand/3#f0817612/3@e0b5f6fo.
[2026-10-07 23:45:24] (0s) Inferred that project#kernelflow::Flow::Flow::Stage4::readStepCand/3#f0817612#2/2@c39bc31f is empty, due to kernelflow::Flow::Flow::Stage4::readStepCand/3#f0817612/3@e0b5f6fo.
[2026-10-07 23:45:24] (0s) Inferred that __DataFlowImplCommon::AccessPathFront.getHead/1#dispred#b7b0fb32_20#join_rhs__DataFlowPrivate::force__#join_rhs/2@a9bc2a10 is empty, due to _DataFlowImplCommon::AccessPathFront.getHead/1#dispred#b7b0fb32_20#join_rhs__DataFlowPrivate::forceH__#count_range/2@945f04b5.
[2026-10-07 23:45:24] (0s) Inferred that num#kernelflow::Flow::Flow::TConsCons#620f7395/4@c1bd86l8 is empty, due to kernelflow::Flow::Flow::TConsCons#dom#6cd35d24/3@d0f342un.
[2026-10-07 23:45:24] (0s) Inferred that num#kernelflow::Flow::Flow::TConsNil#be8639a0/2@3bfcaceb is empty, due to kernelflow::Flow::Flow::TConsNil#dom#560c377e/1@9ee7c2fr.
[2026-10-07 23:45:24] (0s) Inferred that project#kernelflow::Flow::Flow::Stage5::readStepFwd/5#e2a4a31b/3@e5d3cfv9 is empty, due to kernelflow::Flow::Flow::Stage5::readStepFwd/5#e2a4a31b/5@738b3dt7.
[2026-10-07 23:45:24] (0s) Inferred that project#kernelflow::Flow::Flow::Stage5::readStepFwd/5#e2a4a31b#2/4@cae9749p is empty, due to kernelflow::Flow::Flow::Stage5::readStepFwd/5#e2a4a31b/5@738b3dt7.
[2026-10-07 23:45:24] (0s) Inferred that kernelflow::Flow::Flow::Stage5::readStepFwd/5#e2a4a31b_3401#join_rhs/4@64d5426h is empty, due to kernelflow::Flow::Flow::Stage5::readStepFwd/5#e2a4a31b/5@738b3dt7.
[2026-10-07 23:45:24] (0s) Inferred that project#kernelflow::Flow::Flow::Stage5::fwdFlowStore/10#747281ee_1203#join_rhs/4@931864oe is empty, due to project#kernelflow::Flow::Flow::Stage5::fwdFlowStore/10#747281ee/4@e572e2jt.
[2026-10-07 23:45:24] (0s) Inferred that kernelflow::Flow::Flow::expensiveLen2unfolding/1#c3d05a50/1@ec248csl is empty, due to __DataFlowImplCommon::AccessPathFront.getHead/1#dispred#b7b0fb32_20#join_rhs__DataFlowPrivate::force__#join_rhs/2@a9bc2a10.
[2026-10-07 23:45:24] (0s) Inferred that num#kernelflow::Flow::Flow::TConsCons#620f7395_023#join_rhs/3@46ed4db4 is empty, due to num#kernelflow::Flow::Flow::TConsCons#620f7395/4@c1bd86l8.
[2026-10-07 23:45:24] (0s) Inferred that num#kernelflow::Flow::Flow::TConsCons#620f7395_1203#join_rhs/4@43b0f6mu is empty, due to num#kernelflow::Flow::Flow::TConsCons#620f7395/4@c1bd86l8.
[2026-10-07 23:45:24] (0s) Inferred that num#kernelflow::Flow::Flow::TConsCons#620f7395_1023#join_rhs/4@3744418i is empty, due to num#kernelflow::Flow::Flow::TConsCons#620f7395/4@c1bd86l8.
[2026-10-07 23:45:24] (0s) Inferred that kernelflow::Flow::Flow::Stage5::storeStepFwd/5#acbd4466/5@9b69f728 is empty, due to project#kernelflow::Flow::Flow::Stage5::readStepFwd/5#e2a4a31b/3@e5d3cfv9.
[2026-10-07 23:45:24] (0s) Inferred that project#kernelflow::Flow::Flow::Stage5::readStepFwd/5#e2a4a31b#2_2301#join_rhs/4@f56375b0 is empty, due to project#kernelflow::Flow::Flow::Stage5::readStepFwd/5#e2a4a31b#2/4@cae9749p.
[2026-10-07 23:45:24] (0s) Inferred that kernelflow::Flow::Flow::TCons1#dom#f3f90e82/2@9c990eg1 is empty, due to kernelflow::Flow::Flow::expensiveLen2unfolding/1#c3d05a50/1@ec248csl.
[2026-10-07 23:45:24] (0s) Inferred that kernelflow::Flow::Flow::Stage5::storeStepFwd/5#acbd4466_34012#join_rhs/5@c23c12li is empty, due to kernelflow::Flow::Flow::Stage5::storeStepFwd/5#acbd4466/5@9b69f728.
[2026-10-07 23:45:24] (0s) Inferred that kernelflow::Flow::Flow::Stage5::revFlowConsCand/3#882752d7#reorder_2_0_1/3@1169c4wf is empty, due to project#kernelflow::Flow::Flow::Stage5::readStepFwd/5#e2a4a31b#2_2301#join_rhs/4@f56375b0.
[2026-10-07 23:45:24] (0s) Inferred that num#kernelflow::Flow::Flow::TCons1#85a91c21/3@79c827pr is empty, due to kernelflow::Flow::Flow::TCons1#dom#f3f90e82/2@9c990eg1.
[2026-10-07 23:45:24] (0s) Inferred that kernelflow::Flow::Flow::Stage5::revFlowStore/7#f921fe9f/7@1169c2wf is empty, due to kernelflow::Flow::Flow::Stage5::storeStepFwd/5#acbd4466_34012#join_rhs/5@c23c12li.
[2026-10-07 23:45:24] (0s) Inferred that kernelflow::Flow::Flow::Stage5::consCand/2#99d89183/2@73f34w5n is empty, due to kernelflow::Flow::Flow::Stage5::revFlowConsCand/3#882752d7#reorder_2_0_1/3@1169c4wf.
[2026-10-07 23:45:24] (0s) Inferred that kernelflow::Flow::Flow::Stage5::storeStepCand/5#28b7d2b9/5@3714d337 is empty, due to kernelflow::Flow::Flow::Stage5::revFlowConsCand/3#882752d7#reorder_2_0_1/3@1169c4wf.
[2026-10-07 23:45:24] (0s) Inferred that num#kernelflow::Flow::Flow::TCons1#85a91c21_2#antijoin_rhs/1@0f5b7enr is empty, due to num#kernelflow::Flow::Flow::TCons1#85a91c21/3@79c827pr.
[2026-10-07 23:45:24] (0s) Inferred that kernelflow::Flow::Flow::count1to2unfold/1#a5fb0daf/2@8fb1e6dm is empty, due to num#kernelflow::Flow::Flow::TCons1#85a91c21/3@79c827pr.
[2026-10-07 23:45:24] (0s) Inferred that project#kernelflow::Flow::Flow::Stage5::revFlowStore/7#f921fe9f/3@ea54823a is empty, due to kernelflow::Flow::Flow::Stage5::revFlowStore/7#f921fe9f/7@1169c2wf.
[2026-10-07 23:45:24] (0s) Inferred that project#kernelflow::Flow::Flow::Stage5::revFlowStore/7#f921fe9f#2/5@a36eebg2 is empty, due to kernelflow::Flow::Flow::Stage5::revFlowStore/7#f921fe9f/7@1169c2wf.
[2026-10-07 23:45:24] (0s) Inferred that kernelflow::Flow::Flow::hasTail/2#f805b7a1/2@3b342e3o is empty, due to kernelflow::Flow::Flow::Stage5::consCand/2#99d89183/2@73f34w5n.
[2026-10-07 23:45:24] (0s) Inferred that kernelflow::Flow::Flow::Stage5::consCand/2#99d89183_10#join_rhs/2@38bd868e is empty, due to kernelflow::Flow::Flow::Stage5::consCand/2#99d89183/2@73f34w5n.
[2026-10-07 23:45:24] (0s) Inferred that kernelflow::Flow::Flow::AccessPath.getHead/0#dispred#ed7dd79f/2@883043wv is empty, due to kernelflow::Flow::Flow::Stage5::consCand/2#99d89183/2@73f34w5n.
[2026-10-07 23:45:24] (0s) Inferred that kernelflow::Flow::Flow::AccessPath.isCons/2#dispred#d2101a63/3@4fe02bgq is empty, due to kernelflow::Flow::Flow::Stage5::consCand/2#99d89183/2@73f34w5n.
[2026-10-07 23:45:24] (0s) Inferred that project#kernelflow::Flow::Flow::Stage5::storeStepCand/5#28b7d2b9/2@288b997m is empty, due to kernelflow::Flow::Flow::Stage5::storeStepCand/5#28b7d2b9/5@3714d337.
[2026-10-07 23:45:24] (0s) Inferred that project#kernelflow::Flow::Flow::Stage5::storeStepCand/5#28b7d2b9#2/1@510c35u8 is empty, due to kernelflow::Flow::Flow::Stage5::storeStepCand/5#28b7d2b9/5@3714d337.
[2026-10-07 23:45:24] (0s) Inferred that project#kernelflow::Flow::Flow::Stage5::storeStepCand/5#28b7d2b9#3/2@0502e9h2 is empty, due to kernelflow::Flow::Flow::Stage5::storeStepCand/5#28b7d2b9/5@3714d337.
[2026-10-07 23:45:24] (0s) Inferred that kernelflow::Flow::Flow::Stage6::fwdFlowRead/11#4f9d7f21/11@00f43fwp is empty, due to kernelflow::Flow::Flow::Stage5::storeStepCand/5#28b7d2b9/5@3714d337.
[2026-10-07 23:45:24] (0s) Inferred that kernelflow::Flow::Flow::Stage6::fwdFlowStore/10#0edf1bf5#reorder_2_0_1_3_4_5_6_7_8_9/10@00f43gwp is empty, due to kernelflow::Flow::Flow::Stage5::storeStepCand/5#28b7d2b9/5@3714d337.
[2026-10-07 23:45:24] (0s) Inferred that kernelflow::Flow::Flow::Stage6::fwdFlowConsCand/5#201ac105#reorder_4_0_1_2_3/5@00f43pwp is empty, due to kernelflow::Flow::Flow::Stage5::storeStepCand/5#28b7d2b9/5@3714d337.
[2026-10-07 23:45:24] (0s) Inferred that kernelflow::Flow::Flow::Stage6::fwdFlowConsCand/5#201ac105#reorder_1_2_0_3_4/5@00f43qwp is empty, due to kernelflow::Flow::Flow::Stage5::storeStepCand/5#28b7d2b9/5@3714d337.
[2026-10-07 23:45:24] (0s) Inferred that kernelflow::Flow::Flow::expensiveLen1to2unfolding/1#1aff8a80/1@6b2cb398 is empty, due to kernelflow::Flow::Flow::count1to2unfold/1#a5fb0daf/2@8fb1e6dm.
[2026-10-07 23:45:24] (0s) Inferred that kernelflow::Flow::Flow::Stage5::readStepCand/3#b8f119e0/3@35aef2g0 is empty, due to project#kernelflow::Flow::Flow::Stage5::revFlowStore/7#f921fe9f/3@ea54823a.
[2026-10-07 23:45:24] (0s) Inferred that _kernelflow::Flow::Flow::hasTail/2#f805b7a1#sum_range/2@dc7b3cuj is empty, due to kernelflow::Flow::Flow::hasTail/2#f805b7a1/2@3b342e3o.
[2026-10-07 23:45:24] (0s) Inferred that _kernelflow::Flow::Flow::hasTail/2#f805b7a1#shared/2@01678e2v is empty, due to kernelflow::Flow::Flow::hasTail/2#f805b7a1/2@3b342e3o.
[2026-10-07 23:45:24] (0s) Inferred that _kernelflow::Flow::Flow::hasTail/2#f805b7a1#loop_invariant_prefix/3@258d85vi is empty, due to kernelflow::Flow::Flow::hasTail/2#f805b7a1/2@3b342e3o.
[2026-10-07 23:45:24] (0s) Inferred that kernelflow::Flow::Flow::TAccessPathCons2#dom#0d8ab3a6/3@55494c92 is empty, due to kernelflow::Flow::Flow::hasTail/2#f805b7a1/2@3b342e3o.
[2026-10-07 23:45:24] (0s) Inferred that kernelflow::Flow::Flow::hasTail/2#f805b7a1_10#join_rhs/2@9b0247k7 is empty, due to kernelflow::Flow::Flow::hasTail/2#f805b7a1/2@3b342e3o.
[2026-10-07 23:45:24] (0s) Inferred that kernelflow::Flow::Flow::stage5ConsCand/3#4609dbf9/3@a22d3be6 is empty, due to kernelflow::Flow::Flow::Stage5::consCand/2#99d89183_10#join_rhs/2@38bd868e.
[2026-10-07 23:45:24] (0s) Inferred that kernelflow::Flow::Flow::Stage6::fwdFlowRead0/8#d492d3ee#reorder_1_3_0_2_4_5_6_7/8@00f43iwp is empty, due to kernelflow::Flow::Flow::AccessPath.getHead/0#dispred#ed7dd79f/2@883043wv.
[2026-10-07 23:45:24] (0s) Inferred that kernelflow::Flow::Flow::AccessPath.isCons/2#dispred#d2101a63_120#join_rhs/3@abd93etp is empty, due to kernelflow::Flow::Flow::AccessPath.isCons/2#dispred#d2101a63/3@4fe02bgq.
[2026-10-07 23:45:24] (0s) Inferred that kernelflow::Flow::Flow::Stage6::topTypeContent/1#62988e11/1@3e06eei8 is empty, due to project#kernelflow::Flow::Flow::Stage5::storeStepCand/5#28b7d2b9/2@288b997m.
[2026-10-07 23:45:24] (0s) Inferred that kernelflow::Flow::Flow::Stage6::compatibleContainer0/2#d466b6c7/2@6b034clj is empty, due to project#kernelflow::Flow::Flow::Stage5::storeStepCand/5#28b7d2b9/2@288b997m.
[2026-10-07 23:45:24] (0s) Inferred that kernelflow::Flow::Flow::Stage6::readStepFwd/5#5c499a50/5@72a054f5 is empty, due to kernelflow::Flow::Flow::Stage6::fwdFlowRead/11#4f9d7f21/11@00f43fwp.
[2026-10-07 23:45:24] (0s) Inferred that kernelflow::Flow::Flow::Stage6::fwdFlowRead/11#4f9d7f21_01239105678#join_rhs/10@5a913a96 is empty, due to kernelflow::Flow::Flow::Stage6::fwdFlowRead/11#4f9d7f21/11@00f43fwp.
[2026-10-07 23:45:24] (0s) Inferred that project#kernelflow::Flow::Flow::Stage6::fwdFlowStore/10#0edf1bf5/4@3c6af0l7 is empty, due to kernelflow::Flow::Flow::Stage6::fwdFlowStore/10#0edf1bf5#reorder_2_0_1_3_4_5_6_7_8_9/10@00f43gwp.
[2026-10-07 23:45:24] (0s) Inferred that kernelflow::Flow::Flow::Stage6::fwdFlowStore/10#0edf1bf5#reorder_2_0_1_3_4_5_6_7_8_9_1203894567#join_rhs/10@30dc6e6p is empty, due to kernelflow::Flow::Flow::Stage6::fwdFlowStore/10#0edf1bf5#reorder_2_0_1_3_4_5_6_7_8_9/10@00f43gwp.
[2026-10-07 23:45:24] (0s) Inferred that kernelflow::Flow::Flow::TAccessPathCons1#dom#5f424158/2@77a7ecrj is empty, due to kernelflow::Flow::Flow::expensiveLen1to2unfolding/1#1aff8a80/1@6b2cb398.
[2026-10-07 23:45:24] (0s) Inferred that kernelflow::Flow::Flow::Stage6::readStepCand/4#a14a9ca4/4@7369ff39 is empty, due to kernelflow::Flow::Flow::Stage5::readStepCand/3#b8f119e0/3@35aef2g0.
[2026-10-07 23:45:24] (0s) Inferred that project#kernelflow::Flow::Flow::Stage5::readStepCand/3#b8f119e0/1@ac27eede is empty, due to kernelflow::Flow::Flow::Stage5::readStepCand/3#b8f119e0/3@35aef2g0.
[2026-10-07 23:45:24] (0s) Inferred that project#kernelflow::Flow::Flow::Stage5::readStepCand/3#b8f119e0#2/2@27f7bf60 is empty, due to kernelflow::Flow::Flow::Stage5::readStepCand/3#b8f119e0/3@35aef2g0.
[2026-10-07 23:45:24] (0s) Inferred that __kernelflow::Flow::Flow::hasTail/2#f805b7a1#shared_kernelflow::Flow::Flow::expensiveLen1to2unfoldin__#loop_invariant_prefix/3@f3bb9el0 is empty, due to _kernelflow::Flow::Flow::hasTail/2#f805b7a1#shared/2@01678e2v.
[2026-10-07 23:45:24] (0s) Inferred that __kernelflow::Flow::Flow::hasTail/2#f805b7a1#shared_kernelflow::Flow::Flow::expensiveLen1to2unfoldin__#loop_invariant_prefix#1/3@69ec83t6 is empty, due to _kernelflow::Flow::Flow::hasTail/2#f805b7a1#shared/2@01678e2v.
[2026-10-07 23:45:24] (0s) Inferred that num#kernelflow::Flow::Flow::TAccessPathCons2#137cd73d/4@9e42dbkd is empty, due to kernelflow::Flow::Flow::TAccessPathCons2#dom#0d8ab3a6/3@55494c92.
[2026-10-07 23:45:24] (0s) Inferred that kernelflow::Flow::Flow::TAccessPathCons#dom#9aff2a5b/2@88304xcv is empty, due to kernelflow::Flow::Flow::hasTail/2#f805b7a1_10#join_rhs/2@9b0247k7.
[2026-10-07 23:45:24] (0s) Inferred that kernelflow::Flow::Flow::AccessPathCons.length/0#dispred#9d311b44/2@88304ycv is empty, due to kernelflow::Flow::Flow::hasTail/2#f805b7a1_10#join_rhs/2@9b0247k7.
[2026-10-07 23:45:24] (0s) Inferred that kernelflow::Flow::Flow::TAccessPathCons#6615d048#reorder_1_0_2/3@883040wv is empty, due to kernelflow::Flow::Flow::hasTail/2#f805b7a1_10#join_rhs/2@9b0247k7.
[2026-10-07 23:45:24] (0s) Inferred that num#kernelflow::Flow::Flow::TAccessPathCons#6615d048/3@883041wv is empty, due to kernelflow::Flow::Flow::hasTail/2#f805b7a1_10#join_rhs/2@9b0247k7.
[2026-10-07 23:45:24] (0s) Inferred that kernelflow::Flow::Flow::TAccessPathCons#6615d048#reorder_2_0_1/3@883042wv is empty, due to kernelflow::Flow::Flow::hasTail/2#f805b7a1_10#join_rhs/2@9b0247k7.
[2026-10-07 23:45:24] (0s) Inferred that kernelflow::Flow::Flow::stage5ConsCand/3#4609dbf9_021#count_range/3@bc56e5r4 is empty, due to kernelflow::Flow::Flow::stage5ConsCand/3#4609dbf9/3@a22d3be6.
[2026-10-07 23:45:24] (0s) Inferred that project#kernelflow::Flow::Flow::Stage6::readStepFwd/5#5c499a50/3@b82e5bti is empty, due to kernelflow::Flow::Flow::Stage6::readStepFwd/5#5c499a50/5@72a054f5.
[2026-10-07 23:45:24] (0s) Inferred that project#kernelflow::Flow::Flow::Stage6::readStepFwd/5#5c499a50#2/4@684feefo is empty, due to kernelflow::Flow::Flow::Stage6::readStepFwd/5#5c499a50/5@72a054f5.
[2026-10-07 23:45:24] (0s) Inferred that kernelflow::Flow::Flow::Stage6::readStepFwd/5#5c499a50_3401#join_rhs/4@3cc73frs is empty, due to kernelflow::Flow::Flow::Stage6::readStepFwd/5#5c499a50/5@72a054f5.
[2026-10-07 23:45:24] (0s) Inferred that project#kernelflow::Flow::Flow::Stage6::fwdFlowStore/10#0edf1bf5_1203#join_rhs/4@06661f07 is empty, due to project#kernelflow::Flow::Flow::Stage6::fwdFlowStore/10#0edf1bf5/4@3c6af0l7.
[2026-10-07 23:45:24] (0s) Inferred that num#kernelflow::Flow::Flow::TAccessPathCons1#d8c3829f/3@b9cfc54p is empty, due to kernelflow::Flow::Flow::TAccessPathCons1#dom#5f424158/2@77a7ecrj.
[2026-10-07 23:45:24] (0s) Inferred that num#kernelflow::Flow::Flow::TAccessPathCons2#137cd73d_023#join_rhs/3@72f98fcc is empty, due to num#kernelflow::Flow::Flow::TAccessPathCons2#137cd73d/4@9e42dbkd.
[2026-10-07 23:45:24] (0s) Inferred that kernelflow::Flow::Flow::Stage6::storeStepFwd/5#a2d7c5a5/5@c0a17fdv is empty, due to project#kernelflow::Flow::Flow::Stage6::readStepFwd/5#5c499a50/3@b82e5bti.
[2026-10-07 23:45:24] (0s) Inferred that project#kernelflow::Flow::Flow::Stage6::readStepFwd/5#5c499a50#2_2301#join_rhs/4@f6192274 is empty, due to project#kernelflow::Flow::Flow::Stage6::readStepFwd/5#5c499a50#2/4@684feefo.
[2026-10-07 23:45:24] (0s) Inferred that kernelflow::Flow::Flow::Stage6::storeStepFwd/5#a2d7c5a5_34012#join_rhs/5@49d3f93c is empty, due to kernelflow::Flow::Flow::Stage6::storeStepFwd/5#a2d7c5a5/5@c0a17fdv.
[2026-10-07 23:45:24] (0s) Inferred that kernelflow::Flow::Flow::Stage6::revFlowConsCand/3#f5d7bca6#reorder_2_0_1/3@482823wn is empty, due to project#kernelflow::Flow::Flow::Stage6::readStepFwd/5#5c499a50#2_2301#join_rhs/4@f6192274.
[2026-10-07 23:45:24] (0s) Inferred that kernelflow::Flow::Flow::Stage6::revFlowStore/7#7469847f/7@482821wn is empty, due to kernelflow::Flow::Flow::Stage6::storeStepFwd/5#a2d7c5a5_34012#join_rhs/5@49d3f93c.
[2026-10-07 23:45:24] (0s) Starting to evaluate predicate kernelflow::Flow::Flow::AccessPathApprox.getFront/0#dispred#f927b762/2@afe9d5hf
[2026-10-07 23:45:24] (0s)  >>> Created relation kernelflow::Flow::Flow::AccessPathApprox.getFront/0#dispred#f927b762/2@afe9d5hf with 1 rows and digest 52e0bdo7e2rh65bhgmq4lc1b6g3.
[2026-10-07 23:45:24] (0s) Starting to evaluate predicate num#DataFlowImplCommon::CallContextSensitivity<kernelflow::Flow::Flow::Stage5Param::CallContextSensitivityInput>::TAnyCallContext#d5121173/1@55ea64tg
[2026-10-07 23:45:24] Evaluating HOP construct<DataFlowImplCommon#f7de413b::MakeImplCommon-Location#d34fd4c8::Location-DataFlowImplSpecific#ea056a88::SwiftDataFlow-::-5799280a,0> with inputs:
                        1 tuples in kernelflow::Flow::Flow::S6Graph::TPathNodeSinkGrp#dom#ac10bd67/0@dab1424s
[2026-10-07 23:45:24] (0s)  >>> Created relation num#DataFlowImplCommon::CallContextSensitivity<kernelflow::Flow::Flow::Stage5Param::CallContextSensitivityInput>::TAnyCallContext#d5121173/1@55ea64tg with 1 rows and digest 19f2cevarof1fbaqkctt3t43if4.
[2026-10-07 23:45:24] (0s) Starting to evaluate predicate num#kernelflow::Flow::Flow::Stage5::TSummaryCtxNone#d03b6a42/1@345306fj
[2026-10-07 23:45:24] Evaluating HOP construct<DataFlowImpl#248dabc3::MakeImpl-Location#d34fd4c8::Location-DataFlowImplSpecific#ea056a88::SwiftDataFlow-::Impl-TaintTr-13c41a62,0> with inputs:
                        1 tuples in kernelflow::Flow::Flow::S6Graph::TPathNodeSinkGrp#dom#ac10bd67/0@dab1424s
[2026-10-07 23:45:24] (0s)  >>> Created relation num#kernelflow::Flow::Flow::Stage5::TSummaryCtxNone#d03b6a42/1@345306fj with 1 rows and digest 19f2cevarof1fbaqkctt3t43if4.
[2026-10-07 23:45:24] (0s) Starting to evaluate predicate num#Option::Option<DataFlowPrivate::DataFlowType>::TNone#e8065926/1@a30f4d0f
[2026-10-07 23:45:24] Evaluating HOP construct<Option#8eb11f23::Option-DataFlowPrivate#80e64a43::DataFlowType-::TOption-87819018,0> with inputs:
                        1 tuples in kernelflow::Flow::Flow::S6Graph::TPathNodeSinkGrp#dom#ac10bd67/0@dab1424s
[2026-10-07 23:45:24] (0s)  >>> Created relation num#Option::Option<DataFlowPrivate::DataFlowType>::TNone#e8065926/1@a30f4d0f with 1 rows and digest 19f2cevarof1fbaqkctt3t43if4.
[2026-10-07 23:45:24] (0s) Starting to evaluate predicate kernelflow::Flow::Stage1::sinkNodeWithState/2#1ef39ed9/2@0db395u8
[2026-10-07 23:45:24] (0s)  >>> Created relation kernelflow::Flow::Stage1::sinkNodeWithState/2#1ef39ed9/2@0db395u8 with 2 rows and digest a7d743v5ccankgeeopcqust8eqb.
[2026-10-07 23:45:24] (0s) Starting to evaluate predicate kernelflow::Flow::Stage1::Stage1::sinkNode/2#8ddd44bf/2@a9d5db11
[2026-10-07 23:45:24] (0s)  >>> Created relation kernelflow::Flow::Stage1::Stage1::sinkNode/2#8ddd44bf/2@a9d5db11 with 0 rows and digest THIS-RELATION-HAS-NO-TUPLES.
[2026-10-07 23:45:24] (0s) Inferred that kernelflow::Flow::Stage1::Stage1::revFlowIsReturned/3#bea51135/3@a74a6xn6 is empty, due to kernelflow::Flow::Stage1::Stage1::sinkNode/2#8ddd44bf/2@a9d5db11.
[2026-10-07 23:45:24] (0s) Inferred that kernelflow::Flow::Stage1::Stage1::revFlow0/2#e6aadaf4/2@a74a6yn6 is empty, due to kernelflow::Flow::Stage1::Stage1::sinkNode/2#8ddd44bf/2@a9d5db11.
[2026-10-07 23:45:24] (0s) Inferred that kernelflow::Flow::Stage1::Stage1::revFlow/2#06f8236a/2@a74a6zn6 is empty, due to kernelflow::Flow::Stage1::Stage1::sinkNode/2#8ddd44bf/2@a9d5db11.
[2026-10-07 23:45:24] (0s) Inferred that kernelflow::Flow::Stage1::Stage1::revFlowOut/1#e549488b/1@a74a61w6 is empty, due to kernelflow::Flow::Stage1::Stage1::sinkNode/2#8ddd44bf/2@a9d5db11.
[2026-10-07 23:45:24] (0s) Inferred that kernelflow::Flow::Stage1::Stage1::revFlowInToReturn/3#d5c4bc62/3@a74a62w6 is empty, due to kernelflow::Flow::Stage1::Stage1::sinkNode/2#8ddd44bf/2@a9d5db11.
[2026-10-07 23:45:24] (0s) Inferred that kernelflow::Flow::Stage1::Stage1::revFlowIsReturned/3#bea51135_021#join_rhs/3@4eff812h is empty, due to kernelflow::Flow::Stage1::Stage1::revFlowIsReturned/3#bea51135/3@a74a6xn6.
[2026-10-07 23:45:24] (0s) Inferred that kernelflow::Flow::Stage1::Stage1::callMayFlowThroughRev/1#68d57f7c/1@fbc38857 is empty, due to kernelflow::Flow::Stage1::Stage1::revFlowIsReturned/3#bea51135_021#join_rhs/3@4eff812h.
[2026-10-07 23:45:24] (0s) Inferred that kernelflow::Flow::Stage1::Stage1::revFlow/1#dc1370a3/1@4b5b1dnn is empty, due to kernelflow::Flow::Stage1::Stage1::revFlow/2#06f8236a/2@a74a6zn6.
[2026-10-07 23:45:24] (0s) Inferred that kernelflow::Flow::Stage1::Stage1::throughFlowNodeCand/1#cce5873e/1@995aefuf is empty, due to kernelflow::Flow::Stage1::Stage1::revFlow/2#06f8236a/2@a74a6zn6.
[2026-10-07 23:45:24] (0s) Inferred that _kernelflow::Flow::Stage1::Stage1::callEdgeArgParam/5#c390e350_kernelflow::Flow::Stage1::Stage1::cal__#antijoin_rhs/5@d1efe864 is empty, due to kernelflow::Flow::Stage1::Stage1::callMayFlowThroughRev/1#68d57f7c/1@fbc38857.
[2026-10-07 23:45:24] (0s) Inferred that kernelflow::Flow::Flow::Stage2::FwdFlowInThrough::callEdgeArgParamRestricted/5#a37bd8ed/5@4002fba1 is empty, due to kernelflow::Flow::Stage1::Stage1::callMayFlowThroughRev/1#68d57f7c/1@fbc38857.
[2026-10-07 23:45:24] (0s) Inferred that kernelflow::Flow::Flow::Stage2::flowThroughOutOfCall/4#e23155d5/4@010d5e5m is empty, due to kernelflow::Flow::Stage1::Stage1::callMayFlowThroughRev/1#68d57f7c/1@fbc38857.
[2026-10-07 23:45:24] (0s) Inferred that kernelflow::Flow::Flow::Stage2::getNodeTyp/1#bb37f2c2/2@d834978o is empty, due to kernelflow::Flow::Stage1::Stage1::revFlow/1#dc1370a3/1@4b5b1dnn.
[2026-10-07 23:45:24] (0s) Inferred that kernelflow::Flow::Stage1::localStepNodeCand1/6#a993317a/6@36cbbbev is empty, due to kernelflow::Flow::Stage1::Stage1::revFlow/1#dc1370a3/1@4b5b1dnn.
[2026-10-07 23:45:24] (0s) Inferred that kernelflow::Flow::Stage1::viableParamArgNodeCand1/3#9de37007/3@4d6c1c78 is empty, due to kernelflow::Flow::Stage1::Stage1::revFlow/1#dc1370a3/1@4b5b1dnn.
[2026-10-07 23:45:24] (0s) Inferred that kernelflow::Flow::Stage1::viableReturnPosOutNodeCand1/3#6d3eacf8/3@1dc01682 is empty, due to kernelflow::Flow::Stage1::Stage1::revFlow/1#dc1370a3/1@4b5b1dnn.
[2026-10-07 23:45:24] (0s) Inferred that kernelflow::Flow::Stage1::Stage1::returnFlowCallableNodeCand/2#7a2906c9/2@e1781f24 is empty, due to kernelflow::Flow::Stage1::Stage1::throughFlowNodeCand/1#cce5873e/1@995aefuf.
[2026-10-07 23:45:24] (0s) Inferred that kernelflow::Flow::Stage1::Stage1::returnMayFlowThrough/2#b1ca35b7/2@876df8tv is empty, due to kernelflow::Flow::Stage1::Stage1::throughFlowNodeCand/1#cce5873e/1@995aefuf.
[2026-10-07 23:45:24] (0s) Inferred that project#kernelflow::Flow::Flow::Stage2::FwdFlowInThrough::callEdgeArgParamRestricted/5#a37bd8ed/2@9c011d66 is empty, due to kernelflow::Flow::Flow::Stage2::FwdFlowInThrough::callEdgeArgParamRestricted/5#a37bd8ed/5@4002fba1.
[2026-10-07 23:45:24] (0s) Inferred that project#kernelflow::Flow::Flow::Stage2::FwdFlowInThrough::callEdgeArgParamRestricted/5#a37bd8ed#2/2@8134abrv is empty, due to kernelflow::Flow::Flow::Stage2::FwdFlowInThrough::callEdgeArgParamRestricted/5#a37bd8ed/5@4002fba1.
[2026-10-07 23:45:24] (0s) Inferred that kernelflow::Flow::Flow::Stage2::FwdFlowInThrough::callEdgeArgParamRestricted/5#a37bd8ed_01243#join_rhs/5@bbbff96g is empty, due to kernelflow::Flow::Flow::Stage2::FwdFlowInThrough::callEdgeArgParamRestricted/5#a37bd8ed/5@4002fba1.
[2026-10-07 23:45:24] (0s) Inferred that project#kernelflow::Flow::Flow::Stage2::flowThroughOutOfCall/4#e23155d5/3@9d7031da is empty, due to kernelflow::Flow::Flow::Stage2::flowThroughOutOfCall/4#e23155d5/4@010d5e5m.
[2026-10-07 23:45:24] (0s) Inferred that kernelflow::Flow::Flow::Stage2::fwdFlow0/7#20aa9a77/7@16520w2c is empty, due to kernelflow::Flow::Flow::Stage2::getNodeTyp/1#bb37f2c2/2@d834978o.
[2026-10-07 23:45:24] (0s) Inferred that kernelflow::Flow::Flow::Stage2::fwdFlowThrough/7#1d358ef3/7@16520x2c is empty, due to kernelflow::Flow::Flow::Stage2::getNodeTyp/1#bb37f2c2/2@d834978o.
[2026-10-07 23:45:24] (0s) Inferred that kernelflow::Flow::Flow::Stage2::fwdFlowInNoFlowThrough/6#94454c8d/6@16520y2c is empty, due to kernelflow::Flow::Flow::Stage2::getNodeTyp/1#bb37f2c2/2@d834978o.
[2026-10-07 23:45:24] (0s) Inferred that kernelflow::Flow::Flow::Stage2::fwdFlowRetFromArg/6#163cb193#reorder_1_2_0_3_4_5/6@16520z2c is empty, due to kernelflow::Flow::Flow::Stage2::getNodeTyp/1#bb37f2c2/2@d834978o.
[2026-10-07 23:45:24] (0s) Inferred that kernelflow::Flow::Flow::Stage2::fwdFlowIntoRet/6#3d3cd119/6@165200wc is empty, due to kernelflow::Flow::Flow::Stage2::getNodeTyp/1#bb37f2c2/2@d834978o.
[2026-10-07 23:45:24] (0s) Inferred that kernelflow::Flow::Flow::Stage2::fwdFlow/6#6c8805b0#reorder_2_0_1_3_4_5/6@165201wc is empty, due to kernelflow::Flow::Flow::Stage2::getNodeTyp/1#bb37f2c2/2@d834978o.
[2026-10-07 23:45:24] (0s) Inferred that num#kernelflow::Flow::Flow::Stage2::TSummaryCtxSome#095d1130/6@165202wc is empty, due to kernelflow::Flow::Flow::Stage2::getNodeTyp/1#bb37f2c2/2@d834978o.
[2026-10-07 23:45:24] (0s) Inferred that kernelflow::Flow::Flow::Stage2::TSummaryCtxSome#095d1130/6@165203wc is empty, due to kernelflow::Flow::Flow::Stage2::getNodeTyp/1#bb37f2c2/2@d834978o.
[2026-10-07 23:45:24] (0s) Inferred that kernelflow::Flow::Flow::Stage2::SummaryCtx.isSome/1#cf286b02/2@165207wc is empty, due to kernelflow::Flow::Flow::Stage2::getNodeTyp/1#bb37f2c2/2@d834978o.
[2026-10-07 23:45:24] (0s) Inferred that kernelflow::Flow::Flow::Stage2::SummaryCtx.isSome/1#dispred#1df9ab4c/2@165208wc is empty, due to kernelflow::Flow::Flow::Stage2::getNodeTyp/1#bb37f2c2/2@d834978o.
[2026-10-07 23:45:24] (0s) Inferred that kernelflow::Flow::Flow::Stage2::fwdFlowIsEntered0/10#165679fb#reorder_5_6_7_8_9_0_1_2_3_4/10@16520awc is empty, due to kernelflow::Flow::Flow::Stage2::getNodeTyp/1#bb37f2c2/2@d834978o.
[2026-10-07 23:45:24] (0s) Inferred that kernelflow::Flow::Flow::Stage2::fwdFlowIntoArg/8#e3cf6596#reorder_2_0_1_3_4_5_6_7/8@16520cwc is empty, due to kernelflow::Flow::Flow::Stage2::getNodeTyp/1#bb37f2c2/2@d834978o.
[2026-10-07 23:45:24] (0s) Inferred that kernelflow::Flow::Flow::Stage2::fwdFlowOutValidEdge/7#6d0b6ba9#reorder_1_2_0_3_4_5_6/7@16520ewc is empty, due to kernelflow::Flow::Flow::Stage2::getNodeTyp/1#bb37f2c2/2@d834978o.
[2026-10-07 23:45:24] (0s) Inferred that kernelflow::Flow::Flow::Stage2::fwdFlow1/7#c6f058a7/7@16520fwc is empty, due to kernelflow::Flow::Flow::Stage2::getNodeTyp/1#bb37f2c2/2@d834978o.
[2026-10-07 23:45:24] (0s) Inferred that kernelflow::Flow::Flow::Stage2::fwdFlowIsEntered/6#c45897dc#reorder_3_5_0_1_2_4/6@16520gwc is empty, due to kernelflow::Flow::Flow::Stage2::getNodeTyp/1#bb37f2c2/2@d834978o.
[2026-10-07 23:45:24] (0s) Inferred that kernelflow::Flow::Flow::Stage2::fwdFlowOutCand/6#1268eb98/6@16520hwc is empty, due to kernelflow::Flow::Flow::Stage2::getNodeTyp/1#bb37f2c2/2@d834978o.
[2026-10-07 23:45:24] (0s) Inferred that kernelflow::Flow::Flow::Stage2::fwdFlowInFlowThrough/6#5e1fecd1#reorder_0_2_3_4_5_1/6@16520iwc is empty, due to kernelflow::Flow::Flow::Stage2::getNodeTyp/1#bb37f2c2/2@d834978o.
[2026-10-07 23:45:24] (0s) Inferred that kernelflow::Flow::Flow::Stage2::TSummaryCtxSome#095d1130#reorder_5_0_1_2_3_4/6@16520jwc is empty, due to kernelflow::Flow::Flow::Stage2::getNodeTyp/1#bb37f2c2/2@d834978o.
[2026-10-07 23:45:24] (0s) Inferred that kernelflow::Flow::Flow::Stage2::TSummaryCtxSome#dom#aa1683d0/5@16520kwc is empty, due to kernelflow::Flow::Flow::Stage2::getNodeTyp/1#bb37f2c2/2@d834978o.
[2026-10-07 23:45:24] (0s) Inferred that kernelflow::Flow::Flow::Stage2::fwdFlowJump/4#dbeed84b/4@16520nwc is empty, due to kernelflow::Flow::Flow::Stage2::getNodeTyp/1#bb37f2c2/2@d834978o.
[2026-10-07 23:45:24] (0s) Inferred that kernelflow::Flow::Flow::Stage2Param::localStep/6#6ce599f0#cpe#1236#ffbf/4@85502d9a is empty, due to kernelflow::Flow::Stage1::localStepNodeCand1/6#a993317a/6@36cbbbev.
[2026-10-07 23:45:24] (0s) Inferred that kernelflow::Flow::Stage1::localStepNodeCand1/6#a993317a_201#join_rhs/3@0c0906jn is empty, due to kernelflow::Flow::Stage1::localStepNodeCand1/6#a993317a/6@36cbbbev.
[2026-10-07 23:45:24] (0s) Inferred that kernelflow::Flow::Stage1::localStepNodeCand1/6#a993317a_041235#join_rhs/6@d4260cvu is empty, due to kernelflow::Flow::Stage1::localStepNodeCand1/6#a993317a/6@36cbbbev.
[2026-10-07 23:45:24] (0s) Inferred that kernelflow::Flow::Flow::Stage2::LocalFlowBigStep<kernelflow::Flow::Stage1::localStepNodeCand1>::localFlowStepPlus/6#4f465274/6@a9d9cw4s is empty, due to kernelflow::Flow::Stage1::localStepNodeCand1/6#a993317a/6@36cbbbev.
[2026-10-07 23:45:24] (0s) Inferred that kernelflow::Flow::Stage1::flowIntoCallNodeCand1/3#6c604256/3@57ed0fo5 is empty, due to kernelflow::Flow::Stage1::viableParamArgNodeCand1/3#9de37007/3@4d6c1c78.
[2026-10-07 23:45:24] (0s) Inferred that kernelflow::Flow::Stage1::viableReturnPosOutNodeCand1/3#6d3eacf8_102#join_rhs/3@b9d17a50 is empty, due to kernelflow::Flow::Stage1::viableReturnPosOutNodeCand1/3#6d3eacf8/3@1dc01682.
[2026-10-07 23:45:24] (0s) Inferred that kernelflow::Flow::Stage1::Stage1::parameterMayFlowThrough/2#1b59db30/2@ccee01iu is empty, due to kernelflow::Flow::Stage1::Stage1::returnFlowCallableNodeCand/2#7a2906c9/2@e1781f24.
[2026-10-07 23:45:24] (0s) Inferred that project#kernelflow::Flow::Flow::Stage2::FwdFlowInThrough::callEdgeArgParamRestricted/5#a37bd8ed_10#join_rhs/2@9d11865r is empty, due to project#kernelflow::Flow::Flow::Stage2::FwdFlowInThrough::callEdgeArgParamRestricted/5#a37bd8ed/2@9c011d66.
[2026-10-07 23:45:24] (0s) Inferred that kernelflow::Flow::Flow::Stage2::returnFlowsThrough/8#7934bbf1/8@79d82ahf is empty, due to project#kernelflow::Flow::Flow::Stage2::flowThroughOutOfCall/4#e23155d5/3@9d7031da.
[2026-10-07 23:45:24] (0s) Inferred that kernelflow::Flow::Flow::Stage2::returnFlowsThrough0/5#b7073ea6/5@d5138258 is empty, due to kernelflow::Flow::Flow::Stage2::fwdFlowRetFromArg/6#163cb193#reorder_1_2_0_3_4_5/6@16520z2c.
[2026-10-07 23:45:24] (0s) Inferred that project#kernelflow::Flow::Flow::Stage2::fwdFlowIntoRet/6#3d3cd119/5@4a9a77sl is empty, due to kernelflow::Flow::Flow::Stage2::fwdFlowIntoRet/6#3d3cd119/6@165200wc.
[2026-10-07 23:45:24] (0s) Inferred that project#kernelflow::Flow::Flow::Stage2::fwdFlow/6#6c8805b0/2@4b37b9r8 is empty, due to kernelflow::Flow::Flow::Stage2::fwdFlow/6#6c8805b0#reorder_2_0_1_3_4_5/6@165201wc.
[2026-10-07 23:45:24] (0s) Inferred that project#kernelflow::Flow::Flow::Stage2::fwdFlow/6#6c8805b0#2/4@a08476aq is empty, due to kernelflow::Flow::Flow::Stage2::fwdFlow/6#6c8805b0#reorder_2_0_1_3_4_5/6@165201wc.
[2026-10-07 23:45:24] (0s) Inferred that kernelflow::Flow::Flow::Stage2::fwdFlow/6#6c8805b0#reorder_2_0_1_3_4_5_410#join_rhs/3@01a257gp is empty, due to kernelflow::Flow::Flow::Stage2::fwdFlow/6#6c8805b0#reorder_2_0_1_3_4_5/6@165201wc.
[2026-10-07 23:45:24] (0s) Inferred that kernelflow::Flow::Flow::Stage2::SummaryCtx.isSome/1#dispred#1df9ab4c_10#join_rhs/2@02827a51 is empty, due to kernelflow::Flow::Flow::Stage2::SummaryCtx.isSome/1#dispred#1df9ab4c/2@165208wc.
[2026-10-07 23:45:24] (0s) Inferred that project#kernelflow::Flow::Flow::Stage2::fwdFlowIntoArg/8#e3cf6596/7@7ce22evg is empty, due to kernelflow::Flow::Flow::Stage2::fwdFlowIntoArg/8#e3cf6596#reorder_2_0_1_3_4_5_6_7/8@16520cwc.
[2026-10-07 23:45:24] (0s) Inferred that kernelflow::Flow::Flow::Stage2::FwdTypeFlowInput::dataFlowTakenCallEdgeOut0/7#fdd868f8/7@3ff06fah is empty, due to project#kernelflow::Flow::Flow::Stage2::fwdFlowIntoRet/6#3d3cd119/5@4a9a77sl.
[2026-10-07 23:45:24] (0s) Inferred that project#kernelflow::Flow::Flow::Stage2::fwdFlow1/7#c6f058a7/5@486118pf is empty, due to kernelflow::Flow::Flow::Stage2::fwdFlow1/7#c6f058a7/7@16520fwc.
[2026-10-07 23:45:24] (0s) Inferred that project#kernelflow::Flow::Flow::Stage2::fwdFlowIsEntered/6#c45897dc/3@108d87qg is empty, due to kernelflow::Flow::Flow::Stage2::fwdFlowIsEntered/6#c45897dc#reorder_3_5_0_1_2_4/6@16520gwc.
[2026-10-07 23:45:24] (0s) Inferred that kernelflow::Flow::Flow::Stage2Param::localStep/6#6ce599f0#cpe#1236#ffbf_201#join_rhs/3@e5955494 is empty, due to kernelflow::Flow::Flow::Stage2Param::localStep/6#6ce599f0#cpe#1236#ffbf/4@85502d9a.
[2026-10-07 23:45:24] (0s) Inferred that project#kernelflow::Flow::Stage1::localStepNodeCand1/6#a993317a/2@c35a34i6 is empty, due to kernelflow::Flow::Stage1::localStepNodeCand1/6#a993317a_201#join_rhs/3@0c0906jn.
[2026-10-07 23:45:24] (0s) Inferred that project#kernelflow::Flow::Stage1::localStepNodeCand1/6#a993317a#2/2@5e0fe3k8 is empty, due to kernelflow::Flow::Stage1::localStepNodeCand1/6#a993317a_201#join_rhs/3@0c0906jn.
[2026-10-07 23:45:24] (0s) Inferred that kernelflow::Flow::Flow::Stage2::LocalFlowBigStep<kernelflow::Flow::Stage1::localStepNodeCand1>::localFlowBigStep/6#2e7bb3aa/6@6c99829v is empty, due to kernelflow::Flow::Flow::Stage2::LocalFlowBigStep<kernelflow::Flow::Stage1::localStepNodeCand1>::localFlowStepPlus/6#4f465274/6@a9d9cw4s.
[2026-10-07 23:45:24] (0s) Inferred that project#kernelflow::Flow::Stage1::flowIntoCallNodeCand1/3#6c604256/2@c06cb68m is empty, due to kernelflow::Flow::Stage1::flowIntoCallNodeCand1/3#6c604256/3@57ed0fo5.
[2026-10-07 23:45:24] (0s) Inferred that kernelflow::Flow::Stage1::flowOutOfCallNodeCand1/4#15978e3e/4@a9aaa3ov is empty, due to kernelflow::Flow::Stage1::viableReturnPosOutNodeCand1/3#6d3eacf8_102#join_rhs/3@b9d17a50.
[2026-10-07 23:45:24] (0s) Inferred that kernelflow::Flow::Flow::Stage2::revFlowParamToReturn/4#421f01e5#reorder_1_2_0_3/4@92ee53w3 is empty, due to project#kernelflow::Flow::Flow::Stage2::fwdFlow/6#6c8805b0/2@4b37b9r8.
[2026-10-07 23:45:24] (0s) Inferred that project#kernelflow::Flow::Flow::Stage2::returnFlowsThrough/8#7934bbf1/4@8767eeds is empty, due to kernelflow::Flow::Flow::Stage2::returnFlowsThrough/8#7934bbf1/8@79d82ahf.
[2026-10-07 23:45:24] (0s) Inferred that project#kernelflow::Flow::Flow::Stage2::returnFlowsThrough/8#7934bbf1#2/3@29e01ecm is empty, due to kernelflow::Flow::Flow::Stage2::returnFlowsThrough/8#7934bbf1/8@79d82ahf.
[2026-10-07 23:45:24] (0s) Inferred that project#kernelflow::Flow::Flow::Stage2::returnFlowsThrough/8#7934bbf1#3/4@7d0e1eaj is empty, due to kernelflow::Flow::Flow::Stage2::returnFlowsThrough/8#7934bbf1/8@79d82ahf.
[2026-10-07 23:45:24] (0s) Inferred that project#kernelflow::Flow::Flow::Stage2::returnFlowsThrough/8#7934bbf1#4/3@75363fag is empty, due to kernelflow::Flow::Flow::Stage2::returnFlowsThrough/8#7934bbf1/8@79d82ahf.
[2026-10-07 23:45:24] (0s) Inferred that project#kernelflow::Flow::Flow::Stage2::returnFlowsThrough/8#7934bbf1#5/5@b156deff is empty, due to kernelflow::Flow::Flow::Stage2::returnFlowsThrough/8#7934bbf1/8@79d82ahf.
[2026-10-07 23:45:24] (0s) Inferred that kernelflow::Flow::Flow::Stage2::returnFlowsThrough0/5#b7073ea6_40123#join_rhs/5@e5329fnd is empty, due to kernelflow::Flow::Flow::Stage2::returnFlowsThrough0/5#b7073ea6/5@d5138258.
[2026-10-07 23:45:24] (0s) Inferred that kernelflow::Flow::Flow::Stage2::flowIntoCallAp/5#51ab71ec/5@7ceec9a4 is empty, due to project#kernelflow::Flow::Flow::Stage2::fwdFlow/6#6c8805b0/2@4b37b9r8.
[2026-10-07 23:45:24] (0s) Inferred that kernelflow::Flow::Flow::Stage2::flowOutOfCallAp/7#19403b71/7@1f386e4j is empty, due to project#kernelflow::Flow::Flow::Stage2::fwdFlow1/7#c6f058a7/5@486118pf.
[2026-10-07 23:45:24] (0s) Inferred that kernelflow::Flow::Flow::Stage2::revFlow/4#bd1e8f6e#reorder_0_3_1_2/4@92ee52w3 is empty, due to project#kernelflow::Flow::Flow::Stage2::fwdFlow/6#6c8805b0/2@4b37b9r8.
[2026-10-07 23:45:24] (0s) Inferred that kernelflow::Flow::Flow::Stage2::revFlowJump/2#37a7c33f/2@92ee55w3 is empty, due to project#kernelflow::Flow::Flow::Stage2::fwdFlow/6#6c8805b0/2@4b37b9r8.
[2026-10-07 23:45:24] (0s) Inferred that kernelflow::Flow::Flow::Stage2::flowThroughIntoCall/4#691c1481/4@0cbb33bf is empty, due to project#kernelflow::Flow::Flow::Stage2::returnFlowsThrough/8#7934bbf1/4@8767eeds.
[2026-10-07 23:45:24] (0s) Inferred that project#kernelflow::Flow::Flow::Stage2::fwdFlow/6#6c8805b0#3/2@80e1d0tv is empty, due to kernelflow::Flow::Flow::Stage2::fwdFlow/6#6c8805b0#reorder_2_0_1_3_4_5_410#join_rhs/3@01a257gp.
[2026-10-07 23:45:24] (0s) Inferred that kernelflow::Flow::Flow::Stage2::FwdTypeFlowInput::dataFlowTakenCallEdgeIn0/8#ff2f25ec/8@a96af1tu is empty, due to project#kernelflow::Flow::Flow::Stage2::fwdFlowIntoArg/8#e3cf6596/7@7ce22evg.
[2026-10-07 23:45:24] (0s) Inferred that kernelflow::Flow::Flow::Stage2::FwdTypeFlowInput::dataFlowTakenCallEdgeOut/2#4e4ec6b6/2@7495ce1c is empty, due to kernelflow::Flow::Flow::Stage2::FwdTypeFlowInput::dataFlowTakenCallEdgeOut0/7#fdd868f8/7@3ff06fah.
[2026-10-07 23:45:24] (0s) Inferred that kernelflow::Flow::Flow::Stage2::FwdTypeFlowInput::fwdFlow1Param/5#83d24aef/5@7081e2vl is empty, due to project#kernelflow::Flow::Flow::Stage2::fwdFlow1/7#c6f058a7/5@486118pf.
[2026-10-07 23:45:24] (0s) Inferred that kernelflow::Flow::Flow::Stage2::FwdTypeFlowInput::fwdFlow1Out/5#8ae67a0f/5@4d8dcd7n is empty, due to project#kernelflow::Flow::Flow::Stage2::fwdFlow1/7#c6f058a7/5@486118pf.
[2026-10-07 23:45:24] (0s) Inferred that project#kernelflow::Flow::Flow::Stage2Param::localStep/6#6ce599f0#cpe#1236#ffbf/2@3d0150te is empty, due to kernelflow::Flow::Flow::Stage2Param::localStep/6#6ce599f0#cpe#1236#ffbf_201#join_rhs/3@e5955494.
[2026-10-07 23:45:24] (0s) Inferred that project#kernelflow::Flow::Flow::Stage2Param::localStep/6#6ce599f0#cpe#1236#ffbf#2/2@83142flr is empty, due to kernelflow::Flow::Flow::Stage2Param::localStep/6#6ce599f0#cpe#1236#ffbf_201#join_rhs/3@e5955494.
[2026-10-07 23:45:24] (0s) Inferred that project#kernelflow::Flow::Stage1::localStepNodeCand1/6#a993317a_10#join_rhs/2@03ef7eh8 is empty, due to project#kernelflow::Flow::Stage1::localStepNodeCand1/6#a993317a/2@c35a34i6.
[2026-10-07 23:45:24] (0s) Inferred that project#kernelflow::Flow::Stage1::localStepNodeCand1/6#a993317a#2_10#join_rhs/2@7678866v is empty, due to project#kernelflow::Flow::Stage1::localStepNodeCand1/6#a993317a#2/2@5e0fe3k8.
[2026-10-07 23:45:24] (0s) Inferred that kernelflow::Flow::Flow::Stage3Param::localStep/6#45cbcc66#cpe#1236#ffbf/4@3efff60c is empty, due to kernelflow::Flow::Flow::Stage2::LocalFlowBigStep<kernelflow::Flow::Stage1::localStepNodeCand1>::localFlowBigStep/6#2e7bb3aa/6@6c99829v.
[2026-10-07 23:45:24] (0s) Inferred that kernelflow::Flow::Flow::Stage2::LocalFlowBigStep<kernelflow::Flow::Stage1::localStepNodeCand1>::localFlowBigStep/6#2e7bb3aa_201#join_rhs/3@e1f70102 is empty, due to kernelflow::Flow::Flow::Stage2::LocalFlowBigStep<kernelflow::Flow::Stage1::localStepNodeCand1>::localFlowBigStep/6#2e7bb3aa/6@6c99829v.
[2026-10-07 23:45:24] (0s) Inferred that kernelflow::Flow::Flow::Stage4Param::localStep/6#109e8618/6@644f2du2 is empty, due to kernelflow::Flow::Flow::Stage2::LocalFlowBigStep<kernelflow::Flow::Stage1::localStepNodeCand1>::localFlowBigStep/6#2e7bb3aa/6@6c99829v.
[2026-10-07 23:45:24] (0s) Inferred that kernelflow::Flow::Flow::Stage4::LocalFlowBigStep<Stage3Param::localFlowBigStep>::localFlowBigStepTc/6#1c95a3ec/6@01320boa is empty, due to kernelflow::Flow::Flow::Stage2::LocalFlowBigStep<kernelflow::Flow::Stage1::localStepNodeCand1>::localFlowBigStep/6#2e7bb3aa/6@6c99829v.
[2026-10-07 23:45:24] (0s) Inferred that _DataFlowImplCommon::NodeEx.getEnclosingCallable0/0#368b0963_project#kernelflow::Flow::Stage1::flowI__#count_range/2@c722e76r is empty, due to project#kernelflow::Flow::Stage1::flowIntoCallNodeCand1/3#6c604256/2@c06cb68m.
[2026-10-07 23:45:24] (0s) Inferred that _DataFlowImplCommon::NodeEx.getEnclosingCallable0/0#368b0963_project#kernelflow::Flow::Stage1::flowI__#count_range#1/2@ae885am5 is empty, due to project#kernelflow::Flow::Stage1::flowIntoCallNodeCand1/3#6c604256/2@c06cb68m.
[2026-10-07 23:45:24] (0s) Inferred that project#kernelflow::Flow::Stage1::flowOutOfCallNodeCand1/4#15978e3e/3@92f7abej is empty, due to kernelflow::Flow::Stage1::flowOutOfCallNodeCand1/4#15978e3e/4@a9aaa3ov.
[2026-10-07 23:45:24] (0s) Inferred that kernelflow::Flow::Stage1::flowOutOfCallNodeCand1/4#15978e3e_3012#join_rhs/4@fea7079e is empty, due to kernelflow::Flow::Stage1::flowOutOfCallNodeCand1/4#15978e3e/4@a9aaa3ov.
[2026-10-07 23:45:24] (0s) Inferred that project#kernelflow::Flow::Flow::Stage2::returnFlowsThrough/8#7934bbf1#3_0132#join_rhs/4@b8ad9bat is empty, due to project#kernelflow::Flow::Flow::Stage2::returnFlowsThrough/8#7934bbf1#3/4@7d0e1eaj.
[2026-10-07 23:45:24] (0s) Inferred that kernelflow::Flow::Flow::Stage2::parameterMayFlowThroughAp/2#db093ce2/2@96a3f440 is empty, due to project#kernelflow::Flow::Flow::Stage2::returnFlowsThrough/8#7934bbf1#4/3@75363fag.
[2026-10-07 23:45:24] (0s) Inferred that project#kernelflow::Flow::Flow::Stage2::returnFlowsThrough/8#7934bbf1#5_12340#join_rhs/5@4d764d66 is empty, due to project#kernelflow::Flow::Flow::Stage2::returnFlowsThrough/8#7934bbf1#5/5@b156deff.
[2026-10-07 23:45:24] (0s) Inferred that kernelflow::Flow::Flow::Stage2::RevTypeFlow::typeFlowValidEdgeOut/2#3e11c433/2@c21eb9i6 is empty, due to kernelflow::Flow::Flow::Stage2::flowIntoCallAp/5#51ab71ec/5@7ceec9a4.
[2026-10-07 23:45:24] (0s) Inferred that kernelflow::Flow::Flow::Stage2::flowIntoCallAp/5#51ab71ec_34012#join_rhs/5@33947cu5 is empty, due to kernelflow::Flow::Flow::Stage2::flowIntoCallAp/5#51ab71ec/5@7ceec9a4.
[2026-10-07 23:45:24] (0s) Inferred that project#kernelflow::Flow::Flow::Stage2::flowOutOfCallAp/7#19403b71/2@f0ca577n is empty, due to kernelflow::Flow::Flow::Stage2::flowOutOfCallAp/7#19403b71/7@1f386e4j.
[2026-10-07 23:45:24] (0s) Inferred that kernelflow::Flow::Flow::Stage2::revFlow/4#bd1e8f6e#reorder_0_3_1_2_3021#join_rhs/4@f001b8ik is empty, due to kernelflow::Flow::Flow::Stage2::revFlow/4#bd1e8f6e#reorder_0_3_1_2/4@92ee52w3.
[2026-10-07 23:45:24] (0s) Inferred that kernelflow::Flow::Flow::Stage2::revFlow/1#e8d6f151/1@6b6fdfah is empty, due to kernelflow::Flow::Flow::Stage2::revFlow/4#bd1e8f6e#reorder_0_3_1_2/4@92ee52w3.
[2026-10-07 23:45:24] (0s) Inferred that kernelflow::Flow::Flow::Stage2::callMayFlowThroughRev/1#4f0fa42e/1@40ea649v is empty, due to kernelflow::Flow::Flow::Stage2::revFlow/4#bd1e8f6e#reorder_0_3_1_2/4@92ee52w3.
[2026-10-07 23:45:24] (0s) Inferred that project#kernelflow::Flow::Flow::Stage2::revFlow/4#bd1e8f6e/2@9fbda9lo is empty, due to kernelflow::Flow::Flow::Stage2::revFlow/4#bd1e8f6e#reorder_0_3_1_2/4@92ee52w3.
[2026-10-07 23:45:24] (0s) Inferred that kernelflow::Flow::Flow::Stage2::revFlow/4#bd1e8f6e#reorder_0_3_1_2_10#join_rhs/2@d73705sg is empty, due to kernelflow::Flow::Flow::Stage2::revFlow/4#bd1e8f6e#reorder_0_3_1_2/4@92ee52w3.
[2026-10-07 23:45:24] (0s) Inferred that kernelflow::Flow::Flow::Stage2::flowThroughIntoCall/4#691c1481_0231#join_rhs/4@7bf621e8 is empty, due to kernelflow::Flow::Flow::Stage2::flowThroughIntoCall/4#691c1481/4@0cbb33bf.
[2026-10-07 23:45:24] (0s) Inferred that kernelflow::Flow::Flow::Stage2::revFlow0/4#972aea49/4@92ee5wb3 is empty, due to project#kernelflow::Flow::Flow::Stage2::fwdFlow/6#6c8805b0#3/2@80e1d0tv.
[2026-10-07 23:45:24] (0s) Inferred that kernelflow::Flow::Flow::Stage2::revFlowIn/4#9ea6998a/4@92ee5xb3 is empty, due to project#kernelflow::Flow::Flow::Stage2::fwdFlow/6#6c8805b0#3/2@80e1d0tv.
[2026-10-07 23:45:24] (0s) Inferred that kernelflow::Flow::Flow::Stage2::revFlowOut/7#40f72f4c/7@92ee5yb3 is empty, due to project#kernelflow::Flow::Flow::Stage2::fwdFlow/6#6c8805b0#3/2@80e1d0tv.
[2026-10-07 23:45:24] (0s) Inferred that kernelflow::Flow::Flow::Stage2::revFlowThrough/5#6769135b/5@92ee50w3 is empty, due to project#kernelflow::Flow::Flow::Stage2::fwdFlow/6#6c8805b0#3/2@80e1d0tv.
[2026-10-07 23:45:24] (0s) Inferred that kernelflow::Flow::Flow::Stage2::revFlowIsReturned/5#e46842f7#reorder_3_4_0_1_2/5@92ee51w3 is empty, due to project#kernelflow::Flow::Flow::Stage2::fwdFlow/6#6c8805b0#3/2@80e1d0tv.
[2026-10-07 23:45:24] (0s) Inferred that kernelflow::Flow::Flow::Stage2::FwdTypeFlowInput::dataFlowTakenCallEdgeIn/3#03e3269a/3@9fc9c0vr is empty, due to kernelflow::Flow::Flow::Stage2::FwdTypeFlowInput::dataFlowTakenCallEdgeIn0/8#ff2f25ec/8@a96af1tu.
[2026-10-07 23:45:24] (0s) Inferred that kernelflow::Flow::Flow::Stage3Param::localStep/6#45cbcc66#cpe#1236#ffbf_201#join_rhs/3@83ee3coq is empty, due to kernelflow::Flow::Flow::Stage3Param::localStep/6#45cbcc66#cpe#1236#ffbf/4@3efff60c.
[2026-10-07 23:45:24] (0s) Inferred that project#kernelflow::Flow::Flow::Stage2::LocalFlowBigStep<kernelflow::Flow::Stage1::localStepNodeCand1>::localFlowBigStep/6#2e7bb3aa/2@7fc376n2 is empty, due to kernelflow::Flow::Flow::Stage2::LocalFlowBigStep<kernelflow::Flow::Stage1::localStepNodeCand1>::localFlowBigStep/6#2e7bb3aa_201#join_rhs/3@e1f70102.
[2026-10-07 23:45:24] (0s) Inferred that project#kernelflow::Flow::Flow::Stage2::LocalFlowBigStep<kernelflow::Flow::Stage1::localStepNodeCand1>::localFlowBigStep/6#2e7bb3aa#2/2@0af8e775 is empty, due to kernelflow::Flow::Flow::Stage2::LocalFlowBigStep<kernelflow::Flow::Stage1::localStepNodeCand1>::localFlowBigStep/6#2e7bb3aa_201#join_rhs/3@e1f70102.
[2026-10-07 23:45:24] (0s) Inferred that kernelflow::Flow::Flow::Stage4Param::localStep/6#109e8618_201345#join_rhs/6@5277f722 is empty, due to kernelflow::Flow::Flow::Stage4Param::localStep/6#109e8618/6@644f2du2.
[2026-10-07 23:45:24] (0s) Inferred that kernelflow::Flow::Flow::Stage4::LocalFlowBigStep<Stage3Param::localFlowBigStep>::localFlowBigStepTc/6#1c95a3ec_201#join_rhs/3@02b7a0s6 is empty, due to kernelflow::Flow::Flow::Stage4::LocalFlowBigStep<Stage3Param::localFlowBigStep>::localFlowBigStepTc/6#1c95a3ec/6@01320boa.
[2026-10-07 23:45:24] (0s) Inferred that kernelflow::Flow::Flow::Stage4::LocalFlowBigStep<Stage3Param::localFlowBigStep>::localFlowBigStepTc/6#1c95a3ec_2013#join_rhs/4@85d93agm is empty, due to kernelflow::Flow::Flow::Stage4::LocalFlowBigStep<Stage3Param::localFlowBigStep>::localFlowBigStepTc/6#1c95a3ec/6@01320boa.
[2026-10-07 23:45:24] (0s) Inferred that kernelflow::Flow::Flow::Stage5::LocalFlowBigStep<Stage4::LocalFlowBigStep<Stage3Param::localFlowBigStep>::localFlowBigStepTc>::localFlowBigStepTc/6#1d315033/6@0592db61 is empty, due to kernelflow::Flow::Flow::Stage4::LocalFlowBigStep<Stage3Param::localFlowBigStep>::localFlowBigStepTc/6#1c95a3ec/6@01320boa.
[2026-10-07 23:45:24] (0s) Inferred that kernelflow::Flow::Stage1::branch/1#fe8d57ac/2@9833b4l1 is empty, due to _DataFlowImplCommon::NodeEx.getEnclosingCallable0/0#368b0963_project#kernelflow::Flow::Stage1::flowI__#count_range/2@c722e76r.
[2026-10-07 23:45:24] (0s) Inferred that kernelflow::Flow::Stage1::join/1#22bdc83c/2@bd3fee55 is empty, due to _DataFlowImplCommon::NodeEx.getEnclosingCallable0/0#368b0963_project#kernelflow::Flow::Stage1::flowI__#count_range#1/2@ae885am5.
[2026-10-07 23:45:24] (0s) Inferred that project#kernelflow::Flow::Stage1::flowOutOfCallNodeCand1/4#15978e3e_102#join_rhs/3@a7ba207t is empty, due to project#kernelflow::Flow::Stage1::flowOutOfCallNodeCand1/4#15978e3e/3@92f7abej.
[2026-10-07 23:45:24] (0s) Inferred that kernelflow::Flow::Stage1::flowOutOfCallNodeCand1/5#15658cbb/5@36bc9f7h is empty, due to kernelflow::Flow::Stage1::flowOutOfCallNodeCand1/4#15978e3e_3012#join_rhs/4@fea7079e.
[2026-10-07 23:45:24] (0s) Inferred that kernelflow::Flow::Flow::Stage2::parameterMayFlowThrough/2#c5b6e7e0/2@0dc4d90f is empty, due to kernelflow::Flow::Flow::Stage2::parameterMayFlowThroughAp/2#db093ce2/2@96a3f440.
[2026-10-07 23:45:24] (0s) Inferred that kernelflow::Flow::Flow::Stage2::returnMayFlowThrough/2#1f162a88/2@9861a86l is empty, due to project#kernelflow::Flow::Flow::Stage2::returnFlowsThrough/8#7934bbf1#5_12340#join_rhs/5@4d764d66.
[2026-10-07 23:45:24] (0s) Inferred that kernelflow::Flow::Flow::Stage2::flowIntoCallApValid/5#cb0eecd4/5@a9bf05j1 is empty, due to kernelflow::Flow::Flow::Stage2::RevTypeFlow::typeFlowValidEdgeOut/2#3e11c433/2@c21eb9i6.
[2026-10-07 23:45:24] (0s) Inferred that kernelflow::Flow::Flow::Stage2::callEdgeArgParam/5#7418f14d/5@72b8a4fj is empty, due to kernelflow::Flow::Flow::Stage2::flowIntoCallAp/5#51ab71ec_34012#join_rhs/5@33947cu5.
[2026-10-07 23:45:24] (0s) Inferred that kernelflow::Flow::Flow::Stage2::RevTypeFlow::typeFlowValidEdgeIn/3#157bbbc5/3@25af1fq4 is empty, due to project#kernelflow::Flow::Flow::Stage2::flowOutOfCallAp/7#19403b71/2@f0ca577n.
[2026-10-07 23:45:24] (0s) Inferred that kernelflow::Flow::Flow::Stage2::parameterFlowsThroughRev/4#d0850a85/4@e583d72q is empty, due to kernelflow::Flow::Flow::Stage2::revFlow/4#bd1e8f6e#reorder_0_3_1_2_3021#join_rhs/4@f001b8ik.
[2026-10-07 23:45:24] (0s) Inferred that kernelflow::Flow::Flow::Stage3::getNodeTyp/1#056393b8/2@6e9288qj is empty, due to kernelflow::Flow::Flow::Stage2::revFlow/1#e8d6f151/1@6b6fdfah.
[2026-10-07 23:45:24] (0s) Inferred that _kernelflow::Flow::Flow::Stage2::callEdgeArgParam/5#7418f14d_kernelflow::Flow::Flow::Stage2::callMay__#antijoin_rhs/5@8dea7bl9 is empty, due to kernelflow::Flow::Flow::Stage2::callEdgeArgParam/5#7418f14d/5@72b8a4fj.
[2026-10-07 23:45:24] (0s) Inferred that kernelflow::Flow::Flow::Stage3::FwdFlowInThrough::callEdgeArgParamRestricted/5#efca4ab5/5@9ad6d9hk is empty, due to kernelflow::Flow::Flow::Stage2::callMayFlowThroughRev/1#4f0fa42e/1@40ea649v.
[2026-10-07 23:45:24] (0s) Inferred that kernelflow::Flow::Flow::Stage3::flowThroughOutOfCall/4#12312b75/4@9625763q is empty, due to kernelflow::Flow::Flow::Stage2::callMayFlowThroughRev/1#4f0fa42e/1@40ea649v.
[2026-10-07 23:45:24] (0s) Inferred that kernelflow::Flow::Flow::Stage2::callEdgeReturn/6#436ebe1e/6@2c1b5d8o is empty, due to project#kernelflow::Flow::Flow::Stage2::revFlow/4#bd1e8f6e/2@9fbda9lo.
[2026-10-07 23:45:24] (0s) Inferred that kernelflow::Flow::Flow::Stage2::LocalFlowBigStep<kernelflow::Flow::Stage1::localStepNodeCand1>::localFlowEntry/2#c438c8a8/2@6c6f5dvm is empty, due to project#kernelflow::Flow::Flow::Stage2::revFlow/4#bd1e8f6e/2@9fbda9lo.
[2026-10-07 23:45:24] (0s) Inferred that kernelflow::Flow::Flow::Stage2::LocalFlowBigStep<kernelflow::Flow::Stage1::localStepNodeCand1>::localFlowExit/2#cce365af/2@83fcd49l is empty, due to project#kernelflow::Flow::Flow::Stage2::revFlow/4#bd1e8f6e/2@9fbda9lo.
[2026-10-07 23:45:24] (0s) Inferred that kernelflow::Flow::Flow::Stage3::fwdFlow1/7#7c21a6d2/7@3e883yeq is empty, due to kernelflow::Flow::Flow::Stage3::getNodeTyp/1#056393b8/2@6e9288qj.
[2026-10-07 23:45:24] (0s) Inferred that kernelflow::Flow::Flow::Stage3::fwdFlowIntoRet/6#99c9b973/6@3e8835wq is empty, due to kernelflow::Flow::Flow::Stage3::getNodeTyp/1#056393b8/2@6e9288qj.
[2026-10-07 23:45:24] (0s) Inferred that kernelflow::Flow::Flow::Stage3::fwdFlow/6#905c7af2#reorder_2_0_1_3_4_5/6@3e8836wq is empty, due to kernelflow::Flow::Flow::Stage3::getNodeTyp/1#056393b8/2@6e9288qj.
[2026-10-07 23:45:24] (0s) Inferred that kernelflow::Flow::Flow::Stage3::fwdFlowIntoArg/8#dad93a40#reorder_2_0_1_3_4_5_6_7/8@3e883iwq is empty, due to kernelflow::Flow::Flow::Stage3::getNodeTyp/1#056393b8/2@6e9288qj.
[2026-10-07 23:45:24] (0s) Inferred that kernelflow::Flow::Flow::Stage3::fwdFlowIntoArg/8#dad93a40#reorder_0_1_5_7_2_3_4_6/8@3e883jwq is empty, due to kernelflow::Flow::Flow::Stage3::getNodeTyp/1#056393b8/2@6e9288qj.
[2026-10-07 23:45:24] (0s) Inferred that kernelflow::Flow::Flow::Stage3::fwdFlowJump/4#ca9805f9/4@3e883swq is empty, due to kernelflow::Flow::Flow::Stage3::getNodeTyp/1#056393b8/2@6e9288qj.
[2026-10-07 23:45:24] (0s) Inferred that project#kernelflow::Flow::Flow::Stage2::revFlow/4#bd1e8f6e#2/1@de1014aq is empty, due to kernelflow::Flow::Flow::Stage2::revFlow/4#bd1e8f6e#reorder_0_3_1_2_10#join_rhs/2@d73705sg.
[2026-10-07 23:45:24] (0s) Inferred that kernelflow::Flow::Flow::Stage2::revFlowThroughArg/5#9da06bd9/5@8f8d80tv is empty, due to kernelflow::Flow::Flow::Stage2::flowThroughIntoCall/4#691c1481_0231#join_rhs/4@7bf621e8.
[2026-10-07 23:45:24] (0s) Inferred that kernelflow::Flow::Flow::Stage2::RevTypeFlowInput::dataFlowTakenCallEdgeOut/2#e3276632/2@0bea8cg8 is empty, due to kernelflow::Flow::Flow::Stage2::revFlowIn/4#9ea6998a/4@92ee5xb3.
[2026-10-07 23:45:24] (0s) Inferred that project#kernelflow::Flow::Flow::Stage2::revFlowOut/7#40f72f4c/3@3105f1so is empty, due to kernelflow::Flow::Flow::Stage2::revFlowOut/7#40f72f4c/7@92ee5yb3.
[2026-10-07 23:45:24] (0s) Inferred that kernelflow::Flow::Flow::Stage2::revFlowThrough/5#6769135b_02413#join_rhs/5@a30d34kt is empty, due to kernelflow::Flow::Flow::Stage2::revFlowThrough/5#6769135b/5@92ee50w3.
[2026-10-07 23:45:24] (0s) Inferred that kernelflow::Flow::Flow::Stage2::flowIntoCallTaken/5#0bacc918/5@f9803bmd is empty, due to kernelflow::Flow::Flow::Stage2::FwdTypeFlowInput::dataFlowTakenCallEdgeIn/3#03e3269a/3@9fc9c0vr.
[2026-10-07 23:45:24] (0s) Inferred that project#kernelflow::Flow::Flow::Stage3Param::localStep/6#45cbcc66#cpe#1236#ffbf/2@934f6dj2 is empty, due to kernelflow::Flow::Flow::Stage3Param::localStep/6#45cbcc66#cpe#1236#ffbf_201#join_rhs/3@83ee3coq.
[2026-10-07 23:45:24] (0s) Inferred that project#kernelflow::Flow::Flow::Stage3Param::localStep/6#45cbcc66#cpe#1236#ffbf#2/2@bd8e1b7g is empty, due to kernelflow::Flow::Flow::Stage3Param::localStep/6#45cbcc66#cpe#1236#ffbf_201#join_rhs/3@83ee3coq.
[2026-10-07 23:45:24] (0s) Inferred that project#kernelflow::Flow::Flow::Stage2::LocalFlowBigStep<kernelflow::Flow::Stage1::localStepNodeCand1>::localFlowBigStep/6#2e7bb3aa_10#join_rhs/2@8bed55o0 is empty, due to project#kernelflow::Flow::Flow::Stage2::LocalFlowBigStep<kernelflow::Flow::Stage1::localStepNodeCand1>::localFlowBigStep/6#2e7bb3aa/2@7fc376n2.
[2026-10-07 23:45:24] (0s) Inferred that project#kernelflow::Flow::Flow::Stage2::LocalFlowBigStep<kernelflow::Flow::Stage1::localStepNodeCand1>::localFlowBigStep/6#2e7bb3aa#2_10#join_rhs/2@6058d9fr is empty, due to project#kernelflow::Flow::Flow::Stage2::LocalFlowBigStep<kernelflow::Flow::Stage1::localStepNodeCand1>::localFlowBigStep/6#2e7bb3aa#2/2@0af8e775.
[2026-10-07 23:45:24] (0s) Inferred that project#kernelflow::Flow::Flow::Stage4Param::localStep/6#109e8618/2@a5ba421r is empty, due to kernelflow::Flow::Flow::Stage4Param::localStep/6#109e8618_201345#join_rhs/6@5277f722.
[2026-10-07 23:45:24] (0s) Inferred that _const_false_kernelflow::Flow::Flow::Stage4Param::localStep/6#109e8618_201345#join_rhs#shared/4@be85e73h is empty, due to kernelflow::Flow::Flow::Stage4Param::localStep/6#109e8618_201345#join_rhs/6@5277f722.
[2026-10-07 23:45:24] (0s) Inferred that project#kernelflow::Flow::Flow::Stage4::LocalFlowBigStep<Stage3Param::localFlowBigStep>::localFlowBigStepTc/6#1c95a3ec/2@87ead6q9 is empty, due to kernelflow::Flow::Flow::Stage4::LocalFlowBigStep<Stage3Param::localFlowBigStep>::localFlowBigStepTc/6#1c95a3ec_201#join_rhs/3@02b7a0s6.
[2026-10-07 23:45:24] (0s) Inferred that project#kernelflow::Flow::Flow::Stage4::LocalFlowBigStep<Stage3Param::localFlowBigStep>::localFlowBigStepTc/6#1c95a3ec#4/2@893dd8am is empty, due to kernelflow::Flow::Flow::Stage4::LocalFlowBigStep<Stage3Param::localFlowBigStep>::localFlowBigStepTc/6#1c95a3ec_201#join_rhs/3@02b7a0s6.
[2026-10-07 23:45:24] (0s) Inferred that project#kernelflow::Flow::Flow::Stage4::LocalFlowBigStep<Stage3Param::localFlowBigStep>::localFlowBigStepTc/6#1c95a3ec#2/3@2d7574tg is empty, due to kernelflow::Flow::Flow::Stage4::LocalFlowBigStep<Stage3Param::localFlowBigStep>::localFlowBigStepTc/6#1c95a3ec_2013#join_rhs/4@85d93agm.
[2026-10-07 23:45:24] (0s) Inferred that kernelflow::Flow::Flow::Stage5::LocalFlowBigStep<Stage4::LocalFlowBigStep<Stage3Param::localFlowBigStep>::localFlowBigStepTc>::localFlowBigStepTc/6#1d315033_201#join_rhs/3@280e3ak3 is empty, due to kernelflow::Flow::Flow::Stage5::LocalFlowBigStep<Stage4::LocalFlowBigStep<Stage3Param::localFlowBigStep>::localFlowBigStepTc>::localFlowBigStepTc/6#1d315033/6@0592db61.
[2026-10-07 23:45:24] (0s) Inferred that kernelflow::Flow::Flow::Stage5::LocalFlowBigStep<Stage4::LocalFlowBigStep<Stage3Param::localFlowBigStep>::localFlowBigStepTc>::localFlowBigStepTc/6#1d315033_2013#join_rhs/4@a53e6cv8 is empty, due to kernelflow::Flow::Flow::Stage5::LocalFlowBigStep<Stage4::LocalFlowBigStep<Stage3Param::localFlowBigStep>::localFlowBigStepTc>::localFlowBigStepTc/6#1d315033/6@0592db61.
[2026-10-07 23:45:24] (0s) Inferred that kernelflow::Flow::Flow::Stage5::LocalFlowBigStep<Stage4::LocalFlowBigStep<Stage3Param::localFlowBigStep>::localFlowBigStepTc>::localFlowBigStepTc/6#1d315033_0215#join_rhs/4@c95c0fcf is empty, due to kernelflow::Flow::Flow::Stage5::LocalFlowBigStep<Stage4::LocalFlowBigStep<Stage3Param::localFlowBigStep>::localFlowBigStepTc>::localFlowBigStepTc/6#1d315033/6@0592db61.
[2026-10-07 23:45:24] (0s) Inferred that kernelflow::Flow::Flow::Stage5::LocalFlowBigStep<Stage4::LocalFlowBigStep<Stage3Param::localFlowBigStep>::localFlowBigStepTc>::localFlowBigStepTc/6#1d315033_02135#join_rhs/5@1abe155e is empty, due to kernelflow::Flow::Flow::Stage5::LocalFlowBigStep<Stage4::LocalFlowBigStep<Stage3Param::localFlowBigStep>::localFlowBigStepTc>::localFlowBigStepTc/6#1d315033/6@0592db61.
[2026-10-07 23:45:24] (0s) Inferred that _kernelflow::Flow::Stage1::branch/1#fe8d57ac_kernelflow::Flow::Stage1::flowIntoCallNodeCand1/3#6c604__#shared/4@c058d839 is empty, due to kernelflow::Flow::Stage1::branch/1#fe8d57ac/2@9833b4l1.
[2026-10-07 23:45:24] (0s) Inferred that __kernelflow::Flow::Stage1::branch/1#fe8d57ac_kernelflow::Flow::Stage1::flowIntoCallNodeCand1/3#6c60__#antijoin_rhs/5@f048f66o is empty, due to _kernelflow::Flow::Stage1::branch/1#fe8d57ac_kernelflow::Flow::Stage1::flowIntoCallNodeCand1/3#6c604__#shared/4@c058d839.
[2026-10-07 23:45:24] (0s) Inferred that kernelflow::Flow::Stage1::flowIntoCallNodeCand1/4#a9922bb7/4@16d95d81 is empty, due to _kernelflow::Flow::Stage1::branch/1#fe8d57ac_kernelflow::Flow::Stage1::flowIntoCallNodeCand1/3#6c604__#shared/4@c058d839.
[2026-10-07 23:45:24] (0s) Inferred that kernelflow::Flow::Stage1::returnCallEdge1/4#ff6679ff/4@a0bf767q is empty, due to project#kernelflow::Flow::Stage1::flowOutOfCallNodeCand1/4#15978e3e_102#join_rhs/3@a7ba207t.
[2026-10-07 23:45:24] (0s) Inferred that kernelflow::Flow::Stage1::Stage1::callEdgeReturn/6#26a245e5/6@52f755dc is empty, due to kernelflow::Flow::Stage1::flowOutOfCallNodeCand1/5#15658cbb/5@36bc9f7h.
[2026-10-07 23:45:24] (0s) Inferred that kernelflow::Flow::Flow::Stage3::revFlowParamToReturn/4#ec300e1f#reorder_1_2_0_3/4@79b2czl1 is empty, due to kernelflow::Flow::Flow::Stage2::parameterMayFlowThrough/2#c5b6e7e0/2@0dc4d90f.
[2026-10-07 23:45:24] (0s) Inferred that kernelflow::Flow::Flow::Stage3::fwdFlowThrough/7#f8ca7b12/7@3e883zeq is empty, due to kernelflow::Flow::Flow::Stage3::getNodeTyp/1#056393b8/2@6e9288qj.
[2026-10-07 23:45:24] (0s) Inferred that kernelflow::Flow::Flow::Stage3::fwdFlowRetFromArg/6#454c9b03#reorder_1_2_0_3_4_5/6@3e8832wq is empty, due to kernelflow::Flow::Flow::Stage3::getNodeTyp/1#056393b8/2@6e9288qj.
[2026-10-07 23:45:24] (0s) Inferred that kernelflow::Flow::Flow::Stage2::flowIntoCallApValid/5#cb0eecd4_34012#join_rhs/5@a44aa2g3 is empty, due to kernelflow::Flow::Flow::Stage2::flowIntoCallApValid/5#cb0eecd4/5@a9bf05j1.
[2026-10-07 23:45:24] (0s) Inferred that kernelflow::Flow::Flow::Stage3::FwdFlowInNoThrough::callEdgeArgParamRestricted/5#b1c3245f/5@5b42320h is empty, due to kernelflow::Flow::Flow::Stage2::callEdgeArgParam/5#7418f14d/5@72b8a4fj.
[2026-10-07 23:45:24] (0s) Inferred that project#kernelflow::Flow::Flow::Stage2::callEdgeArgParam/5#7418f14d/2@cb3022ji is empty, due to kernelflow::Flow::Flow::Stage2::callEdgeArgParam/5#7418f14d/5@72b8a4fj.
[2026-10-07 23:45:24] (0s) Inferred that project#kernelflow::Flow::Flow::Stage2::callEdgeArgParam/5#7418f14d#2/2@9f5bbd9q is empty, due to kernelflow::Flow::Flow::Stage2::callEdgeArgParam/5#7418f14d/5@72b8a4fj.
[2026-10-07 23:45:24] (0s) Inferred that kernelflow::Flow::Flow::Stage2::flowOutOfCallApValid/6#8e8319e4/6@1eec860b is empty, due to kernelflow::Flow::Flow::Stage2::RevTypeFlow::typeFlowValidEdgeIn/3#157bbbc5/3@25af1fq4.
[2026-10-07 23:45:24] (0s) Inferred that kernelflow::Flow::Flow::Stage2::parameterFlowsThroughRev/4#d0850a85_2013#join_rhs/4@34bb61o4 is empty, due to kernelflow::Flow::Flow::Stage2::parameterFlowsThroughRev/4#d0850a85/4@e583d72q.
[2026-10-07 23:45:24] (0s) Inferred that kernelflow::Flow::Flow::Stage3::FwdFlowInThrough::fwdFlowInValidEdgeTypeFlowEnabled/8#0a9e3b68#reorder_1_2_6_7_0_3_4_5/8@3e883weq is empty, due to kernelflow::Flow::Flow::Stage3::getNodeTyp/1#056393b8/2@6e9288qj.
[2026-10-07 23:45:24] (0s) Inferred that kernelflow::Flow::Flow::Stage3::FwdFlowInNoThrough::fwdFlowInValidEdgeTypeFlowEnabled/8#785f2769#reorder_1_2_6_7_0_3_4_5/8@3e883xeq is empty, due to kernelflow::Flow::Flow::Stage3::getNodeTyp/1#056393b8/2@6e9288qj.
[2026-10-07 23:45:24] (0s) Inferred that kernelflow::Flow::Flow::Stage3::FwdFlowInThrough::fwdFlowInCandTypeFlowEnabled/7#1b88735d/7@3e8830wq is empty, due to kernelflow::Flow::Flow::Stage3::getNodeTyp/1#056393b8/2@6e9288qj.
[2026-10-07 23:45:24] (0s) Inferred that kernelflow::Flow::Flow::Stage3::FwdFlowInNoThrough::fwdFlowInCandTypeFlowEnabled/7#72067a45/7@3e8831wq is empty, due to kernelflow::Flow::Flow::Stage3::getNodeTyp/1#056393b8/2@6e9288qj.
[2026-10-07 23:45:24] (0s) Inferred that kernelflow::Flow::Flow::Stage3::fwdFlowInNoFlowThrough/6#2ced4038/6@3e8833wq is empty, due to kernelflow::Flow::Flow::Stage3::getNodeTyp/1#056393b8/2@6e9288qj.
[2026-10-07 23:45:24] (0s) Inferred that kernelflow::Flow::Flow::Stage3::fwdFlowIsEntered/6#540fa8ad#reorder_3_5_0_1_2_4/6@3e8834wq is empty, due to kernelflow::Flow::Flow::Stage3::getNodeTyp/1#056393b8/2@6e9288qj.
[2026-10-07 23:45:24] (0s) Inferred that num#kernelflow::Flow::Flow::Stage3::TSummaryCtxSome#352af738/6@3e8837wq is empty, due to kernelflow::Flow::Flow::Stage3::getNodeTyp/1#056393b8/2@6e9288qj.
[2026-10-07 23:45:24] (0s) Inferred that kernelflow::Flow::Flow::Stage3::TSummaryCtxSome#352af738/6@3e8838wq is empty, due to kernelflow::Flow::Flow::Stage3::getNodeTyp/1#056393b8/2@6e9288qj.
[2026-10-07 23:45:24] (0s) Inferred that kernelflow::Flow::Flow::Stage3::SummaryCtx.isSome/1#ce37f5e6/2@3e883cwq is empty, due to kernelflow::Flow::Flow::Stage3::getNodeTyp/1#056393b8/2@6e9288qj.
[2026-10-07 23:45:24] (0s) Inferred that kernelflow::Flow::Flow::Stage3::SummaryCtx.isSome/1#dispred#ddf9bc74/2@3e883dwq is empty, due to kernelflow::Flow::Flow::Stage3::getNodeTyp/1#056393b8/2@6e9288qj.
[2026-10-07 23:45:24] (0s) Inferred that kernelflow::Flow::Flow::Stage3::fwdFlowIsEntered0/10#3c80e590#reorder_5_6_7_8_9_0_1_2_3_4/10@3e883gwq is empty, due to kernelflow::Flow::Flow::Stage3::getNodeTyp/1#056393b8/2@6e9288qj.
[2026-10-07 23:45:24] (0s) Inferred that kernelflow::Flow::Flow::Stage3::fwdFlowOutValidEdge/7#3394e27c#reorder_1_2_0_3_4_5_6/7@3e883kwq is empty, due to kernelflow::Flow::Flow::Stage3::getNodeTyp/1#056393b8/2@6e9288qj.
[2026-10-07 23:45:24] (0s) Inferred that kernelflow::Flow::Flow::Stage3::fwdFlow0/7#407add6e/7@3e883lwq is empty, due to kernelflow::Flow::Flow::Stage3::getNodeTyp/1#056393b8/2@6e9288qj.
[2026-10-07 23:45:24] (0s) Inferred that kernelflow::Flow::Flow::Stage3::fwdFlowOutCand/6#1e73a374/6@3e883mwq is empty, due to kernelflow::Flow::Flow::Stage3::getNodeTyp/1#056393b8/2@6e9288qj.
[2026-10-07 23:45:24] (0s) Inferred that kernelflow::Flow::Flow::Stage3::fwdFlowInFlowThrough/6#5132a17d#reorder_0_2_3_4_5_1/6@3e883nwq is empty, due to kernelflow::Flow::Flow::Stage3::getNodeTyp/1#056393b8/2@6e9288qj.
[2026-10-07 23:45:24] (0s) Inferred that kernelflow::Flow::Flow::Stage3::TSummaryCtxSome#352af738#reorder_5_0_1_2_3_4/6@3e883owq is empty, due to kernelflow::Flow::Flow::Stage3::getNodeTyp/1#056393b8/2@6e9288qj.
[2026-10-07 23:45:24] (0s) Inferred that kernelflow::Flow::Flow::Stage3::TSummaryCtxSome#dom#383ccb8e/5@3e883rwq is empty, due to kernelflow::Flow::Flow::Stage3::getNodeTyp/1#056393b8/2@6e9288qj.
[2026-10-07 23:45:24] (0s) Inferred that project#kernelflow::Flow::Flow::Stage3::FwdFlowInThrough::callEdgeArgParamRestricted/5#efca4ab5/2@92034d4c is empty, due to kernelflow::Flow::Flow::Stage3::FwdFlowInThrough::callEdgeArgParamRestricted/5#efca4ab5/5@9ad6d9hk.
[2026-10-07 23:45:24] (0s) Inferred that project#kernelflow::Flow::Flow::Stage3::FwdFlowInThrough::callEdgeArgParamRestricted/5#efca4ab5#2/2@f5b28bbl is empty, due to kernelflow::Flow::Flow::Stage3::FwdFlowInThrough::callEdgeArgParamRestricted/5#efca4ab5/5@9ad6d9hk.
[2026-10-07 23:45:24] (0s) Inferred that kernelflow::Flow::Flow::Stage3::FwdFlowInThrough::callEdgeArgParamRestricted/5#efca4ab5_01243#join_rhs/5@b3cfa7fp is empty, due to kernelflow::Flow::Flow::Stage3::FwdFlowInThrough::callEdgeArgParamRestricted/5#efca4ab5/5@9ad6d9hk.
[2026-10-07 23:45:24] (0s) Inferred that kernelflow::Flow::Flow::Stage3::FwdFlowInThrough::callEdgeArgParamRestricted/5#efca4ab5_02413#join_rhs/5@1c39b8nj is empty, due to kernelflow::Flow::Flow::Stage3::FwdFlowInThrough::callEdgeArgParamRestricted/5#efca4ab5/5@9ad6d9hk.
[2026-10-07 23:45:24] (0s) Inferred that project#kernelflow::Flow::Flow::Stage3::flowThroughOutOfCall/4#12312b75/3@dd0574fe is empty, due to kernelflow::Flow::Flow::Stage3::flowThroughOutOfCall/4#12312b75/4@9625763q.
[2026-10-07 23:45:24] (0s) Inferred that kernelflow::Flow::Flow::Stage3::FwdTypeFlow::typeFlowValidEdgeOut/2#619dec68/2@2f95fe9n is empty, due to kernelflow::Flow::Flow::Stage2::callEdgeReturn/6#436ebe1e/6@2c1b5d8o.
[2026-10-07 23:45:24] (0s) Inferred that project#kernelflow::Flow::Flow::Stage2::callEdgeReturn/6#436ebe1e/5@794030at is empty, due to kernelflow::Flow::Flow::Stage2::callEdgeReturn/6#436ebe1e/6@2c1b5d8o.
[2026-10-07 23:45:24] (0s) Inferred that project#kernelflow::Flow::Flow::Stage2::callEdgeReturn/6#436ebe1e#2/2@9788762j is empty, due to kernelflow::Flow::Flow::Stage2::callEdgeReturn/6#436ebe1e/6@2c1b5d8o.
[2026-10-07 23:45:24] (0s) Inferred that project#kernelflow::Flow::Flow::Stage2::callEdgeReturn/6#436ebe1e#4/1@09c9c9jf is empty, due to kernelflow::Flow::Flow::Stage2::callEdgeReturn/6#436ebe1e/6@2c1b5d8o.
[2026-10-07 23:45:24] (0s) Inferred that project#kernelflow::Flow::Flow::Stage2::callEdgeReturn/6#436ebe1e#5/5@714995mc is empty, due to kernelflow::Flow::Flow::Stage2::callEdgeReturn/6#436ebe1e/6@2c1b5d8o.
[2026-10-07 23:45:24] (0s) Inferred that kernelflow::Flow::Flow::Stage2::callEdgeReturn/6#436ebe1e_12045#join_rhs/5@93fab112 is empty, due to kernelflow::Flow::Flow::Stage2::callEdgeReturn/6#436ebe1e/6@2c1b5d8o.
[2026-10-07 23:45:24] (0s) Inferred that project#kernelflow::Flow::Flow::Stage3::fwdFlow1/7#7c21a6d2/5@55993e94 is empty, due to kernelflow::Flow::Flow::Stage3::fwdFlow1/7#7c21a6d2/7@3e883yeq.
[2026-10-07 23:45:24] (0s) Inferred that project#kernelflow::Flow::Flow::Stage3::fwdFlowIntoRet/6#99c9b973/5@d20d0af5 is empty, due to kernelflow::Flow::Flow::Stage3::fwdFlowIntoRet/6#99c9b973/6@3e8835wq.
[2026-10-07 23:45:24] (0s) Inferred that project#kernelflow::Flow::Flow::Stage3::fwdFlow/6#905c7af2/2@61aef01d is empty, due to kernelflow::Flow::Flow::Stage3::fwdFlow/6#905c7af2#reorder_2_0_1_3_4_5/6@3e8836wq.
[2026-10-07 23:45:24] (0s) Inferred that project#kernelflow::Flow::Flow::Stage3::fwdFlow/6#905c7af2#2/4@219a20nn is empty, due to kernelflow::Flow::Flow::Stage3::fwdFlow/6#905c7af2#reorder_2_0_1_3_4_5/6@3e8836wq.
[2026-10-07 23:45:24] (0s) Inferred that project#kernelflow::Flow::Flow::Stage3::fwdFlow/6#905c7af2#3/3@2faafc13 is empty, due to kernelflow::Flow::Flow::Stage3::fwdFlow/6#905c7af2#reorder_2_0_1_3_4_5/6@3e8836wq.
[2026-10-07 23:45:24] (0s) Inferred that project#kernelflow::Flow::Flow::Stage3::fwdFlowIntoArg/8#dad93a40/7@db37dbli is empty, due to kernelflow::Flow::Flow::Stage3::fwdFlowIntoArg/8#dad93a40#reorder_2_0_1_3_4_5_6_7/8@3e883iwq.
[2026-10-07 23:45:24] (0s) Inferred that kernelflow::Flow::Flow::Stage2::revFlowThroughArg/5#9da06bd9_12340#join_rhs/5@2666254t is empty, due to kernelflow::Flow::Flow::Stage2::revFlowThroughArg/5#9da06bd9/5@8f8d80tv.
[2026-10-07 23:45:24] (0s) Inferred that kernelflow::Flow::Flow::Stage2::RevTypeFlowInput::dataFlowTakenCallEdgeIn/3#56787aa2/3@6448dbqa is empty, due to project#kernelflow::Flow::Flow::Stage2::revFlowOut/7#40f72f4c/3@3105f1so.
[2026-10-07 23:45:24] (0s) Inferred that kernelflow::Flow::Flow::Stage2::flowIntoCallTaken/5#0bacc918_20134#join_rhs/5@9bf7ebht is empty, due to kernelflow::Flow::Flow::Stage2::flowIntoCallTaken/5#0bacc918/5@f9803bmd.
[2026-10-07 23:45:24] (0s) Inferred that project#kernelflow::Flow::Flow::Stage2::flowIntoCallTaken/5#0bacc918/4@fb2844fe is empty, due to kernelflow::Flow::Flow::Stage2::flowIntoCallTaken/5#0bacc918/5@f9803bmd.
[2026-10-07 23:45:24] (0s) Inferred that project#kernelflow::Flow::Flow::Stage4Param::localStep/6#109e8618_10#join_rhs/2@bb784b6s is empty, due to project#kernelflow::Flow::Flow::Stage4Param::localStep/6#109e8618/2@a5ba421r.
[2026-10-07 23:45:24] (0s) Inferred that project#kernelflow::Flow::Flow::Stage4Param::localStep/6#109e8618#2/3@ea07cbvq is empty, due to _const_false_kernelflow::Flow::Flow::Stage4Param::localStep/6#109e8618_201345#join_rhs#shared/4@be85e73h.
[2026-10-07 23:45:24] (0s) Inferred that project#kernelflow::Flow::Flow::Stage4Param::localStep/6#109e8618#3/2@d7c6a40c is empty, due to _const_false_kernelflow::Flow::Flow::Stage4Param::localStep/6#109e8618_201345#join_rhs#shared/4@be85e73h.
[2026-10-07 23:45:24] (0s) Inferred that project#kernelflow::Flow::Flow::Stage4::LocalFlowBigStep<Stage3Param::localFlowBigStep>::localFlowBigStepTc/6#1c95a3ec_10#join_rhs/2@eab4a82q is empty, due to project#kernelflow::Flow::Flow::Stage4::LocalFlowBigStep<Stage3Param::localFlowBigStep>::localFlowBigStepTc/6#1c95a3ec/2@87ead6q9.
[2026-10-07 23:45:24] (0s) Inferred that project#kernelflow::Flow::Flow::Stage4::LocalFlowBigStep<Stage3Param::localFlowBigStep>::localFlowBigStepTc/6#1c95a3ec#4_10#join_rhs/2@2ad223ni is empty, due to project#kernelflow::Flow::Flow::Stage4::LocalFlowBigStep<Stage3Param::localFlowBigStep>::localFlowBigStepTc/6#1c95a3ec#4/2@893dd8am.
[2026-10-07 23:45:24] (0s) Inferred that project#kernelflow::Flow::Flow::Stage5::LocalFlowBigStep<Stage4::LocalFlowBigStep<Stage3Param::localFlowBigStep>::localFlowBigStepTc>::localFlowBigStepTc/6#1d315033/2@074894lq is empty, due to kernelflow::Flow::Flow::Stage5::LocalFlowBigStep<Stage4::LocalFlowBigStep<Stage3Param::localFlowBigStep>::localFlowBigStepTc>::localFlowBigStepTc/6#1d315033_201#join_rhs/3@280e3ak3.
[2026-10-07 23:45:24] (0s) Inferred that project#kernelflow::Flow::Flow::Stage5::LocalFlowBigStep<Stage4::LocalFlowBigStep<Stage3Param::localFlowBigStep>::localFlowBigStepTc>::localFlowBigStepTc/6#1d315033#4/2@625618qa is empty, due to kernelflow::Flow::Flow::Stage5::LocalFlowBigStep<Stage4::LocalFlowBigStep<Stage3Param::localFlowBigStep>::localFlowBigStepTc>::localFlowBigStepTc/6#1d315033_201#join_rhs/3@280e3ak3.
[2026-10-07 23:45:24] (0s) Inferred that project#kernelflow::Flow::Flow::Stage5::LocalFlowBigStep<Stage4::LocalFlowBigStep<Stage3Param::localFlowBigStep>::localFlowBigStepTc>::localFlowBigStepTc/6#1d315033#2/3@4af40a0u is empty, due to kernelflow::Flow::Flow::Stage5::LocalFlowBigStep<Stage4::LocalFlowBigStep<Stage3Param::localFlowBigStep>::localFlowBigStepTc>::localFlowBigStepTc/6#1d315033_2013#join_rhs/4@a53e6cv8.
[2026-10-07 23:45:24] (0s) Inferred that kernelflow::Flow::Stage1::Stage1::callEdgeArgParam/5#c390e350/5@0c86e3hg is empty, due to kernelflow::Flow::Stage1::flowIntoCallNodeCand1/4#a9922bb7/4@16d95d81.
[2026-10-07 23:45:24] (0s) Inferred that kernelflow::Flow::Stage1::returnCallEdge1/4#ff6679ff_2301_1#count_range/5@3f75f44c is empty, due to kernelflow::Flow::Stage1::returnCallEdge1/4#ff6679ff/4@a0bf767q.
[2026-10-07 23:45:24] (0s) Inferred that project#kernelflow::Flow::Stage1::returnCallEdge1/4#ff6679ff/2@88c4412a is empty, due to kernelflow::Flow::Stage1::returnCallEdge1/4#ff6679ff/4@a0bf767q.
[2026-10-07 23:45:24] (0s) Inferred that kernelflow::Flow::Stage1::Stage1::callEdgeReturn/6#26a245e5_501#join_rhs/3@e827camo is empty, due to kernelflow::Flow::Stage1::Stage1::callEdgeReturn/6#26a245e5/6@52f755dc.
[2026-10-07 23:45:24] (0s) Inferred that kernelflow::Flow::Flow::Stage2::FwdTypeFlow::typeFlowValidEdgeOut/2#ab8f70c1/2@52fe67ml is empty, due to kernelflow::Flow::Stage1::Stage1::callEdgeReturn/6#26a245e5/6@52f755dc.
[2026-10-07 23:45:24] (0s) Inferred that project#kernelflow::Flow::Stage1::Stage1::callEdgeReturn/6#26a245e5/5@ee8510gr is empty, due to kernelflow::Flow::Stage1::Stage1::callEdgeReturn/6#26a245e5/6@52f755dc.
[2026-10-07 23:45:24] (0s) Inferred that kernelflow::Flow::Stage1::Stage1::callEdgeReturn/6#26a245e5_12045#join_rhs/5@0113c0ec is empty, due to kernelflow::Flow::Stage1::Stage1::callEdgeReturn/6#26a245e5/6@52f755dc.
[2026-10-07 23:45:24] (0s) Inferred that project#kernelflow::Flow::Stage1::Stage1::callEdgeReturn/6#26a245e5#3/1@5dfe4e85 is empty, due to kernelflow::Flow::Stage1::Stage1::callEdgeReturn/6#26a245e5/6@52f755dc.
[2026-10-07 23:45:24] (0s) Inferred that project#kernelflow::Flow::Stage1::Stage1::callEdgeReturn/6#26a245e5#4/5@74966bh3 is empty, due to kernelflow::Flow::Stage1::Stage1::callEdgeReturn/6#26a245e5/6@52f755dc.
[2026-10-07 23:45:24] (0s) Inferred that kernelflow::Flow::Flow::Stage3::returnFlowsThrough0/5#dfc70670/5@aaa0e51q is empty, due to kernelflow::Flow::Flow::Stage3::fwdFlowRetFromArg/6#454c9b03#reorder_1_2_0_3_4_5/6@3e8832wq.
[2026-10-07 23:45:24] (0s) Inferred that project#kernelflow::Flow::Flow::Stage3::FwdFlowInNoThrough::callEdgeArgParamRestricted/5#b1c3245f/2@43811d3l is empty, due to kernelflow::Flow::Flow::Stage3::FwdFlowInNoThrough::callEdgeArgParamRestricted/5#b1c3245f/5@5b42320h.
[2026-10-07 23:45:24] (0s) Inferred that project#kernelflow::Flow::Flow::Stage3::FwdFlowInNoThrough::callEdgeArgParamRestricted/5#b1c3245f#2/2@65d1825o is empty, due to kernelflow::Flow::Flow::Stage3::FwdFlowInNoThrough::callEdgeArgParamRestricted/5#b1c3245f/5@5b42320h.
[2026-10-07 23:45:24] (0s) Inferred that kernelflow::Flow::Flow::Stage3::FwdFlowInNoThrough::callEdgeArgParamRestricted/5#b1c3245f_01243#join_rhs/5@a3a65dmv is empty, due to kernelflow::Flow::Flow::Stage3::FwdFlowInNoThrough::callEdgeArgParamRestricted/5#b1c3245f/5@5b42320h.
[2026-10-07 23:45:24] (0s) Inferred that kernelflow::Flow::Flow::Stage3::FwdFlowInNoThrough::callEdgeArgParamRestricted/5#b1c3245f_02413#join_rhs/5@81b37d6m is empty, due to kernelflow::Flow::Flow::Stage3::FwdFlowInNoThrough::callEdgeArgParamRestricted/5#b1c3245f/5@5b42320h.
[2026-10-07 23:45:24] (0s) Inferred that kernelflow::Flow::Flow::Stage3::FwdTypeFlow::typeFlowValidEdgeIn/3#a9f92d46/3@9c986ehq is empty, due to project#kernelflow::Flow::Flow::Stage2::callEdgeArgParam/5#7418f14d#2/2@9f5bbd9q.
[2026-10-07 23:45:24] (0s) Inferred that kernelflow::Flow::Flow::Stage2::flowOutOfCallApValid/6#8e8319e4_340125#join_rhs/6@ecc674lu is empty, due to kernelflow::Flow::Flow::Stage2::flowOutOfCallApValid/6#8e8319e4/6@1eec860b.
[2026-10-07 23:45:24] (0s) Inferred that project#kernelflow::Flow::Flow::Stage3::fwdFlowIsEntered/6#540fa8ad/3@34dfaa64 is empty, due to kernelflow::Flow::Flow::Stage3::fwdFlowIsEntered/6#540fa8ad#reorder_3_5_0_1_2_4/6@3e8834wq.
[2026-10-07 23:45:24] (0s) Inferred that kernelflow::Flow::Flow::Stage3::returnFlowsThrough/8#833c50c7/8@08d687n4 is empty, due to project#kernelflow::Flow::Flow::Stage3::flowThroughOutOfCall/4#12312b75/3@dd0574fe.
[2026-10-07 23:45:24] (0s) Inferred that kernelflow::Flow::Flow::Stage3::SummaryCtx.isSome/1#dispred#ddf9bc74_10#join_rhs/2@7a763de0 is empty, due to kernelflow::Flow::Flow::Stage3::SummaryCtx.isSome/1#dispred#ddf9bc74/2@3e883dwq.
[2026-10-07 23:45:24] (0s) Inferred that kernelflow::Flow::Flow::Stage3::FwdTypeFlowInput::dataFlowTakenCallEdgeOut0/7#476ea17c/7@d94aa079 is empty, due to project#kernelflow::Flow::Flow::Stage3::fwdFlowIntoRet/6#99c9b973/5@d20d0af5.
[2026-10-07 23:45:24] (0s) Inferred that project#kernelflow::Flow::Flow::Stage3::FwdFlowInThrough::callEdgeArgParamRestricted/5#efca4ab5#2_10#join_rhs/2@3056b98k is empty, due to project#kernelflow::Flow::Flow::Stage3::FwdFlowInThrough::callEdgeArgParamRestricted/5#efca4ab5#2/2@f5b28bbl.
[2026-10-07 23:45:24] (0s) Inferred that kernelflow::Flow::Flow::Stage3::FwdTypeFlow::typeFlowValidEdgeOut/2#619dec68_10#join_rhs/2@a12a2bgt is empty, due to kernelflow::Flow::Flow::Stage3::FwdTypeFlow::typeFlowValidEdgeOut/2#619dec68/2@2f95fe9n.
[2026-10-07 23:45:24] (0s) Inferred that kernelflow::Flow::Flow::Stage3::FwdTypeFlowInput::fwdFlow1Out/5#7b31a251/5@8d257eft is empty, due to project#kernelflow::Flow::Flow::Stage2::callEdgeReturn/6#436ebe1e#4/1@09c9c9jf.
[2026-10-07 23:45:24] (0s) Inferred that kernelflow::Flow::Flow::Stage3::flowOutOfCallAp/7#0e0aae9b/7@a0ccabce is empty, due to project#kernelflow::Flow::Flow::Stage3::fwdFlow1/7#7c21a6d2/5@55993e94.
[2026-10-07 23:45:24] (0s) Inferred that kernelflow::Flow::Flow::Stage3::FwdTypeFlowInput::fwdFlow1Param/5#624ed30e/5@3e1ed319 is empty, due to project#kernelflow::Flow::Flow::Stage3::fwdFlow1/7#7c21a6d2/5@55993e94.
[2026-10-07 23:45:24] (0s) Inferred that kernelflow::Flow::Flow::Stage3::flowIntoCallAp/5#14ccda93/5@60b15e30 is empty, due to project#kernelflow::Flow::Flow::Stage3::fwdFlow/6#905c7af2/2@61aef01d.
[2026-10-07 23:45:24] (0s) Inferred that kernelflow::Flow::Flow::Stage3::revFlow/4#7a3fd757#reorder_0_3_1_2/4@79b2c1w1 is empty, due to project#kernelflow::Flow::Flow::Stage3::fwdFlow/6#905c7af2/2@61aef01d.
[2026-10-07 23:45:24] (0s) Inferred that kernelflow::Flow::Flow::Stage3::revFlowJump/2#8daa532a/2@79b2c5w1 is empty, due to project#kernelflow::Flow::Flow::Stage3::fwdFlow/6#905c7af2/2@61aef01d.
[2026-10-07 23:45:24] (0s) Inferred that kernelflow::Flow::Flow::Stage3::flowThroughIntoCall/4#e7ec7280/4@4f0224l2 is empty, due to project#kernelflow::Flow::Flow::Stage3::fwdFlow/6#905c7af2#2/4@219a20nn.
[2026-10-07 23:45:24] (0s) Inferred that project#kernelflow::Flow::Flow::Stage3::fwdFlow/6#905c7af2#3_201#join_rhs/3@756f19tg is empty, due to project#kernelflow::Flow::Flow::Stage3::fwdFlow/6#905c7af2#3/3@2faafc13.
[2026-10-07 23:45:24] (0s) Inferred that kernelflow::Flow::Flow::Stage3::FwdTypeFlowInput::dataFlowTakenCallEdgeIn0/8#da7a35a2/8@46e976p1 is empty, due to project#kernelflow::Flow::Flow::Stage3::fwdFlowIntoArg/8#dad93a40/7@db37dbli.
[2026-10-07 23:45:24] (0s) Inferred that project#kernelflow::Flow::Flow::Stage2::flowIntoCallTaken/5#0bacc918_2013#join_rhs/4@2cb6c2m6 is empty, due to project#kernelflow::Flow::Flow::Stage2::flowIntoCallTaken/5#0bacc918/4@fb2844fe.
[2026-10-07 23:45:24] (0s) Inferred that project#kernelflow::Flow::Flow::Stage4Param::localStep/6#109e8618#3_10#join_rhs/2@c6282asq is empty, due to project#kernelflow::Flow::Flow::Stage4Param::localStep/6#109e8618#3/2@d7c6a40c.
[2026-10-07 23:45:24] (0s) Inferred that project#kernelflow::Flow::Flow::Stage5::LocalFlowBigStep<Stage4::LocalFlowBigStep<Stage3Param::localFlowBigStep>::localFlowBigStepTc>::localFlowBigStepTc/6#1d315033_10#join_rhs/2@a6631alf is empty, due to project#kernelflow::Flow::Flow::Stage5::LocalFlowBigStep<Stage4::LocalFlowBigStep<Stage3Param::localFlowBigStep>::localFlowBigStepTc>::localFlowBigStepTc/6#1d315033/2@074894lq.
[2026-10-07 23:45:24] (0s) Inferred that project#kernelflow::Flow::Flow::Stage5::LocalFlowBigStep<Stage4::LocalFlowBigStep<Stage3Param::localFlowBigStep>::localFlowBigStepTc>::localFlowBigStepTc/6#1d315033#4_10#join_rhs/2@b752b6pg is empty, due to project#kernelflow::Flow::Flow::Stage5::LocalFlowBigStep<Stage4::LocalFlowBigStep<Stage3Param::localFlowBigStep>::localFlowBigStepTc>::localFlowBigStepTc/6#1d315033#4/2@625618qa.
[2026-10-07 23:45:24] (0s) Inferred that project#kernelflow::Flow::Stage1::Stage1::callEdgeArgParam/5#c390e350/2@43d6920d is empty, due to kernelflow::Flow::Stage1::Stage1::callEdgeArgParam/5#c390e350/5@0c86e3hg.
[2026-10-07 23:45:24] (0s) Inferred that kernelflow::Flow::Flow::Stage2::FwdFlowInNoThrough::callEdgeArgParamRestricted/5#0b51cc8e/5@3928248e is empty, due to kernelflow::Flow::Stage1::Stage1::callEdgeArgParam/5#c390e350/5@0c86e3hg.
[2026-10-07 23:45:24] (0s) Inferred that kernelflow::Flow::Stage1::simpleDispatchFanoutOnReturn/2#a6fe3217/3@fd9d7fhs is empty, due to kernelflow::Flow::Stage1::returnCallEdge1/4#ff6679ff_2301_1#count_range/5@3f75f44c.
[2026-10-07 23:45:24] (0s) Inferred that kernelflow::Flow::Flow::allowsFieldFlowThrough/2#e39055b9/2@cb82b61p is empty, due to kernelflow::Flow::Stage1::Stage1::callEdgeReturn/6#26a245e5_501#join_rhs/3@e827camo.
[2026-10-07 23:45:24] (0s) Inferred that kernelflow::Flow::Flow::Stage3::returnFlowsThrough0/5#dfc70670_40123#join_rhs/5@0bd1eata is empty, due to kernelflow::Flow::Flow::Stage3::returnFlowsThrough0/5#dfc70670/5@aaa0e51q.
[2026-10-07 23:45:24] (0s) Inferred that project#kernelflow::Flow::Flow::Stage3::FwdFlowInNoThrough::callEdgeArgParamRestricted/5#b1c3245f#2_10#join_rhs/2@ca9e25ah is empty, due to project#kernelflow::Flow::Flow::Stage3::FwdFlowInNoThrough::callEdgeArgParamRestricted/5#b1c3245f#2/2@65d1825o.
[2026-10-07 23:45:24] (0s) Inferred that project#kernelflow::Flow::Flow::Stage3::returnFlowsThrough/8#833c50c7/4@8da35ccn is empty, due to kernelflow::Flow::Flow::Stage3::returnFlowsThrough/8#833c50c7/8@08d687n4.
[2026-10-07 23:45:24] (0s) Inferred that project#kernelflow::Flow::Flow::Stage3::returnFlowsThrough/8#833c50c7#2/3@5726713p is empty, due to kernelflow::Flow::Flow::Stage3::returnFlowsThrough/8#833c50c7/8@08d687n4.
[2026-10-07 23:45:24] (0s) Inferred that project#kernelflow::Flow::Flow::Stage3::returnFlowsThrough/8#833c50c7#3/4@d156fc6l is empty, due to kernelflow::Flow::Flow::Stage3::returnFlowsThrough/8#833c50c7/8@08d687n4.
[2026-10-07 23:45:24] (0s) Inferred that project#kernelflow::Flow::Flow::Stage3::returnFlowsThrough/8#833c50c7#4/3@b5c91aee is empty, due to kernelflow::Flow::Flow::Stage3::returnFlowsThrough/8#833c50c7/8@08d687n4.
[2026-10-07 23:45:24] (0s) Inferred that project#kernelflow::Flow::Flow::Stage3::returnFlowsThrough/8#833c50c7#5/5@656e98hq is empty, due to kernelflow::Flow::Flow::Stage3::returnFlowsThrough/8#833c50c7/8@08d687n4.
[2026-10-07 23:45:24] (0s) Inferred that kernelflow::Flow::Flow::Stage3::FwdTypeFlowInput::dataFlowTakenCallEdgeOut/2#30c5f657/2@785894fq is empty, due to kernelflow::Flow::Flow::Stage3::FwdTypeFlowInput::dataFlowTakenCallEdgeOut0/7#476ea17c/7@d94aa079.
[2026-10-07 23:45:24] (0s) Inferred that _DataFlowImplCommon::Cached::callEnclosingCallable/2#3284d81e_kernelflow::Flow::Flow::Stage3::FwdTyp__#count_range/2@a4e2384j is empty, due to kernelflow::Flow::Flow::Stage3::FwdTypeFlow::typeFlowValidEdgeOut/2#619dec68_10#join_rhs/2@a12a2bgt.
[2026-10-07 23:45:24] (0s) Inferred that project#kernelflow::Flow::Flow::Stage3::flowOutOfCallAp/7#0e0aae9b/2@41188bgs is empty, due to kernelflow::Flow::Flow::Stage3::flowOutOfCallAp/7#0e0aae9b/7@a0ccabce.
[2026-10-07 23:45:24] (0s) Inferred that kernelflow::Flow::Flow::Stage3::FwdTypeFlowInput::dataFlowTakenCallEdgeIn/3#ed0a6162/3@9fe1119p is empty, due to kernelflow::Flow::Flow::Stage3::FwdTypeFlowInput::dataFlowTakenCallEdgeIn0/8#da7a35a2/8@46e976p1.
[2026-10-07 23:45:24] (0s) Inferred that kernelflow::Flow::Flow::Stage3::RevTypeFlow::typeFlowValidEdgeOut/2#cca1a38a/2@f64317s8 is empty, due to kernelflow::Flow::Flow::Stage3::flowIntoCallAp/5#14ccda93/5@60b15e30.
[2026-10-07 23:45:24] (0s) Inferred that kernelflow::Flow::Flow::Stage3::callEdgeArgParam/5#f9bb57aa/5@a1c2ebd2 is empty, due to kernelflow::Flow::Flow::Stage3::flowIntoCallAp/5#14ccda93/5@60b15e30.
[2026-10-07 23:45:24] (0s) Inferred that kernelflow::Flow::Flow::Stage3::revFlow/4#7a3fd757#reorder_0_3_1_2_2031#join_rhs/4@d16bb6hh is empty, due to kernelflow::Flow::Flow::Stage3::revFlow/4#7a3fd757#reorder_0_3_1_2/4@79b2c1w1.
[2026-10-07 23:45:24] (0s) Inferred that kernelflow::Flow::Flow::Stage3::revFlow/1#8e54c7e3/1@4587e3d2 is empty, due to kernelflow::Flow::Flow::Stage3::revFlow/4#7a3fd757#reorder_0_3_1_2/4@79b2c1w1.
[2026-10-07 23:45:24] (0s) Inferred that kernelflow::Flow::Flow::Stage3::callMayFlowThroughRev/1#201e39de/1@78db18iu is empty, due to kernelflow::Flow::Flow::Stage3::revFlow/4#7a3fd757#reorder_0_3_1_2/4@79b2c1w1.
[2026-10-07 23:45:24] (0s) Inferred that project#kernelflow::Flow::Flow::Stage3::revFlow/4#7a3fd757/2@1da3dcl5 is empty, due to kernelflow::Flow::Flow::Stage3::revFlow/4#7a3fd757#reorder_0_3_1_2/4@79b2c1w1.
[2026-10-07 23:45:24] (0s) Inferred that kernelflow::Flow::Flow::Stage3::flowThroughIntoCall/4#e7ec7280_0231#join_rhs/4@e93f8b7i is empty, due to kernelflow::Flow::Flow::Stage3::flowThroughIntoCall/4#e7ec7280/4@4f0224l2.
[2026-10-07 23:45:24] (0s) Inferred that kernelflow::Flow::Flow::Stage3::revFlowIsReturned/5#fbe4c522#reorder_3_4_0_1_2/5@79b2cwl1 is empty, due to project#kernelflow::Flow::Flow::Stage3::fwdFlow/6#905c7af2#3_201#join_rhs/3@756f19tg.
[2026-10-07 23:45:24] (0s) Inferred that kernelflow::Flow::Flow::Stage3::revFlowThrough/5#e194d01b/5@79b2cxl1 is empty, due to project#kernelflow::Flow::Flow::Stage3::fwdFlow/6#905c7af2#3_201#join_rhs/3@756f19tg.
[2026-10-07 23:45:24] (0s) Inferred that kernelflow::Flow::Flow::Stage3::revFlow0/4#7d1f0d8c/4@79b2cyl1 is empty, due to project#kernelflow::Flow::Flow::Stage3::fwdFlow/6#905c7af2#3_201#join_rhs/3@756f19tg.
[2026-10-07 23:45:24] (0s) Inferred that kernelflow::Flow::Flow::Stage3::revFlowIn/4#6cca3077/4@79b2c0w1 is empty, due to project#kernelflow::Flow::Flow::Stage3::fwdFlow/6#905c7af2#3_201#join_rhs/3@756f19tg.
[2026-10-07 23:45:24] (0s) Inferred that kernelflow::Flow::Flow::Stage3::revFlowOut/7#90e6ad82/7@79b2c3w1 is empty, due to project#kernelflow::Flow::Flow::Stage3::fwdFlow/6#905c7af2#3_201#join_rhs/3@756f19tg.
[2026-10-07 23:45:24] (0s) Inferred that kernelflow::Flow::Flow::Stage2::FwdTypeFlow::typeFlowValidEdgeIn/3#08cd53ea/3@7e8fbfka is empty, due to project#kernelflow::Flow::Stage1::Stage1::callEdgeArgParam/5#c390e350/2@43d6920d.
[2026-10-07 23:45:24] (0s) Inferred that project#kernelflow::Flow::Flow::Stage2::FwdFlowInNoThrough::callEdgeArgParamRestricted/5#0b51cc8e/2@0244ees9 is empty, due to kernelflow::Flow::Flow::Stage2::FwdFlowInNoThrough::callEdgeArgParamRestricted/5#0b51cc8e/5@3928248e.
[2026-10-07 23:45:24] (0s) Inferred that project#kernelflow::Flow::Flow::Stage2::FwdFlowInNoThrough::callEdgeArgParamRestricted/5#0b51cc8e#2/2@ee00f9sp is empty, due to kernelflow::Flow::Flow::Stage2::FwdFlowInNoThrough::callEdgeArgParamRestricted/5#0b51cc8e/5@3928248e.
[2026-10-07 23:45:24] (0s) Inferred that kernelflow::Flow::Flow::Stage2::FwdFlowInNoThrough::callEdgeArgParamRestricted/5#0b51cc8e_01243#join_rhs/5@3bd95brh is empty, due to kernelflow::Flow::Flow::Stage2::FwdFlowInNoThrough::callEdgeArgParamRestricted/5#0b51cc8e/5@3928248e.
[2026-10-07 23:45:24] (0s) Inferred that project#kernelflow::Flow::Stage1::simpleDispatchFanoutOnReturn/2#a6fe3217/2@00e6f8f0 is empty, due to kernelflow::Flow::Stage1::simpleDispatchFanoutOnReturn/2#a6fe3217/3@fd9d7fhs.
[2026-10-07 23:45:24] (0s) Inferred that kernelflow::Flow::Stage1::dispatchFanoutOnReturn/1#2f7d1b53/2@cc1d33hf is empty, due to kernelflow::Flow::Stage1::simpleDispatchFanoutOnReturn/2#a6fe3217/3@fd9d7fhs.
[2026-10-07 23:45:24] (0s) Inferred that project#kernelflow::Flow::Flow::Stage3::returnFlowsThrough/8#833c50c7#3_0132#join_rhs/4@6d509bsv is empty, due to project#kernelflow::Flow::Flow::Stage3::returnFlowsThrough/8#833c50c7#3/4@d156fc6l.
[2026-10-07 23:45:24] (0s) Inferred that kernelflow::Flow::Flow::Stage3::parameterMayFlowThroughAp/2#915730ef/2@045247nc is empty, due to project#kernelflow::Flow::Flow::Stage3::returnFlowsThrough/8#833c50c7#4/3@b5c91aee.
[2026-10-07 23:45:24] (0s) Inferred that project#kernelflow::Flow::Flow::Stage3::returnFlowsThrough/8#833c50c7#5_12340#join_rhs/5@888c895t is empty, due to project#kernelflow::Flow::Flow::Stage3::returnFlowsThrough/8#833c50c7#5/5@656e98hq.
[2026-10-07 23:45:24] (0s) Inferred that kernelflow::Flow::Flow::Stage3::RevTypeFlow::typeFlowValidEdgeIn/3#b2a4f820/3@2fafaa7o is empty, due to project#kernelflow::Flow::Flow::Stage3::flowOutOfCallAp/7#0e0aae9b/2@41188bgs.
[2026-10-07 23:45:24] (0s) Inferred that kernelflow::Flow::Flow::Stage3::flowIntoCallTaken/5#af7551a1/5@df9d3b45 is empty, due to kernelflow::Flow::Flow::Stage3::FwdTypeFlowInput::dataFlowTakenCallEdgeIn/3#ed0a6162/3@9fe1119p.
[2026-10-07 23:45:24] (0s) Inferred that kernelflow::Flow::Flow::Stage3::flowIntoCallApValid/5#822cf2dd/5@cf8844dv is empty, due to kernelflow::Flow::Flow::Stage3::RevTypeFlow::typeFlowValidEdgeOut/2#cca1a38a/2@f64317s8.
[2026-10-07 23:45:24] (0s) Inferred that _kernelflow::Flow::Flow::Stage3::callEdgeArgParam/5#f9bb57aa_kernelflow::Flow::Flow::Stage3::callMay__#antijoin_rhs/5@7b03f5oa is empty, due to kernelflow::Flow::Flow::Stage3::callEdgeArgParam/5#f9bb57aa/5@a1c2ebd2.
[2026-10-07 23:45:24] (0s) Inferred that kernelflow::Flow::Flow::Stage4::FwdFlowInNoThrough::callEdgeArgParamRestricted/5#dd5970e8/5@67d4da55 is empty, due to kernelflow::Flow::Flow::Stage3::callEdgeArgParam/5#f9bb57aa/5@a1c2ebd2.
[2026-10-07 23:45:24] (0s) Inferred that kernelflow::Flow::Flow::Stage4::FwdFlowInThrough::callEdgeArgParamRestricted/5#d7771dc7/5@192ee7dr is empty, due to kernelflow::Flow::Flow::Stage3::callMayFlowThroughRev/1#201e39de/1@78db18iu.
[2026-10-07 23:45:24] (0s) Inferred that project#kernelflow::Flow::Flow::Stage3::callEdgeArgParam/5#f9bb57aa/2@20debdfu is empty, due to kernelflow::Flow::Flow::Stage3::callEdgeArgParam/5#f9bb57aa/5@a1c2ebd2.
[2026-10-07 23:45:24] (0s) Inferred that kernelflow::Flow::Flow::Stage3::parameterFlowsThroughRev/4#63854874/4@ed15d3f1 is empty, due to kernelflow::Flow::Flow::Stage3::revFlow/4#7a3fd757#reorder_0_3_1_2_2031#join_rhs/4@d16bb6hh.
[2026-10-07 23:45:24] (0s) Inferred that kernelflow::Flow::Flow::Stage4::getNodeTyp/1#14a1d0cc/2@8b431ceh is empty, due to kernelflow::Flow::Flow::Stage3::revFlow/1#8e54c7e3/1@4587e3d2.
[2026-10-07 23:45:24] (0s) Inferred that kernelflow::Flow::Flow::Stage4::flowThroughOutOfCall/4#39e27860/4@492629jl is empty, due to kernelflow::Flow::Flow::Stage3::callMayFlowThroughRev/1#201e39de/1@78db18iu.
[2026-10-07 23:45:24] (0s) Inferred that kernelflow::Flow::Flow::Stage3::callEdgeReturn/6#e953ad9a/6@3501a733 is empty, due to project#kernelflow::Flow::Flow::Stage3::revFlow/4#7a3fd757/2@1da3dcl5.
[2026-10-07 23:45:24] (0s) Inferred that kernelflow::Flow::Flow::Stage4::fwdFlow1/7#1bee5c4c/7@121301wd is empty, due to kernelflow::Flow::Flow::Stage4::getNodeTyp/1#14a1d0cc/2@8b431ceh.
[2026-10-07 23:45:24] (0s) Inferred that kernelflow::Flow::Flow::Stage4::fwdFlowIntoRet/6#9c8178ac/6@121306wd is empty, due to kernelflow::Flow::Flow::Stage4::getNodeTyp/1#14a1d0cc/2@8b431ceh.
[2026-10-07 23:45:24] (0s) Inferred that kernelflow::Flow::Flow::Stage4::fwdFlow/6#205a5a58#reorder_1_2_0_3_4_5/6@121308wd is empty, due to kernelflow::Flow::Flow::Stage4::getNodeTyp/1#14a1d0cc/2@8b431ceh.
[2026-10-07 23:45:24] (0s) Inferred that kernelflow::Flow::Flow::Stage4::fwdFlowIntoArg/8#c0d7bb6a#reorder_2_0_1_3_4_5_6_7/8@12130iwd is empty, due to kernelflow::Flow::Flow::Stage4::getNodeTyp/1#14a1d0cc/2@8b431ceh.
[2026-10-07 23:45:24] (0s) Inferred that kernelflow::Flow::Flow::Stage4::fwdFlowIntoArg/8#c0d7bb6a#reorder_0_1_5_7_2_3_4_6/8@12130jwd is empty, due to kernelflow::Flow::Flow::Stage4::getNodeTyp/1#14a1d0cc/2@8b431ceh.
[2026-10-07 23:45:24] (0s) Inferred that kernelflow::Flow::Flow::Stage4::fwdFlowJump/4#00840304/4@12130swd is empty, due to kernelflow::Flow::Flow::Stage4::getNodeTyp/1#14a1d0cc/2@8b431ceh.
[2026-10-07 23:45:24] (0s) Inferred that kernelflow::Flow::Flow::Stage3::revFlowThroughArg/5#853a6cb7/5@96d764mt is empty, due to kernelflow::Flow::Flow::Stage3::flowThroughIntoCall/4#e7ec7280_0231#join_rhs/4@e93f8b7i.
[2026-10-07 23:45:24] (0s) Inferred that kernelflow::Flow::Flow::Stage3::revFlowThrough/5#e194d01b_02413#join_rhs/5@df793epm is empty, due to kernelflow::Flow::Flow::Stage3::revFlowThrough/5#e194d01b/5@79b2cxl1.
[2026-10-07 23:45:24] (0s) Inferred that kernelflow::Flow::Flow::Stage3::RevTypeFlowInput::dataFlowTakenCallEdgeOut/2#eb451b5b/2@747b15ne is empty, due to kernelflow::Flow::Flow::Stage3::revFlowIn/4#6cca3077/4@79b2c0w1.
[2026-10-07 23:45:24] (0s) Inferred that project#kernelflow::Flow::Flow::Stage3::revFlowOut/7#90e6ad82/3@10f19eft is empty, due to kernelflow::Flow::Flow::Stage3::revFlowOut/7#90e6ad82/7@79b2c3w1.
[2026-10-07 23:45:24] (0s) Inferred that kernelflow::Flow::Flow::Stage2::FwdFlowInNoThrough::fwdFlowInValidEdgeTypeFlowDisabled/4#fe8b9871/4@1572d38f is empty, due to kernelflow::Flow::Flow::Stage2::FwdTypeFlow::typeFlowValidEdgeIn/3#08cd53ea/3@7e8fbfka.
[2026-10-07 23:45:24] (0s) Inferred that project#kernelflow::Flow::Flow::Stage2::FwdFlowInNoThrough::callEdgeArgParamRestricted/5#0b51cc8e_10#join_rhs/2@c15a41ou is empty, due to project#kernelflow::Flow::Flow::Stage2::FwdFlowInNoThrough::callEdgeArgParamRestricted/5#0b51cc8e/2@0244ees9.
[2026-10-07 23:45:24] (0s) Inferred that kernelflow::Flow::Flow::Stage3::parameterMayFlowThrough/2#cba990f1/2@bfea6csu is empty, due to kernelflow::Flow::Flow::Stage3::parameterMayFlowThroughAp/2#915730ef/2@045247nc.
[2026-10-07 23:45:24] (0s) Inferred that kernelflow::Flow::Flow::Stage3::returnMayFlowThrough/2#672eb5c3/2@4fa0f26c is empty, due to project#kernelflow::Flow::Flow::Stage3::returnFlowsThrough/8#833c50c7#5_12340#join_rhs/5@888c895t.
[2026-10-07 23:45:24] (0s) Inferred that kernelflow::Flow::Flow::Stage3::flowOutOfCallApValid/6#5c107175/6@6695e2e5 is empty, due to kernelflow::Flow::Flow::Stage3::RevTypeFlow::typeFlowValidEdgeIn/3#b2a4f820/3@2fafaa7o.
[2026-10-07 23:45:24] (0s) Inferred that project#kernelflow::Flow::Flow::Stage3::flowIntoCallTaken/5#af7551a1/4@fafc045c is empty, due to kernelflow::Flow::Flow::Stage3::flowIntoCallTaken/5#af7551a1/5@df9d3b45.
[2026-10-07 23:45:24] (0s) Inferred that kernelflow::Flow::Flow::Stage3::flowIntoCallApValid/5#822cf2dd_34012#join_rhs/5@90ca9a8t is empty, due to kernelflow::Flow::Flow::Stage3::flowIntoCallApValid/5#822cf2dd/5@cf8844dv.
[2026-10-07 23:45:24] (0s) Inferred that project#kernelflow::Flow::Flow::Stage4::FwdFlowInNoThrough::callEdgeArgParamRestricted/5#dd5970e8/2@804aa12p is empty, due to kernelflow::Flow::Flow::Stage4::FwdFlowInNoThrough::callEdgeArgParamRestricted/5#dd5970e8/5@67d4da55.
[2026-10-07 23:45:24] (0s) Inferred that kernelflow::Flow::Flow::Stage4::FwdFlowInNoThrough::callEdgeArgParamRestricted/5#dd5970e8_02413#join_rhs/5@481f76ud is empty, due to kernelflow::Flow::Flow::Stage4::FwdFlowInNoThrough::callEdgeArgParamRestricted/5#dd5970e8/5@67d4da55.
[2026-10-07 23:45:24] (0s) Inferred that project#kernelflow::Flow::Flow::Stage4::FwdFlowInThrough::callEdgeArgParamRestricted/5#d7771dc7/2@7fc238jc is empty, due to kernelflow::Flow::Flow::Stage4::FwdFlowInThrough::callEdgeArgParamRestricted/5#d7771dc7/5@192ee7dr.
[2026-10-07 23:45:24] (0s) Inferred that kernelflow::Flow::Flow::Stage4::FwdFlowInThrough::callEdgeArgParamRestricted/5#d7771dc7_02413#join_rhs/5@e20b41ti is empty, due to kernelflow::Flow::Flow::Stage4::FwdFlowInThrough::callEdgeArgParamRestricted/5#d7771dc7/5@192ee7dr.
[2026-10-07 23:45:24] (0s) Inferred that kernelflow::Flow::Flow::Stage4::FwdTypeFlow::typeFlowValidEdgeIn/3#002ee213/3@e29b0bcc is empty, due to project#kernelflow::Flow::Flow::Stage3::callEdgeArgParam/5#f9bb57aa/2@20debdfu.
[2026-10-07 23:45:24] (0s) Inferred that project#kernelflow::Flow::Flow::Stage3::parameterFlowsThroughRev/4#63854874/3@c4158a9d is empty, due to kernelflow::Flow::Flow::Stage3::parameterFlowsThroughRev/4#63854874/4@ed15d3f1.
[2026-10-07 23:45:24] (0s) Inferred that kernelflow::Flow::Flow::Stage3::parameterFlowsThroughRev/4#63854874_2013#join_rhs/4@7fb9bcjp is empty, due to kernelflow::Flow::Flow::Stage3::parameterFlowsThroughRev/4#63854874/4@ed15d3f1.
[2026-10-07 23:45:24] (0s) Inferred that kernelflow::Flow::Flow::Stage4::FwdFlowInThrough::fwdFlowInValidEdgeTypeFlowEnabled/8#018edb50#reorder_1_2_6_7_0_3_4_5/8@12130wkd is empty, due to kernelflow::Flow::Flow::Stage4::getNodeTyp/1#14a1d0cc/2@8b431ceh.
[2026-10-07 23:45:24] (0s) Inferred that kernelflow::Flow::Flow::Stage4::FwdFlowInNoThrough::fwdFlowInValidEdgeTypeFlowEnabled/8#e524f99c#reorder_1_2_6_7_0_3_4_5/8@12130xkd is empty, due to kernelflow::Flow::Flow::Stage4::getNodeTyp/1#14a1d0cc/2@8b431ceh.
[2026-10-07 23:45:24] (0s) Inferred that kernelflow::Flow::Flow::Stage4::FwdFlowInThrough::fwdFlowInCandTypeFlowEnabled/7#a591b5e4/7@12130ykd is empty, due to kernelflow::Flow::Flow::Stage4::getNodeTyp/1#14a1d0cc/2@8b431ceh.
[2026-10-07 23:45:24] (0s) Inferred that kernelflow::Flow::Flow::Stage4::FwdFlowInNoThrough::fwdFlowInCandTypeFlowEnabled/7#578db2f6/7@12130zkd is empty, due to kernelflow::Flow::Flow::Stage4::getNodeTyp/1#14a1d0cc/2@8b431ceh.
[2026-10-07 23:45:24] (0s) Inferred that kernelflow::Flow::Flow::Stage4::fwdFlow0/7#4a637892/7@121300wd is empty, due to kernelflow::Flow::Flow::Stage4::getNodeTyp/1#14a1d0cc/2@8b431ceh.
[2026-10-07 23:45:24] (0s) Inferred that kernelflow::Flow::Flow::Stage4::fwdFlowThrough/7#8646c528/7@121302wd is empty, due to kernelflow::Flow::Flow::Stage4::getNodeTyp/1#14a1d0cc/2@8b431ceh.
[2026-10-07 23:45:24] (0s) Inferred that num#kernelflow::Flow::Flow::Stage4::TSummaryCtxSome#6895fa5f/6@121303wd is empty, due to kernelflow::Flow::Flow::Stage4::getNodeTyp/1#14a1d0cc/2@8b431ceh.
[2026-10-07 23:45:24] (0s) Inferred that kernelflow::Flow::Flow::Stage4::TSummaryCtxSome#6895fa5f/6@121304wd is empty, due to kernelflow::Flow::Flow::Stage4::getNodeTyp/1#14a1d0cc/2@8b431ceh.
[2026-10-07 23:45:24] (0s) Inferred that kernelflow::Flow::Flow::Stage4::fwdFlowInNoFlowThrough/6#dfad904d/6@121305wd is empty, due to kernelflow::Flow::Flow::Stage4::getNodeTyp/1#14a1d0cc/2@8b431ceh.
[2026-10-07 23:45:24] (0s) Inferred that kernelflow::Flow::Flow::Stage4::fwdFlowRetFromArg/6#13f178c0#reorder_1_2_0_3_4_5/6@121307wd is empty, due to kernelflow::Flow::Flow::Stage4::getNodeTyp/1#14a1d0cc/2@8b431ceh.
[2026-10-07 23:45:24] (0s) Inferred that kernelflow::Flow::Flow::Stage4::SummaryCtx.isSome/1#8599a49b/2@12130cwd is empty, due to kernelflow::Flow::Flow::Stage4::getNodeTyp/1#14a1d0cc/2@8b431ceh.
[2026-10-07 23:45:24] (0s) Inferred that kernelflow::Flow::Flow::Stage4::SummaryCtx.isSome/1#dispred#ef3f1b95/2@12130dwd is empty, due to kernelflow::Flow::Flow::Stage4::getNodeTyp/1#14a1d0cc/2@8b431ceh.
[2026-10-07 23:45:24] (0s) Inferred that kernelflow::Flow::Flow::Stage4::fwdFlowIsEntered0/10#e4788d2a#reorder_5_6_7_8_9_0_1_2_3_4/10@12130gwd is empty, due to kernelflow::Flow::Flow::Stage4::getNodeTyp/1#14a1d0cc/2@8b431ceh.
[2026-10-07 23:45:24] (0s) Inferred that kernelflow::Flow::Flow::Stage4::fwdFlowOutValidEdge/7#bd291a64#reorder_1_2_0_3_4_5_6/7@12130kwd is empty, due to kernelflow::Flow::Flow::Stage4::getNodeTyp/1#14a1d0cc/2@8b431ceh.
[2026-10-07 23:45:24] (0s) Inferred that kernelflow::Flow::Flow::Stage4::fwdFlowInFlowThrough/6#eabdd1cc#reorder_0_2_3_4_5_1/6@12130lwd is empty, due to kernelflow::Flow::Flow::Stage4::getNodeTyp/1#14a1d0cc/2@8b431ceh.
[2026-10-07 23:45:24] (0s) Inferred that kernelflow::Flow::Flow::Stage4::fwdFlowOutCand/6#ec55a97e/6@12130mwd is empty, due to kernelflow::Flow::Flow::Stage4::getNodeTyp/1#14a1d0cc/2@8b431ceh.
[2026-10-07 23:45:24] (0s) Inferred that kernelflow::Flow::Flow::Stage4::TSummaryCtxSome#6895fa5f#reorder_5_0_1_2_3_4/6@12130nwd is empty, due to kernelflow::Flow::Flow::Stage4::getNodeTyp/1#14a1d0cc/2@8b431ceh.
[2026-10-07 23:45:24] (0s) Inferred that kernelflow::Flow::Flow::Stage4::fwdFlowIsEntered/6#5cb0361d#reorder_3_5_0_1_2_4/6@12130owd is empty, due to kernelflow::Flow::Flow::Stage4::getNodeTyp/1#14a1d0cc/2@8b431ceh.
[2026-10-07 23:45:24] (0s) Inferred that kernelflow::Flow::Flow::Stage4::TSummaryCtxSome#dom#bac25921/5@12130rwd is empty, due to kernelflow::Flow::Flow::Stage4::getNodeTyp/1#14a1d0cc/2@8b431ceh.
[2026-10-07 23:45:24] (0s) Inferred that project#kernelflow::Flow::Flow::Stage4::flowThroughOutOfCall/4#39e27860/3@6459f045 is empty, due to kernelflow::Flow::Flow::Stage4::flowThroughOutOfCall/4#39e27860/4@492629jl.
[2026-10-07 23:45:24] (0s) Inferred that kernelflow::Flow::Flow::Stage4::FwdTypeFlow::typeFlowValidEdgeOut/2#7d67f075/2@a851ec38 is empty, due to kernelflow::Flow::Flow::Stage3::callEdgeReturn/6#e953ad9a/6@3501a733.
[2026-10-07 23:45:24] (0s) Inferred that project#kernelflow::Flow::Flow::Stage3::callEdgeReturn/6#e953ad9a/5@ef3f24h4 is empty, due to kernelflow::Flow::Flow::Stage3::callEdgeReturn/6#e953ad9a/6@3501a733.
[2026-10-07 23:45:24] (0s) Inferred that project#kernelflow::Flow::Flow::Stage3::callEdgeReturn/6#e953ad9a#2/1@8e60d6kr is empty, due to kernelflow::Flow::Flow::Stage3::callEdgeReturn/6#e953ad9a/6@3501a733.
[2026-10-07 23:45:24] (0s) Inferred that project#kernelflow::Flow::Flow::Stage3::callEdgeReturn/6#e953ad9a#3/5@39bb53ok is empty, due to kernelflow::Flow::Flow::Stage3::callEdgeReturn/6#e953ad9a/6@3501a733.
[2026-10-07 23:45:24] (0s) Inferred that kernelflow::Flow::Flow::Stage3::callEdgeReturn/6#e953ad9a_12045#join_rhs/5@f60b8f7g is empty, due to kernelflow::Flow::Flow::Stage3::callEdgeReturn/6#e953ad9a/6@3501a733.
[2026-10-07 23:45:24] (0s) Inferred that project#kernelflow::Flow::Flow::Stage4::fwdFlow1/7#1bee5c4c/5@28a5effo is empty, due to kernelflow::Flow::Flow::Stage4::fwdFlow1/7#1bee5c4c/7@121301wd.
[2026-10-07 23:45:24] (0s) Inferred that kernelflow::Flow::Flow::Stage4::fwdFlow1/7#1bee5c4c_1023456#join_rhs/7@7d8a0b7u is empty, due to kernelflow::Flow::Flow::Stage4::fwdFlow1/7#1bee5c4c/7@121301wd.
[2026-10-07 23:45:24] (0s) Inferred that kernelflow::Flow::Flow::Stage4::flowOutOfCallAp/7#30849d36/7@36cf4bmi is empty, due to project#kernelflow::Flow::Flow::Stage3::callEdgeReturn/6#e953ad9a#3/5@39bb53ok.
[2026-10-07 23:45:24] (0s) Inferred that project#kernelflow::Flow::Flow::Stage4::fwdFlowIntoRet/6#9c8178ac/5@b891074m is empty, due to kernelflow::Flow::Flow::Stage4::fwdFlowIntoRet/6#9c8178ac/6@121306wd.
[2026-10-07 23:45:24] (0s) Inferred that project#kernelflow::Flow::Flow::Stage4::fwdFlow/6#205a5a58/2@ff7141k7 is empty, due to kernelflow::Flow::Flow::Stage4::fwdFlow/6#205a5a58#reorder_1_2_0_3_4_5/6@121308wd.
[2026-10-07 23:45:24] (0s) Inferred that project#kernelflow::Flow::Flow::Stage4::fwdFlow/6#205a5a58#2/4@bfaa182r is empty, due to kernelflow::Flow::Flow::Stage4::fwdFlow/6#205a5a58#reorder_1_2_0_3_4_5/6@121308wd.
[2026-10-07 23:45:24] (0s) Inferred that project#kernelflow::Flow::Flow::Stage4::fwdFlow/6#205a5a58#3/3@805596dr is empty, due to kernelflow::Flow::Flow::Stage4::fwdFlow/6#205a5a58#reorder_1_2_0_3_4_5/6@121308wd.
[2026-10-07 23:45:24] (0s) Inferred that project#kernelflow::Flow::Flow::Stage4::fwdFlowIntoArg/8#c0d7bb6a/7@665eb9ve is empty, due to kernelflow::Flow::Flow::Stage4::fwdFlowIntoArg/8#c0d7bb6a#reorder_2_0_1_3_4_5_6_7/8@12130iwd.
[2026-10-07 23:45:24] (0s) Inferred that kernelflow::Flow::Flow::Stage3::revFlowThroughArg/5#853a6cb7_12340#join_rhs/5@dd9a4b00 is empty, due to kernelflow::Flow::Flow::Stage3::revFlowThroughArg/5#853a6cb7/5@96d764mt.
[2026-10-07 23:45:24] (0s) Inferred that kernelflow::Flow::Flow::Stage3::RevTypeFlowInput::dataFlowTakenCallEdgeIn/3#164bce1d/3@58db17t0 is empty, due to project#kernelflow::Flow::Flow::Stage3::revFlowOut/7#90e6ad82/3@10f19eft.
[2026-10-07 23:45:24] (0s) Inferred that kernelflow::Flow::Flow::Stage2::FwdFlowInNoThrough::fwdFlowInValidEdgeTypeFlowDisabled/4#fe8b9871_0132#join_rhs/4@96a6aa33 is empty, due to kernelflow::Flow::Flow::Stage2::FwdFlowInNoThrough::fwdFlowInValidEdgeTypeFlowDisabled/4#fe8b9871/4@1572d38f.
[2026-10-07 23:45:24] (0s) Inferred that kernelflow::Flow::Flow::Stage2::FwdFlowInNoThrough::fwdFlowInValidEdgeTypeFlowDisabled/4#fe8b9871_0312#join_rhs/4@91ad5f23 is empty, due to kernelflow::Flow::Flow::Stage2::FwdFlowInNoThrough::fwdFlowInValidEdgeTypeFlowDisabled/4#fe8b9871/4@1572d38f.
[2026-10-07 23:45:24] (0s) Inferred that kernelflow::Flow::Flow::Stage4::revFlowParamToReturn/4#efbc0710#reorder_1_2_0_3/4@c2327zul is empty, due to project#kernelflow::Flow::Flow::Stage4::fwdFlow/6#205a5a58/2@ff7141k7.
[2026-10-07 23:45:24] (0s) Inferred that kernelflow::Flow::Flow::Stage3::flowOutOfCallApValid/6#5c107175_340125#join_rhs/6@f5eecenb is empty, due to kernelflow::Flow::Flow::Stage3::flowOutOfCallApValid/6#5c107175/6@6695e2e5.
[2026-10-07 23:45:24] (0s) Inferred that project#kernelflow::Flow::Flow::Stage3::flowIntoCallTaken/5#af7551a1_2013#join_rhs/4@ddad3fik is empty, due to project#kernelflow::Flow::Flow::Stage3::flowIntoCallTaken/5#af7551a1/4@fafc045c.
[2026-10-07 23:45:24] (0s) Inferred that project#kernelflow::Flow::Flow::Stage4::FwdFlowInNoThrough::callEdgeArgParamRestricted/5#dd5970e8_10#join_rhs/2@33ef9e29 is empty, due to project#kernelflow::Flow::Flow::Stage4::FwdFlowInNoThrough::callEdgeArgParamRestricted/5#dd5970e8/2@804aa12p.
[2026-10-07 23:45:24] (0s) Inferred that project#kernelflow::Flow::Flow::Stage4::FwdFlowInThrough::callEdgeArgParamRestricted/5#d7771dc7_10#join_rhs/2@1ade91b5 is empty, due to project#kernelflow::Flow::Flow::Stage4::FwdFlowInThrough::callEdgeArgParamRestricted/5#d7771dc7/2@7fc238jc.
[2026-10-07 23:45:24] (0s) Inferred that kernelflow::Flow::Flow::Stage4::FwdTypeFlowInput::dataFlowTakenCallEdgeIn0/8#6b0d5a4e/8@825ebfs0 is empty, due to project#kernelflow::Flow::Flow::Stage4::fwdFlowIntoArg/8#c0d7bb6a/7@665eb9ve.
[2026-10-07 23:45:24] (0s) Inferred that kernelflow::Flow::Flow::Stage4::returnFlowsThrough/8#6813df03/8@94be733k is empty, due to project#kernelflow::Flow::Flow::Stage4::flowThroughOutOfCall/4#39e27860/3@6459f045.
[2026-10-07 23:45:24] (0s) Inferred that kernelflow::Flow::Flow::Stage4::returnFlowsThrough0/5#82e54a9f/5@a9622e3u is empty, due to kernelflow::Flow::Flow::Stage4::fwdFlowRetFromArg/6#13f178c0#reorder_1_2_0_3_4_5/6@121307wd.
[2026-10-07 23:45:24] (0s) Inferred that kernelflow::Flow::Flow::Stage4::SummaryCtx.isSome/1#dispred#ef3f1b95_10#join_rhs/2@ec2da0i0 is empty, due to kernelflow::Flow::Flow::Stage4::SummaryCtx.isSome/1#dispred#ef3f1b95/2@12130dwd.
[2026-10-07 23:45:24] (0s) Inferred that kernelflow::Flow::Flow::Stage4::FwdTypeFlowInput::dataFlowTakenCallEdgeOut0/7#1c3583c5/7@d8a979mu is empty, due to project#kernelflow::Flow::Flow::Stage4::fwdFlowIntoRet/6#9c8178ac/5@b891074m.
[2026-10-07 23:45:24] (0s) Inferred that project#kernelflow::Flow::Flow::Stage4::fwdFlowIsEntered/6#5cb0361d/3@56d33dh0 is empty, due to kernelflow::Flow::Flow::Stage4::fwdFlowIsEntered/6#5cb0361d#reorder_3_5_0_1_2_4/6@12130owd.
[2026-10-07 23:45:24] (0s) Inferred that kernelflow::Flow::Flow::Stage4::FwdTypeFlowInput::fwdFlow1Out/5#47e3ff19/5@daa66au0 is empty, due to project#kernelflow::Flow::Flow::Stage3::callEdgeReturn/6#e953ad9a#2/1@8e60d6kr.
[2026-10-07 23:45:24] (0s) Inferred that project#kernelflow::Flow::Flow::Stage4::fwdFlow1/7#1bee5c4c#2/4@debeaa6r is empty, due to kernelflow::Flow::Flow::Stage4::fwdFlow1/7#1bee5c4c_1023456#join_rhs/7@7d8a0b7u.
[2026-10-07 23:45:24] (0s) Inferred that project#kernelflow::Flow::Flow::Stage4::flowOutOfCallAp/7#30849d36/2@8bb3b2ie is empty, due to kernelflow::Flow::Flow::Stage4::flowOutOfCallAp/7#30849d36/7@36cf4bmi.
[2026-10-07 23:45:24] (0s) Inferred that kernelflow::Flow::Flow::Stage4::flowIntoCallAp/5#727f3fa0/5@ade912p4 is empty, due to project#kernelflow::Flow::Flow::Stage4::fwdFlow/6#205a5a58/2@ff7141k7.
[2026-10-07 23:45:24] (0s) Inferred that kernelflow::Flow::Flow::Stage4::revFlow/4#095c4d5a#reorder_3_0_1_2/4@c23271wl is empty, due to project#kernelflow::Flow::Flow::Stage4::fwdFlow/6#205a5a58/2@ff7141k7.
[2026-10-07 23:45:24] (0s) Inferred that kernelflow::Flow::Flow::Stage4::revFlowJump/2#9cb3c537/2@c23275wl is empty, due to project#kernelflow::Flow::Flow::Stage4::fwdFlow/6#205a5a58/2@ff7141k7.
[2026-10-07 23:45:24] (0s) Inferred that kernelflow::Flow::Flow::Stage4::flowThroughIntoCall/4#57e557a3/4@f017c7un is empty, due to project#kernelflow::Flow::Flow::Stage4::fwdFlow/6#205a5a58#2/4@bfaa182r.
[2026-10-07 23:45:24] (0s) Inferred that project#kernelflow::Flow::Flow::Stage4::fwdFlow/6#205a5a58#3_201#join_rhs/3@25db23ht is empty, due to project#kernelflow::Flow::Flow::Stage4::fwdFlow/6#205a5a58#3/3@805596dr.
[2026-10-07 23:45:24] (0s) Inferred that kernelflow::Flow::Flow::Stage4::FwdTypeFlowInput::dataFlowTakenCallEdgeIn/3#bb47432e/3@5606dadb is empty, due to kernelflow::Flow::Flow::Stage4::FwdTypeFlowInput::dataFlowTakenCallEdgeIn0/8#6b0d5a4e/8@825ebfs0.
[2026-10-07 23:45:24] (0s) Inferred that project#kernelflow::Flow::Flow::Stage4::returnFlowsThrough/8#6813df03/4@0d2fabo4 is empty, due to kernelflow::Flow::Flow::Stage4::returnFlowsThrough/8#6813df03/8@94be733k.
[2026-10-07 23:45:24] (0s) Inferred that project#kernelflow::Flow::Flow::Stage4::returnFlowsThrough/8#6813df03#2/3@645e59vu is empty, due to kernelflow::Flow::Flow::Stage4::returnFlowsThrough/8#6813df03/8@94be733k.
[2026-10-07 23:45:24] (0s) Inferred that project#kernelflow::Flow::Flow::Stage4::returnFlowsThrough/8#6813df03#4/3@387db0b2 is empty, due to kernelflow::Flow::Flow::Stage4::returnFlowsThrough/8#6813df03/8@94be733k.
[2026-10-07 23:45:24] (0s) Inferred that kernelflow::Flow::Flow::Stage4::returnFlowsThrough/8#6813df03_13570#join_rhs/5@47e24cbl is empty, due to kernelflow::Flow::Flow::Stage4::returnFlowsThrough/8#6813df03/8@94be733k.
[2026-10-07 23:45:24] (0s) Inferred that kernelflow::Flow::Flow::Stage4::returnFlowsThrough0/5#82e54a9f_40123#join_rhs/5@246344js is empty, due to kernelflow::Flow::Flow::Stage4::returnFlowsThrough0/5#82e54a9f/5@a9622e3u.
[2026-10-07 23:45:24] (0s) Inferred that kernelflow::Flow::Flow::Stage4::FwdTypeFlowInput::dataFlowTakenCallEdgeOut/2#89792de5/2@af5035no is empty, due to kernelflow::Flow::Flow::Stage4::FwdTypeFlowInput::dataFlowTakenCallEdgeOut0/7#1c3583c5/7@d8a979mu.
[2026-10-07 23:45:24] (0s) Inferred that kernelflow::Flow::Flow::Stage4::FwdTypeFlowInput::fwdFlow1Param/5#c993b991/5@70604763 is empty, due to project#kernelflow::Flow::Flow::Stage4::fwdFlow1/7#1bee5c4c#2/4@debeaa6r.
[2026-10-07 23:45:24] (0s) Inferred that kernelflow::Flow::Flow::Stage4::RevTypeFlow::typeFlowValidEdgeIn/3#49d30115/3@3806feio is empty, due to project#kernelflow::Flow::Flow::Stage4::flowOutOfCallAp/7#30849d36/2@8bb3b2ie.
[2026-10-07 23:45:24] (0s) Inferred that kernelflow::Flow::Flow::Stage4::RevTypeFlow::typeFlowValidEdgeOut/2#77c5d141/2@0e7371q3 is empty, due to kernelflow::Flow::Flow::Stage4::flowIntoCallAp/5#727f3fa0/5@ade912p4.
[2026-10-07 23:45:24] (0s) Inferred that kernelflow::Flow::Flow::Stage4::callEdgeArgParam/5#2b455328/5@185e72sp is empty, due to kernelflow::Flow::Flow::Stage4::flowIntoCallAp/5#727f3fa0/5@ade912p4.
[2026-10-07 23:45:24] (0s) Inferred that kernelflow::Flow::Flow::Stage4::revFlow/4#095c4d5a#reorder_3_0_1_2_2130#join_rhs/4@3d705202 is empty, due to kernelflow::Flow::Flow::Stage4::revFlow/4#095c4d5a#reorder_3_0_1_2/4@c23271wl.
[2026-10-07 23:45:24] (0s) Inferred that kernelflow::Flow::Flow::Stage4::revFlow/1#18f763a6/1@b81a242n is empty, due to kernelflow::Flow::Flow::Stage4::revFlow/4#095c4d5a#reorder_3_0_1_2/4@c23271wl.
[2026-10-07 23:45:24] (0s) Inferred that kernelflow::Flow::Flow::Stage4::callMayFlowThroughRev/1#6481b9c9/1@842e64tp is empty, due to kernelflow::Flow::Flow::Stage4::revFlow/4#095c4d5a#reorder_3_0_1_2/4@c23271wl.
[2026-10-07 23:45:24] (0s) Inferred that project#kernelflow::Flow::Flow::Stage4::revFlow/4#095c4d5a/2@ad24595t is empty, due to kernelflow::Flow::Flow::Stage4::revFlow/4#095c4d5a#reorder_3_0_1_2/4@c23271wl.
[2026-10-07 23:45:24] (0s) Inferred that project#kernelflow::Flow::Flow::Stage4::revFlow/4#095c4d5a#2/1@b151f1lu is empty, due to kernelflow::Flow::Flow::Stage4::revFlow/4#095c4d5a#reorder_3_0_1_2/4@c23271wl.
[2026-10-07 23:45:24] (0s) Inferred that project#kernelflow::Flow::Flow::Stage4::revFlow/4#095c4d5a#3/3@089496fv is empty, due to kernelflow::Flow::Flow::Stage4::revFlow/4#095c4d5a#reorder_3_0_1_2/4@c23271wl.
[2026-10-07 23:45:24] (0s) Inferred that kernelflow::Flow::Flow::evalUnfold/2#bb298359#fb/2@24467xsn is empty, due to kernelflow::Flow::Flow::Stage4::revFlow/4#095c4d5a#reorder_3_0_1_2/4@c23271wl.
[2026-10-07 23:45:24] (0s) Inferred that kernelflow::Flow::Flow::Stage4::flowThroughIntoCall/4#57e557a3_0231#join_rhs/4@1732376m is empty, due to kernelflow::Flow::Flow::Stage4::flowThroughIntoCall/4#57e557a3/4@f017c7un.
[2026-10-07 23:45:24] (0s) Inferred that kernelflow::Flow::Flow::Stage4::revFlowIsReturned/5#c02df2c6#reorder_3_4_0_1_2/5@c2327wul is empty, due to project#kernelflow::Flow::Flow::Stage4::fwdFlow/6#205a5a58#3_201#join_rhs/3@25db23ht.
[2026-10-07 23:45:24] (0s) Inferred that kernelflow::Flow::Flow::Stage4::revFlowThrough/5#d8b16edc/5@c2327xul is empty, due to project#kernelflow::Flow::Flow::Stage4::fwdFlow/6#205a5a58#3_201#join_rhs/3@25db23ht.
[2026-10-07 23:45:24] (0s) Inferred that kernelflow::Flow::Flow::Stage4::revFlow0/4#48bd1d81/4@c2327yul is empty, due to project#kernelflow::Flow::Flow::Stage4::fwdFlow/6#205a5a58#3_201#join_rhs/3@25db23ht.
[2026-10-07 23:45:24] (0s) Inferred that kernelflow::Flow::Flow::Stage4::revFlowIn/4#451b1a0f/4@c23270wl is empty, due to project#kernelflow::Flow::Flow::Stage4::fwdFlow/6#205a5a58#3_201#join_rhs/3@25db23ht.
[2026-10-07 23:45:24] (0s) Inferred that kernelflow::Flow::Flow::Stage4::revFlowOut/7#f10d271c/7@c23273wl is empty, due to project#kernelflow::Flow::Flow::Stage4::fwdFlow/6#205a5a58#3_201#join_rhs/3@25db23ht.
[2026-10-07 23:45:24] (0s) Inferred that kernelflow::Flow::Flow::Stage4::flowIntoCallTaken/5#59ed3313/5@5eba22lk is empty, due to kernelflow::Flow::Flow::Stage4::FwdTypeFlowInput::dataFlowTakenCallEdgeIn/3#bb47432e/3@5606dadb.
[2026-10-07 23:45:24] (0s) Inferred that kernelflow::Flow::Flow::Stage4::parameterMayFlowThroughAp/2#32e02617/2@a78ec5s1 is empty, due to project#kernelflow::Flow::Flow::Stage4::returnFlowsThrough/8#6813df03#4/3@387db0b2.
[2026-10-07 23:45:24] (0s) Inferred that kernelflow::Flow::Flow::Stage4::returnMayFlowThrough/2#bb9ff57b/2@6c8d1370 is empty, due to kernelflow::Flow::Flow::Stage4::returnFlowsThrough/8#6813df03_13570#join_rhs/5@47e24cbl.
[2026-10-07 23:45:24] (0s) Inferred that kernelflow::Flow::Flow::Stage4::flowOutOfCallApValid/6#a2f61dfc/6@713719g6 is empty, due to kernelflow::Flow::Flow::Stage4::RevTypeFlow::typeFlowValidEdgeIn/3#49d30115/3@3806feio.
[2026-10-07 23:45:24] (0s) Inferred that kernelflow::Flow::Flow::Stage4::flowIntoCallApValid/5#e455638b/5@9d9ba0ht is empty, due to kernelflow::Flow::Flow::Stage4::RevTypeFlow::typeFlowValidEdgeOut/2#77c5d141/2@0e7371q3.
[2026-10-07 23:45:24] (0s) Inferred that _kernelflow::Flow::Flow::Stage4::callEdgeArgParam/5#2b455328_kernelflow::Flow::Flow::Stage4::callMay__#antijoin_rhs/5@f6cb731j is empty, due to kernelflow::Flow::Flow::Stage4::callEdgeArgParam/5#2b455328/5@185e72sp.
[2026-10-07 23:45:24] (0s) Inferred that kernelflow::Flow::Flow::Stage5::FwdFlowInNoThrough::callEdgeArgParamRestricted/5#bbb3c644/5@37121edb is empty, due to kernelflow::Flow::Flow::Stage4::callEdgeArgParam/5#2b455328/5@185e72sp.
[2026-10-07 23:45:24] (0s) Inferred that kernelflow::Flow::Flow::Stage5::FwdFlowInThrough::callEdgeArgParamRestricted/5#b8b25268/5@926b5eog is empty, due to kernelflow::Flow::Flow::Stage4::callMayFlowThroughRev/1#6481b9c9/1@842e64tp.
[2026-10-07 23:45:24] (0s) Inferred that project#kernelflow::Flow::Flow::Stage4::callEdgeArgParam/5#2b455328/2@82ab7e0d is empty, due to kernelflow::Flow::Flow::Stage4::callEdgeArgParam/5#2b455328/5@185e72sp.
[2026-10-07 23:45:24] (0s) Inferred that project#kernelflow::Flow::Flow::Stage4::callEdgeArgParam/5#2b455328#2/2@4a0fc5vm is empty, due to kernelflow::Flow::Flow::Stage4::callEdgeArgParam/5#2b455328/5@185e72sp.
[2026-10-07 23:45:24] (0s) Inferred that kernelflow::Flow::Flow::Stage4::parameterFlowsThroughRev/4#e0cffbac/4@b734f10l is empty, due to kernelflow::Flow::Flow::Stage4::revFlow/4#095c4d5a#reorder_3_0_1_2_2130#join_rhs/4@3d705202.
[2026-10-07 23:45:24] (0s) Inferred that kernelflow::Flow::Flow::Stage5::getNodeTyp/1#f8a13124/2@3a35a5j1 is empty, due to kernelflow::Flow::Flow::Stage4::revFlow/1#18f763a6/1@b81a242n.
[2026-10-07 23:45:24] (0s) Inferred that kernelflow::Flow::Flow::Stage5::flowThroughOutOfCall/4#e04a40d2/4@94be2bu0 is empty, due to kernelflow::Flow::Flow::Stage4::callMayFlowThroughRev/1#6481b9c9/1@842e64tp.
[2026-10-07 23:45:24] (0s) Inferred that kernelflow::Flow::Flow::Stage4::callEdgeReturn/6#529d9f1b/6@a3ef8aci is empty, due to project#kernelflow::Flow::Flow::Stage4::revFlow/4#095c4d5a/2@ad24595t.
[2026-10-07 23:45:24] (0s) Inferred that project#kernelflow::Flow::Flow::Stage4::revFlow/4#095c4d5a_10#join_rhs/2@4e2937cd is empty, due to project#kernelflow::Flow::Flow::Stage4::revFlow/4#095c4d5a/2@ad24595t.
[2026-10-07 23:45:24] (0s) Inferred that kernelflow::Flow::Flow::Stage4::LocalFlowBigStep<Stage3Param::localFlowBigStep>::localFlowEntry/2#d3f92c0b/2@982d6eqf is empty, due to project#kernelflow::Flow::Flow::Stage4::revFlow/4#095c4d5a/2@ad24595t.
[2026-10-07 23:45:24] (0s) Inferred that kernelflow::Flow::Flow::Stage4::LocalFlowBigStep<Stage3Param::localFlowBigStep>::localFlowExit/2#55cdbee6/2@c3d42aj7 is empty, due to project#kernelflow::Flow::Flow::Stage4::revFlow/4#095c4d5a/2@ad24595t.
[2026-10-07 23:45:24] (0s) Inferred that kernelflow::Flow::Flow::Stage5::fwdFlow1/7#83d83eef/7@fbd5ezch is empty, due to kernelflow::Flow::Flow::Stage5::getNodeTyp/1#f8a13124/2@3a35a5j1.
[2026-10-07 23:45:24] (0s) Inferred that kernelflow::Flow::Flow::Stage5::fwdFlowIntoRet/6#4520cd35/6@fbd5e6wh is empty, due to kernelflow::Flow::Flow::Stage5::getNodeTyp/1#f8a13124/2@3a35a5j1.
[2026-10-07 23:45:24] (0s) Inferred that kernelflow::Flow::Flow::Stage5::fwdFlow/6#a0f141e8#reorder_2_0_1_3_4_5/6@fbd5e7wh is empty, due to kernelflow::Flow::Flow::Stage5::getNodeTyp/1#f8a13124/2@3a35a5j1.
[2026-10-07 23:45:24] (0s) Inferred that kernelflow::Flow::Flow::Stage5::fwdFlowIntoArg/8#ae9952d5#reorder_2_0_1_3_4_5_6_7/8@fbd5ejwh is empty, due to kernelflow::Flow::Flow::Stage5::getNodeTyp/1#f8a13124/2@3a35a5j1.
[2026-10-07 23:45:24] (0s) Inferred that kernelflow::Flow::Flow::Stage5::fwdFlowIntoArg/8#ae9952d5#reorder_0_1_5_7_2_3_4_6/8@fbd5ekwh is empty, due to kernelflow::Flow::Flow::Stage5::getNodeTyp/1#f8a13124/2@3a35a5j1.
[2026-10-07 23:45:24] (0s) Inferred that kernelflow::Flow::Flow::Stage5::fwdFlowJump/4#4e15100c/4@fbd5eswh is empty, due to kernelflow::Flow::Flow::Stage5::getNodeTyp/1#f8a13124/2@3a35a5j1.
[2026-10-07 23:45:24] (0s) Inferred that kernelflow::Flow::Flow::Stage4::validAp/1#deb45053/1@f83e8xvq is empty, due to project#kernelflow::Flow::Flow::Stage4::revFlow/4#095c4d5a#2/1@b151f1lu.
[2026-10-07 23:45:24] (0s) Inferred that project#kernelflow::Flow::Flow::Stage4::revFlow/4#095c4d5a#3_021#join_rhs/3@1616557b is empty, due to project#kernelflow::Flow::Flow::Stage4::revFlow/4#095c4d5a#3/3@089496fv.
[2026-10-07 23:45:24] (0s) Inferred that kernelflow::Flow::Flow::Stage4::revFlowThroughArg/5#e600d77d/5@b75dece5 is empty, due to kernelflow::Flow::Flow::Stage4::flowThroughIntoCall/4#57e557a3_0231#join_rhs/4@1732376m.
[2026-10-07 23:45:24] (0s) Inferred that kernelflow::Flow::Flow::Stage4::revFlowThrough/5#d8b16edc_02413#join_rhs/5@82e32394 is empty, due to kernelflow::Flow::Flow::Stage4::revFlowThrough/5#d8b16edc/5@c2327xul.
[2026-10-07 23:45:24] (0s) Inferred that kernelflow::Flow::Flow::Stage4::RevTypeFlowInput::dataFlowTakenCallEdgeOut/2#146b71c4/2@c173e05p is empty, due to kernelflow::Flow::Flow::Stage4::revFlowIn/4#451b1a0f/4@c23270wl.
[2026-10-07 23:45:24] (0s) Inferred that project#kernelflow::Flow::Flow::Stage4::revFlowOut/7#f10d271c/3@f4fa9dh9 is empty, due to kernelflow::Flow::Flow::Stage4::revFlowOut/7#f10d271c/7@c23273wl.
[2026-10-07 23:45:24] (0s) Inferred that project#kernelflow::Flow::Flow::Stage4::flowIntoCallTaken/5#59ed3313/4@786665gd is empty, due to kernelflow::Flow::Flow::Stage4::flowIntoCallTaken/5#59ed3313/5@5eba22lk.
[2026-10-07 23:45:24] (0s) Inferred that kernelflow::Flow::Flow::Stage4::parameterMayFlowThrough/2#8ebd06b4/2@58a9e7sa is empty, due to kernelflow::Flow::Flow::Stage4::parameterMayFlowThroughAp/2#32e02617/2@a78ec5s1.
[2026-10-07 23:45:24] (0s) Inferred that kernelflow::Flow::Flow::Stage5::fwdFlowThrough/7#d79c6188/7@fbd5e0wh is empty, due to kernelflow::Flow::Flow::Stage5::getNodeTyp/1#f8a13124/2@3a35a5j1.
[2026-10-07 23:45:24] (0s) Inferred that kernelflow::Flow::Flow::Stage5::fwdFlowRetFromArg/6#e7417183#reorder_1_2_0_3_4_5/6@fbd5e3wh is empty, due to kernelflow::Flow::Flow::Stage5::getNodeTyp/1#f8a13124/2@3a35a5j1.
[2026-10-07 23:45:24] (0s) Inferred that kernelflow::Flow::Flow::Stage4::flowOutOfCallApValid/6#a2f61dfc_340125#join_rhs/6@45f5003g is empty, due to kernelflow::Flow::Flow::Stage4::flowOutOfCallApValid/6#a2f61dfc/6@713719g6.
[2026-10-07 23:45:24] (0s) Inferred that kernelflow::Flow::Flow::Stage4::flowIntoCallApValid/5#e455638b_34012#join_rhs/5@7820e2be is empty, due to kernelflow::Flow::Flow::Stage4::flowIntoCallApValid/5#e455638b/5@9d9ba0ht.
[2026-10-07 23:45:24] (0s) Inferred that project#kernelflow::Flow::Flow::Stage5::FwdFlowInNoThrough::callEdgeArgParamRestricted/5#bbb3c644/2@04fd04ui is empty, due to kernelflow::Flow::Flow::Stage5::FwdFlowInNoThrough::callEdgeArgParamRestricted/5#bbb3c644/5@37121edb.
[2026-10-07 23:45:24] (0s) Inferred that project#kernelflow::Flow::Flow::Stage5::FwdFlowInNoThrough::callEdgeArgParamRestricted/5#bbb3c644#2/2@b400benl is empty, due to kernelflow::Flow::Flow::Stage5::FwdFlowInNoThrough::callEdgeArgParamRestricted/5#bbb3c644/5@37121edb.
[2026-10-07 23:45:24] (0s) Inferred that kernelflow::Flow::Flow::Stage5::FwdFlowInNoThrough::callEdgeArgParamRestricted/5#bbb3c644_01243#join_rhs/5@f764d4bb is empty, due to kernelflow::Flow::Flow::Stage5::FwdFlowInNoThrough::callEdgeArgParamRestricted/5#bbb3c644/5@37121edb.
[2026-10-07 23:45:24] (0s) Inferred that kernelflow::Flow::Flow::Stage5::FwdFlowInNoThrough::callEdgeArgParamRestricted/5#bbb3c644_02413#join_rhs/5@f83c74r6 is empty, due to kernelflow::Flow::Flow::Stage5::FwdFlowInNoThrough::callEdgeArgParamRestricted/5#bbb3c644/5@37121edb.
[2026-10-07 23:45:24] (0s) Inferred that project#kernelflow::Flow::Flow::Stage5::FwdFlowInThrough::callEdgeArgParamRestricted/5#b8b25268/2@34b9bauh is empty, due to kernelflow::Flow::Flow::Stage5::FwdFlowInThrough::callEdgeArgParamRestricted/5#b8b25268/5@926b5eog.
[2026-10-07 23:45:24] (0s) Inferred that project#kernelflow::Flow::Flow::Stage5::FwdFlowInThrough::callEdgeArgParamRestricted/5#b8b25268#2/2@536000n0 is empty, due to kernelflow::Flow::Flow::Stage5::FwdFlowInThrough::callEdgeArgParamRestricted/5#b8b25268/5@926b5eog.
[2026-10-07 23:45:24] (0s) Inferred that kernelflow::Flow::Flow::S6Graph::TPathNodeSink#dom#de3d02be/1@72ad8c5k is empty, due to kernelflow::Flow::Flow::S6Graph::PathNodeMid.toNormalSinkNode/0#a72c65e0/2@49826ajl.
[2026-10-07 23:45:24] (0s) Inferred that kernelflow::Flow::Flow::S6Graph::PathNodeMid.isSourceWithLabel/1#dispred#2f2f3a79/2@621f71nu is empty, due to num#kernelflow::Flow::Flow::S6Graph::TPathNodeMid#c04bda65_60#join_rhs/2@24376dej.
[2026-10-07 23:45:24] (0s) Inferred that kernelflow::Flow::Flow::S6Graph::PathNodeMid.projectToSink/1#dispred#205fe8b9#cpe#13/2@74d9b7c9 is empty, due to num#kernelflow::Flow::Flow::S6Graph::TPathNodeMid#c04bda65_60#join_rhs/2@24376dej.
[2026-10-07 23:45:24] (0s) Inferred that kernelflow::Flow::Flow::S6Graph::nonLocalStep/8#afdaa0cc_12345607#join_rhs/8@4084cbj7 is empty, due to kernelflow::Flow::Flow::S6Graph::nonLocalStep/8#afdaa0cc/8@e271067c.
[2026-10-07 23:45:24] (0s) Inferred that kernelflow::Flow::Flow::S6Graph::PathNodeImpl.isHidden/0#dispred#7efd2ff1/1@26eca3vd is empty, due to kernelflow::Flow::Flow::S6Graph::PathNodeImpl.getNodeEx/0#dispred#58cd74a4/2@70e23aj4.
[2026-10-07 23:45:24] (0s) Inferred that kernelflow::Flow::Flow::S6::PathNode.getNode/0#dispred#a9093b1b/2@4178c13g is empty, due to kernelflow::Flow::Flow::S6Graph::PathNodeImpl.getNodeEx/0#dispred#58cd74a4/2@70e23aj4.
[2026-10-07 23:45:24] (0s) Inferred that _kernelflow::Flow::Flow::S6::PathNode#7b61510f_kernelflow::Flow::Flow::S6Graph::PathNodeImpl.isSourc__#shared/1@de934f39 is empty, due to kernelflow::Flow::Flow::S6Graph::PathNodeImpl.isSource/0#dispred#cf825f41/1@68e8cct9.
[2026-10-07 23:45:24] (0s) Inferred that project#kernelflow::Flow::Flow::S6Graph::PathNodeImpl.getASuccessorImpl/1#dispred#3699e7f8/2@23c29f9l is empty, due to kernelflow::Flow::Flow::S6Graph::PathNodeImpl.getASuccessorImpl/1#dispred#3699e7f8/3@be90cdfo.
[2026-10-07 23:45:24] (0s) Inferred that kernelflow::Flow::Flow::S6Graph::PathNodeImpl.getASuccessorIfHidden/1#dispred#6c5734da/3@84f13066 is empty, due to kernelflow::Flow::Flow::S6Graph::PathNodeImpl.getASuccessorImpl/1#dispred#3699e7f8/3@be90cdfo.
[2026-10-07 23:45:24] (0s) Inferred that kernelflow::Flow::Flow::S6Graph::PathNodeImpl.getASuccessorFromNonHidden/1#2a82b6b4/3@47c14w86 is empty, due to kernelflow::Flow::Flow::S6Graph::PathNodeImpl.getASuccessorImpl/1#dispred#3699e7f8/3@be90cdfo.
[2026-10-07 23:45:24] (0s) Inferred that num#kernelflow::Flow::Flow::S6Graph::TPathNodeSink#0acbd046/2@19559605 is empty, due to kernelflow::Flow::Flow::S6Graph::TPathNodeSink#dom#de3d02be/1@72ad8c5k.
[2026-10-07 23:45:24] (0s) Inferred that kernelflow::Flow::Flow::S6Graph::PathNodeMid.isSourceWithLabel/1#dispred#2f2f3a79_0#antijoin_rhs/1@c7daddh1 is empty, due to kernelflow::Flow::Flow::S6Graph::PathNodeMid.isSourceWithLabel/1#dispred#2f2f3a79/2@621f71nu.
[2026-10-07 23:45:24] (0s) Inferred that kernelflow::Flow::Flow::flow/2#35f1cdb7/2@7eab6484 is empty, due to kernelflow::Flow::Flow::S6::PathNode.getNode/0#dispred#a9093b1b/2@4178c13g.
[2026-10-07 23:45:24] (0s) Inferred that __kernelflow::Flow::Flow::S6::PathNode#7b61510f_kernelflow::Flow::Flow::S6Graph::PathNodeImpl.isSour__#higher_order_body/1@61e715c7 is empty, due to _kernelflow::Flow::Flow::S6::PathNode#7b61510f_kernelflow::Flow::Flow::S6Graph::PathNodeImpl.isSourc__#shared/1@de934f39.
[2026-10-07 23:45:24] (0s) Inferred that kernelflow::Flow::Flow::S6::flowPath/2#72ee7f57/2@4c6588at is empty, due to _kernelflow::Flow::Flow::S6::PathNode#7b61510f_kernelflow::Flow::Flow::S6Graph::PathNodeImpl.isSourc__#shared/1@de934f39.
[2026-10-07 23:45:24] (0s) Inferred that project#kernelflow::Flow::Flow::S6Graph::PathNodeImpl.getASuccessorImpl/1#dispred#3699e7f8_10#join_rhs/2@7c8e94po is empty, due to project#kernelflow::Flow::Flow::S6Graph::PathNodeImpl.getASuccessorImpl/1#dispred#3699e7f8/2@23c29f9l.
[2026-10-07 23:45:24] (0s) Inferred that kernelflow::Flow::Flow::S6Graph::PathNodeImpl.getANonHiddenSuccessor/1#dispred#e7141098/3@8dfdfauu is empty, due to kernelflow::Flow::Flow::S6Graph::PathNodeImpl.getASuccessorFromNonHidden/1#2a82b6b4/3@47c14w86.
[2026-10-07 23:45:24] (0s) Inferred that kernelflow::Flow::Flow::S6::tcSink/1#83bf21fb/1@e4c15bk7 is empty, due to num#kernelflow::Flow::Flow::S6Graph::TPathNodeSink#0acbd046/2@19559605.
[2026-10-07 23:45:24] (0s) Inferred that kernelflow::Flow::Flow::flow/2#35f1cdb7_10#join_rhs/2@3a2bc8fn is empty, due to kernelflow::Flow::Flow::flow/2#35f1cdb7/2@7eab6484.
[2026-10-07 23:45:24] (0s) Inferred that doublyBoundedFastTC:kernelflow::Flow::Flow::S6::pathSucc/2#c31ccb1b:__kernelflow::Flow::Flow::S6::PathNode#7b61510f_kernelflow::Flow::Flow::S6Graph::PathNodeImpl.isSour__#higher_order_body:kernelflow::Flow::Flow::S6::tcSink/1#83bf21fb/2@f2d31avp is empty, due to __kernelflow::Flow::Flow::S6::PathNode#7b61510f_kernelflow::Flow::Flow::S6Graph::PathNodeImpl.isSour__#higher_order_body/1@61e715c7.
[2026-10-07 23:45:24] (0s) Inferred that project#kernelflow::Flow::Flow::S6Graph::PathNodeImpl.getANonHiddenSuccessor/1#dispred#e7141098/2@9b0fean9 is empty, due to kernelflow::Flow::Flow::S6Graph::PathNodeImpl.getANonHiddenSuccessor/1#dispred#e7141098/3@8dfdfauu.
[2026-10-07 23:45:24] (0s) Inferred that #select#query/5@7669a6g4 is empty, due to kernelflow::Flow::Flow::flow/2#35f1cdb7_10#join_rhs/2@3a2bc8fn.
[2026-10-07 23:45:24] (0s) Inferred that project#kernelflow::Flow::Flow::S6Graph::PathNodeImpl.getANonHiddenSuccessor/1#dispred#e7141098_10#join_rhs/2@44336590 is empty, due to project#kernelflow::Flow::Flow::S6Graph::PathNodeImpl.getANonHiddenSuccessor/1#dispred#e7141098/2@9b0fean9.
[2026-10-07 23:45:24] (0s) Inferred that kernelflow::Flow::Flow::S6::pathSucc/2#c31ccb1b/2@9a92e2g8 is empty, due to project#kernelflow::Flow::Flow::S6Graph::PathNodeImpl.getANonHiddenSuccessor/1#dispred#e7141098_10#join_rhs/2@44336590.
[2026-10-07 23:45:24] (0s) Query done
[2026-10-07 23:45:24] (0s) Sequence stamp origin is -5859840681021735946
[2026-10-07 23:45:24] (0s) Pausing evaluation to sync to disk at sequence stamp o+0
[2026-10-07 23:45:24] (0s) Unpausing evaluation
[2026-10-07 23:45:24] Evaluation of /Users/dave/.codex/worktrees/844d/dataflowbench/execution-state/v090-resume-20261007-05/execution/matrix/adapters/codeql/swift-normal-v1/queries/standard/kernel-flow.ql produced BQRS results.
[2026-10-07 23:45:24] [PROGRESS] execute queries> [1/1 eval 514ms] Evaluation done; writing results to /Users/dave/.codex/worktrees/844d/dataflowbench/execution-state/v090-resume-20261007-05/execution/matrix/reports/raw/swift-common-v2/current108-v090-01/dfb-taint-swift-call-context-negative/flow.bqrs.
[2026-10-07 23:45:24] [PROGRESS] execute queries> Shutting down query evaluator.
[2026-10-07 23:45:24] Pausing evaluation to close the cache at sequence stamp o+1
[2026-10-07 23:45:24] Doing closing disk-cache trim now.
[2026-10-07 23:45:24] After trimming, disk cache uses 2.69MiB.
[2026-10-07 23:45:24] Unpausing evaluation
[2026-10-07 23:45:24] Exiting with code 0
